company_name,cik,source_record_id,address_street,address_city,address_state,address_zip,address_country,source_name,website_url,contact_name,contact_email,phone,notes,company_status,stage,one_liner
(809) US Air Force - Hill AFB Chemical Science Laboratory,,TNI01949,,Hill AFB,Utah,,,env_labs,,,,,,,,
3B Analytical,,TNI02455,,Portland,Oregon,,,env_labs,,,,,,,,
"A & B Environmental Services, Inc.",,TNI00025,,Houston,Texas,,,env_labs,,,,,,,,
"A & B Environmental Services, Inc. Golden Triangle",,TNI02808,,Nederland,Texas,,,env_labs,,,,,,,,
"A & B Environmental Services, Inc. Golden Triangle",,TNI02810,,Nederland,Texas,,,env_labs,,,,,,,,
"A & B Environmental Services, Inc. Golden Triangle",,TNI02812,,Nederland,Texas,,,env_labs,,,,,,,,
"A & B Environmental Services, Inc. Golden Triangle",,TNI02819,,Nederland,Texas,,,env_labs,,,,,,,,
"A & B Environmental Services, Inc. Golden Triangle",,TNI02823,,Nederland,Texas,,,env_labs,,,,,,,,
"A & B Environmental Services, Inc. Golden Triangle",,TNI02869,,Nederland,Texas,,,env_labs,,,,,,,,
A & P WATER TESTING,,TNI01692,,MORRISVILLE,New York,,,env_labs,,,,,,,,
"A.W. Research Laboratories, Inc.",,TNI01083,,Brainerd,Minnesota,,,env_labs,,,,,,,,
"AbbVie Environmental, Health and Safety Laboratory",,TNI02017,,Abbot Park,Illinois,,,env_labs,,,,,,,,
Abilene - Taylor County Public Health District,,TNI00110,,Abilene,Texas,,,env_labs,,,,,,,,
AC Analytical & Consulting LLC,,TNI01127,,Puposky,Minnesota,,,env_labs,,,,,,,,
"ACCU LABS, LLC",,TNI02461,,Independence,Oregon,,,env_labs,,,,,,,,
"ACCURATE ANALYTICAL TESTING, LLC",,TNI02515,,ROMULUS,Michigan,,,env_labs,,,,,,,,
Accurate Environmental Labs - OKC,,TNI02407,,Stillwater,Oklahoma,,,env_labs,,,,,,,,
Accurate Environmental Labs - Stillwater,,TNI01938,,Stillwater,Oklahoma,,,env_labs,,,,,,,,
Accurate Environmental Labs - Tulsa,,TNI02539,,Stillwater,Oklahoma,,,env_labs,,,,,,,,
ACCUSTAR LABS,,TNI02980,,HARRISBURG,Pennsylvania,,,env_labs,,,,,,,,
ACCUSTAR LABS,,TNI01776,,WARD HILL,Massachusetts,,,env_labs,,,,,,,,
"Ackuritlabs, Inc.",,TNI00248,,Tallahassee,Florida,,,env_labs,,,,,,,,
"ACZ Laboratories, Inc.",,TNI01951,,Steamboat Springs,Colorado,,,env_labs,,,,,,,,
ADIRONDACK ENVIRONMENTAL SERVICES INC,,TNI01595,,ALBANY,New York,,,env_labs,,,,,,,,
"Advanced Analysis, Inc.",,TNI00175,,Lubbock,Texas,,,env_labs,,,,,,,,
"Advanced Analytical Laboratories, LLC",,TNI00143,,Whitehouse,Texas,,,env_labs,,,,,,,,
ADVANCED ANALYTICAL TECHNOLOGIES,,TNI01758,,PEARL RIVER,New York,,,env_labs,,,,,,,,
"Advanced Environmental Laboratories, Inc.",,TNI00252,,Jacksonville,Florida,,,env_labs,,,,,,,,
"Advanced Environmental Laboratories, Inc. - Fort Myers",,TNI00552,,Fort Myers,Florida,,,env_labs,,,,,,,,
"Advanced Environmental Laboratories, Inc. - Gainesville",,TNI00253,,Gainesville,Florida,,,env_labs,,,,,,,,
"Advanced Environmental Laboratories, Inc. - Lake Placid",,TNI02827,,Lake Placid,Florida,,,env_labs,,,,,,,,
"Advanced Environmental Laboratories, Inc. - Lake Placid",,TNI02829,,Lake Placid,Florida,,,env_labs,,,,,,,,
"Advanced Environmental Laboratories, Inc. - Lake Placid",,TNI02831,,Lake Placid,Florida,,,env_labs,,,,,,,,
"Advanced Environmental Laboratories, Inc. - Lake Placid",,TNI02834,,Lake Placid,Florida,,,env_labs,,,,,,,,
"Advanced Environmental Laboratories, Inc. - Lake Placid",,TNI02838,,Lake Placid,Florida,,,env_labs,,,,,,,,
"Advanced Environmental Laboratories, Inc. - Lake Placid",,TNI02842,,Lake Placid,Florida,,,env_labs,,,,,,,,
"Advanced Environmental Laboratories, Inc. - Lake Placid",,TNI02846,,Lake Placid,Florida,,,env_labs,,,,,,,,
"Advanced Environmental Laboratories, Inc. - Lake Placid",,TNI02849,,Lake Placid,Florida,,,env_labs,,,,,,,,
"Advanced Environmental Laboratories, Inc. - Lake Placid",,TNI02853,,Lake Placid,Florida,,,env_labs,,,,,,,,
"Advanced Environmental Laboratories, Inc. - Lake Placid",,TNI02856,,Lake Placid,Florida,,,env_labs,,,,,,,,
"Advanced Environmental Laboratories, Inc. - Lake Placid",,TNI02859,,Lake Placid,Florida,,,env_labs,,,,,,,,
"Advanced Environmental Laboratories, Inc. - Lake Placid",,TNI02863,,Lake Placid,Florida,,,env_labs,,,,,,,,
"Advanced Environmental Laboratories, Inc. - Lake Placid",,TNI02867,,Lake Placid,Florida,,,env_labs,,,,,,,,
"Advanced Environmental Laboratories, Inc. - Lake Placid",,TNI02873,,Lake Placid,Florida,,,env_labs,,,,,,,,
"Advanced Environmental Laboratories, Inc. - Lake Placid",,TNI02878,,Lake Placid,Florida,,,env_labs,,,,,,,,
"Advanced Environmental Laboratories, Inc. - Lake Placid",,TNI02882,,Lake Placid,Florida,,,env_labs,,,,,,,,
"Advanced Environmental Laboratories, Inc. - Lake Placid",,TNI02885,,Lake Placid,Florida,,,env_labs,,,,,,,,
"Advanced Environmental Laboratories, Inc. - Lake Placid",,TNI02893,,Lake Placid,Florida,,,env_labs,,,,,,,,
"Advanced Environmental Laboratories, Inc. - Lake Placid",,TNI02898,,Lake Placid,Florida,,,env_labs,,,,,,,,
"Advanced Environmental Laboratories, Inc. - Lake Placid",,TNI02904,,Lake Placid,Florida,,,env_labs,,,,,,,,
"Advanced Environmental Laboratories, Inc. - Lake Placid",,TNI02908,,Lake Placid,Florida,,,env_labs,,,,,,,,
"Advanced Environmental Laboratories, Inc. - Lake Placid",,TNI02912,,Lake Placid,Florida,,,env_labs,,,,,,,,
"Advanced Environmental Laboratories, Inc. - Lake Placid",,TNI02916,,Lake Placid,Florida,,,env_labs,,,,,,,,
"Advanced Environmental Laboratories, Inc. - Lake Placid",,TNI02921,,Lake Placid,Florida,,,env_labs,,,,,,,,
"Advanced Environmental Laboratories, Inc. - Lake Placid",,TNI02927,,Lake Placid,Florida,,,env_labs,,,,,,,,
"Advanced Environmental Laboratories, Inc. - Lake Placid",,TNI02933,,Lake Placid,Florida,,,env_labs,,,,,,,,
"Advanced Environmental Laboratories, Inc. - Lake Placid",,TNI02938,,Lake Placid,Florida,,,env_labs,,,,,,,,
"Advanced Environmental Laboratories, Inc. - Lake Placid",,TNI02944,,Lake Placid,Florida,,,env_labs,,,,,,,,
"Advanced Environmental Laboratories, Inc. - Lake Placid",,TNI02949,,Lake Placid,Florida,,,env_labs,,,,,,,,
"Advanced Environmental Laboratories, Inc. - Lake Placid",,TNI02955,,Lake Placid,Florida,,,env_labs,,,,,,,,
"Advanced Environmental Laboratories, Inc. - Lake Placid",,TNI02961,,Lake Placid,Florida,,,env_labs,,,,,,,,
"Advanced Environmental Laboratories, Inc. - Lake Placid",,TNI02964,,Lake Placid,Florida,,,env_labs,,,,,,,,
"Advanced Environmental Laboratories, Inc. - Lake Placid",,TNI02975,,Lake Placid,Florida,,,env_labs,,,,,,,,
"Advanced Environmental Laboratories, Inc. - Lake Placid",,TNI02985,,Lake Placid,Florida,,,env_labs,,,,,,,,
"Advanced Environmental Laboratories, Inc. - Lake Placid",,TNI02992,,Lake Placid,Florida,,,env_labs,,,,,,,,
"Advanced Environmental Laboratories, Inc. - Lake Placid",,TNI02999,,Lake Placid,Florida,,,env_labs,,,,,,,,
"Advanced Environmental Laboratories, Inc. - Lake Placid",,TNI03008,,Lake Placid,Florida,,,env_labs,,,,,,,,
"Advanced Environmental Laboratories, Inc. - Lake Placid",,TNI03018,,Lake Placid,Florida,,,env_labs,,,,,,,,
"Advanced Environmental Laboratories, Inc. - Lake Placid",,TNI03029,,Lake Placid,Florida,,,env_labs,,,,,,,,
"Advanced Environmental Laboratories, Inc. - Lake Placid",,TNI03037,,Lake Placid,Florida,,,env_labs,,,,,,,,
"Advanced Environmental Laboratories, Inc. - Lake Placid",,TNI03044,,Lake Placid,Florida,,,env_labs,,,,,,,,
"Advanced Environmental Laboratories, Inc. - Lake Placid",,TNI03051,,Lake Placid,Florida,,,env_labs,,,,,,,,
"Advanced Environmental Laboratories, Inc. - Lake Placid",,TNI03059,,Lake Placid,Florida,,,env_labs,,,,,,,,
"Advanced Environmental Laboratories, Inc. - Lake Placid",,TNI03069,,Lake Placid,Florida,,,env_labs,,,,,,,,
"Advanced Environmental Laboratories, Inc. - Lake Placid",,TNI03077,,Lake Placid,Florida,,,env_labs,,,,,,,,
"Advanced Environmental Laboratories, Inc. - Lake Placid",,TNI03089,,Lake Placid,Florida,,,env_labs,,,,,,,,
"Advanced Environmental Laboratories, Inc. - Lake Placid",,TNI03097,,Lake Placid,Florida,,,env_labs,,,,,,,,
"Advanced Environmental Laboratories, Inc. - Lake Placid",,TNI03106,,Lake Placid,Florida,,,env_labs,,,,,,,,
"Advanced Environmental Laboratories, Inc. - Lake Placid",,TNI03114,,Lake Placid,Florida,,,env_labs,,,,,,,,
"Advanced Environmental Laboratories, Inc. - Lake Placid",,TNI03122,,Lake Placid,Florida,,,env_labs,,,,,,,,
"Advanced Environmental Laboratories, Inc. - Miami",,TNI00254,,Miramar,Florida,,,env_labs,,,,,,,,
"Advanced Environmental Laboratories, Inc. - Orlando",,TNI00255,,Altamonte Springs,Florida,,,env_labs,,,,,,,,
"Advanced Environmental Laboratories, Inc. - Tallahassee",,TNI02195,,Tallahassee,Florida,,,env_labs,,,,,,,,
"Advanced Environmental Laboratories, Inc. - Tampa",,TNI00256,,Tampa,Florida,,,env_labs,,,,,,,,
Advanced Technology Laboratories,,TNI01202,,Signal Hill,California,,,env_labs,,,,,,,,
AG Environmental RSC LLC (DBA Sullivan County Labs),,TNI02607,,Ferndale,New York,,,env_labs,,,,,,,,
AG ENVIRONMENTAL RSC LLC DBA SULLIVAN COUNTY LABS,,TNI02520,,FERNDALE,New York,,,env_labs,,,,,,,,
AGAT LABORATORIES - CALGARY - 2420,,TNI03017,,Calgary,Alberta,,,env_labs,,,,,,,,
AGAT LABORATORIES - CALGARY - 2420,,TNI03028,,Calgary,Alberta,,,env_labs,,,,,,,,
AGAT LABORATORIES - CALGARY - 2420,,TNI03036,,Calgary,Alberta,,,env_labs,,,,,,,,
AGAT LABORATORIES - CALGARY - 2420,,TNI03043,,Calgary,Alberta,,,env_labs,,,,,,,,
AGAT LABORATORIES - CALGARY - 2420,,TNI03050,,Calgary,Alberta,,,env_labs,,,,,,,,
AGAT LABORATORIES - CALGARY - 2420,,TNI03058,,Calgary,Alberta,,,env_labs,,,,,,,,
AGAT LABORATORIES - CALGARY - 2420,,TNI03068,,Calgary,Alberta,,,env_labs,,,,,,,,
AGAT LABORATORIES - CALGARY - 2420,,TNI03076,,Calgary,Alberta,,,env_labs,,,,,,,,
AGAT LABORATORIES - CALGARY - 2420,,TNI03088,,Calgary,Alberta,,,env_labs,,,,,,,,
AGAT LABORATORIES - CALGARY - 2420,,TNI03096,,Calgary,Alberta,,,env_labs,,,,,,,,
AGAT LABORATORIES - CALGARY - 2420,,TNI03105,,Calgary,Alberta,,,env_labs,,,,,,,,
AGAT LABORATORIES - CALGARY - 2420,,TNI03113,,Calgary,Alberta,,,env_labs,,,,,,,,
AGAT LABORATORIES - CALGARY - 2420,,TNI03121,,Calgary,Alberta,,,env_labs,,,,,,,,
AGAT LABORATORIES INC,,TNI02519,,ST-LAURENT,Not Applicable,,,env_labs,,,,,,,,
AGQ USA,,TNI02648,,Oxnard,California,,,env_labs,,,,,,,,
AIR CHEK,,TNI01701,,MILLS RIVER,North Carolina,,,env_labs,,,,,,,,
"Air Hygiene International, Inc.",,TNI02280,,Broken Arrow,Oklahoma,,,env_labs,,,,,,,,
Air Technology Laboratories Inc,,TNI00258,,City of Industry,California,,,env_labs,,,,,,,,
AIRNOVA INC,,TNI01274,,PENNSAUKEN,New Jersey,,,env_labs,,,,,,,,
AKRON (V) SEWAGE PLANT,,TNI01589,,AKRON,New York,,,env_labs,,,,,,,,
Alabama Power Company General Testing Laboratory,,TNI02392,,Calera,Alabama,,,env_labs,,,,,,,,
"Alamo Analytical Laboratories, Ltd.",,TNI00144,,San Antonio,Texas,,,env_labs,,,,,,,,
"Alamo Analytical Laboratories, Ltd. - El Paso",,TNI02256,,El Paso,Texas,,,env_labs,,,,,,,,
ALBANY COUNTY WATER PURIFICATION DISTRICT,,TNI01453,,MENANDS,New York,,,env_labs,,,,,,,,
ALBANY WATER QUALITY LAB,,TNI01433,,SELKIRK,New York,,,env_labs,,,,,,,,
Albert Lea Wastewater Treatment Plant,,TNI01098,,Albert Lea,Minnesota,,,env_labs,,,,,,,,
ALBION (V) WATER PLANT,,TNI01698,,WATERPORT,New York,,,env_labs,,,,,,,,
Albion Environmental,,TNI00050,,Bryan,Texas,,,env_labs,,,,,,,,
"Alexin Analytical Laboratories, Inc.",,TNI00196,,Tigard,Oregon,,,env_labs,,,,,,,,
ALLAB INC,,TNI02836,,BROOKLYN,New York,,,env_labs,,,,,,,,
ALLEGANY COUNTY COMMUNITY ENVIRONMENTAL LABORATORY,,TNI02587,,BELMONT,New York,,,env_labs,,,,,,,,
Alliance Source Testing LLC - Mobile Unit,,TNI02595,,Decatur,Alabama,,,env_labs,,,,,,,,
Alliance Technical Group,,TNI02400,,Decatur,Alabama,,,env_labs,,,,,,,,
Alliance Technical Group,,TNI00203,,Tigard,Oregon,,,env_labs,,,,,,,,
"Alliance Technical Group - Carrollton, Texas",,TNI00167,,Carrollton,Texas,,,env_labs,,,,,,,,
Alliance Technical Group - Greenville,,TNI00551,,Greenville,South Carolina,,,env_labs,,,,,,,,
"ALLIANCE TECHNICAL GROUP, LLC",,TNI01322,,WILMINGTON,North Carolina,,,env_labs,,,,,,,,
"ALLIANCE TECHNICAL GROUP, LLC - NEWARK",,TNI01285,,MOUNTAINSIDE,New Jersey,,,env_labs,,,,,,,,
"Alliance Technical Group, LLC - Seattle",,TNI02227,,Seattle,Washington,,,env_labs,,,,,,,,
"Alliance Technical Group, LLC DBA Interpoll Laboratories",,TNI01088,,Circle Pines,Minnesota,,,env_labs,,,,,,,,
"Alliance Technical Group, LLC-Akron",,TNI00583,,Cuyahoga Falls,Ohio,,,env_labs,,,,,,,,
"Alpha Analytical, Inc.",,TNI00197,,Sparks,Nevada,,,env_labs,,,,,,,,
ALPHA LABS LLC,,TNI01800,,LONG ISLAND CITY,New York,,,env_labs,,,,,,,,
ALS Environmental,,TNI01683,,Cincinnati,Ohio,,,env_labs,,,,,,,,
ALS Environmental,,TNI02019,,Holland,Michigan,,,env_labs,,,,,,,,
ALS Environmental - Irvine,,TNI02924,,Irvine,California,,,env_labs,,,,,,,,
ALS Environmental - Irvine,,TNI02930,,Irvine,California,,,env_labs,,,,,,,,
ALS Environmental - Jacksonville,,TNI00369,,Jacksonville,Florida,,,env_labs,,,,,,,,
ALS Environmental - Middletown,,TNI02116,,Middletown,Pennsylvania,,,env_labs,,,,,,,,
ALS ENVIRONMENTAL - NEWTOWN,,TNI01756,,NEWTOWN,Connecticut,,,env_labs,,,,,,,,
ALS ENVIRONMENTAL - QUEENS,,TNI02476,,RICHMOND HILL,New York,,,env_labs,,,,,,,,
ALS ENVIRONMENTAL - ROCHESTER,,TNI01454,,ROCHESTER,New York,,,env_labs,,,,,,,,
ALS Environmental - Simi Valley,,TNI01213,,Simi Valley,California,,,env_labs,,,,,,,,
ALS ENVIRONMENTAL - STRATFORD,,TNI01615,,STRATFORD,Connecticut,,,env_labs,,,,,,,,
ALS ENVIRONMENTAL - TOMS RIVER,,TNI03009,,TOMS RIVER,New Jersey,,,env_labs,,,,,,,,
ALS Environmental - Valparaiso,,TNI02447,,Valparaiso,Indiana,,,env_labs,,,,,,,,
ALS Environmental Burlington - CANADA,,TNI01293,,Burlington,Ontario,,,env_labs,,,,,,,,
ALS Environmental Holland MI,,TNI02268,,Holland,Michigan,,,env_labs,,,,,,,,
"ALS Environmental, Kelso",,TNI00372,,Kelso,Washington,,,env_labs,,,,,,,,
"ALS Laboratory Group, Environmental Services Division (Houston, Texas)",,TNI00037,,Houston,Texas,,,env_labs,,,,,,,,
"Alternative Technologies, Inc.",,TNI02155,,Burnsville,Minnesota,,,env_labs,,,,,,,,
AMA ANALYTICAL SERVICES INC,,TNI01623,,LANHAM,Maryland,,,env_labs,,,,,,,,
"AMBIENT GROUP, INC.",,TNI01616,,NEW YORK,New York,,,env_labs,,,,,,,,
"AMERICA SCIENCE TEAM NEW YORK, INC",,TNI01708,,NEW YORK,New York,,,env_labs,,,,,,,,
AMERICAN ANALYTICAL LABORATORIES LLC.,,TNI01695,,FARMINGDALE,New York,,,env_labs,,,,,,,,
American Analytics Inc.,,TNI02232,,Chatsworth,California,,,env_labs,,,,,,,,
American Bottoms Regional Wastewater Treatment Facility,,TNI02020,,Sauget,Illinois,,,env_labs,,,,,,,,
American Electric Power Dolan Chemical Laboratory,,TNI02223,,Groveport,Ohio,,,env_labs,,,,,,,,
American Radiation Services (ARS),,TNI00266,,Port Allen,Louisiana,,,env_labs,,,,,,,,
"American Testing Technologies, Inc.",,TNI02164,,Akron,Ohio,,,env_labs,,,,,,,,
American Water Central Laboratory,,TNI02194,,Belleville,Illinois,,,env_labs,,,,,,,,
American West Analytical Laboratories,,TNI01955,,Salt Lake City,Utah,,,env_labs,,,,,,,,
AMERISCI RICHMOND,,TNI01636,,MIDLOTHIAN,Virginia,,,env_labs,,,,,,,,
AMHERST (T) WPCF,,TNI01426,,AMHERST,New York,,,env_labs,,,,,,,,
AMSTERDAM WATER TREATMENT,,TNI01604,,AMSTERDAM,New York,,,env_labs,,,,,,,,
"Analytical Environmental Laboratory, LLC",,TNI00068,,Tyler,Texas,,,env_labs,,,,,,,,
"Analytical Food Laboratories, Inc.",,TNI00182,,Grand Prairie,Texas,,,env_labs,,,,,,,,
"Analytical Laboratories, Inc.",,TNI02545,,Boise,Idaho,,,env_labs,,,,,,,,
Analytical Laboratory Group,,TNI00198,,Eugene,Oregon,,,env_labs,,,,,,,,
"Analytical Resources, LLC",,TNI00199,,Tukwila,Washington,,,env_labs,,,,,,,,
Analytical Services Corporation,,TNI00270,,Niceville,Florida,,,env_labs,,,,,,,,
"Analytical Services, Inc.",,TNI00273,,Williston,Vermont,,,env_labs,,,,,,,,
"Anatek Labs, Inc.",,TNI00274,,Moscow,Idaho,,,env_labs,,,,,,,,
"Anatek Labs, Inc. - Spokane",,TNI02364,,Spokane,Washington,,,env_labs,,,,,,,,
"Anatek Labs, Inc. - Yakima",,TNI02783,,Yakima,Washington,,,env_labs,,,,,,,,
"Anatek Labs, Inc. - Yakima",,TNI02858,,Yakima,Washington,,,env_labs,,,,,,,,
"Anatek Labs, Inc. - Yakima",,TNI02861,,Yakima,Washington,,,env_labs,,,,,,,,
"Anatek Labs, Inc. - Yakima",,TNI02865,,Yakima,Washington,,,env_labs,,,,,,,,
"Anatek Labs, Inc. - Yakima",,TNI02871,,Yakima,Washington,,,env_labs,,,,,,,,
"Anatek Labs, Inc. - Yakima",,TNI02876,,Yakima,Washington,,,env_labs,,,,,,,,
"Anatek Labs, Inc. - Yakima",,TNI02880,,Yakima,Washington,,,env_labs,,,,,,,,
"Anatek Labs, Inc. - Yakima",,TNI02884,,Yakima,Washington,,,env_labs,,,,,,,,
"Anatek Labs, Inc. - Yakima",,TNI02892,,Yakima,Washington,,,env_labs,,,,,,,,
"Anatek Labs, Inc. - Yakima",,TNI02897,,Yakima,Washington,,,env_labs,,,,,,,,
"Anatek Labs, Inc. - Yakima",,TNI02903,,Yakima,Washington,,,env_labs,,,,,,,,
"Anatek Labs, Inc. - Yakima",,TNI02907,,Yakima,Washington,,,env_labs,,,,,,,,
"Anatek Labs, Inc. - Yakima",,TNI02911,,Yakima,Washington,,,env_labs,,,,,,,,
"Anatek Labs, Inc. - Yakima",,TNI02915,,Yakima,Washington,,,env_labs,,,,,,,,
"Anatek Labs, Inc. - Yakima",,TNI02920,,Yakima,Washington,,,env_labs,,,,,,,,
"Anatek Labs, Inc. - Yakima",,TNI02926,,Yakima,Washington,,,env_labs,,,,,,,,
"Anatek Labs, Inc. - Yakima",,TNI02932,,Yakima,Washington,,,env_labs,,,,,,,,
"Anatek Labs, Inc. - Yakima",,TNI02937,,Yakima,Washington,,,env_labs,,,,,,,,
"Anatek Labs, Inc. - Yakima",,TNI02943,,Yakima,Washington,,,env_labs,,,,,,,,
"Anatek Labs, Inc. - Yakima",,TNI02948,,Yakima,Washington,,,env_labs,,,,,,,,
"Anatek Labs, Inc. - Yakima",,TNI02954,,Yakima,Washington,,,env_labs,,,,,,,,
"Anatek Labs, Inc. - Yakima",,TNI02960,,Yakima,Washington,,,env_labs,,,,,,,,
"Anatek Labs, Inc. - Yakima",,TNI02965,,Yakima,Washington,,,env_labs,,,,,,,,
"Anatek Labs, Inc. - Yakima",,TNI02974,,Yakima,Washington,,,env_labs,,,,,,,,
"Anatek Labs, Inc. - Yakima",,TNI02984,,Yakima,Washington,,,env_labs,,,,,,,,
"Anatek Labs, Inc. - Yakima",,TNI02991,,Yakima,Washington,,,env_labs,,,,,,,,
"Anatek Labs, Inc. - Yakima",,TNI02998,,Yakima,Washington,,,env_labs,,,,,,,,
"Anatek Labs, Inc. - Yakima",,TNI03005,,Yakima,Washington,,,env_labs,,,,,,,,
"Anatek Labs, Inc. - Yakima",,TNI03014,,Yakima,Washington,,,env_labs,,,,,,,,
"Anatek Labs, Inc. - Yakima",,TNI03025,,Yakima,Washington,,,env_labs,,,,,,,,
"Anatek Labs, Inc. - Yakima",,TNI03033,,Yakima,Washington,,,env_labs,,,,,,,,
"Anatek Labs, Inc. - Yakima",,TNI03041,,Yakima,Washington,,,env_labs,,,,,,,,
"Anatek Labs, Inc. - Yakima",,TNI03048,,Yakima,Washington,,,env_labs,,,,,,,,
"Anatek Labs, Inc. - Yakima",,TNI03056,,Yakima,Washington,,,env_labs,,,,,,,,
"Anatek Labs, Inc. - Yakima",,TNI03066,,Yakima,Washington,,,env_labs,,,,,,,,
"Anatek Labs, Inc. - Yakima",,TNI03073,,Yakima,Washington,,,env_labs,,,,,,,,
"Anatek Labs, Inc. - Yakima",,TNI03085,,Yakima,Washington,,,env_labs,,,,,,,,
"Anatek Labs, Inc. - Yakima",,TNI03093,,Yakima,Washington,,,env_labs,,,,,,,,
"Anatek Labs, Inc. - Yakima",,TNI03102,,Yakima,Washington,,,env_labs,,,,,,,,
"Anatek Labs, Inc. - Yakima",,TNI03110,,Yakima,Washington,,,env_labs,,,,,,,,
"Anatek Labs, Inc. - Yakima",,TNI03118,,Yakima,Washington,,,env_labs,,,,,,,,
Angelina and Neches River Authority Environmental Laboratory,,TNI00077,,Lufkin,Texas,,,env_labs,,,,,,,,
"Apex Laboratories, LLC",,TNI02169,,Tigard,Oregon,,,env_labs,,,,,,,,
"AQUA CHECK LABORATORIES, INC",,TNI01723,,STONE RIDGE,New York,,,env_labs,,,,,,,,
"Aqua Pure Water & Sewage Service, LLC",,TNI00275,,Ocala,Florida,,,env_labs,,,,,,,,
Aqua Water Supply Corporation,,TNI00092,,Bastrop,Texas,,,env_labs,,,,,,,,
"Aqua-Tech Laboratories, Inc.",,TNI00148,,Bryan,Texas,,,env_labs,,,,,,,,
AQUATEC ENVIRONMENTAL INC,,TNI01026,,WILLISTON,Vermont,,,env_labs,,,,,,,,
AQUATEK LABS,,TNI02815,,WOODBRIDGE,Connecticut,,,env_labs,,,,,,,,
"Aquatic Laboratories, LLC",,TNI02424,,Lexington,Kentucky,,,env_labs,,,,,,,,
"AQUATOX RESEARCH, INC.",,TNI02979,,SYRACUSE,New York,,,env_labs,,,,,,,,
"ARDL, Inc.",,TNI02022,,Mt. Vernon,Illinois,,,env_labs,,,,,,,,
"Arkansas Analytical, Inc.",,TNI00174,,Little Rock,Arkansas,,,env_labs,,,,,,,,
Arkansas City Municipal Wastewater Laboratory,,TNI01882,,Arkansas City,Kansas,,,env_labs,,,,,,,,
"Armstrong Forensic Laboratory, Inc.",,TNI00041,,Arlington,Texas,,,env_labs,,,,,,,,
Ascend Performance Materials LLC,,TNI00276,,Cantonment,Florida,,,env_labs,,,,,,,,
Ashley Valley WTP Laboratory,,TNI01958,,Vernal,Utah,,,env_labs,,,,,,,,
ASSET Laboratories,,TNI01203,,Las Vegas,Nevada,,,env_labs,,,,,,,,
ATC GROUP SERVICES LLC,,TNI01618,,NEW YORK,New York,,,env_labs,,,,,,,,
ATLAS ENVIRONMENTAL LABS CORP,,TNI02323,,NEW YORK,New York,,,env_labs,,,,,,,,
"Atmospheric Analysis and Consulting, Inc.",,TNI00277,,Ventura,California,,,env_labs,,,,,,,,
AUBURN WATER TREATMENT PLANT,,TNI01499,,AUBURN,New York,,,env_labs,,,,,,,,
AUBURN WPCP (LAB),,TNI01498,,AUBURN,New York,,,env_labs,,,,,,,,
"Avery Laboratories & Environmental Services, LLC",,TNI00278,,Savannah,Georgia,,,env_labs,,,,,,,,
"AWWS, Inc. (Analytical Water & Wastewater Services)",,TNI00083,,Hallsville,Texas,,,env_labs,,,,,,,,
"B & B Consultants, Inc.",,TNI01256,,Chase City,Virginia,,,env_labs,,,,,,,,
"B.A.T. Laboratories, LLC",,TNI00125,,Amarillo,Texas,,,env_labs,,,,,,,,
B3 Labs,,TNI02711,,Spring,Texas,,,env_labs,,,,,,,,
"Babcock Laboratories, Inc.",,TNI01218,,Riverside,California,,,env_labs,,,,,,,,
BATAVIA (C) WATER TREATMENT PLANT,,TNI01526,,BATAVIA,New York,,,env_labs,,,,,,,,
BATAVIA WASTEWATER TREATMENT FACILITY,,TNI01525,,BATAVIA,New York,,,env_labs,,,,,,,,
"BATTA LABORATORIES, LLC.",,TNI02320,,NEWARK,Delaware,,,env_labs,,,,,,,,
Battelle Analytical Chemistry Services Laboratory,,TNI00280,,Norwell,Massachusetts,,,env_labs,,,,,,,,
Bay County Laboratory Services,,TNI00281,,Panama City,Florida,,,env_labs,,,,,,,,
"BCS Laboratories, Inc. - Gainesville",,TNI00282,,Gainesville,Florida,,,env_labs,,,,,,,,
"Beacon Environmental Services, Inc.",,TNI02428,,Bel Air,Maryland,,,env_labs,,,,,,,,
Bear River District Health Department Water Laboratory,,TNI01961,,Logan,Utah,,,env_labs,,,,,,,,
Beckton Environmental Laboratories,,TNI00284,,Ponce,Puerto Rico,,,env_labs,,,,,,,,
BELGRAVE WATER POL CNTRL DIST,,TNI01430,,LITTLE NECK,New York,,,env_labs,,,,,,,,
Benchmark EA South,,TNI00285,,North Port,Florida,,,env_labs,,,,,,,,
"Benchmark EnviroAnalytical, Inc.",,TNI00286,,Palmetto,Florida,,,env_labs,,,,,,,,
Benchmark Mid Florida Laboratory,,TNI00500,,Winter Haven,Florida,,,env_labs,,,,,,,,
BINGHAMTON WATER TREATMENT PLANT,,TNI01597,,BINGHAMTON,New York,,,env_labs,,,,,,,,
BINGHAMTON-JOHNSON (C) STP,,TNI01563,,VESTAL,New York,,,env_labs,,,,,,,,
"Bio Chem Lab, Inc.",,TNI00061,,West,Texas,,,env_labs,,,,,,,,
Bio-Analytical Laboratories,,TNI01379,,Doyline,Louisiana,,,env_labs,,,,,,,,
Biological Monitoring Incorporated,,TNI01243,,Blacksburg,Virginia,,,env_labs,,,,,,,,
BIOTRAX TESTING LABORATORY,,TNI01744,,CHEEKTOWAGA,New York,,,env_labs,,,,,,,,
Blue Ridge Analytical LLC,,TNI02567,,Wytheville,Virginia,,,env_labs,,,,,,,,
"Blue Triton Brands, Inc.",,TNI02139,,Breinigsville,Pennsylvania,,,env_labs,,,,,,,,
BlueTriton Brands Dallas QA Lab,,TNI00156,,Dallas,Texas,,,env_labs,,,,,,,,
BlueTriton Brands Dallas QA Lab,,TNI02756,,Dallas,Texas,,,env_labs,,,,,,,,
BlueTriton Brands Dallas QA Lab,,TNI02761,,Dallas,Texas,,,env_labs,,,,,,,,
BlueTriton Brands Dallas QA Lab,,TNI02763,,Dallas,Texas,,,env_labs,,,,,,,,
BlueTriton Brands Dallas QA Lab,,TNI02764,,Dallas,Texas,,,env_labs,,,,,,,,
BlueTriton Brands Dallas QA Lab,,TNI02765,,Dallas,Texas,,,env_labs,,,,,,,,
BLUETRITON BRANDS NATIONAL QUALITY LABORATORY,,TNI02786,,LOS ANGELES,California,,,env_labs,,,,,,,,
BlueTriton Brands Pasadena QA Lab,,TNI02681,,Pasadena,Texas,,,env_labs,,,,,,,,
BLUETRITON BRANDS SARATOGA SPRINGS QA LAB,,TNI01790,,SARATOGA SPRINGS,New York,,,env_labs,,,,,,,,
bmh environmental lab llc dba Utility Testing Laboratory,,TNI02011,,Salt Lake City,Utah,,,env_labs,,,,,,,,
Bonner Analytical Testing Co,,TNI02178,,Hattiesburg,Mississippi,,,env_labs,,,,,,,,
"Box R Water Analysis Laboratory, L.L.C.",,TNI00200,,Prineville,Oregon,,,env_labs,,,,,,,,
Brazoria County Health Department Water Laboratory,,TNI00111,,Angleton,Texas,,,env_labs,,,,,,,,
Brazos River Authority Environmental Services Laboratory,,TNI00067,,Waco,Texas,,,env_labs,,,,,,,,
Brevard County Utility Services Laboratory,,TNI00287,,Viera,Florida,,,env_labs,,,,,,,,
Brigham City Laboratory,,TNI01962,,Brigham City,Utah,,,env_labs,,,,,,,,
Brighton Analytical LLC,,TNI02024,,Brighton,Michigan,,,env_labs,,,,,,,,
"Britebox Labs, Inc",,TNI02464,,Bend,Oregon,,,env_labs,,,,,,,,
"Brooks Applied Labs, LLC",,TNI00288,,Seattle,Washington,,,env_labs,,,,,,,,
Brothers Laboratory Services,,TNI03071,,Maryland Heights,Missouri,,,env_labs,,,,,,,,
Brothers Laboratory Services,,TNI03083,,Maryland Heights,Missouri,,,env_labs,,,,,,,,
Brothers Laboratory Services,,TNI03091,,Maryland Heights,Missouri,,,env_labs,,,,,,,,
Brothers Laboratory Services,,TNI03100,,Maryland Heights,Missouri,,,env_labs,,,,,,,,
Brothers Laboratory Services,,TNI03108,,Maryland Heights,Missouri,,,env_labs,,,,,,,,
Brothers Laboratory Services,,TNI03116,,Maryland Heights,Missouri,,,env_labs,,,,,,,,
Broward County Environmental Monitoring Laboratory,,TNI00289,,Davie,Florida,,,env_labs,,,,,,,,
Broward County Water and Wastewater Services Laboratory,,TNI00290,,Pompano Beach,Florida,,,env_labs,,,,,,,,
Brownsville Public Utilities Board Analytical Laboratory,,TNI00135,,Brownsville,Texas,,,env_labs,,,,,,,,
BSK Associates,,TNI02245,,Fresno,California,,,env_labs,,,,,,,,
BSK Associates ?Vancouver,,TNI00194,,Vancouver,Washington,,,env_labs,,,,,,,,
BSK-San Bernardino,,TNI02468,,San Bernardino,California,,,env_labs,,,,,,,,
BUFFALO SEWER AUTHORITY,,TNI01449,,BUFFALO,New York,,,env_labs,,,,,,,,
BUFFALO WATER AUTHORITY FILTRATION PLANT LABORATORY,,TNI01543,,BUFFALO,New York,,,env_labs,,,,,,,,
Bureau of Agricultural Environmental Laboratories (BAEL),,TNI00293,,Tallahassee,Florida,,,env_labs,,,,,,,,
Bureau Veritas Canada Inc,,TNI01292,,Mississauga,Ontario,,,env_labs,,,,,,,,
"BUREAU VERITAS NORTH AMERICA, INC.",,TNI01741,,KENNESAW,Georgia,,,env_labs,,,,,,,,
"Bureau Veritas North America, Inc.",,TNI02888,,Lake Zurich,Alabama,,,env_labs,,,,,,,,
"Bureau Veritas North America, Inc.",,TNI02889,,Lake Zurich,Illinois,,,env_labs,,,,,,,,
"Bureau Veritas North America, Inc.",,TNI02890,,Lake Zurich,Illinois,,,env_labs,,,,,,,,
"Bureau Veritas North America, Inc.",,TNI00294,,Novi,Michigan,,,env_labs,,,,,,,,
BWXT Lynchburg Technology Center,,TNI01267,,Lynchburg,Virginia,,,env_labs,,,,,,,,
CALTEST ANALYTICAL LABORATORY,,TNI01211,,NAPA,California,,,env_labs,,,,,,,,
Camp Rilea Laboratory,,TNI02228,,Warrenton,Oregon,,,env_labs,,,,,,,,
CAMPFIELD RESERVOIR  FILTER PLANT,,TNI01593,,PEEKSKILL,New York,,,env_labs,,,,,,,,
CANANDAIGUA WASTEWATER TREATMENT FACILITY,,TNI01586,,CANANDAIGUA,New York,,,env_labs,,,,,,,,
CANANDAIGUA WATER TREATMENT PLANT,,TNI01622,,CANANDAIGUA,New York,,,env_labs,,,,,,,,
CANISTEO WASTEWATER PLANT LAB,,TNI01432,,CANISTEO,New York,,,env_labs,,,,,,,,
CANOBIE LAKE WATER TREATMENT PLANT LABORATORY,,TNI01028,,SALEM,New Hampshire,,,env_labs,,,,,,,,
"Cape Fear Analytical, LLC",,TNI01963,,Wilmington,North Carolina,,,env_labs,,,,,,,,
CAPITAL REGION ENVIRONMENTAL LABORATORY,,TNI01520,,RENSSELAER,New York,,,env_labs,,,,,,,,
Capzer Pharmaceuticals,,TNI02210,,Lake Worth,Florida,,,env_labs,,,,,,,,
Carbondale Central Laboratory,,TNI02547,,Carbondale,Illinois,,,env_labs,,,,,,,,
Cardinal Laboratories,,TNI00162,,Hobbs,New Mexico,,,env_labs,,,,,,,,
CATTARAUGUS COUNTY LABORATORY,,TNI01445,,OLEAN,New York,,,env_labs,,,,,,,,
CCNY ENVIRONMENTAL LAB,,TNI01739,,NEW YORK,New York,,,env_labs,,,,,,,,
CCWT - SOMAS NORTH,,TNI02517,,STONY BROOK,New York,,,env_labs,,,,,,,,
CCWT - SOMAS SOUTH,,TNI02582,,SOUTHHAMPTON,New York,,,env_labs,,,,,,,,
CCWT ENGINEERING,,TNI02518,,STONY BROOK,New York,,,env_labs,,,,,,,,
Cedar City Regional Water Treatment Facility Laboratory,,TNI01964,,Cedar City,Utah,,,env_labs,,,,,,,,
Center for Aquatic Chemistry and Environment - Nutrient Analysis Core Facility (CAChE-NACF),,TNI00569,,Miami,Florida,,,env_labs,,,,,,,,
Central Davis Sewer District,,TNI01965,,Kaysville,Utah,,,env_labs,,,,,,,,
Central Florida Tourism Oversight District Environmental Sciences,,TNI00545,,Lake Buena Vista,Florida,,,env_labs,,,,,,,,
Central Florida Water Testing LLC DBA Plant Technicians,,TNI00539,,Leesburg,Florida,,,env_labs,,,,,,,,
Central Utah Public Health Laboratory,,TNI01966,,Richfield,Utah,,,env_labs,,,,,,,,
Central Valley Water Reclamation Facility,,TNI01967,,South Salt Lake,Utah,,,env_labs,,,,,,,,
Central Water Testing Laboratory,,TNI01118,,Brainerd,Minnesota,,,env_labs,,,,,,,,
Central Weber SID Laboratory,,TNI01968,,Ogden,Utah,,,env_labs,,,,,,,,
"Ceres Analytical Laboratory, Inc.",,TNI02279,,El Dorado Hills,California,,,env_labs,,,,,,,,
CERTIFIED ENVIRONMENTAL SERVICES INC,,TNI01669,,NORTH SYRACUSE,New York,,,env_labs,,,,,,,,
CERTIFIED LABORATORIES LLC,,TNI01515,,MELVILLE,New York,,,env_labs,,,,,,,,
Certified Labs of Florida,,TNI00296,,Melrose,Florida,,,env_labs,,,,,,,,
CETCON Inc,,TNI02484,,Tulsa,Oklahoma,,,env_labs,,,,,,,,
CHAMPLAIN WATER DISTRICT,,TNI01839,,SOUTH BURLINGTON,Vermont,,,env_labs,,,,,,,,
Charlotte County Utilities - East Port Laboratory,,TNI00297,,Port Charlotte,Florida,,,env_labs,,,,,,,,
CHARLOTTE WATER,,TNI02249,,CHARLOTTE,North Carolina,,,env_labs,,,,,,,,
CHAUTAUQUA COUNTY HEALTH,,TNI01537,,MAYVILLE,New York,,,env_labs,,,,,,,,
ChemHistory,,TNI02450,,Milwaukie,Oregon,,,env_labs,,,,,,,,
"Chemtech-Ford, Inc.",,TNI01969,,Sandy,Utah,,,env_labs,,,,,,,,
CHEMTEX,,TNI01199,,Sulphur,Louisiana,,,env_labs,,,,,,,,
CHEMTEX - Corpus Christi,,TNI02560,,Corpus Christi,Texas,,,env_labs,,,,,,,,
CHEMUNG CO ELMIRA SD,,TNI01650,,ELMIRA,New York,,,env_labs,,,,,,,,
Chevron Salt Lake Refinery Environmental Laboratory,,TNI01970,,North Salt Lake,Utah,,,env_labs,,,,,,,,
City of Abilene Environmental Laboratory,,TNI00102,,Abilene,Texas,,,env_labs,,,,,,,,
City of Altamonte Springs Environmental Laboratory,,TNI00300,,Altamonte Springs,Florida,,,env_labs,,,,,,,,
City of Amarillo Environmental Laboratory,,TNI00150,,Amarillo,Texas,,,env_labs,,,,,,,,
City of Arlington Water Utilities Laboratory Services,,TNI00093,,Arlington,Texas,,,env_labs,,,,,,,,
"City of Atlanta, Department of Watershed Management, Wastewater Laboratory",,TNI00302,,Atlanta,Georgia,,,env_labs,,,,,,,,
City of Austin Water Utility Laboratory Services Division,,TNI00081,,Austin,Texas,,,env_labs,,,,,,,,
City of Beaumont Water Production Laboratory,,TNI00120,,Beaumont,Texas,,,env_labs,,,,,,,,
City of Bend Water Quality Laboratory,,TNI00204,,Bend,Oregon,,,env_labs,,,,,,,,
City of Boca Raton Quality Control Laboratory,,TNI00303,,Boca Raton,Florida,,,env_labs,,,,,,,,
City of Borger Water Plant Laboratory,,TNI00090,,Borger,Texas,,,env_labs,,,,,,,,
City of Boynton Beach Utilities Department,,TNI00304,,Boynton Beach,Florida,,,env_labs,,,,,,,,
City of Cape Canaveral Water Reclamation Plant,,TNI00306,,Cape Canaveral,Florida,,,env_labs,,,,,,,,
City of Cape Coral ERD Laboratory,,TNI00307,,Cape Coral,Florida,,,env_labs,,,,,,,,
"City of Chicago, Water Purification Laboratories",,TNI02026,,Chicago,Illinois,,,env_labs,,,,,,,,
City of Clearwater Public Utilities Laboratory,,TNI00308,,Clearwater,Florida,,,env_labs,,,,,,,,
City of Cocoa Beach Water Reclamation Laboratory,,TNI00309,,Cocoa Beach,Florida,,,env_labs,,,,,,,,
City of Corpus Christi Water Utilities Laboratory,,TNI00159,,Corpus Christi,Texas,,,env_labs,,,,,,,,
City of Corvallis Water Quality Laboratory,,TNI00206,,Corvallis,Oregon,,,env_labs,,,,,,,,
City of Dallas Water Utilities Bachman Water Treatment Plant Laboratory,,TNI00088,,Dallas,Texas,,,env_labs,,,,,,,,
City of Dallas Water Utilities Eastside Drinking Water Laboratory,,TNI00087,,Sunnyvale,Texas,,,env_labs,,,,,,,,
City of Dallas Water Utilities Elm Fork Plant Laboratory,,TNI00086,,Carrolton,Texas,,,env_labs,,,,,,,,
City of Daytona Beach Regulatory Compliance Laboratory,,TNI00310,,Daytona Beach,Florida,,,env_labs,,,,,,,,
City of Deer Park Surface Water Treatment Plant Laboratory,,TNI00134,,Deer Park,Texas,,,env_labs,,,,,,,,
City of Deerfield Beach Water Treatment Plant,,TNI00311,,Deerfield Beach,Florida,,,env_labs,,,,,,,,
City of DeLand Environmental Services Laboratory,,TNI00312,,DeLand,Florida,,,env_labs,,,,,,,,
City of Delray Beach Environmental Services Laboratory,,TNI00313,,Delray Beach,Florida,,,env_labs,,,,,,,,
City of Denison Laboratory,,TNI00058,,Denison,Texas,,,env_labs,,,,,,,,
City of Denton Municipal Laboratory,,TNI00155,,Denton,Texas,,,env_labs,,,,,,,,
City of Duluth,,TNI01081,,Duluth,Minnesota,,,env_labs,,,,,,,,
City of Eden Prairie Utilities Laboratory,,TNI01135,,Eden Prairie,Minnesota,,,env_labs,,,,,,,,
City of Edgewater - Alan R. Thomas Water Treatment Plant,,TNI00314,,Edgewater,Florida,,,env_labs,,,,,,,,
City of Edgewater Environmental Services Laboratory,,TNI00315,,Edgewater,Florida,,,env_labs,,,,,,,,
City of El Paso Department of Public Health,,TNI00096,,El Paso,Texas,,,env_labs,,,,,,,,
City of Eustis Wastewater Treatment Plant,,TNI00317,,Eustis,Florida,,,env_labs,,,,,,,,
City of Fort Lauderdale Environmental Laboratory,,TNI00318,,Ft. Lauderdale,Florida,,,env_labs,,,,,,,,
City of Garland Water Utility Laboratory,,TNI00151,,Garland,Texas,,,env_labs,,,,,,,,
City of Graceville Wastewater Treatment Plant Laboratory,,TNI00322,,Graceville,Florida,,,env_labs,,,,,,,,
City of Gresham WWTP Laboratory,,TNI02171,,Portland,Oregon,,,env_labs,,,,,,,,
City of Harlingen Waterworks System,,TNI00101,,Harlingen,Texas,,,env_labs,,,,,,,,
City of Holly Hill Water & Wastewater Treatment Plant Laboratory,,TNI00323,,Holly Hill,Florida,,,env_labs,,,,,,,,
City of Hollywood Utilities Laboratory,,TNI00324,,Hollywood,Florida,,,env_labs,,,,,,,,
City of Houston - Drinking Water Regulatory Compliance Laboratory,,TNI00066,,Houston,Texas,,,env_labs,,,,,,,,
"City of Houston Health Department, Bureau of Laboratory Services",,TNI00046,,Houston,Texas,,,env_labs,,,,,,,,
"City of Houston, Wastewater Operations Laboratory",,TNI02257,,Houston,Texas,,,env_labs,,,,,,,,
City of Huntsville Parker Creek Laboratory,,TNI00099,,Huntsville,Texas,,,env_labs,,,,,,,,
CITY OF ITHACA WATER TREATMENT PLANT LABORATORY,,TNI01789,,ITHACA,New York,,,env_labs,,,,,,,,
"City of Jacksonville, EQD Lab",,TNI00396,,Jacksonville,Florida,,,env_labs,,,,,,,,
City of Kerrville Laboratory,,TNI00095,,Kerrville,Texas,,,env_labs,,,,,,,,
City of Key West WWTP Laboratory,,TNI00325,,Key West,Florida,,,env_labs,,,,,,,,
City of Lake Worth Beach Water Treatment Plant Laboratory,,TNI00326,,Lake Worth,Florida,,,env_labs,,,,,,,,
City of Lakeland -Thomas B. Williams Water Treatment Plant,,TNI00328,,Lakeland,Florida,,,env_labs,,,,,,,,
City of Lakeland Wastewater Treatment Plant - Glendale,,TNI00329,,Lakeland,Florida,,,env_labs,,,,,,,,
City of Laredo Public Health Department Laboratory,,TNI00145,,Laredo,Texas,,,env_labs,,,,,,,,
City of Largo Wastewater Treatment Plant,,TNI00330,,Clearwater,Florida,,,env_labs,,,,,,,,
City of Lewisville Environmental Control Services Laboratory,,TNI00129,,Lewisville,Texas,,,env_labs,,,,,,,,
City of Lubbock Water Treatment Plant Laboratory,,TNI00153,,Lubbock,Texas,,,env_labs,,,,,,,,
City of Margate Utilities,,TNI00332,,Margate,Florida,,,env_labs,,,,,,,,
City of McAllen Central Laboratory,,TNI00133,,McAllen,Texas,,,env_labs,,,,,,,,
City of Melbourne Wastewater Treatment Compliance Monitoring Laboratory,,TNI00333,,Melbourne,Florida,,,env_labs,,,,,,,,
City of Melbourne Water Treatment Plant Laboratory,,TNI00334,,Melbourne,Florida,,,env_labs,,,,,,,,
City of Midland Utilities Laboratory,,TNI02185,,Midland,Texas,,,env_labs,,,,,,,,
City of Naples Central Laboratory,,TNI00336,,Naples,Florida,,,env_labs,,,,,,,,
City of New Port Richey Wastewater Treatment Plant,,TNI00337,,New Port Richey,Florida,,,env_labs,,,,,,,,
City of North Miami Beach Quality Control Laboratory,,TNI00338,,Miami,Florida,,,env_labs,,,,,,,,
City of North Miami Water Treatment Plant,,TNI00339,,North Miami,Florida,,,env_labs,,,,,,,,
City of Ocala Water Quality Laboratory,,TNI00340,,Ocala,Florida,,,env_labs,,,,,,,,
City of Odessa Laboratory Services,,TNI00141,,Odessa,Texas,,,env_labs,,,,,,,,
"City of Orlando, Environmental Laboratory Services",,TNI00342,,Oviedo,Florida,,,env_labs,,,,,,,,
City of Ormond Beach WRF Laboratory,,TNI02832,,Ormond Beach,Florida,,,env_labs,,,,,,,,
City of Ormond Beach WRF Laboratory,,TNI02835,,Ormond Beach,Florida,,,env_labs,,,,,,,,
City of Ormond Beach WRF Laboratory,,TNI02839,,Ormond Beach,Florida,,,env_labs,,,,,,,,
City of Ormond Beach WRF Laboratory,,TNI02843,,Ormond Beach,Florida,,,env_labs,,,,,,,,
City of Ormond Beach WRF Laboratory,,TNI02847,,Ormond Beach,Florida,,,env_labs,,,,,,,,
City of Ormond Beach WRF Laboratory,,TNI02850,,Ormond Beach,Florida,,,env_labs,,,,,,,,
City of Ormond Beach WRF Laboratory,,TNI02854,,Ormond Beach,Florida,,,env_labs,,,,,,,,
City of Ormond Beach WRF Laboratory,,TNI02857,,Ormond Beach,Florida,,,env_labs,,,,,,,,
City of Ormond Beach WRF Laboratory,,TNI02860,,Ormond Beach,Florida,,,env_labs,,,,,,,,
City of Ormond Beach WRF Laboratory,,TNI02864,,Ormond Beach,Florida,,,env_labs,,,,,,,,
City of Ormond Beach WRF Laboratory,,TNI02868,,Ormond Beach,Florida,,,env_labs,,,,,,,,
City of Ormond Beach WRF Laboratory,,TNI02874,,Ormond Beach,Florida,,,env_labs,,,,,,,,
City of Ormond Beach WRF Laboratory,,TNI02879,,Ormond Beach,Florida,,,env_labs,,,,,,,,
City of Ormond Beach WRF Laboratory,,TNI02883,,Ormond Beach,Florida,,,env_labs,,,,,,,,
City of Ormond Beach WRF Laboratory,,TNI02887,,Ormond Beach,Florida,,,env_labs,,,,,,,,
City of Ormond Beach WRF Laboratory,,TNI02895,,Ormond Beach,Florida,,,env_labs,,,,,,,,
City of Ormond Beach WRF Laboratory,,TNI02900,,Ormond Beach,Florida,,,env_labs,,,,,,,,
City of Ormond Beach WRF Laboratory,,TNI02906,,Ormond Beach,Florida,,,env_labs,,,,,,,,
City of Ormond Beach WRF Laboratory,,TNI02910,,Ormond Beach,Florida,,,env_labs,,,,,,,,
City of Ormond Beach WRF Laboratory,,TNI02914,,Ormond Beach,Florida,,,env_labs,,,,,,,,
City of Ormond Beach WRF Laboratory,,TNI02918,,Ormond Beach,Florida,,,env_labs,,,,,,,,
City of Ormond Beach WRF Laboratory,,TNI02923,,Ormond Beach,Florida,,,env_labs,,,,,,,,
City of Ormond Beach WRF Laboratory,,TNI02929,,Ormond Beach,Florida,,,env_labs,,,,,,,,
City of Ormond Beach WRF Laboratory,,TNI02935,,Ormond Beach,Florida,,,env_labs,,,,,,,,
City of Ormond Beach WRF Laboratory,,TNI02940,,Ormond Beach,Florida,,,env_labs,,,,,,,,
City of Ormond Beach WRF Laboratory,,TNI02946,,Ormond Beach,Florida,,,env_labs,,,,,,,,
City of Ormond Beach WRF Laboratory,,TNI02951,,Ormond Beach,Florida,,,env_labs,,,,,,,,
City of Ormond Beach WRF Laboratory,,TNI02957,,Ormond Beach,Florida,,,env_labs,,,,,,,,
City of Ormond Beach WRF Laboratory,,TNI02963,,Ormond Beach,Florida,,,env_labs,,,,,,,,
City of Ormond Beach WRF Laboratory,,TNI02966,,Ormond Beach,Florida,,,env_labs,,,,,,,,
City of Ormond Beach WRF Laboratory,,TNI02977,,Ormond Beach,Florida,,,env_labs,,,,,,,,
City of Ormond Beach WRF Laboratory,,TNI02987,,Ormond Beach,Florida,,,env_labs,,,,,,,,
City of Ormond Beach WRF Laboratory,,TNI02994,,Ormond Beach,Florida,,,env_labs,,,,,,,,
City of Ormond Beach WRF Laboratory,,TNI03001,,Ormond Beach,Florida,,,env_labs,,,,,,,,
City of Ormond Beach WRF Laboratory,,TNI03007,,Ormond Beach,Florida,,,env_labs,,,,,,,,
City of Ormond Beach WRF Laboratory,,TNI03016,,Ormond Beach,Florida,,,env_labs,,,,,,,,
City of Ormond Beach WRF Laboratory,,TNI03027,,Ormond Beach,Florida,,,env_labs,,,,,,,,
City of Ormond Beach WRF Laboratory,,TNI03035,,Ormond Beach,Florida,,,env_labs,,,,,,,,
City of Ormond Beach WRF Laboratory,,TNI03042,,Ormond Beach,Florida,,,env_labs,,,,,,,,
City of Ormond Beach WRF Laboratory,,TNI03049,,Ormond Beach,Florida,,,env_labs,,,,,,,,
City of Ormond Beach WRF Laboratory,,TNI03057,,Ormond Beach,Florida,,,env_labs,,,,,,,,
City of Ormond Beach WRF Laboratory,,TNI03067,,Ormond Beach,Florida,,,env_labs,,,,,,,,
City of Ormond Beach WRF Laboratory,,TNI03075,,Ormond Beach,Florida,,,env_labs,,,,,,,,
City of Ormond Beach WRF Laboratory,,TNI03087,,Ormond Beach,Florida,,,env_labs,,,,,,,,
City of Ormond Beach WRF Laboratory,,TNI03095,,Ormond Beach,Florida,,,env_labs,,,,,,,,
City of Ormond Beach WRF Laboratory,,TNI03104,,Ormond Beach,Florida,,,env_labs,,,,,,,,
City of Ormond Beach WRF Laboratory,,TNI03112,,Ormond Beach,Florida,,,env_labs,,,,,,,,
City of Ormond Beach WRF Laboratory,,TNI03120,,Ormond Beach,Florida,,,env_labs,,,,,,,,
City of Panama City Area Environmental Laboratory,,TNI00345,,Panama City,Florida,,,env_labs,,,,,,,,
City of Pharr Water Laboratory,,TNI00152,,Pharr,Texas,,,env_labs,,,,,,,,
City of Phoenix Water Quality Laboratory,,TNI00207,,Phoenix,Arizona,,,env_labs,,,,,,,,
City of Phoenix Water Services Laboratory,,TNI02723,,Phoenix,Arizona,,,env_labs,,,,,,,,
City of Plantation Utilities Department Laboratory,,TNI00347,,Plantation,Florida,,,env_labs,,,,,,,,
City of Pompano Beach Utilities Laboratory,,TNI00348,,Pompano Beach,Florida,,,env_labs,,,,,,,,
City of Port Arthur Water Purification Plant Laboratory,,TNI00121,,Port Arthur,Texas,,,env_labs,,,,,,,,
City of Port Orange Central Lab,,TNI00349,,Port Orange,Florida,,,env_labs,,,,,,,,
City of Port St. Lucie Utility Systems Department,,TNI00350,,Port St. Lucie,Florida,,,env_labs,,,,,,,,
City of Portland Water Pollution Control Laboratory,,TNI02276,,Portland,Oregon,,,env_labs,,,,,,,,
City of Punta Gorda Water Treatment Plant,,TNI00351,,Punta Gorda,Florida,,,env_labs,,,,,,,,
City of Round Rock Environmental Services Laboratory,,TNI00108,,Round Rock,Texas,,,env_labs,,,,,,,,
CITY OF RUTLAND WATER LABORATORY,,TNI01030,,RUTLAND,Vermont,,,env_labs,,,,,,,,
City of San Angelo Water Quality Laboratory,,TNI00114,,San Angelo,Texas,,,env_labs,,,,,,,,
City of Sarasota Wastewater Treatment Plant Laboratory,,TNI00352,,Sarasota,Florida,,,env_labs,,,,,,,,
City of Sherman Utilities Laboratory,,TNI00072,,Sherman,Texas,,,env_labs,,,,,,,,
City of St. Augustine Water Pollution Control Laboratory,,TNI00353,,St. Augustine,Florida,,,env_labs,,,,,,,,
City of Sunrise Utilities Laboratory,,TNI00354,,Sunrise,Florida,,,env_labs,,,,,,,,
City of Tallahassee Water Quality Laboratory,,TNI00355,,Tallahassee,Florida,,,env_labs,,,,,,,,
City of Tampa Water Quality Laboratory,,TNI00357,,Tampa,Florida,,,env_labs,,,,,,,,
City of Tavares Wastewater Utilities Laboratory,,TNI00358,,Tavares,Florida,,,env_labs,,,,,,,,
City of Texarkana Water Utilities Laboratory,,TNI00123,,Texarkana,Texas,,,env_labs,,,,,,,,
City of The Dalles Water Quality Lab,,TNI00208,,The Dalles,Oregon,,,env_labs,,,,,,,,
City of Titusville - Laboratory Services,,TNI00359,,Titusville,Florida,,,env_labs,,,,,,,,
City of Waco Regional Water Quality Laboratory,,TNI00170,,Waco,Texas,,,env_labs,,,,,,,,
City of West Palm Beach East Central Wastewater Plant,,TNI00361,,West Palm Beach,Florida,,,env_labs,,,,,,,,
City of West Palm Beach Public Utilities Water Laboratory,,TNI00362,,West Palm Beach,Florida,,,env_labs,,,,,,,,
City of Wichita Falls Cypress Environmental Laboratory,,TNI00158,,Wichita Falls,Texas,,,env_labs,,,,,,,,
City of Winter Park Central Utilities Laboratory,,TNI00364,,Winter Park,Florida,,,env_labs,,,,,,,,
City of Woodburn,,TNI02229,,Woodburn,Oregon,,,env_labs,,,,,,,,
"CITY OF YONKERS, BUREAU OF WATER'S LABORATORY",,TNI01463,,YONKERS,New York,,,env_labs,,,,,,,,
Clackamas River Water Drinking Water Quality Laboratory,,TNI00210,,Clackamas,Oregon,,,env_labs,,,,,,,,
Clackamas Water Environment Services-Water Quality Laboratory,,TNI00209,,Oregon City,Oregon,,,env_labs,,,,,,,,
Clay County Utility Authority Environmental Laboratory,,TNI02953,,Middleburg,Florida,,,env_labs,,,,,,,,
Clay County Utility Authority Environmental Laboratory,,TNI02959,,Middleburg,Florida,,,env_labs,,,,,,,,
Clay County Utility Authority Environmental Laboratory,,TNI02967,,Middleburg,Florida,,,env_labs,,,,,,,,
Clay County Utility Authority Environmental Laboratory,,TNI02973,,Middleburg,Florida,,,env_labs,,,,,,,,
Clay County Utility Authority Environmental Laboratory,,TNI02983,,Middleburg,Florida,,,env_labs,,,,,,,,
Clay County Utility Authority Environmental Laboratory,,TNI02990,,Middleburg,Florida,,,env_labs,,,,,,,,
Clay County Utility Authority Environmental Laboratory,,TNI02997,,Middleburg,Florida,,,env_labs,,,,,,,,
Clay County Utility Authority Environmental Laboratory,,TNI03004,,Middleburg,Florida,,,env_labs,,,,,,,,
Clay County Utility Authority Environmental Laboratory,,TNI03013,,Middleburg,Florida,,,env_labs,,,,,,,,
Clay County Utility Authority Environmental Laboratory,,TNI03024,,Middleburg,Florida,,,env_labs,,,,,,,,
Clay County Utility Authority Environmental Laboratory,,TNI03032,,Middleburg,Florida,,,env_labs,,,,,,,,
Clay County Utility Authority Environmental Laboratory,,TNI03040,,Middleburg,Florida,,,env_labs,,,,,,,,
Clay County Utility Authority Environmental Laboratory,,TNI03047,,Middleburg,Florida,,,env_labs,,,,,,,,
Clay County Utility Authority Environmental Laboratory,,TNI03055,,Middleburg,Florida,,,env_labs,,,,,,,,
Clay County Utility Authority Environmental Laboratory,,TNI03065,,Middleburg,Florida,,,env_labs,,,,,,,,
Clay County Utility Authority Environmental Laboratory,,TNI03072,,Middleburg,Florida,,,env_labs,,,,,,,,
Clay County Utility Authority Environmental Laboratory,,TNI03084,,Middleburg,Florida,,,env_labs,,,,,,,,
Clay County Utility Authority Environmental Laboratory,,TNI03092,,Middleburg,Florida,,,env_labs,,,,,,,,
Clay County Utility Authority Environmental Laboratory,,TNI03101,,Middleburg,Florida,,,env_labs,,,,,,,,
Clay County Utility Authority Environmental Laboratory,,TNI03109,,Middleburg,Florida,,,env_labs,,,,,,,,
Clay County Utility Authority Environmental Laboratory,,TNI03117,,Middleburg,Florida,,,env_labs,,,,,,,,
"Clean Air Engineering, Inc.",,TNI00173,,Palatine,Illinois,,,env_labs,,,,,,,,
"Clean Harbors Aragonite, LLC",,TNI01971,,Dugway,Utah,,,env_labs,,,,,,,,
CLEAN HARBORS EAST CORPORATE LABORATORY,,TNI02789,,BALTIMORE,Maryland,,,env_labs,,,,,,,,
"Clean Harbors Environmental Services, Inc.",,TNI01972,,Kimball,Nebraska,,,env_labs,,,,,,,,
"Clean Harbors Grassy Mountain, LLC",,TNI01973,,Clive,Utah,,,env_labs,,,,,,,,
Cloquet Water Laboratory c/o Cloquet City Hall,,TNI01155,,Duluth,Minnesota,,,env_labs,,,,,,,,
"CNS, LLC Y-12 Analytical Chemistry Organization Laboratory",,TNI01960,,Oak Ridge,Tennessee,,,env_labs,,,,,,,,
"Coastal Bioanalysts, Inc.",,TNI01257,,Gloucester,Virginia,,,env_labs,,,,,,,,
Collier County Pollution Control and Prevention Department Laboratory,,TNI00366,,Naples,Florida,,,env_labs,,,,,,,,
Collier County Regional Water Plant Laboratory,,TNI00367,,Naples,Florida,,,env_labs,,,,,,,,
Collier County Water Reclamation Laboratory,,TNI00368,,Naples,Florida,,,env_labs,,,,,,,,
Columbia Laboratories - Portland,,TNI02840,,Portland,Oregon,,,env_labs,,,,,,,,
Columbia Laboratories Inc.,,TNI00227,,Portland,Oregon,,,env_labs,,,,,,,,
"COMMUNITY SCIENCE INSTITUTE, INC.",,TNI01779,,ITHACA,New York,,,env_labs,,,,,,,,
Compass Minerals,,TNI01919,,Lyons,Kansas,,,env_labs,,,,,,,,
COMPLETE ENVIRONMENTAL TESTING INC,,TNI00373,,STRATFORD,Connecticut,,,env_labs,,,,,,,,
CON ED CO OF NY - EH&S CHEMLAB,,TNI01528,,LONG ISLAND CITY,New York,,,env_labs,,,,,,,,
CONCORD WATER TREATMENT PLANT LABORATORY,,TNI01033,,CONCORD,New Hampshire,,,env_labs,,,,,,,,
CONSOLIDATED LABORATORIES,,TNI01475,,OSWEGO,New York,,,env_labs,,,,,,,,
Continental Water Laboratory,,TNI01214,,Sacramento,California,,,env_labs,,,,,,,,
CONVERSE LABORATORIES INC,,TNI01594,,WATERTOWN,New York,,,env_labs,,,,,,,,
Coos Bay-North Bend Water Board,,TNI00212,,Coos Bay,Oregon,,,env_labs,,,,,,,,
"Core Laboratories, LP",,TNI02258,,Deer Park,Texas,,,env_labs,,,,,,,,
Cornwell Engineering Group Laboratory,,TNI01753,,Newport News,Virginia,,,env_labs,,,,,,,,
Corpus Christi - Nueces County Public Health District Laboratory,,TNI00117,,Corpus Christi,Texas,,,env_labs,,,,,,,,
"Cove Environmental, LLC.",,TNI02371,,Stillwater,Oklahoma,,,env_labs,,,,,,,,
"Crisp Analytical Labs, LLC",,TNI02238,,Carrollton,Texas,,,env_labs,,,,,,,,
"CS Laboratories, Inc.",,TNI02471,,Tigard,Oregon,,,env_labs,,,,,,,,
"CSRA Analytical Laboratories, Inc.",,TNI00375,,Augusta,Georgia,,,env_labs,,,,,,,,
CT Laboratories LLC,,TNI02181,,Baraboo,Wisconsin,,,env_labs,,,,,,,,
Culligan Analytical Laboratory,,TNI02028,,Rosemont,Illinois,,,env_labs,,,,,,,,
CWM CHEMICAL SERVICES LLC,,TNI01685,,MODEL CITY,New York,,,env_labs,,,,,,,,
Dallas County Park Cities Municipal Utility District,,TNI00166,,Dallas,Texas,,,env_labs,,,,,,,,
Dallas Water Utilities - PALS Analytical Laboratory,,TNI02368,,Dallas,Texas,,,env_labs,,,,,,,,
DARRIN FRESH WATER INSTITUTE,,TNI01596,,BOLTON LANDING,New York,,,env_labs,,,,,,,,
Davis County Environmental Health Laboratory,,TNI01975,,Clearfield,Utah,,,env_labs,,,,,,,,
Davy Laboratories,,TNI01089,,La Crosse,Wisconsin,,,env_labs,,,,,,,,
"DB Environmental Laboratories, Inc.",,TNI00379,,Rockledge,Florida,,,env_labs,,,,,,,,
"Deibel BioScience of Oregon, LLC",,TNI02463,,Hood River,Oregon,,,env_labs,,,,,,,,
Delaware State University Water Analysis Group,,TNI02697,,Dover,Delaware,,,env_labs,,,,,,,,
"Department of Water Supply, County of Maui",,TNI01216,,Kahului,Hawaii,,,env_labs,,,,,,,,
Derby Municipal Wastewater Laboratory,,TNI01888,,Derby,Kansas,,,env_labs,,,,,,,,
DERRY WASTEWATER TREATMENT PLANT,,TNI01034,,DERRY,New Hampshire,,,env_labs,,,,,,,,
Desert Research Institute - Environmental Analysis Facility,,TNI00062,,Reno,Nevada,,,env_labs,,,,,,,,
"Destin Water Users, Inc.",,TNI00380,,Destin,Florida,,,env_labs,,,,,,,,
DFW Environmental Laboratories,,TNI02714,,Carrollton,Texas,,,env_labs,,,,,,,,
DIST WATER QUAL OPS NYCDEP DISTRIBUTION LAB,,TNI01602,,CORONA,New York,,,env_labs,,,,,,,,
"Diversified Environmental Laboratories, Inc.",,TNI00381,,Jacksonville,Florida,,,env_labs,,,,,,,,
Division of Consolidated Laboratory Services,,TNI01359,,Richmond,Virginia,,,env_labs,,,,,,,,
Dodge City Municipal Wastewater Laboratory,,TNI01889,,Dodge City,Kansas,,,env_labs,,,,,,,,
DOH-EPH Orange Water Testing Laboratory,,TNI02901,,Orlando,Florida,,,env_labs,,,,,,,,
Don A. Christiansen Regional Water Treatment Plant Laboratory,,TNI02010,,Orem,Utah,,,env_labs,,,,,,,,
Dr. Roy L. Virgin West Water Treatment Lab,,TNI00335,,Miramar,Florida,,,env_labs,,,,,,,,
Drinking Water and Radiation Laboratory,,TNI02708,,Richmond,California,,,env_labs,,,,,,,,
Drinking Water and Radiation Laboratory,,TNI02709,,Richmond,California,,,env_labs,,,,,,,,
Drinking Water and Radiation Laboratory,,TNI02733,,Richmond,California,,,env_labs,,,,,,,,
Drinking Water and Radiation Laboratory,,TNI02748,,Richmond,California,,,env_labs,,,,,,,,
Drinking Water and Radiation Laboratory,,TNI02749,,Richmond,California,,,env_labs,,,,,,,,
Drinking Water and Radiation Laboratory,,TNI02759,,Richmond,California,,,env_labs,,,,,,,,
Duchesne Valley Water Treatment Plant Laboratory,,TNI01976,,Duchesne,Utah,,,env_labs,,,,,,,,
Duke Energy Analytical Laboratory,,TNI03053,,Huntersville,North Carolina,,,env_labs,,,,,,,,
DUNKIRK WATER TREATMENT PLANT LAB,,TNI01482,,DUNKIRK,New York,,,env_labs,,,,,,,,
DUNKIRK WWTP LAB,,TNI01462,,DUNKIRK,New York,,,env_labs,,,,,,,,
DUNN PAPER - NATURAL DAM INC.,,TNI01458,,GOUVERNEUR,New York,,,env_labs,,,,,,,,
DUREZ CORPORATION - NIAGARA FALLS PLANT,,TNI01836,,NIAGARA FALLS,New York,,,env_labs,,,,,,,,
"EA Engineering, Science, and Technology - Ecotoxicology Laboratory",,TNI00383,,Hunt Valley,Maryland,,,env_labs,,,,,,,,
"Earth Analytical Sciences, Inc.",,TNI00078,,Beaumont,Texas,,,env_labs,,,,,,,,
EAS INC - EASTERN ANALYTICAL SERVICES INC,,TNI01614,,ELMSFORD,New York,,,env_labs,,,,,,,,
EASI LLC,,TNI01382,,Kenner,Louisiana,,,env_labs,,,,,,,,
"Eastern Research Group, Inc.",,TNI00384,,Morrisville,North Carolina,,,env_labs,,,,,,,,
"Eastex Environmental Laboratory, Inc. - Coldspring",,TNI00065,,Coldspring,Texas,,,env_labs,,,,,,,,
"Eastex Environmental Laboratory, Nacogdoches",,TNI00098,,Nacogdoches,Texas,,,env_labs,,,,,,,,
"Eastman Chemical Company, Environmental Laboratory, Texas Operations",,TNI03078,,Longview,Texas,,,env_labs,,,,,,,,
Eberline Analytical Corporation,,TNI01978,,Oak Ridge,Tennessee,,,env_labs,,,,,,,,
ECOBAT RESOURCES NY QUALITY CONTROL LABORATORY,,TNI02394,,MIDDLETOWN,New York,,,env_labs,,,,,,,,
Ecolytix Environmental Laboratory,,TNI03011,,Stuart,Florida,,,env_labs,,,,,,,,
Ecolytix Environmental Laboratory,,TNI03023,,Stuart,Florida,,,env_labs,,,,,,,,
Ecolytix Environmental Laboratory,,TNI03031,,Stuart,Florida,,,env_labs,,,,,,,,
Ecolytix Environmental Laboratory,,TNI03039,,Stuart,Florida,,,env_labs,,,,,,,,
Ecolytix Environmental Laboratory,,TNI03046,,Stuart,Florida,,,env_labs,,,,,,,,
Ecolytix Environmental Laboratory,,TNI03054,,Stuart,Florida,,,env_labs,,,,,,,,
Ecolytix Environmental Laboratory,,TNI03064,,Stuart,Florida,,,env_labs,,,,,,,,
Ecolytix Environmental Laboratory,,TNI03070,,Stuart,Florida,,,env_labs,,,,,,,,
Ecolytix Environmental Laboratory,,TNI03082,,Stuart,Florida,,,env_labs,,,,,,,,
Ecolytix Environmental Laboratory,,TNI03090,,Stuart,Florida,,,env_labs,,,,,,,,
Ecolytix Environmental Laboratory,,TNI03098,,Stuart,Florida,,,env_labs,,,,,,,,
Ecolytix Environmental Laboratory,,TNI03099,,Stuart,Florida,,,env_labs,,,,,,,,
Ecolytix Environmental Laboratory,,TNI03107,,Stuart,Florida,,,env_labs,,,,,,,,
Ecolytix Environmental Laboratory,,TNI03115,,Stuart,Florida,,,env_labs,,,,,,,,
Ecosystems Research Inst Laboratory,,TNI02002,,Logan,Utah,,,env_labs,,,,,,,,
"EDEN LABORATORY, INC",,TNI02978,,SCHENECTADY,New York,,,env_labs,,,,,,,,
Edwards Aquifer Research and Data Center,,TNI00165,,San Marcos,Texas,,,env_labs,,,,,,,,
El Dorado Wetlands & Water Reclamation Facility,,TNI01892,,El Dorado,Kansas,,,env_labs,,,,,,,,
"Element Materials Technology Fort Wayne, LLC",,TNI02688,,Fort Wayne,Indiana,,,env_labs,,,,,,,,
Element Materials Technology Houston LLC,,TNI00169,,Houston,Texas,,,env_labs,,,,,,,,
Element Materials Technology Lafayette LLC,,TNI01402,,Lafayette,Louisiana,,,env_labs,,,,,,,,
"Element Materials Technology Lafayette, LLC",,TNI02689,,Lafayette,Louisiana,,,env_labs,,,,,,,,
Elevation Diagnostics,,TNI02762,,Aurora,Colorado,,,env_labs,,,,,,,,
ELMA (T) SEWER DISTRICTS-ROLLING GREEN LANE,,TNI01512,,ELMA,New York,,,env_labs,,,,,,,,
ELMIRA WATER BOARD,,TNI01734,,ELMIRA,New York,,,env_labs,,,,,,,,
"EMAX Laboratories, Inc.",,TNI01219,,Torrance,California,,,env_labs,,,,,,,,
Emerald Coast Utilities Authority,,TNI00387,,Pensacola,Florida,,,env_labs,,,,,,,,
"Emerald Transformer PPM, LLC",,TNI01887,,Coffeyville,Kansas,,,env_labs,,,,,,,,
Emporia Municipal Wastewater Laboratory,,TNI01894,,Emporia,Kansas,,,env_labs,,,,,,,,
EMSL ANALYTICAL INC,,TNI01273,,CINNAMINSON,New Jersey,,,env_labs,,,,,,,,
EMSL ANALYTICAL INC,,TNI01732,,DEPEW,New York,,,env_labs,,,,,,,,
EMSL ANALYTICAL INC,,TNI01282,,PISCATAWAY TWP,New Jersey,,,env_labs,,,,,,,,
"EMSL ANALYTICAL, INC",,TNI01331,,LONG ISLAND CITY,New York,,,env_labs,,,,,,,,
"EMSL ANALYTICAL, INC.",,TNI01706,,CARLE PLACE,New York,,,env_labs,,,,,,,,
"EMSL Analytical, Inc.",,TNI02704,,Indianapolis,Indiana,,,env_labs,,,,,,,,
"EMSL ANALYTICAL, INC.",,TNI02516,,MERIDEN,Connecticut,,,env_labs,,,,,,,,
"EMSL Analytical, Inc.",,TNI02497,,New Hope,Minnesota,,,env_labs,,,,,,,,
"EMSL ANALYTICAL, INC.",,TNI02584,,ROCHESTER,New York,,,env_labs,,,,,,,,
"EMSL Analytical, Inc.",,TNI02793,,St. Louis,Missouri,,,env_labs,,,,,,,,
"EMSL Analytical, Inc. - FL",,TNI00389,,North Miami Beach,Florida,,,env_labs,,,,,,,,
"EMSL Analytical, Inc. - Houston",,TNI00154,,Houston,Texas,,,env_labs,,,,,,,,
"EMSL Analytical, Inc. - Indianapolis",,TNI02705,,Indianapolis,Indiana,,,env_labs,,,,,,,,
"EMSL Analytical, Inc. - Orlando",,TNI00390,,Orlando,Florida,,,env_labs,,,,,,,,
ENDICOTT WASTEWATER TREATMENT,,TNI01551,,ENDICOTT,New York,,,env_labs,,,,,,,,
ENDYNE INC (#2037),,TNI01038,,LEBANON,New Hampshire,,,env_labs,,,,,,,,
ENDYNE INC WILLISTON VT,,TNI01671,,WILLISTON,Vermont,,,env_labs,,,,,,,,
"ENDYNE, INC",,TNI01831,,LAKE GEORGE,New York,,,env_labs,,,,,,,,
Energy Laboratories Inc.,,TNI00391,,Casper,Wyoming,,,env_labs,,,,,,,,
"Energy Laboratories, Inc. - MT",,TNI00393,,Billings,Montana,,,env_labs,,,,,,,,
"Engel Water Testing, Inc.",,TNI01073,,Minnetrista,Minnesota,,,env_labs,,,,,,,,
Englewood Water District,,TNI00316,,Englewood,Florida,,,env_labs,,,,,,,,
"Entech Engineering, Inc.",,TNI00115,,League City,Texas,,,env_labs,,,,,,,,
Enthalpy Analtytical LLC,,TNI01387,,Durham,North Carolina,,,env_labs,,,,,,,,
Enthalpy Analytical LLC,,TNI01383,,Durham,North Carolina,,,env_labs,,,,,,,,
Enthalpy Analytical LLC,,TNI02486,,Wilmington,North Carolina,,,env_labs,,,,,,,,
ENVIRO TESTING/KEYSTONE MATERIAL TESTING (LLC),,TNI01690,,BINGHAMTON,New York,,,env_labs,,,,,,,,
"Envirodyne Laboratories, Inc.",,TNI00056,,Stafford,Texas,,,env_labs,,,,,,,,
Environmental  Sciences And Toxicology Laboratory,,TNI01431,,New York,New York,,,env_labs,,,,,,,,
Environmental Analytical Service,,TNI02440,,San Luis Obispo,California,,,env_labs,,,,,,,,
"ENVIRONMENTAL BUILDING SOLUTIONS, LLC",,TNI01820,,NEW YORK,New York,,,env_labs,,,,,,,,
Environmental Enterprises USA Inc,,TNI01386,,Slidell,Louisiana,,,env_labs,,,,,,,,
"Environmental Hazards Services, L L C",,TNI01759,,Richmond,Virginia,,,env_labs,,,,,,,,
ENVIRONMENTAL LABWORKS  INC,,TNI01612,,MARLBORO,New York,,,env_labs,,,,,,,,
"Environmental Monitoring Laboratory, LLC",,TNI00042,,Hillsboro,Texas,,,env_labs,,,,,,,,
"Environmental Monitoring, Inc.",,TNI01263,,Norton,Virginia,,,env_labs,,,,,,,,
"Environmental Quality Laboratories, Inc. - PR",,TNI00402,,Bayamon,Puerto Rico,,,env_labs,,,,,,,,
ENVIRONMENTAL QUALITY TESTING LABORATORY,,TNI02401,,WASHINGTON,District of Columbia,,,env_labs,,,,,,,,
Environmental Reagent Service,,TNI00403,,Ft. Lauderdale,Florida,,,env_labs,,,,,,,,
Environmental Resource Analysts - AL,,TNI00405,,Auburn,Alabama,,,env_labs,,,,,,,,
ENVIRONMENTAL SCIENCES AND TOXICOLOGY LABORATORY,,TNI01793,,NEW YORK,New York,,,env_labs,,,,,,,,
Environmental Services Company Inc,,TNI02498,,Little Rock,Arkansas,,,env_labs,,,,,,,,
"Environmental Systems Service, LTD.- Culpeper",,TNI01246,,Culpeper,Virginia,,,env_labs,,,,,,,,
"Environmental Testing Group, Inc.",,TNI00407,,Bentonville,Arkansas,,,env_labs,,,,,,,,
"Environmental Testing Laboratories, Inc.",,TNI00408,,Thomasville,Georgia,,,env_labs,,,,,,,,
"ENVIROSCIENCE CONSULTANTS, LLC",,TNI01749,,RONKONKOMA,New York,,,env_labs,,,,,,,,
ENVIROSCIENCE INC.,,TNI02792,,STOW,Ohio,,,env_labs,,,,,,,,
Envirosource Corp. dba Green Analytical Laboratories,,TNI02259,,Durango,Colorado,,,env_labs,,,,,,,,
"Envirotech, Inc.",,TNI02505,,Farmington,New Mexico,,,env_labs,,,,,,,,
EPA Region 9 Field Services Support Center,,TNI00238,,Hayward,California,,,env_labs,,,,,,,,
ERD Water LLC,,TNI00404,,Orlando,Florida,,,env_labs,,,,,,,,
ERIE 1 BOCES,,TNI01705,,WEST SENECA,New York,,,env_labs,,,,,,,,
ERIE COUNTY PUBLIC HEALTH LABORATORY,,TNI01555,,BUFFALO,New York,,,env_labs,,,,,,,,
ERIE COUNTY SOUTHTOWNS AGENCY,,TNI01534,,BUFFALO,New York,,,env_labs,,,,,,,,
ERT/REAC LABORATORY,,TNI01280,,EDISON,New Jersey,,,env_labs,,,,,,,,
Escambia County Water Quality Laboratory,,TNI02441,,Pensacola,Florida,,,env_labs,,,,,,,,
"ETT Environmental, Inc.",,TNI00409,,Greer,South Carolina,,,env_labs,,,,,,,,
Eurofins - Midland,,TNI00163,,Midland,Texas,,,env_labs,,,,,,,,
Eurofins Albuquerque,,TNI00218,,Albuquerque,New Mexico,,,env_labs,,,,,,,,
Eurofins Arkansas,,TNI01373,,Little Rock,Arkansas,,,env_labs,,,,,,,,
"EUROFINS ASCEND CLINICAL, LLC",,TNI02813,,SUNNYVALE,California,,,env_labs,,,,,,,,
Eurofins Atlanta,,TNI00267,,Atlanta,Georgia,,,env_labs,,,,,,,,
EUROFINS AUBURN (#2501),,TNI01021,,AUBURN,Maine,,,env_labs,,,,,,,,
Eurofins Bend,,TNI02413,,Bend,Oregon,,,env_labs,,,,,,,,
EUROFINS BUFFALO,,TNI01424,,AMHERST,New York,,,env_labs,,,,,,,,
"Eurofins Built Environment Testing Central, LLC - Houston, TX",,TNI02597,,Pasadena,Texas,,,env_labs,,,,,,,,
EUROFINS BUILT ENVIRONMENT TESTING EAST,,TNI02663,,CHERRY HILL,New Jersey,,,env_labs,,,,,,,,
EUROFINS BUILT ENVIRONMENT TESTING EAST LLC - CARY NC,,TNI02581,,CARY,North Carolina,,,env_labs,,,,,,,,
Eurofins Built Environment Testing – Pasadena,,TNI02109,,Pasadena,Texas,,,env_labs,,,,,,,,
Eurofins Calscience,,TNI01210,,Tustin,California,,,env_labs,,,,,,,,
Eurofins Calscience Irvine,,TNI01228,,Irvine,California,,,env_labs,,,,,,,,
Eurofins Cedar Falls,,TNI00232,,Cedar Falls,Iowa,,,env_labs,,,,,,,,
Eurofins Chicago,,TNI02053,,Tinley Park,Illinois,,,env_labs,,,,,,,,
Eurofins Cleveland,,TNI00592,,Barberton,Ohio,,,env_labs,,,,,,,,
Eurofins Columbia,,TNI02554,,Irmo,South Carolina,,,env_labs,,,,,,,,
EUROFINS CONCORD (#1012),,TNI01037,,CONCORD,New Hampshire,,,env_labs,,,,,,,,
Eurofins Corpus Christi,,TNI00022,,Corpus Christi,Texas,,,env_labs,,,,,,,,
Eurofins Corvallis,,TNI00224,,Corvallis,Oregon,,,env_labs,,,,,,,,
Eurofins Dallas,,TNI00080,,Dallas,Texas,,,env_labs,,,,,,,,
Eurofins Denver,,TNI00010,,Arvada,Colorado,,,env_labs,,,,,,,,
EUROFINS DERRY (#1015),,TNI01043,,DERRY,New Hampshire,,,env_labs,,,,,,,,
"EUROFINS DRINKING WATER AND WASTEWATER CENTRAL, LLC",,TNI01646,,MARION,Ohio,,,env_labs,,,,,,,,
"Eurofins Eaton Analytical, LLC - Pomona",,TNI02760,,Pomona,California,,,env_labs,,,,,,,,
EUROFINS EDISON,,TNI01281,,EDISON,New Jersey,,,env_labs,,,,,,,,
Eurofins El Paso,,TNI00032,,El Paso,Texas,,,env_labs,,,,,,,,
EUROFINS ENVIRONMENT TESTING CANADA INC (#2248),,TNI02805,,Ottawa,Ontario,,,env_labs,,,,,,,,
Eurofins Environment Testing Ecotoxicology,,TNI00021,,Carrollton,Texas,,,env_labs,,,,,,,,
Eurofins Environment Testing North Central,,TNI02593,,Cleveland,Ohio,,,env_labs,,,,,,,,
"Eurofins Environment Testing Northern California, LLC",,TNI01204,,Folsom,California,,,env_labs,,,,,,,,
Eurofins Environment Testing Northwest - ASL,,TNI00202,,Corvallis,Oregon,,,env_labs,,,,,,,,
EUROFINS ENVIRONMENT TESTING NORWAY AS,,TNI02397,,KRISTIANSAND,Not Applicable,,,env_labs,,,,,,,,
EUROFINS ENVIRONMENT TESTING RADON LLC,,TNI01699,,CARROLLTON,Texas,,,env_labs,,,,,,,,
Eurofins Environment Testing South Central-SATL,,TNI00138,,San Antonio,Texas,,,env_labs,,,,,,,,
"Eurofins EPK Built Environment Testing, LLC",,TNI01771,,Seattle,Washington,,,env_labs,,,,,,,,
Eurofins Florida Keys,,TNI00445,,Marathon,Florida,,,env_labs,,,,,,,,
Eurofins Fort Lauderdale,,TNI02553,,Fort Lauderdale,Florida,,,env_labs,,,,,,,,
Eurofins Ft. Myers,,TNI00554,,Ft. Myers,Florida,,,env_labs,,,,,,,,
Eurofins Geneva,,TNI02050,,Geneva,Illinois,,,env_labs,,,,,,,,
Eurofins Houston,,TNI00026,,Stafford,Texas,,,env_labs,,,,,,,,
Eurofins Huntsville,,TNI00017,,Huntsville,Texas,,,env_labs,,,,,,,,
Eurofins Jacksonville,,TNI00399,,Jacksonville,Florida,,,env_labs,,,,,,,,
Eurofins Kansas City,,TNI03063,,Lenexa,Kansas,,,env_labs,,,,,,,,
Eurofins Knoxville,,TNI00189,,Knoxville,Tennessee,,,env_labs,,,,,,,,
"Eurofins Lancaster Laboratories Environment Testing, LLC",,TNI02128,,Lancaster,Pennsylvania,,,env_labs,,,,,,,,
Eurofins Lubbock,,TNI00030,,Lubbock,Texas,,,env_labs,,,,,,,,
Eurofins Madison,,TNI00446,,Madison,Florida,,,env_labs,,,,,,,,
Eurofins Nokomis,,TNI00553,,Nokomis,Florida,,,env_labs,,,,,,,,
Eurofins Oklahoma City,,TNI02180,,Oklahoma City,Oklahoma,,,env_labs,,,,,,,,
Eurofins Orlando,,TNI00444,,Altamonte Springs,Florida,,,env_labs,,,,,,,,
Eurofins Orlando,,TNI00400,,Orlando,Florida,,,env_labs,,,,,,,,
Eurofins Pensacola,,TNI00601,,Pensacola,Florida,,,env_labs,,,,,,,,
Eurofins Philadelphia - Horsham,,TNI02569,,Horsham,Pennsylvania,,,env_labs,,,,,,,,
Eurofins Phoenix,,TNI00231,,Phoenix,Arizona,,,env_labs,,,,,,,,
Eurofins Pittsburgh,,TNI02151,,Pittsburgh,Pennsylvania,,,env_labs,,,,,,,,
Eurofins Port St. Lucie,,TNI00447,,Port St. Lucie,Florida,,,env_labs,,,,,,,,
EUROFINS PORTSMOUTH (#1732),,TNI01061,,PORTSMOUTH,New Hampshire,,,env_labs,,,,,,,,
EUROFINS PROVIDENCE (ESS) (#2424),,TNI01041,,CRANSTON,Rhode Island,,,env_labs,,,,,,,,
Eurofins Raleigh,,TNI00398,,Cary,North Carolina,,,env_labs,,,,,,,,
EUROFINS RHODE ISLAND (#2245),,TNI00575,,NORTH KINGSTON,Rhode Island,,,env_labs,,,,,,,,
Eurofins Sacramento,,TNI01230,,West Sacramento,California,,,env_labs,,,,,,,,
Eurofins Savannah,,TNI00593,,Savannah,Georgia,,,env_labs,,,,,,,,
EUROFINS SCITEC SA,,TNI01664,,1007 LAUSANNE,Not Applicable,,,env_labs,,,,,,,,
Eurofins Seattle,,TNI00452,,Tacoma,Washington,,,env_labs,,,,,,,,
Eurofins South Bend,,TNI00617,,South Bend,Indiana,,,env_labs,,,,,,,,
Eurofins Spokane,,TNI02475,,Spokane,Washington,,,env_labs,,,,,,,,
Eurofins St. Louis,,TNI00602,,Earth City,Missouri,,,env_labs,,,,,,,,
Eurofins Tampa,,TNI00594,,Tampa,Florida,,,env_labs,,,,,,,,
Eurofins TestAmerica - Houston,,TNI00034,,Houston,Texas,,,env_labs,,,,,,,,
Eurofins TestAmerica Seattle,,TNI00235,,Tacoma,Washington,,,env_labs,,,,,,,,
Eurofins Washington,,TNI00385,,Burlington,Washington,,,env_labs,,,,,,,,
Eurofins Wilsonville,,TNI02170,,Wilsonville,Oregon,,,env_labs,,,,,,,,
EVANS CHEMETICS ANALYTICAL LAB,,TNI01466,,WATERLOO,New York,,,env_labs,,,,,,,,
"Everglades Laboratories, Inc.",,TNI00410,,West Palm Beach,Florida,,,env_labs,,,,,,,,
Everglades Research and Education Center,,TNI00411,,Belle Glade,Florida,,,env_labs,,,,,,,,
EWEB Water Quality Laboratory,,TNI00215,,Springfield,Oregon,,,env_labs,,,,,,,,
FALLSBURG (T) ENV LAB,,TNI01568,,SO FALLSBURG,New York,,,env_labs,,,,,,,,
FDOH Environmental Laboratory West Palm Beach,,TNI02728,,West Palm Beach,Florida,,,env_labs,,,,,,,,
Fibertec Environmental Services,,TNI02260,,Holt,Michigan,,,env_labs,,,,,,,,
Fillmore SWCD Water Quality Laboratory,,TNI01145,,Preston,Minnesota,,,env_labs,,,,,,,,
FINGER LAKES INSTITUTE,,TNI02814,,GENEVA,New York,,,env_labs,,,,,,,,
FINGER LAKES LPG STORAGE LLC,,TNI01737,,SAVONA,New York,,,env_labs,,,,,,,,
"First Environmental Laboratories, Inc.",,TNI02031,,Naperville,Illinois,,,env_labs,,,,,,,,
FL Department of Health -  Miami Branch Laboratory,,TNI00416,,Miami,Florida,,,env_labs,,,,,,,,
FL Dept. of Health - Alachua County Health Department,,TNI00420,,Gainesville,Florida,,,env_labs,,,,,,,,
FL Dept. of Health - Columbia County Health Department,,TNI00421,,Lake City,Florida,,,env_labs,,,,,,,,
FL Dept. of Health - Hendry County Environmental Laboratory,,TNI00422,,LaBelle,Florida,,,env_labs,,,,,,,,
FL Dept. of Health - Indian River County Health Department,,TNI00424,,Vero Beach,Florida,,,env_labs,,,,,,,,
FL Dept. of Health - Lee County Health Department,,TNI00425,,Ft. Myers,Florida,,,env_labs,,,,,,,,
FL Dept. of Health - Walton County Health Department,,TNI00430,,DeFuniak Springs,Florida,,,env_labs,,,,,,,,
FL DOH/BUREAU OF LAB/ENVIRONMENTAL MICRO SECTION,,TNI01787,,JACKSONVILLE,Florida,,,env_labs,,,,,,,,
FLDOH BUREAU OF PUBLIC HEALTH LABORATORIES,,TNI01770,,JACKSONVILLE,Florida,,,env_labs,,,,,,,,
Florida DEP Laboratory,,TNI00414,,Tallahassee,Florida,,,env_labs,,,,,,,,
Florida Keys Aqueduct Authority - Florida City Treatment Plant,,TNI00434,,Florida City,Florida,,,env_labs,,,,,,,,
Florida Power & Light Central Laboratory,,TNI00436,,West Palm Beach,Florida,,,env_labs,,,,,,,,
"Florida Radiochemistry Services, Inc.",,TNI00437,,Orlando,Florida,,,env_labs,,,,,,,,
Florida Spectrum Environmental Services Inc. - Space Coast Laboratory,,TNI00449,,Merrit Island,Florida,,,env_labs,,,,,,,,
"Florida-Spectrum Environmental Services, Inc.",,TNI00442,,Ft. Lauderdale,Florida,,,env_labs,,,,,,,,
"Florida-Spectrum Environmental Services, Inc. - Savannah",,TNI00448,,Garden City,Georgia,,,env_labs,,,,,,,,
Florida-Spectrum Environmental Services-Big Lake Laboratory,,TNI00443,,Okeechobee,Florida,,,env_labs,,,,,,,,
Food Safety Net Services,,TNI02720,,Dodge City,Kansas,,,env_labs,,,,,,,,
Food Safety Net Services,,TNI02726,,Dodge City,Kansas,,,env_labs,,,,,,,,
Food Safety Net Services,,TNI02731,,Dodge City,Kansas,,,env_labs,,,,,,,,
Food Safety Net Services,,TNI02736,,Dodge City,Kansas,,,env_labs,,,,,,,,
Food Safety Net Services,,TNI02740,,Dodge City,Kansas,,,env_labs,,,,,,,,
Food Safety Net Services,,TNI02745,,Dodge City,Kansas,,,env_labs,,,,,,,,
Fort Pierce Utilities Authority Water Treatment Plant,,TNI00450,,Ft. Pierce,Florida,,,env_labs,,,,,,,,
Fort Worth Water Department Centralized Water & Wastewater Laboratory,,TNI00013,,Fort Worth,Texas,,,env_labs,,,,,,,,
Four Rivers Sanitation Authority,,TNI02046,,Rockford,Illinois,,,env_labs,,,,,,,,
"Friedman & Bruya, Inc",,TNI00216,,Seattle,Washington,,,env_labs,,,,,,,,
Frontier Analytical Laboratory,,TNI01220,,El Dorado Hills,California,,,env_labs,,,,,,,,
FRONTIER TECHNICAL ASSOC INC,,TNI01557,,WILLIAMSVILLE,New York,,,env_labs,,,,,,,,
FULTON SEWAGE TREATMENT PLANT,,TNI01506,,FULTON,New York,,,env_labs,,,,,,,,
"Future Laboratories, Inc.",,TNI00453,,Milton,Florida,,,env_labs,,,,,,,,
"Gabriel Laboratories, Ltd.",,TNI02032,,Chicago,Illinois,,,env_labs,,,,,,,,
Garden City Municipal Wastewater Laboratory,,TNI01897,,Garden City,Kansas,,,env_labs,,,,,,,,
GARDEN STATE LABORATORIES INC,,TNI01287,,HILLSIDE,New Jersey,,,env_labs,,,,,,,,
GASPORT SD#1 STP,,TNI01609,,GASPORT,New York,,,env_labs,,,,,,,,
"GD Air Testing, Inc.",,TNI00142,,Plano,Texas,,,env_labs,,,,,,,,
"GEL Laboratories, LLC",,TNI00188,,Charleston,South Carolina,,,env_labs,,,,,,,,
Geochemical Testing,,TNI02126,,Somerset,Pennsylvania,,,env_labs,,,,,,,,
Georgia Power Environmental Laboratory,,TNI00456,,Atlanta,Georgia,,,env_labs,,,,,,,,
GHM ENVIRONMENTAL,,TNI01677,,SAVONA,New York,,,env_labs,,,,,,,,
Glen Canyon - Wahweap,,TNI01981,,Page,Arizona,,,env_labs,,,,,,,,
GLENS FALLS WATER LABORATORY,,TNI01633,,GLENS FALLS,New York,,,env_labs,,,,,,,,
GLOVERSVILLE WATER WORKS,,TNI01539,,GLOVERSVILLE,New York,,,env_labs,,,,,,,,
GLOVERSVILLE-JOHNSTOWN JWTF,,TNI01435,,JOHNSTOWN,New York,,,env_labs,,,,,,,,
Gopher Resource - Tampa,,TNI02659,,Tampa,Florida,,,env_labs,,,,,,,,
Gopher Resource Corp. Laboratory,,TNI01144,,Eagan,Minnesota,,,env_labs,,,,,,,,
GORHAM WASTEWATER TREATMENT FACILITY LABORATORY,,TNI01042,,GORHAM,New Hampshire,,,env_labs,,,,,,,,
"GPI LABORATORIES, INC.",,TNI01733,,KENTWOOD,Michigan,,,env_labs,,,,,,,,
"Grace Consulting, Inc.",,TNI02661,,Plainfield,Indiana,,,env_labs,,,,,,,,
GRAHAMSVILLE LABORATORY,,TNI01582,,GRAHAMSVILLE,New York,,,env_labs,,,,,,,,
GRAND ISLAND WASTEWATER PLANT,,TNI01468,,GRAND ISLAND,New York,,,env_labs,,,,,,,,
"Grants Pass Water Laboratory, Inc./The Water Lab",,TNI00217,,Grants Pass,Oregon,,,env_labs,,,,,,,,
GREAT LAKES ENVIRONMENTAL CENTER INC (MI),,TNI02205,,TRAVERSE CITY,Michigan,,,env_labs,,,,,,,,
GREAT LAKES ENVIRONMENTAL CENTER INC (OH),,TNI02590,,COLUMBUS,Ohio,,,env_labs,,,,,,,,
"Green Country Testing, Inc. - OKC",,TNI02639,,Oklahoma City,Oklahoma,,,env_labs,,,,,,,,
"Green Country Testing, Inc. - Tulsa",,TNI01389,,Tulsa,Oklahoma,,,env_labs,,,,,,,,
Green Leaf Lab,,TNI02452,,Portland,Oregon,,,env_labs,,,,,,,,
Green Leaf Lab - Rogue River,,TNI02715,,Rogue River,Oregon,,,env_labs,,,,,,,,
GreenWater Laboratory / CyanoLab,,TNI02510,,Palatka,Florida,,,env_labs,,,,,,,,
Guadalupe-Blanco River Authority Regional Laboratory,,TNI00060,,Seguin,Texas,,,env_labs,,,,,,,,
Gulf Coast Analytical Laboratories LLC dba Pace Analytical Gulf Coast,,TNI01390,,Baton Rouge,Louisiana,,,env_labs,,,,,,,,
Gulf Coast Authority,,TNI00085,,Pasadena,Texas,,,env_labs,,,,,,,,
Gulf Coast Testing LLC,,TNI02493,,Prairieville,Louisiana,,,env_labs,,,,,,,,
Gulf States Environmental Laboratories Inc,,TNI01391,,Shreveport,Louisiana,,,env_labs,,,,,,,,
H&P Mobile Geochemistry Inc,,TNI02365,,Carlsbad,California,,,env_labs,,,,,,,,
H2O Quality Laboratory a Division of Prince William Water,,TNI01240,,Woodbridge,Virginia,,,env_labs,,,,,,,,
HAMPTON- CLARKE,,TNI01278,,FAIRFIELD,New Jersey,,,env_labs,,,,,,,,
HAMPTON-CLARKE INC,,TNI02253,,MOUNT LAUREL,New Jersey,,,env_labs,,,,,,,,
Harris County Pollution Control Services Department,,TNI00045,,Pasadena,Texas,,,env_labs,,,,,,,,
HAWTHORNE LABORATORY,,TNI01603,,HAWTHORNE,New York,,,env_labs,,,,,,,,
HAZEN RESEARCH INC,,TNI01694,,GOLDEN,Colorado,,,env_labs,,,,,,,,
HENNINGSON DURHAM & RICHARDSON ARCHITECTURE & ENGINEERING PC,,TNI01511,,NANUET,New York,,,env_labs,,,,,,,,
Henrico County D.P.U. Central Environmental Laboratory,,TNI02222,,Henrico,Virginia,,,env_labs,,,,,,,,
HF Sinclair El Dorado Refining LLC,,TNI01893,,El Dorado,Kansas,,,env_labs,,,,,,,,
HGS Analytical Laboratory,,TNI02532,,Oxford,Alabama,,,env_labs,,,,,,,,
"HILLMANN CONSULTING, LLC",,TNI01286,,UNION,New Jersey,,,env_labs,,,,,,,,
Hillsborough County Environmental Laboratory,,TNI00461,,Tampa,Florida,,,env_labs,,,,,,,,
Hillsborough County Environmental Protection Commission,,TNI00460,,Tampa,Florida,,,env_labs,,,,,,,,
HORNELL (C) WATER TREATMENT PLANT,,TNI01429,,HORNELL,New York,,,env_labs,,,,,,,,
Howard F. Curren Advanced Wastewater Treatment Plant Analytical Laboratory,,TNI00462,,Tampa,Florida,,,env_labs,,,,,,,,
HRSD Central Environmental Laboratory,,TNI01239,,Virginia Beach,Virginia,,,env_labs,,,,,,,,
Hutchinson Municipal Wastewater Laboratory,,TNI01904,,Hutchinson,Kansas,,,env_labs,,,,,,,,
"Huther and Associates, Inc.",,TNI00039,,Denton,Texas,,,env_labs,,,,,,,,
"HYDRO TECHNOLOGIES, LLC",,TNI01880,,NEW MILFORD,Connecticut,,,env_labs,,,,,,,,
IEH - JL Analytical,,TNI02561,,Modesto,California,,,env_labs,,,,,,,,
IEH SCIENTIFIC METHODS,,TNI02288,,GRANGER,Indiana,,,env_labs,,,,,,,,
Illinois Environmental Protection Agency Laboratory,,TNI00466,,Springfield,Illinois,,,env_labs,,,,,,,,
"Inboden Environmental Services, Inc.",,TNI01251,,Mount Jackson,Virginia,,,env_labs,,,,,,,,
INFRAMARK,,TNI01821,,STATEN ISLAND,New York,,,env_labs,,,,,,,,
"Instrumental Research, Inc",,TNI01082,,Fridley,Minnesota,,,env_labs,,,,,,,,
"Integrity Testing, Inc.",,TNI02281,,Austin,Texas,,,env_labs,,,,,,,,
International Paper Pensacola Mill Central Laboratory,,TNI00467,,Cantonment,Florida,,,env_labs,,,,,,,,
International Water Quality Laboratory,,TNI00137,,El Paso,Texas,,,env_labs,,,,,,,,
INTERSTATE ENVIRONMENTAL COMMISSION,,TNI01547,,BROOKLYN,New York,,,env_labs,,,,,,,,
Ion Testing Laboratory,,TNI02684,,Georgetown,Texas,,,env_labs,,,,,,,,
"IRIS ENVIRONMENTAL LABORATORIES, LLC",,TNI02478,,UNION,New Jersey,,,env_labs,,,,,,,,
IRON Laboratories Oregon,,TNI02459,,Eugene,Oregon,,,env_labs,,,,,,,,
Irwin Army Community Hospital-Water Laboratory-PH-EH,,TNI02529,,Fort Riley,Kansas,,,env_labs,,,,,,,,
ITHACA AREA WASTE WATER TREATMENT FACILITY,,TNI01617,,ITHACA,New York,,,env_labs,,,,,,,,
J MYERS WATER SERVICES INC,,TNI01840,,HUNTER,New York,,,env_labs,,,,,,,,
JACO ANALYTICAL LABORATORY,,TNI01686,,EPHRATA,Washington,,,env_labs,,,,,,,,
James R. Reed & Associates,,TNI01241,,Newport News,Virginia,,,env_labs,,,,,,,,
JB3 CONSULTING,,TNI01738,,LAKE GEORGE,New York,,,env_labs,,,,,,,,
JEA Laboratory Services,,TNI00468,,Jacksonville,Florida,,,env_labs,,,,,,,,
"JH CONSULTING GROUP, INC",,TNI01784,,LOUDONVILLE,New York,,,env_labs,,,,,,,,
Johnson County Water Quality Laboratory,,TNI01926,,Olathe,Kansas,,,env_labs,,,,,,,,
"Joiner Labs, LLC dba Joiner Micro Labs",,TNI01261,,Warrenton,Virginia,,,env_labs,,,,,,,,
JOINT REGIONAL SEWERAGE BOARD,,TNI01656,,WEST HAVERSTRAW,New York,,,env_labs,,,,,,,,
JORDAN (V) WATER POLLUTION CONTROL PLANT,,TNI01476,,JORDAN,New York,,,env_labs,,,,,,,,
Jordan Basin Water Reclamation Facility Laboratory,,TNI02226,,Riverton,Utah,,,env_labs,,,,,,,,
Jordan Valley Laboratory,,TNI01984,,Herriman,Utah,,,env_labs,,,,,,,,
Jordanelle Laboratory,,TNI01985,,Heber City,Utah,,,env_labs,,,,,,,,
"Jupiter Environmental Laboratories, Inc.",,TNI00469,,Jupiter,Florida,,,env_labs,,,,,,,,
KAM CONSULTANTS,,TNI01674,,LONG ISLAND CITY,New York,,,env_labs,,,,,,,,
Kanapaha Laboratory - Gainesville Utilities,,TNI00473,,Gainesville,Florida,,,env_labs,,,,,,,,
Kansas City Board of Public Utilities-Nearman Water Laboratory,,TNI01908,,Kansas City,Kansas,,,env_labs,,,,,,,,
Kansas City Municipal Wastewater Laboratory,,TNI01910,,Kansas City,Kansas,,,env_labs,,,,,,,,
KATAHDIN ANALYTICAL SERVICES LLC (#2001),,TNI00476,,SCARBOROUGH,Maine,,,env_labs,,,,,,,,
Kaycha Labs Oregon,,TNI02457,,Central Point,Oregon,,,env_labs,,,,,,,,
KC Water Services Laboratory,,TNI02727,,Kansas City,Missouri,,,env_labs,,,,,,,,
KEENE CITY LABORATORY,,TNI01046,,SWANZEY,New Hampshire,,,env_labs,,,,,,,,
Kennedy Space Center Environmental Microbiology Laboratory,,TNI00477,,Kennedy Space Center,Florida,,,env_labs,,,,,,,,
KENTUCKY EEC DEP DIV ENVIRONMENTAL PROGRAM SUPPORT,,TNI01063,,FRANKFORT,Kentucky,,,env_labs,,,,,,,,
KINGSTON LABORATORY - NYC DEP,,TNI01425,,KINGSTON,New York,,,env_labs,,,,,,,,
KINGSTON WATER DEPARTMENT LAB,,TNI01457,,KINGSTON,New York,,,env_labs,,,,,,,,
Klamath Tribes Sprague River Water Quality Laboratory,,TNI02451,,Chiloquin,Oregon,,,env_labs,,,,,,,,
KNL Environmental Testing,,TNI00478,,Tampa,Florida,,,env_labs,,,,,,,,
Koochiching Health Department Water Testing,,TNI01147,,International Falls,Minnesota,,,env_labs,,,,,,,,
LACONIA WATER WORKS LABORATORY,,TNI01047,,LAKEPORT,New Hampshire,,,env_labs,,,,,,,,
Lafayette Consolidated Government,,TNI01392,,Lafayette,Louisiana,,,env_labs,,,,,,,,
Lake County Environmental Laboratory,,TNI02035,,Libertyville,Illinois,,,env_labs,,,,,,,,
Lake County Water Resource Management Laboratory,,TNI00479,,Tavares,Florida,,,env_labs,,,,,,,,
LAKE PLACID VILLAGE,,TNI01492,,LAKE PLACID,New York,,,env_labs,,,,,,,,
Lawrence Municipal Laboratory - Utilities,,TNI01914,,Lawrence,Kansas,,,env_labs,,,,,,,,
Leavenworth Municipal Wastewater Treatment Plant,,TNI01915,,Leavenworth,Kansas,,,env_labs,,,,,,,,
Lee County Environmental Laboratory,,TNI00481,,Ft. Myers,Florida,,,env_labs,,,,,,,,
LEFRAK CITY PRIORITY POLLUTANTS LAB-NYCDEP,,TNI01703,,CORONA,New York,,,env_labs,,,,,,,,
"Legend Technical Services, Inc.",,TNI01120,,St Paul,Minnesota,,,env_labs,,,,,,,,
Liberal Municipal Wastewater Laboratory,,TNI01918,,Liberal,Kansas,,,env_labs,,,,,,,,
LIFE SCIENCE LABORATORIES - CENTRAL,,TNI01488,,EAST SYRACUSE,New York,,,env_labs,,,,,,,,
LIFE SCIENCE LABORATORIES INC - FINGER LAKES,,TNI01745,,WAYLAND,New York,,,env_labs,,,,,,,,
LIFE SCIENCE LABORATORIES INC - NORTH,,TNI01621,,WADDINGTON,New York,,,env_labs,,,,,,,,
Lightscale Labs,,TNI02466,,Portland,Oregon,,,env_labs,,,,,,,,
LOCKPORT WASTEWATER TREATMENT PLANT,,TNI01423,,LOCKPORT,New York,,,env_labs,,,,,,,,
LOCKPORT WATER TREATMENT PLANT LAB,,TNI01587,,LOCKPORT,New York,,,env_labs,,,,,,,,
"LONG ISLAND ANALYTICAL LABORATORIES, INC",,TNI01752,,HOLBROOK,New York,,,env_labs,,,,,,,,
Lower Colorado River Authority - Environmental Laboratory Services,,TNI00029,,Austin,Texas,,,env_labs,,,,,,,,
Lower Neches Valley Authority - North Regional Treatment Plant Laboratory,,TNI00104,,Beaumont,Texas,,,env_labs,,,,,,,,
Loxahatchee River Environmental Control District,,TNI00483,,Jupiter,Florida,,,env_labs,,,,,,,,
"LOZIER ENVIRONMENTAL CONSULTING, INC",,TNI01777,,ROCHESTER,New York,,,env_labs,,,,,,,,
Luman's Laboratories,,TNI02717,,Chetopa,Kansas,,,env_labs,,,,,,,,
M. J. Reider Associates Inc,,TNI02130,,Reading,Pennsylvania,,,env_labs,,,,,,,,
MAIN PUMP STATION NO 5,,TNI01601,,CHEEKTOWAGA,New York,,,env_labs,,,,,,,,
MAINE LABORATORIES LLC,,TNI02801,,NORRIDGEWOCK,Maine,,,env_labs,,,,,,,,
Manatee County Natural Resources Department,,TNI00485,,Bradenton,Florida,,,env_labs,,,,,,,,
Manatee County Utilities Department WTPQC Laboratory,,TNI00486,,Bradenton,Florida,,,env_labs,,,,,,,,
Manatee County Utility Department Central Laboratory,,TNI00487,,Bradenton,Florida,,,env_labs,,,,,,,,
MANCHESTER WATER WORKS LABORATORY,,TNI01049,,MANCHESTER,New Hampshire,,,env_labs,,,,,,,,
Manhattan Municipal Wastewater Laboratory,,TNI01920,,Manhattan,Kansas,,,env_labs,,,,,,,,
Mankato Water Plant,,TNI01076,,Mankato,Minnesota,,,env_labs,,,,,,,,
"Marathon Petroleum, LP - RAD Environmental Services Laboratory",,TNI02111,,Catlettsburg,Kentucky,,,env_labs,,,,,,,,
"Marinco Bioassay Laboratory, Inc.",,TNI00488,,Sarasota,Florida,,,env_labs,,,,,,,,
"Marine Chemist Service, Inc.",,TNI02362,,Newport News,Virginia,,,env_labs,,,,,,,,
"Marion County Water Test Lab., LLC",,TNI02198,,Ocala,Florida,,,env_labs,,,,,,,,
Martin County Environmental Services - North Water Treatment Plant Laboratory,,TNI00489,,Jensen Beach,Florida,,,env_labs,,,,,,,,
"Maryland Spectral Services, Inc.",,TNI01265,,Halethorpe,Maryland,,,env_labs,,,,,,,,
Matrix Sciences dba KTL,,TNI02416,,Pasco,Washington,,,env_labs,,,,,,,,
MCANDREW LABORATORY INC,,TNI01481,,ORCHARD PARK,New York,,,env_labs,,,,,,,,
McCampbell Analytical Inc.,,TNI02278,,PITTSBURG,California,,,env_labs,,,,,,,,
McCowan Clinical Laboratory Inc.,,TNI00213,,Coos Bay,Oregon,,,env_labs,,,,,,,,
"McGlynn Laboratories, Inc.",,TNI00490,,Tallahassee,Florida,,,env_labs,,,,,,,,
McPherson Municipal Wastewater Laboratory,,TNI01921,,McPherson,Kansas,,,env_labs,,,,,,,,
"Meridian Analytical Laboratories, LLC - Mound Valley",,TNI01923,,Mound Valley,Kansas,,,env_labs,,,,,,,,
Meridian Analytical Laboratory - Wichita,,TNI01941,,Wichita,Kansas,,,env_labs,,,,,,,,
Merieux NutriSciences,,TNI00245,,Gainesville,Florida,,,env_labs,,,,,,,,
"MERIT LABORATORIES, INC.",,TNI01791,,EAST LANSING,Michigan,,,env_labs,,,,,,,,
MERRIMACK WASTEWATER TREATMENT PLANT LABORATORY,,TNI01050,,MERRIMACK,New Hampshire,,,env_labs,,,,,,,,
"Metiri Analytical Group, Inc",,TNI02123,,Kittanning,Pennsylvania,,,env_labs,,,,,,,,
Metropolitan Solutions,,TNI02221,,Portsmouth,Virginia,,,env_labs,,,,,,,,
Metropolitan Water District Laboratory,,TNI01987,,Cottonwood Heights,Utah,,,env_labs,,,,,,,,
Miami-Dade Central District Wastewater Treatment Plant Laboratory,,TNI00492,,Virginia Key-Miami,Florida,,,env_labs,,,,,,,,
"Miami-Dade County, Department of Environmental Resources Management (DERM)",,TNI00376,,Miami,Florida,,,env_labs,,,,,,,,
Miami-Dade North District Wastewater Treatment Plant Laboratory,,TNI00494,,North Miami Beach,Florida,,,env_labs,,,,,,,,
Miami-Dade South District Wastewater Treatment Plant Laboratory,,TNI00495,,Miami,Florida,,,env_labs,,,,,,,,
Miami-Dade Water & Sewer Authority - Orr Water Treatment Plant Laboratory,,TNI00496,,Miami,Florida,,,env_labs,,,,,,,,
Miami-Dade Water & Sewer Department - John E. Preston Water Quality Laboratory,,TNI00497,,Hialeah,Florida,,,env_labs,,,,,,,,
"Michigan Department of Environment, Great Lakes, and Energy",,TNI02687,,Lansing,Michigan,,,env_labs,,,,,,,,
"Michigan Department of Environment, Great Lakes, and Energy Laboratory Services",,TNI02677,,Lansing,Michigan,,,env_labs,,,,,,,,
Micro Methods Laboratory Inc,,TNI01397,,Ocean Springs,Mississippi,,,env_labs,,,,,,,,
MICROBAC LABORATORIES INC (CT) #2243,,TNI01724,,DAYVILLE,Connecticut,,,env_labs,,,,,,,,
"Microbac Laboratories, Inc - Kansas",,TNI01911,,Lenexa,Kansas,,,env_labs,,,,,,,,
"Microbac Laboratories, Inc - Kentucky Division",,TNI02199,,Louisville,Kentucky,,,env_labs,,,,,,,,
"Microbac Laboratories, Inc - Marietta Division",,TNI00498,,Marietta,Ohio,,,env_labs,,,,,,,,
"MICROBAC LABORATORIES, INC-NORTHBROOK",,TNI02420,,NORTHBROOK,Illinois,,,env_labs,,,,,,,,
"Microbac Laboratories, Inc. - Baltimore",,TNI02442,,Baltimore,Maryland,,,env_labs,,,,,,,,
"Microbac Laboratories, Inc. - Chicagoland Division",,TNI01842,,Merrillville,Indiana,,,env_labs,,,,,,,,
"Microbac Laboratories, Inc. - Pittston",,TNI02680,,Pittston,Pennsylvania,,,env_labs,,,,,,,,
"Microbac Laboratories, Inc. Pittsburgh Division",,TNI02133,,Warrendale,Pennsylvania,,,env_labs,,,,,,,,
"Microbac Laboratories, Inc., Knoxville Division",,TNI01946,,Maryville,Tennessee,,,env_labs,,,,,,,,
"Microbac Laboratories, Inc.-Newton",,TNI01303,,Newton,Iowa,,,env_labs,,,,,,,,
MICROBAC NEW YORK-CORTLAND,,TNI01606,,CORTLAND,New York,,,env_labs,,,,,,,,
"MID-ATLANTIC ENVIRONMENTAL LABORATORIES, INC.",,TNI01298,,NEW CASTLE,Delaware,,,env_labs,,,,,,,,
MIDDLEPORT TREATMENT FACILITY,,TNI01566,,MIDDLEPORT,New York,,,env_labs,,,,,,,,
"Midwest Laboratories, Inc.",,TNI00502,,Omaha,Nebraska,,,env_labs,,,,,,,,
Mill Creek Lab of Cincinnati Metropolitan Sewer District,,TNI02386,,Cincinnati,Ohio,,,env_labs,,,,,,,,
Milwaukee Metropolitan Sewerage District,,TNI00504,,Milwaukee,Wisconsin,,,env_labs,,,,,,,,
Minneapolis Water Department,,TNI01151,,Fridley,Minnesota,,,env_labs,,,,,,,,
"Minnesota Valley Testing Laboratories, Inc.",,TNI01080,,New Ulm,Minnesota,,,env_labs,,,,,,,,
Minnesota Valley Testing Labs Inc.,,TNI01176,,Bismarck,North Dakota,,,env_labs,,,,,,,,
MOHAWK VALLEY WATER AUTHORITY,,TNI01508,,UTICA,New York,,,env_labs,,,,,,,,
MOHAWK VIEW LABORATORY,,TNI01418,,LATHAM,New York,,,env_labs,,,,,,,,
MONROE COUNTY ENVIRONMENTAL LABORATORY,,TNI01527,,ROCHESTER,New York,,,env_labs,,,,,,,,
MONROE COUNTY WATER AUTHORITY WTP,,TNI01447,,ROCHESTER,New York,,,env_labs,,,,,,,,
MONTICELLO (V),,TNI01486,,MONTICELLO,New York,,,env_labs,,,,,,,,
Moody Labs LLC,,TNI02811,,Farmers Branch,Texas,,,env_labs,,,,,,,,
Moorhead Public Service Laboratory,,TNI01154,,Moorhead,Minnesota,,,env_labs,,,,,,,,
"Morton Salt, Inc.",,TNI01937,,South Hutchinson,Kansas,,,env_labs,,,,,,,,
Mosaic Fertilizer LLC Environmental Laboratory,,TNI00505,,Mulberry,Florida,,,env_labs,,,,,,,,
Mote Marine Laboratory,,TNI00506,,Sarasota,Florida,,,env_labs,,,,,,,,
Murphree Water Treatment Plant,,TNI00321,,Gainesville,Florida,,,env_labs,,,,,,,,
MW labs,,TNI02480,,Medford,Oregon,,,env_labs,,,,,,,,
MWRDGC Calumet Analytical Laboratory,,TNI02037,,Chicago,Illinois,,,env_labs,,,,,,,,
MWRDGC Egan Analytical Laboratory,,TNI02038,,Schaumburg,Illinois,,,env_labs,,,,,,,,
MWRDGC Industrial Waste Laboratory,,TNI02039,,Cicero,Illinois,,,env_labs,,,,,,,,
MWRDGC Organic Compounds Laboratory,,TNI02040,,Schaumburg,Illinois,,,env_labs,,,,,,,,
MWRDGC Stickney Analytical Laboratory,,TNI02041,,Cicero,Illinois,,,env_labs,,,,,,,,
NASA Johnson Space Center Microbiology Laboratory,,TNI00178,,Houston,Texas,,,env_labs,,,,,,,,
NASSAU COUNTY DEPT OF HEALTH,,TNI01516,,HEMPSTEAD,New York,,,env_labs,,,,,,,,
National Environment Lab,,TNI02699,,Seoul,Not Applicable,,,env_labs,,,,,,,,
"National Testing Laboratories, Ltd.",,TNI02138,,Ypsilanti,Michigan,,,env_labs,,,,,,,,
Natural Waters of Viti Pte Limited,,TNI02379,,"Tavua, Fiji Island",Not Applicable,,,env_labs,,,,,,,,
"Nautilus Environmental, Inc",,TNI02313,,San Diego,California,,,env_labs,,,,,,,,
Neilson Research Corporation,,TNI00221,,Medford,Oregon,,,env_labs,,,,,,,,
NELANALYTICAL (#2534),,TNI01057,,WINSLOW,Maine,,,env_labs,,,,,,,,
NELSON ANALYTICAL LAB - KEENE DIVISION,,TNI01036,,SWANZEY,New Hampshire,,,env_labs,,,,,,,,
NELSON ANALYTICAL LLC,,TNI01053,,MANCHESTER,New Hampshire,,,env_labs,,,,,,,,
NELSON ANALYTICAL LLC - MAINE DIVISION,,TNI01054,,KENNEBUNK,Maine,,,env_labs,,,,,,,,
NESTLE WATERS QUALITY ASSURANCE LAB,,TNI01679,,LOS ANGELES,California,,,env_labs,,,,,,,,
NESTLE WATERS SUPPLY SUD,,TNI01658,,VERGEZE,Not Applicable,,,env_labs,,,,,,,,
New Age Landmark Inc dba New Age Laboratories,,TNI00509,,South Haven,Michigan,,,env_labs,,,,,,,,
New Age/Landmark Inc. #2,,TNI00510,,South Haven,Michigan,,,env_labs,,,,,,,,
New Age/Landmark Inc. #3,,TNI00511,,South Haven,Michigan,,,env_labs,,,,,,,,
NEW ENGLAND BIOASSAY INC.,,TNI02408,,WINDSOR,Connecticut,,,env_labs,,,,,,,,
NEW ENGLAND TESTING LAB INC,,TNI01747,,WEST WARWICK,Rhode Island,,,env_labs,,,,,,,,
NEW HAMPSHIRE DHHS PUBLIC HEALTH LABORATORIES,,TNI01056,,CONCORD,New Hampshire,,,env_labs,,,,,,,,
Newport News Shipbuilding- A Division of Huntington Ingalls Industries,,TNI01238,,Newport News,Virginia,,,env_labs,,,,,,,,
Newton Municipal Wastewater Laboratory,,TNI01924,,Newton,Kansas,,,env_labs,,,,,,,,
NEWTOWN CREEK MICROBIOLOGY LABORATORY,,TNI01648,,BROOKLYN,New York,,,env_labs,,,,,,,,
NEWTOWN CREEK PROCESS CONTROL LAB,,TNI01518,,BROOKLYN,New York,,,env_labs,,,,,,,,
"Niagara Bottling, LLC",,TNI02121,,Howard,Pennsylvania,,,env_labs,,,,,,,,
NIAGARA CO SEWER DISTRICT  #1,,TNI01446,,WHEATFIELD,New York,,,env_labs,,,,,,,,
NIAGARA COUNTY WATER DISTRICT,,TNI01592,,NIAGARA FALLS,New York,,,env_labs,,,,,,,,
NIAGARA FALLS WATER BOARD WASTEWATER  LABORATORY,,TNI01536,,NIAGARA FALLS,New York,,,env_labs,,,,,,,,
NIAGARA FALLS WATER QUALITY LABORATORY,,TNI01535,,NIAGARA FALLS,New York,,,env_labs,,,,,,,,
"Niceville-Valparaiso Regional Sewer Board, Inc.",,TNI00512,,Niceville,Florida,,,env_labs,,,,,,,,
"NORLITE, LLC",,TNI01718,,COHOES,New York,,,env_labs,,,,,,,,
NORTH AMERICAN TESTING,,TNI02586,,NORWALK,Ohio,,,env_labs,,,,,,,,
North Davis Sewer District Laboratory,,TNI01988,,Syracuse,Utah,,,env_labs,,,,,,,,
"North Shore Analytical, Inc.",,TNI01185,,Duluth,Minnesota,,,env_labs,,,,,,,,
North Shore Water Reclamation District,,TNI02042,,Gurnee,Illinois,,,env_labs,,,,,,,,
North Texas Municipal Water District Environmental Laboratory,,TNI00069,,Wylie,Texas,,,env_labs,,,,,,,,
NORTH TONAWANDA WWTP,,TNI01493,,N TONAWANDA,New York,,,env_labs,,,,,,,,
"North Water District Laboratory Services, Inc. Toxicology Laboratory",,TNI00015,,Conroe,Texas,,,env_labs,,,,,,,,
NORTHEAST OHIO REGIONAL SEWER DISTRICT ANALYTICAL SERVICES (#2238),,TNI02602,,CUYAHOGA HEIGHTS,Ohio,,,env_labs,,,,,,,,
Northeast Texas Public Health District Laboratory,,TNI00048,,Tyler,Texas,,,env_labs,,,,,,,,
NORTHERN WESTCHESTER JOINT WATER WORKS,,TNI01803,,CORTLANDT MANOR,New York,,,env_labs,,,,,,,,
Northrop Grumman Space Systems Environmental Laboratory,,TNI01959,,Corinne,Utah,,,env_labs,,,,,,,,
NOVA ANALYTIC LABS,,TNI02941,,PORTLAND,Maine,,,env_labs,,,,,,,,
"Nova Biologicals, Inc",,TNI02533,,Conroe,Texas,,,env_labs,,,,,,,,
"Nova Biologicals, Inc.",,TNI00075,,Conroe,Texas,,,env_labs,,,,,,,,
NSF INTERNATIONAL,,TNI01665,,ANN ARBOR,Michigan,,,env_labs,,,,,,,,
NTM Environmental Reference Laboratory,,TNI03081,,Tyler,Texas,,,env_labs,,,,,,,,
NY ENVIRONMENTAL AND ANALYTICAL LABS INC,,TNI01713,,PORT WASHINGTON,New York,,,env_labs,,,,,,,,
NYC DEP BEC - ENVIROMENTAL TESTING LABORATORY,,TNI01643,,CORONA,New York,,,env_labs,,,,,,,,
NYS DOH Environmental Biology Laboratory,,TNI00514,,Albany,New York,,,env_labs,,,,,,,,
NYS DOH Inorganic & Nuclear Chemistry Laboratory,,TNI00515,,Albany,New York,,,env_labs,,,,,,,,
NYS DOH LABORATORY OF ENVIRONMENTAL BIOLOGY,,TNI02875,,ALBANY,New York,,,env_labs,,,,,,,,
NYS DOH Organic Analytical Chemistry Laboratory,,TNI00516,,Albany,New York,,,env_labs,,,,,,,,
OAKWOOD BEACH PROCESS CONTROL LAB,,TNI01519,,STATEN ISLAND,New York,,,env_labs,,,,,,,,
Obsidian Analytical,,TNI02415,,Golden,Colorado,,,env_labs,,,,,,,,
Occoquan Watershed Monitoring Laboratory,,TNI01253,,Manassas,Virginia,,,env_labs,,,,,,,,
OCL ANALYTICAL SERVICES,,TNI01567,,BLOOMINGBURG,New York,,,env_labs,,,,,,,,
Ogden City Water Treatment Plant,,TNI02551,,Ogden,Utah,,,env_labs,,,,,,,,
Ohio Lumex Analytical Laboratory,,TNI02212,,Solon,Ohio,,,env_labs,,,,,,,,
"Oilfield Environmental & Compliance, Inc. (OEC)",,TNI02666,,Santa Maria,California,,,env_labs,,,,,,,,
Okaloosa County Water and Sewer Laboratory,,TNI00517,,Ft. Walton Beach,Florida,,,env_labs,,,,,,,,
OKLAHOMA STATE ENVIRONMENTAL LABORATORY SERVICES #2338,,TNI02423,,OKLAHOMA CITY,Oklahoma,,,env_labs,,,,,,,,
Olathe Environmental Laboratory,,TNI01925,,Olathe,Kansas,,,env_labs,,,,,,,,
OLEAN (C) WATER TREATMENT PLANT,,TNI01529,,OLEAN,New York,,,env_labs,,,,,,,,
OLEAN WASTEWATER TREATMENT PLT,,TNI01448,,OLEAN,New York,,,env_labs,,,,,,,,
OMIC USA Inc.,,TNI00222,,Portland,Oregon,,,env_labs,,,,,,,,
ONEIDA COUNTY WATER POLLUTION CONTROL,,TNI01419,,UTICA,New York,,,env_labs,,,,,,,,
ONEONTA (C) WATER LABORATORY,,TNI01585,,ONEONTA,New York,,,env_labs,,,,,,,,
ONONDAGA CO WATER AUTHORITY,,TNI01531,,SYRACUSE,New York,,,env_labs,,,,,,,,
ONONDAGA COUNTY DEPT WATER ENV PROTECTIO,,TNI01472,,LIVERPOOL,New York,,,env_labs,,,,,,,,
ONONDAGA COUNTY WATER AUTHORITY OSWEGO LABORATORY,,TNI01484,,OSWEGO,New York,,,env_labs,,,,,,,,
ONTARIO WATER UTILITIES,,TNI01552,,ONTARIO,New York,,,env_labs,,,,,,,,
"Onterris Air Quality Services, LLC",,TNI02266,,Roanoke,Virginia,,,env_labs,,,,,,,,
"Onterris Air Quality Services, LLC - Deer Park",,TNI00172,,Deer Park,Texas,,,env_labs,,,,,,,,
"Onterris Air Quality Services, LLC - Mobile #1",,TNI02489,,Roanoke,Virginia,,,env_labs,,,,,,,,
"Onterris Laboratories, LLC",,TNI02207,,Denver,Colorado,,,env_labs,,,,,,,,
"Onterris Laboratories, LLC",,TNI01235,,El Dorado Hills,California,,,env_labs,,,,,,,,
"Onterris Laboratories, LLC",,TNI01248,,Richmond,Virginia,,,env_labs,,,,,,,,
"Onterris Laboratories, LLC - Anaheim",,TNI02902,,Anaheim,California,,,env_labs,,,,,,,,
"Onterris Laboratories, LLC - Deer Park",,TNI00052,,Deer Park,Texas,,,env_labs,,,,,,,,
"Onterris Laboratories, LLC - Houston",,TNI00035,,Deer Park,Texas,,,env_labs,,,,,,,,
"ONTERRIS LABORATORIES, LLC - MT. PLEASANT",,TNI02583,,MT. PLEASANT,Michigan,,,env_labs,,,,,,,,
"Onterris Laboratories, LLC - Orange",,TNI01207,,Orange,California,,,env_labs,,,,,,,,
Orange County Environmental Protection Division,,TNI00519,,Orlando,Florida,,,env_labs,,,,,,,,
Orange County Sanitation District,,TNI02549,,Fountain Valley,California,,,env_labs,,,,,,,,
Orange County Utilities Central Laboratory,,TNI00520,,Orlando,Florida,,,env_labs,,,,,,,,
"Oregon Department of Environmental Quality, Laboratory and Environmental Assessment Division",,TNI02592,,Hillsboro,Oregon,,,env_labs,,,,,,,,
"Oregon Integrated Labs, LLC",,TNI02621,,Cave Junction,Oregon,,,env_labs,,,,,,,,
Orlando Utilities Commission,,TNI00521,,Orlando,Florida,,,env_labs,,,,,,,,
OSSINING (V) WATER DEPT LAB-INDIAN BROOK,,TNI01584,,OSSINING,New York,,,env_labs,,,,,,,,
OSWEGO WATER TREATMENT PLANT LAB,,TNI01485,,OSWEGO,New York,,,env_labs,,,,,,,,
OTISCO WATER TREATMENT PLANT,,TNI01628,,MARCELLUS,New York,,,env_labs,,,,,,,,
Ott Story MDEQ Superfund Site Laboratory,,TNI02492,,N Muskegon,Michigan,,,env_labs,,,,,,,,
Otto Analytical Lab LLC,,TNI02716,,Lebanon,Oregon,,,env_labs,,,,,,,,
PA DEP BUREAU OF LABORATORIES,,TNI01349,,HARRISBURG,Pennsylvania,,,env_labs,,,,,,,,
"Pace Analytical - Grand Rapids, MI",,TNI00611,,Kentwood,Michigan,,,env_labs,,,,,,,,
Pace Analytical National - Las Vegas,,TNI02891,,Las Vegas,Nevada,,,env_labs,,,,,,,,
Pace Analytical National Center for Testing & Innovation,,TNI01354,,Mount Juliet,Tennessee,,,env_labs,,,,,,,,
Pace Analytical National Center for Testing & Innovation - Davis,,TNI01222,,Sacramento,California,,,env_labs,,,,,,,,
Pace Analytical Services - Tampa,,TNI00571,,Oldsmar,Florida,,,env_labs,,,,,,,,
Pace Analytical Services LLC  New Orleans,,TNI01398,,St. Rose,Louisiana,,,env_labs,,,,,,,,
Pace Analytical Services LLC - Greensburg PA,,TNI02141,,Greensburg,Pennsylvania,,,env_labs,,,,,,,,
PACE ANALYTICAL SERVICES LLC - MA,,TNI01060,,WOBURN,Massachusetts,,,env_labs,,,,,,,,
"Pace Analytical Services LLC - Williamsport, PA",,TNI02269,,Williamsport,Pennsylvania,,,env_labs,,,,,,,,
Pace Analytical Services LLC Baton Rouge,,TNI01376,,Baton Rouge,Louisiana,,,env_labs,,,,,,,,
PACE ANALYTICAL SERVICES LLC MANSFIELD MA (120 FORBES),,TNI02820,,MANSFIELD,Massachusetts,,,env_labs,,,,,,,,
PACE ANALYTICAL SERVICES LLC MANSFIELD MA (320 FORBES),,TNI00262,,MANSFIELD,Massachusetts,,,env_labs,,,,,,,,
"Pace Analytical Services, Inc - Frontenac",,TNI02535,,Frontenac,Kansas,,,env_labs,,,,,,,,
"Pace Analytical Services, Inc - Indianapolis",,TNI02099,,Indianapolis,Indiana,,,env_labs,,,,,,,,
"Pace Analytical Services, Inc. - Salina",,TNI01935,,Salina,Kansas,,,env_labs,,,,,,,,
"Pace Analytical Services, LLC - Altoona, PA",,TNI02189,,Altoona,Pennsylvania,,,env_labs,,,,,,,,
"Pace Analytical Services, LLC - Asheville NC",,TNI00524,,Asheville,North Carolina,,,env_labs,,,,,,,,
"Pace Analytical Services, LLC - Beaver WV",,TNI00546,,Beaver,West Virginia,,,env_labs,,,,,,,,
"Pace Analytical Services, LLC - Dallas, TX",,TNI00038,,Allen,Texas,,,env_labs,,,,,,,,
"Pace Analytical Services, LLC - Duluth, MN",,TNI01090,,Duluth,Minnesota,,,env_labs,,,,,,,,
"PACE ANALYTICAL SERVICES, LLC - EAST LONGMEADOW, MA",,TNI01620,,EAST LONGMEADOW,Massachusetts,,,env_labs,,,,,,,,
"Pace Analytical Services, LLC - Eden NC",,TNI01252,,Eden,North Carolina,,,env_labs,,,,,,,,
"Pace Analytical Services, LLC - Englewood, OH",,TNI02534,,Englewood,Ohio,,,env_labs,,,,,,,,
"Pace Analytical Services, LLC - Erie",,TNI02647,,Erie,Pennsylvania,,,env_labs,,,,,,,,
"PACE ANALYTICAL SERVICES, LLC - EWING",,TNI02425,,EWING,New Jersey,,,env_labs,,,,,,,,
"Pace Analytical Services, LLC - Greenville SC",,TNI00272,,Greenville,South Carolina,,,env_labs,,,,,,,,
"Pace Analytical Services, LLC - Huntersville NC",,TNI00525,,Huntersville,North Carolina,,,env_labs,,,,,,,,
"Pace Analytical Services, LLC - Kentucky - Pikeville",,TNI02490,,Pikeville,Kentucky,,,env_labs,,,,,,,,
"Pace Analytical Services, LLC - Lenexa KS",,TNI01917,,Lenexa,Kansas,,,env_labs,,,,,,,,
"Pace Analytical Services, LLC - Lexington VA",,TNI00548,,Lexington,Virginia,,,env_labs,,,,,,,,
"Pace Analytical Services, LLC - Madisonville",,TNI02188,,Madisonville,Kentucky,,,env_labs,,,,,,,,
"PACE ANALYTICAL SERVICES, LLC - MELVILLE, NY",,TNI01559,,MELVILLE,New York,,,env_labs,,,,,,,,
"Pace Analytical Services, LLC - Minneapolis MN",,TNI00223,,Minneapolis,Minnesota,,,env_labs,,,,,,,,
"Pace Analytical Services, LLC - Ormond Beach FL",,TNI00527,,Ormond Beach,Florida,,,env_labs,,,,,,,,
"Pace Analytical Services, LLC - Sheridan, WY",,TNI02261,,Sheridan,Wyoming,,,env_labs,,,,,,,,
"Pace Analytical Services, LLC - Springfield, MO",,TNI02780,,Springfield,Missouri,,,env_labs,,,,,,,,
"Pace Analytical Services, LLC - Virginia MN",,TNI02156,,Virginia,Minnesota,,,env_labs,,,,,,,,
"Pace Analytical Services, LLC - West Columbia SC",,TNI00560,,West Columbia,South Carolina,,,env_labs,,,,,,,,
"Pace Analytical Services, LLC - Wysox",,TNI02601,,Wysox,Pennsylvania,,,env_labs,,,,,,,,
"Pace Analytical Services, LLC -- Bakersfield",,TNI02286,,Bakersfield,California,,,env_labs,,,,,,,,
"Pace Analytical Services, LLC – Hazelwood, Missouri",,TNI02102,,Hazelwood,Missouri,,,env_labs,,,,,,,,
"Pace Analytical Services, LLC – McHenry, Illinois",,TNI02036,,McHenry,Illinois,,,env_labs,,,,,,,,
"Pace Analytical Services, LLC- Atlanta GA",,TNI00271,,Peachtree Corners,Georgia,,,env_labs,,,,,,,,
"Pace Analytical Services, LLC- Green Bay WI",,TNI00523,,Green Bay,Wisconsin,,,env_labs,,,,,,,,
"PACE ANALYTICAL SERVICES, LLC-FAIRFIELD",,TNI01277,,FAIRFIELD,New Jersey,,,env_labs,,,,,,,,
"Pace Analytical Services, LLC-Indiana",,TNI02271,,Indiana,Pennsylvania,,,env_labs,,,,,,,,
"PACE ANALYTICAL SERVICES, LLC-NEWBURGH",,TNI01452,,NEWBURGH,New York,,,env_labs,,,,,,,,
"Pace Analytical Services, LLC-Pompano FL",,TNI00439,,Pompano Beach,Florida,,,env_labs,,,,,,,,
"Pace Analytical Services, LLC.- Peoria",,TNI02044,,Peoria,Illinois,,,env_labs,,,,,,,,
"PACE ANALYTICAL SERVICES,LLC-BALLSTON SPA",,TNI01720,,BALLSTON SPA,New York,,,env_labs,,,,,,,,
PACE ANALYTICALSERVICES LLC WESTBOROUGH MA,,TNI01316,,WESTBOROUGH,Massachusetts,,,env_labs,,,,,,,,
PacGenomics Environmental Division Laboratory,,TNI03061,,Agoura Hills,California,,,env_labs,,,,,,,,
Pacific EcoRisk,,TNI01225,,Fairfield,California,,,env_labs,,,,,,,,
Pacific EcoRisk,,TNI02755,,Fairfiled,California,,,env_labs,,,,,,,,
"Pacific Rim Laboratories, Inc.",,TNI00529,,Surrey,British Columbia,,,env_labs,,,,,,,,
Pacific Water Analytics,,TNI02816,,Eugene,Oregon,,,env_labs,,,,,,,,
Packaging Corporation of America - Valdosta Mill,,TNI00530,,Valdosta,Georgia,,,env_labs,,,,,,,,
Palm Beach County Water Utilities,,TNI00531,,Delray Beach,Florida,,,env_labs,,,,,,,,
PANEK LABORATORY LLC DBA JLI ENVIRONMENTAL LABORATORIES,,TNI01434,,AUBURN,New York,,,env_labs,,,,,,,,
PARADIGM ENVIRONMENTAL SERVICES INC,,TNI01631,,ROCHESTER,New York,,,env_labs,,,,,,,,
"Paragon Laboratories, Inc.",,TNI02754,,Livonia,Michigan,,,env_labs,,,,,,,,
Pasco County Utilities Environmental Laboratory,,TNI00533,,New Port Richey,Florida,,,env_labs,,,,,,,,
PAUL SMITH'S COLLEGE ADIRONDACK WATERSHED INSTITUTE,,TNI02790,,PAUL SMITHS,New York,,,env_labs,,,,,,,,
Peace River Manasota Regional Water Supply Authority,,TNI02511,,Arcadia,Florida,,,env_labs,,,,,,,,
Pendleton Wastewater Treatment Plant,,TNI00225,,Pendleton,Oregon,,,env_labs,,,,,,,,
"Perma-Fix Analytical Services Laboratory - Perma-Fix of Florida, Inc.",,TNI02757,,Gainesville,Florida,,,env_labs,,,,,,,,
"Permian Basin Environmental Lab, LP",,TNI02209,,Midland,Texas,,,env_labs,,,,,,,,
PGA Wastewater Treatment Facility - Seacoast Utility Authority,,TNI00536,,Palm Beach Gardens,Florida,,,env_labs,,,,,,,,
Phase Separation Science Inc,,TNI02142,,Baltimore,Maryland,,,env_labs,,,,,,,,
PHIGENICS ANALYTICAL SERVICES LABORATORY - FAYETTEVILLE,,TNI02788,,FAYETTEVILLE,Arkansas,,,env_labs,,,,,,,,
PHILIS Analytical Laboratory (PAL),,TNI02200,,Castle Rock,Colorado,,,env_labs,,,,,,,,
PHILIS ANALYTICAL PORTABLE LABORATORY (APL01),,TNI02273,,EDISON,New Jersey,,,env_labs,,,,,,,,
PHILIS Laboratory Unit (PLU),,TNI02445,,Castle Rock,Colorado,,,env_labs,,,,,,,,
PHOENIX ENVIRONMENTAL LABS,,TNI01678,,MANCHESTER,Connecticut,,,env_labs,,,,,,,,
"Phoslab Environmental Services, Inc.",,TNI00537,,Lakeland,Florida,,,env_labs,,,,,,,,
Pinellas County Utilities Laboratory,,TNI00538,,Largo,Florida,,,env_labs,,,,,,,,
Pinnacle Analytics,,TNI02604,,Medford,Oregon,,,env_labs,,,,,,,,
Pittsburg Municipal Wastewater Laboratory,,TNI01930,,Pittsburg,Kansas,,,env_labs,,,,,,,,
PLATTSBURGH WPCP LABORATORY,,TNI01439,,PLATTSBURGH,New York,,,env_labs,,,,,,,,
Polk County Natural Resources Division,,TNI00540,,Bartow,Florida,,,env_labs,,,,,,,,
PORT WASHINGTON WPCD,,TNI01489,,PORT WASHINGTON,New York,,,env_labs,,,,,,,,
Portland Water Bureau Laboratory,,TNI00226,,Portland,Oregon,,,env_labs,,,,,,,,
Portsmouth Analytical Laboratory,,TNI02008,,Piketon,Ohio,,,env_labs,,,,,,,,
POTSDAM SPECIALITY PAPER INC.,,TNI01599,,POTSDAM,New York,,,env_labs,,,,,,,,
POUGHKEEPSIES' WATER TREATMENT FACILITY,,TNI02521,,POUGHKEEPSIE,New York,,,env_labs,,,,,,,,
"Precision Analytical Laboratories, LLC",,TNI02742,,Everett,Washington,,,env_labs,,,,,,,,
"Precision Petroleum Labs, Inc.",,TNI00016,,Houston,Texas,,,env_labs,,,,,,,,
PREE Laboratories,,TNI02501,,Corvallis,Oregon,,,env_labs,,,,,,,,
PREE Laboratories LLC,,TNI02456,,Clackamas,Oregon,,,env_labs,,,,,,,,
PriorityLab,,TNI02758,,Fort Lauderdale,Florida,,,env_labs,,,,,,,,
"Professional Environmental Testing and Consulting, LLC",,TNI02393,,Davie,Florida,,,env_labs,,,,,,,,
"Professional Testing Labs, Inc.",,TNI02675,,Medford,Oregon,,,env_labs,,,,,,,,
Provo Water Resources Laboratory,,TNI01990,,Provo,Utah,,,env_labs,,,,,,,,
"PSTC Food Chemistry, Inc.",,TNI01932,,Salina,Kansas,,,env_labs,,,,,,,,
Q LABS LLC,,TNI02791,,CINCINNATI,Ohio,,,env_labs,,,,,,,,
QUEENSBURY LABORATORY,,TNI01579,,QUEENSBURY,New York,,,env_labs,,,,,,,,
QUEST DIAGNOSTICS INCORPORATED,,TNI03021,,CLIFTON,New Jersey,,,env_labs,,,,,,,,
"R&C Joy, Inc.",,TNI00149,,Katy,Texas,,,env_labs,,,,,,,,
R&J LABORATORIES,,TNI01571,,PENN YAN,New York,,,env_labs,,,,,,,,
RADIATION SAFETY SERVICES INC (RSSI),,TNI01874,,MORTON GROVE,Illinois,,,env_labs,,,,,,,,
RADONOVA,,TNI02421,,UPPSALA,Not Applicable,,,env_labs,,,,,,,,
Ramboll US Corporation,,TNI01384,,Brentwood,Tennessee,,,env_labs,,,,,,,,
"Rayonier Performance Fibers, LLC.",,TNI00544,,Fernandina Beach,Florida,,,env_labs,,,,,,,,
Red River Authority of Texas Environmental Services Laboratory,,TNI00064,,Wichita Falls,Texas,,,env_labs,,,,,,,,
Red Wing City Laboratory,,TNI01152,,Red Wing,Minnesota,,,env_labs,,,,,,,,
Reference Labs LLC,,TNI02504,,Tigard,Oregon,,,env_labs,,,,,,,,
REGIONAL WATER AUTHORITY (#2239),,TNI01819,,NEW HAVEN,Connecticut,,,env_labs,,,,,,,,
RENSSELAER COUNTY SEWER DISTRICT #1,,TNI01437,,TROY,New York,,,env_labs,,,,,,,,
Research Triangle Institute,,TNI01400,,Research Triangle Park,North Carolina,,,env_labs,,,,,,,,
"RESOLUTION ANALYTICS, INC.",,TNI02272,,APEX,North Carolina,,,env_labs,,,,,,,,
Richards Laboratories of Utah Inc.,,TNI01991,,Pleasant Grove,Utah,,,env_labs,,,,,,,,
Rio Tinto Kennecott Environmental and Industrial Hygiene Laboratory,,TNI01986,,Magna,Utah,,,env_labs,,,,,,,,
RJ Analytical LLC,,TNI01992,,Pleasant View,Utah,,,env_labs,,,,,,,,
"RJ Lee Group, Inc.",,TNI02146,,Monroeville,Pennsylvania,,,env_labs,,,,,,,,
"RJ Lee Group, Inc./Columbia Basin Analytical Laboratories",,TNI01797,,Pasco,Washington,,,env_labs,,,,,,,,
"RMB Environmental Laboratories, Inc - Burnsville",,TNI02523,,Burnsville,Minnesota,,,env_labs,,,,,,,,
"RMB Environmental Laboratories, Inc. - Virginia",,TNI02598,,Virginia,Minnesota,,,env_labs,,,,,,,,
"RMB Environmental Laboratories, Inc.- Detroit Lakes",,TNI01182,,Detroit Lakes,Minnesota,,,env_labs,,,,,,,,
"RMB Environmental Laboratories, Inc.-Burnsville",,TNI02817,,Burnsville,Minnesota,,,env_labs,,,,,,,,
RMB-Pequot Lakes,,TNI02970,,Pequot Lakes,Minnesota,,,env_labs,,,,,,,,
ROCHESTER (C) WATER BUREAU,,TNI01483,,HEMLOCK,New York,,,env_labs,,,,,,,,
Rochester Public Utilities,,TNI01124,,Rochester,Minnesota,,,env_labs,,,,,,,,
ROCKLAND COUNTY SEWER DISTRICT 1,,TNI01548,,ORANGEBURG,New York,,,env_labs,,,,,,,,
Rogue Research Lab LLC,,TNI02502,,Rogue River,Oregon,,,env_labs,,,,,,,,
Rose City Laboratories,,TNI02462,,Portland,Oregon,,,env_labs,,,,,,,,
"RTCA-RADON TESTING CORPORATION OF AMERICA, INC",,TNI01608,,ELMSFORD,New York,,,env_labs,,,,,,,,
RTI International,,TNI02672,,Durham,North Carolina,,,env_labs,,,,,,,,
"RTI Laboratories, Inc.",,TNI01993,,Livonia,Michigan,,,env_labs,,,,,,,,
S and S Onsite Analytical Ltd,,TNI02352,,Findlay,Ohio,,,env_labs,,,,,,,,
"SABAN ANALYTICAL, LLC",,TNI02537,,LYNDHURST,New Jersey,,,env_labs,,,,,,,,
Sabetha Municipal Wastewater Laboratory,,TNI01931,,Sabetha,Kansas,,,env_labs,,,,,,,,
Sabine River Authority of Texas,,TNI00057,,Orange,Texas,,,env_labs,,,,,,,,
SAFETY-KLEEN CORP-BUFFALO,,TNI01735,,BUFFALO,New York,,,env_labs,,,,,,,,
Saint Paul Regional Water Services,,TNI01074,,St Paul,Minnesota,,,env_labs,,,,,,,,
Salt Lake City Water Reclamation Plant Lab,,TNI01994,,Salt Lake City,Utah,,,env_labs,,,,,,,,
San Antonio Metropolitan Health District,,TNI00113,,San Antonio,Texas,,,env_labs,,,,,,,,
San Antonio River Authority Regional Environmental Laboratory,,TNI00053,,San Antonio,Texas,,,env_labs,,,,,,,,
San Antonio Water System Environmental Laboratory,,TNI00105,,San Antonio,Texas,,,env_labs,,,,,,,,
"SanAir Technologies Laboratory, Inc.",,TNI02295,,North Chesterfield,Virginia,,,env_labs,,,,,,,,
"SANAIR TECHNOLOGIES LABORATORY, INC.",,TNI01798,,SYRACUSE,New York,,,env_labs,,,,,,,,
Sangamon County Water Reclamation District,,TNI02546,,Springfield,Illinois,,,env_labs,,,,,,,,
Sanitation District No 1 Analytical Laboratory,,TNI02247,,Villa Hills,Kentucky,,,env_labs,,,,,,,,
Sapphire Americas,,TNI01885,,Chanute,Kansas,,,env_labs,,,,,,,,
Sarasota County Utilities - Pump Station #2 Laboratory,,TNI00555,,Sarasota,Florida,,,env_labs,,,,,,,,
Sarasota County Utilities - T. Mabry Carlton Water Treatment Plant Laboratory,,TNI00556,,Venice,Florida,,,env_labs,,,,,,,,
SARATOGA CO SEWER DIS 1,,TNI01494,,MECHANICVILLE,New York,,,env_labs,,,,,,,,
SC Laboratories Oregon LLC,,TNI02474,,Tigard,Oregon,,,env_labs,,,,,,,,
SCDPW SANITATION DIVISION LABORATORY,,TNI01436,,WEST BABYLON,New York,,,env_labs,,,,,,,,
SCHENECTADY (C) WATER LABORATORY,,TNI01471,,SCHENECTADY,New York,,,env_labs,,,,,,,,
"Schneider Laboratories Global, Inc.",,TNI01693,,Richmond,Virginia,,,env_labs,,,,,,,,
"Schneider Laboratories Global, Inc.",,TNI02769,,Richmond,Virginia,,,env_labs,,,,,,,,
"SCIENTIFIC ANALYTICAL INSTITUTE, INC.",,TNI01850,,GREENSBORO,North Carolina,,,env_labs,,,,,,,,
"Scientific Control Laboratory, Inc.",,TNI02047,,Chicago,Illinois,,,env_labs,,,,,,,,
"SDK Laboratories, Inc.",,TNI01905,,Hutchinson,Kansas,,,env_labs,,,,,,,,
SE Utah District Health Department Laboratory,,TNI01995,,Price,Utah,,,env_labs,,,,,,,,
SEACOAST ANALYTICAL SERVICES LLC (#1733),,TNI01062,,LEE,New Hampshire,,,env_labs,,,,,,,,
Seacoast Utility Authority - Central Lab,,TNI00557,,Palm Beach Gardens,Florida,,,env_labs,,,,,,,,
Seminole Electric Cooperative Inc.,,TNI02641,,Palatka,Florida,,,env_labs,,,,,,,,
"Servi-Tech, Inc",,TNI01890,,Dodge City,Kansas,,,env_labs,,,,,,,,
"ServiTech, Inc. - Amarillo Location",,TNI00055,,Amarillo,Texas,,,env_labs,,,,,,,,
SGS AXYS Analytical Services Ltd.,,TNI00279,,Sidney,British Columbia,,,env_labs,,,,,,,,
"SGS Korea Co., Ltd.",,TNI02417,,Anyang-si,Not Applicable,,,env_labs,,,,,,,,
SGS NA Mineral Services,,TNI02513,,Sophia,West Virginia,,,env_labs,,,,,,,,
SGS North America Inc,,TNI01996,,Huntington,Utah,,,env_labs,,,,,,,,
SGS North America Inc - Scott,,TNI01404,,Scott,Louisiana,,,env_labs,,,,,,,,
SGS North America Inc - Wilmington NC,,TNI00558,,Wilmington,North Carolina,,,env_labs,,,,,,,,
SGS North America Inc.  Houston,,TNI00031,,Houston,Texas,,,env_labs,,,,,,,,
SGS NORTH AMERICA INC. - DAYTON,,TNI01283,,DAYTON,New Jersey,,,env_labs,,,,,,,,
SGS North America Inc. - Wheat Ridge,,TNI01950,,Wheat Ridge,Colorado,,,env_labs,,,,,,,,
"SGS NORTH AMERICA, INC.",,TNI01736,,EAST SYRACUSE,New York,,,env_labs,,,,,,,,
"SGS North America, Inc. - Clovis",,TNI01206,,Clovis,California,,,env_labs,,,,,,,,
"SGS North America, Inc. - Orlando",,TNI00247,,Orlando,Florida,,,env_labs,,,,,,,,
SGS Silver State Analytical Laboratories - Reno,,TNI02794,,Reno,Nevada,,,env_labs,,,,,,,,
"Shale Testing Solutions, LLC",,TNI02291,,Cadiz,Ohio,,,env_labs,,,,,,,,
"SKG Engineering, LLC",,TNI00047,,San Angelo,Texas,,,env_labs,,,,,,,,
Snyderville Basin Water Reclamation District,,TNI01997,,Park City,Utah,,,env_labs,,,,,,,,
SOUTH  CENTER CHAUTAUQUA LAKE SEWER DISTRICT,,TNI01442,,CELORON,New York,,,env_labs,,,,,,,,
South Bay Environmental Laboratory,,TNI00566,,Clewiston,Florida,,,env_labs,,,,,,,,
South Central Regional Waste Water Treatment Plant Laboratory,,TNI02112,,Delray Beach,Florida,,,env_labs,,,,,,,,
South Florida Water Management District Chemistry Laboratory,,TNI00567,,West Palm Beach,Florida,,,env_labs,,,,,,,,
South Valley Water Reclamation Facility,,TNI01998,,West Jordan,Utah,,,env_labs,,,,,,,,
South Walton Utility Company Wastewater Treatment Plant,,TNI00568,,Miramar Beach,Florida,,,env_labs,,,,,,,,
Southeast Environmental Research Center Mercury Laboratory Florida International University,,TNI00570,,Miami,Florida,,,env_labs,,,,,,,,
Southeastern Minnesota Water Analysis Laboratory,,TNI01186,,Rochester,Minnesota,,,env_labs,,,,,,,,
SOUTHERN CAYUGA LAKE INTERMUNICIPAL WATER,,TNI01522,,ITHACA,New York,,,env_labs,,,,,,,,
Southern Nevada Water Authority (SNWA) Water Quality (WQ) Laboratory,,TNI02751,,Henderson,Nevada,,,env_labs,,,,,,,,
Southern Nevada Water Authority (SNWA) Water Quality (WQ) Laboratory,,TNI02753,,Henderson,Nevada,,,env_labs,,,,,,,,
"Southern Research Laboratories, Inc.",,TNI00572,,Altamonte Springs,Florida,,,env_labs,,,,,,,,
Southern Utah University Water Laboratory,,TNI01999,,Cedar City,Utah,,,env_labs,,,,,,,,
Southwest Florida Water Management District,,TNI00573,,Brooksville,Florida,,,env_labs,,,,,,,,
Southwest Health and Human Services,,TNI01079,,Marshall,Minnesota,,,env_labs,,,,,,,,
Southwest Research Institute,,TNI00024,,San Antonio,Texas,,,env_labs,,,,,,,,
Southwest Utah Public Health Laboratory,,TNI02252,,St. George,Utah,,,env_labs,,,,,,,,
SPEC LAB LLC,,TNI02896,,Eugene,Oregon,,,env_labs,,,,,,,,
Specialty Analytical,,TNI02773,,Clackamas,Oregon,,,env_labs,,,,,,,,
Spectrum laboratories,,TNI02552,,Layton,Utah,,,env_labs,,,,,,,,
Spheros Environmental,,TNI02491,,Port Gamble,Washington,,,env_labs,,,,,,,,
Spheros Environmental Group Parent Inc.,,TNI00464,,Alachua,Florida,,,env_labs,,,,,,,,
SPL - Reading,,TNI02148,,Reading,Pennsylvania,,,env_labs,,,,,,,,
SPL – Round Rock,,TNI00023,,Round Rock,Texas,,,env_labs,,,,,,,,
"SPL, Inc – Kilgore",,TNI00014,,Kilgore,Texas,,,env_labs,,,,,,,,
"SPL, Inc. – Plano",,TNI00036,,Plano,Texas,,,env_labs,,,,,,,,
"SPL, Inc.-Conroe",,TNI00040,,Conroe,Texas,,,env_labs,,,,,,,,
Spring Street Analytical Laboratory,,TNI00229,,Klamath Falls,Oregon,,,env_labs,,,,,,,,
SRN Testing Services,,TNI02690,,Bartlett,Illinois,,,env_labs,,,,,,,,
St George RWRF Laboratory,,TNI02000,,St George,Utah,,,env_labs,,,,,,,,
St. Cloud Public Utilities - Water,,TNI01086,,St Cloud,Minnesota,,,env_labs,,,,,,,,
St. Johns County Utility Department Environmental Laboratory,,TNI00577,,St. Augustine,Florida,,,env_labs,,,,,,,,
St. Johns River Water Management District,,TNI00578,,Palatka,Florida,,,env_labs,,,,,,,,
St. Petersburg Environmental Compliance Division Laboratory,,TNI00579,,St. Petersburg,Florida,,,env_labs,,,,,,,,
State Hygienic Laboratory at The University of Iowa - Ankeny,,TNI01231,,Ankeny,Iowa,,,env_labs,,,,,,,,
State Hygienic Laboratory at The University of Iowa - Coralville,,TNI01227,,Coralville,Iowa,,,env_labs,,,,,,,,
State Hygienic Laboratory at The University of Iowa - Lakeside,,TNI02235,,Milford,Iowa,,,env_labs,,,,,,,,
Sterling Labs (fka Environmental Monitoring and Tech),,TNI02029,,Des Plaines,Illinois,,,env_labs,,,,,,,,
Sterling Labs (fka STAT Analytical),,TNI00230,,Chicago,Illinois,,,env_labs,,,,,,,,
"Steven M. Traut Wells, Inc.",,TNI01191,,Alexandria,Minnesota,,,env_labs,,,,,,,,
"Stillmeadow, Inc.",,TNI00131,,Sugar Land,Texas,,,env_labs,,,,,,,,
Stock Island Pump Station Lab,,TNI00435,,Key West,Florida,,,env_labs,,,,,,,,
STRIDE Center for PFAS Solutions,,TNI02750,,New Castle,Delaware,,,env_labs,,,,,,,,
STRIDE Center for PFAS Solutions,,TNI02752,,New Castle,Delaware,,,env_labs,,,,,,,,
STURGEON POINT WATER TREATMENT PLANT,,TNI01545,,DERBY,New York,,,env_labs,,,,,,,,
SUFFOLK CO PUBLIC ENV HEALTH LAB,,TNI01575,,HAUPPAUGE,New York,,,env_labs,,,,,,,,
SUFFOLK COUNTY WATER AUTHORITY LABORATORY,,TNI01504,,HAUPPAUGE,New York,,,env_labs,,,,,,,,
Summit County Health Department Laboratory,,TNI02001,,Coalville,Utah,,,env_labs,,,,,,,,
"Summit Environmental Technologies, Inc. - GA",,TNI00584,,Haddock,Georgia,,,env_labs,,,,,,,,
"Summit Scientific Services, LLC (VIN 070808322480)",,TNI02427,,Heber City,Utah,,,env_labs,,,,,,,,
Sunbelt Solomon Laboratory,,TNI00565,,Decatur,Tennessee,,,env_labs,,,,,,,,
Sunbelt Solomon Laboratory,,TNI01936,,Solomon,Kansas,,,env_labs,,,,,,,,
Sunbelt Solomon Laboratory - TX,,TNI02363,,Temple,Texas,,,env_labs,,,,,,,,
SUNY-BROCKPORT LIMNOLOGY LABORATORY,,TNI02787,,BROCKPORT,New York,,,env_labs,,,,,,,,
Superior National Forest Laboratory,,TNI01149,,Ely,Minnesota,,,env_labs,,,,,,,,
"SVL Analytical, Inc.",,TNI00586,,Kellogg,Idaho,,,env_labs,,,,,,,,
Sweetwater - Nolan County Health Department,,TNI00089,,Sweetwater,Texas,,,env_labs,,,,,,,,
"Symbio Laboratories US, LLC",,TNI02799,,San Diego,California,,,env_labs,,,,,,,,
Systech Environmental Corporation,,TNI01896,,Fredonia,Kansas,,,env_labs,,,,,,,,
"Talquin Electric Cooperative, Inc.",,TNI00587,,Tallahassee,Florida,,,env_labs,,,,,,,,
Tampa Bay Water,,TNI00589,,Land O'Lakes,Florida,,,env_labs,,,,,,,,
Tampa Electric Company Laboratory Services,,TNI00590,,Tampa,Florida,,,env_labs,,,,,,,,
Tarrant County Public Health Laboratory,,TNI00118,,Fort Worth,Texas,,,env_labs,,,,,,,,
TCEQ Air and Emissions Laboratory,,TNI01406,,Austin,Texas,,,env_labs,,,,,,,,
TCEQ Sugar Land Laboratory,,TNI01407,,Sugar Land,Texas,,,env_labs,,,,,,,,
"TechLaw, Inc.  ESAT Region 8",,TNI02263,,Denver,Colorado,,,env_labs,,,,,,,,
Technical Services Laboratory,,TNI01900,,Hays,Kansas,,,env_labs,,,,,,,,
Technical Testing International dba TTI Environmental Labs,,TNI00106,,Arlington,Texas,,,env_labs,,,,,,,,
Techtron Environmental Solutions,,TNI01122,,Anoka,Minnesota,,,env_labs,,,,,,,,
"Teklab, Inc-Bluff Rd",,TNI01408,,Collinsville,Illinois,,,env_labs,,,,,,,,
"Teklab, Incorporated",,TNI02051,,Collinsville,Illinois,,,env_labs,,,,,,,,
Teledyne Brown Engineering Environmental Services,,TNI01754,,Knoxville,Tennessee,,,env_labs,,,,,,,,
"Test,  Inc.",,TNI02052,,Peru,Illinois,,,env_labs,,,,,,,,
Tetra Tech Inc Ecological Testing Facility,,TNI01317,,Owings Mills,Maryland,,,env_labs,,,,,,,,
Texas Department of State Health Services / South Texas Laboratory,,TNI00097,,Harlingen,Texas,,,env_labs,,,,,,,,
Texas Department of State Health Services Laboratory - Austin,,TNI00082,,Austin,Texas,,,env_labs,,,,,,,,
Texas Institute for Applied Environmental Research (TIAER),,TNI00043,,Stephenville,Texas,,,env_labs,,,,,,,,
Texas Research Institute for Environmental Studies,,TNI02108,,Huntsville,Texas,,,env_labs,,,,,,,,
THE LAB,,TNI02596,,POUND RIDGE,New York,,,env_labs,,,,,,,,
"THE METRO GROUP, INC.",,TNI02585,,LONG ISLAND CITY,New York,,,env_labs,,,,,,,,
The Texas Water Lab,,TNI02870,,Waller,Texas,,,env_labs,,,,,,,,
The Village of Palm Springs Water Treatment Plant,,TNI00344,,Palm Springs,Florida,,,env_labs,,,,,,,,
"The Water Shed Laboratories, Inc.",,TNI00605,,Deland,Florida,,,env_labs,,,,,,,,
The Water Spigot,,TNI00606,,Panama City,Florida,,,env_labs,,,,,,,,
Timpanogos Special Service District,,TNI02003,,American Fork,Utah,,,env_labs,,,,,,,,
Timpview Analytical Laboratories,,TNI02004,,Orem,Utah,,,env_labs,,,,,,,,
Toho Water Authority Laboratory,,TNI00607,,Kissimmee,Florida,,,env_labs,,,,,,,,
TONAWANDA (T) WASTEWATER,,TNI01464,,TONAWANDA,New York,,,env_labs,,,,,,,,
TONAWANDA (T) WATER TREATMENT PLANT,,TNI01450,,TONAWANDA,New York,,,env_labs,,,,,,,,
Topeka Municipal Wastewater Laboratory,,TNI01940,,Topeka,Kansas,,,env_labs,,,,,,,,
Topeka Municipal Water Treatment Laboratory,,TNI01939,,Topeka,Kansas,,,env_labs,,,,,,,,
TOTAL WATER LABORATORIES LLC,,TNI02107,,CAMDENTON,Missouri,,,env_labs,,,,,,,,
Town of Jupiter Water System,,TNI00609,,Jupiter,Florida,,,env_labs,,,,,,,,
TOWN OF LEWISTON,,TNI01455,,LEWISTON,New York,,,env_labs,,,,,,,,
"TOWN OF ORANGETOWN, SEWER DEPARTMENT",,TNI01572,,ORANGEBURG,New York,,,env_labs,,,,,,,,
TRA RS&C Laboratory,,TNI00074,,Dallas,Texas,,,env_labs,,,,,,,,
Trace Analytical,,TNI02768,,Muskegon,Michigan,,,env_labs,,,,,,,,
Traut Water Analysis Lab,,TNI01150,,St Joseph,Minnesota,,,env_labs,,,,,,,,
TRC ENVIRONMENTAL CORPORATION,,TNI01634,,WINDSOR,Connecticut,,,env_labs,,,,,,,,
"TRE Environmental Strategies, LLC",,TNI00257,,Fort Collins,Colorado,,,env_labs,,,,,,,,
Tremonton Waste Water Treatment Plant Laboratory,,TNI02006,,Tremonton,Utah,,,env_labs,,,,,,,,
Tri-City/William Lloyd Analytical Lab,,TNI01130,,Bloomington,Minnesota,,,env_labs,,,,,,,,
"Tri-State Laboratory Services, LLC",,TNI02240,,Pikeville,Kentucky,,,env_labs,,,,,,,,
"Tri-Tech Laboratories, Inc.",,TNI00612,,Orlando,Florida,,,env_labs,,,,,,,,
TriCounty Health Department Environmental Laboratory,,TNI02007,,Vernal,Utah,,,env_labs,,,,,,,,
Trinity River Authority Lake Livingston Project Laboratory,,TNI00070,,Livingston,Texas,,,env_labs,,,,,,,,
TROY (C) PUBLIC UTILITY DEPARTMENT,,TNI01507,,TROY,New York,,,env_labs,,,,,,,,
TUNXIS LABORATORIES LLC,,TNI02528,,PLAINVILLE,Connecticut,,,env_labs,,,,,,,,
"Turquoise Analytics, LLC",,TNI02803,,Traverse City,Michigan,,,env_labs,,,,,,,,
"Twin City Water Clinic, Inc.",,TNI01148,,Hopkins,Minnesota,,,env_labs,,,,,,,,
"U.S. Region 9 Lab - Corvallis, OR",,TNI02772,,Corvallis,Oregon,,,env_labs,,,,,,,,
U.S. Water Services Corporation,,TNI00614,,Marathon,Florida,,,env_labs,,,,,,,,
UC Laboratory,,TNI01102,,Janesville,Minnesota,,,env_labs,,,,,,,,
UF/IFAS Environmental Quality Laboratory,,TNI00615,,Gainesville,Florida,,,env_labs,,,,,,,,
UGRA Environmental Laboratory,,TNI00071,,Kerrville,Texas,,,env_labs,,,,,,,,
Umpqua Research Company,,TNI00236,,Myrtle Creek,Oregon,,,env_labs,,,,,,,,
Umpqua Research Company (Bend),,TNI00237,,Bend,Oregon,,,env_labs,,,,,,,,
Umpqua Research Company - Table Rock,,TNI02231,,Pendleton,Oregon,,,env_labs,,,,,,,,
Universal Laboratories - Hampton,,TNI01262,,Hampton,Virginia,,,env_labs,,,,,,,,
"UNIVERSITY OF MARYLAND, CBL-NASL",,TNI02477,,SOLOMONS,Maryland,,,env_labs,,,,,,,,
UNIVERSITY OF NEW HAMPSHIRE STORM WATER CENTER,,TNI02766,,DURHAM,New Hampshire,,,env_labs,,,,,,,,
University of West Florida Wetlands Research Laboratory,,TNI00619,,Pensacola,Florida,,,env_labs,,,,,,,,
Upper Leon River Municipal Water District,,TNI00161,,Comanche,Texas,,,env_labs,,,,,,,,
UPSTATE FRESHWATER INSTITUTE,,TNI01704,,SYRACUSE,New York,,,env_labs,,,,,,,,
"US Army Corps of Engineers, Far East District",,TNI01232,,Pyeongtaek,South Korea,,,env_labs,,,,,,,,
"US Ecology Tampa, Inc.",,TNI02776,,Tampa,Florida,,,env_labs,,,,,,,,
US EPA NATIONAL ANALYTICAL RADIATION ENVIRONMENTAL LAB,,TNI00241,,MONTGOMERY,Alabama,,,env_labs,,,,,,,,
US EPA/Region 8 Laboratory,,TNI02153,,Lakewood,Colorado,,,env_labs,,,,,,,,
US SALT LLC,,TNI01578,,WATKINS GLEN,New York,,,env_labs,,,,,,,,
US Space Force - Cape Canaveral SFS Environmental Laboratory,,TNI00620,,CCSFS,Florida,,,env_labs,,,,,,,,
USEPA REGION 2 LABORATORY,,TNI00613,,EDISON,New Jersey,,,env_labs,,,,,,,,
USGS NATIONAL WATER QUALITY LABORATORY,,TNI01740,,DENVER,Colorado,,,env_labs,,,,,,,,
USGS NEW YORK WATER SCIENCE CENTER,,TNI01861,,TROY,New York,,,env_labs,,,,,,,,
Utah Public Health Laboratory,,TNI02771,,Taylorsville,Utah,,,env_labs,,,,,,,,
Utilities Commission New Smyrna Beach Laboratory,,TNI00621,,New Smyrna Beach,Florida,,,env_labs,,,,,,,,
VAN DE WATER TREATMENT PLANT,,TNI01719,,TONAWANDA,New York,,,env_labs,,,,,,,,
"VEOLIA NEW YORK, WESTCHESTER LAB",,TNI01611,,EASTCHESTER,New York,,,env_labs,,,,,,,,
VEOLIA WATER NJ - HAWORTH WATER QUALITY LAB,,TNI01272,,HAWORTH,New Jersey,,,env_labs,,,,,,,,
VERMONT AGRICULTURE ENVIRONMENTAL LABORATORY,,TNI01069,,RANDOLPH,Vermont,,,env_labs,,,,,,,,
VERMONT DEPARTMENT OF HEALTH LABORATORY,,TNI01068,,COLCHESTER,Vermont,,,env_labs,,,,,,,,
VERONA LABORATORY INC,,TNI01580,,VERONA,New York,,,env_labs,,,,,,,,
Victoria County Public Health Department Water Laboratory,,TNI00049,,Victoria,Texas,,,env_labs,,,,,,,,
Village of Wellington Water Treatment Laboratory,,TNI00623,,Wellington,Florida,,,env_labs,,,,,,,,
Volusia County Environmental Management Laboratory,,TNI02919,,Deland,Florida,,,env_labs,,,,,,,,
Volusia County Environmental Management Laboratory,,TNI02925,,Deland,Florida,,,env_labs,,,,,,,,
Volusia County Environmental Management Laboratory,,TNI02931,,Deland,Florida,,,env_labs,,,,,,,,
Volusia County Environmental Management Laboratory,,TNI02936,,Deland,Florida,,,env_labs,,,,,,,,
Volusia County Environmental Management Laboratory,,TNI02942,,Deland,Florida,,,env_labs,,,,,,,,
Volusia County Environmental Management Laboratory,,TNI02947,,Deland,Florida,,,env_labs,,,,,,,,
Volusia County Environmental Management Laboratory,,TNI02952,,Deland,Florida,,,env_labs,,,,,,,,
Volusia County Environmental Management Laboratory,,TNI02958,,Deland,Florida,,,env_labs,,,,,,,,
Volusia County Environmental Management Laboratory,,TNI02969,,Deland,Florida,,,env_labs,,,,,,,,
Volusia County Environmental Management Laboratory,,TNI02972,,Deland,Florida,,,env_labs,,,,,,,,
Volusia County Environmental Management Laboratory,,TNI02982,,Deland,Florida,,,env_labs,,,,,,,,
Volusia County Environmental Management Laboratory,,TNI02989,,Deland,Florida,,,env_labs,,,,,,,,
Volusia County Environmental Management Laboratory,,TNI02996,,Deland,Florida,,,env_labs,,,,,,,,
Volusia County Environmental Management Laboratory,,TNI03003,,Deland,Florida,,,env_labs,,,,,,,,
Volusia County Environmental Management Laboratory,,TNI03012,,Deland,Florida,,,env_labs,,,,,,,,
Volusia County Environmental Management Laboratory,,TNI03074,,Deland,Florida,,,env_labs,,,,,,,,
Volusia County Environmental Management Laboratory,,TNI03086,,Deland,Florida,,,env_labs,,,,,,,,
Volusia County Environmental Management Laboratory,,TNI03094,,Deland,Florida,,,env_labs,,,,,,,,
Volusia County Environmental Management Laboratory,,TNI03103,,Deland,Florida,,,env_labs,,,,,,,,
Volusia County Environmental Management Laboratory,,TNI03111,,Deland,Florida,,,env_labs,,,,,,,,
Volusia County Environmental Management Laboratory,,TNI03119,,Deland,Florida,,,env_labs,,,,,,,,
"Wallgren Environmental Services, Inc. dba Pollution Control Services",,TNI00139,,Universal City,Texas,,,env_labs,,,,,,,,
WALWORTH WATER POLLUTION CONTROL FAC,,TNI01474,,WALWORTH,New York,,,env_labs,,,,,,,,
WARDS ISLAND PRIORITY POLLUTANTS LAB- NYCDEP,,TNI01762,,WARDS ISLAND,New York,,,env_labs,,,,,,,,
WARDS ISLAND PROCESS CONTROL LAB,,TNI01517,,NEW YORK,New York,,,env_labs,,,,,,,,
Wasatch County Health Department,,TNI02698,,Heber City,Utah,,,env_labs,,,,,,,,
WASHINGTON CO SEWER DIST 2 STP,,TNI01627,,FORT EDWARD,New York,,,env_labs,,,,,,,,
Water & Environmental Testing Incorporated,,TNI02012,,American Fork,Utah,,,env_labs,,,,,,,,
Water District No 1 of Johnson County-WaterOne,,TNI01907,,Kansas City,Kansas,,,env_labs,,,,,,,,
WATER DYNAMICS LLC DBA MAGIC VALLEY LABS,,TNI00220,,Twin Falls,Idaho,,,env_labs,,,,,,,,
"Water Laboratories, Inc.",,TNI01075,,Elk River,Minnesota,,,env_labs,,,,,,,,
Water Quality Assurance Laboratory,,TNI00626,,Cocoa,Florida,,,env_labs,,,,,,,,
Water Quality Lab University of Tennessee Knoxville,,TNI02673,,Knoxville,Tennessee,,,env_labs,,,,,,,,
"Water Utility Services, Inc.",,TNI00094,,Spring,Texas,,,env_labs,,,,,,,,
Waterlab Corp.,,TNI00242,,Salem,Oregon,,,env_labs,,,,,,,,
WATERLOO WATER TREATMENT PLANT LAB,,TNI01680,,GENEVA,New York,,,env_labs,,,,,,,,
WATERTOWN (C) WATER PLANT,,TNI01569,,WATERTOWN,New York,,,env_labs,,,,,,,,
WATERTOWN POLLUTION CONTROL PLANT LABORA,,TNI01460,,WATERTOWN,New York,,,env_labs,,,,,,,,
WaterWise Enterprises,,TNI02782,,Oxford,Kansas,,,env_labs,,,,,,,,
Waypoint Analytical,,TNI02512,,Bremen,Georgia,,,env_labs,,,,,,,,
Waypoint Analytical - Charlotte,,TNI03123,,Charlotte,North Carolina,,,env_labs,,,,,,,,
"Waypoint Analytical - Florida, Inc.",,TNI02446,,Lakeland,Florida,,,env_labs,,,,,,,,
Waypoint Analytical LLC,,TNI00190,,Memphis,Tennessee,,,env_labs,,,,,,,,
Waypoint Analytical Louisiana Inc,,TNI01368,,Marrero,Louisiana,,,env_labs,,,,,,,,
Waypoint Analytical Mississppi Inc,,TNI01377,,Ridgeland,Mississippi,,,env_labs,,,,,,,,
"Waypoint Analytical, LLC",,TNI02632,,Memphis,Tennessee,,,env_labs,,,,,,,,
"Webco Industries Inc, Lyndon",,TNI02695,,Lyndon,Illinois,,,env_labs,,,,,,,,
Weber Basin Water Quality Laboratory,,TNI02013,,Layton,Utah,,,env_labs,,,,,,,,
WEBSTER (T) WASTEWATER TREATMENT PLANT,,TNI01542,,WEBSTER,New York,,,env_labs,,,,,,,,
"Weck Laboratories, Inc.",,TNI01236,,City of Industry,California,,,env_labs,,,,,,,,
WELLSVILLE WASTEWATER TRMT PLANT,,TNI01444,,WELLSVILLE,New York,,,env_labs,,,,,,,,
WESTCHESTER CO LABS AND RESEARCH,,TNI01443,,VALHALLA,New York,,,env_labs,,,,,,,,
Western Environmental Testing Lab - Las Vegas,,TNI02824,,Las Vegas,Nevada,,,env_labs,,,,,,,,
Western Environmental Testing Lab - Sparks,,TNI02825,,Sparks,Nevada,,,env_labs,,,,,,,,
Weston Solutions,,TNI01416,,Auburn,Alabama,,,env_labs,,,,,,,,
WestRock Analytical Services Laboratory,,TNI01394,,Miamisburg,Ohio,,,env_labs,,,,,,,,
"WestRock CP, LLC",,TNI00564,,Fernandina Beach,Florida,,,env_labs,,,,,,,,
Wetland Biogeochemistry Laboratory,,TNI02693,,Gainesville,Florida,,,env_labs,,,,,,,,
"White Springs Agricultural Chemicals, Inc.",,TNI00627,,White Springs,Florida,,,env_labs,,,,,,,,
White Water Associates Laboratory,,TNI03062,,Amasa,Michigan,,,env_labs,,,,,,,,
Wichita Falls - Wichita County Public Health District Laboratory,,TNI00132,,Wichita Falls,Texas,,,env_labs,,,,,,,,
Wichita Municipal Water & Wastewater Laboratory,,TNI01942,,Wichita,Kansas,,,env_labs,,,,,,,,
Wichita Sewage Treatment Division Laboratory,,TNI01943,,Wichita,Kansas,,,env_labs,,,,,,,,
Will County Health Dept. - Environ. Health Lab.,,TNI02056,,Joliet,Illinois,,,env_labs,,,,,,,,
"Willoughby & Associates, Inc.",,TNI02186,,Forest,Virginia,,,env_labs,,,,,,,,
"Willow Lake Laboratory, City of Salem",,TNI00243,,Salem,Oregon,,,env_labs,,,,,,,,
Winfield Municipal Water-Wastewater Laboratory,,TNI01944,,Winfield,Kansas,,,env_labs,,,,,,,,
WISCONSIN STATE LABORATORY OF HYGIENE,,TNI00629,,MADISON,Wisconsin,,,env_labs,,,,,,,,
Worthington Public Utilities Laboratory,,TNI01110,,Worthington,Minnesota,,,env_labs,,,,,,,,
Wright County,,TNI02844,,Buffalo,Minnesota,,,env_labs,,,,,,,,
Xcel Energy - Amarillo Testing Laboratory,,TNI00130,,Amarillo,Texas,,,env_labs,,,,,,,,
Xcel Energy - Denver Testing Laboratory,,TNI00179,,Henderson,Colorado,,,env_labs,,,,,,,,
"Xcel Energy, Inc., Minneapolis Testing Laboratory",,TNI01164,,Minneapolis,Minnesota,,,env_labs,,,,,,,,
YORKTOWN MEDICAL LABORATORY INC,,TNI01510,,YORKTOWN HEIGHTS,New York,,,env_labs,,,,,,,,
