company_name,cik,source_record_id,address_street,address_city,address_state,address_zip,address_country,source_name,website_url,contact_name,contact_email,phone,notes,company_status,stage,one_liner
"SELLAS Life Sciences Group, Inc.",0001390478,0001390478-24-000006,"7 TIMES SQUARE, SUITE 2503",NEW YORK,NY,10036,US,form_d,,,,,,,,
"Outlook Therapeutics, Inc.",0001649989,0001231919-24-000042,"485 ROUTE 1 SOUTH, BUILDING F, SUITE 320",ISELIN,NJ,08830,US,form_d,,,,,,,,
"Elicio Therapeutics, Inc.",0001601485,0001601485-24-000017,"451 D STREET, 5TH FLOOR, None",BOSTON,MA,02210,US,form_d,,,,,,,,
"Rakuten Medical, Inc.",0001595215,0001595215-24-000001,"11080 Roselle Street, SUITE 400",San Diego,CA,92121,US,form_d,,,,,,,,
"Certara, Inc.",0001827090,0001104659-24-039702,"100 OVERLOOK CENTER, SUITE 101",PRINCETON,NJ,08540,US,form_d,,,,,,,,
"CND Life Sciences, Inc.",0001841099,0001841099-24-000001,"9165 E. DEL CAMINO DRIVE, SUITE 101",SCOTTSDALE,AZ,85258-4381,US,form_d,,,,,,,,
"Skye Bioscience, Inc.",0001516551,0000925421-24-000004,"11250 EL CAMINO REAL, SUITE 100, None",SAN DIEGO,CA,92130,US,form_d,,,,,,,,
"Repair Biotechnologies, Inc.",0001750699,0001750699-24-000001,"841 E Fayette St, None",Syracuse,NY,13210,US,form_d,,,,,,,,
"DELCATH SYSTEMS, INC.",0000872912,0001231919-24-000041,"566 QUEENSBURY AVENUE, None",QUEENSBURY,NY,12804,US,form_d,,,,,,,,
"Avenzo Therapeutics, Inc.",0001947742,0001947742-24-000002,"12707 High Bluff Drive, Suite 200, None",San Diego,CA,92130,US,form_d,,,,,,,,
Biolinq Inc,0001685406,0001685406-24-000001,"10260 SORRENTO VALLEY ROAD, None",SAN DIEGO,CA,92121,US,form_d,,,,,,,,
Andson Biotech Inc.,0002017131,0002017131-24-000001,"58 EDGEWOOD AVE NE, LAB 124",ATLANTA,GA,30303,US,form_d,,,,,,,,
"Allevion Therapeutics, Inc.",0001872608,0001872608-24-000001,"18001 Cowan, Suite L, None",IRVINE,CA,92614,US,form_d,,,,,,,,
"Firefly Bio, Inc.",0002006498,0002006498-24-000001,"2 TOWER PLACE UNIT 14A, None",SOUTH SAN FRANCISCO,CA,94080,US,form_d,,,,,,,,
"GelMEDIX, Inc.",0001815624,0001815624-24-000001,"238 Main Street, Fifth Floor, None",Cambridge,MA,02142,US,form_d,,,,,,,,
VOLITIONRX LTD,0000093314,0000093314-24-000001,"1489 WEST WARM SPRINGS ROAD, SUITE 110",HENDERSON,NV,89014,US,form_d,,,,,,,,
IntraBio Inc.,0001730493,0001730493-24-000002,"201 W 5th Street, Suite 1100, None",Austin,TX,78701,US,form_d,,,,,,,,
"LungLife AI, Inc.",0001445789,0001445789-24-000001,"2545 W. HILLCREST DRIVE, SUITE 140, None",THOUSAND OAKS,CA,91320,US,form_d,,,,,,,,
"Chrysalis Biotherapeutics, Inc.",0002016438,0002016438-24-000001,"2200 MARKET ST, SUITE 606, None",GALVESTON,TX,77550,US,form_d,,,,,,,,
"Endo, Inc.",0002008861,0000950123-24-002953,"1400 Atwater Drive, None",Malvern,PA,19355,US,form_d,,,,,,,,
GlycosBio Inc.,0001427515,0000950123-24-002952,"2450 Holcombe, Suite J",Houston,TX,77021,US,form_d,,,,,,,,
"MAIA Biotechnology, Inc.",0001878313,0000950123-24-002950,"444 West Lake Street, Suite 1700",Chicago,IL,60606,US,form_d,,,,,,,,
Gliknik Inc,0001411569,0001411569-24-000001,"801 WEST BALTIMORE STREET, SUITE 501A",BALTIMORE,MD,21201,US,form_d,,,,,,,,
Paterna BioSciences HoldCo Inc.,0001989862,0001013594-24-000290,"1865 West 2100 South, Suite 100",SALT LAKE CITY,UT,84119,US,form_d,,,,,,,,
CELESTIAL THERAPEUTICS INC.,0001804448,0001183740-24-000032,"4790 IRVINE BLVD., SUITE 105332, None",IRVINE,CA,92620,US,form_d,,,,,,,,
"Calidi Biotherapeutics, Inc.",0001855485,0001855485-24-000001,"4475 EXECUTIVE DRIVE, SUITE 200",SAN DIEGO,CA,92121,US,form_d,,,,,,,,
"Calidi Biotherapeutics, Inc.",0001855485,0001855485-24-000002,"4475 EXECUTIVE DRIVE, SUITE 200",SAN DIEGO,CA,92121,US,form_d,,,,,,,,
"Calidi Biotherapeutics, Inc.",0001855485,0001855485-24-000003,"4475 EXECUTIVE DRIVE, SUITE 200",SAN DIEGO,CA,92121,US,form_d,,,,,,,,
"Calidi Biotherapeutics, Inc.",0001855485,0001855485-24-000004,"4475 EXECUTIVE DRIVE, SUITE 200",SAN DIEGO,CA,92121,US,form_d,,,,,,,,
"Calidi Biotherapeutics, Inc.",0001855485,0001855485-24-000005,"4475 EXECUTIVE DRIVE, SUITE 200",SAN DIEGO,CA,92121,US,form_d,,,,,,,,
"Unicycive Therapeutics, Inc.",0001766140,0001213900-24-024422,"4300 EL CAMINO REAL, SUITE 210, None",LOS ALTOS,CA,94022,US,form_d,,,,,,,,
"bioAffinity Technologies, Inc.",0001712762,0001493152-24-010645,"22211 W. INTERSTATE 10, SUITE 1206",SAN ANONIO,TX,782257,US,form_d,,,,,,,,
"Holobiome, Inc.",0001763027,0001104659-24-036473,"650 ALBANY STREET, STE 127",BOSTON,MA,02118,US,form_d,,,,,,,,
"Capstan Therapeutics, Inc.",0002015437,0002015437-24-000001,"9880 CAMPUS POINT DRIVE, SUITE 220, None",SAN DIEGO,CA,92121,US,form_d,,,,,,,,
"Capstan Therapeutics, Inc.",0002015437,0002015437-24-000002,"9880 CAMPUS POINT DRIVE, SUITE 220, None",SAN DIEGO,CA,92121,US,form_d,,,,,,,,
"Capstan Therapeutics, Inc.",0002015437,0002015437-24-000003,"9880 CAMPUS POINT DRIVE, SUITE 220, None",SAN DIEGO,CA,92121,US,form_d,,,,,,,,
"Avidity Biosciences, Inc.",0001599901,0001599901-24-000045,"10578 Science Center Drive, Suite 125, None",San Diego,CA,92121,US,form_d,,,,,,,,
NEKTAR THERAPEUTICS,0000906709,0000950123-24-002925,"455 Mission Bay Boulevard South, None",San Francisco,CA,94158,US,form_d,,,,,,,,
"Lindy Biosciences, Inc.",0001731038,0001731038-24-000001,"627 Davis Drive, Suite 400",Morrisville,NC,27560,US,form_d,,,,,,,,
TendoNova Corp,0001774275,0001774275-24-000003,"50 SATELLITE BLVD., SUITE G",SUWANEE,GA,30024,US,form_d,,,,,,,,
"BioDynamik, Inc.",0002015593,0002015593-24-000001,"11 ORCHARD RD., SUITE 107",LAKE FOREST,CA,92630,US,form_d,,,,,,,,
Mind Medicine (MindMed) Inc.,0001813814,0001123292-24-000095,"One World Trade Center, Suite 8500",New York,NY,10007,US,form_d,,,,,,,,
"Perspective Therapeutics, Inc.",0000728387,0001437749-24-008296,"2401 Elliott Avenue, Suite 320",Seattle,WA,98121,US,form_d,,,,,,,,
Aloe Therapeutics Inc.,0002009614,0002009614-24-000001,"14517 BROOKMEAD DRIVE, None",DARNESTOWN,MD,20874,US,form_d,,,,,,,,
"GREENLAB, INC.",0001923417,0001923417-24-000003,"2713 PAULA DRIVE, SUITE B",JONESBORO,AR,72404,US,form_d,,,,,,,,
"Solenic Medical, Inc.",0001785410,0001785410-24-000002,"501 GRAHAM ROAD, None",COLLEGE STATION,TX,77845,US,form_d,,,,,,,,
"Immunophotonics, Inc.",0001490953,0001490953-24-000001,"4340 Duncan Ave., Suite 212",St. Louis,MO,63110,US,form_d,,,,,,,,
"Tempo Therapeutics, Inc.",0001813688,0001813688-24-000002,"3030 BUNKER HILL STREET, SUITE 104",SAN DIEGO,CA,92109,US,form_d,,,,,,,,
"ADIAL PHARMACEUTICALS, INC.",0001513525,0001213900-24-022663,"4870 SADLER ROAD, SUITE 300, None",GLEN ALLEN,VA,23060,US,form_d,,,,,,,,
"FORAY bioscience, Inc.",0002014349,0002014349-24-000001,"750 MAIN ST., None",CAMBRIDGE,MA,02139,US,form_d,,,,,,,,
Orgenesis Inc.,0001460602,0001460602-24-000002,"20271 GOLDENROD LANE, None",GERMANTOWN,MD,20876,US,form_d,,,,,,,,
Pi Health Inc.,0002015543,0002015543-24-000002,"55 CAMBRIDGE PARKWAY, SUITE 700",CAMBRIDGE,MA,02142,US,form_d,,,,,,,,
Pi Health Inc.,0002015543,0002015543-24-000001,"55 CAMBRIDGE PARKWAY, SUITE 700",CAMBRIDGE,MA,02142,US,form_d,,,,,,,,
"Applied Therapeutics, Inc.",0001697532,0000950172-24-000045,"545 FIFTH AVENUE, SUITE 1400, None",NEW YORK,NY,10017,US,form_d,,,,,,,,
"Zephyr AI, Inc.",0001915384,0001915384-24-000001,"1800 Tysons Blvd, Suite 901, None",McLean,VA,22102,US,form_d,,,,,,,,
"Pharmaceutics International, Inc.",0001684470,0001684470-24-000001,"10819 Gilroy Road, None",Hunt Valley,MD,21030,US,form_d,,,,,,,,
"Nocion Therapeutics, Inc.",0001841279,0001841279-24-000002,"15 MAIN STREET, NO. 247",WATERTOWN,MA,02472,US,form_d,,,,,,,,
"ALZHEON, INC.",0001582636,0001582636-24-000003,"111 SPEEN STREET, SUITE 306",FRAMINGHAM,MA,01701,US,form_d,,,,,,,,
"Lytica Therapeutics, Inc.",0002015049,0002015049-24-000001,"840 MEMORIAL DRIVE, None",CAMBRIDGE,MA,02139,US,form_d,,,,,,,,
"PiroGon, Inc.",0001913179,0001913179-24-000002,"154 STATE STREET, SUITE 106, None",NORTH HAVEN,CT,06473,US,form_d,,,,,,,,
"PurCell Bio, Inc",0002001594,0002001594-24-000003,"770 OSTERMAN DRIVE, UNIT B",BOZEMAN,MT,59715,US,form_d,,,,,,,,
"ONL Therapeutics, Inc.",0001611793,0001611793-24-000001,"524 S. Main Street, Suite 110",Ann Arbor,MI,48104,US,form_d,,,,,,,,
DepYmed Inc.,0001851177,0001104659-24-033262,"3 BIOSCIENCE PARK DRIVE, None",FARMINGDALE,NY,11735,US,form_d,,,,,,,,
"Crinetics Pharmaceuticals, Inc.",0001658247,0000925421-24-000002,"6055 LUSK BOULEVARD, None",SAN DIEGO,CA,92121,US,form_d,,,,,,,,
ALUMIS INC.,0001847367,0001288320-24-000001,"280 EAST GRAND AVENUE, None",SOUTH SAN FRANCISCO,CA,94080,US,form_d,,,,,,,,
"Melt Pharmaceuticals, Inc.",0001767398,0001767398-24-000003,"5511 VIRGINIA WAY, SUITE 300",BRENTWOOD,TN,37027,US,form_d,,,,,,,,
Neurock Pharmaceuticals Inc.,0002014918,0002014918-24-000001,"302 CARNEGIE CENTER, SUITE 100, None",PRINCETON,NJ,08540,US,form_d,,,,,,,,
X-Therma Inc.,0001893252,0001893252-24-000002,"625 ALFRED NOBEL DR., None",HERCULES,CA,945471815,US,form_d,,,,,,,,
"Bugworks Research, Inc.",0001659031,0001659031-24-000001,"13962 Pierce Road, None",Saratoga,CA,95070,US,form_d,,,,,,,,
"LUMICELL, INC.",0001521898,0001521898-24-000001,"275 WASHINGTON STREET, STE. 200",NEWTON,MA,02458,US,form_d,,,,,,,,
"CoRegen, Inc.",0002012886,0002012886-24-000002,"600 E HOPKINS AVE, STE 304",ASPEN,CO,81611,US,form_d,,,,,,,,
"CALOSYN PHARMA, INC.",0001429819,0001429819-24-000004,"2031 Kings Highway, None",Shreveport,LA,71103,US,form_d,,,,,,,,
vTv Therapeutics Inc.,0001641489,0000945621-24-000282,"3980 PREMIER DR, SUITE 310",HIGH POINT,NC,27265,US,form_d,,,,,,,,
"Vytala, Inc.",0002013357,0002013357-24-000002,"603 ONEIDA LANE, None",DOWNINGTOWN,PA,19335,US,form_d,,,,,,,,
"Sentrimed, Inc.",0002014313,0002014313-24-000001,"107 GILBRETH PARKWAY, None",MULLICA HILL,NJ,08062,US,form_d,,,,,,,,
"Remunix, Inc.",0002014586,0002014586-24-000001,"564 FIRST AVE., APT. 21 H",NEW YORK,NY,10016,US,form_d,,,,,,,,
"ACTUATE THERAPEUTICS, INC.",0001652935,0001652935-24-000001,"1751 RIVER RUN, SUITE 400",FORT WORTH,TX,76107,US,form_d,,,,,,,,
Biofrontera Inc.,0001858685,0001493152-24-008891,"120 PRESIDENTIAL WAY, SUITE 330, None",WOBURN,MA,01801,US,form_d,,,,,,,,
"AXOFT, INC.",0002014351,0002014351-24-000002,"750 MAIN ST., None",CAMBRIDGE,MA,02139,US,form_d,,,,,,,,
"AXOFT, INC.",0002014351,0002014351-24-000001,"750 MAIN ST., None",CAMBRIDGE,MA,02139,US,form_d,,,,,,,,
"Pleural Dynamics, Inc.",0001812981,0001437749-24-006547,"952 Medina Road, None",Wayzata,MN,55391,US,form_d,,,,,,,,
"Focal Medical, Inc.",0001831601,0001831601-24-000002,"111 James Jackson Avenue, SUITE 131",Cary,NC,27513,US,form_d,,,,,,,,
"InGeneron, Inc.",0001678766,0001678766-24-000004,"8205 EL RIO, None",HOUSTON,TX,77054,US,form_d,,,,,,,,
Smart Health Diagnostics Co,0001974021,0001974021-24-000001,"5151 CALIFORNIA AVENUE, #150",IRVINE,CA,92617,US,form_d,,,,,,,,
Denali Therapeutics Inc.,0001714899,0001714899-24-000088,"161 OYSTER POINT BLVD., None",SOUTH SAN FRANCISCO,CA,94080,US,form_d,,,,,,,,
RYNE Biotechnology Inc.,0001938657,0001938657-24-000001,"ONE BROADWAY, 14TH FLOOR KENDALL SQUARE",CAMBRIDGE,MA,02142,US,form_d,,,,,,,,
"M Chest Institutional Pharmacy Group, LLC",0002013787,0002013787-24-000001,"3160 PARK CENTER DR., None",TYLER,TX,75701,US,form_d,,,,,,,,
"C4 Imaging, LLC",0001481933,0001481933-24-000003,"6575 West Loop South, Suite 500, None",BELLAIRE,TX,77401,US,form_d,,,,,,,,
TendoNova Corp,0001774275,0001774275-24-000002,"50 SATELLITE BLVD., SUITE G",SUWANEE,GA,30024,US,form_d,,,,,,,,
"Cybele Microbiome, Inc.",0001953909,0001953909-24-000001,"3210 MERRYFIELD ROW, None",SAN DIEGO,CA,92121,US,form_d,,,,,,,,
CRISPRQC INC.,0001916528,0001916528-24-000002,"8949 KENAMAR DRIVE, STE 101",SAN DIEGO,CA,92121,US,form_d,,,,,,,,
"Radiance Biopharma, Inc.",0002013052,0002013052-24-000003,"ONE BOSTON PLACE, SUITE 2600",BOSTON,MA,02108,US,form_d,,,,,,,,
"RCE Technologies, Inc.",0001791860,0001791860-24-000002,"2292 FARADAY AVE. #19, None",CARLSBAD,CA,92008,US,form_d,,,,,,,,
Fidelis Animal Health Inc.,0001869472,0001869472-24-000002,"685 US HIGHWAY ONE, SUITE 265, None",NORTH BRUNSWICK,NJ,08902,US,form_d,,,,,,,,
HCW Biologics Inc.,0001828673,0001828673-24-000001,"2929 N COMMERCE PKWY, None",MIRAMAR,FL,33025,US,form_d,,,,,,,,
CRISPRQC INC.,0001916528,0001968972-24-000001,"8949 KENAMAR DRIVE, STE 101",SAN DIEGO,CA,92121,US,form_d,,,,,,,,
"eGenesis, Inc.",0001682809,0001682809-24-000001,"101 CAMBRIDGEPARK DR., SUITE 200, None",CAMBRIDGE,MA,02140,US,form_d,,,,,,,,
"One Health Group, Inc.",0001972911,0001972911-24-000001,"3053 WEST LAKE ROAD, None",CAZENOVIA,NY,13035,US,form_d,,,,,,,,
"Thunder Biotech, Inc.",0001707315,0001707315-24-000001,"395 Cougar Blvd., SUITE 103",PROVO,UT,84604,US,form_d,,,,,,,,
"CERO THERAPEUTICS HOLDINGS, INC.",0001870404,0001802806-24-000016,"201 HASKINS WAY, SUITE 230",SOUTH SAN FRANCISCO,CA,94080,US,form_d,,,,,,,,
"Avicenna Biosciences, Inc.",0001824034,0001824034-24-000001,"701 WEST MAIN STREET, SUITE 200, None",DURHAM,NC,27701,US,form_d,,,,,,,,
"Areteia Therapeutics, Inc.",0001937542,0001937542-24-000005,"101 GLEN LENNOX DR., SUITE 300",CHAPEL HILL,NC,27517,US,form_d,,,,,,,,
Adze Biotechnology Inc,0001787508,0001787508-24-000001,"2332 Galiano Street, 2nd Floor, None",Coral Gables,FL,33157,US,form_d,,,,,,,,
"CoRegen, Inc.",0002012886,0002012886-24-000001,"600 E HOPKINS AVE, STE 304",ASPEN,CO,81611,US,form_d,,,,,,,,
"Adverum Biotechnologies, Inc.",0001501756,0002010585-24-000002,"100 CARDINAL WAY, None",REDWOOD CITY,CA,94063,US,form_d,,,,,,,,
AIM ImmunoTech Inc.,0000946644,0000946644-24-000002,"2117 SW HIGHWAY 484, None",OCALA,FL,32801,US,form_d,,,,,,,,
"PathCision Medicine, Inc.",0001959064,0001959064-24-000002,"134 COOLIDGE AVENUE, #2",WATERTOWN,MA,02472,US,form_d,,,,,,,,
"Flagship Biosciences, Inc.",0001733718,0001733718-24-000002,"11800 Ridge Parkway, Suite 450",Broomfield,CO,80021,US,form_d,,,,,,,,
AIM ImmunoTech Inc.,0000946644,0000946644-24-000001,"2117 SW HIGHWAY 484, None",OCALA,FL,32801,US,form_d,,,,,,,,
NeuroX Innovations Inc.,0001956083,0001956083-24-000001,"8480 E ORCHARD ROAD, SUITE 4900",GREENWOOD VILLAGE,CO,80111,US,form_d,,,,,,,,
"Vektor Medical, Inc.",0001732150,0001732150-24-000001,"9255 Towne Centre Drive, Suite 750",San Diego,CA,92121,US,form_d,,,,,,,,
"Pharmazz, Inc.",0001729963,0001729963-24-000001,"50 W 75TH ST, STE 105",WILLOWBROOK,IL,60527,US,form_d,,,,,,,,
"Glyphic Biotechnologies, Inc.",0002011516,0002011516-24-000001,"169 MADISON AVENUE, #2216",NEW YORK,NY,10016,US,form_d,,,,,,,,
Kytopen Corp.,0001777277,0000929638-24-000725,"750 MAIN STREET, None",CAMBRIDGE,MA,02139-4018,US,form_d,,,,,,,,
"CARI Health, Inc.",0001930994,0001930994-24-000002,"4653 CARMEL MOUNTAIN ROAD, STE 308/260",SAN DIEGO,CA,92130,US,form_d,,,,,,,,
"SEELOS THERAPEUTICS, INC.",0001017491,0001104659-24-023870,"300 PARK AVENUE, 2ND FLOOR",NEW YORK,NY,10022,US,form_d,,,,,,,,
"Adela, Inc.",0001852167,0001852167-24-000002,"353 HATCH DRIVE, None",FOSTER CITY,CA,94404,US,form_d,,,,,,,,
"Adela, Inc.",0001852167,0001852167-24-000001,"353 HATCH DRIVE, None",FOSTER CITY,CA,94404,US,form_d,,,,,,,,
KIORA PHARMACEUTICALS INC,0001372514,0001372514-24-000014,"332 ENCINITAS BOULEVARD, SUITE 102",ENCINITAS,CA,92024,US,form_d,,,,,,,,
Graviton BioScience Corp,0001847048,0001231919-24-000017,"125 West End Ave, Suite 301",New York,NY,10023,US,form_d,,,,,,,,
"XiltriX North America, LLC",0001777611,0001777611-24-000001,"9255 Towne Centre Drive, Suite 925",SAN DIEGO,CA,92121,US,form_d,,,,,,,,
"Provell Pharmaceuticals, LLC",0001592082,0001592082-24-000001,"1801 HORESHOE PIKE, None",HONEY BROOK,PA,19341,US,form_d,,,,,,,,
Seedling Biosystems Inc.,0002004651,0002004651-24-000001,"4967 10TH STREET, None",BOULDER,CO,80304,US,form_d,,,,,,,,
"Nirrin Technologies, Inc.",0001889145,0001889145-24-000001,"44 MANNING RD., None",BILLERICA,MA,01821,US,form_d,,,,,,,,
"NextPoint Therapeutics, Inc.",0001959209,0001959209-24-000001,"238 MAIN STREET, None",CAMBRIDGE,MA,02142,US,form_d,,,,,,,,
"Companion Spine, LLC",0002002037,0002002037-24-000001,"505 PARK AVE., 14TH FLOOR",NEW YORK,NY,10022,US,form_d,,,,,,,,
"CARI Health, Inc.",0001930994,0001930994-24-000001,"4653 CARMEL MOUNTAIN ROAD, STE 308/260",SAN DIEGO,CA,92130,US,form_d,,,,,,,,
"Tyra Biosciences, Inc.",0001863127,0001944599-24-000001,"2656 STATE STREET, None",CARLSBAD,CA,92008,US,form_d,,,,,,,,
"PALISADE BIO, INC.",0001357459,0001493152-24-006024,"7750 EL CAMINO REAL, SUITE 2A",CARLSBAD,CA,92009,US,form_d,,,,,,,,
"NEURONA THERAPEUTICS, INC",0001443321,0001443321-24-000001,"170 HARBOR WAY, None",SOUTH SAN FRANCISCO,CA,94080,US,form_d,,,,,,,,
"SeLux Diagnostics, Inc.",0001736293,0001736293-24-000001,"56 ROLAND STREET, SUITE 206",CHARLESTOWN,MA,02129,US,form_d,,,,,,,,
"BioAge Labs, Inc.",0001709941,0001709941-24-000002,"1445A SOUTH 50TH STREET, None",RICHMOND,CA,94804,US,form_d,,,,,,,,
"ResBiotic Nutrition, Inc.",0001888891,0001888891-24-000001,"1500 1ST AVENUE NORTH, H102, None",BIRMINGHAM,AL,35203,US,form_d,,,,,,,,
APPLIED DNA SCIENCES INC,0000744452,0001104659-24-014621,"50 HEALTH SCIENCES DRIVE, None",STONY BROOK,NY,11790,US,form_d,,,,,,,,
"Melt Pharmaceuticals, Inc.",0001767398,0001767398-24-000002,"5511 VIRGINIA WAY, SUITE 300",BRENTWOOD,TN,37027,US,form_d,,,,,,,,
Seren Bio Corp.,0002006708,0002006708-24-000001,"541 GARDENA CT, None",ENCINITAS,CA,92024,US,form_d,,,,,,,,
"Octagon Therapeutics, Inc.",0001756982,0001756982-24-000003,"225 DYER ST., None",PROVIDENCE,RI,02903,US,form_d,,,,,,,,
"Skye Bioscience, Inc.",0001516551,0001516551-24-000003,"11250 EL CAMINO REAL, SUITE 100, None",SAN DIEGO,CA,92130,US,form_d,,,,,,,,
"Biomakers, Inc.",0002010983,0002010983-24-000001,"One Post Office Square, Fl. 21",Boston,MA,02109,US,form_d,,,,,,,,
"BlueWillow Biologics, Inc.",0001172083,0000897069-24-000295,"2311 GREEN ROAD, SUITE A",ANN ARBOR,MI,48105,US,form_d,,,,,,,,
RetinalGenix Technologies Inc.,0001836295,0001493152-24-005749,"1450 NORTH MCDOWELL BOULEVARD, SUITE 150",PETALUMA,CA,94954,US,form_d,,,,,,,,
Circinus Medical Technology LLC,0001815322,0001815322-24-000002,"100-7 Domino Dr., None",Concord,MA,01742,US,form_d,,,,,,,,
"Attralus, Inc.",0001797582,0001797582-24-000002,"337 C Beach Road, None",Burlingame,CA,94010,US,form_d,,,,,,,,
iLumisAR Inc.,0002010931,0002010931-24-000001,"114 BARRINGTON TOWN SQUARE, SUITE 225, None",AURORA,OH,44202,US,form_d,,,,,,,,
Aspira Women's Health Inc.,0000926617,0002010585-24-000001,"12117 BEE CAVES ROAD BUILDING THREE, SUITE 100",AUSTIN,TX,78738,US,form_d,,,,,,,,
"Model Medicines, Inc.",0001892786,0001892786-24-000002,"1268 Prospect Street, None",La Jolla,CA,92037,US,form_d,,,,,,,,
"Athos Therapeutics, Inc.",0001885079,0001885079-24-000002,"1123 W. CARSON ST., None",TORRANCE,CA,90502,US,form_d,,,,,,,,
Novasenta Inc.,0001936994,0001936994-24-000001,"350 TECHNOLOGY DRIVE, SUITE 501",PITTSBURGH,PA,15219,US,form_d,,,,,,,,
"Cardio Diagnostics Holdings, Inc.",0001870144,0001486189-24-000008,"311 W. SUPERIOR STREET, SUITE 444",CHICAGO,IL,60645,US,form_d,,,,,,,,
"Checkpoint Therapeutics, Inc.",0001651407,0001104659-24-010741,"95 SAWYER ROAD, SUITE 110",WALTHAM,MA,02453,US,form_d,,,,,,,,
"Seranova Bio, Inc.",0001862032,0001862032-24-000002,"329 OYSTER POINT Boulevard, 3FL",SOUTH SAN FRANCISCO,CA,94080,US,form_d,,,,,,,,
"SANUWAVE Health, Inc.",0001417663,0001140361-24-005506,"11495 Valley View Road, None",Eden Prairie,MN,55344,US,form_d,,,,,,,,
"Kura Oncology, Inc.",0001422143,0001845459-24-000001,"12730 HIGH BLUFF DRIVE, SUITE 400, None",SAN DIEGO,CA,92130,US,form_d,,,,,,,,
"Allarity Therapeutics, Inc.",0001860657,0001213900-24-009722,"24 SCHOOL ST., 2ND FLOOR, None",BOSTON,MA,02108,US,form_d,,,,,,,,
"Solenic Medical, Inc.",0001785410,0001785410-24-000001,"4275 Kellway Cir., Ste. 146",Addison,TX,75001,US,form_d,,,,,,,,
"Stingray Therapeutics, Inc.",0001759143,0001759143-24-000001,"HEALTH WILDCATTERS INCUBATOR, 3000 PEGASUS PARK DR., SUITE 1330",DALLAS,TX,75247,US,form_d,,,,,,,,
"Epicore Biosystems, Inc.",0001755876,0001755876-24-000001,"810 MEMORIAL DRIVE, SUITE 100",CAMBRIDGE,MA,02139,US,form_d,,,,,,,,
"Cleveland Diagnostics, Inc.",0001637038,0001637038-24-000001,"3615 SUPERIOR AVENUE, Suite 4406A",CLEVELAND,OH,44114,US,form_d,,,,,,,,
"Amytrx Therapeutics, Inc.",0001649024,0001649024-24-000001,"40 Burton Hills Boulevard, Suite 200",NASHVILLE,TN,37215,US,form_d,,,,,,,,
"resistanceBio, Inc.",0002010024,0002010024-24-000001,"980 O'BRIEN DR, None",MENLO PARK,CA,94025,US,form_d,,,,,,,,
"Entact Bio, Inc.",0002008244,0002008244-24-000001,"65 GROVE STREET, SUITE 303",WATERTOWN,MA,02472,US,form_d,,,,,,,,
DILON TECHNOLOGIES INC,0001047810,0001047810-24-000001,"701 Mariners Row, Suite 200",NEWPORT NEWS,VA,23606,US,form_d,,,,,,,,
"Oric Pharmaceuticals, Inc.",0001796280,0001796280-24-000001,"240 E. GRAND AVE., 2ND FLOOR",SOUTH SAN FRANCISCO,CA,94080,US,form_d,,,,,,,,
"BioNADrx Holdings, Inc.",0002009791,0002009791-24-000001,"207 N. BOONE STREET, SUITE 15, None",JOHNSON CITY,TN,37604,US,form_d,,,,,,,,
"Cellanome, Inc.",0001886462,0001886462-24-000001,"1810 Embarcadero Rd, Suite 200, None",Palo Alto,CA,94303,US,form_d,,,,,,,,
"TALPHERA, INC.",0001427925,0001427925-24-000002,"1850 GATEWAY DRIVE, SUITE 175",SAN MATEO,CA,94404,US,form_d,,,,,,,,
Bio-AI Health Inc.,0001932949,0001932949-24-000001,"105 MAPLE AVENUE, None",GOFFSTOWN,NH,03045,US,form_d,,,,,,,,
"CorriXR Therapeutics, Inc.",0001938281,0001938281-24-000001,"550 S. College Avenue, Suite 107, None",Newark,DE,19713,US,form_d,,,,,,,,
"Dome Therapeutics, LLC",0001830351,0001830351-24-000001,"7280 OAKMONT COURT, None",PORTE VEDRA BEACH,FL,32082,US,form_d,,,,,,,,
Jnana Therapeutics Inc.,0001879148,0001879148-24-000002,"One Design Center Place, Suite 19-400",BOSTON,MA,02210,US,form_d,,,,,,,,
"Arthrosi Therapeutics, Inc.",0001741062,0001741062-24-000001,"23052 ALCALDE DRIVE, SUITE A, None",LAGUNA HILLS,CA,92653,US,form_d,,,,,,,,
"SingleTimeMicroneedles, Inc.",0002009723,0002009723-24-000001,"400 FARMINGTON AVE., RM 1844",FARMINGTON,CT,06032,US,form_d,,,,,,,,
"Ora Biomedical, Inc.",0001927878,0001927878-24-000001,"12101 Tukwila International Blvd, Suite 210",Tukwila,WA,98168,US,form_d,,,,,,,,
"PurCell Bio, Inc",0002001594,0002001594-24-000002,"770 OSTERMAN DRIVE, UNIT B",BOZEMAN,MT,59715,US,form_d,,,,,,,,
"Reunion Neuroscience Management, Inc.",0002007993,0002007993-24-000001,"257 S 25TH STREET, None",PHILADELPHIA,PA,19103,US,form_d,,,,,,,,
"Adolore Biotherapeutics, Inc.",0001904161,0001904161-24-000001,"13685 WHISTLER MOUNTAIN ROAD, None",DELRAY BEACH,FL,33446,US,form_d,,,,,,,,
"Vaneltix Pharma, Inc.",0000932352,0000932352-24-000002,"317 GEORGE STREET, SUITE 400",NEW BRUNSWICK,NJ,08901,US,form_d,,,,,,,,
"Myrobalan Therapeutics Holding, Inc.",0002009058,0002009058-24-000002,"200 BOSTON AVENUE, SUITE G750, None",MEDFORD,MA,02155,US,form_d,,,,,,,,
"Vista Biomedical, Inc.",0002005998,0002005998-24-000001,"5217 RIM VIEW LANE, None",LAS VEGAS,NV,89130,US,form_d,,,,,,,,
"Better Therapeutics, Inc.",0001832415,0001832415-24-000001,"548 MARKET ST. #49404, None",SAN FRANCISCO,CA,94101,US,form_d,,,,,,,,
Circular Genomics Inc.,0001878989,0001878989-24-000001,"5901 INDIAN SCHOOL RD NE, None",ALBUQUERQUE,NM,87110,US,form_d,,,,,,,,
"Aditxt, Inc.",0001726711,0001213900-24-005754,"737 N. FIFTH STREET, SUITE 200",RICHMOND,VA,23219,US,form_d,,,,,,,,
"Restora Medical, Inc.",0002008412,0002008412-24-000001,"3943 IRVINE BLVD, SUITE 667",IRVINE,CA,92602,US,form_d,,,,,,,,
"View Point Medical, Inc.",0001783986,0001783986-24-000001,"6451 EL CAMINO REAL, None",CARLSBAD,CA,92009,US,form_d,,,,,,,,
EmpNia Inc.,0001997597,0001437749-24-001913,"4500 Lakeview Drive, None",Edina,MN,55424,US,form_d,,,,,,,,
"Intrommune Therapeutics, Inc.",0001736977,0001104659-24-005583,"20 W 125TH ST. UNIT #1, None",NEW YORK,NY,10027,US,form_d,,,,,,,,
"Intrommune Therapeutics, Inc.",0001736977,0001104659-24-005581,"20 W 125TH ST. UNIT #1, None",NEW YORK,NY,10027,US,form_d,,,,,,,,
"Perspective Therapeutics, Inc.",0000728387,0001437749-24-001858,"2401 Elliott Avenue, Suite 320",Seattle,WA,98121,US,form_d,,,,,,,,
"SIRPant Immunotherapeutics, Inc.",0001876657,0001876657-24-000001,"1214 RESEARCH BOULEVARD, SUITE 2010, None",HUMMELSTOWN,PA,17036,US,form_d,,,,,,,,
"Clarametyx Biosciences, Inc.",0002008752,0002008752-24-000001,"1275 KINNEAR ROAD, None",COLUMBUS,OH,43212,US,form_d,,,,,,,,
Relation Therapeutics Inc.,0001876828,0001876828-24-000001,"THE MANORS OF INVERRARY, 4158 INVERRARY DRIVE, APT 507, BLDG 4",LAUDERHILL,FL,33319,US,form_d,,,,,,,,
"Montara Therapeutics, Inc.",0002008775,0002008775-24-000001,"135 MISSISSIPPI STREET, None",SAN FRANCISCO,CA,94107,US,form_d,,,,,,,,
Aether Therapeutics Inc.,0002004745,0002004745-24-000001,"4200 MARATHON BOULEVARD, SUITE 200",AUSTIN,TX,78756,US,form_d,,,,,,,,
"Helicore Bioventures I, Inc.",0002008794,0002008794-24-000003,"619 W 54TH STREET, SUITE 702, None",NEW YORK,NY,10019,US,form_d,,,,,,,,
"Voyager Therapeutics, Inc.",0001640266,0001640266-24-000001,"75 HAYDEN AVENUE, None",LEXINGTON,MA,02421,US,form_d,,,,,,,,
Comanche Biopharma Corp.,0001873062,0001873062-24-000001,"50 Beharrell Street, #50-B",CONCORD,MA,01742,US,form_d,,,,,,,,
Circinus Medical Technology LLC,0001815322,0001815322-24-000001,"100-7 Domino Dr., None",Concord,MA,01742,US,form_d,,,,,,,,
"RHF IV Holding Company, LLC",0002008220,0002008220-24-000003,"8 KNOB HILL, None",PARK CITY,UT,84098,US,form_d,,,,,,,,
Sano Chemicals Inc,0002007816,0002007816-24-000001,"905 INNOVATION DRIVE, None",BRYAN,TX,77808,US,form_d,,,,,,,,
"Precise Bio, Inc.",0001904090,0001213900-24-003937,"111 NORTH CHESTNUT STREET, SUITE 103, None",WINSTON-SALEM,NC,27101-4054,US,form_d,,,,,,,,
"Rapalogix Health, Inc.",0002008372,0002008372-24-000001,"228 PARK AVE S, SUITE 66643, None",NEW YORK,NY,10003,US,form_d,,,,,,,,
RevivBio Inc.,0001935963,0001935963-24-000002,"750 MAIN STREET, None",CAMBRIDGE,MA,02139,US,form_d,,,,,,,,
EpiVario Inc.,0001753351,0001905496-24-000001,"3401 GRAYS FERRY AVENUE BUILDING 176, Suite 1020",PHILADELPHIA,PA,19146,US,form_d,,,,,,,,
Orthomod LLC,0002007576,0002007576-24-000001,"350 FAME ROAD, None",DAYTON,OH,45449,US,form_d,,,,,,,,
"Pulmotect, Inc.",0001673929,0001200876-24-000001,"3900 ESSEX LANE, SUITE 575",HOUSTON,TX,77027,US,form_d,,,,,,,,
Systems Biology Research Group LLC,0002007476,0002007476-24-000001,"6702 N. Sheridan Road, #2N",Chicago,IL,60626,US,form_d,,,,,,,,
"Grannus Therapeutics, Inc.",0001905806,0001905806-24-000004,"7210 N. PENNSYLVANIA STREET, None",INDIANAPOLIS,IN,46240,US,form_d,,,,,,,,
"Eutropics Pharmaceuticals, Inc.",0001892756,0001892756-24-000001,"767 CONCORD AVENUE, None",CAMBRIDGE,MA,02138,US,form_d,,,,,,,,
Brain Code Inc,0002007850,0002007850-24-000001,"1 BROADWAY, 14TH FLOOR, C/O GREAT PRODUCT",CAMBRIDGE,MA,02142,US,form_d,,,,,,,,
"SyntheX,Inc.",0001699260,0001699260-24-000002,"409 Illinois Street, None",SAN FRANCISCO,CA,94158,US,form_d,,,,,,,,
"Peytant Solutions, Inc.",0001652372,0001437749-24-001135,"3650 Annapolis Lane, #180",Plymouth,MN,55447,US,form_d,,,,,,,,
LB PHARMACEUTICALS INC,0001691082,0001691082-24-000001,"575 MADISON AVENUE, None",NEW YORK,NY,10022,US,form_d,,,,,,,,
"Relay Therapeutics, Inc.",0001812364,0001802806-24-000003,"399 BINNEY STREET, 2ND FLOOR",CAMBRIDGE,MA,02139,US,form_d,,,,,,,,
"Transition Bio, Inc.",0001920890,0001920890-24-000002,"ONE MIFFLIN PLACE, SUITE 400, None",CAMBRIDGE,MA,02138,US,form_d,,,,,,,,
TendoNova Corp,0001774275,0001774275-24-000001,"50 SATELLITE BLVD., SUITE G",SUWANEE,GA,30024,US,form_d,,,,,,,,
"Melt Pharmaceuticals, Inc.",0001767398,0001767398-24-000001,"5511 VIRGINIA WAY, SUITE 300",BRENTWOOD,TN,37027,US,form_d,,,,,,,,
"Claris Biotherapeutics, Inc.",0001809726,0001809726-24-000001,"299 PAVONIA AVENUE 3-8, None",JERSEY CITY,NJ,07302,US,form_d,,,,,,,,
Centrexion Therapeutics Corp,0001592052,0001592052-24-000003,"200 STATE STREET, 6TH FLOOR",BOSTON,MA,02109,US,form_d,,,,,,,,
"MBF Therapeutics, Inc.",0001458729,0001458729-24-000001,"640 WOODBROOK DRIVE, None",AMBLER,PA,19002,US,form_d,,,,,,,,
Longeveron Inc.,0001721484,0001721484-24-000001,"1951 NW 7TH AVENUE, SUITE 520",MIAMI,FL,33136,US,form_d,,,,,,,,
"Comera Life Sciences Holdings, Inc.",0001907685,0001907685-24-000001,"12 GILL STREET, SUITE 4650",WOBURN,MA,01801,US,form_d,,,,,,,,
JelliSee Ophthalmics Inc.,0002006388,0001878646-24-000001,"8414 HOLLY LEAF DR., None",MCLEAN,VA,22102,US,form_d,,,,,,,,
"Elicio Therapeutics, Inc.",0001601485,0001140361-24-001004,"451 D Street, 5th Floor",Boston,MA,02210,US,form_d,,,,,,,,
"SANUWAVE Health, Inc.",0001417663,0001140361-24-001003,"11495 Valley View Road, None",Eden Prairie,MN,55344,US,form_d,,,,,,,,
"Panbela Therapeutics, Inc.",0001029125,0001437749-24-000715,"712 Vista Blvd #305, None",Waconia,MN,55387,US,form_d,,,,,,,,
"RCE Technologies, Inc.",0001791860,0001791860-24-000001,"2292 FARADAY AVE. #19, None",CARLSBAD,CA,92008,US,form_d,,,,,,,,
"Remix Therapeutics, Inc.",0002006953,0002006953-24-000002,"100 FORGE ROAD, None",WATERTOWN,MA,02472,US,form_d,,,,,,,,
"NovaBay Pharmaceuticals, Inc.",0001389545,0001977207-24-000001,"2000 POWELL STREET, SUITE 1150, None",EMERYVILLE,CA,94608,US,form_d,,,,,,,,
PranaX Corp,0002006819,0002006819-24-000001,"742 MAJESTIC SHORE LANE, None",PINEHURST,TX,77362,US,form_d,,,,,,,,
Zymeworks Inc.,0001937653,0001937653-24-000002,"108 PATRIOT DRIVE, SUITE A, None",MIDDLETOWN,DE,19709,US,form_d,,,,,,,,
"Neopenda, PBC",0001751635,0001751635-24-000001,"1623 W FULTON ST, None",CHICAGO,IL,60612,US,form_d,,,,,,,,
"Moonwalk Biosciences, Inc.",0002004362,0002004362-24-000001,"2 TOWER PLACE, 17TH FLOOR, None",SOUTH SAN FRANCISCO,CA,94080,US,form_d,,,,,,,,
"Omnipulse Biosciences, Inc.",0001976713,0001976713-24-000001,"238 Main Street, None",Cambridge,MA,02142,US,form_d,,,,,,,,
"BlossomHill Therapeutics, Inc.",0001839970,0001839970-24-000001,"3525 John Hopkins Court, Suite 100",SAN DIEGO,CA,92121,US,form_d,,,,,,,,
"Tharimmune, Inc.",0001861657,0001493152-24-025662,"1200 ROUTE 22 EAST, SUITE 2000",BRIDGEWATER,NJ,08807,US,form_d,,,,,,,,
"KALA BIO, Inc.",0001479419,0001479419-24-000001,"1167 MASSACHUSETTS AVENUE, None",ARLINGTON,MA,02476,US,form_d,,,,,,,,
Celcuity Inc.,0001603454,0001437749-24-021559,"16305 36th Avenue North, Suite 100",Minneapolis,MN,55446,US,form_d,,,,,,,,
"NovaBay Pharmaceuticals, Inc.",0001389545,0002028644-24-000001,"2000 POWELL STREET, SUITE 1150, None",EMERYVILLE,CA,94608,US,form_d,,,,,,,,
"Response Pharmaceuticals, Inc.",0001913970,0001913970-24-000001,"1104 WEST BROAD STREET #1064, None",FALLS CHURCH,VA,22046,US,form_d,,,,,,,,
Navrogen Inc.,0001756608,0001756608-24-000002,"1837 UNIVERSITY CIR., SCIENCE CENTER ROOM 218",CHEYNEY,PA,19319,US,form_d,,,,,,,,
"Coeptis Therapeutics Holdings, Inc.",0001759186,0001683168-24-004523,"105 BRADFORD ROAD, SUITE 420, None",WEXFORD,PA,15090,US,form_d,,,,,,,,
Navrogen Inc.,0001756608,0001756608-24-000001,"1837 University Circle, Science Building Rm 209",Cheyney,PA,19319,US,form_d,,,,,,,,
"Hexamer Therapeutics, Inc",0001797915,0001797915-24-000001,"2345 NE HOPKINS CT, None",PULLMAN,WA,99163,US,form_d,,,,,,,,
"Phi Therapeutics, Inc.",0001778492,0001778492-24-000001,"1250 PETALUMA BLVD N, None",PETALUMA,CA,94952,US,form_d,,,,,,,,
"Eumentis Therapeutics, Inc.",0001823359,0001823359-24-000002,"508 DUDLEY ROAD, SUITE 105",NEWTON,MA,02459,US,form_d,,,,,,,,
"Elion Therapeutics, Inc.",0002028346,0002028346-24-000001,"C/O DEERFIELD MANAGEMENT COMPANY LP, 345 PARK AVENUE SOUTH",NEW YORK,NY,10010,US,form_d,,,,,,,,
"EIKONOKLASTES THERAPEUTICS, INC.",0001805698,0001805698-24-000001,"2356 Park Avenue, Unit 17",Cincinnati,OH,45206,US,form_d,,,,,,,,
"Amplifi Vascular, Inc.",0001990753,0001990753-24-000001,"C/O THE CORPORATION TRUST COMPANY, 1209 ORANGE STREET",WILMINGTON,DE,19801,US,form_d,,,,,,,,
Longeveron Inc.,0001721484,0001721484-24-000003,"1951 NW 7TH AVENUE, SUITE 520",MIAMI,FL,33136,US,form_d,,,,,,,,
Cerecin Inc.,0001293610,0001293610-24-000001,"44 COOK STREET, SUITE 100-71",DENVER,CO,80206,US,form_d,,,,,,,,
"Otologic Technologies, Inc.",0001807001,0001807001-24-000001,"887 NORTH HIGH POINT ROAD, None",MADISON,WI,53717,US,form_d,,,,,,,,
"Amend Surgical, Inc.",0001656957,0001656957-24-000001,"5134 SW 106th Way, None",Gainesville,FL,32608,US,form_d,,,,,,,,
"Marea Therapeutics, Inc.",0002027714,0002027714-24-000001,"135 MISSISSIPPI STREET, None",SAN FRANCISCO,CA,94107,US,form_d,,,,,,,,
Nexsis Biosciences LLC,0002028035,0001437749-24-021059,"186 Silver Sage Lane, None",St. Augustine,FL,32095,US,form_d,,,,,,,,
"Koios Medical, Inc.",0001764417,0001764417-24-000003,"242 W. 38TH STREET, 14th Floor",NEW YORK,NY,10018,US,form_d,,,,,,,,
"MUSTANG BIO, INC.",0001680048,0001104659-24-074044,"377 PLANTATION STREET, None",WORCESTER,MA,01605,US,form_d,,,,,,,,
Ingenia Therapeutics Inc.,0001796831,0001789232-24-000003,"134 COOLIDGE AVENUE, BIOLABS 2ND FLOOR",WATERTOWN,MA,02472,US,form_d,,,,,,,,
Microbot Medical Inc.,0000883975,0001493152-24-024519,"288 GROVE STREET, SUITE 388",BRAINTREE,MA,02184,US,form_d,,,,,,,,
"RCE Technologies, Inc.",0001791860,0001791860-24-000003,"2292 FARADAY AVE. #19, None",CARLSBAD,CA,92008,US,form_d,,,,,,,,
Summit Therapeutics Inc.,0001599298,0000950123-24-006261,"601 Brickell Key Drive, Suite 1000",Miami,FL,33131,US,form_d,,,,,,,,
"NephroDI Therapeutics, Inc.",0001840655,0001840655-24-000002,"2200 32ND AVE W, None",SEATTLE,WA,98199,US,form_d,,,,,,,,
"Kern Australis, LLC",0002027215,0002027215-24-000001,"60 EAST SIR FRANCIS DRAKE, SUITE 302",LARKSPUR,CA,94939,US,form_d,,,,,,,,
"MicroMed, LLC",0002027206,0002027206-24-000001,"8730 COMMERCE PARK PLACE, SUITE E",INDIANAPOLIS,IN,46268,US,form_d,,,,,,,,
"Greenwich LifeSciences, Inc.",0001799788,0001493152-24-024203,"3992 BLUEBONNET DR, BUILDING 14",STAFFORD,TX,77477,US,form_d,,,,,,,,
Alida Biosciences Inc.,0001870548,0001870548-24-000001,"14813 PRISCILLA STREET, None",SAN DIEGO,CA,92129,US,form_d,,,,,,,,
"Santa Ana Bio, Inc.",0001864492,0001864492-24-000001,"1105 Atlantic Ave., Suite 104",Alameda,CA,94501,US,form_d,,,,,,,,
Modulate Bio Inc.,0002026915,0002026915-24-000001,"PAGLIUCA HARVARD LIFE LAB, 127 WESTERN AVE",ALLSTON,MA,02134,US,form_d,,,,,,,,
"BIO-PATH HOLDINGS, INC.",0001133818,0001446472-24-000003,"4710 BELLAIRE BOULEVARD, SUITE 210",BELLAIRE,TX,77401,US,form_d,,,,,,,,
XDemics Corp,0002026725,0002026725-24-000002,"605 E Huntington Dr #103, None",Monrovia,CA,91016,US,form_d,,,,,,,,
INANOVATE INC,0001366325,0001366325-24-000001,"2329 N. CAREER AVENUE STE 113., None",SIOUX FALLS,SD,57107,US,form_d,,,,,,,,
"UBIVAC, INC.",0001713945,0001713945-24-000001,"18183 S.W. BOONES FERRY ROAD, None",PORTLAND,OR,97224,US,form_d,,,,,,,,
"OLFAX, LLC",0002026135,0002026135-24-000001,"16 BILTMORE AVE, STE 300",ASHEVILLE,NC,28801,US,form_d,,,,,,,,
"Astrin Biosciences, Inc.",0002025644,0002025644-24-000001,"1000 WESTGATE DR, STE 1009, None",SAINT PAUL,MN,55114,US,form_d,,,,,,,,
"Silo Pharma, Inc.",0001514183,0001213900-24-051718,"677 N. WASHINGTON BOULEVARD, None",SARASOTA,FL,34236,US,form_d,,,,,,,,
"Pharmaceutics International, Inc.",0001684470,0001684470-24-000002,"10819 GILROY ROAD, None",HUNT VALLEY,MD,21030,US,form_d,,,,,,,,
"Perlumi Chemicals, Inc.",0002026546,0002026546-24-000001,"2625 DURANT AVE, #122, 2.5-7",BERKELEY,CA,94720,US,form_d,,,,,,,,
AJNA BioSciences PBC,0001900590,0001900590-24-000002,"8022 Southpark Circle, Suite 500, None",LITTLETON,CO,80120,US,form_d,,,,,,,,
Myrtelle Inc.,0001868532,0001213900-24-050892,"17 STATE STREET, FL3, STE 350",NEW YORK,NY,10004,US,form_d,,,,,,,,
LivFul Inc.,0001845848,0001845848-24-000001,"6 S. 1st Street, Suite 225, None",TEMPLE,TX,76501,US,form_d,,,,,,,,
"Purinomia Biotech, Inc.",0001723458,0001723458-24-000001,"2-E GILL STREET, None",WOBURN,MA,01801,US,form_d,,,,,,,,
"Nodal Therapeutics, Inc.",0002024197,0002024197-24-000001,"1804 EDGEWATER PARKWAY, None",SILVER SPRING,MD,20903,US,form_d,,,,,,,,
"Iambic Therapeutics, Inc.",0001997038,0001997038-24-000003,"5627 OBERLIN DRIVE, SUITE 120, None",SAN DIEGO,CA,92121,US,form_d,,,,,,,,
"Calidi Biotherapeutics, Inc.",0001855485,0001855485-24-000006,"4475 EXECUTIVE DRIVE, SUITE 200",SAN DIEGO,CA,92121,US,form_d,,,,,,,,
"Osteal Therapeutics, Inc.",0001735936,0001735936-24-000001,"835 Lyndon B. Johnson Fwy Ste 635, None",Dallas,TX,75244,US,form_d,,,,,,,,
"Kolon TissueGene, Inc.",0001326507,0001326507-24-000001,"9713 KEY WEST AVENUE, SUITE 300",ROCKVILLE,MD,20850,US,form_d,,,,,,,,
"Bionano Genomics, Inc.",0001411690,0001140361-24-028994,"9540 Towne Centre Drive, Suite 100, None",San Diego,CA,92121,US,form_d,,,,,,,,
Codetta Bio Inc.,0002025372,0002025372-24-000001,"140 SOUTHCENTER CT., SUITE 200",MORRISVILLE,NC,27560,US,form_d,,,,,,,,
"Reiley Pharmaceuticals, Inc.",0001616308,0001616308-24-000001,"3749 BUCHANAN STREET, SUITE 475745",SAN FRANCISCO,CA,94147,US,form_d,,,,,,,,
"IconOVir Bio, Inc.",0001834886,0001437749-24-019217,"689 Fifth Avenue, 12th Floor",New York,NY,10022,US,form_d,,,,,,,,
"Inhibikase Therapeutics, Inc.",0001750149,0001750149-24-000002,"3350 RIVERWOOD PARKWAY SE, SUITE 1900, None",Atlanta,GA,30339,US,form_d,,,,,,,,
"AskY Therapeutics, Inc.",0001962108,0000950123-24-006105,"12405 Hunters Glen, None",Owings Mills,MD,21117,US,form_d,,,,,,,,
"SystImmune, Inc.",0002016790,0002016790-24-000001,"15318 NE 95TH ST, None",REDMOND,WA,98052,US,form_d,,,,,,,,
Judo Bio Inc.,0001955569,0001955569-24-000001,"300 TECHNOLOGY SQUARE, 8TH FLOOR",CAMBRIDGE,MA,02139,US,form_d,,,,,,,,
"Infinity Bio, Inc.",0001982572,0001982572-24-000002,"6200 SEAFORTH ST., None",BALTIMORE,MD,21224,US,form_d,,,,,,,,
"Interius BioTherapeutics, Inc.",0001807811,0001807811-24-000001,"3401 GRAYS FERRY AVENUE, BUILDING 200, SUITE 300",PHILADELPHIA,PA,19146,US,form_d,,,,,,,,
GENE SOLUTIONS LLC,0001444477,0001444477-24-000001,"123 E. Main Street, Suite 5",CHARLOTTESVILLE,VA,22902,US,form_d,,,,,,,,
"Aviceda Therapeutics, Inc.",0001824762,0001824762-24-000001,"ONE BROADWAY, 14TH FLOOR, None",CAMBRIDGE,MA,02142,US,form_d,,,,,,,,
"SEELOS THERAPEUTICS, INC.",0001017491,0001104659-24-067223,"300 PARK AVENUE, 2ND FLOOR",NEW YORK,NY,10022,US,form_d,,,,,,,,
"32 Biosciences, Inc.",0002020332,0002020332-24-000001,"3333 GREEN BAY RD, SUITE 210",ILLINOIS,IL,60064,US,form_d,,,,,,,,
"RTT Medical, Inc.",0002025035,0002025035-24-000002,"6200 LEE VISTA BLVD, SUITE 250",ORLANDO,FL,32822,US,form_d,,,,,,,,
"MyMD Pharmaceuticals, Inc.",0001321834,0001493152-24-022083,"855 N. WOLFE STREET, SUITE 623",BALTIMORE,MD,21205,US,form_d,,,,,,,,
"MyMD Pharmaceuticals, Inc.",0001321834,0001493152-24-022082,"855 N. WOLFE STREET, SUITE 623",BALTIMORE,MD,21205,US,form_d,,,,,,,,
Refuge Capital Fund,0002021888,0002021888-24-000002,"127 N HIGGINS, STE 307D #254",MISSOULA,MT,59802,US,form_d,,,,,,,,
"RTT Medical, Inc.",0002025035,0002025035-24-000001,"6200 LEE VISTA BLVD, SUITE 250",ORLANDO,FL,32822,US,form_d,,,,,,,,
PRANA BIOSCIENCES INC.,0002024217,0002024217-24-000001,"17 BRIDEN ST, STE 204",WORCESTER,MA,01605-2662,US,form_d,,,,,,,,
"Havah Therapeutics, Inc.",0002025011,0002025011-24-000001,"2112 ANDREW ALDEN ST, None",LONGMONT,CO,80504,US,form_d,,,,,,,,
"Volastra Therapeutics, Inc.",0001968822,0001968822-24-000001,"1361 AMSTERDAM AVENUE, SUITE 520",NEW YORK,NY,10027,US,form_d,,,,,,,,
"ECM Therapeutics, Inc.",0001743104,0001743104-24-000001,"118 MARSHALL DRIVE, None",WARRENDALE,PA,15086,US,form_d,,,,,,,,
Arizona Isotopes Science Research Corp.,0001742172,0001742172-24-000002,"7796 SOUTH INNOVATION WAY, None",BUNKER HILL,IN,46914,US,form_d,,,,,,,,
"Gameto, Inc.",0001901628,0001901628-24-000001,"600 South Congress Avenue, Floor 14",Austin,TX,78704,US,form_d,,,,,,,,
TendoNova Corp,0001774275,0001774275-24-000004,"50 SATELLITE BLVD., SUITE G",SUWANEE,GA,30024,US,form_d,,,,,,,,
Solaxa Inc.,0001975400,0001975400-24-000004,"7272 WISCONSIN AVE, FLOOR 9",BETHESDA,MD,20814,US,form_d,,,,,,,,
"ABVC BIOPHARMA, INC.",0001173313,0001213900-24-047099,"44370 OLD WARM SPRINGS BLVD., None",FREMONT,CA,94538,US,form_d,,,,,,,,
"Absco Therapeutics, Inc.",0002023557,0002023557-24-000001,"65 GLEN RD., APT. H2",BROOKLINE,MA,02445,US,form_d,,,,,,,,
Solaxa Inc.,0001975400,0001975400-24-000003,"7272 WISCONSIN AVE, FLOOR 9",BETHESDA,MD,20814,US,form_d,,,,,,,,
"Koios Medical, Inc.",0001764417,0001764417-24-000002,"242 W. 38TH STREET, 14th Floor",NEW YORK,NY,10018,US,form_d,,,,,,,,
"Vaxess Technologies, Inc.",0001578117,0001578117-24-000001,"359 ALLSTON ST, None",CAMBRIDGE,MA,02139,US,form_d,,,,,,,,
Accipiter Biosciences Inc.,0001973963,0001973963-24-000002,"1616 EASTLAKE AVE E., None",SEATTLE,WA,98102,US,form_d,,,,,,,,
"One Health Group, Inc.",0001972911,0001972911-24-000003,"3053 WEST LAKE ROAD, None",CAZENOVIA,NY,13035,US,form_d,,,,,,,,
"Sunflower Therapeutics, PBC",0001950773,0001950773-24-000001,"18 Shipyard Dr., Ste. 2A, None",Hingham,MA,02043,US,form_d,,,,,,,,
"IVIEW Therapeutics, Inc.",0001848749,0001848749-24-000001,"5 Cedar Brook Drive, None",Cranbury,NJ,08512,US,form_d,,,,,,,,
Aurita Corp,0001937883,0001937883-24-000001,"107 SW 7TH STREET, None",GAINESVILLE,FL,32601,US,form_d,,,,,,,,
"One Health Group, Inc.",0001972911,0001972911-24-000002,"3053 WEST LAKE ROAD, None",CAZENOVIA,NY,13035,US,form_d,,,,,,,,
Sesh Inc,0002022439,0002022439-24-000002,"150 I STREET SE, APT 1228",WASHINGTON DC,DC,20003,US,form_d,,,,,,,,
"Lycia Therapeutics, Inc.",0001806540,0001806540-24-000002,"400 EAST JAMIE COURT, SUITE 200, None",SOUTH SAN FRANCISCO,CA,94080,US,form_d,,,,,,,,
"Eledon Pharmaceuticals, Inc.",0001404281,0001404281-24-000002,"19800 MACARTHUR BLVD., SUITE 250",IRVINE,CA,92612,US,form_d,,,,,,,,
IGH Naturals Inc,0001823546,0001823546-24-000002,"4465 GRANITE DRIVE, SUITE 700",ROCKLIN,CA,95677,US,form_d,,,,,,,,
"Couragene, Inc.",0001945169,0000929638-24-001860,"46 DALE DRIVE, None",EDISON,NJ,08820,US,form_d,,,,,,,,
"Reglagene, Inc.",0001747083,0001747083-24-000001,"3320 N. CAMPBELL AVE., SUITE 201, None",TUCSON,AZ,85719,US,form_d,,,,,,,,
"Stramsen Biotech, Inc.",0001943948,0001099910-24-000237,"5718 WESTHEIMER ROAD, 10TH FLOOR -SUITE # 1000",HOUSTON,TX,77057,US,form_d,,,,,,,,
"Immix Biopharma, Inc.",0001873835,0001493152-24-020784,"11400 W OLYMPIC BLVD, SUITE 200",LOS ANGELES,CA,90064,US,form_d,,,,,,,,
TSP Therapeutics Inc.,0002022798,0002022798-24-000003,"2014 20TH AVENUE PARKWAY, None",INDIAN ROCKS BEACH,FL,33785,US,form_d,,,,,,,,
ENRICH BIOSYSTEMS INC.,0001931770,0001931770-24-000003,"21 BUSINESS PARK DRIVE, SUITE 4, None",BRANFORD,CT,06405,US,form_d,,,,,,,,
ENRICH BIOSYSTEMS INC.,0001931770,0001931770-24-000002,"21 BUSINESS PARK DRIVE, SUITE 4, None",BRANFORD,CT,06405,US,form_d,,,,,,,,
"OptiNose, Inc.",0001494650,0001123292-24-000145,"1020 Stony Hill Road, Suite 300",Yardley,PA,19067,US,form_d,,,,,,,,
Kano Therapeutics Inc.,0002023721,0002023721-24-000001,"238 MAIN STREET, None",CAMBRIDGE,MA,02142,US,form_d,,,,,,,,
"Alphyn Biologics, Inc.",0001802325,0001802325-24-000002,"3724 THOMAS POINT ROAD, None",ANNAPOLIS,MD,21403,US,form_d,,,,,,,,
Eye Care International LLC,0001969977,0001213900-24-044858,"700 MAIN STREET, None",CAMBRIDGE,MA,02139,US,form_d,,,,,,,,
"Hopewell Therapeutics, Inc.",0001836562,0001836562-24-000001,"216 West Cummings Park, None",Woburn,MA,01801,US,form_d,,,,,,,,
"Cyclacel Pharmaceuticals, Inc.",0001130166,0001104659-24-062806,"200 CONNELL DRIVE, SUITE 1500, None",BERKELEY HEIGHTS,NJ,07922,US,form_d,,,,,,,,
Context Therapeutics Inc.,0001842952,0001842952-24-000037,"2001 MARKET STREET, SUITE 3915 UNIT #15",PHILADELPHIA,PA,19103,US,form_d,,,,,,,,
Phythera Therapeutics Inc.,0002017198,0002017198-24-000001,"103 ROCKVIEW, None",IRVINE,CA,92612,US,form_d,,,,,,,,
"STABILUX BIOSCIENCES, INC.",0002023675,0002023675-24-000001,"600 S WAGNER ROAD, None",ANN ARBOR,MI,48103,US,form_d,,,,,,,,
"Resolute Science, Inc.",0002023638,0001975746-24-000001,"3210 MERRYFIELD ROW, None",SAN DIEGO,CA,92121,US,form_d,,,,,,,,
"Praeventix, Inc.",0001952974,0001952974-24-000001,"665 STOCKTON DRIVE, SUITE 200H, None",EXTON,PA,19341,US,form_d,,,,,,,,
"Genomenon, Inc.",0001650557,0001650557-24-000001,"206 E. HURON STREET, SUITE 114",ANN ARBOR,MI,48104,US,form_d,,,,,,,,
"Retension Pharmaceuticals, Inc.",0002002988,0002002988-24-000001,"C/O REDUX THERAPEUTICS, LLC, 902 TURKEY RUN ROAD",MCLEAN,VA,22101,US,form_d,,,,,,,,
"Aardvark Therapeutics, Inc.",0001774857,0001774857-24-000001,"4747 Executive Drive, SUITE 1020",San Diego,CA,92121,US,form_d,,,,,,,,
"Entact Bio, Inc.",0002008244,0002008244-24-000002,"65 GROVE STREET, SUITE 303",WATERTOWN,MA,02472,US,form_d,,,,,,,,
"TheRas, Inc.",0002022953,0002022953-24-000002,"3160 PORTER DRIVE SUITE 250, None",PALO ALTO,CA,94304,US,form_d,,,,,,,,
"Zenas BioPharma, Inc.",0001953926,0001953926-24-000001,"1000 WINTER ST, SUITE 1200, None",WALTHAM,MA,02451,US,form_d,,,,,,,,
"Stingray Therapeutics, Inc.",0001759143,0001759143-24-000002,"HEALTH WILDCATTERS INCUBATOR, 3000 PEGASUS PARK DR., SUITE 1330",DALLAS,TX,75247,US,form_d,,,,,,,,
"Simergent, LLC",0002021363,0002021363-24-000001,"11 NE 11TH STREET, SUITE 229",OKLAHOMA CITY,OK,73104,US,form_d,,,,,,,,
"Oculogica, Inc.",0001613810,0001613810-24-000001,"1477 S. Knowles Ave. #110F, None",New Richmond,WI,54017,US,form_d,,,,,,,,
"Aeovian Pharmaceuticals, Inc.",0001710088,0001710088-24-000003,"2930 Domingo Ave., Suite 145, None",Berkeley,CA,94705,US,form_d,,,,,,,,
"Ajax Therapeutics, Inc.",0001780490,0001780490-24-000001,"275 MADISON AVE, 39TH FLOOR, None",NEW YORK,NY,10016,US,form_d,,,,,,,,
Smart Health Diagnostics Co,0001974021,0001974021-24-000002,"5151 CALIFORNIA AVENUE, #150",IRVINE,CA,92617,US,form_d,,,,,,,,
"StimuSIL, Inc.",0001939123,0001939123-24-000001,"919 NORTH MARKET STREET, SUITE 950",WILMINGTON,DE,19801,US,form_d,,,,,,,,
"PALISADE BIO, INC.",0001357459,0001493152-24-018667,"7750 EL CAMINO REAL, SUITE 2A",CARLSBAD,CA,92009,US,form_d,,,,,,,,
"Bright Uro, Inc.",0002002648,0002002648-24-000001,"3 Goddard, None",Irvine,CA,92618,US,form_d,,,,,,,,
Nectero Medical Inc,0001810951,0001810951-24-000001,"2343 W. University Drive, Suite D103",Tempe,AZ,85281,US,form_d,,,,,,,,
Refuge Capital Fund,0002021888,0002021888-24-000001,"127 N HIGGINS, STE 307D #254",MISSOULA,MT,59802,US,form_d,,,,,,,,
"OverT Bio, Inc.",0001973901,0001973901-24-000001,"430 E 29TH ST 14FL, None",NEW YORK,NY,10016,US,form_d,,,,,,,,
Mitera Biosciences Inc.,0002022224,0002022224-24-000002,"3120 139th Avenue Southeast, Suite 500",Bellevue,WA,98005,US,form_d,,,,,,,,
"Penderia Technologies, Inc.",0002022700,0001140361-24-025085,"6231 UNIVERSITY OF OREGON, None",EUGENE,OR,97403,US,form_d,,,,,,,,
"GlucoTrack, Inc.",0001506983,0001493152-24-018244,"301 ROUTE 17 NORTH SUITE 800, None",RUTHERFORD,NJ,07070,US,form_d,,,,,,,,
Aponia Laboratories Inc,0001497705,0001497705-24-000001,"9 CAROLAN AVE, None",HAMPTON,NH,03842,US,form_d,,,,,,,,
"Iambic Therapeutics, Inc.",0001997038,0001997038-24-000002,"5627 OBERLIN DRIVE, SUITE 120, None",SAN DIEGO,CA,92121,US,form_d,,,,,,,,
"Scalpel Ventures, LLC",0001965382,0001965382-24-000001,"1979 CUSTOM LANE, None",APEX,NC,27502,US,form_d,,,,,,,,
"Endo, Inc.",0002008861,0000950123-24-003890,"1400 Atwater Drive, None",Malvern,PA,19355,US,form_d,,,,,,,,
Zura Bio Ltd,0001855644,0001231919-24-000046,"1489 W. Warm Springs Road, Suite 110",Henderson,NV,89014,US,form_d,,,,,,,,
"inSoma Bio, Inc.",0001814250,0001814250-24-000001,"701 W. MAIN STREET, SUITE 410, None",DURHAM,NC,27701,US,form_d,,,,,,,,
"C2N Diagnostics, LLC",0002021597,0002021597-24-000001,"4041 FOREST PARK AVENUE, None",ST. LOUIS,MO,63108,US,form_d,,,,,,,,
"Reunion Neuroscience Management, Inc.",0002007993,0002007993-24-000003,"1 High Street Court, None",Morristown,NJ,07960,US,form_d,,,,,,,,
"Cidara Therapeutics, Inc.",0001610618,0001610618-24-000069,"6310 NANCY RIDGE DRIVE, SUITE 101",SAN DIEGO,CA,92121,US,form_d,,,,,,,,
Solaxa Inc.,0001975400,0001975400-24-000002,"7272 WISCONSIN AVE, FLOOR 9",BETHESDA,MD,20814,US,form_d,,,,,,,,
"Endeavor Biomedicines, Inc.",0001909364,0001909364-24-000001,"12707 High Bluff Drive, Suite 300, None",San Diego,CA,92130,US,form_d,,,,,,,,
BRIGHT MINDS BIOSCIENCES INC.,0001827401,0001183740-24-000039,"19 VESTRY STREET, None",NEW YORK,NY,10013,US,form_d,,,,,,,,
"IMMUNOPROFILE, LLC",0001807063,0001807063-24-000001,"850 S. COLLIER BLVD., UNIT 401",MARCO ISLAND,FL,34145,US,form_d,,,,,,,,
"Lucy Therapeutics, Inc.",0001782250,0001782250-24-000002,"21 Hickory Drive, Suite 2B, None",Waltham,MA,02451,US,form_d,,,,,,,,
"CIRC Biosciences, Inc.",0001834514,0001834514-24-000001,"CIRC Biosciences, Inc., 400 N. Aberdeen, Suite 900",Chicago,IL,60642,US,form_d,,,,,,,,
Cristcot LLC,0001715931,0001715931-24-000001,"9 DAMONMILL SQUARE, SUITE 4A",CONCORD,MA,01742,US,form_d,,,,,,,,
JelliSee Ophthalmics Inc.,0002006388,0001878646-24-000014,"8414 HOLLY LEAF DR., None",MCLEAN,VA,22102,US,form_d,,,,,,,,
Contamination Source Identification Inc.,0001788640,0001437749-24-013740,"326 Dogwood Drive, None",Hershey,PA,17033,US,form_d,,,,,,,,
"AsclepiX Therapeutics, Inc.",0001697751,0001697751-24-000003,"5237 River Road, #334",Bethesda,MD,20816,US,form_d,,,,,,,,
"BIO-PATH HOLDINGS, INC.",0001133818,0001446472-24-000002,"4710 BELLAIRE BOULEVARD, SUITE 210",BELLAIRE,TX,77401,US,form_d,,,,,,,,
Benitec Biopharma Inc.,0001808898,0001012975-24-000183,"3940 TRUST WAY, None",HAYWARD,CA,94545,US,form_d,,,,,,,,
"Iambic Therapeutics, Inc.",0001997038,0001997038-24-000001,"5627 OBERLIN DRIVE, SUITE 120, None",SAN DIEGO,CA,92121,US,form_d,,,,,,,,
"Amicrobe, Inc.",0001513330,0001723008-24-000002,"3142 TIGER RUN COURT, SUITE 101",CARLSBAD,CA,92010,US,form_d,,,,,,,,
"Amicrobe, Inc.",0001513330,0001723008-24-000001,"3142 TIGER RUN COURT, SUITE 101",CARLSBAD,CA,92010,US,form_d,,,,,,,,
Longeveron Inc.,0001721484,0001721484-24-000002,"1951 NW 7TH AVENUE, SUITE 520",MIAMI,FL,33136,US,form_d,,,,,,,,
Celcuity Inc.,0001603454,0001437749-24-013173,"16305 36th Avenue North, Suite 100",Minneapolis,MN,55446,US,form_d,,,,,,,,
"EpiBiologics, Inc.",0001968158,0001288320-24-000002,"1900 ALAMEDA DE LAS PULGAS, SUITE 250",SAN MATEO,CA,94403,US,form_d,,,,,,,,
Oncocyte Corp,0001642380,0001493152-24-015836,"15 CUSHING, None",IRVINE,CA,92618,US,form_d,,,,,,,,
"Kubanda Cryotherapy, Inc.",0001853949,0001853949-24-000003,"3600 CLIPPER MILL ROAD, SUITE 310",BALTIMORE,MD,21202,US,form_d,,,,,,,,
"Anuncia Medical, Inc.",0001889938,0001889938-24-000001,"1355 N. SCOTTSDALE RD, SUITE 370",SCOTTSDALE,AZ,85257,US,form_d,,,,,,,,
"Carterra, Inc.",0001541582,0001541582-24-000001,"825 NORTH 300 WEST, SUITE C309, None",SALT LAKE CITY,UT,84103,US,form_d,,,,,,,,
Akava Therapeutics Inc.,0001966649,0001966649-24-000001,"755 SHERIDAN ROAD, None",WINNETKA,IL,60093,US,form_d,,,,,,,,
Precision Sensing SPC,0002015621,0001096906-24-000910,"700 ELM ST, None",EDMONDS,WA,98020,US,form_d,,,,,,,,
"Corner Therapeutics, Inc.",0002019875,0001567619-24-000263,"300 N. Beacon Street, Building 39, Suite 202",Watertown,MA,02472,US,form_d,,,,,,,,
"Acta Pharmaceuticals, Inc.",0001972861,0001972861-24-000001,"292 NEWBURY STREET, None",BOSTON,MA,02115,US,form_d,,,,,,,,
Rallybio Corp,0001739410,0001739410-24-000047,"234 CHURCH STREET, SUITE 1020",NEW HAVEN,CT,06510,US,form_d,,,,,,,,
"Qlaris Bio, Inc.",0001786717,0001786717-24-000001,"770 Legacy Place, 2nd Floor",Dedham,MA,02026,US,form_d,,,,,,,,
"GreenJay Therapeutics, Inc.",0001980584,0001980584-24-000006,"9128 LAKES AT 610 DRIVE, None",HOUSTON,TX,77054,US,form_d,,,,,,,,
"RenovoRx, Inc.",0001574094,0001465818-24-000005,"4546 El Camino Real, Suite B1, None",Los Altos,CA,94022,US,form_d,,,,,,,,
"Surrozen, Inc./DE",0001824893,0001824893-24-000002,"171 OYSTER POINT BLVD, SUITE 400",SOUTH SAN FRANCISCO,CA,94080,US,form_d,,,,,,,,
"22nd Century Group, Inc.",0001347858,0000897069-24-000969,"321 Farmington Road, None",Mocksville,NC,24028,US,form_d,,,,,,,,
"Skylark Bio, Inc.",0001942495,0001942495-24-000001,"325 VASSAR STREET, 2A",CAMBRIDGE,MA,02139,US,form_d,,,,,,,,
"Flagship Biosciences, Inc.",0001733718,0001733718-24-000003,"11800 RIDGE PARKWAY, SUITE 450",BROOMFIELD,CO,80021,US,form_d,,,,,,,,
"RheumaGen, Inc.",0001942974,0001942974-24-000002,"200 QUEBEC ST., BLDG. 600, STE. 205",DENVER,CO,80230,US,form_d,,,,,,,,
"RheumaGen, Inc.",0001942974,0001942974-24-000001,"200 QUEBEC ST., BLDG. 600, STE. 205",DENVER,CO,80230,US,form_d,,,,,,,,
"Mach5 Therapeutics, Inc.",0002018014,0002018014-24-000003,"650 PONCE DE LEON AVE, STE. 300 #2347",ATLANTA,GA,30308,US,form_d,,,,,,,,
TORL Biotherapeutics LLC,0001797180,0001797180-24-000003,"6100 Bristol Parkway, None",Culver City,CA,90230,US,form_d,,,,,,,,
"Kubanda Cryotherapy, Inc.",0001853949,0001853949-24-000002,"3600 CLIPPER MILL ROAD, SUITE 310",BALTIMORE,MD,21202,US,form_d,,,,,,,,
Life Adapt Inc.,0002019979,0002019979-24-000001,"1625 VISTA LUNA, None",SAN CLEMENTE,CA,92673,US,form_d,,,,,,,,
"Outlook Therapeutics, Inc.",0001649989,0001231919-24-000043,"485 ROUTE 1 SOUTH, BUILDING F, SUITE 320",ISELIN,NJ,08830,US,form_d,,,,,,,,
"Traws Pharma, Inc.",0001130598,0000929638-24-001481,"12 Penns Trail, None",Newtown,PA,18940,US,form_d,,,,,,,,
"Asher Biotherapeutics, Inc.",0001787260,0001787260-24-000001,"650 GATEWAY BLVD., SUITE 100, None",SOUTH SAN FRANCISCO,CA,94080,US,form_d,,,,,,,,
"Pierrepont Therapeutics, Inc.",0002019360,0002019360-24-000001,"DOWNSTATE TECHNOLOGY CENTER, SUITE 327A, 760 PARKSIDE AVENUE",BROOKLYN,NY,11203,US,form_d,,,,,,,,
"Alphyn Biologics, Inc.",0001802325,0001802325-24-000001,"3724 THOMAS POINT ROAD, None",ANNAPOLIS,MD,21403,US,form_d,,,,,,,,
"VACCINEX, INC.",0001205922,0001123292-24-000109,"1895 Mount Hope Avenue, None",Rochester,NY,14620,US,form_d,,,,,,,,
"VACCINEX, INC.",0001205922,0001123292-24-000107,"1895 Mount Hope Avenue, None",Rochester,NY,14620,US,form_d,,,,,,,,
"VACCINEX, INC.",0001205922,0001123292-24-000105,"1895 Mount Hope Avenue, None",Rochester,NY,14620,US,form_d,,,,,,,,
"Sparrow Pharmaceuticals, Inc.",0001786949,0001786949-24-000002,"1050 Southwest 6th Street, Suite 1100, None",PORTLAND,OR,97204,US,form_d,,,,,,,,
Revalesio Corp,0001552377,0001552377-24-000001,"1202 E. D ST, None",TACOMA,WA,98421,US,form_d,,,,,,,,
Bio-AI Health Inc.,0001932949,0001932949-24-000002,"105 MAPLE AVENUE, None",GOFFSTOWN,NH,03045,US,form_d,,,,,,,,
"Algorithm Sciences, Inc.",0001776575,0001493152-24-014408,"575 5TH AVENUE, 14TH FLOOR",NEW YORK,NY,10017,US,form_d,,,,,,,,
"Inomagen Therapeutics, Inc.",0001626370,0001626370-24-000003,"1375 W Fulton Street, None",CHICAGO,IL,60607,US,form_d,,,,,,,,
CELESTIAL THERAPEUTICS INC.,0001804448,0001183740-24-000037,"4790 IRVINE BLVD., SUITE 105332, None",IRVINE,CA,92620,US,form_d,,,,,,,,
"Orthopedic Driven Imaging, LLC",0002019000,0002019000-24-000001,"9575 NEVADA TRAIL, None",MISSOULA,MT,59808,US,form_d,,,,,,,,
"Praesidia Biotherapeutics, Inc.",0001877990,0001877990-24-000002,"1167 MASSACHUSETTS AVE., None",ARLINGTON,MA,02476,US,form_d,,,,,,,,
"Immunomic Therapeutics, Inc.",0001543256,0001543256-24-000001,"ATTN: C. Eric Winze, 15010 BROSCHART RD., SUITE 250",ROCKVILLE,MD,20850,US,form_d,,,,,,,,
"Turn Medical, LLC",0001841595,0001841595-24-000002,"1160 ARION PARKWAY, SUITE 102",SAN ANTONIO,TX,78216,US,form_d,,,,,,,,
BioMedInnovations LLC,0002019097,0002019097-24-000001,"771 CROSSPOINT DRIVE, None",DENVER,NC,28037,US,form_d,,,,,,,,
BIOTRICITY INC.,0001630113,0001493152-24-014098,"203 REDWOOD SHORES PARKWAY, SUITE 600",REDWOOD CITY,CA,94065,US,form_d,,,,,,,,
"Avalo Therapeutics, Inc.",0001534120,0001578563-24-000186,"540 GAITHER ROAD, SUITE 400",ROCKVILLE,MD,20850,US,form_d,,,,,,,,
"Turn Medical, LLC",0001841595,0001841595-24-000001,"1160 ARION PARKWAY, SUITE 102",SAN ANTONIO,TX,78216,US,form_d,,,,,,,,
Envision Life Labs LLC,0001974864,0001012975-24-000159,"399 Binney Street, Floor 3",Cambridge,MA,02141,US,form_d,,,,,,,,
"Promaxo, Inc.",0001716053,0001716053-24-000001,"70 WASHINGTON ST, Ste 407",OAKLAND,CA,94607,US,form_d,,,,,,,,
"Melt Pharmaceuticals, Inc.",0001767398,0001767398-24-000004,"5511 VIRGINIA WAY, SUITE 300",BRENTWOOD,TN,37027,US,form_d,,,,,,,,
Pagari Life Science Corp.,0001993125,0001993125-24-000001,"333 WEST BETHALTO DRIVE, None",BETHALTA,IL,62010,US,form_d,,,,,,,,
"Praesidia Biotherapeutics, Inc.",0001877990,0001877990-24-000001,"1167 MASSACHUSETTS AVE., None",ARLINGTON,MA,02476,US,form_d,,,,,,,,
BIO-PATH HOLDINGS INC,0001133818,0001446472-24-000001,"4710 BELLAIRE BOULEVARD, SUITE 210",BELLAIRE,TX,77401,US,form_d,,,,,,,,
"NovaBay Pharmaceuticals, Inc.",0001389545,0002016056-24-000003,"2000 POWELL STREET, SUITE 1150, None",EMERYVILLE,CA,94608,US,form_d,,,,,,,,
"Delphinus Medical Technologies, Inc.",0001492534,0001492534-24-000001,"45525 GRAND RIVER AVENUE, None",NOVI,MI,48374,US,form_d,,,,,,,,
"iBio, Inc.",0001420720,0001104659-24-043618,"8800 HSC PARKWAY, None",BRYAN,TX,77807,US,form_d,,,,,,,,
"Anchor Balloon, Inc.",0001800912,0000905729-24-000061,"7462 OAK SHORE DR., None",PORTAGE,MI,49024,US,form_d,,,,,,,,
"AI Proteins, Inc.",0001903127,0001903127-24-000001,"20 OVERLAND STREET, None",BOSTON,MA,02215,US,form_d,,,,,,,,
"Enliven Therapeutics, Inc.",0001672619,0002017897-24-000001,"6200 LOOKOUT ROAD, None",BOULDER,CO,80301,US,form_d,,,,,,,,
Addiction Cure Therapeutic Sciences Inc,0001915302,0001915302-24-000001,"6305 Summerport Village Parkway, #815, None",Windermere,FL,34786,US,form_d,,,,,,,,
"CESSATION THERAPEUTICS, INC.",0001926434,0001926434-24-000001,"12200 Stemmons Freeway, Suite 100",Dallas,TX,75234,US,form_d,,,,,,,,
"Mach5 Therapeutics, Inc.",0002018014,0002018014-24-000002,"650 PONCE DE LEON AVE, STE. 300 #2347",ATLANTA,GA,30308,US,form_d,,,,,,,,
"Mercury Bio, Inc.",0001952927,0001952927-24-000001,"3900 PASEO DEL SOL, None",SANTA FE,NM,87507,US,form_d,,,,,,,,
"ImmunoGenesis, Inc.",0002018057,0002018057-24-000001,"2450 HOLCOMBE BLVD, Suite J",HOUSTON,TX,77021,US,form_d,,,,,,,,
"TFF Pharmaceuticals, Inc.",0001733413,0001213900-24-029354,"1751 RIVER RUN, SUITE 400",FORT WORTH,TX,76107,US,form_d,,,,,,,,
"Swan NeuroTech, Inc.",0001807373,0001807373-24-000002,"1007 FAWN VALLEY DRIVE, None",CANONSBURG,PA,15317,US,form_d,,,,,,,,
"Coeurative, Inc.",0001577355,0001577355-24-000001,"201 MCCLANAHAN STREET, SW, None",ROANOKE,VA,24014,US,form_d,,,,,,,,
CeraRoot USA Inc,0002014066,0002014066-24-000002,"2800 NEILSON WAY, SUITE 2",SANTA MONICA,CA,90405,US,form_d,,,,,,,,
ImmPACT Bio USA Inc.,0001820064,0001820064-24-000001,"8501 Fallbrook Avenue, Suite 200",West Hills,CA,91304,US,form_d,,,,,,,,
"BioDynamik, Inc.",0002015593,0002015593-24-000002,"11 ORCHARD RD., SUITE 107",LAKE FOREST,CA,92630,US,form_d,,,,,,,,
Precision Epigenomics Inc,0002017642,0001062993-24-007466,"630 N. ALVERNON WAY, SUITE 280B",TUCSON,AZ,85711,US,form_d,,,,,,,,
"Mid-Atlantic BioTherapeutics, Inc.",0001755678,0001096906-24-001930,"3805 OLD EASTON ROAD, None",DOYLESTOWN,PA,18902,US,form_d,,,,,,,,
"RCE Technologies, Inc.",0001791860,0001791860-24-000004,"2292 FARADAY AVE. #19, None",CARLSBAD,CA,92008,US,form_d,,,,,,,,
"ShiraTronics, Inc",0001792669,0001792669-24-000001,"9210 WYOMING AVE N, SUITE 275",Brooklyn Park,MN,55445,US,form_d,,,,,,,,
"Amprion, Inc.",0001937140,0001937140-24-000003,"149 NEW MONTGOMERY STREET, 4TH FLOOR, None",SAN FRANCISCO,CA,94105,US,form_d,,,,,,,,
Origin Endoscopy Inc.,0002039132,0001722990-24-000003,"9800 PYRAMID CT, SUITE 400",ENGLEWOOD,CO,80112,US,form_d,,,,,,,,
"VACCINEX, INC.",0001205922,0001123292-24-000293,"1895 Mount Hope Avenue, None",Rochester,NY,14620,US,form_d,,,,,,,,
"Revitalize Energy, Inc.",0002038521,0002038521-24-000001,"6401 PENN AVE., SUITE 300",PITTSBURGH,PA,15206,US,form_d,,,,,,,,
"CTRL Therapeutics USA, Inc.",0001951690,0002038768-24-000001,"655 SHERIDAN RD, None",GLENCOE,IL,60022,US,form_d,,,,,,,,
Summit Therapeutics Inc.,0001599298,0001599298-24-000142,"601 Brickell Key Drive, SUITE 1000",Miami,FL,33131,US,form_d,,,,,,,,
"C2N Diagnostics, LLC",0002021597,0002021597-24-000002,"4340 Duncan Avenue, None",ST. LOUIS,MO,63110,US,form_d,,,,,,,,
"Amprion, Inc.",0001937140,0001937140-24-000002,"149 NEW MONTGOMERY STREET, 4TH FLOOR, None",SAN FRANCISCO,CA,94105,US,form_d,,,,,,,,
"VerImmune, Inc.",0001903915,0001903915-24-000002,"7200 WISCONSIN AVE, SUITE 500",BETHESDA,MD,20814,US,form_d,,,,,,,,
Hunterian Medicine LLC,0001685325,0001685325-24-000001,"2401 WEST BELVEDERE AVE., LAB 200B",BALTIMORE,MD,21215,US,form_d,,,,,,,,
"Orion Therapeutics, Inc.",0001958173,0001958173-24-000001,"2641 OSPREY VISTA WAY, LAB 150A",KNOXVILLE,TN,37920,US,form_d,,,,,,,,
"PBS Biotech, Inc.",0001962718,0001962718-24-000001,"4721 Calle Carga, None",Camarillo,CA,93012,US,form_d,,,,,,,,
PEPTINOVO BIOPHARMA INC.,0001868564,0001868564-24-000001,"600 S. WAGNER ROAD, None",ANN ARBOR,MI,48103,US,form_d,,,,,,,,
CALVIRI INC,0001763612,0001763612-24-000001,"850 N 5TH ST., None",PHOENIX,AZ,85004,US,form_d,,,,,,,,
"Synaptogenix, Inc.",0001571934,0001104659-24-102090,"1185 AVENUE OF THE AMERICAS, 3RD FLOOR",NEW YORK,NY,10036,US,form_d,,,,,,,,
"Bright Uro, Inc.",0002002648,0002002648-24-000002,"3 Goddard, None",Irvine,CA,92618,US,form_d,,,,,,,,
"UBIVAC, INC.",0001713945,0001713945-24-000002,"18183 S.W. BOONES FERRY ROAD, None",PORTLAND,OR,97224,US,form_d,,,,,,,,
"Metabolics Pharma, Inc.",0002037862,0001878646-24-000026,"2005 MARKET STREET, SUITE 3125",PHILADELPHIA,PA,19103,US,form_d,,,,,,,,
"CuraSen Therapeutics, Inc.",0001765883,0001765883-24-000002,"733 Industrial Road, None",San Carlos,CA,94070,US,form_d,,,,,,,,
"Starling Medical, Inc.",0002031505,0002031505-24-000001,"7505 FANNIN STREET, None",HOUSTON,TX,77054,US,form_d,,,,,,,,
"Maximum Fidelity Surgical Simulations, Inc.",0002037945,0002037945-24-000001,"4340 DUNCAN AVE., None",ST. LOUIS,MO,63110,US,form_d,,,,,,,,
"EndoTheia, Inc.",0002037317,0001200876-24-000022,"1720 WEST END AVE., SUITE 520",NASHVILLE,TN,37203,US,form_d,,,,,,,,
"507 Capital Fund I, LLC",0002037771,0001437749-24-029390,"22855 505th Lane, None",Lake Crystal,MN,56055,US,form_d,,,,,,,,
"Rivus Pharmaceuticals, Inc.",0001773293,0001773293-24-000004,"706B FOREST STREET, None",CHARLOTTESVILLE,VA,22903,US,form_d,,,,,,,,
"Rivus Pharmaceuticals, Inc.",0001773293,0001773293-24-000003,"706B FOREST STREET, None",CHARLOTTESVILLE,VA,22903,US,form_d,,,,,,,,
"STAQ Pharma, Inc.",0001722397,0001722397-24-000001,"14135 E. 42ND AVE., UNIT 50",DENVER,CO,80239,US,form_d,,,,,,,,
"ONL Therapeutics, Inc.",0001611793,0001611793-24-000002,"524 S. Main St, Suite 110",Ann Arbor,MI,48104,US,form_d,,,,,,,,
"Spectrum Antimicrobials, Inc.",0001808754,0001808754-24-000002,"1770 CORPORATE CIRCLE, None",PETALUMA,CA,94954,US,form_d,,,,,,,,
"OWP PHARMACEUTICALS, INC.",0002037010,0002037010-24-000001,"400 E DIEHL ROAD, #400",NAPERVILLE,IL,60563,US,form_d,,,,,,,,
Biolinq Inc,0001685406,0001685406-24-000002,"10260 SORRENTO VALLEY ROAD, None",SAN DIEGO,CA,92121,US,form_d,,,,,,,,
"Nexo Therapeutics, Inc.",0001955319,0001955319-24-000001,"11757 W. KEN CARYL AVENUE, SUITE F, 520",LITTLETON,CO,80127-3719,US,form_d,,,,,,,,
"Spectrum Antimicrobials, Inc.",0001808754,0001808754-24-000001,"1770 CORPORATE CIRCLE, None",PETALUMA,CA,94954,US,form_d,,,,,,,,
XDemics Corp,0002026725,0002026725-24-000005,"8001 REDWOOD BLVD., None",NOVATO,CA,94945,US,form_d,,,,,,,,
Solaxa Inc.,0001975400,0001975400-24-000005,"7272 WISCONSIN AVE, FLOOR 9",BETHESDA,MD,20814,US,form_d,,,,,,,,
"Anuncia Medical, Inc.",0001889938,0001889938-24-000002,"6908 E. Thomas Rd., SUITE 302",SCOTTSDALE,AZ,85251,US,form_d,,,,,,,,
"Elastrin Therapeutics, Inc.",0001848350,0001848350-24-000001,"200C PATEWOOD DR., ROOM 4148, None",GREENVILLE,SC,29615,US,form_d,,,,,,,,
"Rhoshan Pharmaceuticals, Inc.",0001756479,0001756479-24-000001,"19 Colonnade Way, Suite 117, Box 141",State College,PA,16803,US,form_d,,,,,,,,
"Ordaos, Inc.",0001933700,0001933700-24-000001,"228 Park Avenue S, #60684",NEW YORK,NY,10003-1502,US,form_d,,,,,,,,
CELESTIAL THERAPEUTICS INC.,0001804448,0001183740-24-000069,"4790 IRVINE BLVD., SUITE 105332, None",IRVINE,CA,92620,US,form_d,,,,,,,,
Centaur Bio Inc.,0001975017,0001975017-24-000002,"7805 PEMSWOOD STREET, None",CHARLOTTE,NC,28277,US,form_d,,,,,,,,
"Strella Biotechnology, Inc.",0001810011,0001810011-24-000003,"119 Pine Street Ste. 305, None",Seattle,WA,98101,US,form_d,,,,,,,,
"Solarea Bio, Inc.",0001823902,0001823902-24-000004,"100 BEAVER STREET, SUITE 308",WALTHAM,MA,02453,US,form_d,,,,,,,,
BioSuccess Investment LLC,0002036620,0002036620-24-000001,"C/O ATW PARTNERS OPPORTUNITY MANAGEMENT, ONE PENN, 1 PENNSYLVANIA PLAZA, 48TH FL",NEW YORK,NY,10119,US,form_d,,,,,,,,
"Renova Therapeutics, Inc.",0002036392,0002036392-24-000001,"701 PALOMAR AIRPORT ROAD, SUITE 300",CARLSBAD,CA,92011,US,form_d,,,,,,,,
"Pacific Diabetes Technologies, Inc.",0001835476,0001835476-24-000001,"12172 SW GARDEN PL, None",PORTLAND,OR,97223,US,form_d,,,,,,,,
"Pulmotect, Inc.",0001673929,0001200876-24-000020,"3900 ESSEX LANE, SUITE 575",HOUSTON,TX,77027,US,form_d,,,,,,,,
NBOT Labs LLC,0002010058,0002010058-24-000002,"875 WALT MILLER ST., SUITE B",MT. PLEASANT,SC,29464,US,form_d,,,,,,,,
"CoapTech, Inc.",0001823195,0001823195-24-000001,"101 West Dickman Street, None",BALTIMORE,MD,21230,US,form_d,,,,,,,,
"Resilient Biotics, Inc.",0001836461,0001836461-24-000001,"2 DAVIS DRIVE, None",RESEARCH TRIANGLE PARK,NC,27709,US,form_d,,,,,,,,
RheoTek Medical LLC,0001989178,0001989178-24-000002,"376 BLEECKER ST, UNIT 2, None",NEW YORK,NY,10014,US,form_d,,,,,,,,
"RenBio, Inc.",0001840723,0000929638-24-003098,"30-02 48th Avenue, None",Long Island City,NY,11101,US,form_d,,,,,,,,
"OptoVista Holdings, LLC",0002036372,0002036372-24-000001,"1200 G STREET, NW, Suite 800",WASHINGTON,DC,20005,US,form_d,,,,,,,,
"Navigator Medicines, Inc.",0002035715,0002035715-24-000002,"2525 SMITH STREET, None",SCOTCH PLAINS,NJ,07076,US,form_d,,,,,,,,
"Superluminal Medicines, Inc.",0001989478,0001989478-24-000001,"303 WYMAN ST., SUITE 300",WALTHAM,MA,02451,US,form_d,,,,,,,,
"Arsenal Biosciences, Inc.",0001945638,0001945638-24-000001,"329 Oyster Point Blvd, None",South San Francisco,CA,94080,US,form_d,,,,,,,,
Savran Technologies Inc.,0001732517,0001732517-24-000001,"90 BRIDGE STREET, None",NEWTON,MA,02458,US,form_d,,,,,,,,
Oncobiomix Inc.,0001998501,0001998501-24-000001,"3463 Magic Drive, Suite T7, None",SAN ANTONIO,TX,78229,US,form_d,,,,,,,,
Smart Health Diagnostics Co,0001974021,0001974021-24-000003,"5151 CALIFORNIA AVENUE, #150",IRVINE,CA,92617,US,form_d,,,,,,,,
Smart Health Diagnostics Co,0001974021,0001974021-24-000004,"5151 CALIFORNIA AVENUE, #150",IRVINE,CA,92617,US,form_d,,,,,,,,
"Pharmazz, Inc.",0001729963,0001729963-24-000003,"50 W 75TH ST, STE 105",WILLOWBROOK,IL,60527,US,form_d,,,,,,,,
"EBS ACQ, LLC",0002034656,0002034656-24-000001,"29 ROYAL COURT, SUITE 100",NORWOOD,MA,02062,US,form_d,,,,,,,,
TendoNova Corp,0001774275,0001774275-24-000005,"75 Fifth Street NW, Suite 2106, None",Atlanta,GA,30308,US,form_d,,,,,,,,
PRANA BIOSCIENCES INC.,0002024217,0002024217-24-000002,"17 BRIDEN ST, STE 204",WORCESTER,MA,01605-2662,US,form_d,,,,,,,,
"Modifi Biosciences, Inc.",0001922279,0001922279-24-000001,"55 CHURCH STREET, None",NEW HAVEN,CT,06510,US,form_d,,,,,,,,
"OrsoBio, Inc.",0002000354,0002000354-24-000001,"101 JEFFERSON DR 1ST FLOOR STE 124, None",MENLO PARK,CA,94025,US,form_d,,,,,,,,
Remedium Bio Inc.,0001892414,0001892414-24-000001,"1116 GREAT PLAIN AVENUE, None",NEEDHAM,MA,02492,US,form_d,,,,,,,,
Oncotect Inc.,0001990502,0001990502-24-000001,"5113 BELLA RIDGE DR., None",RALEIGH,NC,27615,US,form_d,,,,,,,,
Urolution Medical Inc.,0002034888,0002034888-24-000001,"3925 CARVER CIR., None",CHASKA,MN,55318,US,form_d,,,,,,,,
Ionetix Corp,0001672953,0001672953-24-000001,"3130 Sovereign Drive, None",Lansing,MI,48911,US,form_d,,,,,,,,
"Pelage Pharmaceuticals, Inc.",0001982875,0001982875-24-000002,"907 WESTWOOD BLVD #384, None",LOS ANGELES,CA,90024,US,form_d,,,,,,,,
"TENAX THERAPEUTICS, INC.",0000034956,0001578563-24-000391,"101 GLEN LENNOX DRIVE, SUITE 300",CHAPEL HILL,NC,27517,US,form_d,,,,,,,,
"Indaptus Therapeutics, Inc.",0001857044,0001857044-24-000001,"3 COLUMBUS CIRCLE, 15TH FLOOR",NEW YORK,NY,10019,US,form_d,,,,,,,,
"Elektrofi, Inc.",0001932688,0000929638-24-002865,"25 DRYDOCK AVENUE, SECOND FLOOR, None",BOSTON,MA,02210,US,form_d,,,,,,,,
"JumpCode Genomics, Inc.",0001698131,0001785987-24-000001,"10055 Barnes Canyon Rd Suite 400, None",San Diego,CA,92121,US,form_d,,,,,,,,
"Pictor Labs, Inc.",0001796802,0001796802-24-000001,"11390 W Olympic Blvd., Suite 250, None",LOS ANGELES,CA,90064,US,form_d,,,,,,,,
"Human Longevity, Inc.",0001781303,0001781303-24-000001,"4570 EXECUTIVE DRIVE, None",SAN DIEGO,CA,92121,US,form_d,,,,,,,,
"Switchback Systems, Inc.",0001835753,0001835753-24-000002,"207 McPherson St Suite F, None",Saanta Cruz,CA,95060,US,form_d,,,,,,,,
"Evofem Biosciences, Inc.",0001618835,0001618835-24-000002,"7770 Regents Road, Suite 113-618",SAN DIEGO,CA,92122,US,form_d,,,,,,,,
"PERSOWN Diagnostics, Inc.",0002034304,0001096906-24-001787,"10151 DEERWOOD PARK BLVD, BUILDING 200, SUITE 250",JACKSONVILLE,FL,32256,US,form_d,,,,,,,,
"CeleCor Therapeutics, Inc.",0001705381,0001705381-24-000001,"1155 CAMINO DEL MAR, SUITE 481",DEL MAR,CA,92014,US,form_d,,,,,,,,
"Evofem Biosciences, Inc.",0001618835,0001618835-24-000001,"7770 Regents Road, Suite 113-6188",SAN DIEGO,CA,92122,US,form_d,,,,,,,,
Ambrosia Biosciences Inc.,0002032941,0001839365-24-000002,"1941 PEARL STREET, SUITE 300",BOULDER,CO,80302,US,form_d,,,,,,,,
"Cirius Therapeutics, Inc.",0001702956,0000905729-24-000142,"3133 ORCHARD VISTA DR. SW, None",GRAND RAPIDS,MI,48390,US,form_d,,,,,,,,
"Lytica Therapeutics, Inc.",0002015049,0002015049-24-000002,"840 MEMORIAL DRIVE, None",CAMBRIDGE,MA,02139,US,form_d,,,,,,,,
"Drug Delivery Company, LLC",0001935521,0001935521-24-000002,"6511 DEER POINTE DRIVE, None",SALISBURY,MD,21804,US,form_d,,,,,,,,
Lapix Therapeutics Inc.,0001947620,0001947620-24-000001,"271 Cambridge Street, 2nd Floor",Cambridge,MA,02141,US,form_d,,,,,,,,
"Drug Delivery Company, LLC",0001935521,0001935521-24-000001,"6511 DEER POINTE DRIVE, None",SALISBURY,MD,21804,US,form_d,,,,,,,,
Judo Bio Inc.,0001955569,0001955569-24-000002,"300 TECHNOLOGY SQUARE, 8TH FLOOR",CAMBRIDGE,MA,02139,US,form_d,,,,,,,,
"FYR Diagnostics, Inc.",0002033993,0002033993-24-000001,"1121 E BROADWAY STREET, None",MISSOULA,MT,59802,US,form_d,,,,,,,,
MASLOW HEALTH INC.,0002034038,0002034038-24-000001,"141 SOUTH RD, SUITE 104E",CHAPEL HILL,NC,27514,US,form_d,,,,,,,,
DepYmed Inc.,0001851177,0001104659-24-090392,"3 BIOSCIENCE PARK DRIVE, None",FARMINGDALE,NY,11735,US,form_d,,,,,,,,
NEUROONE MEDICAL TECHNOLOGIES Corp,0001500198,0001213900-24-070034,"7599 ANAGRAM DR, None",EDEN PRAIRIE,MN,55344,US,form_d,,,,,,,,
"Imunon, Inc.",0000749647,0001493152-24-032752,"997 LENOX DRIVE, SUITE 100",LAWRENCEVILLE,NJ,08648,US,form_d,,,,,,,,
Moonlight Therapeutics Inc.,0002033833,0002033833-24-000001,"2785 STONE HALL DR., None",MARIETTA,GA,30062,US,form_d,,,,,,,,
Medsyn Biopharma LLC,0001966428,0001966428-24-000001,"120 W Main St., Ste 300",Northville,MI,48167-1584,US,form_d,,,,,,,,
LIPELLA PHARMACEUTICALS INC.,0001347242,0001753926-24-001445,"7800 SUSQUEHANNA ST., SUITE 505",PITTSBURGH,PA,15208,US,form_d,,,,,,,,
"Acenxion Biosytems, Inc.",0001974107,0001974107-24-000001,"2029 BECKER DRIVE, SUITES 225 & 227",LAWRENCE,KS,66047,US,form_d,,,,,,,,
"Odyssey Therapeutics, Inc.",0001882782,0001882782-24-000001,"51 Sleeper Street, Suite 800",Boston,MA,02210,US,form_d,,,,,,,,
"GelSana Therapeutics, Inc.",0002002665,0002002665-24-000001,"12635 E MONTVIEW BLVD STE 216, None",AURORA,CO,80045,US,form_d,,,,,,,,
"Exa Biosciences, Inc.",0002033324,0002033324-24-000002,"867 BOYLSTON STREET 5TH FLOOR 1827, None",BOSTON,MA,02116,US,form_d,,,,,,,,
"Impact Proteomics, LLC",0001804332,0000898432-24-000707,"1406 BROWNING ROAD, None",PITTSBURGH,PA,15206,US,form_d,,,,,,,,
Noetik Inc.,0001944644,0001944644-24-000001,"2 TOWER PLACE, 17TH FLOOR, None",SOUTH SAN FRANCISCO,CA,94080,US,form_d,,,,,,,,
"Convergent Therapeutics, Inc.",0001978126,0001978126-24-000001,"ONE BROADWAY, 14TH FLOOR",CAMBRIDGE,MA,02142,US,form_d,,,,,,,,
"Sapere Bio, Inc.",0002032894,0002032894-24-000001,"400 PARK OFFICES DR., SUITE 113, None",DURHAM,NC,27709,US,form_d,,,,,,,,
"bioAffinity Technologies, Inc.",0001712762,0001493152-24-031251,"22211 W. INTERSTATE 10, SUITE 1206",SAN ANONIO,TX,782257,US,form_d,,,,,,,,
"bioAffinity Technologies, Inc.",0001712762,0001493152-24-031250,"22211 W. INTERSTATE 10, SUITE 1206",SAN ANONIO,TX,782257,US,form_d,,,,,,,,
"Linnaeus Therapeutics, Inc.",0001752026,0001752026-24-000001,"30 WASHINGTON AVENUE, SUITE F, None",HADDONFIELD,NJ,08033,US,form_d,,,,,,,,
"Virtuoso Surgical, Inc.",0001742075,0001742075-24-000001,"5701 OLD HARDING PIKE, SUITE 200",NASHVILLE,TN,37205,US,form_d,,,,,,,,
"Hera Biotech, Inc.",0001831293,0001831293-24-000001,"4725 COLLEGE PARK, SUITE 200, None",SAN ANTONIO,TX,78249,US,form_d,,,,,,,,
"TearSolutions, Inc.",0001611687,0001611687-24-000001,"315 OLD IVY WAY, SUITE 301",CHARLOTTESVILLE,VA,22903,US,form_d,,,,,,,,
Linus Biotechnology Inc.,0001918153,0001918153-24-000001,"675 US 1, None",North Brunswick,NJ,08902,US,form_d,,,,,,,,
"Enlaza Therapeutics, Inc.",0001852950,0001852950-24-000001,"11099 NORTH TORREY PINES ROAD, STE. 290, None",LA JOLLA,CA,92037,US,form_d,,,,,,,,
"Psy Therapeutics, Inc.",0001788222,0001104659-24-087782,"28 ATLANTIC AVE, SUITE 222, None",BOSTON,MA,02110,US,form_d,,,,,,,,
"KALM Therapeutics, Inc.",0002032945,0002032945-24-000001,"6820 MOQUIN DRIVE NW, None",HUNTSVILLE,AL,35806,US,form_d,,,,,,,,
"Artax Biopharma, Inc.",0001587661,0001587661-24-000001,"1 BROADWAY, 14TH FLOOR",CAMBRIDGE,MA,02142,US,form_d,,,,,,,,
"Switchback Systems, Inc.",0001835753,0001835753-24-000001,"207 McPherson St Suite F, None",Santa Cruz,CA,95060,US,form_d,,,,,,,,
SurgiBox Inc.,0001930227,0001930227-24-000001,"1035 CAMBRIDGE ST. #1, None",CAMBRIDGE,MA,02141,US,form_d,,,,,,,,
"TracerDX, Inc.",0002033011,0002033011-24-000001,"180 VARICK ST., FLOOR 6, None",NEW YORK,NY,10014,US,form_d,,,,,,,,
"Noveome Biotherapeutics, Inc.",0001478304,0001478304-24-000001,"100 TECHNOLOGY DRIVE, SUITE 200",PITTSBURGH,PA,15219,US,form_d,,,,,,,,
"Flow Pharma, Inc.",0001732825,0001732825-24-000003,"4829 GALAXY PARKWAY, SUITE K",WARRENSVILLE HEIGHTS,OH,44128,US,form_d,,,,,,,,
Kate Therapeutics Inc.,0002032702,0002027042-24-000004,"10675 SORRENTO VALLEY ROAD, SUITE 150, None",SAN DIEGO,CA,92121,US,form_d,,,,,,,,
Kate Therapeutics Inc.,0002032702,0002027042-24-000003,"10675 SORRENTO VALLEY ROAD, SUITE 150, None",SAN DIEGO,CA,92121,US,form_d,,,,,,,,
Kate Therapeutics Inc.,0002032702,0002027042-24-000002,"10675 SORRENTO VALLEY ROAD, SUITE 150, None",SAN DIEGO,CA,92121,US,form_d,,,,,,,,
Ambrosia Biosciences Inc.,0002032941,0002032941-24-000001,"1941 PEARL STREET, SUITE 300",BOULDER,CO,80302,US,form_d,,,,,,,,
"BioDynamik, Inc.",0002015593,0002015593-24-000005,"11 ORCHARD RD., SUITE 107",LAKE FOREST,CA,92630,US,form_d,,,,,,,,
SPINEOLOGY INC,0001165842,0001165842-24-000001,"7800 3RD STR N #600, None",ST. PAUL,MN,55128,US,form_d,,,,,,,,
"Harvard Apparatus Regenerative Technology, Inc.",0001563665,0001493152-24-030420,"84 OCTOBER HILL ROAD, SUITE 11",HOLLISTON,MA,01746,US,form_d,,,,,,,,
"Ensho Therapeutics, Inc.",0002032849,0002032849-24-000001,"422 MOUNTAIN WAY, None",MORRIS PLAINS,NY,07950,US,form_d,,,,,,,,
Chromocell Therapeutics Corp,0001919246,0001919246-24-000001,"4400 Route 9 South, Suite 1000",Freehold,NJ,07728,US,form_d,,,,,,,,
Chromocell Therapeutics Corp,0001919246,0001919246-24-000002,"4400 Route 9 South, Suite 1000",Freehold,NJ,07728,US,form_d,,,,,,,,
"VEDANTA BIOSCIENCES, INC.",0001677878,0001677878-24-000001,"19 BLACKSTONE STREET, None",CAMBRIDGE,MA,02139,US,form_d,,,,,,,,
"Diceros Therapeutics, Inc.",0001948469,0001948469-24-000001,"275 GROVE STREET, 2-400, None",NEWTON,MA,02466,US,form_d,,,,,,,,
Spear Bio Inc.,0001852708,0001852708-24-000001,"100 Tradecenter Dr., Suite 510, None",Woburn,MA,01801,US,form_d,,,,,,,,
"Nuclein, LLC",0001787352,0001787352-24-000001,"8305 Cross Park Dr, None",AUSTIN,TX,78754,US,form_d,,,,,,,,
Amlogenyx Inc.,0002031988,0002031988-24-000001,"77 DIGITAL DRIVE, SUITE 200, None",NOVATO,CA,94949,US,form_d,,,,,,,,
"NILO Therapeutics, Inc.",0002031964,0002031964-24-000001,"430 E 29th St, Suite 625, None",New York,NY,10016,US,form_d,,,,,,,,
"Silo Pharma, Inc.",0001514183,0001213900-24-064557,"677 N. WASHINGTON BOULEVARD, None",SARASOTA,FL,34236,US,form_d,,,,,,,,
Predictive Oncology Inc.,0001446159,0001446159-24-000001,"91 43RD STREET, SUITE 110",PITTSBURGH,PA,15201,US,form_d,,,,,,,,
"Autobahn Therapeutics, Inc.",0001815098,0001815098-24-000003,"9880 CAMPUS POINT DRIVE, SUITE 370",SAN DIEGO,CA,92121,US,form_d,,,,,,,,
"Flow Pharma, Inc.",0001732825,0001732825-24-000001,"4829 GALAXY PARKWAY, SUITE K",WARRENSVILLE HEIGHTS,OH,94596,US,form_d,,,,,,,,
"Third Arc Bio, Inc.",0002032467,0002032467-24-000001,"727 NORRISTOWN ROAD, BLDG 8 SUITE 320, None",LOWER GWYNEDD,PA,19002,US,form_d,,,,,,,,
"Outpace Bio, Inc.",0002031531,0002031531-24-000001,"700 Dexter Ave N, Suite 300, None",SEATTLE,WA,98109,US,form_d,,,,,,,,
"Mimerigen, Inc.",0002029689,0002029689-24-000001,"351 TANNER MARSH ROAD, None",GUILFORD,CT,06437,US,form_d,,,,,,,,
"Galaxy Diagnostics, Inc.",0001462444,0001462444-24-000004,"6 DAVIS DRIVE, SUITE 201",RESEARCH TRIANGLE PARK,NC,27709,US,form_d,,,,,,,,
"Vitazi.AI, Inc.",0001959321,0001959321-24-000001,"3900 Paseo del Sol, None",Santa Fe,NM,87507,US,form_d,,,,,,,,
Scipher Medicine Corp,0001658821,0000904454-24-000437,"500 TOTTEN POND ROAD, 6TH FLOOR, None",WALTHAM,MA,02451,US,form_d,,,,,,,,
"SEELOS THERAPEUTICS, INC.",0001017491,0001104659-24-083980,"300 PARK AVENUE, 2ND FLOOR",NEW YORK,NY,10022,US,form_d,,,,,,,,
"Brenig Therapeutics, Inc.",0002030788,0002030788-24-000001,"8 THE GREEN, SUITE 8235, None",DOVER,DE,19901,US,form_d,,,,,,,,
Centaur Bio Inc.,0001975017,0001975017-24-000001,"7805 PEMSWOOD STREET, None",CHARLOTTE,NC,28277,US,form_d,,,,,,,,
"Medical 21, Inc.",0001673688,0001437749-24-023727,"3700 Annapolis Lane North, Suite 105",Plymouth,MN,55447,US,form_d,,,,,,,,
"Adela, Inc.",0001852167,0001852167-24-000003,"353 HATCH DRIVE, None",FOSTER CITY,CA,94404,US,form_d,,,,,,,,
"Avant Sciences, Inc.",0002009739,0002009739-24-000001,"201 E. 86TH STREET, STE 7D",NEW YORK,NY,10028,US,form_d,,,,,,,,
MiNDERA Corp,0001629564,0001629564-24-000002,"5795 KEARNEY VILLA ROAD, None",SAN DIEGO,CA,92123,US,form_d,,,,,,,,
"Kinemo, Inc.",0002031497,0002031497-24-000001,"1406 CENTRA VILLA DRIVE SW, None",ATLANTA,GA,30311,US,form_d,,,,,,,,
"Porosome Therapeutics, Inc.",0001934919,0001376474-24-000338,"ONE BOSTON PLACE, STE 2631, None",BOSTON,MA,02108,US,form_d,,,,,,,,
"Ultivue, Inc.",0001651511,0001651511-24-000001,"763D CONCORD AVE., None",CAMBRIDGE,MA,02138,US,form_d,,,,,,,,
SEN-JAM PHARMACEUTICAL INC.,0001802249,0000929638-24-002581,"223 WALL STREET, #130, None",HUNTINGTON,NY,11743,US,form_d,,,,,,,,
"Amplified Sciences, Inc.",0001836033,0001836033-24-000003,"3000 KENT AVE, SUITE 1950",WEST LAFAYETTE,IN,47906,US,form_d,,,,,,,,
"LUMICELL, INC.",0001521898,0001521898-24-000002,"275 WASHINGTON STREET, STE. 200",NEWTON,MA,02458,US,form_d,,,,,,,,
SirnaMed Therapeutics Inc.,0002031257,0002031257-24-000001,"1707 DAWN DR., None",SEWICKLEY,PA,15143,US,form_d,,,,,,,,
"Inceptor Bio, LLC",0001811553,0001811553-24-000001,"2450 Perimeter Drive, #200, None",Morrisville,NC,27560,US,form_d,,,,,,,,
ALUMIS INC.,0001847367,0001288320-24-000003,"280 EAST GRAND AVENUE, None",SOUTH SAN FRANCISCO,CA,94080,US,form_d,,,,,,,,
"Cardurion Pharmaceuticals, Inc.",0001702453,0001702453-24-000001,"78 BLANCHARD ROAD, SUITE 200, None",BURLINGTON,MA,01803,US,form_d,,,,,,,,
"Valora Therapeutics, Inc.",0002030783,0002030783-24-000001,"11099 N. TORREY PINES ROAD, SUITE 290",LA JOLLA,CA,92037,US,form_d,,,,,,,,
"Amplified Sciences, Inc.",0001836033,0001836033-24-000002,"3000 KENT AVE, SUITE 1950",WEST LAFAYETTE,IN,47906,US,form_d,,,,,,,,
"A.P. Gilfoyle & Co. (II), Inc.",0002031626,0002031626-24-000001,"45 ROCKEFELLER PLAZA, FLOOR 20, None",NEW YORK,NY,10111,US,form_d,,,,,,,,
Phio Pharmaceuticals Corp.,0001533040,0001123292-24-000200,"11 Apex Drive, Suite 300A, PMB 2006",Marlborough,MA,01752,US,form_d,,,,,,,,
"Hepion Pharmaceuticals, Inc.",0001583771,0001493152-24-028850,"399 THORNALL STREET, FIRST FLOOR",EDISON,NJ,08837,US,form_d,,,,,,,,
"Medcura, Inc.",0001672180,0000929638-24-002569,"5650 RIVERTECH COURT, Suite S",RIVERDALE,MD,20737,US,form_d,,,,,,,,
"InCellDx, Inc.",0001494461,0001494461-24-000003,"30920 Huntwood Avenue, None",Hayward,CA,94544,US,form_d,,,,,,,,
"Alixia, Inc.",0002031477,0002031477-24-000001,"953 INDIANA STREET, None",SAN FRANCISCO,CA,94107,US,form_d,,,,,,,,
Longeveron Inc.,0001721484,0001721484-24-000004,"1951 NW 7TH AVENUE, SUITE 520",MIAMI,FL,33136,US,form_d,,,,,,,,
XDemics Corp,0002026725,0002026725-24-000004,"8001 Redwood Blvd., None",Novato,CA,94595,US,form_d,,,,,,,,
"CapsoVision, Inc",0001378325,0001378325-24-000001,"18805 COX AVENUE SUITE 250, None",SARATOGA,CA,95070,US,form_d,,,,,,,,
BioSynchronicity Corp,0001848527,0001848527-24-000001,"REGISTERED AGENTS INC., 100 N. HOWARD ST, STE R",SPOKANE,WA,99201,US,form_d,,,,,,,,
"Lazzaro Medical, Inc.",0002014886,0000929638-24-002548,"1215 SPRUCE STREET, None",BOULDER,CO,80302,US,form_d,,,,,,,,
"Prana Therapies, Inc.",0002029240,0002029240-24-000001,"162 S. RANCHO SANTA FE RD, STE E70, #225, None",ENCINITAS,CA,92024,US,form_d,,,,,,,,
"Intellistem, Inc.",0002019882,0002019882-24-000003,"440 DAVIS COURT #901, None",SAN FRANCISCO,CA,94111,US,form_d,,,,,,,,
"DesiCorp, Inc.",0001997477,0001997477-24-000001,"2317 Courtney Dr., None",La Grange,KY,40031,US,form_d,,,,,,,,
"PROVECTUS BIOPHARMACEUTICALS, INC.",0000315545,0001493152-24-028163,"800 S. GAY STREET, SUITE 1610",KNOXVILLE,TN,37929,US,form_d,,,,,,,,
"NGM Bio Holdings, Inc.",0002029767,0002029767-24-000001,"333 OYSTER POINT BOULEVARD, None",SOUTH SAN FRANCISCO,CA,94080,US,form_d,,,,,,,,
"Aakha Biologics, Inc.",0002030720,0002030720-24-000001,"5680 FRISCO SQ. BLVD., SUITE 2100",FRISCO,TX,75034,US,form_d,,,,,,,,
7 Hills Pharma Inc.,0002030700,0002030700-24-000001,"2450 HOLCOMBE BLVD., SUITE J., None",HOUSTON,TX,77021-2041,US,form_d,,,,,,,,
"Cartesian Therapeutics, Inc.",0001453687,0001453687-24-000096,"704 QUINCE ORCHARD RD, None",GAITHERSBURG,MD,20878,US,form_d,,,,,,,,
"Praesidia Biotherapeutics, Inc.",0001877990,0001877990-24-000003,"1167 MASSACHUSETTS AVE., None",ARLINGTON,MA,02476,US,form_d,,,,,,,,
"Primrose Bio, Inc.",0002030669,0000929638-24-002501,"10790 ROSELLE STREET, None",SAN DIEGO,CA,92121,US,form_d,,,,,,,,
"Intus Biosciences, LLC",0001664615,0001664615-24-000001,"400 FARMINGTON AVENUE, None",FARMINGTON,CT,06032,US,form_d,,,,,,,,
EdenRoc Sciences LLC,0001685567,0001685567-24-000001,"100 Barber Avenue, None",Worcester,MA,01606,US,form_d,,,,,,,,
"Avicenna Biosciences, Inc.",0001824034,0001824034-24-000003,"101 W. Chapel Hill Street, Suite 210",DURHAM,NC,27701,US,form_d,,,,,,,,
"Meadowhawk Biolabs, Inc.",0001969871,0001969871-24-000001,"33 LOCKE DRIVE, SUITE 102",MARLBOROUGH,MA,01752,US,form_d,,,,,,,,
"C4 Imaging, LLC",0001481933,0001481933-24-000004,"6575 West Loop South, Suite 500, None",BELLAIRE,TX,77401,US,form_d,,,,,,,,
"Scorpion Therapeutics, Inc.",0001811858,0000950123-24-006593,"1  Winthrop Square, Suite 400",Boston,MA,02110,US,form_d,,,,,,,,
"Zeo ScientifiX, Inc.",0001557376,0001829126-24-004810,"3321 COLLEGE AVENUE, SUITE 246",DAVIE,FL,33314,US,form_d,,,,,,,,
"Transposon Therapeutics, Inc.",0001810705,0001810705-24-000001,"4660 La Jolla Village Drive, Suites 100 & 200",San Diego,CA,92112,US,form_d,,,,,,,,
Aspira Women's Health Inc.,926617,0000950123-24-006515,"12117 Bee Caves Road, Building III, Suite 100",Austin,TX,78738,US,form_d,,,,,,,,
"Virpax Pharmaceuticals, Inc.",0001708331,0001213900-24-061018,"1055 WESTLAKES DRIVE, SUITE 300, None",BERWYN,PA,19312,US,form_d,,,,,,,,
MIMIVAX INC.,0002027238,0002027238-24-000005,"ELM & CARLTON STREETS, None",BUFFALO,NY,14263,US,form_d,,,,,,,,
"Oisin Biotechnologies, Inc.",0001801885,0001801885-24-000001,"800 5TH AVENUE, SUITE 4100, None",SEATTLE,WA,98104,US,form_d,,,,,,,,
"NovAb, Inc.",0001685163,0001685163-24-000001,"1860 MONTREAL ROAD, None",TUCKER,GA,30084,US,form_d,,,,,,,,
Panacent Bio Inc.,0002030065,0002030065-24-000001,"666 GREENWICH STREET 744, None",NEW YORK,NY,10014,US,form_d,,,,,,,,
"858 Therapeutics, Inc.",0001806356,0001806356-24-000001,"3115 Merryfield Row, Suite 110",SAN DIEGO,CA,92121,US,form_d,,,,,,,,
"EPICYPHER, INC.",0001571691,0001571691-24-000004,"6 DAVIS DRIVE, None",DURHAM,NC,27709,US,form_d,,,,,,,,
"WiTii Pharmaceuticals, Inc.",0002029215,0002029215-24-000001,"1499 W. 120TH AVENUE, SUITE 110",DENVER,CO,80234,US,form_d,,,,,,,,
"Checkpoint Therapeutics, Inc.",0001651407,0001104659-24-078936,"95 SAWYER ROAD, SUITE 110",WALTHAM,MA,02453,US,form_d,,,,,,,,
"Bionano Genomics, Inc.",0001411690,0001411690-24-000041,"9540 TOWNE CENTRE DRIVE, SUITE 100",SAN DIEGO,CA,92121,US,form_d,,,,,,,,
"Growth Curve Bio, LLC",0002029914,0002029914-24-000001,"9 KIMBERLY DR, None",DURHAM,NC,27707,US,form_d,,,,,,,,
"Promaxo, Inc.",0001716053,0001716053-24-000002,"70 WASHINGTON ST, STE 407, None",OAKLAND,CA,94607,US,form_d,,,,,,,,
Phlow Corp.,0001832917,0001832917-24-000001,"424 HULL STREET, SUITE 400",RICHMOND,VA,23224,US,form_d,,,,,,,,
"Galaxy Diagnostics, Inc.",0001462444,0001462444-24-000003,"6 DAVIS DRIVE, SUITE 201",RESEARCH TRIANGLE PARK,NC,27709,US,form_d,,,,,,,,
"Beyond Air, Inc.",0001641631,0001123292-24-000189,"900 Stewart Avenue, Suite 301",Garden City,NY,11530,US,form_d,,,,,,,,
Mahzi Therapeutics Inc.,0001888808,0001888808-24-000001,"470 Noor Ave, STE B, #1036, None",South San Francisco,CA,94080,US,form_d,,,,,,,,
"TellBio, Inc.",0001791842,0001791842-24-000003,"19 CONNECTOR RD, SUITE 4",ANDOVER,MA,01810,US,form_d,,,,,,,,
"VANQUA BIO, INC.",0001790072,0001790072-24-000001,"1375 W Fulton Street, STE. 600",CHICAGO,IL,60607,US,form_d,,,,,,,,
"Continuity Biosciences, LLC",0002029079,0002029079-24-000001,"8476 LINDRICK LANE, None",BRADENTON,FL,34202,US,form_d,,,,,,,,
"Eliem Therapeutics, Inc.",0001768446,0001768446-24-000002,"PMB #117, 2801 CENTERVILLE ROAD 1ST FL, None",WILMINGTON,DE,19808,US,form_d,,,,,,,,
"Eliem Therapeutics, Inc.",0001768446,0001768446-24-000001,"PMB #117, 2801 CENTERVILLE ROAD 1ST FL, None",WILMINGTON,DE,19808,US,form_d,,,,,,,,
"TrialSpark, Inc.",0002028122,0002028122-24-000001,"16 E 34TH ST, FL 10",NEW YORK,NY,10016-4411,US,form_d,,,,,,,,
DiaMedica Therapeutics Inc.,0001401040,0001235802-24-000055,"301 CARLSON PARKWAY, SUITE 210",MINNEAPOLIS,MN,55305,US,form_d,,,,,,,,
"SANUWAVE Health, Inc.",0001417663,0001140361-24-032144,"11495 Valley View Road, None",Eden Prairie,MN,55344,US,form_d,,,,,,,,
"General Oncology, Inc.",0001658021,0001658021-24-000001,"202 WASHINGTON STREET, SUITE 318, None",BROOKLINE,MA,02445,US,form_d,,,,,,,,
"Naveris, Inc.",0001789232,0001789232-24-000004,"21 HICKORY DRIVE, None",WALTHAM,MA,02451-1034,US,form_d,,,,,,,,
"Immunis, Inc.",0002028798,0002028798-24-000001,"1968 S. Coast Highway, Suite 1160",Laguna Beach,CA,92651,US,form_d,,,,,,,,
Trailhead Biosystems Inc.,0001814509,0001814509-24-000001,"23215 Commerce Park Road, None",Beachwood,OH,44122,US,form_d,,,,,,,,
Oleander Medical Technologies LLC,0001591185,0001591185-24-000001,"LOUISIANA EMERGING TECHNOLOGY CENTER, 340 E PARKER BLVD.",BATON ROUGE,LA,70808,US,form_d,,,,,,,,
"NeuroBo Pharmaceuticals, Inc.",0001638287,0001104659-24-076825,"545 CONCORD AVENUE, SUITE 210",CAMBRIDGE,MA,02138,US,form_d,,,,,,,,
Gnosko Bio Inc.,0002028853,0002028853-24-000001,"256 UPPER GULPH ROAD, None",WAYNE,PA,19087,US,form_d,,,,,,,,
"KALA BIO, Inc.",0001479419,0001479419-24-000002,"1167 MASSACHUSETTS AVENUE, None",ARLINGTON,MA,02476,US,form_d,,,,,,,,
"Topo Therapeutics, Inc.",0002049947,0002049947-24-000002,"ONE KENDALL SQUARE, BUILDING 1400, SUITE 14-101",CAMBRIDGE,MA,02139,US,form_d,,,,,,,,
"REVNA BIOSCIENCES, INC.",0002048552,0002048552-24-000001,"300 WELSH ROAD, BUILDING ONE, SUITE 100",HORSHAM,PA,19044,US,form_d,,,,,,,,
"Auron Therapeutics, Inc.",0001746139,0001746139-24-000003,"55 Chapel Street, Suite 102",Newton,MA,02458,US,form_d,,,,,,,,
"ResQ Pharma, Inc.",0001668333,0001668333-24-000002,"2516 Waukegan Road, Suite 375",Glenview,IL,60025,US,form_d,,,,,,,,
"Anebulo Pharmaceuticals, Inc.",0001815974,0001493152-24-052571,"1017 RANCH ROAD 620 SOUTH, SUITE 107",LAKEWAY,TX,78734,US,form_d,,,,,,,,
GRANATA BIO Corp,0001773867,0001773867-24-000001,"289 ST GEORGE STREET, SUITE 209",DUXBURY,MA,02332,US,form_d,,,,,,,,
"Clear Labs, Inc.",0001595806,0001595806-24-000003,"1559 Industrial Road, None",San Carlos,CA,94070,US,form_d,,,,,,,,
"Marker Therapeutics, Inc.",0001094038,0001104659-24-132525,"2450 HOLCOMBE BLVD, SUITE BCM-A, MS: BCM251",HOUSTON,TX,77021,US,form_d,,,,,,,,
"TriSalus Life Sciences, Inc.",0001826667,0001826667-24-000053,"6272 WEST 91ST AVENUE, None",WESTMINSTER,CO,80031,US,form_d,,,,,,,,
"Cyclarity Therapeutics, Inc.",0001794705,0001794705-24-000003,"8001 Redwood Blvd, None",Novato,CA,94945,US,form_d,,,,,,,,
"Topo Therapeutics, Inc.",0002049947,0002049947-24-000001,"ONE KENDALL SQUARE, BUILDING 1400, SUITE 14-101",CAMBRIDGE,MA,02139,US,form_d,,,,,,,,
"Salarius Pharmaceuticals, Inc.",0001615219,0001123292-24-000416,"2540 Holcombe Blvd., Suite X",Houston,TX,77021,US,form_d,,,,,,,,
EnPlusOne Biosciences Inc.,0001946593,0001946593-24-000002,"313 PLEASANT STREET, 4W",WATERTOWN,MA,02472,US,form_d,,,,,,,,
EnPlusOne Biosciences Inc.,0001946593,0001946593-24-000001,"313 PLEASANT STREET, 4W",WATERTOWN,MA,02472,US,form_d,,,,,,,,
"Solve Therapeutics, Inc.",0001905252,0001905252-24-000001,"1025 ALAMEDA DE LAS PULGAS, SUITE 122, None",BELMONT,CA,94002,US,form_d,,,,,,,,
"Portal Biotechnologies, Inc.",0002049466,0001080368-24-000023,"27 BRUNSWICK RD., None",ARLINGTON,MA,02476,US,form_d,,,,,,,,
"Spinal Simplicity, LLC",0001507286,0001507286-24-000002,"6363 College Blvd, Suite 320",Overland Park,KS,66211,US,form_d,,,,,,,,
"Mythic Therapeutics, Inc.",0001819730,0001819730-24-000001,"100 BEAVER ST., STE 303, None",WALTHAM,MA,02453,US,form_d,,,,,,,,
"Micron Biomedical, Inc.",0001957384,0000945621-24-001032,"575 Fourteenth Street, NW, Suite 100",ATLANTA,GA,30318,US,form_d,,,,,,,,
"Linnaeus Therapeutics, Inc.",0001752026,0001752026-24-000002,"30 WASHINGTON AVENUE, SUITE F, None",HADDONFIELD,NJ,08033,US,form_d,,,,,,,,
"Sonnet BioTherapeutics Holdings, Inc.",0001106838,0001493152-24-051820,"100 OVERLOOK CETNER, SUITE 102",PRINCETON,NJ,08540,US,form_d,,,,,,,,
"Vitazi.AI, Inc.",0001959321,0001959321-24-000003,"3900 PASEO DEL SOL, None",SANTA FE,NM,87507,US,form_d,,,,,,,,
"Pneuma Respiratory, Inc.",0001701794,0000935836-24-000766,"870 STATE FARM ROAD, SUITE 103-B, None",BOONE,NC,28607,US,form_d,,,,,,,,
Sprout2 Inc.,0001725755,0001725755-24-000001,"4350 Lassiter at North Hills Ave., Suite 260",Raleigh,NC,27609,US,form_d,,,,,,,,
Lupvindol Biosciences LTD,0002047889,0001477932-24-008269,"30 N Gould St, Ste R",Sheridan,WY,82801,US,form_d,,,,,,,,
"Stipple Bio, Inc.",0001932776,0001932776-24-000001,"238 Main Street, None",Cambridge,MA,02142,US,form_d,,,,,,,,
Rowan Scientific Corp,0002037456,0002037456-24-000001,"121 FRANKLIN STREET, #1",ALLSTON,MA,02134,US,form_d,,,,,,,,
EPALEX Corp,0001755010,0001755010-24-000001,"1049 EL MONTE AVENUE, SUITE C585, None",MOUNTAIN VIEW,CA,94040,US,form_d,,,,,,,,
"Chorda Pharma, Inc.",0001906254,0002046119-24-000002,"709 S JEFFERSON STREET, SUITE 301",ROANOKE,VA,24016,US,form_d,,,,,,,,
"EditPep, Inc.",0002049446,0002049446-24-000001,"2330 ROSE STREET, None",BERKELEY,CA,94708,US,form_d,,,,,,,,
"Senti Biosciences, Inc.",0001854270,0001854270-24-000129,"2 CORPORATE DRIVE, FIRST FLOOR, None",SOUTH SAN FRANCISCO,CA,94080,US,form_d,,,,,,,,
"Scienture Holdings, Inc.",0001382574,0001493152-24-050785,"6308 BENJAMIN ROAD, SUITE 708, None",TAMPA,FL,33634,US,form_d,,,,,,,,
AOA DX Inc.,0001869920,0001869920-24-000001,"6860 Broadway, None",Denver,CO,80221,US,form_d,,,,,,,,
"AstralBio, Inc.",0002048715,0001493152-24-050754,"867 BOYLSTON STREET, 5TH FLOOR #1833",BOSTON,MA,02116,US,form_d,,,,,,,,
"Hoofprint Biome, Inc.",0001977463,0001533589-24-000001,"840 OVAL DRIVE, None",RALEIGH,NC,27606,US,form_d,,,,,,,,
"Spine BioPharma, Inc.",0001852647,0001852647-24-000001,"505 PARK AVENUE, 14TH FLOOR, None",NEW YORK,NY,10022,US,form_d,,,,,,,,
"One Health Group, Inc.",0001972911,0001972911-24-000004,"3053 WEST LAKE ROAD, None",CAZENOVIA,NY,13035,US,form_d,,,,,,,,
"Tharimmune, Inc.",0001861657,0001493152-24-050415,"1200 ROUTE 22 EAST, SUITE 2000",BRIDGEWATER,NJ,08807,US,form_d,,,,,,,,
"Xcell Biosciences, Inc.",0001697666,0001697666-24-000002,"455 Mission Bay Blvd S, Suite 124, None",San Francisco,CA,94158,US,form_d,,,,,,,,
Plexiform Bioscience Inc.,0002048968,0002048968-24-000001,"8 THE GREEN NO 19634, None",DOVER,DE,19901,US,form_d,,,,,,,,
"Syncromune, Inc.",0001955312,0001955312-24-000001,"2919 E. COMMERCIAL BLVD., None",FORT LAUDERDALE,FL,33308,US,form_d,,,,,,,,
"Promedix, Inc.",0001858277,0001858277-24-000001,"4640 SW MACADAM AVENUE, SUITE 200",PORTLAND,OR,97239,US,form_d,,,,,,,,
Collage Bioscience Corp,0002048335,0002048335-24-000002,"325 POTRERO AVE APT 3, None",SAN FRANCISCO,CA,94103-4883,US,form_d,,,,,,,,
"Gregor Diagnostics, Inc.",0001746381,0001746381-24-000001,"5910 N. Central Expressway, Suite 1400",Dallas,TX,75206,US,form_d,,,,,,,,
PEPTINOVO BIOPHARMA INC.,0001868564,0001868564-24-000002,"600 S. WAGNER ROAD, None",ANN ARBOR,MI,48103,US,form_d,,,,,,,,
ProteoWise Inc.,0001807738,0001807738-24-000001,"85 Willow Street, None",New Haven,CT,06511,US,form_d,,,,,,,,
Balanced Pharma Inc,0001838860,0001838860-24-000003,"18204 MAINSAIL POINTE, None",CORNELIUS,NC,28031,US,form_d,,,,,,,,
Hilltop Biosciences Inc.,0001782084,0001782084-24-000001,"320 Norwood Park, S, None",Norwood,MA,02062,US,form_d,,,,,,,,
"Transcode Therapeutics, Inc.",0001829635,0001104659-24-128019,"6 LIBERTY SQUARE, #2382, None",BOSTON,MA,02109,US,form_d,,,,,,,,
"Resilient Biotics, Inc.",0001836461,0001836461-24-000002,"2 DAVIS DRIVE, None",RESEARCH TRIANGLE PARK,NC,27709,US,form_d,,,,,,,,
Balanced Pharma Inc,0001838860,0001838860-24-000002,"18204 MAINSAIL POINTE, None",CORNELIUS,NC,28031,US,form_d,,,,,,,,
"Olema Pharmaceuticals, Inc.",0001750284,0001243233-24-000002,"780 BRANNAN STREET, None",SAN FRANCISCO,CA,94103,US,form_d,,,,,,,,
"ORF Biologics, Inc.",0002048350,0002048350-24-000001,"2875 ASH ST., None",CORALVILLE,IA,52241,US,form_d,,,,,,,,
"ADIPO THERAPEUTICS, LLC",0001823434,0001823434-24-000003,"1210 Waterway Blvd., None",Indianapolis,IN,46202,US,form_d,,,,,,,,
"Scorpius Holdings, Inc.",0001476963,0001079973-24-001675,"627 DAVIS DRIVE, SUITE 300",MORRISVILLE,NC,27560,US,form_d,,,,,,,,
"Aarvik Therapeutics, Inc.",0001881431,0001881431-24-000001,"31363 Medallion Drive, None",Hayward,CA,94544,US,form_d,,,,,,,,
"OncoVerity, Inc.",0001943593,0001123292-24-000385,"12635 E Montview Blvd., None",Aurora,CO,80045,US,form_d,,,,,,,,
"Pleural Dynamics, Inc.",0001812981,0001437749-24-037090,"952 Medina Road, None",Wayzata,MN,55391,US,form_d,,,,,,,,
"GenoPalate, Inc.",0001736000,0001736000-24-000004,"10437 W INNOVATION DR, STE 465",MILWAUKEE,WI,53226,US,form_d,,,,,,,,
Relation Therapeutics Inc.,0001876828,0001876828-24-000002,"THE MANORS OF INVERRARY, 4158 INVERRARY DRIVE, APT 507, BLDG 4",LAUDERHILL,FL,33319,US,form_d,,,,,,,,
"Memgen, Inc.",0001760644,0001760644-24-000001,"12 GREENWAY PLAZA, SUITE 1100",HOUSTON,TX,77046,US,form_d,,,,,,,,
"XiltriX North America, LLC",0001777611,0001777611-24-000002,"4660 LA JOLLA VILLAGE DR., SUITE 100, None",SAN DIEGO,CA,92122,US,form_d,,,,,,,,
"Starling Medical, Inc.",0002031505,0001935581-24-000002,"7505 FANNIN STREET, None",HOUSTON,TX,77054,US,form_d,,,,,,,,
"Indaptus Therapeutics, Inc.",0001857044,0001857044-24-000003,"3 COLUMBUS CIRCLE, 15TH FLOOR",NEW YORK,NY,10019,US,form_d,,,,,,,,
Lucid Diagnostics Inc.,0001799011,0001094891-24-000001,"360 MADISON AVENUE, 25TH FLOOR",NEW YORK,NY,10017,US,form_d,,,,,,,,
"Oligomerix, Inc.",0001543843,0001543843-24-000001,"2 WESTCHESTER PARK DRIVE, SUITE 208",WHITE PLAINS,NY,10604,US,form_d,,,,,,,,
"65 Therapeutics, Inc.",0002047647,0002047647-24-000001,"399 REVOLUTION DRIVE, None",SOMERVILLE,MA,02145,US,form_d,,,,,,,,
HCW Biologics Inc.,0001828673,0001828673-24-000002,"2929 N COMMERCE PKWY, None",MIRAMAR,FL,33025,US,form_d,,,,,,,,
XDemics Corp,0002026725,0002026725-24-000007,"8001 REDWOOD BLVD., None",NOVATO,CA,94945,US,form_d,,,,,,,,
"INTENSITY THERAPEUTICS, INC.",0001567264,0001567264-24-000054,"1 ENTERPRISE DRIVE, SUITE 430, None",SHELTON,CT,06484,US,form_d,,,,,,,,
Biofrontera Inc.,0001858685,0001493152-24-048815,"120 PRESIDENTIAL WAY, SUITE 330, None",WOBURN,MA,01801,US,form_d,,,,,,,,
"Aclaris Therapeutics, Inc.",0001557746,0001231919-24-000093,"701 LEE ROAD, SUITE 103",WAYNE,PA,19087,US,form_d,,,,,,,,
"Manifold Biotechnologies, Inc.",0001820326,0001820326-24-000002,"201 BROOKLINE AVENUE, SUITE 902",BOSTON,MA,02215,US,form_d,,,,,,,,
Gemelli Biotech Corp.,0001780605,0001780605-24-000001,"2009 Fairview Rd. #6099, None",Raleigh,NC,27628,US,form_d,,,,,,,,
"Exxel Pharma, INC.",0002046638,0002046638-24-000001,"12635 East Montview Blvd, Suite 134",Aurora,CO,80045,US,form_d,,,,,,,,
"RLL, LLC",0001755433,0001755433-24-000001,"11801 BERANS ROAD, None",LUTHERVILLE,MD,21093,US,form_d,,,,,,,,
"Xella Health, PBC",0002045840,0001437749-24-036419,"501 Seaport Court, Suite 204",Redwood City,CA,94063,US,form_d,,,,,,,,
"Ambient Biosciences, Inc.",0001753668,0001753668-24-000002,"1600 HURON PARKWAY, BLDG 520, RM 2390",ANN ARBOR,MI,48109,US,form_d,,,,,,,,
Tasca Therapeutics Corp,0002046762,0002046762-24-000001,"349-351 NEWBURY STREET, None",BOSTON,MA,02115,US,form_d,,,,,,,,
"Somnum Pharma, Inc.",0002046710,0001178913-24-003875,"4 EAST 70TH STREET, 9A, None",NEW YORK,NY,10021,US,form_d,,,,,,,,
Smart Health Diagnostics Co,0001974021,0001974021-24-000005,"5151 CALIFORNIA AVENUE, #150",IRVINE,CA,92617,US,form_d,,,,,,,,
"Amplifi Vascular, Inc.",0001990753,0001990753-24-000002,"3965 West 83rd Street, #300, None",Prairie Village,KS,66208,US,form_d,,,,,,,,
Organogenesis Holdings Inc.,0001661181,0001661181-24-000001,"85 DAN ROAD, None",CANTON,MA,02021,US,form_d,,,,,,,,
"Optimeos Life Sciences, Inc.",0001819114,0001819114-24-000001,"174 NASSAU STREET, SUITE 334, None",PRINCETON,NJ,08542,US,form_d,,,,,,,,
TRex Holdings Inc.,0002046270,0002046270-24-000002,"681 GATEWAY BLVD., 4TH FLOOR, None",SOUTH SAN FRANCISCO,CA,94080,US,form_d,,,,,,,,
NeuraMedica Inc.,0001744491,0001744491-24-000001,"402 BEAVERCREEK RD, STE 110",OREGON CITY,OR,97045,US,form_d,,,,,,,,
"Objective Biotechnology, Inc.",0002045193,0002045193-24-000001,"126 N. THIRD STREET, SUITE 540, None",MINNEAPOLIS,MN,55401,US,form_d,,,,,,,,
"HJARTA CARE, LLC",0002045209,0000892712-24-000139,"4617 W. SLEEPY HOLLOW LANE, None",MEQUON,WI,53092,US,form_d,,,,,,,,
"Delphinus Medical Technologies, Inc.",0001492534,0001492534-24-000002,"45525 GRAND RIVER AVENUE, None",NOVI,MI,48374,US,form_d,,,,,,,,
Compact Medical Inc.,0001794240,0001794240-24-000001,"525 S. MERIDIAN ST., None",INDIANAPOLIS,IN,46225,US,form_d,,,,,,,,
Avenacy Inc.,0002046254,0002046254-24-000001,"10 N MARTINGALE RD, SUITE 225",SCHAUMBURG,IL,60173,US,form_d,,,,,,,,
"Drizzle Health, LLC",0002045956,0002045956-24-000001,"3107 TILDEN DRIVE, None",BALTIMORE,MD,21211,US,form_d,,,,,,,,
"Cyclacel Pharmaceuticals, Inc.",0001130166,0001104659-24-122795,"200 CONNELL DRIVE, SUITE 1500, None",BERKELEY HEIGHTS,NJ,07922,US,form_d,,,,,,,,
"Assurtek Surgical, Inc.",0002045855,0002045855-24-000001,"16 CAVENDISH COURT, None",LEBANON,NH,03766,US,form_d,,,,,,,,
"Qualigen Therapeutics, Inc.",0001460702,0001493152-24-047496,"5857 OWENS AVENUE,, SUITE 300,","CARLSBAD,",CA,92008,US,form_d,,,,,,,,
"Dare Bioscience, Inc.",0001401914,0001493152-24-047445,"3655 NOBEL DRIVE, SUITE 260",SAN DIEGO,CA,92122,US,form_d,,,,,,,,
"NuvOx Therapeutics, Inc.",0001966126,0001213900-24-101639,"1635 E. 18TH STREET, None",TUCSON,AZ,85719,US,form_d,,,,,,,,
"AxoSim, Inc.",0001769360,0001769360-24-000003,"1441 CANAL STREET STE 205, None",NEW ORLEANS,LA,70112,US,form_d,,,,,,,,
"Aviceda Therapeutics, Inc.",0001824762,0001824762-24-000002,"ONE BROADWAY, 14TH FLOOR, None",CAMBRIDGE,MA,02142,US,form_d,,,,,,,,
Autoimmunity Biologic Solutions Inc.,0002045812,0002045812-24-000001,"2710 REED RD, SUITE 160, None",HOUSTON,TX,77051,US,form_d,,,,,,,,
"Pep2Tango Therapeutics, Inc.",0002040766,0002040766-24-000001,"12050 WETHERFIELD LANE, None",POTOMAC,MD,20854,US,form_d,,,,,,,,
Panome Bio Inc.,0001966691,0001966691-24-000001,"4340 DUNCAN AVENUE, None",SAINT LOUIS,MO,63110,US,form_d,,,,,,,,
Gliknik Inc,0001411569,0001411569-24-000002,"801 WEST BALTIMORE STREET, SUITE 501A",BALTIMORE,MD,21201,US,form_d,,,,,,,,
"MODULO BIO, INC.",0001867562,0001867562-24-000001,"1525 KENSINGTON, None",LOS ALTOS,CA,94024,US,form_d,,,,,,,,
"Metsera, Inc.",0002040807,0002040807-24-000003,"3 World Trade Center, 175 Greenwich Street",New York,NY,10007,US,form_d,,,,,,,,
"Avenzo Therapeutics, Inc.",0001947742,0001571469-24-000001,"12707 High Bluff Drive, Suite 200, None",SAN DIEGO,CA,92130,US,form_d,,,,,,,,
"Sonavex, Inc.",0001645892,0001645892-24-000001,"2835 O'Donnell Street, Suite 200",BALTIMORE,MD,21224,US,form_d,,,,,,,,
BRIGHT MINDS BIOSCIENCES INC.,0001827401,0001183740-24-000091,"19 VESTRY STREET, None",NEW YORK,NY,10013,US,form_d,,,,,,,,
"Lumen Bioscience, Inc.",0001703612,0001703612-24-000001,"1441 North 34th Street, Suite 300, None",SEATTLE,WA,98103,US,form_d,,,,,,,,
Invizyne Technologies Inc,0002010788,0002010788-24-000001,"750 ROYAL OAKS DR, None",MONROVIA,CA,91016,US,form_d,,,,,,,,
"Neopenda, PBC",0001751635,0001751635-24-000002,"1623 W FULTON ST, None",CHICAGO,IL,60612,US,form_d,,,,,,,,
"Anuncia Medical, Inc.",0001889938,0001889938-24-000003,"1355 N. SCOTTSDALE RD, SUITE 370",SCOTTSDALE,AZ,85257,US,form_d,,,,,,,,
"Lomond Therapeutics Holdings, Inc.",0001900520,0001213900-24-099300,"8 THE GREEN STE 8490, None",DOVER,DE,19901,US,form_d,,,,,,,,
SYNDEVRX INC,0001455364,0001455364-24-000002,"ONE BROADWAY, 14TH FLOOR",CAMBRIDGE,MA,02142,US,form_d,,,,,,,,
INANOVATE INC,0001366325,0001366325-24-000002,"2329 N. CAREER AVENUE STE 113., None",SIOUX FALLS,SD,57107,US,form_d,,,,,,,,
EdenRoc Sciences LLC,0001685567,0001685567-24-000002,"100 Barber Avenue, None",Worcester,MA,01606,US,form_d,,,,,,,,
"Esanik Therapeutics, Inc.",0002044524,0002044524-24-000001,"7 RAPPS RUN DRIVE, None",MALVERN,PA,19355,US,form_d,,,,,,,,
"Cadrenal Therapeutics, Inc.",0001937993,0001213900-24-097866,"822 A1A NORTH, SUITE 306, None",PONTE VEDRA,FL,32082,US,form_d,,,,,,,,
Eterna Therapeutics Inc.,0000748592,0001493152-24-045322,"1035 CAMBRIDGE STREET, SUITE 18A",CAMBRIDGE,MA,02141,US,form_d,,,,,,,,
Eterna Therapeutics Inc.,0000748592,0001493152-24-045321,"1035 CAMBRIDGE STREET, SUITE 18A",CAMBRIDGE,MA,02141,US,form_d,,,,,,,,
"IMMUNOPROFILE, LLC",0001807063,0001807063-24-000002,"850 S. COLLIER BLVD., UNIT 401",MARCO ISLAND,FL,34145,US,form_d,,,,,,,,
"DermBiont, Inc.",0001779253,0001779253-24-000001,"75 KNEELAND ST FL 14, None",BOSTON,MA,02111,US,form_d,,,,,,,,
"Earth Science Tech, Inc.",0001538495,0001493152-24-045019,"8950 SW 74TH CT SUITE 1401, None",MIAMI,FL,33156,US,form_d,,,,,,,,
"Earth Science Tech, Inc.",0001538495,0001493152-24-045007,"8950 SW 74TH CT SUITE 1401, None",MIAMI,FL,33156,US,form_d,,,,,,,,
"Qnovia, Inc.",0001940918,0001940918-24-000001,"2920 WEST BROAD ST., SUITE 243",RICHMOND,VA,23230,US,form_d,,,,,,,,
"MAIA Biotechnology, Inc.",0001878313,0001493152-24-044652,"444 WEST LAKE STREET, SUITE 1700",CHICAGO,IL,60606,US,form_d,,,,,,,,
"Ensho Therapeutics, Inc.",0002032849,0002032849-24-000002,"422 MOUNTAIN WAY, None",MORRIS PLAINS,NY,07950,US,form_d,,,,,,,,
"Pinteon Therapeutics, Inc.",0001613926,0001613926-24-000001,"1188 CENTRE STREET, None",NEWTON CENTRE,MA,02459,US,form_d,,,,,,,,
CALVIRI INC,0001763612,0001763612-24-000002,"850 N 5TH ST., None",PHOENIX,AZ,85004,US,form_d,,,,,,,,
"Senseonics Holdings, Inc.",0001616543,0002043558-24-000001,"20451 SENECA MEADOWS PARKWAY, None",GERMANTOWN,MD,20876,US,form_d,,,,,,,,
"RevOpsis Therapeutics, Inc.",0001939796,0001939796-24-000001,"4109 CHANDLERWOOD, None",SPRINGFIELD,IL,62711,US,form_d,,,,,,,,
"Opus Genetics, Inc.",0001228627,0001140361-24-045485,"37000 Grand River Avenue, Suite 120",Farmington Hills,MI,48335,US,form_d,,,,,,,,
APPLIED DNA SCIENCES INC,0000744452,0001104659-24-114810,"50 HEALTH SCIENCES DRIVE, None",STONY BROOK,NY,11790,US,form_d,,,,,,,,
"Pathos AI, Inc.",0001967854,0001967854-24-000001,"600 W. CHICAGO AVE., SUITE 510",CHICAGO,IL,60654,US,form_d,,,,,,,,
"Med Aditus Pharmaceuticals, Inc.",0002041640,0002041640-24-000001,"800 Park Offices Drive, Suite 3604, None",RTP,NC,27709,US,form_d,,,,,,,,
"Revalia Bio, Inc.",0002043834,0002043834-24-000001,"55 CHURCH STREET, #400",NEW HAVEN,CT,06510,US,form_d,,,,,,,,
Kiyatec Inc.,0001547577,0001547577-24-000007,"2 N MAIN STREET, None",GREENVILLE,SC,29601,US,form_d,,,,,,,,
Kiyatec Inc.,0001547577,0001547577-24-000006,"2 N MAIN STREET, None",GREENVILLE,SC,29601,US,form_d,,,,,,,,
"TIXiMED, Inc.",0002043713,0002043713-24-000001,"1927 1ST AVENUE NORTH, SIXTH FLOOR",BIRMINGHAM,AL,35203,US,form_d,,,,,,,,
"SeqOnce BioSciences, Inc.",0001655808,0001655808-24-000001,"2265 E. FOOTHILL BOULEVARD, None",PASADENA,CA,91107,US,form_d,,,,,,,,
"CrossBridge Bio, Inc.",0002043521,0002043521-24-000003,"2450 HOLCOMBE BLVD, SUITE X, None",HOUSTON,TX,77021,US,form_d,,,,,,,,
"Mach5 Therapeutics, Inc.",0002018014,0001493152-24-043506,"650 PONCE DE LEON AVE, STE. 300 #2347",ATLANTA,GA,30308,US,form_d,,,,,,,,
"Onconaut Therapeutics, Inc.",0002042684,0002042684-24-000001,"27604 E. EUCLID DRIVE, None",AURORA,CO,80016,US,form_d,,,,,,,,
Healthcare Integrated Technologies Inc.,0001584693,0001584693-24-000002,"311 S. WEISGARBER ROAD, None",KNOXVILLE,TN,37919,US,form_d,,,,,,,,
"EvolveImmune Therapeutics Holding Company, LLC",0001799828,0001799828-24-000001,"23 Business Park Drive, None",Branford,CT,06405,US,form_d,,,,,,,,
"Axonis Therapeutics, Inc.",0002043170,0002043170-24-000001,"75 KNEELAND STREET, 14 FL, None",BOSTON,MA,02111,US,form_d,,,,,,,,
"Inmedix, Inc.",0001851853,0001851853-24-000001,"17837 FIRST AVENUE SOUTH, #6, None",NORMANDY PARK,WA,98148,US,form_d,,,,,,,,
"Opprtna Therapeutics, Inc.",0002043239,0002043239-24-000001,"241 FRANCIS AVENUE, None",MANSFIELD,MA,02048,US,form_d,,,,,,,,
"Garuda Therapeutics, Inc.",0001884363,0001884363-24-000001,"215 First Street, Suite 340-350",Cambridge,MA,02142,US,form_d,,,,,,,,
"Potrero Medical, Inc.",0001609048,0001609048-24-000001,"26142 Eden Landing Road, None",Hayward,CA,94545,US,form_d,,,,,,,,
"Seaport Therapeutics, Inc.",0002042347,0002042347-24-000001,"6 TIDE STREET, SUITE 400",BOSTON,MA,02110,US,form_d,,,,,,,,
"Gibson Oncology, LLC",0002042777,0002042777-24-000002,"7772 FISHER ISLAND DRIVE, None",MIAMI,FL,33109,US,form_d,,,,,,,,
"Sethera Therapeutics, Inc",0002042692,0002042692-24-000001,"48 SOUTH RIO GRANDE STREET, None",SALT LAKE CITY,UT,84101,US,form_d,,,,,,,,
Codetta Bio Inc.,0002025372,0002025372-24-000002,"140 SOUTHCENTER CT., SUITE 200",MORRISVILLE,NC,27560,US,form_d,,,,,,,,
"bioAffinity Technologies, Inc.",0001712762,0001493152-24-042805,"3300 NACOGDOCHES ROAD, SUITE 216",SAN ANONIO,TX,78217,US,form_d,,,,,,,,
"Nodal Therapeutics, Inc.",0002024197,0002024197-24-000002,"1804 EDGEWATER PARKWAY, None",SILVER SPRING,MD,20903,US,form_d,,,,,,,,
"Coya Therapeutics, Inc.",0001835022,0001493152-24-042710,"5850 SAN FELIPE ST., SUITE 500",HOUSTON,TX,77057,US,form_d,,,,,,,,
"NEONC TECHNOLOGIES HOLDINGS, INC.",0001979414,0001979414-24-000002,"2 DOLE DRIVE, None",WESTLAKE VILLAGE,CA,91362,US,form_d,,,,,,,,
"VITARA BIOMEDICAL, INC.",0001811355,0001811355-24-000001,"2301 Chestnut Street, 4th Floor",PHILADELPHIA,PA,19103,US,form_d,,,,,,,,
"GRI BIO, Inc.",0001824293,0001824293-24-000144,"2223 AVENIDA DE LA PLAYA, SUITE 208",LA JOLLA,CA,92037,US,form_d,,,,,,,,
"Pharma Solutions USA, Inc. DBA LighthouseAI",0001887135,0002027042-24-000005,"705 MONTGOMERY AVE, SUITE 200, None",PENN VALLEY,PA,19072,US,form_d,,,,,,,,
"Shuttle Pharmaceuticals Holdings, Inc.",0001757499,0001493152-24-042460,"401 PROFESSIONAL DRIVE, SUITE 260, None",GAITHERSBURG,MD,20879,US,form_d,,,,,,,,
"Transition Bio, Inc.",0001920890,0001920890-24-000004,"ONE MIFFLIN PLACE, SUITE 400, None",CAMBRIDGE,MA,02138,US,form_d,,,,,,,,
"EyeMacular Regeneration, Inc.",0002042485,0002042485-24-000001,"202 4TH ST SW, SUITE 160",ROCHESTER,MN,55902,US,form_d,,,,,,,,
"Immunis, Inc.",0002028798,0002028798-24-000002,"1968 S. Coast Highway, Suite 1160",Laguna Beach,CA,92651,US,form_d,,,,,,,,
"FlightPath Biosciences, Inc.",0001809914,0001809914-24-000001,"15 Fairfax Street, None",Birmingham,MI,48009,US,form_d,,,,,,,,
"Earth Science Tech, Inc.",0001538495,0001493152-24-042246,"8950 SW 74TH CT, SUITE 1401",MIAMI,FL,33156,US,form_d,,,,,,,,
"Renosome Bio, Inc.",0002040026,0002040026-24-000001,"69 COUGAR DR., None",MANCHESTER,CT,06040,US,form_d,,,,,,,,
"Pharmaceutics International, Inc.",0001684470,0001684470-24-000003,"10819 GILROY ROAD, None",HUNT VALLEY,MD,21030,US,form_d,,,,,,,,
"March Biosciences, Inc.",0001965802,0001123292-24-000314,"7255 Helix Park, Suite 300",HOUSTON,TX,77030,US,form_d,,,,,,,,
"BIO-PATH HOLDINGS, INC.",0001133818,0001446472-24-000009,"4710 BELLAIRE BOULEVARD, SUITE 210",BELLAIRE,TX,77401,US,form_d,,,,,,,,
Starton Therapeutics Inc.,0001743192,0001743192-24-000001,"215 COLLEGE ROAD, SUITE #300, None",PARAMUS,NJ,07652,US,form_d,,,,,,,,
"Spectrum Antimicrobials, Inc.",0001808754,0001808754-24-000003,"1770 CORPORATE CIRCLE, None",PETALUMA,CA,94954,US,form_d,,,,,,,,
"Mediar Therapeutics, Inc.",0001766784,0001766784-24-000002,"20 OVERLAND STREET, SUITE 520",BOSTON,MA,02215,US,form_d,,,,,,,,
"Vizgen, Inc.",0001790415,0001790415-24-000001,"61 MOULTON STREET, None",CAMBRIDGE,MA,02138,US,form_d,,,,,,,,
Vistim Labs Inc.,0001960015,0001960015-24-000001,"2093 Philadelphia Pike #3690, None",Claymont,DE,19703,US,form_d,,,,,,,,
BRIGHT MINDS BIOSCIENCES INC.,0001827401,0001183740-24-000085,"19 VESTRY STREET, None",NEW YORK,NY,10013,US,form_d,,,,,,,,
"Blaze Bioscience, Inc.",0001532854,0001532854-24-000007,"530 FAIRVIEW AVENUE N., SUITE 1400",SEATTLE,WA,98109,US,form_d,,,,,,,,
"Blaze Bioscience, Inc.",0001532854,0001532854-24-000006,"530 FAIRVIEW AVENUE N., SUITE 1400",SEATTLE,WA,98109,US,form_d,,,,,,,,
"Blaze Bioscience, Inc.",0001532854,0001532854-24-000005,"530 FAIRVIEW AVENUE N., SUITE 1400",SEATTLE,WA,98109,US,form_d,,,,,,,,
"Blaze Bioscience, Inc.",0001532854,0001532854-24-000004,"530 FAIRVIEW AVENUE N., SUITE 1400",SEATTLE,WA,98109,US,form_d,,,,,,,,
"Iyuda Therapeutics, Inc.",0001993594,0001993594-24-000001,"3217 Hunting Tweed Dr., None",Owings Mills,MD,21117,US,form_d,,,,,,,,
"OnKure Therapeutics, Inc.",0001637715,0001748961-24-000002,"6707 WINCHESTER CIRCLE, SUITE 400, None",BOULDER,CO,80301,US,form_d,,,,,,,,
"Hubble Therapeutics, LLC",0002038883,0002038883-24-000001,"35 SOUTH MAIN STREET, None",HANOVER,NH,03755,US,form_d,,,,,,,,
"TellBio, Inc.",0001791842,0001791842-24-000005,"19 CONNECTOR RD, SUITE 4",ANDOVER,MA,01810,US,form_d,,,,,,,,
"TellBio, Inc.",0001791842,0001791842-24-000004,"19 CONNECTOR RD, SUITE 4",ANDOVER,MA,01810,US,form_d,,,,,,,,
"CancerVAX, Inc.",0001905495,0001493152-24-041515,"351 PASEO NUEVO, FLOOR 2",SANTA BARBARA,CA,93101,US,form_d,,,,,,,,
"Onconetix, Inc.",0001782107,0001465818-24-000011,"201 E. FIFTH STREET, SUITE 1900",CINCINNATI,OH,45202,US,form_d,,,,,,,,
"Treeline Biosciences, Inc.",0001856619,0001856619-24-000002,"500 ARSENAL ST., None",WATERTOWN,MA,02472,US,form_d,,,,,,,,
Automera US Inc.,0001992812,0001992812-24-000001,"2815 EASTLAKE AVE E #300, None",SEATTLE,WA,98102,US,form_d,,,,,,,,
"Dash Bio, Inc.",0002041370,0002041370-24-000001,"56 BROAD STREET, STE 14011",BOSTON,MA,02109,US,form_d,,,,,,,,
"Fulmer Instruments, Inc.",0002040814,0002040814-24-000001,"811 5th Avenue North, None",BIRMINGHAM,AL,35203,US,form_d,,,,,,,,
"Cirius Therapeutics, Inc.",0001702956,0000905729-24-000160,"3133 ORCHARD VISTA DR. SW, None",GRAND RAPIDS,MI,48390,US,form_d,,,,,,,,
"Elektrofi, Inc.",0001932688,0000929638-24-003518,"25 DRYDOCK AVENUE, SECOND FLOOR, None",BOSTON,MA,02210,US,form_d,,,,,,,,
"IN8BIO, INC.",0001740279,0001231919-24-000084,"EMPIRE STATE BUILDING, 350 5TH AVENUE, SUITE 5330",NEW YORK,NY,10118,US,form_d,,,,,,,,
Celcuity Inc.,0001603454,0001437749-24-031204,"16305 36th Avenue North, Suite 100",Minneapolis,MN,55446,US,form_d,,,,,,,,
"SciTech Development, Inc.",0001682585,0001682585-24-000002,"281 KERCHEVAL AVE., None",GROSSE POINTE FARMS,MI,48236,US,form_d,,,,,,,,
"Affini-T Therapeutics, Inc.",0002036455,0002036455-24-000001,"100 Forge Road, Suite 900, None",Watertown,MA,02472,US,form_d,,,,,,,,
"Model Medicines, Inc.",0001892786,0001683168-24-007114,"1268 PROSPECT STREET, None",LA JOLLA,CA,92037,US,form_d,,,,,,,,
"Antiva Biosciences, Inc.",0001563355,0001563355-24-000001,"555 Twin Dolphin Drive, Suite 620, None",Redwood City,CA,94065,US,form_d,,,,,,,,
"ASCENDIA PHARMACEUTICALS, INC.",0001855888,0001855888-24-000001,"661 US HIGHWAY ONE, UNIT B",New BRUNSWICK,NJ,08902,US,form_d,,,,,,,,
"Beyond Air, Inc.",0001641631,0001641631-24-000001,"900 STEWART AVENUE, SUITE 301",GARDEN CITY,NY,11530,US,form_d,,,,,,,,
"Cytogel Pharma, LLC",0001491841,0001213900-24-087167,"3 THORNDAL CIRCLE, None",DARIEN,CT,06820,US,form_d,,,,,,,,
LyGenesis Inc.,0001739872,0000898432-24-000826,"1710 Murray Ave, Suite 200",PITTSBURGH,PA,15217,US,form_d,,,,,,,,
Evida Biosciences Inc.,0002034567,0002034567-24-000001,"9410 Carroll Park Dr., None",San Diego,CA,92121,US,form_d,,,,,,,,
"Amplifyer Bio, Inc.",0002040940,0002040940-24-000001,"10 SHERMAN STREET, None",LEXINGTON,MA,02420,US,form_d,,,,,,,,
SYNDEVRX INC,0001455364,0001455364-24-000001,"ONE BROADWAY, 14TH FLOOR",CAMBRIDGE,MA,02142,US,form_d,,,,,,,,
"GoDaveyGo, LLC",0002040568,0002040568-24-000001,"5318 E. SECOND ST. #337, None",LONG BEACH,CA,90803,US,form_d,,,,,,,,
"AkriVita, Inc.",0002040392,0002040392-24-000001,"26 HOLLYBERRY COURT, None",ROCKVILLE,MD,20852,US,form_d,,,,,,,,
"Invectys, Inc.",0001871302,0001871302-24-000001,"2415 WEST ALABAMA, SUITE 220",HOUSTON,TX,77098,US,form_d,,,,,,,,
Clene Inc.,0001822791,0001822791-24-000002,"6550 SOUTH MILLROCK DRIVE, SUITE G50, None",SALT LAKE CITY,UT,84121,US,form_d,,,,,,,,
"G.I. Windows, Inc.",0001600905,0001600905-24-000001,"381 University Avenue, None",Westwood,MA,02090,US,form_d,,,,,,,,
"TearSolutions, Inc.",0001611687,0001611687-24-000002,"315 OLD IVY WAY, SUITE 301",CHARLOTTESVILLE,VA,22903,US,form_d,,,,,,,,
"Bectas Therapeutics, Inc.",0002038826,0002038826-24-000001,"3262 WESTHEIMER ROAD, SUITE 762",HOUSTON,TX,77098,US,form_d,,,,,,,,
"Cellibre, Inc.",0001781232,0001781232-24-000003,"6825 FLANDERS DRIVE, None",SAN DIEGO,CA,92121,US,form_d,,,,,,,,
"Otolith Sound, Inc.",0001677664,0001677664-24-000002,"200 MASSACHUSETTS AVE NW, FL7, None",WASHINGTON,DC,20001,US,form_d,,,,,,,,
"Torch Therapeutics, Inc.",0002040433,0000929638-24-003461,"2729 WALTHAM CROSS STREET, None",BELMONT,CA,94002,US,form_d,,,,,,,,
Oncocyte Corp,0001642380,0001493152-24-040432,"15 CUSHING, None",IRVINE,CA,92618,US,form_d,,,,,,,,
"Recourse Biologics, Inc.",0002038107,0002038107-24-000001,"3737 BUFFALO SPEEDWAY, STE 1750",HOUSTON,TX,77098,US,form_d,,,,,,,,
"Cresilon, Inc.",0001728054,0001728054-24-000001,"122 18TH STREET, None",BROOKLYN,NY,11215,US,form_d,,,,,,,,
"CIRC Biosciences, Inc.",0001834514,0001834514-24-000004,"400 N. ABERDEEN, SUITE 900, None",CHICAGO,IL,60642,US,form_d,,,,,,,,
"Morphoceuticals, Inc.",0001962989,0000897069-24-001927,"200 Boston Avenue, Suite G-725",Medford,MA,02155,US,form_d,,,,,,,,
MaraBio Systems Inc.,0002039520,0002039520-24-000001,"26 S RIO GRANDE ST., STE 2072, None",SALT LAKE CITY,UT,84101,US,form_d,,,,,,,,
"Indaptus Therapeutics, Inc.",0001857044,0001857044-24-000002,"3 COLUMBUS CIRCLE, 15TH FLOOR",NEW YORK,NY,10019,US,form_d,,,,,,,,
"22nd Century Group, Inc.",0001347858,0000897069-24-001918,"321 Farmington Road, None",Mocksville,NC,27028,US,form_d,,,,,,,,
"CERO THERAPEUTICS HOLDINGS, INC.",0001870404,0001802806-24-000041,"201 HASKINS WAY, SUITE 230",SOUTH SAN FRANCISCO,CA,94080,US,form_d,,,,,,,,
"EMIT IMAGING, INC.",0001973076,0001973076-24-000002,"444 E. 3rd Street #15, None",South Boston,MA,02127,US,form_d,,,,,,,,
"Sentonix, Inc.",0002039609,0001973076-24-000001,"1167 MASSACHUSETTS AVE, None",ARLINGTON,MA,02476,US,form_d,,,,,,,,
"OneSkin, Inc.",0001703427,0001703427-24-000001,"953 INDIANA STREET, None",SAN FRANCISCO,CA,94107,US,form_d,,,,,,,,
Origin Endoscopy Inc.,0002039132,0002039132-24-000001,"9800 PYRAMID CT, SUITE 400",ENGLEWOOD,CO,80112,US,form_d,,,,,,,,
Arc Endosurgery Inc.,0002039192,0002039192-24-000001,"9800 PYRAMID CT, SUITE 400",ENGLEWOOD,CO,80112,US,form_d,,,,,,,,
"Aktis Oncology, Inc.",0002035832,0002035832-24-000001,"17 DRYDOCK AVENUE, SUITE #17-401",BOSTON,MA,02210,US,form_d,,,,,,,,
"Arda Therapeutics, Inc.",0001903317,0001903317-24-000002,"930 Brittan Ave, None",San Carlos,CA,94070,US,form_d,,,,,,,,
Ophidion Inc.,0001791779,0001791779-24-000001,"116 Research Dr, Suite 223",Bethlehem,PA,18015,US,form_d,,,,,,,,
"Synedgen, Inc.",0001471618,0001471618-24-000001,"1420 N. CLAREMONT BOULEVARD, SUITE 105D",CLAREMONT,CA,91711,US,form_d,,,,,,,,
Hilltop Biosciences Inc.,0001782084,0001782084-25-000001,"320 Norwood Park, S, None",Norwood,MA,02062,US,form_d,,,,,,,,
"PRG FlowChem, Inc.",0002063378,0002063378-25-000001,"880 ENTERPRISE DRIVE, None",ROYERSFORD,PA,19468,US,form_d,,,,,,,,
"MuscleSound, Inc.",0001676647,0001104659-25-028832,"6355 EAST TUFTS AVENUE, None",ENGLEWOOD,CO,80111,US,form_d,,,,,,,,
CELESTIAL THERAPEUTICS INC.,0001804448,0002060755-25-000002,"4790 IRVINE BLVD., SUITE 105332, None",IRVINE,CA,92620,US,form_d,,,,,,,,
Autonomy Bio Inc.,0002063071,0002063071-25-000001,"512 2ND STREET, FLOOR 3",SAN FRANCISCO,CA,94107,US,form_d,,,,,,,,
"VQ Biomedical, Inc.",0002062029,0002062029-25-000001,"5448 APEX PEAKWAY, SUITE 171",APEX,NC,27502,US,form_d,,,,,,,,
"Cyclacel Pharmaceuticals, Inc.",0001130166,0001829126-25-002044,"200 CONNELL DRIVE, SUITE 1500, None",BERKELEY HEIGHTS,NJ,07922,US,form_d,,,,,,,,
"Assurtek Surgical, Inc.",0002045855,0002045855-25-000002,"16 CAVENDISH COURT, None",LEBANON,NH,03766,US,form_d,,,,,,,,
"Assurtek Surgical, Inc.",0002045855,0002045855-25-000001,"16 CAVENDISH COURT, None",LEBANON,NH,03766,US,form_d,,,,,,,,
"Paragon Biosciences Emalex Capital, Inc.",0001749990,0001749990-25-000002,"303 N WABASH AVE, SUITE # 3500",CHICACO,IL,60611,US,form_d,,,,,,,,
"Topaz Biosciences, Inc.",0002062605,0002062605-25-000001,"1250 45th Street, Suite 320, None",Emeryville,CA,94608,US,form_d,,,,,,,,
"NEONC TECHNOLOGIES HOLDINGS, INC.",0001979414,0001979414-25-000001,"2 DOLE DRIVE, None",WESTLAKE VILLAGE,CA,91362,US,form_d,,,,,,,,
"Illexcor Holdings, LLC",0002063191,0002063191-25-000001,"3300 PEMBERTON CREEK COURT, None",HENRICO,PA,23233,US,form_d,,,,,,,,
Cime Therapeutics Inc.,0002062575,0002062575-25-000001,"110 16TH STREET, SUITE 1460",DENVER,CO,80202,US,form_d,,,,,,,,
Myrtelle Inc.,0001868532,0001013762-25-000981,"17 STATE STREET, FL3, STE 350",NEW YORK,NY,10004,US,form_d,,,,,,,,
Biolinq Inc,0001685406,0001685406-25-000001,"10260 SORRENTO VALLEY ROAD, None",SAN DIEGO,CA,92121,US,form_d,,,,,,,,
"OraLiva, Inc.",0001963569,0001963569-25-000002,"2 Davis Drive, None",DURHAM,NC,27709,US,form_d,,,,,,,,
"Acurx Pharmaceuticals, Inc.",0001736243,0001736243-25-000002,"259 LIBERTY AVENUE, None",STATEN ISLAND,NY,10305,US,form_d,,,,,,,,
"Foment Bio, Inc.",0002062787,0002062787-25-000001,"148 WICK WILLOW RD, None",MONTGOMERY,TX,77356,US,form_d,,,,,,,,
Aspira Women's Health Inc.,0000926617,0001641172-25-000052,"12117 BEE CAVES ROAD, BUILDING III, SUITE 100",AUSTIN,TX,78738,US,form_d,,,,,,,,
"RCE Technologies, Inc.",0001791860,0001791860-25-000001,"2292 FARADAY AVE. #19, None",CARLSBAD,CA,92008,US,form_d,,,,,,,,
Bench7 Inc.,0002062359,0002062359-25-000001,"929 PARKVIEW DRIVE, None",BISMARCK,ND,58501,US,form_d,,,,,,,,
"Aveta Biomics, Inc.",0001734691,0001734691-25-000001,"110 GREAT ROAD, SUITE 302, None",BEDFORD,MA,01730,US,form_d,,,,,,,,
"Capsulomics, Inc.",0001800623,0001800623-25-000002,"1450 S ROLLING ROAD, SUITE 3 013",HALETHORPE,MD,21227,US,form_d,,,,,,,,
Eonn Corp.,0002040413,0002040413-25-000002,"1019 S Heatherwilde Blvd, None",Pflugerville,TX,78660,US,form_d,,,,,,,,
Pharmesol Inc.,0001962684,0001962684-25-000001,"412 CEDAR CREST DRIVE, None",COPPELL,TX,75019,US,form_d,,,,,,,,
"Curevo, Inc.",0001903219,0001903219-25-000002,"18911 NORTH CREEK PKWY, SUITE 150, None",BOTHELL,WA,98011,US,form_d,,,,,,,,
"Durin Life Sciences, Inc.",0001797306,0001797306-25-000002,"2 MEDICAL CENTER DR #213A, None",STRATFORD,NJ,08084,US,form_d,,,,,,,,
"Aadi Bioscience, Inc.",0001422142,0002018445-25-000002,"2 HEADQUARTERS PLAZA, EAST BUILDING, 11TH FLOOR",MORRISTOWN,NJ,07960,US,form_d,,,,,,,,
"Orbit Genomics, Inc.",0002058369,0002058369-25-000001,"4665 NAUTILUS CT S, STE 300",BOULDER,CO,80301,US,form_d,,,,,,,,
Phantom Neuro Inc.,0001919709,0001919709-25-000004,"507 SOUTH PARK DRIVE, UNIT 1, None",AUSTIN,TX,78704,US,form_d,,,,,,,,
"NextEvo, Inc.",0002053885,0002053885-25-000003,"181 WASHINGTON STREET, SUITE 450",CONSHOHOCKEN,PA,19428,US,form_d,,,,,,,,
"RNAV8 BIO, INC.",0001960745,0001960745-25-000002,"29851 WEATHERWOOD, None",LAGUNA NIGUEL,CA,92677,US,form_d,,,,,,,,
NEUROLUTIONS INC,0001450737,0001450737-25-000003,"7033 HAYVENHURST AVE, None",VAN NUYS,CA,91406,US,form_d,,,,,,,,
"Magnus Medical, Inc.",0002057312,0002057312-25-000001,"1350 OLD BAYSHORE HWY, SUITE 600, None",BURLINGAME,CA,94010,US,form_d,,,,,,,,
Atomwise Inc.,0001736153,0001736153-25-000001,"250 Sutter St. Suite 650, None",SAN FRANCISCO,CA,94108,US,form_d,,,,,,,,
Syndex Bio Inc.,0002060901,0002060901-25-000001,"2632 WILSHIRE BOULEVARD, SUITE 83, None",SANTA MONICA,CA,90403,US,form_d,,,,,,,,
"Surgical Training Simulators, Inc.",0002059432,0002059432-25-000001,"257 EAGLE DRIVE, None",CHAPEL HILL,NC,27517,US,form_d,,,,,,,,
Chimeron Bio Corp,0001837360,0001879785-25-000013,"601 WALNUT STREET, SUITE 715, None",PHILADELPHIA,PA,19106,US,form_d,,,,,,,,
"Pacific Diabetes Technologies, Inc.",0001835476,0001835476-25-000001,"12172 SW GARDEN PL, None",PORTLAND,OR,97223,US,form_d,,,,,,,,
"VAIL SCIENTIFIC, INC.",0001871154,0001871154-25-000004,"7800 Metro Parkway, Suite 105, None",Bloomington,MN,55425,US,form_d,,,,,,,,
"Montara Therapeutics, Inc.",0002008775,0002008775-25-000001,"135 MISSISSIPPI STREET, None",SAN FRANCISCO,CA,94107,US,form_d,,,,,,,,
Circula-AI Inc,0002055042,0002055042-25-000001,"1199 SOUTH FEDERAL HWY, STE 291",BOCA RATON,FL,33432,US,form_d,,,,,,,,
"Antares Therapeutics, Inc.",0002059043,0002059043-25-000001,"ONE WINTHROP SQUARE, SUITE 400, None",BOSTON,MA,02110,US,form_d,,,,,,,,
"Vivace Therapeutics, Inc.",0001630575,0001630575-25-000001,"1510 Fashion Island Blvd., Suite 310, None",San Mateo,CA,94404,US,form_d,,,,,,,,
"Long Bridge Medical, Inc.",0001999360,0001999360-25-000001,"6000 SHORELINE CT, SUITE 206",SOUTH SAN FRANCISCO,CA,94080,US,form_d,,,,,,,,
"BobcatBio, Inc.",0001876657,0001876657-25-000001,"1214 RESEARCH BOULEVARD, SUITE 2010, None",HUMMELSTOWN,PA,17036,US,form_d,,,,,,,,
"Elastrin Therapeutics, Inc.",0001848350,0001848350-25-000001,"200C PATEWOOD DR., None",GREENVILLE,SC,29615,US,form_d,,,,,,,,
"Infinity Bio, Inc.",0001982572,0001982572-25-000001,"6200 SEAFORTH ST., None",BALTIMORE,MD,21224,US,form_d,,,,,,,,
"Lyora Therapeutics, Inc.",0002058969,0002058969-25-000001,"118 GODEN STREET, None",BELMONT,MA,02478,US,form_d,,,,,,,,
SENSEARLY INC.,0002059674,0002059674-25-000001,"2671 MARSHALL DRIVE, None",PALO ALTO,CA,94303,US,form_d,,,,,,,,
"UBIVAC, INC.",0001713945,0001713945-25-000001,"18183 S.W. BOONES FERRY ROAD, None",PORTLAND,OR,97224,US,form_d,,,,,,,,
"Episteme Prognostics, Inc.",0001902402,0001902402-25-000001,"760 Parkside Avenue, Suite 227C",Brooklyn,NY,11226,US,form_d,,,,,,,,
"Intrigue Health, Inc.",0002024431,0002024431-25-000004,"13532 RUSSET LEAF LN, None",SAN DIEGO,CA,92129,US,form_d,,,,,,,,
"GT Biopharma, Inc.",0000109657,0000109657-25-000002,"505 MONTGOMERY STREET, 10TH FLOOR",SAN FRANCISCO,CA,94111,US,form_d,,,,,,,,
"Claris Biotherapeutics, Inc.",0001809726,0001809726-25-000001,"299 PAVONIA AVENUE 3-8, None",JERSEY CITY,NJ,07302,US,form_d,,,,,,,,
"NRX Pharmaceuticals, Inc.",0001719406,0001437749-25-006621,"1201 ORANGE STREET, SUITE 600",WILMINGTON,DE,19801,US,form_d,,,,,,,,
"StimuSIL, Inc.",0001939123,0001939123-25-000002,"2810 Church Street, PMB 78535, None",WILMINGTON,DE,19802,US,form_d,,,,,,,,
"CND Life Sciences, Inc.",0001841099,0001841099-25-000001,"9165 E. DEL CAMINO DRIVE, SUITE 101",SCOTTSDALE,AZ,85258-4381,US,form_d,,,,,,,,
"Restora Medical, Inc.",0002008412,0002008412-25-000001,"3943 IRVINE BLVD, SUITE 667",IRVINE,CA,92602,US,form_d,,,,,,,,
"Native Cardio, Inc.",0001767312,0001767312-25-000001,"868 106TH AVENUE N, SUITE 8",NAPLES,FL,34108,US,form_d,,,,,,,,
"iOncologi, Inc.",0001750036,0001104659-25-020617,"2534 SW 115TH DRIVE, None",GAINSVILLE,FL,32608,US,form_d,,,,,,,,
"MAIA Biotechnology, Inc.",0001878313,0001493152-25-009051,"444 WEST LAKE STREET, SUITE 1700",CHICAGO,IL,60606,US,form_d,,,,,,,,
NanoMosaic Inc.,0001897840,0001897840-25-000001,"600 Winter St., None",Waltham,MA,02451,US,form_d,,,,,,,,
"MDC - Verte Fund, LLC",0001880432,0001880432-25-000001,"300 W PRATT ST, STE 200",BALTIMORE,MD,21201,US,form_d,,,,,,,,
"MB Holdings 2025, Inc.",0002058983,0002058983-25-000001,"5413 CRENSHAW ROAD, None",PASADENA,TX,77505,US,form_d,,,,,,,,
"Veronica Holdings, LLC",0002028496,0002028496-25-000001,"c/o SLR Capital Partners, 500 Park Avenue, 3rd Floor",NEW YORK,NY,10022,US,form_d,,,,,,,,
"SLAM BioTherapeutics, Inc.",0001983523,0002014118-25-000002,"3148 VERSAILLE CT., None",THOUSAND OAKS,CA,91362,US,form_d,,,,,,,,
Chimeron Bio Corp,0001837360,0001879785-25-000012,"601 WALNUT STREET, SUITE 715, None",PHILADELPHIA,PA,19106,US,form_d,,,,,,,,
"GNT Pharmaceuticals, Inc.",0002057459,0002057459-25-000001,"3711 QUAIL HOLLOW COURT, None",LOUISVILLE,KY,40241,US,form_d,,,,,,,,
"CoRegen, Inc.",0002012886,0002012886-25-000002,"600 E HOPKINS AVE, STE 304",ASPEN,CO,81611,US,form_d,,,,,,,,
"Aligos Therapeutics, Inc.",0001799448,0000950123-25-002925,"One Corporate Dr., 2nd Floor, None",South San Francisco,CA,94080,US,form_d,,,,,,,,
"Eikon Therapeutics, Inc.",0001861123,0001861123-25-000001,"3929 POINT EDEN WAY, None",HAYWARD,CA,94545,US,form_d,,,,,,,,
"CoRegen, Inc.",0002012886,0002012886-25-000001,"600 E HOPKINS AVE, STE 304",ASPEN,CO,81611,US,form_d,,,,,,,,
"Maxymune Therapeutics, Inc.",0002058052,0002058052-25-000003,"95 MAIN ST., SUITE 9",LOS ALTOS,CA,94022,US,form_d,,,,,,,,
KKR FlowMod Aggregator LLC,0002058374,0002058374-25-000001,"650 LIVE OAK AVENUE, SUITE 200, None",MENLO PARK,CA,94025,US,form_d,,,,,,,,
"20/20 GeneSystems, Inc.",0001139685,0001786236-25-000007,"15810 Gaither Road, Suite 235, None",Gaithersburg,MD,20877,US,form_d,,,,,,,,
"ADAPTIN BIO, INC.",0001938571,0001578563-25-000148,"3540 TORINGDON WAY, SUITE 200, #250",CHARLOTTE,NC,28277,US,form_d,,,,,,,,
"Bambusa Therapeutics, Inc.",0002044950,0002044950-25-000003,"ONE MARINA PARK DRIVE, SUITE 1410, None",BOSTON,MA,02210,US,form_d,,,,,,,,
"Vaxess Technologies, Inc.",0001578117,0001578117-25-000001,"359 ALLSTON ST, None",CAMBRIDGE,MA,02139,US,form_d,,,,,,,,
MASLOW HEALTH INC.,0002034038,0002034038-25-000001,"141 SOUTH RD, SUITE 104E",CHAPEL HILL,NC,27514,US,form_d,,,,,,,,
"ResBiotic Nutrition, Inc.",0001888891,0001888891-25-000001,"1500 1ST AVENUE NORTH, H102, None",BIRMINGHAM,AL,35205,US,form_d,,,,,,,,
"Iantrek, Inc.",0001829982,0001829982-25-000001,"151 EAST POST ROAD, SUITE 111",WHITE PLAINS,NY,10601,US,form_d,,,,,,,,
"Castle Creek Biosciences, Inc.",0001756702,0001756702-25-000001,"405 Eagleview Boulevard, None",Exton,PA,19341,US,form_d,,,,,,,,
"Grace Therapeutics, Inc.",0001444192,0001140361-25-005827,"103 Carnegie Center, Suite 300",Princeton,NJ,08540,US,form_d,,,,,,,,
Synlico Inc.,0001880583,0001880583-25-000001,"329 Oyster Point Blvd Fl 3, None",South San Francisco,CA,94080,US,form_d,,,,,,,,
"Newleos Therapeutics, Inc.",0002057800,0002057800-25-000001,"C/O NEWLEOS THERAPEUTICS, INC., 800 BOYLSTON STREET, SUITE 1715",BOSTON,MA,02199,US,form_d,,,,,,,,
"IVIEW Therapeutics, Inc.",0001848749,0001848749-25-000001,"5 Cedar Brook Drive, None",Cranbury,NJ,08512,US,form_d,,,,,,,,
Oncocyte Corp,0001642380,0001493152-25-007952,"15 CUSHING, None",IRVINE,CA,92618,US,form_d,,,,,,,,
Kestrel Therapeutics Inc.,0001853373,0001853373-25-000001,"Attn Pagliuca Harvard Life Lab, 127 Western Ave.",Boston,MA,02134,US,form_d,,,,,,,,
Akava Therapeutics Inc.,0001966649,0001966649-25-000001,"755 SHERIDAN ROAD, None",WINNETKA,IL,60093,US,form_d,,,,,,,,
"Quarry Thera, LLC",0002057402,0002057402-25-000001,"286 LIVINGSTON STREET, None",NEW HAVEN,CT,06511,US,form_d,,,,,,,,
"Areteia Therapeutics, Inc.",0001937542,0001937542-25-000001,"101 GLEN LENNOX DR., SUITE 300",CHAPEL HILL,NC,27517,US,form_d,,,,,,,,
"Flavocure Biotech, Inc.",0001960342,0001683168-25-001151,"701 E PRATT ST, STE 2033",BALTIMORE,MD,21202,US,form_d,,,,,,,,
"Mercury Bio, Inc.",0001952927,0001952927-25-000001,"3900 PASEO DEL SOL, None",SANTA FE,NM,87507,US,form_d,,,,,,,,
"Patensee, Inc.",0002057317,0000905729-25-000043,"407 EAST FORT STREET, SUITE 205",DETROIT,MI,48226,US,form_d,,,,,,,,
Kytopen Corp.,0001777277,0000929638-25-000827,"750 MAIN STREET, None",CAMBRIDGE,MA,02139-4018,US,form_d,,,,,,,,
Pairidex Inc.,0002056818,0002056818-25-000001,"4340 DUNCAN AVE., SUITE 213",ST. LOUIS,MO,63110,US,form_d,,,,,,,,
"Ibex Biosciences, Inc.",0001798553,0001798553-25-000002,"9610 Medical Center Drive, None",Rockville,MD,20850,US,form_d,,,,,,,,
"EnZeta Immunotherapies, Inc.",0001994145,0001994145-25-000001,"122 SEVILLA AVE # 1814, None",CORAL GABLES,FL,33134,US,form_d,,,,,,,,
"Matinas BioPharma Holdings, Inc.",0001582554,0001493152-25-007569,"1545 ROUTE 206 SOUTH, SUITE 302",BEDMINSTER,NJ,07921,US,form_d,,,,,,,,
"Biolog, Inc. /DE/",0001940250,0001940250-25-000001,"21124 CABOT BLVD., None",HAYWARD,CA,94545,US,form_d,,,,,,,,
"Abcuro, Inc.",0001692147,0001692147-25-000003,"55 CHAPEL ST SUITE 200, None",NEWTON,MA,02458,US,form_d,,,,,,,,
Adze Biotechnology Inc,0001787508,0001787508-25-000001,"2332 Galiano Street, 2nd Fl, None",Coral Gables,FL,33134,US,form_d,,,,,,,,
"Vitalis Therapeutics, Inc.",0002026886,0000929638-25-000820,"93 4TH AVENUE, #19, None",NEW YORK,NY,10003,US,form_d,,,,,,,,
Nanocan Therapeutics Corp,0001820532,0001820532-25-000003,"137 NATIONAL PLZ STE 300, None",NATIONAL HARBOR,MD,20745,US,form_d,,,,,,,,
Microbot Medical Inc.,0000883975,0001493152-25-007177,"288 GROVE STREET, SUITE 388",BRAINTREE,MA,02184,US,form_d,,,,,,,,
"Scorpius Holdings, Inc.",0001476963,0001079973-25-000286,"627 DAVIS DRIVE, SUITE 300",MORRISVILLE,NC,27560,US,form_d,,,,,,,,
"Insigna, Inc.",0001780356,0001780356-25-000001,"2109 S. Oak St, Suite 100A, None",CHAMPAIGN,IL,61820,US,form_d,,,,,,,,
"Vergent Bioscience, Inc.",0001741495,0001741495-25-000002,"5810 W 78TH ST, STE 222",MINNEAPOLIS,MN,55439,US,form_d,,,,,,,,
"Vergent Bioscience, Inc.",0001741495,0001741495-25-000001,"5810 W 78TH ST, STE 222",MINNEAPOLIS,MN,55439,US,form_d,,,,,,,,
Neuro-Innovators LLC,0001960774,0001960774-25-000002,"804 PERSIMMON RD., None",SEWICKLEY,PA,15143,US,form_d,,,,,,,,
"Cyclacel Pharmaceuticals, Inc.",0001130166,0001829126-25-001007,"200 CONNELL DRIVE, SUITE 1500, None",BERKELEY HEIGHTS,NJ,07922,US,form_d,,,,,,,,
"Cyclacel Pharmaceuticals, Inc.",0001130166,0001829126-25-001006,"200 CONNELL DRIVE, SUITE 1500, None",BERKELEY HEIGHTS,NJ,07922,US,form_d,,,,,,,,
"Tectonic Therapeutic, Inc.",0001681087,0001231919-25-000022,"490 ARSENAL WAY, SUITE 210",WATERTOWN,MA,02472,US,form_d,,,,,,,,
Phlow Corp.,0001832917,0001832917-25-000001,"424 HULL STREET, SUITE 400",RICHMOND,VA,23224,US,form_d,,,,,,,,
"Latigo Biotherapeutics, Inc.",0002056611,0002056611-25-000001,"1300 RANCHO CONEJO BLVD. SUITE 305, None",THOUSAND OAKS,CA,91320,US,form_d,,,,,,,,
CELESTIAL THERAPEUTICS INC.,0001804448,0001183740-25-000023,"4790 IRVINE BLVD., SUITE 105332, None",IRVINE,CA,92620,US,form_d,,,,,,,,
"Sensorium Therapeutics, Inc.",0001874823,0001874823-25-000001,"40 GUEST STREET, None",BOSTON,MA,02136,US,form_d,,,,,,,,
"ELIXIRGEN THERAPEUTICS, INC.",0001744333,0001744333-25-000001,"855 N. WOLFE ST., SUITE 624",BALTIMORE,MD,21205,US,form_d,,,,,,,,
"60 DEGREES PHARMACEUTICALS, INC.",0001946563,0001946563-25-000002,"1025 CONNECTICUT AVENUE NW, SUITE 1000",WASHINGTON,DC,20036,US,form_d,,,,,,,,
"Scorpius Holdings, Inc.",0001476963,0001079973-25-000195,"627 DAVIS DRIVE, SUITE 300",MORRISVILLE,NC,27560,US,form_d,,,,,,,,
"60 DEGREES PHARMACEUTICALS, INC.",0001946563,0001946563-25-000001,"1025 CONNECTICUT AVENUE NW, SUITE 1000",WASHINGTON,DC,20036,US,form_d,,,,,,,,
"AXIAL THERAPEUTICS, INC.",0001691625,0001691625-25-000001,"400 TRADECENTER DRIVE, SUITE 6990, None",WOBURN,MA,01801,US,form_d,,,,,,,,
"NovAb, Inc.",0001685163,0001685163-25-000001,"1860 MONTREAL ROAD, None",TUCKER,GA,30084,US,form_d,,,,,,,,
DepYmed Inc.,0001851177,0001104659-25-011368,"3 BIOSCIENCE PARK DRIVE, None",FARMINGDALE,NY,11735,US,form_d,,,,,,,,
RetinalGenix Technologies Inc.,0001836295,0001493152-25-005840,"409 APOLLO BEACH BLVD, SUITE 6",APOLLO BEACH,FL,33572-2281,US,form_d,,,,,,,,
Renthera Corp,0002055270,0002055270-25-000001,"800 BRAZOS ST., SUITE 703",AUSTIN,TX,78701,US,form_d,,,,,,,,
"Biomakers, Inc.",0002010983,0002010983-25-000001,"One Post Office Square, Fl 21",Boston,MA,02109,US,form_d,,,,,,,,
"Lomond Therapeutics Holdings, Inc.",0001900520,0001213900-25-011898,"8 THE GREEN, SUITE 8490, None",DOVER,DE,19901,US,form_d,,,,,,,,
"Sea Pharmaceuticals, LLC",0001667677,0001667677-25-000001,"14 GRAY STREET, None",CAMBRIDGE,MA,02138,US,form_d,,,,,,,,
"Resolute Science, Inc.",0002023638,0002023638-25-000001,"3210 Merryfield Row, None",San Diego,CA,92121,US,form_d,,,,,,,,
Lapix Therapeutics Inc.,0001947620,0001947620-25-000001,"75 KNEELAND STREET, 14TH FLOOR",BOSTON,MA,02111,US,form_d,,,,,,,,
"Allay Therapeutics, Inc.",0001766366,0001766366-25-000001,"2720 ZANKER ROAD, None",SAN JOSE,CA,95134,US,form_d,,,,,,,,
"ALZHEON, INC.",0001582636,0001582636-25-000002,"111 SPEEN STREET, SUITE 306",FRAMINGHAM,MA,01701,US,form_d,,,,,,,,
"Seneca Therapeutics, Inc.",0001778151,0001778151-25-000001,"202 ST. ANDREWS COURT, None",BLUE BELL,PA,19422,US,form_d,,,,,,,,
"Aer Therapeutics, Inc.",0001959576,0001998609-25-000004,"400 W NORTH STREET, SUITE 112",RALEIGH,NC,27603,US,form_d,,,,,,,,
"Second Heart Assist, Inc.",0001723176,0001723176-25-000002,"370 S 300 E., None",SALT LAKE CITY,UT,84111,US,form_d,,,,,,,,
"Second Heart Assist, Inc.",0001723176,0001723176-25-000003,"370 S 300 E., None",SALT LAKE CITY,UT,84111,US,form_d,,,,,,,,
"Second Heart Assist, Inc.",0001723176,0001723176-25-000001,"340 E 400 S, Suite 225",SALT LAKE CITY,UT,84111,US,form_d,,,,,,,,
"BIOPOLY, LLC",0001465704,0001465704-25-000001,"7136 GETTYSBURG PIKE, None",FORT WAYNE,IN,46804,US,form_d,,,,,,,,
Nanopath Inc,0001940981,0002054472-25-000002,"750 MAIN STREET, None",CAMBRIDGE,MA,02139,US,form_d,,,,,,,,
"BTB Therapeutics, Inc.",0002055053,0002055053-25-000001,"26281 WYNDEMERE COURT, None",ESCONDIDO,CA,92026,US,form_d,,,,,,,,
"ChromaCode, Inc.",0001704675,0001704675-25-000002,"2292 FARADAY AVENUE, SUITE 110, None",CARLSBAD,CA,92008,US,form_d,,,,,,,,
"Rakuten Medical, Inc.",0001595215,0001595215-25-000001,"11080 Roselle Street, None",San Diego,CA,92121,US,form_d,,,,,,,,
Carna Inc.,0002055006,0002055006-25-000001,"200 NEWBURY STREET, SUITE 401",BOSTON,MA,02116,US,form_d,,,,,,,,
"GelMEDIX, Inc.",0001815624,0001815624-25-000001,"238 Main Street, Fifth Floor, None",Cambridge,MA,02142,US,form_d,,,,,,,,
"Pleural Dynamics, Inc.",0001812981,0001437749-25-002677,"952 Medina Road, None",Wayzata,MN,55391,US,form_d,,,,,,,,
NanoPharmaceuticals LLC,0001594078,0001594078-25-000001,"185 Jordan Road, Suite 4",Troy,NY,12180,US,form_d,,,,,,,,
"Toby, Inc.",0002053723,0002053723-25-000001,"1207 DELAWARE AVE, None",WILMINGTON,DE,19806,US,form_d,,,,,,,,
"Nuclein, LLC",0001787352,0001787352-25-000001,"8305 Cross Park Dr, None",AUSTIN,TX,78754,US,form_d,,,,,,,,
"Cupron Performance Additives, Inc.",0002054678,0001878646-25-000003,"4329 NOVEMBER AVENUE, None",RICHMOND,VA,23231,US,form_d,,,,,,,,
Oral Genome Corp.,0001892288,0001892288-25-000002,"7720 RANCHO SANTA FE RD., SUITE 225, None",CARLSBAD,CA,92009,US,form_d,,,,,,,,
"Cresilon, Inc.",0001728054,0001728054-25-000001,"122 18TH STREET, None",BROOKLYN,NY,11215,US,form_d,,,,,,,,
"Inceptor Bio, LLC",0001811553,0001811553-25-000001,"2450 PERIMETER PARK DR., SUITE 200",MORRISVILLE,NC,27560,US,form_d,,,,,,,,
"TYBR Health, Inc.",0001835188,0001835188-25-000002,"2450 HOLCOMBE BLVD., None",HOUSTON,TX,77021,US,form_d,,,,,,,,
"MH3D, Inc.",0002054406,0002054406-25-000001,"3050 UNION LAKE ROAD, #8F-178",COMMERCE TOWNSHIP,MI,48382,US,form_d,,,,,,,,
Endless Corp,0002043905,0002043905-25-000002,"3810 SOUTH ELWOOD AVE, None",TULSA,OK,74107,US,form_d,,,,,,,,
"BioPhoundry, Inc.",0002050545,0002050545-25-000001,"1521 E FRANKLIN ST, C212",CHAPEL HILL,NC,27514,US,form_d,,,,,,,,
"NextEvo, Inc.",0002053885,0002053885-25-000002,"181 WASHINGTON STREET, SUITE 450",CONSHOHOCKEN,PA,19428,US,form_d,,,,,,,,
Phio Pharmaceuticals Corp.,0001533040,0001123292-25-000031,"11 APEX DRIVE, SUITE 300A, PMB 2006",MARLBOROUGH,MA,01752,US,form_d,,,,,,,,
Phio Pharmaceuticals Corp.,0001533040,0001123292-25-000029,"11 APEX DRIVE, SUITE 300A, PMB 2006",MARLBOROUGH,MA,01752,US,form_d,,,,,,,,
"Kairos Pharma, LTD.",0001962011,0001493152-25-003984,"2355 WESTWOOD BLVD., #139, None",LOS ANGELES,CA,90064,US,form_d,,,,,,,,
Phio Pharmaceuticals Corp.,0001533040,0001123292-25-000027,"11 APEX DRIVE, SUITE 300A, PMB 2006",MARLBOROUGH,MA,01752,US,form_d,,,,,,,,
"Outlook Therapeutics, Inc.",0001649989,0001231919-25-000018,"111 S. WOOD AVENUE, UNIT #100",ISELIN,NJ,08830,US,form_d,,,,,,,,
"SYNTIS BIO, INC.",0001943061,0001943061-25-000001,"135 Morrissey Boulevard, Suite 101A",Boston,MA,02125,US,form_d,,,,,,,,
"Syenex, Inc.",0001935303,0001935303-25-000001,"1801 Maple Ave, Suite 6210, None",Evanston,IL,60201,US,form_d,,,,,,,,
"Precision Genetics, Inc.",0002051396,0002051396-25-000001,"430 ROPER MOUNTAIN ROAD, SUITE B",GREENVILLE,SC,29615,US,form_d,,,,,,,,
Gliknik Inc,0001411569,0001411569-25-000001,"801 WEST BALTIMORE STREET, SUITE 501A",BALTIMORE,MD,21201,US,form_d,,,,,,,,
"Tune Therapeutics, Inc.",0002053139,0002053139-25-000001,"1930 Boren Avenue, Floor 5, None",SEATTLE,WA,98101,US,form_d,,,,,,,,
Pi Health Inc.,0002015543,0002015543-25-000001,"55 CAMBRIDGE PARKWAY, SUITE 700",CAMBRIDGE,MA,02142,US,form_d,,,,,,,,
"ZETAGEN THERAPEUTICS, INC.",0001730728,0001730728-25-000001,"841 EAST FAYETTE STREET, None",SYRACUSE,NY,13210,US,form_d,,,,,,,,
CELESTIAL THERAPEUTICS INC.,0001804448,0001183740-25-000017,"4790 IRVINE BLVD., SUITE 105332, None",IRVINE,CA,92620,US,form_d,,,,,,,,
"Indaptus Therapeutics, Inc.",0001857044,0001493152-25-003248,"3 COLUMBUS CIRCLE, 15TH FLOOR",NEW YORK,NY,10019,US,form_d,,,,,,,,
Microbot Medical Inc.,0000883975,0001493152-25-003227,"288 GROVE STREET, SUITE 388",BRAINTREE,MA,02184,US,form_d,,,,,,,,
Microbot Medical Inc.,0000883975,0001493152-25-003224,"288 GROVE STREET, SUITE 388",BRAINTREE,MA,02184,US,form_d,,,,,,,,
OS Therapies Inc,0001795091,0001795091-25-000004,"115 Pullman Crossing Road, Suite #103",Grasonville,MD,21638,US,form_d,,,,,,,,
Valid Inc.,0002052714,0002052714-25-000001,"8 SPRINGHILL ROAD, None",WAYLAND,MA,01778,US,form_d,,,,,,,,
"Immunovant, Inc.",0001764013,0001231919-25-000012,"320 WEST 37TH STREET, None",NEW YORK,NY,10018,US,form_d,,,,,,,,
GreenMark Biomedical Inc.,0001741718,0001741718-25-000002,"325 E. GRAND RIVER AVENUE, SUITE 314",EAST LANSING,MI,48823-4375,US,form_d,,,,,,,,
"Acurx Pharmaceuticals, Inc.",0001736243,0001736243-25-000001,"259 LIBERTY AVENUE, None",STATEN ISLAND,NY,10305,US,form_d,,,,,,,,
"Rivus Pharmaceuticals, Inc.",0001773293,0001773293-25-000002,"501 LOCUST AVENUE, SUITE 301, None",CHARLOTTESVILLE,VA,22902,US,form_d,,,,,,,,
"Gulf Sterilization, Inc.",0002049625,0002049625-25-000001,"4345 HALLS MILL ROAD SUITE A, None",MOBILE,AL,36693,US,form_d,,,,,,,,
"Hinge Bio, Inc.",0001804959,0001804959-25-000001,"863 MITTEN ROAD, SUITE 100L, None",BURLINGAME,CA,94010,US,form_d,,,,,,,,
"ImmunoGenesis, Inc.",0002018057,0002018057-25-000001,"263 North Main St., Apt 417, None",Doylestown,PA,18901,US,form_d,,,,,,,,
Balanced Pharma Inc,0001838860,0001838860-25-000001,"18204 MAINSAIL POINTE, None",CORNELIUS,NC,28031,US,form_d,,,,,,,,
"Larmor Biosystems, Inc.",0002051755,0002051755-25-000001,"65 ENTERPRISE, None",ALISO VIEJO,CA,92656,US,form_d,,,,,,,,
"Normunity Holding Company, LLC",0001904252,0001904252-25-000001,"One Beacon Street, 15th Floor",Boston,MA,02108,US,form_d,,,,,,,,
DILON TECHNOLOGIES INC,0001047810,0001047810-25-000001,"12050 JEFFERSON AVENUE, None",NEWPORT NEWS,VA,23606,US,form_d,,,,,,,,
Concord Medical Technology Corp,0001963808,0001963808-25-000002,"4200 James Ray Drive, None",GRAND FORKS,ND,58202,US,form_d,,,,,,,,
"Galera Therapeutics, Inc.",0001563577,0000950123-25-000263,"45 Liberty Boulevard, Suite 230",MALVERN,PA,19355,US,form_d,,,,,,,,
Cambrian BioPharma Inc,0001797409,0000897069-25-000101,"228 PARK AVENUE S., #66643",NEW YORK,NY,10003,US,form_d,,,,,,,,
"Galera Therapeutics, Inc.",0001563577,0000950123-25-000248,"45 Liberty Boulevard, SUITE 230",MALVERN,PA,19355,US,form_d,,,,,,,,
Lifeward Ltd.,0001607962,0002051406-25-000001,"200 DONALD LYNCH BLVD., None",MARLBOROUGH,MA,01752,US,form_d,,,,,,,,
"Aviceda Therapeutics, Inc.",0001824762,0001824762-25-000001,"ONE BROADWAY, 14TH FLOOR, None",CAMBRIDGE,MA,02142,US,form_d,,,,,,,,
"Cytex Therapeutics, Inc.",0001943908,0001943908-25-000001,"2609 N. DUKE STREET, SUITE 303A",DURHAM,NC,27704,US,form_d,,,,,,,,
"Peytant Solutions, Inc.",0001652372,0001437749-25-000805,"3650 Annapolis Lane, #180",Plymouth,MN,55447,US,form_d,,,,,,,,
"DermOQ, Inc.",0002010025,0002010025-25-000001,"14930 VENTURA BLVD, STE 325, None",SHERMAN OAKS,CA,91403,US,form_d,,,,,,,,
"Luminary Therapeutics, Inc.",0001793860,0001437749-25-000739,"1200 Washington Avenue South, Suite 260",Minneapolis,MN,55415,US,form_d,,,,,,,,
"Luminary Therapeutics, Inc.",0001793860,0001437749-25-000736,"1200 Washington Avenue South, Suite 260",Minneapolis,MN,55415,US,form_d,,,,,,,,
"Heligenics, Inc.",0001833506,0001833506-25-000003,"10530 DISCOVERY DR, None",LAS VEGAS,NV,89135,US,form_d,,,,,,,,
"Bambusa Therapeutics, Inc.",0002044950,0002044950-25-000002,"ONE MARINA PARK DRIVE, SUITE 1410, None",BOSTON,MA,02210,US,form_d,,,,,,,,
"Bambusa Therapeutics, Inc.",0002044950,0002044950-25-000001,"ONE MARINA PARK DRIVE, SUITE 1410, None",BOSTON,MA,02210,US,form_d,,,,,,,,
LIPELLA PHARMACEUTICALS INC.,0001347242,0001753926-25-000060,"7800 SUSQUEHANNA ST., SUITE 505",PITTSBURGH,PA,15208,US,form_d,,,,,,,,
Orcosa Inc.,0001852165,0000950157-25-000050,"7 Graphics Drive, None",Ewing,NJ,08628,US,form_d,,,,,,,,
Orcosa Inc.,0001852165,0000950157-25-000049,"7 Graphics Drive, None",Ewing,NJ,08628,US,form_d,,,,,,,,
"NewLimit, Inc.",0001977037,0001977037-25-000001,"901 GATEWAY BOULEVARD, None",SOUTH SAN FRANCISCO,CA,94080,US,form_d,,,,,,,,
Phio Pharmaceuticals Corp.,0001533040,0001123292-25-000005,"11 Apex Drive, Suite 300A, PMB 2006",Marlborough,MA,01752,US,form_d,,,,,,,,
Land Medicine Inc.,0002051104,0002051104-25-000001,"21 PIER 7, None",CHARLESTOWN,MA,02129,US,form_d,,,,,,,,
"Rila Therapeutics, Inc.",0002051051,0002051051-25-000001,"280 UTAH AVENUE, SUITE 250",SOUTH SAN FRANCISCO,CA,94080,US,form_d,,,,,,,,
"Epicore Biosystems, Inc.",0001755876,0001755876-25-000001,"810 Memorial Drive, SUITE 100",CAMBRIDGE,MA,02139,US,form_d,,,,,,,,
"SimBioSys, Inc.",0001759213,0001759213-25-000003,"320 N. SANGAMON STREET, 7TH FLOOR, None",CHICAGO,IL,60607,US,form_d,,,,,,,,
Endless Corp,0002043905,0002043905-25-000001,"3810 SOUTH ELWOOD AVE, None",TULSA,OK,74107,US,form_d,,,,,,,,
Phio Pharmaceuticals Corp.,0001533040,0001123292-25-000003,"257 Simarano Drive, Suite 101",Marlborough,MA,01752,US,form_d,,,,,,,,
"RAPT Therapeutics, Inc.",0001673772,0001673772-25-000001,"561 ECCLES AVENUE, None",SOUTH SAN FRANCISCO,CA,94080,US,form_d,,,,,,,,
"ALZHEON, INC.",0001582636,0001582636-25-000001,"111 SPEEN STREET, SUITE 306",FRAMINGHAM,MA,01701,US,form_d,,,,,,,,
"Nuclein, LLC",0001787352,0001787352-25-000002,"8305 Cross Park Dr, None",AUSTIN,TX,78754,US,form_d,,,,,,,,
"Savanna Biotherapeutics, Inc.",0001873404,0001873404-25-000002,"C/O UNIVERSITY LAB PARTNERS, CURIE HALL, 1 UNIVERSITY DRIVE",ALISO VIEJO,CA,92656,US,form_d,,,,,,,,
"Acurx Pharmaceuticals, Inc.",0001736243,0001104659-25-063623,"259 LIBERTY AVENUE, None",STATEN ISLAND,NY,10305,US,form_d,,,,,,,,
"Shuttle Pharmaceuticals Holdings, Inc.",0001757499,0001641172-25-016626,"401 PROFESSIONAL DRIVE, SUITE 260, None",GAITHERSBURG,MD,20879,US,form_d,,,,,,,,
"iXpressGenes, Inc.",0002074283,0002074283-25-000001,"601 GENOME WAY NORTHWEST, None",HUNTSVILLE,AL,35806,US,form_d,,,,,,,,
"Dash Bio, Inc.",0002041370,0002041370-25-000002,"56 BROAD STREET, STE 14011",BOSTON,MA,02109,US,form_d,,,,,,,,
"BiomEdit, Inc.",0002069482,0002069482-25-000001,"10100 LANTERN ROAD, SUITE 150, None",FISHERS,IN,46037,US,form_d,,,,,,,,
"Corvia Medical, Inc.",0001464449,0001464449-25-000003,"1 Highwood Drive, Suite 300, None",Tewksbury,MA,01876,US,form_d,,,,,,,,
"PridCor Therapeutics, LLC",0002074593,0002074593-25-000001,"1837 COMMONS NORTH DRIVE, None",TUSCALOOSA,AL,35406,US,form_d,,,,,,,,
"RLL, LLC",0001755433,0001755433-25-000001,"11801 BERANS ROAD, None",LUTHERVILLE,MD,21093,US,form_d,,,,,,,,
"AxoSim, Inc.",0001769360,0001769360-25-000001,"1441 CANAL STREET STE 205, None",NEW ORLEANS,LA,70112,US,form_d,,,,,,,,
Precision Sensing SPC,0002015621,0001096906-25-001016,"700 ELM ST, None",EDMONDS,WA,98020,US,form_d,,,,,,,,
"Arthrosi Therapeutics, Inc.",0001741062,0001741062-25-000002,"23052 ALCALDE DRIVE, SUITE A, None",LAGUNA HILLS,CA,92653,US,form_d,,,,,,,,
"EtiraRX, Inc.",0001996442,0001996442-25-000002,"3060 Pegasus Park Drive, Building B",DALLAS,TX,75247,US,form_d,,,,,,,,
Fleming Holding LLC,0002074285,0001213900-25-056753,"228 E 45TH STREET, RM 9E",NEW YORK,NY,10017,US,form_d,,,,,,,,
"Synaptogenix, Inc.",0001571934,0001104659-25-061665,"1185 AVENUE OF THE AMERICAS, 3RD FLOOR",NEW YORK,NY,10036,US,form_d,,,,,,,,
Bodark Investment Group LP,0002073396,0002073396-25-000002,"6601 HILLCREST AVENUE, #E-373",DALLAS,TX,75205,US,form_d,,,,,,,,
"Pneuma Respiratory, Inc.",0001701794,0000935836-25-000431,"870 STATE FARM ROAD, SUITE 103-B, None",BOONE,NC,28607,US,form_d,,,,,,,,
CELESTIAL THERAPEUTICS INC.,0001804448,0001062993-25-012008,"4790 IRVINE BLVD., SUITE 105332, None",IRVINE,CA,92620,US,form_d,,,,,,,,
"Indaptus Therapeutics, Inc.",0001857044,0001641172-25-015841,"3 COLUMBUS CIRCLE, None",NEW YORK,NY,10019,US,form_d,,,,,,,,
"Simcha Therapeutics Holding Company, LLC",0001746685,0001746685-25-000002,"157 Church Street, 19th Floor",NEW HAVEN,CT,06510,US,form_d,,,,,,,,
GOLDEN SUNRISE NUTRACEUTICAL INC,0001705521,0001214659-25-009397,"219 NORTH E STREET, None",PORTERVILLE,CA,93257,US,form_d,,,,,,,,
"GeneCentric Therapeutics, Inc.",0001529224,0001529224-25-000001,"100 CAPITOLA DRIVE, SUITE 275",DURHAM,NC,27713,US,form_d,,,,,,,,
Lumina Pharmaceuticals Inc.,0002069952,0002069952-25-000001,"1 HUNTINGTON AVE. #1802, None",BOSTON,MA,02116,US,form_d,,,,,,,,
"Inomagen Therapeutics, Inc.",0001626370,0001626370-25-000002,"1375 W Fulton Street, Ste 650",CHICAGO,IL,60607,US,form_d,,,,,,,,
Koyo Sciences Inc.,0002073451,0002073451-25-000001,"146 WINTHROP ROAD, None",BROOKLINE,MA,02445,US,form_d,,,,,,,,
"Oro Muscles, Inc.",0002072571,0002072571-25-000001,"2412 Irwin Street, None",Melbourne,FL,32901,US,form_d,,,,,,,,
"EPOCH Epigenetics, Inc.",0002068186,0001231919-25-000075,"4 N. MARTIN LUTHER KING JR. BLVD., FLOOR 3",BALTIMORE,MD,21201,US,form_d,,,,,,,,
"AltrixBio, Inc.",0002040517,0001080368-25-000014,"110 Canal Street, 4th Floor",Lowell,MA,01852,US,form_d,,,,,,,,
"AltrixBio, Inc.",0002040517,0001080368-25-000013,"CORPORATION TRUST CENTER 1209 ORANGE ST, None",WILMINGTON,DE,19801,US,form_d,,,,,,,,
"AltrixBio, Inc.",0002040517,0001080368-25-000012,"110 Canal Street, 4th Floor",Lowell,MA,01852,US,form_d,,,,,,,,
"Maxona Pharmaceuticals, Inc.",0001857448,0001857448-25-000002,"101 Lindenwood Drive, Suite 225",Malvern,PA,19355,US,form_d,,,,,,,,
Conexeu Sciences Inc.,0002066836,0002060755-25-000021,"50 WEST LIBERTY STREET, SUITE 880, None",RENO,NV,89501,US,form_d,,,,,,,,
Enquyst Technologies Inc.,0002071109,0002071109-25-000001,"600 SUFFOLK STREET, 2ND FLOOR, None",LOWELL,MA,01854,US,form_d,,,,,,,,
"Fisher Wallace Laboratories, Inc.",0001787792,0001787792-25-000005,"630 FLUSHING AVENUE, BOX 104, None",BROOKLYN,NY,11206,US,form_d,,,,,,,,
"TuHURA Biosciences, Inc./NV",0001498382,0000950123-25-006026,"10500 University Dr., Suite 110, None",Tampa,FL,33612,US,form_d,,,,,,,,
"BioCurie, Inc.",0002072544,0002072544-25-000001,"112 SOUTH FRENCH STREET, None",WILMINGTON,DE,19801,US,form_d,,,,,,,,
Neuralink Corp.,0001708503,0001708503-25-000003,"7400 PASEO PADRE PARKWAY, None",FREMONT,CA,94555,US,form_d,,,,,,,,
TARGEPEUTICS INC,0001118679,0001118679-25-000004,"1214 RESEARCH BLVD., SUITE 1011",HUMMELSTOWN,PA,17036,US,form_d,,,,,,,,
"GRADALIS, INC.",0001457915,0001457915-25-000003,"2545 Golden Bear Drive, Suite 110",Carrollton,TX,75006,US,form_d,,,,,,,,
Modulate Bio Inc.,0002026915,0002026915-25-000001,"PAGLIUCA HARVARD LIFE LAB, 127 WESTERN AVE",ALLSTON,MA,02134,US,form_d,,,,,,,,
Aevumed Inc.,0002065988,0002065988-25-000004,"109 GREAT VALLEY PARKWAY, None",MALVERN,PA,19355,US,form_d,,,,,,,,
Aevumed Inc.,0002065988,0002065988-25-000003,"109 GREAT VALLEY PARKWAY, None",MALVERN,PA,19355,US,form_d,,,,,,,,
Aevumed Inc.,0002065988,0002065988-25-000002,"109 GREAT VALLEY PARKWAY, None",MALVERN,PA,19355,US,form_d,,,,,,,,
Aevumed Inc.,0002065988,0002065988-25-000001,"109 GREAT VALLEY PARKWAY, None",MALVERN,PA,19355,US,form_d,,,,,,,,
"OneSkin, Inc.",0001703427,0001703427-25-000001,"953 INDIANA STREET, None",SAN FRANCISCO,CA,94107,US,form_d,,,,,,,,
"MAIA Biotechnology, Inc.",0001878313,0001641172-25-014710,"444 WEST LAKE STREET, SUITE 1700",CHICAGO,IL,60606,US,form_d,,,,,,,,
"Vitro Biopharma, Inc.",0000793171,0001641172-25-014683,"4621 TECHNOLOGY DR., None",GOLDEN,CO,80403,US,form_d,,,,,,,,
"Pharmazz, Inc.",0001729963,0001729963-25-000002,"50 W 75TH ST, STE 105",WILLOWBROOK,IL,60527,US,form_d,,,,,,,,
Etheros Pharmaceuticals Corp.,0002005132,0001999371-25-007554,"111 10TH AVE S, STE 110",NASHVILLE,TN,37203,US,form_d,,,,,,,,
Origin Endoscopy Inc.,0002039132,0002039132-25-000001,"9800 PYRAMID CT, SUITE 400",ENGLEWOOD,CO,80112,US,form_d,,,,,,,,
Duo Oncology Inc.,0001843372,0001843372-25-000002,"4165 BLAIR ST, None",PITTSBURGH,PA,15207,US,form_d,,,,,,,,
FEMASYS INC,0001339005,0000945621-25-000546,"3950 JOHNS CREEK COURT, SUITE 100",SUWANEE,GA,30024,US,form_d,,,,,,,,
"IVIEW Therapeutics, Inc.",0001848749,0001848749-25-000003,"5 Cedar Brook Drive, None",Cranbury,NJ,08512,US,form_d,,,,,,,,
Valorem Biotech LLC,0002071840,0002071840-25-000001,"3616 PAWNEE PASS S., None",AUSTIN,TX,78738,US,form_d,,,,,,,,
X-Tension Inc,0002068909,0002068909-25-000001,"100 POPULATIC STREET, None",FRANKLIN,MA,02038,US,form_d,,,,,,,,
Cristcot LLC,0001715931,0001715931-25-000002,"9 DAMONMILL SQUARE, SUITE 4A",CONCORD,MA,01742,US,form_d,,,,,,,,
"Iyuda Therapeutics, Inc.",0001993594,0000905148-25-002036,"3217 Hunting Tweed Drive, None",Owings Mills,MD,21117,US,form_d,,,,,,,,
"Oric Pharmaceuticals, Inc.",0001796280,0001796280-25-000001,"240 E. GRAND AVE., 2ND FLOOR",SOUTH SAN FRANCISCO,CA,94080,US,form_d,,,,,,,,
"ViroMissile, Inc.",0001974798,0001974798-25-000003,"505 COAST BLVD SOUTH, SUITE 208, None",LA JOLLA,CA,92037,US,form_d,,,,,,,,
"Gateway Biotechnology, Inc.",0002071358,0002071358-25-000001,"3805 STONEY BROOK DRIVE, None",DURHAM,NC,27705,US,form_d,,,,,,,,
"ClearNote Health, Inc.",0001865556,0001865556-25-000001,"10578 SCIENCE CENTER DRIVE, SUITE 210",SAN DIEGO,CA,92121,US,form_d,,,,,,,,
"Rapalogix Health, Inc.",0002008372,0002008372-25-000002,"228 PARK AVE S., SUITE 66643",NEW YORK,NY,10003,US,form_d,,,,,,,,
"ASCENDIA PHARMACEUTICALS, INC.",0001855888,0001855888-25-000001,"661 US HIGHWAY ONE, UNIT B",NEW BRUNSWICK,NJ,08902,US,form_d,,,,,,,,
"Continuity Biosciences, LLC",0002029079,0002029079-25-000001,"8476 LINDRICK LANE, None",BRADENTON,FL,34202,US,form_d,,,,,,,,
"Porosome Therapeutics, Inc.",0001934919,0001376474-25-000506,"ONE BOSTON PLACE, STE 2631, None",BOSTON,MA,02108,US,form_d,,,,,,,,
"TUNDRA TARGETED THERAPEUTICS, INC.",0002070659,0000892712-25-000073,"503 S PROSPECT AVE, None",MADISON,WI,53711,US,form_d,,,,,,,,
Betaliq Inc,0001772435,0001772435-25-000003,"905 E Martin Luther King Jr. Drive, Suite 240",Tarpon Springs,FL,34689,US,form_d,,,,,,,,
"Immunomic Therapeutics, Inc.",0001543256,0001543256-25-000002,"ATTN: Erin Duffy, 15010 BROSCHART RD., SUITE 250",ROCKVILLE,MD,20850,US,form_d,,,,,,,,
"OncoNano Medicine, Inc.",0001735726,0001735726-25-000005,"3060 Pegasus Park Drive, None",Dallas,TX,75247,US,form_d,,,,,,,,
"Vascular Perfusion Solutions, Inc.",0001779735,0001288320-25-000004,"8647 WURZBACH ROAD, SUITE J-200, None",SAN ANTONIO,TX,78240,US,form_d,,,,,,,,
VOLITIONRX LTD,0000093314,0001477932-25-004273,"1489 West Warm Springs Road, Suite 110",Henderson,NV,89014,US,form_d,,,,,,,,
"Macrotope, Inc.",0001913044,0001913044-25-000002,"158 SPRINGDALE ROAD, None",PRINCETON,NJ,08540,US,form_d,,,,,,,,
"C2N Diagnostics, LLC",0002021597,0002021597-25-000002,"4340 DUNCAN AVENUE, None",ST. LOUIS,MO,63110,US,form_d,,,,,,,,
Pagari Life Science Corp.,0001993125,0001993125-25-000002,"333 WEST BETHALTO DRIVE, None",BETHALTA,IL,62010,US,form_d,,,,,,,,
"Jaguar Health, Inc.",0001585608,0000950123-25-005905,"200 Pine St., Ste 400, None",San Francisco,CA,94104,US,form_d,,,,,,,,
"Imunon, Inc.",0000749647,0001641172-25-012694,"997 LENOX DRIVE, SUITE 100",LAWRENCEVILLE,NJ,08648-2311,US,form_d,,,,,,,,
"GT Biopharma, Inc.",0000109657,0001641172-25-012695,"505 MONTGOMERY STREET, 10TH FLOOR",SAN FRANCISCO,CA,94111,US,form_d,,,,,,,,
Liquet Medical Inc.,0001887812,0001887812-25-000003,"5619 COUNTRY HILLS LANE, None",GLEN ALLEN,VA,23059,US,form_d,,,,,,,,
Liquet Medical Inc.,0001887812,0001887812-25-000002,"5619 COUNTRY HILLS LANE, None",GLEN ALLEN,VA,23059,US,form_d,,,,,,,,
"GT Biopharma, Inc.",0000109657,0001641172-25-012480,"505 MONTGOMERY STREET, 10TH FLOOR",SAN FRANCISCO,CA,94111,US,form_d,,,,,,,,
"Hoofprint Biome, Inc.",0001977463,0001977463-25-000003,"840 OVAL DRIVE, None",RALEIGH,NC,27606,US,form_d,,,,,,,,
"Intus Biosciences, LLC",0001664615,0001664615-25-000003,"400 FARMINGTON AVENUE, None",FARMINGTON,CT,06032,US,form_d,,,,,,,,
"Branch Therapeutics, Inc.",0002067625,0002067625-25-000001,"2450 HOLCOMBE BLVD, TMCI PARTNERS OFFICE 1.319",HOUSTON,TX,77021,US,form_d,,,,,,,,
Circula-AI Inc,0002055042,0002055042-25-000002,"1199 SOUTH FEDERAL HWY, STE 291",BOCA RATON,FL,33432,US,form_d,,,,,,,,
"iOncologi, Inc.",0001750036,0001750036-25-000002,"2534 SW 115th Drive, None",GAINESVILLE,FL,32608,US,form_d,,,,,,,,
"Reprogram Biosciences, Inc.",0002069701,0002069701-25-000001,"28 Geary St, Suite 625 #5028",San Francisco,CA,94108,US,form_d,,,,,,,,
"COURAGE THERAPEUTICS, INC.",0002069873,0002069873-25-000001,"64 HOMER STREET, None",NEWTON,MA,02459,US,form_d,,,,,,,,
"Mitotherapeutix, LLC",0001657701,0001657701-25-000002,"4 Research Drive, None",Woodbridge,CT,06525,US,form_d,,,,,,,,
"Nature's Toolbox, Inc.",0001798793,0001798793-25-000001,"7701 INNOVATION WAY NE, None",RIO RANCHO,NM,87144,US,form_d,,,,,,,,
"CoRegen, Inc.",0002012886,0002012886-25-000003,"600 E HOPKINS AVE, STE 304",ASPEN,CO,81611,US,form_d,,,,,,,,
"AutoIVF, Inc.",0001807161,0001807161-25-000003,"22 STRATHMORE ROAD, SUITE 317, None",NATICK,MA,01760,US,form_d,,,,,,,,
"Aloft Biotechnologies, Inc.",0002069497,0002069497-25-000002,"12085 RESEARCH DRIVE, LAB 185, None",ALACHUA,FL,32615,US,form_d,,,,,,,,
"ReAlta Life Sciences, Inc.",0001752530,0001752530-25-000001,"5665 LOWERY ROAD, SUITE 100, None",NORFOLK,VA,23502,US,form_d,,,,,,,,
"ReAlta Life Sciences, Inc.",0001752530,0001752530-25-000002,"5665 LOWERY ROAD, SUITE 100, None",NORFOLK,VA,23502,US,form_d,,,,,,,,
"ReAlta Life Sciences, Inc.",0001752530,0001752530-25-000003,"5665 LOWERY ROAD, SUITE 100, None",NORFOLK,VA,23502,US,form_d,,,,,,,,
CELESTIAL THERAPEUTICS INC.,0001804448,0002060755-25-000014,"4790 IRVINE BLVD., SUITE 105332, None",IRVINE,CA,92620,US,form_d,,,,,,,,
"Acurx Pharmaceuticals, Inc.",0001736243,0001736243-25-000003,"259 LIBERTY AVENUE, None",STATEN ISLAND,NY,10305,US,form_d,,,,,,,,
"Praeventix, Inc.",0001952974,0001952974-25-000002,"665 STOCKTON DRIVE, SUITE 200H, None",EXTON,PA,19341,US,form_d,,,,,,,,
"NeuroQuest Development Center, Inc.",0002066102,0002066102-25-000002,"2032 COSGROVE AVE., None",NORTH CHARLESTON,SC,29405,US,form_d,,,,,,,,
"MSKAi, LLC",0001939582,0001939582-25-000002,"1779 Kirby Parkway, Suite 1-208, None",MEMPHIS,TN,38138,US,form_d,,,,,,,,
"ENCOMPASS TECHNOLOGIES, INC.",0001816168,0001816168-25-000003,"2730 N. Deer Run Rd, None",Carson City,NV,89701,US,form_d,,,,,,,,
"Antares Therapeutics, Inc.",0002059043,0002059043-25-000002,"ONE WINTHROP SQUARE, SUITE 400, None",BOSTON,MA,02110,US,form_d,,,,,,,,
FORE US Bio Inc.,0001990659,0001990659-25-000002,"3675 MARKET STREET, SUITE 200",PHILADELPHIA,PA,19104,US,form_d,,,,,,,,
MetaVia Inc.,0001638287,0001104659-25-049376,"545 CONCORD AVENUE, SUITE 210",CAMBRIDGE,MA,02138,US,form_d,,,,,,,,
"NewLimit, Inc.",0001977037,0001977037-25-000002,"901 Gateway Boulevard, None",South San Francisco,CA,94080,US,form_d,,,,,,,,
Crosslink Therapeutics Inc.,0002067583,0002067583-25-000002,"349-351 NEWBURY STREET, None",BOSTON,MA,02115,US,form_d,,,,,,,,
Mind Pharmaceuticals Corp,0002068220,0002068220-25-000001,"12-R, 100 YORK STREET, None",NEW HAVEN,CT,06511,US,form_d,,,,,,,,
"Sea Pharmaceuticals, LLC",0001667677,0001667677-25-000003,"14 GRAY STREET, None",CAMBRIDGE,MA,02138,US,form_d,,,,,,,,
Frontier Health LLC,0002067960,0002067960-25-000002,"1350 EAST FLAMINGO ROAD #67, None",LAS VEGAS,NV,89119,US,form_d,,,,,,,,
"Vesicor Therapeutics, Inc.",0001993074,0000935836-25-000325,"207 S. SANTA ANITA STREET, SUITE P-15, None",SAN GABRIEL,CA,91776,US,form_d,,,,,,,,
"Pneuma Respiratory, Inc.",0001701794,0000935836-25-000320,"870 STATE FARM ROAD, SUITE 103-B, None",BOONE,NC,28607,US,form_d,,,,,,,,
"ADIAL PHARMACEUTICALS, INC.",0001513525,0001213900-25-042848,"4870 SADLER ROAD, SUITE 300",GLEN ALLEN,VA,23060,US,form_d,,,,,,,,
"Orthopedic Driven Imaging, LLC",0002019000,0002019000-25-000002,"9575 NEVADA TRAIL, None",MISSOULA,MT,59808,US,form_d,,,,,,,,
"Arthrotak, LLC",0002060458,0002060458-25-000001,"9575 NEVADA TRAIL, None",MISSOULA,MT,59808,US,form_d,,,,,,,,
"Pneuma Respiratory, Inc.",0001701794,0000935836-25-000318,"870 STATE FARM ROAD, SUITE 103-B, None",BOONE,NC,28607,US,form_d,,,,,,,,
Trailhead Biosystems Inc.,0001814509,0001814509-25-000002,"23215 COMMERCE PARK ROAD, None",BEACHWOOD,OH,44122,US,form_d,,,,,,,,
"Sentonix, Inc.",0002039609,0002039609-25-000001,"1167 MASSACHUSETTS AVE, None",ARLINGTON,MA,02476,US,form_d,,,,,,,,
"Character Biosciences, Inc.",0002066192,0002066192-25-000001,"155 Second St., Ste. 105, None",Jersey City,NJ,07302,US,form_d,,,,,,,,
"VuEssence, Inc.",0001675398,0001709409-25-000006,"17633 GUNN HIGHWAY, STE 107",ODESSA,FL,33556,US,form_d,,,,,,,,
"Biostate AI, Inc",0001990762,0001990762-25-000001,"7505 Fannin St., Suite 610, None",Houston,TX,77054,US,form_d,,,,,,,,
"Magnus Medical, Inc.",0002057312,0002057312-25-000002,"1350 OLD BAYSHORE HWY, SUITE 600, None",BURLINGAME,CA,94010,US,form_d,,,,,,,,
"PATH EX, Inc.",0001705898,0001705898-25-000002,"2450 HOLCOMBE BLVD., STE J, None",HOUSTON,TX,77021,US,form_d,,,,,,,,
Niche Biopharmaceuticals LLC,0001846144,0001846144-25-000002,"22345 BRACKETTS ROAD, None",SHOREWOOD,MN,55331,US,form_d,,,,,,,,
Anavatos Bio Inc.,0002067551,0002067551-25-000001,"2314 NORTH 46TH STREET, None",SEATTLE,WA,98103,US,form_d,,,,,,,,
"MuscleSound, Inc.",0001676647,0001104659-25-046578,"6355 EAST TUFTS AVENUE, None",ENGLEWOOD,CO,80111,US,form_d,,,,,,,,
Conexeu Sciences Inc.,0002066836,0001062993-25-008936,"50 WEST LIBERTY STREET, SUITE 880, None",RENO,NV,89501,US,form_d,,,,,,,,
"TriSalus Life Sciences, Inc.",0001826667,0001231919-25-000045,"6272 WEST 91ST AVENUE, None",WESTMINSTER,CO,80031,US,form_d,,,,,,,,
CELESTIAL THERAPEUTICS INC.,0001804448,0002060755-25-000009,"4790 IRVINE BLVD., SUITE 105332, None",IRVINE,CA,92620,US,form_d,,,,,,,,
"Stork Therapeutics, Inc.",0002059988,0002059988-25-000001,"325 15TH AVENUE, None",SAN FRANCISCO,CA,94118,US,form_d,,,,,,,,
"Rakuten Medical, Inc.",0001595215,0001595215-25-000002,"6885 Flanders Drive Suite 100, None",San Diego,CA,92121,US,form_d,,,,,,,,
"Trefoil Therapeutics, Inc.",0001691855,0001691855-25-000002,"c/o Dodson and Dodson, 14417 Ranch Trail Drive",El Cajon,CA,92021,US,form_d,,,,,,,,
"LifeBridge Innovations, PBC",0001696893,0001696893-25-000002,"862 E. WILDMERE AVENUE, None",LONGWOOD,FL,32750,US,form_d,,,,,,,,
"iBio, Inc.",0001420720,0001104659-25-045365,"11750 SORRENTO VALLEY ROAD, SUITE 200, None",SAN DIEGO,CA,92121,US,form_d,,,,,,,,
"LUMICELL, INC.",0001521898,0001521898-25-000001,"275 WASHINGTON STREET, STE. 200",NEWTON,MA,02458,US,form_d,,,,,,,,
"OncoResponse, Inc",0001655774,0001123292-25-000198,"609 MAIN STREET, SUITE 4200",HOUSTON,TX,77002,US,form_d,,,,,,,,
Virtual Incision Corp,0001380771,0001380771-25-000002,"1501 OLD CHENEY RD, None",LINCOLN,NE,68512,US,form_d,,,,,,,,
"Retension Pharmaceuticals, Inc.",0002002988,0002002988-25-000002,"C/O REDUX THERAPEUTICS, LLC, 902 TURKEY RUN ROAD",MCLEAN,VA,22101,US,form_d,,,,,,,,
"CND Life Sciences, Inc.",0001841099,0001841099-25-000004,"9165 E. DEL CAMINO DRIVE, SUITE 101",SCOTTSDALE,AZ,85258-4381,US,form_d,,,,,,,,
"Scalpel Ventures, LLC",0001965382,0001965382-25-000002,"1979 CUSTOM LANE, None",APEX,NC,27502,US,form_d,,,,,,,,
"CERO THERAPEUTICS HOLDINGS, INC.",0001870404,0001470831-25-000015,"201 HASKINS WAY, SUITE 230",SOUTH SAN FRANCISCO,CA,94080,US,form_d,,,,,,,,
"Reunion Neuroscience, Inc.",0002007993,0002007993-25-000003,"1 HIGH STREET COURT, None",MORRISTOWN,NJ,07960,US,form_d,,,,,,,,
Mind Medicine (MindMed) Inc.,0001813814,0001123292-25-000190,"One World Trade Center, Suite 8500",New York,NY,10007,US,form_d,,,,,,,,
Trethera Corp,0001639837,0001639837-25-000001,"13547 Ventura Blvd., Suite 363",Sherman Oaks,CA,91423-3825,US,form_d,,,,,,,,
"Salve Therapeutics, Inc.",0002065545,0002065545-25-000001,"461 W 6TH ST, SUITE 201",SAN PEDRO,CA,90731,US,form_d,,,,,,,,
Red Sky Health Corp,0002052216,0002052216-25-000001,"30405 SOLON ROAD, SUITE 14",SOLON,OH,44139,US,form_d,,,,,,,,
"Mivax Therapeutics, Inc.",0002066303,0002066303-25-000002,"701 CHINA BASIN ST, APT 605",SAN FRANCISCO,CA,94158,US,form_d,,,,,,,,
"Pathos AI, Inc.",0001967854,0001967854-25-000001,"600 W. CHICAGO AVE., SUITE 510",CHICAGO,IL,60654,US,form_d,,,,,,,,
"Vivamed, Inc.",0002066306,0002066306-25-000001,"124 IDAHO AVE., #404, None",SANTA MONICA,CA,90403,US,form_d,,,,,,,,
"Mivax Therapeutics, Inc.",0002066303,0002066303-25-000001,"701 China Basin St, Apt 605",San Francisco,CA,94158,US,form_d,,,,,,,,
"Corner Therapeutics, Inc.",0002019875,0002019875-25-000001,"300 N. Beacon Street, Bldg 39 Ste 202, None",Watertown,MA,02472,US,form_d,,,,,,,,
"Genesis New Ventures, LLC",0001937493,0001937493-25-000002,"9575 NEVADA TRAIL, None",MISSOULA,MT,59808,US,form_d,,,,,,,,
"Axitan Holdings, Inc.",0002065976,0002065976-25-000001,"25 MADICO DR., None",COMER,GA,30629,US,form_d,,,,,,,,
"Florey Biosciences, Inc.",0002066011,0002066011-25-000001,"160 ALEWIFE BROOK PKWY #1378, None",CAMBRIDGE,MA,02138,US,form_d,,,,,,,,
"Decoy Therapeutics, Inc.",0002065438,0001079973-25-000699,"1 BROADWAY, 14TH FLOOR",CAMBRIDGE,MA,02142,US,form_d,,,,,,,,
"BigHat Biosciences, Inc.",0001797256,0001797256-25-000002,"1900 ALAMEDA DE LAS PULGAS, SUITE 300",SAN MATEO,CA,94403,US,form_d,,,,,,,,
"Astek Diagnostics, Inc.",0001972498,0001972498-25-000001,"1450 S. Rolling Road, Suite 3.019",Halethorpe,MD,21227,US,form_d,,,,,,,,
DepYmed Inc.,0001851177,0001104659-25-039335,"3 BIOSCIENCE PARK DRIVE, None",FARMINGDALE,NY,11735,US,form_d,,,,,,,,
"AKADEUM LIFE SCIENCES, INC.",0001622872,0001622872-25-000002,"674 S WAGNER RD., None",ANN ARBOR,MI,48103,US,form_d,,,,,,,,
"Xilis, Inc.",0001796056,0001231919-25-000033,"31 ALEXANDRIA WAY, None",DURHAM,NC,27713,US,form_d,,,,,,,,
"Centerline Biomedical, Inc.",0001998847,0001998847-25-000002,"4535 Renaissance Parkway, None",Warrensville Heights,OH,44128,US,form_d,,,,,,,,
CELESTIAL THERAPEUTICS INC.,0001804448,0002060755-25-000007,"4790 IRVINE BLVD., SUITE 105332, None",IRVINE,CA,92620,US,form_d,,,,,,,,
PhAST Corp.,0001887754,0001595931-25-000001,"38 WAREHAM STREET, FLOOR 2",BOSTON,MA,02118,US,form_d,,,,,,,,
"Apnimed, Inc.",0001745648,0001879785-25-000026,"39 JOHN F. KENNEDY STREET, 4TH FLR., None",CAMBRIDGE,MA,02138,US,form_d,,,,,,,,
"DMC Biotechnologies, Inc.",0001728411,0001231919-25-000032,"2477 55TH STREET, SUITE 120, None",BOULDER,CO,80301,US,form_d,,,,,,,,
"Galaxy Diagnostics, Inc.",0001462444,0001462444-25-000002,"6 DAVIS DRIVE, SUITE 201",RESEARCH TRIANGLE PARK,NC,27709,US,form_d,,,,,,,,
"ViroMissile, Inc.",0001974798,0001974798-25-000002,"505 COAST BLVD SOUTH, SUITE 208, None",LA JOLLA,CA,92037,US,form_d,,,,,,,,
Contamination Source Identification Inc.,0001788640,0001437749-25-012428,"326 Dogwood Drive, None",Hershey,PA,17033,US,form_d,,,,,,,,
Aptevo Therapeutics Inc.,0001671584,0001671584-25-000001,"2401 4TH AVE., SUITE 1050",SEATTLE,WA,98121,US,form_d,,,,,,,,
PHOTOPHARMICS INC,0001561150,0001561150-25-000006,"3451 NORTH TRIUMPH BLVD, SUITE 201",LEHI,UT,84043,US,form_d,,,,,,,,
"TALPHERA, INC.",0001427925,0001427925-25-000001,"1850 GATEWAY DRIVE, SUITE 175",SAN MATEO,CA,94404,US,form_d,,,,,,,,
"Zero Point Five Therapeutics, Inc.",0001985295,0002054934-25-000002,"915 S. EATON STREET, None",BALTIMORE,MD,21224,US,form_d,,,,,,,,
"Cynaptec Pharmaceuticals, Inc.",0002058683,0002058683-25-000002,"4244 SE CENTERBOARD LANE, None",STUART,FL,34997,US,form_d,,,,,,,,
Endless Corp,0002043905,0002043905-25-000004,"10026 S. Mingo Rd, #232",TULSA,OK,74133,US,form_d,,,,,,,,
"Evofem Biosciences, Inc.",0001618835,0001641172-25-004770,"7770 REGENTS ROAD, SUITE 113-618",SAN DIEGO,CA,92122,US,form_d,,,,,,,,
"CND Life Sciences, Inc.",0001841099,0001841099-25-000003,"9165 E. DEL CAMINO DRIVE, SUITE 101",SCOTTSDALE,AZ,85258-4381,US,form_d,,,,,,,,
Pulmotherapeutics Inc,0002064557,0001641172-25-003937,"714 HUNTWICK LN, None",TYLER,TX,75703,US,form_d,,,,,,,,
"NEONC TECHNOLOGIES HOLDINGS, INC.",0001979414,0001979414-25-000004,"23975 PARK SORRENTO, SUITE 205",CALABASAS,CA,91302,US,form_d,,,,,,,,
Ernexa Therapeutics Inc.,0000748592,0001641172-25-003828,"1035 CAMBRIDGE STREET, SUITE 18A",CAMBRIDGE,MA,02141,US,form_d,,,,,,,,
"Cellular Logistics, Inc.",0001688621,0001688621-25-000001,"504 S. ROSA ROAD, SUITE 200",MADISON,WI,53719,US,form_d,,,,,,,,
"Lytica Therapeutics, Inc.",0002015049,0002015049-25-000003,"840 MEMORIAL DRIVE, None",CAMBRIDGE,MA,02139,US,form_d,,,,,,,,
"Atsena Therapeutics, Inc.",0001811468,0001811468-25-000001,"8 DAVIS DRIVE, SUITE 300, None",DURHAM,NC,27709,US,form_d,,,,,,,,
"ACTUATE THERAPEUTICS, INC.",0001652935,0001683168-25-002420,"1751 RIVER RUN, SUITE 400",FORT WORTH,TX,76107,US,form_d,,,,,,,,
Treysta Medical Technologies Inc.,0002057780,0002057780-25-000002,"747 SW 2nd Avenue, STE 340",GAINESILVILLE,FL,32601-6283,US,form_d,,,,,,,,
FirstVitals Inc.,0002053118,0002053118-25-000002,"2605 CAMINO TASSAJARA, UNIT 2500",DANVILLE,CA,94526,US,form_d,,,,,,,,
Endless Corp,0002043905,0002043905-25-000003,"10026 S. Mingo Rd., #232",TULSA,OK,74133,US,form_d,,,,,,,,
"ELIXIRGEN THERAPEUTICS, INC.",0001744333,0001744333-25-000002,"855 N. WOLFE ST., SUITE 624",BALTIMORE,MD,21205,US,form_d,,,,,,,,
"Invea Therapeutics, Inc",0001906425,0001906425-25-000001,"2614 BOSTON POST ROAD, SUITE 33B, None",GUILFORD,CT,06437,US,form_d,,,,,,,,
"Surrozen, Inc./DE",0001824893,0001824893-25-000001,"171 OYSTER POINT BLVD, SUITE 400",SOUTH SAN FRANCISCO,CA,94080,US,form_d,,,,,,,,
Aponia Laboratories Inc,0001497705,0001497705-25-000001,"9 CAROLAN AVE, None",HAMPTON,NH,03842,US,form_d,,,,,,,,
NEUTROLIS INC.,0001788926,0000929638-25-001517,"1 BROADWAY, FLOOR 14, None",CAMBRIDGE,MA,02142,US,form_d,,,,,,,,
CELESTIAL THERAPEUTICS INC.,0001804448,0002060755-25-000005,"4790 IRVINE BLVD., SUITE 105332, None",IRVINE,CA,92620,US,form_d,,,,,,,,
"REVI LIFE SCIENCES, INC.",0002037797,0002037797-25-000003,"6101 HIGHLAND CAMPUS DR, BLDG 4000, STE 2250",AUSTIN,TX,78752,US,form_d,,,,,,,,
"REVI LIFE SCIENCES, INC.",0002037797,0002037797-25-000002,"6101 HIGHLAND CAMPUS DR, BLDG 4000, STE 2250",AUSTIN,TX,78752,US,form_d,,,,,,,,
"Altis Biosystems, Inc.",0001799892,0001799892-25-000001,"6 DAVIS DRIVE, SUITE 159",DURHAM,NC,27709,US,form_d,,,,,,,,
"Epicore Biosystems, Inc.",0001755876,0001755876-25-000003,"410 MEMORIAL DRIVE, SUITE 100",CAMBRIDGE,MA,02139,US,form_d,,,,,,,,
"NEURONA THERAPEUTICS, INC",0001443321,0001443321-25-000001,"170 HARBOR WAY, None",SOUTH SAN FRANCISCO,CA,94080,US,form_d,,,,,,,,
"Delphinus Medical Technologies, Inc.",0001492534,0001492534-25-000001,"45525 GRAND RIVER AVENUE, None",NOVI,MI,48374,US,form_d,,,,,,,,
Virtual Incision Corp,0001380771,0001380771-25-000001,"1501 OLD CHENEY RD, None",LINCOLN,NE,68512,US,form_d,,,,,,,,
"PanTher Therapeutics, Inc.",0001644045,0001644045-25-000003,"7000 Bee Caves Road, Suite 300",Austin,TX,78746,US,form_d,,,,,,,,
Bariendo Inc.,0002054636,0002054636-25-000001,"945 MARKET STREET, SUITE 501",SAN FRANCISCO,CA,94103,US,form_d,,,,,,,,
CRISPRQC INC.,0001916528,0001916528-25-000002,"8949 KENAMAR DR, STE 101",SAN DIEGO,CA,92121,US,form_d,,,,,,,,
ImmuneBridge Inc.,0001960306,0001960306-25-000003,"2122 BRYANT ST, None",SAN FRANCISCO,CA,94110,US,form_d,,,,,,,,
"Imbria Pharmaceuticals, Inc.",0001745672,0001745672-25-000003,"265 FRANKLIN STREET, SUITE #1702",BOSTON,MA,02110,US,form_d,,,,,,,,
"Ordaos, Inc.",0001933700,0001933700-25-000002,"228 Park Avenue S, #60684",NEW YORK,NY,10003,US,form_d,,,,,,,,
PIROUETTE PHARMA INC.,0001870611,0001870611-25-000003,"200 INTERNATIONAL DRIVE, SUITE 170",PORTSMOUTH,NH,03801,US,form_d,,,,,,,,
HYDROCISION INC,0001031309,0001031309-25-000003,"267 BOSTON ROAD, SUITE 28",NORTH BILLERICA,MA,01862,US,form_d,,,,,,,,
"Lumen Bioscience, Inc.",0001703612,0001703612-25-000002,"1441 NORTH 34TH STREET, SUITE 300, None",SEATTLE,WA,98103,US,form_d,,,,,,,,
LabVoice Inc.,0001951025,0001951025-25-000002,"252 SWEET BAY PLACE, None",CARRBORO,NC,27510,US,form_d,,,,,,,,
LIPELLA PHARMACEUTICALS INC.,0001347242,0001753926-25-000541,"7800 SUSQUEHANNA ST., SUITE 505",PITTSBURGH,PA,15208,US,form_d,,,,,,,,
"Axenic Health Solutions, Inc.",0001749418,0001749418-25-000002,"1020 WINDHAVEN ROAD, None",LIBERTYVILLE,IL,60048,US,form_d,,,,,,,,
"Crossbow Therapeutics, Inc.",0001972912,0000905148-25-003444,"1030 Massachusetts Ave, Suite 210, None",Cambridge,MA,02138,US,form_d,,,,,,,,
"Tropogenix, Inc.",0002086858,0002086858-25-000002,"4725 COLLEGE PARK, SUITE 200",SAN ANTONIO,TX,78249,US,form_d,,,,,,,,
Microbot Medical Inc.,0000883975,0001493152-25-016081,"288 GROVE STREET, SUITE 388",BRAINTREE,MA,02184,US,form_d,,,,,,,,
"Adolore Biotherapeutics, Inc.",0001904161,0001904161-25-000002,"13685 WHISTLER MOUNTAIN ROAD, None",DELRAY BEACH,FL,33446,US,form_d,,,,,,,,
"Evecxia, Inc.",0001736859,0001736859-25-000002,"2 DAVIS DRIVE, None",RESEARCH TRIANGLE PARK,NC,27709,US,form_d,,,,,,,,
"NeuroQore, Inc.",0002080144,0002080144-25-000001,"201 JASON WAY, None",MOUNTAIN VIEW,CA,94043,US,form_d,,,,,,,,
"Kayak Therapeutics, Inc.",0002088831,0002088831-25-000001,"3317 BOWMAN AVENUE, None",AUSTIN,TX,78703,US,form_d,,,,,,,,
Kilele Health Seed Investors LLC,0002087206,0002087206-25-000001,"201 E. Dixon Ave, None",Oakwood,OH,45419,US,form_d,,,,,,,,
"Tinos Therapeutics, Inc.",0002088485,0002088485-25-000001,"34 BOYCE AVENUE, None",BARRINGTON,RI,02806,US,form_d,,,,,,,,
"Angiex, Inc.",0001710380,0001710380-25-000005,"150 Cambridge Park Drive, 5th Floor, None",CAMBRIDGE,MA,02140,US,form_d,,,,,,,,
Factor Bioscience LLC,0002088183,0002088183-25-000001,"1035 CAMBRIDGE ST., STE. 17B, None",CAMBRIDGE,MA,02141,US,form_d,,,,,,,,
"Cellerate Technologies, LLC",0002088065,0002088065-25-000001,"780 FIFTH AVENUE SOUTH, SUITE 200",NAPLES,FL,34102,US,form_d,,,,,,,,
Paralos Bioscience Inc.,0002080259,0002080259-25-000002,"570 Westwood Plaza Room 6350, Attn: Paralos Bioscience Inc (Magnify)",LOS ANGELES,CA,90095,US,form_d,,,,,,,,
"Apnimed, Inc.",0001745648,0001745648-25-000003,"39 JOHN F. KENNEDY STREET, 4TH FLR., None",CAMBRIDGE,MA,02138,US,form_d,,,,,,,,
"Hera Biotech, Inc.",0001831293,0001831293-25-000002,"4725 COLLEGE PARK, SUITE 200, None",SAN ANTONIO,TX,78249,US,form_d,,,,,,,,
Celcuity Inc.,0001603454,0001493152-25-014642,"16305 36TH AVENUE NORTH, SUITE 100",MINNEAPOLIS,MN,55446,US,form_d,,,,,,,,
Precision Epigenomics Inc,0002017642,0001062993-25-015757,"630 N. ALVERNON WAY, SUITE 280B",TUCSON,AZ,85711,US,form_d,,,,,,,,
Balanced Pharma Inc,0001838860,0001838860-25-000007,"18204 MAINSAIL POINTE, None",CORNELIUS,NC,28031,US,form_d,,,,,,,,
"Volastra Therapeutics, Inc.",0001968822,0001968822-25-000002,"1361 AMSTERDAM AVENUE, SUITE 520",NEW YORK,NY,10027,US,form_d,,,,,,,,
"Dewpoint Therapeutics, Inc.",0001828893,0001828893-25-000002,"451 D Street, Suite 104, None",Boston,MA,02210,US,form_d,,,,,,,,
"Prolifagen, Inc.",0002086999,0002086999-25-000001,"3805 OLD EASTON ROAD, SUITE 2242",DOYLESTOWN,PA,18902,US,form_d,,,,,,,,
Mati Therapeutics Inc.,0001574251,0001574251-25-000002,"101 Colorado Street, Suite 2409",AUSTIN,TX,78701,US,form_d,,,,,,,,
"Jaguar Health, Inc.",0001585608,0001193125-25-212346,"200 Pine St., Ste 400, None",San Francisco,CA,94104,US,form_d,,,,,,,,
"Tropogenix, Inc.",0002086858,0002086858-25-000001,"4725 COLLEGE PARK, SUITE 200",SAN ANTONIO,TX,78249,US,form_d,,,,,,,,
Tropoflex Inc.,0002086856,0002086856-25-000001,"4725 COLLEGE PARK, SUITE 200",SAN ANTONIO,TX,78249,US,form_d,,,,,,,,
"Deep Blue Medical Advances, Inc.",0001726572,0001726572-25-000002,"701 W. Main St, Suite 410",Durham,NC,27701,US,form_d,,,,,,,,
"NeXtGen Biologics, INC",0001620524,0001620524-25-000007,"13800 Tech City Circle, Suite 200",Alachua,FL,32615,US,form_d,,,,,,,,
"Claris Biotherapeutics, Inc.",0001809726,0001809726-25-000004,"299 PAVONIA AVENUE 3-8, None",JERSEY CITY,NJ,07302,US,form_d,,,,,,,,
Visor Health Inc.,0002087088,0002087088-25-000001,"3723 TAYLORSVILLE ROAD, SUITE B",LOUISVILLE,KY,40220,US,form_d,,,,,,,,
Aspira Women's Health Inc.,0000926617,0001493152-25-014101,"12117 BEE CAVES ROAD, BUILDING III, SUITE 100",AUSTIN,TX,78738,US,form_d,,,,,,,,
TELEIOS ANALYTICAL SERVICES INC.,0002085151,0002085151-25-000001,"241 FRANCIS AVE, None",MANSFIELD,MA,02048,US,form_d,,,,,,,,
"Nexo Therapeutics, Inc.",0001955319,0001955319-25-000002,"11757 W. KEN CARYL AVENUE, SUITE F, 520",LITTLETON,CO,80127-3719,US,form_d,,,,,,,,
"Character Biosciences, Inc.",0002066192,0002066192-25-000003,"3 2nd Street, Suite 302, None",JERSEY CITY,NJ,07311-4056,US,form_d,,,,,,,,
"SiVEC Biotechnologies, Inc.",0002085969,0002085969-25-000001,"1505 WEST MULBERRY STREET, None",FORT COLLINS,CO,80521,US,form_d,,,,,,,,
"ResBiotic Nutrition, Inc.",0001888891,0001888891-25-000003,"1500 1ST AVENUE NORTH, H102, None",BIRMINGHAM,AL,35203,US,form_d,,,,,,,,
"Hopewell Therapeutics, Inc.",0001836562,0001836562-25-000003,"216 WEST CUMMINGS PARK, None",WOBURN,MA,01801,US,form_d,,,,,,,,
"TALPHERA, INC.",0001427925,0001427925-25-000006,"1850 GATEWAY DRIVE, SUITE 175",SAN MATEO,CA,94404,US,form_d,,,,,,,,
"selectIon, Inc.",0001777508,0001777508-25-000002,"655 India Street, Suite 204",San Diego,CA,92101,US,form_d,,,,,,,,
MiNDERA Corp,0001629564,0001629564-25-000002,"1221 LIBERTY WAY, None",VISTA,CA,92081,US,form_d,,,,,,,,
Synchrony Medical Inc.,0002085429,0002085429-25-000001,"222 JERSEY CITY BLVD., None",JERSEY CITY,NJ,07305,US,form_d,,,,,,,,
"Ensho Therapeutics, Inc.",0002032849,0002032849-25-000003,"422 MOUNTAIN WAY, None",MORRIS PLAINS,NY,07950,US,form_d,,,,,,,,
Perspective Medical LLC,0001946011,0001946011-25-000002,"2945 NEEDLECONE LANE, None",COLORADO SPRINGS,CO,80919,US,form_d,,,,,,,,
"Psy Therapeutics, Inc.",0001788222,0001410578-25-002156,"28 ATLANTIC AVE, SUITE 222, None",BOSTON,MA,02110,US,form_d,,,,,,,,
"Enlaza Therapeutics, Inc.",0001852950,0001231919-25-000186,"11099 NORTH TORREY PINES ROAD, STE. 280, None",LA JOLLA,CA,92037,US,form_d,,,,,,,,
"Galvanize Therapeutics, Inc.",0001659073,0001659073-25-000001,"3200 Bridge Parkway, None",Redwood City,CA,94065,US,form_d,,,,,,,,
"OmniAb, Inc.",0001846253,0001846253-25-000067,"5980 HORTON STREET, SUITE 600",EMERYVILLE,CA,94608,US,form_d,,,,,,,,
OS Therapies Inc,0001795091,0000921895-25-002566,"15825 SHADY GROVE ROAD, SUITE 135",ROCKVILLE,MD,20850,US,form_d,,,,,,,,
"Kriya Therapeutics, Inc.",0001811209,0001811209-25-000003,"4105 HOPSON ROAD, None",MORRISVILLE,NC,27560,US,form_d,,,,,,,,
"Vaxess Technologies, Inc.",0001578117,0001578117-25-000003,"30 Cummings Park Drive, None",Woburn,MA,01801,US,form_d,,,,,,,,
Immuneering Corp,0001790340,0001790340-25-000105,"245 MAIN STREET, SECOND FLOOR, None",CAMBRIDGE,MA,02142,US,form_d,,,,,,,,
"OWP PHARMACEUTICALS, INC.",0002037010,0002037010-25-000001,"701 WARRENVILLE ROAD, SUITE 200",LISLE,IL,60532,US,form_d,,,,,,,,
"Reunion Neuroscience, Inc.",0002007993,0002007993-25-000004,"1 HIGH STREET COURT, None",MORRISTOWN,NJ,07960,US,form_d,,,,,,,,
"FLXION MEDICAL, INC.",0002084341,0002084568-25-000001,"31923 EDGEWATER DR, None",MAGNOLIA,TX,77354,US,form_d,,,,,,,,
Compact Medical Inc.,0001794240,0001794240-25-000002,"525 S. MERIDIAN ST., None",INDIANAPOLIS,IN,46225,US,form_d,,,,,,,,
"CardioWise, Inc.",0001560519,0002016687-25-000001,"535 W. RESEARCH CENTER BOULEVARD, SUITE 135",FAYETTEVILLE,AR,72701,US,form_d,,,,,,,,
"Therini Bio, Inc.",0001776935,0001776935-25-000003,"2108 N STREET, SUITE 4963",SACRAMENTO,CA,95816,US,form_d,,,,,,,,
Predictive Oncology Inc.,0001446159,0002054329-25-000005,"91 43RD STREET, SUITE 110",PITTSBURGH,PA,15201,US,form_d,,,,,,,,
"TNF Pharmaceuticals, Inc.",0001321834,0001641172-25-026761,"1185 AVENUE OF THE AMERICAS, SUITE 249",NEW YORK,NY,10036,US,form_d,,,,,,,,
QurAlis Corp,0001811817,0000929638-25-003405,"35 CAMBRIDGE PARK DRIVE, None",CAMBRIDGE,MA,02140,US,form_d,,,,,,,,
"Bright Uro, Inc.",0002002648,0002002648-25-000005,"3 GODDARD, None",IRVINE,CA,92618,US,form_d,,,,,,,,
"TopoDx, Inc.",0002075590,0002075590-25-000002,"101 NEREM ST. NW, SUITE 1000",ATLANTA,GA,30313,US,form_d,,,,,,,,
"Surebion, Inc.",0002083970,0002083970-25-000001,"7938 READING AVENUE, None",LOS ANGELES,CA,90045,US,form_d,,,,,,,,
"Avenzo Therapeutics, Inc.",0001947742,0001231919-25-000185,"12707 High Bluff Drive, Suite 200, None",SAN DIEGO,CA,92130,US,form_d,,,,,,,,
"Cresilon, Inc.",0001728054,0001728054-25-000003,"86 34th St., Suite 6-3-D, None",BROOKLYN,NY,11232,US,form_d,,,,,,,,
Dev4 LLC,0002083767,0002083767-25-000001,"1002 GEMINI STREET, SUITE 129, None",HOUSTON,TX,77058,US,form_d,,,,,,,,
"Angiocrine Bioscience, Inc.",0001569052,0001569052-25-000002,"11585 SORRENTO VALLEY RD, STE 109, None",SAN DIEGO,CA,92121,US,form_d,,,,,,,,
Enhanced Fusion Technologies L.L.C.,0002080043,0001214659-25-013371,"9830 CORSINI COURT, None",VIENNA,VA,22182,US,form_d,,,,,,,,
"PharmaCyte Biotech, Inc.",0001157075,0001683168-25-006676,"3960 HOWARD HUGHES PARKWAY, SUITE 500",LAS VEGAS,NV,89169,US,form_d,,,,,,,,
"Treeline Biosciences, Inc.",0001856619,0001856619-25-000002,"500 ARSENAL ST., None",WATERTOWN,MA,02472,US,form_d,,,,,,,,
Circula-AI Inc,0002055042,0002055042-25-000004,"1199 SOUTH FEDERAL HWY, STE 291",BOCA RATON,FL,33432,US,form_d,,,,,,,,
Oncobiomix Inc.,0001998501,0001998501-25-000003,"3463 Magic Drive, Suite T7",San Antonio,TX,78229,US,form_d,,,,,,,,
Oncobiomix Inc.,0001998501,0001998501-25-000002,"8703 LEDGE RUN, None",SAN ANTONIO,TX,78255,US,form_d,,,,,,,,
"Potrero Medical, Inc.",0001609048,0000921895-25-002474,"26142 Eden Landing Road, None",Hayward,CA,94545,US,form_d,,,,,,,,
ARMR Sciences Inc.,0002082685,0002082685-25-000001,"12 E 49TH ST, None",NEW YORK,NY,10017,US,form_d,,,,,,,,
"TM Holding Companies, Inc.",0002076174,0001214659-25-013120,"51 GERMANTOWN COURT, SUITE 200, None",MEMPHIS,TN,38018,US,form_d,,,,,,,,
"Petal Surgical, Inc.",0002083917,0002083917-25-000001,"1470 INDUSTRIAL WAY, None",REDWOOD CITY,CA,94063,US,form_d,,,,,,,,
"SISCAPA Assay Technologies, Inc.",0001528248,0001528248-25-000005,"1759 WILLARD ST NW, None",WASHINGTON,DC,20009,US,form_d,,,,,,,,
"Cadenza Bio, Inc.",0002083534,0002083534-25-000001,"14504 CHAMBORD DRIVE, None",YUKON,OK,73099,US,form_d,,,,,,,,
"Rudhira Biosciences, Inc.",0002083820,0002083820-25-000001,"1146 KINGSTON GROVE DRIVE, None",CARY,NC,27519,US,form_d,,,,,,,,
Promptus LLC,0002082940,0002082940-25-000001,"6400 S FIDDLERS GREEN CIR, STE 1400",GREENWOOD VILLAGE,CO,80111,US,form_d,,,,,,,,
"Absco Therapeutics, Inc.",0002023557,0002023557-25-000004,"127 WESTERN AVENUE, None",ALLSTON,MA,02134,US,form_d,,,,,,,,
"Xanadu Bio, Inc.",0001946059,0000929638-25-003261,"980 IDLEWILD ROAD, None",GLADWYNE,PA,19035,US,form_d,,,,,,,,
"Inversion Therapeutics, Inc.",0002077706,0001231919-25-000167,"1341 COLUMBUS AVENUE, None",BURLINGAME,CA,94010,US,form_d,,,,,,,,
"Superluminal Medicines, Inc.",0001989478,0001989478-25-000001,"15 NECCO ST., LILLY GATEWAY LABS, 4TH FLOOR",BOSTON,MA,02110,US,form_d,,,,,,,,
"Yuko Project, LLC",0002082677,0002082677-25-000001,"530 CHURCH ST STE B1, None",NASHVILLE,TN,37219,US,form_d,,,,,,,,
"Gameto, Inc.",0001901628,0001901628-25-000003,"12117 Bee Caves Road, Suite 160",Bee Cave,TX,78738,US,form_d,,,,,,,,
"X4 Pharmaceuticals, Inc",0001501697,0001470831-25-000145,"61 NORTH BEACON STREET, 4TH FLOOR",BOSTON,MA,02134,US,form_d,,,,,,,,
"Plexium, Inc.",0002082715,0002082715-25-000001,"9330 SCRANTON ROAD, SUITE 500, None",SAN DIEGO,CA,92121,US,form_d,,,,,,,,
"Brickell Intellectual Property Fund, LLC",0001943924,0000887762-25-000005,"171 Church Street, Suite 150",Charleston,SC,29401,US,form_d,,,,,,,,
"Cascade Biocatalysts, Inc.",0002083126,0001231919-25-000162,"3960 NIAGARA STREET, SUITE B",DENVER,CO,80207,US,form_d,,,,,,,,
"Linnaeus Therapeutics, Inc.",0001752026,0001752026-25-000001,"30 WASHINGTON AVENUE, SUITE F, None",HADDONFIELD,NJ,08033,US,form_d,,,,,,,,
"Amplified Sciences, Inc.",0001836033,0001836033-25-000001,"3000 KENT AVE, SUITE 1950",WEST LAFAYETTE,IN,47906,US,form_d,,,,,,,,
"Incyclix Bio, LLC",0001916275,0001916275-25-000001,"600 PARK OFFICES DRIVE, Suite 355",Durham,NC,27713,US,form_d,,,,,,,,
"Medical 21, Inc.",0001673688,0001437749-25-027519,"3700 Annapolis Lane North, Suite 105",Plymouth,MN,55447,US,form_d,,,,,,,,
Gliknik Inc,0001411569,0001411569-25-000002,"801 WEST BALTIMORE STREET, SUITE 501A",BALTIMORE,MD,21201,US,form_d,,,,,,,,
"Iantrek, Inc.",0001829982,0001829982-25-000003,"151 EAST POST ROAD, SUITE 111",WHITE PLAINS,NY,10601,US,form_d,,,,,,,,
"Decade, Inc.",0002082045,0002077997-25-000001,"800 W EL CAMINO REAL, SUITE 180-47",MOUNTAIN VIEW,CA,94040,US,form_d,,,,,,,,
"Syncromune, Inc.",0001955312,0001231919-25-000158,"2919 E. COMMERCIAL BLVD., SUITE 200, None",FORT LAUDERDALE,FL,33308,US,form_d,,,,,,,,
"ROC Holdings SPV II, LP",0002082735,0001814554-25-000086,"1630 COLUMBIA ROAD NW, APT. 418, None",WASHINGTON,DC,20009,US,form_d,,,,,,,,
"Continuity Biosciences, LLC",0002029079,0002029079-25-000002,"8476 LINDRICK LANE, None",BRADENTON,FL,34202,US,form_d,,,,,,,,
"Rezo Therapeutics, Inc.",0001956559,0001853446-25-000004,"455 MISSION BAY BOULEVARD SOUTH, SUITE 525",SAN FRANCISCO,CA,94158,US,form_d,,,,,,,,
"Pattern Bioscience, Inc.",0001735812,0001735812-25-000002,"9600 GREAT HILLS TR, SUITE 160E",AUSTIN,TX,78759,US,form_d,,,,,,,,
"Entero Therapeutics, Inc.",0001604191,0001104659-25-079619,"79014TH ST N # 21135, None",ST. PETERSBURG,FL,33702,US,form_d,,,,,,,,
"Illudent, Inc.",0001969039,0001969039-25-000002,"6181 CORNERSTONE COURT E, SUITE 104",SAN DIEGO,CA,92121,US,form_d,,,,,,,,
"Kriya Therapeutics, Inc.",0001811209,0001811209-25-000002,"4105 HOPSON ROAD, None",MORRISVILLE,NC,27560,US,form_d,,,,,,,,
"Elastro, Inc.",0002076219,0002076219-25-000001,"94 UNION ST, None",WATERTOWN,MA,02472,US,form_d,,,,,,,,
ValCor Cath Inc.,0001979820,0001979820-25-000002,"4146 HALIFAX ROAD, None",OTTAWA HILLS,OH,43606,US,form_d,,,,,,,,
"Angiex, Inc.",0001710380,0001710380-25-000003,"150 Cambridge Park Drive, 5th Floor, None",CAMBRIDGE,MA,02140,US,form_d,,,,,,,,
"SRT Therapeutics, Inc.",0002080322,0002080322-25-000008,"5601 Oberlin Drive, Suite 100, None",San Diego,CA,92121,US,form_d,,,,,,,,
"Qualigen Therapeutics, Inc.",0001460702,0001641172-25-023575,"5857 OWENS AVENUE, SUITE 300",CARLSBAD,CA,92008,US,form_d,,,,,,,,
"ARTELO BIOSCIENCES, INC.",0001621221,0001786236-25-000029,"505 LOMAS SANTA FE, SUITE 160, None",SOLANA BEACH,CA,92075,US,form_d,,,,,,,,
"Sower Solas I Sidecar III, LLC",0002080787,0002080787-25-000001,"920 S 107TH AVENUE, SUITE 250",OMAHA,NE,68114,US,form_d,,,,,,,,
"NovAb, Inc.",0001685163,0001685163-25-000003,"1860 MONTREAL ROAD, None",TUCKER,GA,30084,US,form_d,,,,,,,,
Kestrel Therapeutics Inc.,0001853373,0001853373-25-000003,"Attn: Pagliuca Harvard Life Lab, 127 Western Ave.",Boston,MA,02134,US,form_d,,,,,,,,
"Corner Therapeutics, Inc.",0002019875,0002019875-25-000002,"300 N. BEACON STREET, BUILDING 39, SUITE 202",WATERTOWN,MA,02472,US,form_d,,,,,,,,
Canvas Master Fund LP,0002078471,0002078471-25-000002,"929 ALTON ROAD, SUITE 500",MIAMI BEACH,FL,33139,US,form_d,,,,,,,,
"PLEOPHARMA, INC.",0001801323,0001801323-25-000003,"518 KIMBERTON RD., SUITE 339",PHOENIXVILLE,PA,19460,US,form_d,,,,,,,,
"Invirsa, Inc.",0001836108,0001836108-25-000003,"1275 KINNEAR ROAD, None",COLUMBUS,OH,43212,US,form_d,,,,,,,,
"Scienture Holdings, Inc.",0001382574,0001641172-25-022629,"20 AUSTIN BLVD., None",COMMACK,NY,11725,US,form_d,,,,,,,,
Paralos Bioscience Inc.,0002080259,0002080259-25-000001,"420 WESTWOOD PLAZA ROOM 4531-K, None",LOS ANGELES,CA,90095,US,form_d,,,,,,,,
Rhinal Therapeutics Inc.,0002080382,0002080382-25-000001,"732 S 6TH ST, 4248",LAS VEGAS,NV,89101,US,form_d,,,,,,,,
"Axelyf, Inc.",0002078406,0001437749-25-025327,"33 Glenland Road, Unit 2",Chestnut Hill,MA,02467,US,form_d,,,,,,,,
"Coeptis Therapeutics Holdings, Inc.",0001759186,0001683168-25-005718,"105 BRADFORD ROAD, SUITE 420",WEXFORD,PA,15090,US,form_d,,,,,,,,
"Neuros Medical, Inc.",0001474720,0001474720-25-000003,"26800 Aliso Viejo Pkwy, Suite 250, None",Aliso Viejo,CA,92656,US,form_d,,,,,,,,
"C2N JMK, Inc.",0002079558,0002079558-25-000001,"4340 DUNCAN AVENUE, None",ST. LOUIS,MO,63110,US,form_d,,,,,,,,
"Invirsa, Inc.",0001836108,0001836108-25-000002,"1275 KINNEAR ROAD, None",COLUMBUS,OH,43212,US,form_d,,,,,,,,
"SAB Biotherapeutics, Inc.",0001833214,0000950123-25-007031,"777 W 41st St, Suite 401",Miami Beach,FL,33140,US,form_d,,,,,,,,
"ProPhase Labs, Inc.",0000868278,0001641172-25-022239,"626 RXR PLAZA, 6TH FLOOR, None",UNIONDALE,NY,11556,US,form_d,,,,,,,,
Celularity Inc,0001752828,0001641172-25-022138,"170 PARK AVENUE, None",FLORHAM PARK,NJ,07932,US,form_d,,,,,,,,
Celularity Inc,0001752828,0001641172-25-022137,"170 PARK AVENUE, None",FLORHAM PARK,NJ,07932,US,form_d,,,,,,,,
Celularity Inc,0001752828,0001641172-25-022135,"170 PARK AVENUE, None",FLORHAM PARK,NJ,07932,US,form_d,,,,,,,,
"SpotitEarly, Inc.",0002077992,0001004878-25-000006,"61 W. PALISADE AVE., None",ENGLEWOOD,NJ,07631,US,form_d,,,,,,,,
Phio Pharmaceuticals Corp.,0001533040,0001123292-25-000336,"411 SWEDELAND ROAD, SUITE 23-1080",KING OF PRUSSIA,PA,19406,US,form_d,,,,,,,,
"Trevarx Biomedical, Inc.",0001783904,0001783904-25-000003,"2929 ARCH STREET, 3RD FLOOR, None",PHILADELPHIA,PA,19104,US,form_d,,,,,,,,
Brainmark Health Inc.,0002078199,0002078199-25-000001,"11022 N 28TH DR., SUITE 195",PHOENIX,AZ,85029,US,form_d,,,,,,,,
"Scienture Holdings, Inc.",0001382574,0001641172-25-021856,"20 AUSTIN BLVD., None",COMMACK,NY,11725,US,form_d,,,,,,,,
"CryOSA, Inc.",0001739698,0001739698-25-000003,"1265 Grey Fox Rd., Suite 5",Arden Hills,MN,55112,US,form_d,,,,,,,,
Anya Holding LLC,0002079053,0001213900-25-070080,"228 E 45TH STREET, RM 9E",NEW YORK,NY,10017,US,form_d,,,,,,,,
"Spinal Simplicity, LLC",0001507286,0001507286-25-000002,"6363 College Blvd, Suite 320",Overland Park,KS,66211,US,form_d,,,,,,,,
"Jupiter Biomedical Research, Inc.",0001694280,0001079973-25-001191,"3710 BUCKEYE STREET, STE. 100",PALM BEACH GARDENS,FL,33410,US,form_d,,,,,,,,
"Artax Biopharma, Inc.",0001587661,0001587661-25-000003,"One Broadway, 14th Floor",Cambridge,MA,02142,US,form_d,,,,,,,,
"EIKONOKLASTES THERAPEUTICS, INC.",0001805698,0001805698-25-000002,"2356 PARK AVENUE, UNIT 17",CINCINNATI,OH,45206,US,form_d,,,,,,,,
Creative BioTherapeutics LLC,0001899355,0001899355-25-000005,"200 SOUTH GREENLEAF ST, SUITE J",GURNEE,IL,60031,US,form_d,,,,,,,,
Canvas Master Fund LP,0002078471,0002078471-25-000001,"2655 South Bayshore Drive, Suite 1010",Miami,FL,33133,US,form_d,,,,,,,,
"Orbit Genomics, Inc.",0002058369,0002058369-25-000002,"4665 NAUTILUS CT S, STE 300",BOULDER,CO,80301,US,form_d,,,,,,,,
"MapLight Therapeutics, Inc.",0001770069,0001231919-25-000129,"800 CHESAPEAKE DRIVE, None",REDWOOD CITY,CA,94063,US,form_d,,,,,,,,
"Medcura, Inc.",0001672180,0000929638-25-002712,"5650 RIVERTECH COURT, SUITE S, None",RIVERDALE,MD,20737,US,form_d,,,,,,,,
"34 Lives, PBC",0002060893,0002060893-25-000001,"1281 WIN HENTSCHEL BLVD., STE. 2528",WEST LAFAYETTE,IN,47906,US,form_d,,,,,,,,
DiaMedica Therapeutics Inc.,0001401040,0001437749-25-023439,"301 CARLSON PARKWAY, SUITE 210",MINNEAPOLIS,MN,55305,US,form_d,,,,,,,,
"CapeHaven Holding Company, LLC",0002078271,0002078271-25-000001,"55 CHURCH STREET, None",NEW HAVEN,CT,06510,US,form_d,,,,,,,,
Adora Animal Health Corp,0002078308,0002078308-25-000001,"2020 FIELDSTONE PARKWAY, SUITE 900-200, None",FRANKLIN,TN,37069,US,form_d,,,,,,,,
"HYPERION DEFI, INC.",0001682639,0001104659-25-069564,"23461 SOUTH POINTE DRIVE, SUITE 390, None",LAGUNA HILLS,CA,92653,US,form_d,,,,,,,,
"Solo-Dex, Inc.",0001816580,0001096906-25-001170,"1576 MT HIGHWAY 434, None",WOLF CREEK,MT,59648,US,form_d,,,,,,,,
"Durin Life Sciences, Inc.",0001797306,0001797306-25-000004,"2 MEDICAL CENTER DR #213A, None",STRATFORD,NJ,08084,US,form_d,,,,,,,,
"CARI Health, Inc.",0001930994,0001930994-25-000002,"4653 CARMEL MOUNTAIN RD., S 308/260, None",SAN DIEGO,CA,92130,US,form_d,,,,,,,,
"Gibson Oncology, LLC",0002042777,0002042777-25-000002,"7772 FISHER ISLAND DRIVE, None",MIAMI,FL,33109,US,form_d,,,,,,,,
"Ikena Oncology, Inc.",0001835579,0001470831-25-000095,"645 Summer Street, Suite 101, None",BOSTON,MA,02210,US,form_d,,,,,,,,
Plexiform Bioscience Inc.,0002048968,0002048968-25-000001,"8 THE GREEN NO 19634, None",DOVER,DE,19901,US,form_d,,,,,,,,
"Pahr Therapeutics, Inc.",0002077159,0001231919-25-000123,"200 BERKELEY STREET, 18TH FLOOR, None",BOSTON,MA,02116,US,form_d,,,,,,,,
"Renibus Therapeutics, Inc.",0001667699,0001667699-25-000002,"181 GRAND AVE., SUITE 225, None",SOUTHLAKE,TX,76092,US,form_d,,,,,,,,
OS Therapies Inc,0001795091,0000921895-25-002001,"115 Pullman Crossing Road, Suite 103",Grasonville,MD,21638,US,form_d,,,,,,,,
"Halia Therapeutics, Inc.",0001829255,0001829255-25-000001,"3900 N. Traverse Mountain Blvd, Suite 100",Lehi,UT,84043,US,form_d,,,,,,,,
"Cyrus Biotechnology, Inc.",0001641241,0001641241-25-000003,"3005 1ST AVE, SUITE 203",SEATTLE,WA,98121,US,form_d,,,,,,,,
OrisDx Inc.,0002074140,0002074140-25-000001,"363 E WACKER DRIVE, UNIT 2703",CHICAGO,IL,60601,US,form_d,,,,,,,,
RevOpsis Holdings LLC,0002066039,0002066039-25-000002,"10006 CROSS CREEK BLVD, STE 219, None",TAMPA,FL,33647,US,form_d,,,,,,,,
"TopoDx, Inc.",0002075590,0002075590-25-000001,"101 NEREM ST. NW, SUITE 1000",ATLANTA,GA,30313,US,form_d,,,,,,,,
"Sensorium Therapeutics, Inc.",0001874823,0001874823-25-000002,"47 HIGH ST. #513, None",MEDFORD,MA,02155,US,form_d,,,,,,,,
NEUTROLIS INC.,0001788926,0000929638-25-002591,"1 BROADWAY, FLOOR 14, None",CAMBRIDGE,MA,02142,US,form_d,,,,,,,,
"Cantai Therapeutics, Inc.",0001991732,0001991732-25-000002,"3675 MARKET STREET, SUITE 200",PHILADELPIA,PA,19104,US,form_d,,,,,,,,
"Toby, Inc.",0002053723,0002053723-25-000002,"1207 DELAWARE AVE, None",WILMINGTON,DE,19806,US,form_d,,,,,,,,
"Decoy Therapeutics, Inc.",0002065438,0001079973-25-001142,"1 BROADWAY, 14TH FLOOR",CAMBRIDGE,MA,02142,US,form_d,,,,,,,,
"Afaxys, Inc.",0001503981,0001099910-25-000190,"701 E. BAY STREET, SUITE 402",CHARLESTON,SC,29403,US,form_d,,,,,,,,
"Harvard Apparatus Regenerative Technology, Inc.",0001563665,0001437749-25-022651,"84 OCTOBER HILL ROAD, Suite 11",HOLLISTON,MA,01746,US,form_d,,,,,,,,
"CoreMap, Inc.",0001717797,0001717797-25-000002,"55 Cambridge Street, Suite 101, None",Burlington,MA,01803,US,form_d,,,,,,,,
"Renasant Bio, Inc.",0002075979,0001231919-25-000109,"2630 BANCROFT WAY #507, None",BERKELEY,CA,94704,US,form_d,,,,,,,,
"Renasant Bio, Inc.",0002075979,0001231919-25-000108,"2630 BANCROFT WAY #507, None",BERKELEY,CA,94704,US,form_d,,,,,,,,
Biofrontera Inc.,0001858685,0001641172-25-018817,"120 PRESIDENTIAL WAY, SUITE 330, None",WOBURN,MA,01801,US,form_d,,,,,,,,
"Reprise Biomedical, Inc.",0001782236,0001782236-25-000003,"17400 Medina Rd., Ste. 100, None",Plymouth,MN,55447,US,form_d,,,,,,,,
Pelthos Therapeutics Inc.,0001919246,0001753926-25-001126,"4020 STIRRUP CREEK DRIVE, SUITE 110",DURHAM,NC,27703,US,form_d,,,,,,,,
"Inventure, LLC",0001706556,0001706556-25-000001,"25 DEPOT HILL ROAD, BUILDING ONE, SUITE 104",SOUTHBURY,CT,06488,US,form_d,,,,,,,,
"ARTELO BIOSCIENCES, INC.",0001621221,0001640334-25-001156,"505 Lomas Santa Fe, Suite 160",Solana Beach,CA,92075,US,form_d,,,,,,,,
"Lodestone Biomedical, Inc.",0001710677,0001710677-25-000004,"10 WATER STREET, SUITE 265",LEBANON,NH,03766,US,form_d,,,,,,,,
"Paragon Biosciences Emalex Capital, Inc.",0001749990,0001749990-25-000003,"303 N WABASH AVE, SUITE # 3500",CHICACO,IL,60611,US,form_d,,,,,,,,
PHOENIX-AID INC.,0002076154,0000892712-25-000081,"3311 MOCKINGBIRD WAY, None",OSHKOSH,WI,54904,US,form_d,,,,,,,,
"Adela, Inc.",0001852167,0001852167-25-000001,"353 HATCH DRIVE, None",FOSTER CITY,CA,94404,US,form_d,,,,,,,,
DILON TECHNOLOGIES INC,0001047810,0001047810-25-000007,"701 MARINERS ROW, SUITE 200",NEWPORT NEWS,VA,23606,US,form_d,,,,,,,,
"LifeBridge Innovations, PBC",0001696893,0001696893-25-000003,"862 E. WILDMERE AVENUE, None",LONGWOOD,FL,32750,US,form_d,,,,,,,,
"Insigna, Inc.",0001780356,0001780356-25-000002,"2109 S. Oak St, Suite 100A, None",CHAMPAIGN,IL,61820,US,form_d,,,,,,,,
Veris Health Inc.,0002074979,0001094891-25-000013,"360 MADISON AVENUE, 25TH FLOOR",NEW YORK,NY,10017,US,form_d,,,,,,,,
"Tharimmune, Inc.",0001861657,0001641172-25-018011,"34 SHREWSBURY AVENUE, None",RED BANK,NJ,07701,US,form_d,,,,,,,,
"ACTUATE THERAPEUTICS, INC.",0001652935,0001683168-25-004957,"1751 RIVER RUN, SUITE 400",FORT WORTH,TX,76107,US,form_d,,,,,,,,
"ProPhase Labs, Inc.",0000868278,0001641172-25-017941,"626 RXR PLAZA, 6TH FLOOR, None",UNIONDALE,NY,11556,US,form_d,,,,,,,,
"Bright Uro, Inc.",0002002648,0002002648-25-000002,"3 Goddard, None",Irvine,CA,92618,US,form_d,,,,,,,,
"Bright Uro, Inc.",0002002648,0002002648-25-000001,"3 Goddard, None",Irvine,CA,92618,US,form_d,,,,,,,,
"SYNTIS BIO, INC.",0001943061,0001943061-25-000005,"135 MORRISSEY BLVD, SUITE 101A",BOSTON,MA,02125,US,form_d,,,,,,,,
INANOVATE INC,0001366325,0001366325-25-000001,"2329 N. CAREER AVENUE STE 113., None",SIOUX FALLS,SD,57107,US,form_d,,,,,,,,
"General Oncology, Inc.",0001658021,0001658021-25-000002,"202 WASHINGTON STREET, SUITE 318, None",BROOKLINE,MA,02445,US,form_d,,,,,,,,
"Evofem Biosciences, Inc.",0001618835,0001641172-25-017535,"7770 REGENTS ROAD, SUITE 113-618",SAN DIEGO,CA,92122,US,form_d,,,,,,,,
Conexeu Sciences Inc.,0002066836,0002060755-25-000024,"50 WEST LIBERTY STREET, SUITE 880, None",RENO,NV,89501,US,form_d,,,,,,,,
"OrthoBio Therapeutics, Inc.",0001904099,0001904099-25-000002,"1300 N. Frontage Road, #5937, None",Vail,CO,81657,US,form_d,,,,,,,,
"EMIT IMAGING, INC.",0001973076,0001973076-25-000001,"12 Michigan Drive, None",Natick,MA,01760,US,form_d,,,,,,,,
"Quince Therapeutics, Inc.",0001662774,0001662774-25-000035,"611 GATEWAY BLVD., SUITE 273, None",SOUTH SAN FRANCISCO,CA,94080,US,form_d,,,,,,,,
"Sparrow Pharmaceuticals, Inc.",0001786949,0001786949-25-000002,"1050 Southwest 6th Street, Suite 1100",PORTLAND,OR,97204,US,form_d,,,,,,,,
"Arialys Therapeutics, Inc.",0001956823,0002060132-25-000001,"11099 NORTH TORREY PINES ROAD, SUITE 290, None",LA JOLLA,CA,92037,US,form_d,,,,,,,,
"Cadrenal Therapeutics, Inc.",0001937993,0001213900-25-127129,"822 A1A NORTH, SUITE 306",PONTE VEDRA,FL,32082,US,form_d,,,,,,,,
"Genialis, Inc.",0001948756,0001948756-25-000002,"68 HARRISON AVE #605, PMB 29417",BOSTON,MA,02111,US,form_d,,,,,,,,
Alume Biosciences Inc,0001782348,0001782348-25-000005,"2223 AVENIDA DE LA PLAYA, SUITE 205",LA JOLLA,CA,92037,US,form_d,,,,,,,,
"Digital Biotechnologies, Inc.",0002103021,0002103021-25-000002,"1551 Eastlake Avenue East, None",SEATTLE,WA,98102,US,form_d,,,,,,,,
"IN8BIO, INC.",0001740279,0001231919-25-000676,"EMPIRE STATE BUILDING, 350 5TH AVENUE, SUITE 5330",NEW YORK,NY,10118,US,form_d,,,,,,,,
"DMC Biotechnologies, Inc.",0001728411,0001231919-25-000673,"2477 55TH STREET, SUITE 120, None",BOULDER,CO,80301,US,form_d,,,,,,,,
"DMC Biotechnologies, Inc.",0001728411,0001231919-25-000671,"2477 55TH STREET, SUITE 120, None",BOULDER,CO,80301,US,form_d,,,,,,,,
"Nacuity Pharmaceuticals, Inc.",0001690279,0001690279-25-000002,"FORT WORTH CLUB BLDG., 306 W. 7TH STREET, SUITE 310",FORT WORTH,TX,76102,US,form_d,,,,,,,,
"Tivic Health Systems, Inc.",0001787740,0001683168-25-009395,"47685 LAKEVIEW BLVD, None",FREMONT,CA,94538,US,form_d,,,,,,,,
"Tivic Health Systems, Inc.",0001787740,0001683168-25-009394,"47685 LAKEVIEW BLVD, None",FREMONT,CA,94538,US,form_d,,,,,,,,
"SLAM BioTherapeutics, Inc.",0001983523,0001983523-25-000004,"2945 TOWNSGATE RD., SUITE 200, None",WESTLAKE VILLAGE,CA,91361,US,form_d,,,,,,,,
"Aprea Therapeutics, Inc.",0001781983,0001781983-25-000003,"3805 OLD EASTON ROAD, None",DOYLESTOWN,PA,18902,US,form_d,,,,,,,,
GEN1E LIFESCIENCES INC.,0001752886,0001752886-25-000002,"1895 El Camino Real, None",Palo Alto,CA,94306,US,form_d,,,,,,,,
Myrtelle Inc.,0001868532,0001213900-25-125478,"17 STATE STREET, FL3, SUITE 350",NEW YORK,NY,10004,US,form_d,,,,,,,,
"Enveric Biosciences, Inc.",0000890821,0000890821-25-000006,"245 FIRST STREET RIVERVIEW II 18TH FLOOR, None",CAMBRIDGE,MA,02142,US,form_d,,,,,,,,
"Nature's Toolbox, Inc.",0001798793,0001798793-25-000004,"7701 INNOVATION WAY, None",RIO RANCHO,NM,87144,US,form_d,,,,,,,,
AETHLON MEDICAL INC,0000882291,0000882291-25-000004,"11555 SORRENTO VALLEY ROAD, SUITE 203, Suite 203",SAN DIEGO,CA,92121,US,form_d,,,,,,,,
"Koios Medical, Inc.",0001764417,0001764417-25-000003,"242 W. 38TH STREET, 14TH FLOOR",NEW YORK,NY,10018,US,form_d,,,,,,,,
SYNDEVRX INC,0001455364,0001455364-25-000003,"ONE BROADWAY, 14TH FLOOR",CAMBRIDGE,MA,02142,US,form_d,,,,,,,,
"Cytogel Pharma, LLC",0001491841,0001213900-25-125022,"3 THORNDAL CIRCLE, None",DARIEN,CT,06820,US,form_d,,,,,,,,
"Auron Therapeutics, Inc.",0001746139,0001746139-25-000003,"55 CHAPEL STREET, SUITE 100",NEWTON,MA,02458,US,form_d,,,,,,,,
"Mediar Therapeutics, Inc.",0001766784,0001766784-25-000002,"20 OVERLAND STREET, SUITE 520",BOSTON,MA,02215,US,form_d,,,,,,,,
"Cytogel Pharma, LLC",0001491841,0001213900-25-124742,"3 THORNDAL CIRCLE, None",DARIEN,CT,06820,US,form_d,,,,,,,,
"Sift Biosciences, Inc.",0002100765,0002100765-25-000001,"7333 INDUSTRIAL ROAD, None",SAN CARLOS,CA,94070,US,form_d,,,,,,,,
"PROSPER WITH POSTURE, LLC",0002100035,0002100035-25-000001,"2210 UNIVERSITY CLUB DRIVE, UNIT 8A",AUSTIN,TX,78732,US,form_d,,,,,,,,
"PRO-LINE HEALTH PRODUCTS, Ltd LIABILITY Co",0002100031,0002100031-25-000002,"2210 UNIVERSITY CLUB DRIVE, UNIT 8A",AUSTIN,TX,78732,US,form_d,,,,,,,,
"Addition Therapeutics, Inc.",0002102340,0002102340-25-000001,"201 HASKINS WAY, SUITE 300, None",SOUTH SAN FRANCISCO,CA,94080,US,form_d,,,,,,,,
Mitera Biosciences Inc.,0002022224,0002022224-25-000003,"3120 139TH AVENUE SOUTHEAST, SUITE 500",BELLEVUE,WA,98005,US,form_d,,,,,,,,
"Aeovian Pharmaceuticals, Inc.",0001710088,0000905148-25-004456,"2930 Domingo Ave., Suite 145, None",Berkeley,CA,94705,US,form_d,,,,,,,,
AMERICAN GENE TECHNOLOGIES INTERNATIONAL INC.,0001586824,0001586824-25-000005,"108 MONROE STREET, SUITE 202, None",ROCKVILLE,MD,20850,US,form_d,,,,,,,,
"Avana Health, Inc.",0001952808,0001952808-25-000002,"1537 BULL LEE ROAD, SUITE 200",LEXINGTON,KY,40511,US,form_d,,,,,,,,
"Amphix Bio, Inc.",0002101704,0002101704-25-000001,"400 N. ABERDEEN ST., SUITE 900",CHICAGO,IL,60642,US,form_d,,,,,,,,
"InSitu Biologics, Inc",0001723443,0001723443-25-000003,"3510 Hopkins Place N., Building 4",Oakdale,MN,55128,US,form_d,,,,,,,,
Paulex Bio Inc.,0002071082,0001493152-25-028344,"6083 OAKGATE ROW, None",LA JOLLA,CA,92037,US,form_d,,,,,,,,
"NEONC TECHNOLOGIES HOLDINGS, INC.",0001979414,0001979414-25-000006,"23975 PARK SORRENTO, SUITE 205",CALABASAS,CA,91302,US,form_d,,,,,,,,
"Delfi Diagnostics, Inc.",0001783735,0000905148-25-004422,"1810 Embarcadero Road, Suite 100",Palo Alto,CA,94303,US,form_d,,,,,,,,
"Ceretype Neuromedicine, Inc.",0001884863,0001884863-25-000004,"1 Broadway, 14th Floor, None",Cambridge,MA,02142,US,form_d,,,,,,,,
INNOVAPREP INC.,0001753878,0001753878-25-000002,"132 EAST MAIN STREET, None",DREXEL,MO,64742,US,form_d,,,,,,,,
"NextEvo, Inc.",0002053885,0002053885-25-000005,"181 WASHINGTON STREET, SUITE 450",CONSHOHOCKEN,PA,19428,US,form_d,,,,,,,,
"Mel-Mont Medical, Inc.",0001832591,0001832591-25-000005,"11467 NW 34TH STREET, None",DORAL,FL,33178,US,form_d,,,,,,,,
"Nuclein, LLC",0001787352,0001787352-25-000006,"8305 CROSS PARK DR, None",AUSTIN,TX,78754,US,form_d,,,,,,,,
Bio Usawa Inc.,0002095500,0002095500-25-000003,"100 PINE STREET, SUITE 1250",SAN FRANCISCO,CA,94111,US,form_d,,,,,,,,
Bio Usawa Inc.,0002095500,0002095500-25-000002,"100 PINE STREET, SUITE 1250",SAN FRANCISCO,CA,94111,US,form_d,,,,,,,,
Bio Usawa Inc.,0002095500,0002095500-25-000001,"100 PINE STREET, SUITE 1250",SAN FRANCISCO,CA,94111,US,form_d,,,,,,,,
"FibroBiologics, Inc.",0001958777,0001493152-25-028000,"455 E. MEDICAL CENTER BLVD, SUITE 300, None",HOUSTON,TX,77598,US,form_d,,,,,,,,
LivFul Inc.,0001845848,0001845848-25-000003,"6 S. 1ST STREET, SUITE 225, None",TEMPLE,TX,76501,US,form_d,,,,,,,,
Revalesio Corp,0001552377,0001552377-25-000005,"1202 E. D ST, None",TACOMA,WA,98421,US,form_d,,,,,,,,
"Imbria Pharmaceuticals, Inc.",0001745672,0001104659-25-121539,"265 FRANKLIN STREET, SUITE #1702",BOSTON,MA,02110,US,form_d,,,,,,,,
"Mel-Mont Medical, Inc.",0001832591,0001832591-25-000004,"11467 NW 34TH STREET, None",DORAL,FL,33178,US,form_d,,,,,,,,
"Novilytic, LLC",0001850261,0001850261-25-000002,"1281 WIN HENTSCHEL BLVD, None",WEST LAFAYETTE,IN,47906,US,form_d,,,,,,,,
Telos Biotech Inc.,0001815708,0001815708-25-000002,"3060 Pegasus Park Dr, Building 6",Dallas,TX,75247,US,form_d,,,,,,,,
"Consano Bio, Inc.",0001981285,0001981285-25-000005,"100 SUMMIT DRIVE, None",BURLINGTON,MA,01803,US,form_d,,,,,,,,
"Oncotelic Therapeutics, Inc.",0000908259,0001493152-25-027270,"29397 AGOURA ROAD, SUITE 107",AGOURA HILLS,CA,91301,US,form_d,,,,,,,,
Auxilium Biotechnologies Inc.,0001800618,0001800618-25-000004,"3945 CARMEL SPRINGS WAY, None",SAN DIEGO,CA,92130,US,form_d,,,,,,,,
"Cellphire, Inc.",0001815181,0001815181-25-000002,"9430 KEY WEST AVENUE, SUITE 250, None",ROCKVILLE,MD,20850,US,form_d,,,,,,,,
Verrica Pharmaceuticals Inc.,0001660334,0001231919-25-000594,"44 W. Gay St., Suite 400, None",WEST CHESTER,PA,19380,US,form_d,,,,,,,,
"Ansa Biotechnologies, Inc.",0001816722,0001231919-25-000593,"1198 65TH STREET #250, None",EMERYVILLE,CA,94608,US,form_d,,,,,,,,
"BlossomHill Therapeutics, Inc.",0001839970,0001231919-25-000592,"10255 SCIENCE CENTER DRIVE, SUITE 200",SAN DIEGO,CA,92121,US,form_d,,,,,,,,
"NextCure, Inc.",0001661059,0001104659-25-119801,"9000 VIRGINIA MANOR ROAD, SUITE 200",BELTSVILLE,MD,20705,US,form_d,,,,,,,,
"Invea Therapeutics, Inc",0001906425,0001906425-25-000004,"2614 BOSTON POST ROAD, SUITE 33B, None",GUILFORD,CT,06437,US,form_d,,,,,,,,
Relation Therapeutics Inc.,0001876828,0001876828-25-000003,"1000 South Pointe Dr., PH 1605",Miami Beach,FL,33319,US,form_d,,,,,,,,
"Cresilon, Inc.",0001728054,0001728054-25-000004,"86 34th St., Suite 6-3-D, None",BROOKLYN,NY,11232,US,form_d,,,,,,,,
"Apnimed, Inc.",0001745648,0001745648-25-000005,"39 JOHN F. KENNEDY STREET, 4TH FLR., None",CAMBRIDGE,MA,02138,US,form_d,,,,,,,,
"Armonica Technologies, Inc.",0001714729,0001714729-25-000002,"5901 INDIAN SCHOOL RD NE, None",ALBUQUERQUE,NM,87110,US,form_d,,,,,,,,
"Medicovestor, Inc.",0002099357,0002099357-25-000001,"17 STATE STREET, 40TH FLOOR",NEW YORK,NY,10004,US,form_d,,,,,,,,
"Zeo ScientifiX, Inc.",0001557376,0001829126-25-009746,"3321 COLLEGE AVENUE, SUITE 246",DAVIE,FL,33314,US,form_d,,,,,,,,
"MindImmune Therapeutics, Inc.",0001792522,0001792522-25-000002,"130 FLAGG ROAD, None",KINGSTON,RI,02881,US,form_d,,,,,,,,
"Aminex Therapeutics, Inc.",0001613386,0001470831-25-000383,"6830 NE Bothell Way Ste C139, None",Kenmore,WA,98028,US,form_d,,,,,,,,
"Odyssey Therapeutics, Inc.",0001882782,0001104659-25-118426,"51 SLEEPER STREET, None",BOSTON,MA,02210,US,form_d,,,,,,,,
"Medici Therapeutics, Inc.",0002097084,0002097084-25-000001,"230 COMMONWEALTH AVENUE, APT. 4",BOSTON,MA,02116,US,form_d,,,,,,,,
"Triana Biomedicines, Inc.",0001815337,0001815337-25-000003,"1050 WALTHAM STREET, SUITE 301",LEXINGTON,MA,02421,US,form_d,,,,,,,,
"FibroBiologics, Inc.",0001958777,0001493152-25-025997,"455 E. MEDICAL CENTER BLVD, SUITE 300, None",HOUSTON,TX,77598,US,form_d,,,,,,,,
"FibroBiologics, Inc.",0001958777,0001493152-25-025995,"455 E. MEDICAL CENTER BLVD, SUITE 300, None",HOUSTON,TX,77598,US,form_d,,,,,,,,
EmpNia Inc.,0001997597,0001997597-25-000002,"4500 LAKEVIEW DRIVE, None",EDINA,MN,55424,US,form_d,,,,,,,,
Mantis Biotechnology Corp,0002099347,0002099347-25-000001,"576 EUREKA STREET, None",SAN FRANCISCO,CA,94114,US,form_d,,,,,,,,
"ADIAL PHARMACEUTICALS, INC.",0001513525,0001213900-25-117804,"4870 SADLER ROAD, SUITE 300",GLEN ALLEN,VA,23060,US,form_d,,,,,,,,
"WAVECLEAR, INC.",0001829551,0001829551-25-000002,"1001 STATE STREET, SUITE 907",ERIE,PA,16501,US,form_d,,,,,,,,
"Pneuma Respiratory, Inc.",0001701794,0000935836-25-000714,"870 STATE FARM ROAD, SUITE 103-B, None",BOONE,NC,28607,US,form_d,,,,,,,,
"Pneuma Respiratory, Inc.",0001701794,0000935836-25-000713,"870 STATE FARM ROAD, SUITE 103-B, None",BOONE,NC,28607,US,form_d,,,,,,,,
Paretor LLC,0002050840,0002050840-25-000003,"155 ARLINGTON ST WATERTOWN, None",WATERTOWN,MA,02472,US,form_d,,,,,,,,
Ophthalmic Therapeutic Innovation LLC,0002098204,0002098204-25-000001,"155 Arlington St, None",Watertown,MA,02472,US,form_d,,,,,,,,
BioSynchronicity Corp,0001848527,0001848527-25-000002,"REGISTERED AGENTS INC., 100 N. HOWARD ST, STE R",SPOKANE,WA,99201,US,form_d,,,,,,,,
Tasca Therapeutics Corp,0002046762,0002046762-25-000005,"55 SPINELLI PLACE, None",CAMBRIDGE,MA,02138,US,form_d,,,,,,,,
"MuscleSound, Inc.",0001676647,0001676647-25-000002,"6355 EAST TUFTS AVENUE, None",ENGLEWOOD,CO,80111,US,form_d,,,,,,,,
"BTB Therapeutics, Inc.",0002055053,0002055053-25-000003,"26281 WYNDEMERE COURT, None",ESCONDIDO,CA,92026,US,form_d,,,,,,,,
"CoFlo Medical, Inc.",0002098562,0002098562-25-000001,"135 Mississippi Street, None",San Francisco,CA,94107,US,form_d,,,,,,,,
"TYBR Health, Inc.",0001835188,0001835188-25-000005,"2450 Holcombe Blvd, None",HOUSTON,TX,77021,US,form_d,,,,,,,,
ENRICH BIOSYSTEMS INC.,0001931770,0001931770-25-000002,"21 BUSINESS PARK DRIVE, SUITE 4, None",BRANFORD,CT,06405,US,form_d,,,,,,,,
NanoMosaic Inc.,0001897840,0001897840-25-000003,"600 Winter St., None",Waltham,MA,02451,US,form_d,,,,,,,,
"Par Health, Inc.",0002096530,0001193125-25-296931,"675 James S. McDonnell Blvd., None",St. Louis,MO,63042,US,form_d,,,,,,,,
"Repair Biotechnologies, Inc.",0001750699,0001750699-25-000002,"841 E Fayette Street, None",Syracuse,NY,13210,US,form_d,,,,,,,,
"Regenimo Biosciences, Inc.",0002096367,0002096367-25-000001,"3262 WESTHEIMER RD. #762, None",HOUSTON,TX,77098,US,form_d,,,,,,,,
"Solve Therapeutics, Inc.",0001905252,0001231919-25-000548,"1025 ALAMEDA DE LAS PULGAS, SUITE 122, None",BELMONT,CA,94002,US,form_d,,,,,,,,
"Jaguar Health, Inc.",0001585608,0001193125-25-293746,"200 Pine St., Ste 400, None",San Francisco,CA,94104,US,form_d,,,,,,,,
"Pelage Pharmaceuticals, Inc.",0001982875,0001982875-25-000002,"907 WESTWOOD BLVD #384, None",LOS ANGELES,CA,90024,US,form_d,,,,,,,,
PreventiveHealth.ai,0002097591,0002097591-25-000001,"25252 W FREMONT ROAD, None",LOS ALTOS HILLS,CA,94022,US,form_d,,,,,,,,
"XTRESSE, LLC",0002097458,0002097458-25-000001,"3801 AVALON PARK E. BLVD, SUITE 350A",ORLANDO,FL,32828,US,form_d,,,,,,,,
"Kamal Therapeutics, Inc.",0001880064,0001880064-25-000004,"66 CLUBHOUSE DRIVE, None",HINGHAM,MA,02043,US,form_d,,,,,,,,
"Galecto, Inc.",0001800315,0001193125-25-291332,"75 State Street, Suite 100",Boston,MA,02109,US,form_d,,,,,,,,
"Anuncia Medical, Inc.",0001889938,0001889938-25-000002,"6908 E Thomas Rd., Suite 302",Scottsdale,AZ,85251,US,form_d,,,,,,,,
"Iambic Therapeutics, Inc.",0001997038,0001997038-25-000002,"5627 OBERLIN DRIVE, SUITE 120, None",SAN DIEGO,CA,92121,US,form_d,,,,,,,,
"RPT Labworks, Inc.",0002097608,0000892712-25-000163,"4000 WILNOR DRIVE, None",OREGON,WI,53575,US,form_d,,,,,,,,
"RCE Technologies, Inc.",0001791860,0001791860-25-000003,"2292 FARADAY AVE. #19, None",CARLSBAD,CA,92008,US,form_d,,,,,,,,
Conexeu Sciences Inc.,0002066836,0002060755-25-000059,"50 WEST LIBERTY STREET, SUITE 880, None",RENO,NV,89501,US,form_d,,,,,,,,
"ECLIPSE BIOINNOVATIONS, INC.",0001881936,0001881936-25-000002,"5770 Oberlin Dr., None",SAN DIEGO,CA,92121,US,form_d,,,,,,,,
"Solarea Bio, Inc.",0001823902,0001823902-25-000002,"100 BEAVER STREET, SUITE 308",WALTHAM,MA,02453,US,form_d,,,,,,,,
SPINEOLOGY INC,0001165842,0001165842-25-000003,"7800 3RD STR N #600, None",ST. PAUL,MN,55128,US,form_d,,,,,,,,
Pelthos Therapeutics Inc.,0001919246,0001919246-25-000006,"4020 STIRRUP CREEK DRIVE, SUITE 110",DURHAM,NC,27703,US,form_d,,,,,,,,
VST BIO Corp,0002093250,0001231919-25-000520,"4653 CARMEL MOUNTAIN ROAD, STE 308, PMB 1015",SAN DIEGO,CA,92130,US,form_d,,,,,,,,
"Dualitas Therapeutics, Inc.",0002091994,0001231919-25-000517,"681 GATEWAY BOULEVARD, SUITE 411, None",SOUTH SAN FRANCISCO,CA,94080,US,form_d,,,,,,,,
"Pleural Dynamics, Inc.",0001812981,0001437749-25-035552,"952 Medina Road, None",Wayzata,MN,55391,US,form_d,,,,,,,,
Quarry Glue Holding Co LLC,0002096610,0002096610-25-000001,"55 CHURCH ST SUITE 800, None",NEW HAVEN,CT,06510,US,form_d,,,,,,,,
AMERICAN GENE TECHNOLOGIES INTERNATIONAL INC.,0001586824,0001586824-25-000004,"199 East Montgomery Ave., Suite 100, None",ROCKVILLE,MD,20850,US,form_d,,,,,,,,
Adze Biotechnology Inc,0001787508,0001787508-25-000004,"2332 GALIANO STREET, 2ND FL, None",CORAL GABLES,FL,33134,US,form_d,,,,,,,,
"Qlaris Bio, Inc.",0001786717,0001786717-25-000002,"770 Legacy Place, 2nd Floor",Dedham,MA,02026,US,form_d,,,,,,,,
SYNDEVRX INC,0001455364,0001455364-25-000002,"ONE BROADWAY, 14TH FLOOR",CAMBRIDGE,MA,02142,US,form_d,,,,,,,,
"Pacific Diabetes Technologies, Inc.",0001835476,0001835476-25-000004,"12172 SW GARDEN PL, None",PORTLAND,OR,97223,US,form_d,,,,,,,,
"VitriVax, Inc.",0001965109,0001965109-25-000002,"5500 Central Avenue, None",BOULDER,CO,80301,US,form_d,,,,,,,,
"NEUROPATHIX, INC.",0001615999,0001615999-25-000003,"3805 OLD EASTON ROAD, None",DOYLESTOWN,PA,18902,US,form_d,,,,,,,,
"DesiCorp, Inc.",0001997477,0001997477-25-000002,"201 E. JEFFERSON STREET, None",LOUISVILLE,KY,40202,US,form_d,,,,,,,,
FEMASYS INC,0001339005,0000945621-25-001138,"3950 JOHNS CREEK COURT, SUITE 100",SUWANEE,GA,30024,US,form_d,,,,,,,,
Milestone Gynomics Corp.,0002096871,0002096871-25-000002,"20425 VIA PAVISO APT. D27, None",CUPERTINO,CA,95014,US,form_d,,,,,,,,
Carolina Molecular Inc.,0002096691,0002096691-25-000001,"133 SOUTHCENTER COURT STE 400, None",MORRISVILLE,NC,27560,US,form_d,,,,,,,,
"ELIXIRGEN THERAPEUTICS, INC.",0001744333,0001744333-25-000004,"855 N. WOLFE ST., SUITE 624",BALTIMORE,MD,21205,US,form_d,,,,,,,,
Conexeu Sciences Inc.,0002066836,0002060755-25-000054,"50 WEST LIBERTY STREET, SUITE 880, None",RENO,NV,89501,US,form_d,,,,,,,,
Alume Biosciences Inc,0001782348,0001782348-25-000004,"2223 AVENIDA DE LA PLAYA, SUITE 205",LA JOLLA,CA,92037,US,form_d,,,,,,,,
Phio Pharmaceuticals Corp.,0001533040,0001123292-25-000633,"411 SWEDELAND ROAD, SUITE 23-1080",KING OF PRUSSIA,PA,19406,US,form_d,,,,,,,,
AecorBio Inc.,0002096383,0002096383-25-000001,"1455 ADAMS DRIVE, SUITE 2043",MENLO PARK,CA,94025,US,form_d,,,,,,,,
"ZETAGEN THERAPEUTICS, INC.",0001730728,0001730728-25-000003,"841 EAST FAYETTE STREET, None",SYRACUSE,NY,13210,US,form_d,,,,,,,,
"PIPr Therapeutics, Inc.",0001687466,0001687466-25-000004,"280 S. MANGUM ST., SUITE 350",DURHAM,NC,27701,US,form_d,,,,,,,,
"Pinteon Therapeutics, Inc.",0001613926,0001613926-25-000002,"1188 CENTRE STREET, None",NEWTON CENTRE,MA,02459,US,form_d,,,,,,,,
"Metallomix, Inc",0001894153,0001894153-25-000004,"175 SW 7TH ST, SUITE 1702",MIAMI,FL,33130,US,form_d,,,,,,,,
"TuHURA Biosciences, Inc./NV",0001498382,0001498382-25-000004,"10500 UNIVERSITY CENTER DR., SUITE 110",TAMPA,FL,33612,US,form_d,,,,,,,,
EPALEX Corp,0001755010,0001755010-25-000003,"1049 EL MONTE AVENUE, SUITE C 585, None",MOUNTAIN VIEW,CA,94040,US,form_d,,,,,,,,
"ARTELO BIOSCIENCES, INC.",0001621221,0001640334-25-001998,"505 Lomas Santa Fe, Suite 160",Solana Beach,CA,92075,US,form_d,,,,,,,,
"TearSolutions, Inc.",0001611687,0001477932-25-008012,"315 Old Ivy Way, Suite 301",Charlottesville,VA,22903,US,form_d,,,,,,,,
"Rani Therapeutics Holdings, Inc.",0001856725,0001231919-25-000450,"2051 RINGWOOD AVENUE, None",SAN JOSE,CA,95131,US,form_d,,,,,,,,
"Perimetrics, Inc.",0001924441,0001924441-25-000002,"8441 154TH AVENUE NE, BLDG H-210, None",REDMOND,WA,98052,US,form_d,,,,,,,,
"Shuttle Pharmaceuticals Holdings, Inc.",0001757499,0001757499-25-000003,"401 PROFESSIONAL DRIVE, SUITE 260",GAITHERSBURG,MD,20879,US,form_d,,,,,,,,
"Protein Dynamic Solutions, Inc.",0001780775,0001780775-25-000004,"251 Little Falls Drive, None",Wilmington,DE,19808,US,form_d,,,,,,,,
"GRAIL, Inc.",0001699031,0001699031-25-000183,"1525 O'Brien Drive, None",Menlo Park,CA,94025,US,form_d,,,,,,,,
HarmonIQ Biosciences Inc.,0002093430,0002093430-25-000001,"2918 RM 620 N #239, None",AUSTIN,TX,78734,US,form_d,,,,,,,,
Gut-Brain-Axis Therapeutics Inc.,0001996678,0001996678-25-000002,"1340 E VINEDO LANE, None",TEMPE,AZ,85284,US,form_d,,,,,,,,
Prelude Corp,0001669317,0001669317-25-000002,"26051 MERIT CIRCLE, SUITE 102",LAGUNA HILLS,CA,92653,US,form_d,,,,,,,,
Circula-AI Inc,0002055042,0002055042-25-000005,"1199 SOUTH FEDERAL HWY, STE 291",BOCA RATON,FL,33432,US,form_d,,,,,,,,
"Osteal Therapeutics, Inc.",0001735936,0001231919-25-000432,"4835 LYNDON B. JOHNSON FWY STE 635, None",DALLAS,TX,75244,US,form_d,,,,,,,,
"Luminary Therapeutics, Inc.",0001793860,0001437749-25-033325,"1200 Washington Avenue South, Suite 260",Minneapolis,MN,55415,US,form_d,,,,,,,,
"Gregor Diagnostics, Inc.",0001746381,0001746381-25-000002,"5910 N. Central Expressway, Suite 1400",Dallas,TX,75206,US,form_d,,,,,,,,
Medsyn Biopharma LLC,0001966428,0001966428-25-000002,"120 W Main St., Ste 300",Northville,MI,48167-1584,US,form_d,,,,,,,,
"Jupiter Biomedical Research, Inc.",0001694280,0001079973-25-001660,"3710 BUCKEYE STREET, STE. 100",PALM BEACH GARDENS,FL,33410,US,form_d,,,,,,,,
Neo Quantum Era Inc.,0002094894,0002094894-25-000001,"1031 HARDING PARK, None",BRONX,NY,10473,US,form_d,,,,,,,,
Paretor LLC,0002050840,0002050840-25-000002,"155 ARLINGTON ST WATERTOWN, None",WATERTOWN,MA,02472,US,form_d,,,,,,,,
"Tempero Bio, Inc.",0002095129,0002095129-25-000001,"1111 BROADWAY, SUITE 1300, None",OAKLAND,CA,94607,US,form_d,,,,,,,,
Celularity Inc,0001752828,0001493152-25-020624,"170 PARK AVENUE, None",FLORHAM PARK,NJ,07932,US,form_d,,,,,,,,
PHOTOPHARMICS INC,0001561150,0001561150-25-000007,"3451 NORTH TRIUMPH BLVD, SUITE 201",LEHI,UT,84043,US,form_d,,,,,,,,
"BiomeSense, Inc.",0001789915,0001789915-25-000002,"2242 W. HARRISON ST, STE 201",CHICAGO,IL,60612,US,form_d,,,,,,,,
Canvas Master Fund LP,0002078471,0002078471-25-000007,"2980 McFarlane Road, SUITE 200",Coconut Grove,FL,33133,US,form_d,,,,,,,,
Oxbridge Clinical Inc.,0002094607,0002094607-25-000001,"75 KNEELAND ST 14TH FL, None",BOSTON,MA,02111,US,form_d,,,,,,,,
Alume Biosciences Inc,0001782348,0001782348-25-000003,"2223 AVENIDA DE LA PLAYA, SUITE 205",LA JOLLA,CA,92037,US,form_d,,,,,,,,
"Avicenna Biosciences, Inc.",0001824034,0001824034-25-000002,"101 W. CHAPEL HILL STREET, SUITE 210, None",DURHAM,NC,27701,US,form_d,,,,,,,,
"ReelReactor, Inc.",0001964579,0001964579-25-000002,"2601 N. Penrose Place, None",Star,ID,83669,US,form_d,,,,,,,,
"Electra Therapeutics, Inc.",0002088082,0001231919-25-000372,"230 EAST GRAND AVENUE, SUITE S-100, None",SOUTH SAN FRANCISCO,CA,94080,US,form_d,,,,,,,,
Moberg Analytics Inc,0002093765,0002093765-25-000001,"109 S. 13TH ST., UNIT 2-SOUTH",PHILADELPHIA,PA,19107,US,form_d,,,,,,,,
"Jabez Biosciences, Inc.",0002038185,0001213900-25-103046,"2009 MACKENZIE, SUITE 100",CRANBERRY TWP.,PA,16066,US,form_d,,,,,,,,
"Enfuego Therapeutics, Inc.",0001866961,0001866961-25-000002,"37 LINDA LEE CIRCLE, None",PITTSBORO,NC,27312,US,form_d,,,,,,,,
"Tango Therapeutics, Inc.",0001819133,0001819133-25-000003,"201 BROOKLINE AVENUE, SUITE 901",BOSTON,MA,02215,US,form_d,,,,,,,,
"Alto Neuroscience, Inc.",0001999480,0001231919-25-000357,"650 CASTRO STREET, SUITE 450, None",MOUNTAIN VIEW,CA,94041,US,form_d,,,,,,,,
"Prince Biotech, Inc.",0002093745,0002093745-25-000001,"5496 WINDING CAPE WAY, None",MASON,OH,45040,US,form_d,,,,,,,,
ENDRA Life Sciences Inc.,0001681682,0001681682-25-000004,"3600 GREEN COURT, SUITE 350",ANN ARBOR,MI,48105,US,form_d,,,,,,,,
Eliaz Therapeutics Inc.,0002042609,0001062993-25-016285,"398 TESCONI COURT, None",SANTA ROSA,CA,95401,US,form_d,,,,,,,,
"Nok Therapeutics, Inc.",0002038166,0001213900-25-102039,"2009 MACKENZIE WAY, SUITE 100",CRANBERRY TWP,PA,16066,US,form_d,,,,,,,,
"Nok Therapeutics, Inc.",0002038166,0001213900-25-102036,"2009 MACKENZIE WAY, SUITE 100",CRANBERRY TWP.,PA,16066,US,form_d,,,,,,,,
"Mercury Bio, Inc.",0001952927,0001952927-25-000003,"3900 PASEO DEL SOL, None",SANTA FE,NM,87507,US,form_d,,,,,,,,
"Theriva Biologics, Inc.",0000894158,0001104659-25-101914,"9605 MEDICAL CENTER DRIVE, SUITE 270",ROCKVILLE,MD,20850,US,form_d,,,,,,,,
"RECODE THERAPEUTICS, INC.",0001693764,0000905148-25-003655,"1140 O'Brien Drive, None",Menlo Park,CA,94025,US,form_d,,,,,,,,
"Quoin Pharmaceuticals, Ltd.",0001671502,0001104659-25-101869,"42127 PLEASANT FOREST COURT, None",ASHBURN,VA,20148-7349,US,form_d,,,,,,,,
Canvas Master Fund LP,0002078471,0002078471-25-000006,"929 ALTON ROAD, SUITE 500",MIAMI BEACH,FL,33139,US,form_d,,,,,,,,
"Triton Therapeutics, Inc.",0002088152,0002088152-25-000001,"700 FAIRFIELD AVENUE, SUITE 1, None",STAMFORD,CT,06902,US,form_d,,,,,,,,
Auxilium Biotechnologies Inc.,0001800618,0001800618-25-000002,"4923 Bradshaw Ct., None",SAN DIEGO,CA,92130,US,form_d,,,,,,,,
"Instylla, Inc.",0001708696,0001708696-25-000004,"201 BURLINGTON ROAD, None",BEDFORD,MA,01730,US,form_d,,,,,,,,
"MarvelBiome, Inc.",0001815665,0001815665-25-000002,"8 Cabot Road, Suite 3500, None",Woburn,MA,01801,US,form_d,,,,,,,,
"Circulate Health, Inc.",0002078196,0002078196-25-000001,"1424 11TH AVE STE 400, None",SEATTLE,WA,98122,US,form_d,,,,,,,,
Andson Biotech Inc.,0002017131,0002017131-25-000004,"1705 COMMERCE DR NW, SUITE 100",ATLANTA,GA,30318,US,form_d,,,,,,,,
"Basking Biosciences, Inc.",0001824142,0001824142-25-000003,"964 High House Rd #3268, None",Cary,NC,27513,US,form_d,,,,,,,,
Elucid Bioimaging Inc.,0001585931,0002080612-25-000007,"399 Boylston Street, Suite 400",BOSTON,MA,02116,US,form_d,,,,,,,,
Symbio Bioculinary LLC,0002070840,0002070840-25-000003,"1515 LAFAYETTE PARK DR, UNIT D",BLOOMINGTON,IL,61701,US,form_d,,,,,,,,
"Blue Marlin Therapeutics, Inc.",0002092364,0002092364-25-000001,"200 GARRETT STREET, SUITE S",CHARLOTTESVILLE,VA,22902,US,form_d,,,,,,,,
"Jabez Biosciences, Inc.",0002038185,0001213900-25-100745,"2009 MACKENZIE, SUITE 100",CRANBERRY TWP.,PA,16066,US,form_d,,,,,,,,
"Jabez Biosciences, Inc.",0002038185,0001213900-25-100637,"2009 MACKENZIE WAY, SUITE 100",CRANBERRY TWP.,PA,16066,US,form_d,,,,,,,,
"Corner Therapeutics, Inc.",0002019875,0002019875-25-000004,"300 N. BEACON STREET, BUILDING 39, SUITE 202",WATERTOWN,MA,02472,US,form_d,,,,,,,,
"Pacific Diabetes Technologies, Inc.",0001835476,0001835476-25-000003,"12172 SW GARDEN PL, None",PORTLAND,OR,97223,US,form_d,,,,,,,,
"Vicora, Inc.",0002091847,0002091847-25-000001,"665 NORTHLAND AVENUE, None",BUFFALO,NY,14211,US,form_d,,,,,,,,
MOAT BIOTECHNOLOGY Corp,0001944095,0001944095-25-000002,"5501 White Fences Road, None",OKLAHOMA CITY,OK,73131,US,form_d,,,,,,,,
"Vergent Bioscience, Inc.",0001741495,0001741495-25-000004,"5810 W 78TH ST, STE 222",MINNEAPOLIS,MN,55439,US,form_d,,,,,,,,
"Cleveland Diagnostics, Inc.",0001637038,0001637038-25-000003,"3615 SUPERIOR AVENUE STE 4407B, None",CLEVELAND,OH,44114,US,form_d,,,,,,,,
"inSoma Bio, Inc.",0001814250,0001814250-25-000002,"701 W. MAIN STREET, SUITE 410, None",DURHAM,NC,27701,US,form_d,,,,,,,,
"Biovantix Biotechnology, Inc",0002092174,0001683168-25-007630,"8 THE GREEN STE A, None",DOVER,DE,19901,US,form_d,,,,,,,,
"Biovantix Biotechnology, Inc",0002092174,0001683168-25-007628,"8 THE GREEN STE A, None",DOVER,DE,19901,US,form_d,,,,,,,,
"SPRUCE BIOSCIENCES, INC.",0001683553,0001683553-25-000003,"611 GATEWAY BOULEVARD, SUITE 740, None",SOUTH SAN FRANCISCO,CA,94080,US,form_d,,,,,,,,
"BlueWhale Bio, Inc.",0001989669,0001989669-25-000002,"2929 ARCH ST, None",PHILADELPHIA,PA,19104,US,form_d,,,,,,,,
Celestia Diagnostics Inc.,0002091561,0002091561-25-000001,"2000 9TH AVE S, RM F404",BIRMINGHAM,AL,35205,US,form_d,,,,,,,,
"IMMUNOPROFILE, LLC",0001807063,0001807063-25-000002,"850 S. COLLIER BLVD., UNIT 401",MARCO ISLAND,FL,34145,US,form_d,,,,,,,,
"Mekiri Bio, Inc.",0002088062,0002088062-25-000002,"68 HARRISON AVENUE, SUITE 605, PMB 653323",BOSTON,MA,02111,US,form_d,,,,,,,,
"SightStream Biotherapeutics, Inc.",0001932386,0001932386-25-000003,"55 WEST STREET, SUITE 201, None",WALPOLE,MA,02081,US,form_d,,,,,,,,
MedVector Corp,0001820902,0001820902-25-000010,"898 Pacific Coast Highway, None",El Segundo,CA,90245,US,form_d,,,,,,,,
"SMSbiotech, Inc.",0002075778,0002075778-25-000001,"1825 DIAMOND STREET, SUITE 101",SAN MARCOS,CA,92078,US,form_d,,,,,,,,
AOA DX Inc.,0001869920,0001869920-25-000002,"6860 Broadway, Unit B",Denver,CO,80221,US,form_d,,,,,,,,
Belhaven Biopharma Inc.,0001873965,0001231919-25-000318,"84406 Winslow, None",Chapel Hill,NC,27517,US,form_d,,,,,,,,
ONASSIS HOLDINGS CORP.,0001279740,0001279740-25-000004,"39 BROADWAY, SUITE 3010",NEW YORK,NY,10006,US,form_d,,,,,,,,
APPLIED DNA SCIENCES INC,0000744452,0001104659-25-099416,"50 HEALTH SCIENCES DRIVE, None",STONY BROOK,NY,11790,US,form_d,,,,,,,,
"GelMEDIX, Inc.",0001815624,0001815624-25-000005,"238 MAIN STREET, FIFTH FLOOR, None",CAMBRIDGE,MA,02142,US,form_d,,,,,,,,
"MAIA Biotechnology, Inc.",0001878313,0001493152-25-018014,"444 WEST LAKE STREET, SUITE 1700",CHICAGO,IL,60606,US,form_d,,,,,,,,
Scilex Holding Co,0001820190,0001193125-25-238985,"960 San Antonio Road, None",Palo Alto,CA,94303,US,form_d,,,,,,,,
"Nuclein, LLC",0001787352,0001787352-25-000004,"8305 Cross Park Dr, None",AUSTIN,TX,78754,US,form_d,,,,,,,,
"Jaguar Health, Inc.",0001585608,0001193125-25-237111,"200 Pine St., Ste 400, None",San Francisco,CA,94104,US,form_d,,,,,,,,
"ECM Therapeutics, Inc.",0001743104,0001743104-25-000002,"118 MARSHALL DRIVE, None",WARRENDALE,PA,15086,US,form_d,,,,,,,,
PharmassetX Inc.,0002090938,0002090938-25-000001,"2900 Lake Vista Drive, None",Louisville,KY,40241,US,form_d,,,,,,,,
CELESTIAL THERAPEUTICS INC.,0001804448,0002060755-25-000049,"4790 IRVINE BLVD., SUITE 105332, None",IRVINE,CA,92620,US,form_d,,,,,,,,
"BioRestorative Therapies, Inc.",0001505497,0001021771-25-000134,"40 Marcus Drive, Suite One",Melville,NY,11747,US,form_d,,,,,,,,
"EyeMacular Regeneration, Inc.",0002042485,0002042485-25-000006,"1000 Westgate Dr., STE 113",St. Paul,MN,55114,US,form_d,,,,,,,,
"Rinascera Therapeutics, Inc.",0002090779,0002090779-25-000001,"75 KNEELAND ST FL 14, None",BOSTON,MA,02111,US,form_d,,,,,,,,
"Cirius Therapeutics, Inc.",0001702956,0000905729-25-000168,"3133 ORCHARD VISTA DR. SW, None",GRAND RAPIDS,MI,49546,US,form_d,,,,,,,,
"ThirdLaw Molecular, Inc.",0002086735,0001470831-25-000252,"512 EAST TOWNSHIP LINE ROAD, 4 VALLEY SQUARE",BLUE BELL,PA,19422,US,form_d,,,,,,,,
Mati Therapeutics Inc.,0001574251,0001574251-25-000003,"101 Colorado Street, Suite 2409",AUSTIN,TX,78701,US,form_d,,,,,,,,
"Bectas Therapeutics, Inc.",0002038826,0002038826-25-000002,"3262 WESTHEIMER ROAD, SUITE 762",HOUSTON,TX,77098,US,form_d,,,,,,,,
"Onconetix, Inc.",0001782107,0001465818-25-000010,"201 E. FIFTH STREET, SUITE 1900",CINCINNATI,OH,45202,US,form_d,,,,,,,,
"Vizgen, Inc.",0001790415,0001790415-25-000005,"61 MOULTON STREET, None",CAMBRIDGE,MA,02138,US,form_d,,,,,,,,
"Inmedix, Inc.",0001851853,0001851853-25-000002,"17837 FIRST AVENUE SOUTH, #6, None",NORMANDY PARK,WA,98148,US,form_d,,,,,,,,
"Enveric Biosciences, Inc.",0000890821,0000890821-25-000004,"245 FIRST STREET RIVERVIEW II 18TH FLOOR, None",CAMBRIDGE,MA,02142,US,form_d,,,,,,,,
"Accufy Diagnostics, Inc.",0002089723,0002089723-25-000001,"13 TAFT COURT, SUITE 219",ROCKVILLE,MD,20850,US,form_d,,,,,,,,
"Ansa Biotechnologies, Inc.",0001816722,0001231919-25-000275,"1198 65TH STREET #250, None",EMERYVILLE,CA,94608,US,form_d,,,,,,,,
Alto Labs LLC,0002089151,0002089151-25-000001,"1801 S HILL STREET #200,, None",LOS ANGELES,CA,90007,US,form_d,,,,,,,,
Kilele Health Inc.,0002087187,0002087187-25-000001,"201 E. Dixon Ave, None",Oakwood,OH,45419,US,form_d,,,,,,,,
"Apnimed, Inc.",0001745648,0001745648-25-000004,"39 JOHN F. KENNEDY STREET, 4TH FLR., None",CAMBRIDGE,MA,02138,US,form_d,,,,,,,,
"Ovala, Inc.",0001936997,0001936997-26-000003,"2366 GOLDEN MILE HIGHWAY, BOX 505",PITTSBURGH,PA,15239,US,form_d,,,,,,,,
Gilgamesh Pharma Inc.,0002107396,0002107396-26-000004,"113 UNIVERSITY PLACE, SUITE 1019, None",NEW YORK,NY,10003,US,form_d,,,,,,,,
"Linnaeus Therapeutics, Inc.",0001752026,0001752026-26-000006,"30 WASHINGTON AVENUE, SUITE F, None",HADDONFIELD,NJ,08033,US,form_d,,,,,,,,
"NOXX Therapeutics, Inc.",0001996801,0001999371-26-007308,"3000 MILITARY TRAIL #103, None",BOCA RATON,FL,33431,US,form_d,,,,,,,,
"5D Patient Journey, Inc.",0002122108,0002122108-26-000001,"156 BEECHMONT DRIVE, None",NEW ROCHELLE,NY,10804,US,form_d,,,,,,,,
"Promaxo Holdings, Inc.",0002125200,0002125200-26-000001,"70 WASHINGTON ST, STE 407",OAKLAND,CA,94607,US,form_d,,,,,,,,
"Mussel Polymers, Inc.",0002124953,0002124953-26-000001,"116 RESEARCH DRIVE, None",BETHLEHEM,PA,18015,US,form_d,,,,,,,,
"BioLattice Ophthalmics, Inc,",0002125596,0002125596-26-000001,"2929 ARCH STREET, None",PHILADELPHIA,PA,19104,US,form_d,,,,,,,,
"ARTELO BIOSCIENCES, INC.",0001621221,0001621221-26-000004,"505 LOMAS SANTA FE, SUITE 160, None",SOLANA BEACH,CA,92075,US,form_d,,,,,,,,
"ARTELO BIOSCIENCES, INC.",0001621221,0001621221-26-000003,"505 LOMAS SANTA FE, SUITE 160, None",SOLANA BEACH,CA,92075,US,form_d,,,,,,,,
"ARTELO BIOSCIENCES, INC.",0001621221,0001621221-26-000002,"505 LOMAS SANTA FE, SUITE 160, None",SOLANA BEACH,CA,92075,US,form_d,,,,,,,,
"NGM Bio Holdings, Inc.",0002029767,0001231919-26-000278,"611 Gateway Blvd., Suite 540, None",SOUTH SAN FRANCISCO,CA,94080,US,form_d,,,,,,,,
"Nexo Therapeutics, Inc.",0001955319,0001955319-26-000001,"11757 W. KEN CARYL AVENUE, SUITE F, 520",LITTLETON,CO,80127-3719,US,form_d,,,,,,,,
TRUE-See Systems Inc,0002124951,0002124951-26-000002,"650 POYDRAS ST, SUITE 1400",NEW ORLEANS,LA,70130,US,form_d,,,,,,,,
"Simergent, LLC",0002021363,0002021363-26-000003,"11 NE 11TH STREET, SUITE 229",OKLAHOMA CITY,OK,73104,US,form_d,,,,,,,,
Nexia Impact Onshore 1 LP,0002124646,0001099910-26-000136,"30 N GOULD ST, STE N",SHERIDAN,WY,82801,US,form_d,,,,,,,,
"Apnimed, Inc.",0001745648,0001745648-26-000001,"39 JOHN F. KENNEDY STREET, 4TH FLR., None",CAMBRIDGE,MA,02138,US,form_d,,,,,,,,
"Cytogel Pharma, LLC",0001491841,0001213900-26-034790,"3 THORNDAL CIRCLE, None",DARIEN,CT,06820,US,form_d,,,,,,,,
"Jabez Biosciences, Inc.",0002038185,0001213900-26-034473,"2009 MACKENZIE, SUITE 100",CRANBERRY TWP.,PA,16066,US,form_d,,,,,,,,
"Nok Therapeutics, Inc.",0002038166,0001213900-26-034315,"2009 MACKENZIE WAY, SUITE 100",CRANBERRY TWP.,PA,16066,US,form_d,,,,,,,,
Circula-AI Inc,0002055042,0002055042-26-000001,"1199 SOUTH FEDERAL HWY, STE 291",BOCA RATON,FL,33432,US,form_d,,,,,,,,
"Pacegenix, Inc.",0002117706,0002117706-26-000001,"245 1ST ST, 18TH FLOOR, None",CAMBRIDGE,MA,02142,US,form_d,,,,,,,,
"Amplifi Vascular, Inc.",0001990753,0001990753-26-000003,"3965 West 83rd Street, #300, None",Prairie Village,KS,66208,US,form_d,,,,,,,,
"AN2 Therapeutics, Inc.",0001880438,0001880438-26-000001,"1300 EL CAMINO REAL, SUITE 100, None",MENLO PARK,CA,94025,US,form_d,,,,,,,,
3X Genetics Inc.,0002123903,0002123903-26-000001,"17 BRIDEN ST, None",WORCESTER,MA,01605,US,form_d,,,,,,,,
Longeveron Inc.,0001721484,0001721484-26-000001,"1951 NW 7TH AVENUE, SUITE 520",MIAMI,FL,33136,US,form_d,,,,,,,,
PAHTIA TECHNOLOGIES INC,0002123730,0002123730-26-000001,"1251 NORTH EDDY STREET, REGUS SUITE 200",SOUTH BEND,IN,46617,US,form_d,,,,,,,,
"Porosome Therapeutics, Inc.",0001934919,0001376474-26-000247,"ONE BOSTON PLACE, STE 2631, None",BOSTON,MA,02108,US,form_d,,,,,,,,
"TellBio, Inc.",0001791842,0001791842-26-000001,"19 CONNECTOR RD, SUITE 4",ANDOVER,MA,01810,US,form_d,,,,,,,,
Gilgamesh Pharma Inc.,0002107396,0002107396-26-000003,"113 UNIVERSITY PLACE, SUITE 1019, None",NEW YORK,NY,10003,US,form_d,,,,,,,,
Vira Regen Inc.,0002115222,0000912282-26-000484,"48 S. RIO GRANDE STREET, None",SALT LAKE CITY,UT,84101,US,form_d,,,,,,,,
"ADAPTIN BIO, INC.",0001938571,0001938571-26-000003,"3540 TORINGDON WAY, SUITE 200, #250",CHARLOTTE,NC,28277,US,form_d,,,,,,,,
Halcyon Wellness Inc.,0002123636,0002123636-26-000001,"16192 COASTAL HIGHWAY, None",LEWES,DE,19958,US,form_d,,,,,,,,
Conexeu Sciences Inc.,0002066836,0001062993-26-001563,"50 WEST LIBERTY STREET, SUITE 880, None",RENO,NV,89501,US,form_d,,,,,,,,
Atommap Corp,0002001012,0002001012-26-000003,"1059 3RD AVENUE, APARTMENT 17B",NEW YORK,NY,10065,US,form_d,,,,,,,,
"Consano Bio, Inc.",0001981285,0001981285-26-000001,"100 SUMMIT DRIVE, None",BURLINGTON,MA,01803,US,form_d,,,,,,,,
"Starling Medical, Inc.",0002031505,0002031505-26-000003,"2450 Holcombe Boulevard, Suite 1320",HOUSTON,TX,77021,US,form_d,,,,,,,,
"Numerion Labs, Inc.",0001736153,0001231919-26-000263,"250 SUTTER ST. SUITE 650, None",SAN FRANCISCO,CA,94108,US,form_d,,,,,,,,
"Terrestrial Bio, Inc.",0001578117,0001578117-26-000002,"30 CUMMINGS PARK DRIVE, None",WOBURN,MA,01801,US,form_d,,,,,,,,
PIROUETTE PHARMA INC.,0001870611,0001870611-26-000004,"200 INTERNATIONAL DRIVE, STE 170 - 180",PORTSMOUTH,NH,03801,US,form_d,,,,,,,,
Metanoia Bio Inc,0002121615,0002121615-26-000001,"16192 COASTAL HIGHWAY ,, None",LEWES,DE,19958,US,form_d,,,,,,,,
"Nula Therapeutics, Inc.",0002121301,0002121301-26-000001,"961 Arlington Ave N, None",St. Petersburg,FL,33705,US,form_d,,,,,,,,
TOPAS Solutions Inc.,0002118849,0002118849-26-000001,"225 Dyer Street, 2nd Floor",Providence,RI,02903,US,form_d,,,,,,,,
"KALA BIO, Inc.",0001479419,0001829126-26-002408,"1167 MASSACHUSETTS AVENUE, None",ARLINGTON,MA,02476,US,form_d,,,,,,,,
Strand Therapeutics Inc.,0001778475,0001231919-26-000259,"20 Overland Street, Suite A",Boston,MA,02215,US,form_d,,,,,,,,
"AgelessRx, Inc.",0002109810,0002109810-26-000001,"2370 E STADIUM BLVD, #2049",ANN ARBOR,MI,48104,US,form_d,,,,,,,,
"Vesica Health, Inc.",0002114321,0002114321-26-000001,"5 MASON LANE, SUITE 180",IRVINE,CA,92618,US,form_d,,,,,,,,
"Akelos, Inc.",0001760186,0001760186-26-000005,"215 EAST 68TH STREET, SUITE 26B, None",NEW YORK,NY,10065,US,form_d,,,,,,,,
"Alphina Therapeutics, Inc.",0001882991,0001882991-26-000003,"55 Church Street, None",New Haven,CT,06510,US,form_d,,,,,,,,
"Phoreus Biotechnology, Inc.",0001748964,0001748964-26-000003,"22201 W. INNOVATION DRIVE, None",OLATHE,KS,66061,US,form_d,,,,,,,,
"Phoreus Biotechnology, Inc.",0001748964,0001748964-26-000002,"22201 W. INNOVATION DRIVE, None",OLATHE,KS,66061,US,form_d,,,,,,,,
"Nocion Therapeutics, Inc.",0001841279,0001841279-26-000003,"15 MAIN STREET, NO. 247",WATERTOWN,MA,02472,US,form_d,,,,,,,,
"BioCytics, Inc.",0001971839,0001971839-26-000001,"9801 KINCEY AVE., SUITE 145",HUNTERSVILLE,NC,28078,US,form_d,,,,,,,,
"Linnaeus Therapeutics, Inc.",0001752026,0001752026-26-000005,"30 WASHINGTON AVENUE, SUITE F, None",HADDONFIELD,NJ,08033,US,form_d,,,,,,,,
"Ramona Optics, Inc.",0001841317,0001841317-26-000001,"1000 W. MAIN ST, SUITE 2A",DURHAM,NC,27701,US,form_d,,,,,,,,
"BioSolution Designs, Inc.",0002110022,0000892251-26-000043,"4539 METROPOLITAN CT., None",FREDERICK,MD,21704,US,form_d,,,,,,,,
"DNA SEQ 2, INC.",0002115201,0002115201-26-000001,"1255 E VISTA WAY #157, None",VISTA,CA,92084,US,form_d,,,,,,,,
DILON TECHNOLOGIES INC,0001047810,0001047810-26-000001,"701 MARINERS ROW, SUITE 200",NEWPORT NEWS,VA,23606,US,form_d,,,,,,,,
"Everest Biolabs, Inc.",0002116676,0002116676-26-000001,"204 SECOND AVE, SUITE 102",WALTHAM,MA,02451,US,form_d,,,,,,,,
"Slate Medicines, Inc.",0002117806,0001231919-26-000246,"200 BERKELEY STREET, 18TH FLOOR, None",BOSTON,MA,02116,US,form_d,,,,,,,,
ADVAC Therapeutics Inc,0002115406,0002115406-26-000003,"2281 Kenny Road, SUITE 410",Columus,OH,43210,US,form_d,,,,,,,,
"SwitchPoint Bio Holding, Inc.",0002113353,0002113353-26-000001,"251 LITTLE FALLS DRIVE, None",WILMINGTON,DE,19808,US,form_d,,,,,,,,
Synchrony Medical Inc.,0002085429,0002085429-26-000002,"222 JERSEY CITY BLVD., None",JERSEY CITY,NJ,07305,US,form_d,,,,,,,,
"Solstice Oncology, Inc.",0002116600,0002116600-26-000002,"200 BERKELEY ST., 18TH FLOOR, None",BOSTON,MA,02116,US,form_d,,,,,,,,
"AirNexis Therapeutics, Inc.",0002116194,0002116194-26-000001,"1001 PAGE MILL ROAD, BUILDING 4, SUITE 200B",PALO ALTO,CA,94304,US,form_d,,,,,,,,
OS Therapies Inc,0001795091,0001795091-26-000002,"115 Pullman Crossing Road, Suite 103",Grasonville,MD,21638,US,form_d,,,,,,,,
EmpNia Inc.,0001997597,0001997597-26-000001,"4500 LAKEVIEW DRIVE, None",EDINA,MN,55424,US,form_d,,,,,,,,
"EnZeta Immunotherapies, Inc.",0001994145,0001994145-26-000001,"122 SEVILLA AVE # 919, None",CORAL GABLES,FL,33134,US,form_d,,,,,,,,
"GelSana Therapeutics, Inc.",0002002665,0002002665-26-000003,"12635 E MONTVIEW BLVD STE 216, None",AURORA,CO,80045,US,form_d,,,,,,,,
CraniUS LLC,0001878219,0000950138-26-000005,"1700 Union Avenue, Ste A-1, None",Baltimore,MD,21211,US,form_d,,,,,,,,
"Qureator, Inc.",0002109274,0002109274-26-000001,"7094 MIRATECH DRIVE, STE 110, None",SAN DIEGO,CA,92121,US,form_d,,,,,,,,
"MindImmune Therapeutics, Inc.",0001792522,0001792522-26-000001,"130 FLAGG ROAD, None",KINGSTON,RI,02881,US,form_d,,,,,,,,
"Sensei Biotherapeutics, Inc.",0001829802,0001829802-26-000001,"1405 RESEARCH BLVD, SUITE 125, None",ROCKVILLE,MD,20850,US,form_d,,,,,,,,
"GenoPalate, Inc.",0001736000,0001736000-26-000004,"10437 W INNOVATION DR, STE 465",MILWAUKEE,WI,53226,US,form_d,,,,,,,,
"Parcel Biosciences, Inc.",0002113766,0002113766-26-000001,"135 MISSISSIPPI STREET, None",SAN FRANCISCO,CA,94107,US,form_d,,,,,,,,
Aegle Therapeutics Corp,0001797825,0001231919-26-000232,"400 TradeCenter Drive, Suite 5900",Woburn,MA,01801,US,form_d,,,,,,,,
Tidal Diagnostic Solutions Inc.,0002089685,0002089685-26-000004,"20 OLD COLONY LN, None",SCARBOROUGH,ME,04074,US,form_d,,,,,,,,
GUARDIAN BIOMEDICAL CORP.,0002113154,0002113154-26-000001,"4920 W. CYPRESS ST. 104 #5076, None",TAMPA,FL,33607,US,form_d,,,,,,,,
"Allyx Therapeutics, Inc.",0001865257,0001865257-26-000003,"555 Long Wharf Drive, Floor 11",NEW HAVEN,CT,06511,US,form_d,,,,,,,,
"Ventaris Surgical, Inc.",0002109704,0001231919-26-000229,"521 TAYLOR WAY, None",SAN CARLOS,CA,94070,US,form_d,,,,,,,,
"Haku Bio, Inc.",0002114425,0002114425-26-000001,"74 NEWPORT ST, None",ARLINGTON,MA,02476,US,form_d,,,,,,,,
"MultiValent Biotherapies, Inc.",0002107846,0002107846-26-000002,"2310 HOMESTEAD ROAD, SUITE C1-409",LOS ALTOS,CA,94024,US,form_d,,,,,,,,
"MultiValent Biotherapies, Inc.",0002107846,0002107846-26-000001,"2310 HOMESTEAD ROAD, SUITE C1-409",LOS ALTOS,CA,94024,US,form_d,,,,,,,,
"Linnaeus Therapeutics, Inc.",0001752026,0001752026-26-000004,"30 WASHINGTON AVENUE, SUITE F, None",HADDONFIELD,NJ,08033,US,form_d,,,,,,,,
Conexeu Sciences Inc.,0002066836,0002060755-26-000015,"50 WEST LIBERTY STREET, SUITE 880, None",RENO,NV,89501,US,form_d,,,,,,,,
"CoRegen, Inc.",0002012886,0002012886-26-000003,"801 TRAVIS STREET, SUITE 2101",HOUSTON,TX,77002,US,form_d,,,,,,,,
"NANOVIRICIDES, INC.",0001379006,0001104659-26-019284,"1 CONTROLS DRIVE, None",SHELTON,CT,06484,US,form_d,,,,,,,,
"Duracrin, LLC",0002113010,0002113010-26-000001,"115 MUNSON STREET, 6TH FLOOR",NEW HAVEN,CT,06511,US,form_d,,,,,,,,
"Quarry DAC, Inc",0002112953,0002112953-26-000001,"115 MUNSON STREET, 6TH FLOOR",NEW HAVEN,CT,06511,US,form_d,,,,,,,,
"Quarry Heme, Inc",0002113011,0002113011-26-000001,"115 MUNSON STREET, 6TH FLOOR",NEW HAVEN,CT,06511,US,form_d,,,,,,,,
"Lonestar Medicines, Inc.",0002111460,0002111460-26-000001,"200 BERKELEY STREET, 18TH FLOOR",BOSTON,MA,02116,US,form_d,,,,,,,,
"Inventure, LLC",0001706556,0001706556-26-000002,"25 DEPOT HILL ROAD, BUILDING ONE, SUITE 104",SOUTHBURY,CT,06488,US,form_d,,,,,,,,
"Altesa BioSciences, Inc.",0001960618,0001960618-26-000003,"1930 HARVARD AVENUE, None",COLLEGE PARK,GA,30337,US,form_d,,,,,,,,
"ADAPTIN BIO, INC.",0001938571,0001938571-26-000002,"3540 TORINGDON WAY, SUITE 200, #250",CHARLOTTE,NC,28277,US,form_d,,,,,,,,
"Vitazi.AI, Inc.",0001959321,0001959321-26-000005,"3900 PASEO DEL SOL, None",SANTA FE,NM,87507,US,form_d,,,,,,,,
"Amplified Sciences, Inc.",0001836033,0001836033-26-000003,"3000 KENT AVE, SUITE 1950",WEST LAFAYETTE,IN,47906,US,form_d,,,,,,,,
"ILIAD BIOTECHNOLOGIES, INC.",0002112659,0002112659-26-000001,"4581 WESTON ROAD, SUITE 260",WESTON,FL,33331,US,form_d,,,,,,,,
Akava Therapeutics Inc.,0001966649,0001966649-26-000001,"755 SHERIDAN ROAD, None",WINNETKA,IL,60093,US,form_d,,,,,,,,
Alume Biosciences Inc,0001782348,0001782348-26-000002,"2223 AVENIDA DE LA PLAYA, SUITE 205",LA JOLLA,CA,92037,US,form_d,,,,,,,,
"Galenus Precision Pharmacy, Inc.",0002107049,0000929638-26-000685,"350 FELLOWSHIP ROAD, SUITE 101, None",MT. LAUREL,NJ,08054,US,form_d,,,,,,,,
"Galenus Precision Pharmacy, Inc.",0002107049,0000929638-26-000684,"350 FELLOWSHIP ROAD, SUITE 101, None",MT. LAUREL,NJ,08054,US,form_d,,,,,,,,
"Verra Therapeutics, Inc.",0002111997,0002111997-26-000001,"1939 EAST SHORE DR. SUITE 5, None",LANSING,NY,14882,US,form_d,,,,,,,,
"NextEvo, Inc.",0002053885,0002053885-26-000001,"181 WASHINGTON STREET, SUITE 450",CONSHOHOCKEN,PA,19428,US,form_d,,,,,,,,
"LEXICON PHARMACEUTICALS, INC.",0001062822,0001193125-26-054545,"2445 Technology Forest Blvd., 11th Floor, None",The Woodlands,TX,77381,US,form_d,,,,,,,,
"Accretion Therapeutics, Inc.",0002109293,0002109293-26-000001,"416 OLD MILL CIR, None",LINCOLNSHIRE,IL,60069,US,form_d,,,,,,,,
Treysta Medical Technologies Inc.,0002057780,0002057780-26-000001,"3733 NORTHWEST 53RD LANE, None",GAINESILLE,FL,32653,US,form_d,,,,,,,,
"Praeventix, Inc.",0001952974,0001952974-26-000002,"665 STOCKTON DRIVE, SUITE 200H, None",EXTON,PA,19341,US,form_d,,,,,,,,
Protogenix Inc.,0002110349,0002110349-26-000001,"237 TOWER RD, WEILL HALL 409",ITHACA,NY,14853,US,form_d,,,,,,,,
"20 Bio, Inc.",0002111394,0002111394-26-000001,"399 REVOLUTION DRIVE SUITE 999, None",SOMERVILLE,MA,02145,US,form_d,,,,,,,,
RUSKID LLC,0002110722,0002110722-26-000001,"6171 RANCHO DIEGUENO RD, None",RANCHO SANTA FE,CA,92091,US,form_d,,,,,,,,
"KALA BIO, Inc.",0001479419,0001829126-26-001292,"1167 MASSACHUSETTS AVENUE, None",ARLINGTON,MA,02476,US,form_d,,,,,,,,
"Jupiter Biomedical Research, Inc.",0001694280,0001079973-26-000204,"3710 BUCKEYE STREET, STE. 100",PALM BEACH GARDENS,FL,33410,US,form_d,,,,,,,,
"JML BIOTECH INVESTORS, LLC",0002100894,0002100894-26-000001,"11923 LONGLEAF LANE, None",HOUSTON,TX,77024,US,form_d,,,,,,,,
"Thoclor US, Inc.",0002109348,0002109348-26-000002,"1 SHETLAND ROAD, None",FLORHAM PARK,NJ,07932,US,form_d,,,,,,,,
"Eldec Pharmaceuticals, Inc.",0002110508,0002110508-26-000001,"510 MEADOWMONT VILLAGE CIRCLE SUITE 364, None",CHAPEL HILL,NC,27517,US,form_d,,,,,,,,
"Enveric Biosciences, Inc.",0000890821,0000890821-26-000001,"245 FIRST STREET RIVERVIEW II 18TH FLOOR, None",CAMBRIDGE,MA,02142,US,form_d,,,,,,,,
"Third Coast Dynamics, Inc.",0002108256,0002108256-26-000001,"1740 WESLEY AVENUE, None",EVANSTON,IL,60201,US,form_d,,,,,,,,
"Elysia Creative Biology, Inc.",0002102037,0002102037-26-000001,"840 OVAL DRIVE, None",RALEIGH,NC,27606,US,form_d,,,,,,,,
"Exin Therapeutics, Inc.",0002109179,0002109179-26-000001,"2261 MARKET STREET STE 22614, None",SAN FRANCISCO,CA,94114,US,form_d,,,,,,,,
California Cultured Inc.,0002024675,0002024675-26-000005,"3650 INDUSTRIAL BLVD., STE 100",WEST SACRAMENTO,CA,95691,US,form_d,,,,,,,,
California Cultured Inc.,0002024675,0002024675-26-000003,"3650 INDUSTRIAL BLVD., STE 100",WEST SACRAMENTO,CA,95691,US,form_d,,,,,,,,
California Cultured Inc.,0002024675,0002024675-26-000004,"3650 INDUSTRIAL BLVD., STE 100",WEST SACRAMENTO,CA,95691,US,form_d,,,,,,,,
"Ensho Therapeutics, Inc.",0002032849,0002032849-26-000001,"50 Tice Boulevard, Suite 340 - #1005",Woodcliff Lake,NJ,07677,US,form_d,,,,,,,,
"Neuro Spine Ventures, LLC",0002105666,0002105666-26-000001,"2840 WEST BAY DRIVE #238, None",BELLEAIR BLUFFS,FL,33770,US,form_d,,,,,,,,
ASTRO HEALTH INC,0002110269,0002110269-26-000001,"1 SANSOME ST STE 3500, None",SAN FRANCISCO,CA,CA 94104,US,form_d,,,,,,,,
"NEONC TECHNOLOGIES HOLDINGS, INC.",0001979414,0001979414-26-000001,"23975 PARK SORRENTO, SUITE 205",CALABASAS,CA,91302,US,form_d,,,,,,,,
"Embold Therapeutics, Inc.",0002109643,0002109643-26-000001,"2682 EATON AVE, None",REDWOOD CITY,CA,94062,US,form_d,,,,,,,,
"Embold Therapeutics, Inc.",0002109643,0002109643-26-000002,"2682 EATON AVE, None",REDWOOD CITY,CA,94062,US,form_d,,,,,,,,
XDemics Corp,0002026725,0002026725-26-000001,"1281 Andersen Drive, Suite K",San Rafael,CA,94901,US,form_d,,,,,,,,
"ARTELO BIOSCIENCES, INC.",0001621221,0001621221-26-000001,"505 LOMAS SANTA FE, SUITE 160, None",SOLANA BEACH,CA,92075,US,form_d,,,,,,,,
"Immunomet Therapeutics, Inc.",0002109829,0002109829-26-000001,"2450 HOLCOMBE BLVD., None",HOUSTON,TX,77021,US,form_d,,,,,,,,
"Nuclein, LLC",0001787352,0001787352-26-000001,"8305 CROSS PARK DR, None",AUSTIN,TX,78754,US,form_d,,,,,,,,
"Nanochon, Inc.",0001885962,0001885962-26-000004,"1317 SHEPHERD ST NW, UNIT D",WASHINGTON,DC,20011,US,form_d,,,,,,,,
"ClearPoint Neuro, Inc.",0001285550,0001683168-26-000772,"120 S. SIERRA AVENUE, SUITE 100",SOLANA BEACH,CA,92075,US,form_d,,,,,,,,
"PathCision Medicine, Inc.",0001959064,0001959064-26-000002,"134 COOLIDGE AVENUE, #2",WATERTOWN,MA,02472,US,form_d,,,,,,,,
"Sentire Medical Systems, Inc.",0001728443,0001728443-26-000005,"10455 RIVERSIDE DRIVE, SUITE 110",PALM BEACH GARDENS,FL,33410,US,form_d,,,,,,,,
"Nature's Toolbox, Inc.",0001798793,0001798793-26-000001,"7701 INNOVATION WAY, None",RIO RANCHO,NM,87144,US,form_d,,,,,,,,
Conexeu Sciences Inc.,0002066836,0002060755-26-000011,"50 WEST LIBERTY STREET, SUITE 880, None",RENO,NV,89501,US,form_d,,,,,,,,
Gilgamesh Pharma Inc.,0002107396,0002107396-26-000002,"113 UNIVERSITY PLACE, SUITE 1019, None",NEW YORK,NY,10003,US,form_d,,,,,,,,
Gilgamesh Pharma Inc.,0002107396,0002107396-26-000001,"113 UNIVERSITY PLACE, SUITE 1019, None",NEW YORK,NY,10003,US,form_d,,,,,,,,
"Caradon Therapeutics, Inc.",0002108983,0002108983-26-000001,"1281 HYMETTUS AVE., None",ENCINITAS,CA,92024,US,form_d,,,,,,,,
Starget Pharma Inc.,0002108969,0002108969-26-000001,"2031 KINGS HIGHWAY, None",SHREVEPORT,LA,71103,US,form_d,,,,,,,,
Compvide Inc.,0002105460,0002105460-26-000001,"879 RAINIER AVE N, STE A103",RENTON,WA,98057,US,form_d,,,,,,,,
"PridCor Therapeutics, LLC",0002074593,0002074593-26-000001,"1837 COMMONS NORTH DRIVE, None",TUSCALOOSA,AL,35406,US,form_d,,,,,,,,
"Navega Therapeutics, Inc.",0002107977,0002107977-26-000001,"3210 MERRYFIELD ROW, None",SAN DIEGO,CA,92121,US,form_d,,,,,,,,
Alume Biosciences Inc,0001782348,0001782348-26-000001,"2223 AVENIDA DE LA PLAYA, SUITE 205",LA JOLLA,CA,92037,US,form_d,,,,,,,,
Imagine Devices Inc.,0002108491,0002108491-26-000001,"1909 CHASEWOOD DR., None",AUSTIN,TX,78727,US,form_d,,,,,,,,
"Mirum Pharmaceuticals, Inc.",0001759425,0001759425-26-000005,"989 EAST HILLSDALE BOULEVARD, SUITE 300, None",FOSTER CITY,CA,94404,US,form_d,,,,,,,,
VOLITIONRX LTD,0000093314,0001477932-26-000461,"1489 West Warm Springs Road, Suite 110, None",Henderson,NV,89014,US,form_d,,,,,,,,
"GPN VACCINES, INC.",0002105609,0002105609-26-000001,"251 LITTLE FALLS DRIVE, None",WILMINGTON,DE,19808,US,form_d,,,,,,,,
Avenue Biosciences Holding Inc,0002101752,0002101752-26-000001,"211 LAUREL STREET, None",MENLO PARK,CA,94025,US,form_d,,,,,,,,
"28bio, Inc.",0001769360,0001769360-26-000002,"4224 HOUMA BLVD., SUITE 224, None",METAIRIE,LA,70006,US,form_d,,,,,,,,
LAACClamp Inc.,0002104335,0002104335-26-000001,"1275 KINNEAR ROAD, None",COLUMBUS,OH,43212,US,form_d,,,,,,,,
Bio Usawa Inc.,0002095500,0002095500-26-000001,"100 PINE STREET, SUITE 1250",SAN FRANCISCO,CA,94111,US,form_d,,,,,,,,
"Faeth Therapeutics, Inc.",0002100543,0002100543-26-000001,"701 TILLERY ST #12 #1010, None",AUSTIN,TX,78702,US,form_d,,,,,,,,
"Sarmal, Inc.",0002105017,0002105017-26-000001,"9310 ATHENA CIR, STE 250, None",LA JOLLA,CA,92037,US,form_d,,,,,,,,
"Kylix Bio, Inc.",0002106870,0002106870-26-000001,"8 THE GREEN, SUITE A, None",DOVER,DE,19901,US,form_d,,,,,,,,
"NovAb, Inc.",0001685163,0001685163-26-000001,"1860 MONTREAL ROAD, None",TUCKER,GA,30084,US,form_d,,,,,,,,
"Windgap Medical, Inc.",0001606077,0001606077-26-000001,"200 DEXTER AVENUE, SUITE 270",WATERTOWN,MA,02472,US,form_d,,,,,,,,
"Mivax Therapeutics, Inc.",0002066303,0002066303-26-000002,"701 CHINA BASIN ST, APT 605",SAN FRANCISCO,CA,94158,US,form_d,,,,,,,,
"Mivax Therapeutics, Inc.",0002066303,0002066303-26-000001,"701 CHINA BASIN ST, APT 605",SAN FRANCISCO,CA,94158,US,form_d,,,,,,,,
NBO Pharma Inc.,0002103906,0002103906-26-000001,"64 QUARRY LANE, None",BEDFORD,NY,10506,US,form_d,,,,,,,,
"iBio, Inc.",0001420720,0001104659-26-005775,"11750 SORRENTO VALLEY ROAD, SUITE 200, None",SAN DIEGO,CA,92121,US,form_d,,,,,,,,
Tidal Diagnostic Solutions Inc.,0002089685,0002089685-26-000003,"20 OLD COLONY LN, None",SCARBOROUGH,ME,04074,US,form_d,,,,,,,,
"inSoma Bio, Inc.",0001814250,0001814250-26-000001,"701 W. MAIN STREET, SUITE 410, None",DURHAM,NC,27701,US,form_d,,,,,,,,
Eletala Enterprises Inc,0002106811,0002106811-26-000001,"251 LITTLE FALLS DRIVE, None",WILMINGTON,DE,19808,US,form_d,,,,,,,,
"PICO HOLDINGS, INC.",0002104852,0002104852-26-000001,"1610 R STREET, SUITE 300",SACRAMENTO,CA,95811-9623,US,form_d,,,,,,,,
"Caldera Therapeutics, Inc.",0002069936,0002069936-26-000001,"300 TECHNOLOGY SQUARE, 8TH FLOOR",CAMBRIDGE,MA,02139,US,form_d,,,,,,,,
Kaida BioPharma Inc.,0001973954,0001493152-26-003028,"416 SW 1ST AVENUE, SUITE 101",FORT LAUDERDALE,FL,33301,US,form_d,,,,,,,,
"Cantai Therapeutics, Inc.",0001991732,0001991732-26-000001,"3675 MARKET STREET, SUITE 200",PHILADELPIA,PA,19104,US,form_d,,,,,,,,
SeeLife Impact 6 LLC,0002105554,0002105554-26-000001,"12481 S FORT STREET, #225",DRAPER,UT,84020,US,form_d,,,,,,,,
SeeLife Impact 4 LLC,0002105562,0002105562-26-000001,"12481 S FORT STREET, #225",DRAPER,UT,84020,US,form_d,,,,,,,,
SeeLife Impact 3 LLC,0002105571,0002105571-26-000001,"12481 S FORT STREET, #225",DRAPER,UT,84020,US,form_d,,,,,,,,
SeeLife Impact 2 LLC,0002105597,0002105597-26-000001,"12481 S FORT STREET, #225",DRAPER,UT,84020,US,form_d,,,,,,,,
SeeLife Impact 1 LLC,0002105602,0002105602-26-000001,"12481 S FORT STREET, #225",DRAPER,UT,84020,US,form_d,,,,,,,,
OS Therapies Inc,0001795091,0001795091-26-000001,"115 Pullman Crossing Road, Suite 103",Grasonville,MD,21638,US,form_d,,,,,,,,
"DesiCorp, Inc.",0001997477,0001997477-26-000003,"201 E. JEFFERSON STREET, None",LOUISVILLE,KY,40202,US,form_d,,,,,,,,
Rhodenergy An Environmental Co Corp,0002105633,0002105633-26-000001,"300 CARNEGIE CENTER, SUITE 150",PRINCETON,NJ,08540,US,form_d,,,,,,,,
"Iaso Therapeutics, Inc.",0001961165,0000905729-26-000020,"4942 DAWN AVE, STE 108",EAST LANSING,MI,48823,US,form_d,,,,,,,,
"Alveus Therapeutics, Inc.",0002075856,0001231919-26-000051,"100 N. 18TH STREET, SUITE 1930, None",PHILADELPHIA,PA,19103,US,form_d,,,,,,,,
"Serafin Labs, Inc.",0002104899,0002104899-26-000001,"3971 LAMONT STREET, None",SAN DIEGO,CA,92109,US,form_d,,,,,,,,
"ABLi Therapeutics, Inc.",0002104142,0002104142-26-000001,"3350 RIVERWOOD PKWY SE, STE 1900",ATLANTA,GA,30339,US,form_d,,,,,,,,
SeeLife Impact 5 LLC,0002102852,0002102852-26-000001,"12481 S FORT STREET, #225",DRAPER,UT,84020,US,form_d,,,,,,,,
"Gasami Therapeutics, Inc.",0002104347,0002104347-26-000001,"8401 MAYLAND DR, #5432",RICHMOND,VA,23294,US,form_d,,,,,,,,
"Vizgen, Inc.",0001790415,0001790415-26-000002,"150 Bear Hill Road, None",Waltham,MA,02451,US,form_d,,,,,,,,
"Circulate Health, Inc.",0002078196,0002078196-26-000001,"1424 11TH AVE STE 400, None",SEATTLE,WA,98122,US,form_d,,,,,,,,
"GelMEDIX, Inc.",0001815624,0001815624-26-000001,"238 MAIN STREET, FIFTH FLOOR, None",CAMBRIDGE,MA,02142,US,form_d,,,,,,,,
"Immorta Bio, Inc.",0002102665,0002102665-26-000001,"7064 FISHER ISLAND DRIVE, None",MIAMI BEACH,FL,33109,US,form_d,,,,,,,,
"Matthias Therapeutics, LLC",0002104165,0002104165-26-000002,"27 SENTINEL DRIVE, None",BASKING RIDGE,NJ,07920,US,form_d,,,,,,,,
"Dermata Therapeutics, Inc.",0001853816,0001493152-26-000797,"3525 DEL MAR HEIGHTS RD., #322",SAN DIEGO,CA,92130,US,form_d,,,,,,,,
"Vogenx, Inc.",0001903784,0001903784-26-000002,"3901 BARRETT DRIVE, SUITE 300, P.O. BOX 19469",RALEIGH,NC,27609,US,form_d,,,,,,,,
"Harvard Apparatus Regenerative Technology, Inc.",0001563665,0001437749-26-000454,"84 OCTOBER HILL ROAD, Suite 11",HOLLISTON,MA,01746,US,form_d,,,,,,,,
"MAIA Biotechnology, Inc.",0001878313,0001493152-26-000434,"444 WEST LAKE STREET, SUITE 1700",CHICAGO,IL,60606,US,form_d,,,,,,,,
"ADAPTIN BIO, INC.",0001938571,0001938571-26-000001,"3540 TORINGDON WAY, SUITE 200, #250",CHARLOTTE,NC,28277,US,form_d,,,,,,,,
"Amplifi Vascular, Inc.",0001990753,0001990753-26-000004,"3965 West 83rd Street, #300, None",Prairie Village,KS,66208,US,form_d,,,,,,,,
Conexeu Sciences Inc.,0002066836,0002060755-26-000038,"50 WEST LIBERTY STREET, SUITE 880, None",RENO,NV,89501,US,form_d,,,,,,,,
Conexeu Sciences Inc.,0002066836,0002060755-26-000039,"50 WEST LIBERTY STREET, SUITE 880, None",RENO,NV,89501,US,form_d,,,,,,,,
"SonoThera, Inc.",0001945154,0001945154-26-000002,"201 HASKINS WAY, 5TH FLOOR, None",SOUTH SAN FRANCISCO,CA,94080,US,form_d,,,,,,,,
Andon Bio Inc.,0002142815,0002142815-26-000001,"12635 E. MONTVIEW BLVD, SUITE 100",AURORA,CO,80045,US,form_d,,,,,,,,
"FibroBiologics, Inc.",0001958777,0001493152-26-031095,"9350 KIRBY DRIVE, SUITE 300",HOUSTON,TX,77054,US,form_d,,,,,,,,
"Cresilon, Inc.",0001728054,0001728054-26-000002,"122 18TH STREET, None",BROOKLYN,NY,11215,US,form_d,,,,,,,,
"ROC Holdings SPV III, LP",0002142302,0001814554-26-000111,"1630 COLUMBIA ROAD NW, APT 418, None",WASHINGTON,DC,20009,US,form_d,,,,,,,,
"Rapalogix Health, Inc.",0002008372,0002008372-26-000002,"3129 TIGER RUN COURT, SUITE 207",CARLSBAD,CA,92010,US,form_d,,,,,,,,
"NEONC TECHNOLOGIES HOLDINGS, INC.",0001979414,0001829126-26-006874,"23975 PARK SORRENTO, SUITE 205",CALABASAS,CA,91302,US,form_d,,,,,,,,
"Lycia Therapeutics, Inc.",0001806540,0001806540-26-000001,"400 EAST JAMIE COURT, SUITE 200, None",SOUTH SAN FRANCISCO,CA,94080,US,form_d,,,,,,,,
"Chickadee Biomedicines, Inc.",0002138882,0002138882-26-000001,"91 OAKMERE STREET, None",BOSTON,MA,02132-5529,US,form_d,,,,,,,,
"Exactics, Inc.",0002136792,0002136792-26-000001,"5207 S. HARPER AVENUE, None",CHICAGO,IL,60615,US,form_d,,,,,,,,
"Quanta Therapeutics, Inc.",0001891891,0001891891-26-000002,"TWO TOWER PLACE, FLOOR 17, None",SOUTH SAN FRANCISCO,CA,94080,US,form_d,,,,,,,,
"Ollin Biosciences, Inc.",0002141184,0002141184-26-000002,"1250 S. CAPITAL OF TEXAS HWY, BUILDING 3, SUITE 400",AUSTIN,TX,78746,US,form_d,,,,,,,,
"TETmedical, Inc.",0001980705,0002080612-26-000037,"71 RIVERLAWN DRIVE, None",FAIR HAVEN,NJ,07704,US,form_d,,,,,,,,
YUTIDETX INC.,0002141990,0002141990-26-000001,"4000 FAIRFAX DR, APT 902",ARLINGTON,VA,22203,US,form_d,,,,,,,,
"Boston Interactome, Inc.",0002142020,0002142020-26-000001,"127 WESTERN AVENUE, None",ALLSTON,MA,02134,US,form_d,,,,,,,,
LabVoice Inc.,0001951025,0001951025-26-000001,"252 SWEET BAY PLACE, None",CARRBORO,NC,27510,US,form_d,,,,,,,,
Paralos Bioscience Inc.,0002080259,0002080259-26-000002,"570 WESTWOOD PLAZA LAB ROOM 6350, ATTN: PARALOS BIOSCIENCE INC (MAGNIFY)",LOS ANGELES,CA,90095,US,form_d,,,,,,,,
"Petragen, Inc.",0001844157,0001844157-26-000005,"12555 Orange Drive, Suite 236, None",Davie,FL,33330,US,form_d,,,,,,,,
"Tempest Therapeutics, Inc.",0001544227,0001193125-26-278048,"2000 SIERRA POINT PARKWAY, SUITE 400, None",BRISBANE,CA,94005,US,form_d,,,,,,,,
"ADAPTIN BIO, INC.",0001938571,0001938571-26-000004,"3540 TORINGDON WAY, SUITE 200, #250",CHARLOTTE,NC,28277,US,form_d,,,,,,,,
"Nanomind, Inc.",0002141439,0002141439-26-000001,"700 CANAL STREET, 1ST FLOOR",STAMFORD,CT,06902,US,form_d,,,,,,,,
"DINYA DNA, Inc.",0002139809,0002139809-26-000001,"8000 EDGEWATER DRIVE, SUITE 200",OAKLAND,CA,94621,US,form_d,,,,,,,,
"Nuclein, LLC",0001787352,0001787352-26-000003,"8305 CROSS PARK DR, None",AUSTIN,TX,78754,US,form_d,,,,,,,,
Aspira Women's Health Inc.,0000926617,0001104659-26-076151,"12117 BEE CAVES ROAD, BUILDING III, SUITE 100",AUSTIN,TX,78738,US,form_d,,,,,,,,
Balsam Pharmaceuticals Co,0002138514,0002138514-26-000001,"8200 GREENSBORO DR, # 900, Suite #900",MCLEAN,VA,22102,US,form_d,,,,,,,,
"Cellanome, Inc.",0001886462,0000905148-26-003005,"500 Lincoln Centre Dr., 3rd Floor, None",Foster City,CA,94404,US,form_d,,,,,,,,
AcuraStem Inc,0001745880,0001745880-26-000001,"150 North Orange Grove Blvd., Suite 220",Pasadena,CA,91103,US,form_d,,,,,,,,
"Liminatus Pharma, Inc.",0001971387,0001104659-26-075732,"2251 STERN GOODMAN STREET, SUITE E, None",FULLERTON,CA,92833,US,form_d,,,,,,,,
Tolerance Bio Inc.,0002075488,0001493152-26-029282,"2929 ARCH STREET, 4TH FLOOR",PHILADELPHIA,PA,19104,US,form_d,,,,,,,,
"Emblok, Inc.",0002140377,0002080612-26-000035,"410 S. CEDAR AVE., None",TAMPA,FL,33606,US,form_d,,,,,,,,
Rejuvenate Bio Inc,0001859067,0001859067-26-000006,"270 N. El Camino Real, SUITE F451",SAN DIEGO,CA,92024,US,form_d,,,,,,,,
"Restora Medical, Inc.",0002008412,0002008412-26-000008,"2603 MAIN ST., SUITE 770",IRVINE,CA,92614,US,form_d,,,,,,,,
"Restora Medical, Inc.",0002008412,0002008412-26-000007,"2603 MAIN ST., SUITE 770",IRVINE,CA,92614,US,form_d,,,,,,,,
"Restora Medical, Inc.",0002008412,0002008412-26-000006,"2603 MAIN ST., SUITE 770",IRVINE,CA,92614,US,form_d,,,,,,,,
"5D Patient Journey, Inc.",0002122108,0002122108-26-000002,"156 BEECHMONT DRIVE, None",NEW ROCHELLE,NY,10804,US,form_d,,,,,,,,
"Pierogi Therapeutics, Inc",0002139858,0002139858-26-000001,"5533 BEACON ST, None",PITTSBURGH,PA,15217,US,form_d,,,,,,,,
"Qlaris Bio, Inc.",0001786717,0001786717-26-000002,"770 Legacy Place, 2nd Floor",Dedham,MA,02026,US,form_d,,,,,,,,
"Reservoir Neuroscience, Inc.",0001878332,0001878332-26-000004,"665 3RD STREET, STE. 250, None",SAN FRANCISCO,CA,94107,US,form_d,,,,,,,,
PARLEY NEUROTECH INC,0002137563,0002137563-26-000001,"3000 LAWRENCE ST, None",DENVER,CO,80205,US,form_d,,,,,,,,
SPINEOLOGY INC,0001165842,0001165842-26-000001,"7800 3RD STR N #600, None",ST. PAUL,MN,55128,US,form_d,,,,,,,,
"Peptaris, Inc.",0002140304,0002140304-26-000001,"406 S 23RD ST, None",PHILADELPHIA,PA,19146,US,form_d,,,,,,,,
"Memento Medicines, Inc.",0002139514,0002139514-26-000002,"200 BERKELEY ST., 18th Floor",BOSTON,MA,02116,US,form_d,,,,,,,,
"CND Life Sciences, Inc.",0001841099,0001841099-26-000001,"9165 E. DEL CAMINO DRIVE, SUITE 101",SCOTTSDALE,AZ,85258-4381,US,form_d,,,,,,,,
"Nirrin Technologies, Inc.",0001889145,0001889145-26-000001,"44 MANNING RD., None",BILLERICA,MA,01821,US,form_d,,,,,,,,
"Immunis, Inc.",0002028798,0002028798-26-000003,"18301 Von Karman Avenue, Suite 350",Irvine,CA,92612,US,form_d,,,,,,,,
"Eos SENOLYTIX, Inc.",0002129803,0001104659-26-073380,"2710 REED ROAD, SUITE 160",HOUSTON,TX,77051,US,form_d,,,,,,,,
Conexeu Sciences Inc.,0002066836,0002060755-26-000034,"50 WEST LIBERTY STREET, SUITE 880, None",RENO,NV,89501,US,form_d,,,,,,,,
"Commense Bio, Inc.",0002135129,0002135129-26-000001,"2805 WILDERNESS PLACE, SUITE 1000, None",BOULDER,CO,80301,US,form_d,,,,,,,,
Carna Inc.,0002055006,0002055006-26-000004,"200 NEWBURY STREET, SUITE 401",BOSTON,MA,02116,US,form_d,,,,,,,,
"Quince Therapeutics, Inc.",0001662774,0000912282-26-000811,"611 Gateway Blvd., Suite 273, None",South San Francisco,CA,94080,US,form_d,,,,,,,,
"Quince Therapeutics, Inc.",0001662774,0000912282-26-000809,"611 Gateway Blvd., Suite 273, None",South San Francisco,CA,94080,US,form_d,,,,,,,,
"Haku Bio, Inc.",0002114425,0002114425-26-000003,"74 NEWPORT ST, None",ARLINGTON,MA,02476,US,form_d,,,,,,,,
Barricade Therapeutics Corp,0002090859,0002090859-26-000008,"1120 SOUTH FREEWAY, SUITE 103",FORT WORTH,TX,76104,US,form_d,,,,,,,,
Conexeu Sciences Inc.,0002066836,0002060755-26-000033,"50 WEST LIBERTY STREET, SUITE 880, None",RENO,NV,89501,US,form_d,,,,,,,,
"Contraline, Inc.",0001818752,0001818752-26-000003,"818 E. Jefferson St Suite 201, None",CHARLOTTESVILLE,VA,22902,US,form_d,,,,,,,,
"Haku Bio, Inc.",0002114425,0002114425-26-000002,"74 NEWPORT ST, None",ARLINGTON,MA,02476,US,form_d,,,,,,,,
Ovelle Bio Corp.,0002139798,0002139798-26-000001,"850 NEW BURTON ROAD SUITE 201, None",DOVER,DE,19904,US,form_d,,,,,,,,
SalivIQ Diagnostics Inc.,0002138504,0002138504-26-000001,"1200 PARK ROAD, None",HARRISONBURG,VA,22802,US,form_d,,,,,,,,
"DesiCorp, Inc.",0001997477,0001997477-26-000005,"201 E. JEFFERSON STREET, None",LOUISVILLE,KY,40202,US,form_d,,,,,,,,
Duo Oncology Inc.,0001843372,0001843372-26-000004,"218 OAKLAND AVE, None",PITTSBURGH,PA,15213,US,form_d,,,,,,,,
HCW Biologics Inc.,0001828673,0001828673-26-000003,"2929 N COMMERCE PKWY, None",MIRAMAR,FL,33025,US,form_d,,,,,,,,
Biostax Corp.,0001559356,0001376474-26-000424,"2431 Aloma Ave, Suite 124, None",Winter Park,FL,32792,US,form_d,,,,,,,,
Los Angeles Project Inc,0002136290,0002136290-26-000006,"1905 KRAMER LANE B850, None",AUSTIN,TX,78758,US,form_d,,,,,,,,
"Spine BioPharma, Inc.",0001852647,0001852647-26-000002,"505 PARK AVENUE, 14TH FLOOR, None",NEW YORK,NY,10022,US,form_d,,,,,,,,
Los Angeles Project Inc,0002136290,0002136290-26-000005,"1905 KRAMER LANE B850, None",AUSTIN,TX,78758,US,form_d,,,,,,,,
Los Angeles Project Inc,0002136290,0002136290-26-000004,"1905 KRAMER LANE B850, None",AUSTIN,TX,78758,US,form_d,,,,,,,,
Los Angeles Project Inc,0002136290,0002136290-26-000003,"1905 KRAMER LANE B850, None",AUSTIN,TX,78758,US,form_d,,,,,,,,
Los Angeles Project Inc,0002136290,0002136290-26-000002,"1905 KRAMER LANE B850, None",AUSTIN,TX,78758,US,form_d,,,,,,,,
"Antlia Bioscience, Inc.",0001829522,0001829522-26-000003,"1281 HYMETTUS AVE, None",ENCINITAS,CA,92024,US,form_d,,,,,,,,
Illuminare Biotechnologies Inc,0001701523,0001701523-26-000003,"327 St Marks Avenue, None",Brooklyn,NY,11238,US,form_d,,,,,,,,
"Senti Biosciences, Inc.",0002138461,0001193125-26-256064,"2 Corporate Drive, First Floor, None",South San Francisco,CA,94080,US,form_d,,,,,,,,
"Senti Holdings, Inc.",0002136276,0001193125-26-256064,"2 Corporate Drive, First Floor, None",South San Francisco,CA,94080,US,form_d,,,,,,,,
"Senti Biosciences Holdings, Inc.",0001854270,0001193125-26-256064,"2 Corporate Drive, First Floor, None",South San Francisco,CA,94080,US,form_d,,,,,,,,
"Goldenrod Therapeutics, Inc.",0002127885,0002127885-26-000001,"3900 ESSEX LANE, SUITE 575, None",HOUSTON,TX,77027,US,form_d,,,,,,,,
Biolexis Therapeutics Inc.,0001914060,0001914060-26-000001,"3900 N TRAVERSE MOUNTAIN BLVD, SUITE 200",LEHI,UT,84043,US,form_d,,,,,,,,
"BioStem Technologies, Inc.",0001658678,0001213900-26-064624,"2836 CENTER PORT CIRCLE, None",POMPANO BEACH,FL,33064,US,form_d,,,,,,,,
"Human Biotech, Inc.",0002126389,0002126389-26-000001,"77 NEW STREET, UNIT 420",CAMBRIDGE,MA,02138,US,form_d,,,,,,,,
"Galaxy Diagnostics, Inc.",0001462444,0001462444-26-000002,"6 DAVIS DRIVE, SUITE 832",Durham,NC,27713,US,form_d,,,,,,,,
"Entact Bio, Inc.",0002008244,0000905148-26-002800,"65 Grove Street, Suite 303, None",Watertown,MA,02472,US,form_d,,,,,,,,
"Maxymune Therapeutics, Inc.",0002058052,0002058052-26-000004,"95 MAIN ST., SUITE 9",LOS ALTOS,CA,94022,US,form_d,,,,,,,,
"Optimeos Life Sciences, Inc.",0001819114,0001819114-26-000001,"174 NASSAU STREET, SUITE 334, None",PRINCETON,NJ,08542,US,form_d,,,,,,,,
"Ardego Therapeutics, Inc.",0002138133,0002138133-26-000001,"207A PERRY PARKWAY, SUITE 6, None",GAITHERSBURG,MD,20877,US,form_d,,,,,,,,
Uniform Bio Inc.,0002136781,0002136781-26-000001,"3205 PLANTATION ROAD, None",RALEIGH,NC,27609,US,form_d,,,,,,,,
"Matthias Therapeutics, LLC",0002104165,0002104165-26-000003,"27 SENTINEL DRIVE, None",BASKING RIDGE,NJ,07920,US,form_d,,,,,,,,
"Portal Biotechnologies, Inc.",0002049466,0002049466-26-000004,"27 BRUNSWICK RD., None",ARLINGTON,MA,02476,US,form_d,,,,,,,,
Orthomod LLC,0002007576,0002007576-26-000002,"350 FAME ROAD, None",DAYTON,OH,45449,US,form_d,,,,,,,,
"Restora Medical, Inc.",0002008412,0002008412-26-000004,"2603 MAIN ST., SUITE 770",IRVINE,CA,92614,US,form_d,,,,,,,,
"Portal Biotechnologies, Inc.",0002049466,0002049466-26-000003,"27 BRUNSWICK RD., None",ARLINGTON,MA,02476,US,form_d,,,,,,,,
"Potrero Medical, Inc.",0001609048,0001609048-26-000002,"26142 EDEN LANDING RD., None",HAYWARD,CA,94545,US,form_d,,,,,,,,
"IMAGINOSTICS, INC.",0002122464,0002122464-26-000008,"C/O GUIDEWILL INNOVATION CENTER, 6555 SANGER RD. SUITE 100",ORLANDO,FL,32827,US,form_d,,,,,,,,
StromaGenesis LLC,0002135079,0002134718-26-000021,"100 EAST LANCASTER AVE., ROOM R234, None",WYNNEWOOD,PA,19096,US,form_d,,,,,,,,
Monocacy Therapeutics Inc.,0002137361,0002137361-26-000001,"4716 MONROVIA BLVD, None",MONROVIA,MD,21770,US,form_d,,,,,,,,
"Kayak Therapeutics, Inc.",0002088831,0002088831-26-000001,"3317 BOWMAN AVENUE, None",AUSTIN,TX,78703,US,form_d,,,,,,,,
"Vivamed, Inc.",0002066306,0002066306-26-000001,"124 IDAHO AVE., #404, None",SANTA MONICA,CA,90403,US,form_d,,,,,,,,
GridAI Technologies Corp.,0001604191,0001104659-26-066399,"433 PLAZA REAL, SUITE 275, None",BOCA RATON,FL,33432,US,form_d,,,,,,,,
GridAI Technologies Corp.,0001604191,0001104659-26-066401,"433 PLAZA REAL, SUITE 275, None",BOCA RATON,FL,33432,US,form_d,,,,,,,,
"Magnus Medical, Inc.",0002057312,0002057312-26-000002,"1350 OLD BAYSHORE HWY, SUITE 600, None",BURLINGAME,CA,94010,US,form_d,,,,,,,,
"ONCOSYNERGY, INC.",0001556747,0001556747-26-000003,"2 RAVENGLASS DR., None",STAMFORD,CT,06903,US,form_d,,,,,,,,
"Reprogram Biosciences, Inc.",0002069701,0002069701-26-000003,"1030 BRITTAN AVE, None",SAN CARLOS,CA,94070,US,form_d,,,,,,,,
Conexeu Sciences Inc.,0002066836,0002060755-26-000028,"50 WEST LIBERTY STREET, SUITE 880, None",RENO,NV,89501,US,form_d,,,,,,,,
Conexeu Sciences Inc.,0002066836,0002060755-26-000027,"50 WEST LIBERTY STREET, SUITE 880, None",RENO,NV,89501,US,form_d,,,,,,,,
Lantern Pharma Inc.,0001763950,0001493152-26-024786,"1920 MCKINNEY AVENUE, 7TH FLOOR, None",DALLAS,TX,75201,US,form_d,,,,,,,,
"ViCardia Therapeutics, Inc.",0002135564,0002135564-26-000001,"530 BUSH STREET, SUITE 802, None",SAN FRANCISCO,CA,94108,US,form_d,,,,,,,,
"Reprise Biomedical, Inc.",0001782236,0001782236-26-000001,"17400 Medina Rd., Ste. 100, None",Plymouth,MN,55447,US,form_d,,,,,,,,
"Sea Pharmaceuticals, LLC",0001667677,0001667677-26-000004,"14 GRAY STREET, None",CAMBRIDGE,MA,02138,US,form_d,,,,,,,,
Ropana Vascular Inc.,0002133040,0002133040-26-000001,"1817 WATERMILL COURT, None",PLANO,TX,75093,US,form_d,,,,,,,,
"CNS Pharmaceuticals, Inc.",0001729427,0001683168-26-004126,"2100 WEST LOOP SOUTH, SUITE 900",HOUSTON,TX,77027,US,form_d,,,,,,,,
Remedium Bio Inc.,0001892414,0001892414-26-000004,"1116 GREAT PLAIN AVENUE, None",NEEDHAM,MA,02492,US,form_d,,,,,,,,
"ReelReactor, Inc.",0001964579,0001964579-26-000001,"2601 N PENROSE PLACE, None",STAR,ID,83669,US,form_d,,,,,,,,
"ThinkBio.Ai, Inc",0002041956,0002041956-26-000001,"3602 Inland Empire Blvd. C-200, None",Ontario,CA,91764,US,form_d,,,,,,,,
"Auxilium Health, Inc.",0002135544,0002135544-26-000002,"10000 CEDAR AVE, None",CLEVELAND,OH,44106,US,form_d,,,,,,,,
"Majesty Therapeutics, Inc.",0002135155,0001493152-26-023677,"41 SENECA ROAD, None",SEA RANCH LAKES,FL,33308,US,form_d,,,,,,,,
VST Operating Corp.,0002135476,0002135476-26-000001,"12250 CORPORATE PARKWAY, None",MEQUON,WI,53902,US,form_d,,,,,,,,
"Trellis Bioscience, Inc.",0001162015,0000929638-26-001870,"702 Marshall Street, Suite 301",Redwood City,CA,94063,US,form_d,,,,,,,,
"Xenagos Bio, Inc.",0002134608,0002134608-26-000001,"121 S. BROAD ST., 15TH FLOOR, #1015, None",PHILADELPHIA,PA,19107,US,form_d,,,,,,,,
"Athos Therapeutics, Inc.",0001885079,0001885079-26-000001,"1123 W. CARSON ST., None",TORRANCE,CA,90502,US,form_d,,,,,,,,
"Cue Biopharma, Inc.",0001645460,0001645460-26-000003,"40 GUEST STREET, None",BOSTON,MA,02135,US,form_d,,,,,,,,
"Gaius Therapeutics, Inc,",0002132841,0002132841-26-000002,"9276 SCRANTON ROAD, SUITE 500, None",SAN DIEGO,CA,92121,US,form_d,,,,,,,,
"EtiraRX, Inc.",0001996442,0001996442-26-000002,"3060 PEGASUS PARK DRIVE, BUILDING 6",DALLAS,TX,75247,US,form_d,,,,,,,,
"Pillar Therapeutics, Inc.",0002133041,0002133041-26-000001,"200 BERKELEY STREET, 18TH FLOOR, None",BOSTON,MA,02116,US,form_d,,,,,,,,
"Sentrimed, Inc.",0002014313,0002014313-26-000002,"107 GILBRETH PARKWAY, None",MULLICA HILL,NJ,08062,US,form_d,,,,,,,,
"Axenic Health Solutions, Inc.",0001749418,0001749418-26-000001,"1020 WINDHAVEN ROAD, None",LIBERTYVILLE,IL,60048,US,form_d,,,,,,,,
"California Compounding Company, Inc.",0002134601,0002134601-26-000001,"6600 W. SUNSET BLVD, SUITE 237",LOS ANGELES,CA,90028,US,form_d,,,,,,,,
Pagari Life Science Corp.,0001993125,0001993125-26-000001,"333 WEST BETHALTO DRIVE, None",BETHALTA,IL,62010,US,form_d,,,,,,,,
"Syncromune, Inc.",0001955312,0001231919-26-000472,"2919 E. COMMERCIAL BLVD., SUITE 200, None",FORT LAUDERDALE,FL,33308,US,form_d,,,,,,,,
"Virtuoso Surgical, Inc.",0001742075,0001742075-26-000004,"4560 TROUSDALE DR., SUITE 100",NASHVILLE,TN,37204,US,form_d,,,,,,,,
"PANGIA BIOTECH, INC.",0002125789,0001213900-26-054301,"4733 WEST ATLANTIC AVENUE, SUITE C-14",DELRAY BEACH,FL,33445,US,form_d,,,,,,,,
"Allyx Therapeutics, Inc.",0001865257,0001865257-26-000004,"555 Long Wharf Drive, Floor 11",NEW HAVEN,CT,06511,US,form_d,,,,,,,,
Niche Biopharmaceuticals LLC,0001846144,0001846144-26-000001,"22345 BRACKETTS ROAD, None",SHOREWOOD,MN,55331,US,form_d,,,,,,,,
CytoDyn Inc.,0001175680,0001175680-26-000003,"1111 MAIN STREET, SUITE 660, None",VANCOUVER,WA,98660,US,form_d,,,,,,,,
"PridCor Therapeutics, LLC",0002074593,0002074593-26-000002,"1837 COMMONS NORTH DRIVE, None",TUSCALOOSA,AL,35406,US,form_d,,,,,,,,
"BRT Biotechnologies, Inc.",0001994719,0001994719-26-000003,"SEAVER NORTH, 645 N COLLEGE AVE",CLAREMONT,CA,91711,US,form_d,,,,,,,,
Bi-One Inc.,0002133952,0002133952-26-000001,"5725 Stables Way, Unit 303, None",Alpharetta,GA,30004,US,form_d,,,,,,,,
MycoRx LLC,0002133992,0002133992-26-000001,"1501 BELLE ISLE AVENUE, SUITE 110",MOUNT PLEASANT,SC,29464,US,form_d,,,,,,,,
Alume Biosciences Inc,0001782348,0001782348-26-000006,"2223 AVENIDA DE LA PLAYA, SUITE 205",LA JOLLA,CA,92037,US,form_d,,,,,,,,
"Natsar Pharmaceuticals, Inc.",0002134002,0002134002-26-000001,"4624 TALL MAPLE CT., None",ELLICOTT CITY,MD,21043,US,form_d,,,,,,,,
"SPKL,LLC",0002100328,0002100328-26-000001,"18201 WIMBLEDON GREEN PL, None",TAMPA,FL,33647,US,form_d,,,,,,,,
"Illexcor Therapeutics, Inc.",0002132799,0002132799-26-000001,"11924 Evening Loop, None",HENRICO,VA,23233,US,form_d,,,,,,,,
"Cyrus Biotechnology, Inc.",0001641241,0001641241-26-000001,"3005 1ST AVE, SUITE 203",SEATTLE,WA,98121,US,form_d,,,,,,,,
"Outlook Therapeutics, Inc.",0001649989,0001231919-26-000465,"111 S. WOOD AVENUE, UNIT #100",ISELIN,NJ,08830,US,form_d,,,,,,,,
"Metisculpt, Inc",0002133798,0002133798-26-000001,"3213 COVENTRY LANE, None",PLANO,TX,75093,US,form_d,,,,,,,,
"AXOFT, INC.",0002014351,0002014351-26-000003,"148 Sidney St, None",Cambridge,MA,02139,US,form_d,,,,,,,,
"Neopenda, PBC",0001751635,0001751635-26-000003,"1623 W FULTON ST, None",CHICAGO,IL,60612,US,form_d,,,,,,,,
Mitera Biosciences Inc.,0002022224,0002022224-26-000001,"3120 139th Avenue Southeast, Suite 500",Bellevue,WA,98005,US,form_d,,,,,,,,
Autoimmunity Biologic Solutions Inc.,0002045812,0002045812-26-000003,"2710 REED RD, SUITE 160, None",HOUSTON,TX,77051,US,form_d,,,,,,,,
MedVector Corp,0001820902,0001820902-26-000006,"898 Pacific Coast Highway, None",El Segundo,CA,90245,US,form_d,,,,,,,,
"Scalpel Ventures, LLC",0001965382,0001965382-26-000001,"1979 CUSTOM LANE, None",APEX,NC,27502,US,form_d,,,,,,,,
"Jupiter Biomedical Research, Inc.",0001694280,0001079973-26-000600,"3710 BUCKEYE STREET, STE. 100",PALM BEACH GARDENS,FL,33410,US,form_d,,,,,,,,
D44 Ventures SPV LLC,0002133098,0002133098-26-000001,"108 WEST 13TH STREET, None",WILMINGTON,DE,19801,US,form_d,,,,,,,,
Vitanova Biomedical Inc.,0002125206,0002125206-26-000002,"222 SIDNEY BAKER STREET, SUITE 635",KERRVILLE,TX,78028,US,form_d,,,,,,,,
"Artax Biopharma, Inc.",0001587661,0001587661-26-000002,"ONE BROADWAY, 14TH FLOOR",CAMBRIDGE,MA,02142,US,form_d,,,,,,,,
"Enveric Biosciences, Inc.",0000890821,0000890821-26-000002,"245 FIRST STREET RIVERVIEW II 18TH FLOOR, None",CAMBRIDGE,MA,02142,US,form_d,,,,,,,,
"Inflammasome Therapeutics, Inc.",0001989925,0001989925-26-000003,"57 CHAPEL ST., STE. 100",NEWTON,MA,02458,US,form_d,,,,,,,,
"Climb Bio, Inc.",0001768446,0001768446-26-000001,"20 WILLIAM STREET, SUITE 145",WELLESLEY HILLS,MA,02481,US,form_d,,,,,,,,
PharmassetX Inc.,0002090938,0002090938-26-000001,"2900 LAKE VISTA DRIVE, None",LOUISVILLE,KY,40241,US,form_d,,,,,,,,
"Mentat Biotechnology, Corp.",0002133071,0002133071-26-000001,"1025 SAN LUIS CIR, UNIT 726",DALY CITY,CA,94014,US,form_d,,,,,,,,
"Nok Therapeutics, Inc.",0002038166,0001213900-26-050994,"2009 MACKENZIE WAY, SUITE 100",CRANBERRY TWP.,PA,16066,US,form_d,,,,,,,,
"Nok Therapeutics, Inc.",0002038166,0001213900-26-050987,"2009 MACKENZIE WAY, SUITE 100",CRANBERRY TWP.,PA,16066,US,form_d,,,,,,,,
nira innovations Inc,0002132293,0002132293-26-000002,"42 ROUTE 111, None",DERRY,NH,03038,US,form_d,,,,,,,,
"Genesis New Ventures, LLC",0001937493,0001937493-26-000001,"9575 NEVADA TRAIL, None",MISSOULA,MT,59808,US,form_d,,,,,,,,
"Parabolica Therapeutics, Inc.",0002128979,0002128979-26-000001,"6738 NORTHPORT DR, None",DALLAS,TX,75230,US,form_d,,,,,,,,
"Esanik Therapeutics, Inc.",0002044524,0002044524-26-000003,"120 West Main Street, None",Northville,MI,48167,US,form_d,,,,,,,,
"GelMEDIX, Inc.",0001815624,0001815624-26-000003,"238 MAIN STREET, FIFTH FLOOR, None",CAMBRIDGE,MA,02142,US,form_d,,,,,,,,
Epi Labs Inc.,0002131877,0002131877-26-000001,"135 MISSISSIPPI STREET, None",SAN FRANCISCO,CA,94107,US,form_d,,,,,,,,
"NextEvo, Inc.",0002053885,0002053885-26-000002,"181 WASHINGTON STREET, SUITE 450",CONSHOHOCKEN,PA,19428,US,form_d,,,,,,,,
"Cresilon, Inc.",0001728054,0001728054-26-000001,"86 34th St, Suite 6-3-D",BROOKLYN,NY,11232,US,form_d,,,,,,,,
PERSISTA BIO INC.,0002131619,0002131619-26-000001,"16192 Coastal Highway, None",City of Lewes,DE,19958,US,form_d,,,,,,,,
"Acurx Pharmaceuticals, Inc.",0001736243,0001736243-26-000001,"259 LIBERTY AVENUE, None",STATEN ISLAND,NY,10305,US,form_d,,,,,,,,
Nutrivert Inc.,0001970591,0001970591-26-000003,"2525 PEACHTREE ROAD NE #27, None",ATLANTA,GA,30305,US,form_d,,,,,,,,
"LadeRx, LLC",0001970543,0001970543-26-000003,"3225 SURREY ROAD, None",DURHAM,NC,27707,US,form_d,,,,,,,,
"Biomakers, Inc.",0002010983,0002010983-26-000002,"850 NEW BURTON ROAD, SUITE 201","CITY OF DOVER, COUNTY OF KENT",DE,19904,US,form_d,,,,,,,,
Converge Bio Inc.,0002131104,0002131104-26-000001,"2093 PHILADELPHIA PIKE #1664, None",CLAYMONT,DE,19703,US,form_d,,,,,,,,
"NK-One Therapeutics, Inc.",0002127553,0002127553-26-000001,"526 PARK RIDGE DRIVE, None",WAYNE,PA,19087,US,form_d,,,,,,,,
"Nuclein, LLC",0001787352,0001787352-26-000002,"8305 CROSS PARK DR, None",AUSTIN,TX,78754,US,form_d,,,,,,,,
Neuro-Kinesis Corp,0001814194,0001814194-26-000003,"10524 S. LA CIENEGA BLVD., None",INGLEWOOD,CA,90304,US,form_d,,,,,,,,
VST BIO Corp,0002093250,0002093250-26-000001,"4653 CARMEL MOUNTAIN ROAD, STE 308, PMB 1015",SAN DIEGO,CA,92130,US,form_d,,,,,,,,
Ionetix Corp / DE /,0002108121,0001213900-26-047044,"3130 SOVEREIGN DRIVE, SUITE 5D, None",LANSING,MI,48911,US,form_d,,,,,,,,
"Adela, Inc.",0001852167,0001852167-26-000001,"353 HATCH DRIVE, None",FOSTER CITY,CA,94404,US,form_d,,,,,,,,
"General Oncology, Inc.",0001658021,0001658021-26-000006,"57 Chapel Street, Third Floor, None",Newton,MA,02458,US,form_d,,,,,,,,
"Selva Nexus, Inc.",0002130905,0002130905-26-000001,"1209 MOUNTAIN ROAD PL NE #11522, None",ALBUQUERQUE,NM,87110,US,form_d,,,,,,,,
"Hepion Pharmaceuticals, Inc.",0001583771,0001493152-26-018593,"34 SHREWSBURY AVE., SUITE 1D",RED BANK,NJ,07701,US,form_d,,,,,,,,
Corami Biotech Inc.,0002042505,0002042505-26-000003,"5395 N ANGELA ROAD, None",MEMPHIS,TN,38120,US,form_d,,,,,,,,
"Nok Therapeutics, Inc.",0002038166,0001213900-26-046538,"2009 MACKENZIE WAY, SUITE 100",CRANBERRY TWP.,PA,16066,US,form_d,,,,,,,,
"Nok Therapeutics, Inc.",0002038166,0001213900-26-046533,"2009 MACKENZIE WAY, SUITE 100",CRANBERRY TWP.,PA,16066,US,form_d,,,,,,,,
"Nok Therapeutics, Inc.",0002038166,0001213900-26-046528,"2009 MACKENZIE WAY, SUITE 100",CRANBERRY TWP.,PA,16066,US,form_d,,,,,,,,
Visor Health Inc.,0002087088,0002087088-26-000003,"3723 TAYLORSVILLE ROAD, SUITE B",LOUISVILLE,KY,40220,US,form_d,,,,,,,,
"Terremoto Biosciences, Inc.",0002130748,0001231919-26-000386,"230 EAST GRAND AVENUE, SUITE 200, None",SOUTH SAN FRANCISCO,CA,94080,US,form_d,,,,,,,,
"Tetrous, Inc.",0002002357,0002002357-26-000001,"14930 VENTURA BLVD., SUITE 325, None",SHERMAN OAKS,CA,91324,US,form_d,,,,,,,,
KIORA PHARMACEUTICALS INC,0001372514,0001372514-26-000038,"169 SAXONY RD., SUITE 212",ENCINITAS,CA,92024,US,form_d,,,,,,,,
Haylex Laboratories Inc.,0002124719,0002124719-26-000001,"2317 TRAILS END, None",KERRVILLE,TX,78028,US,form_d,,,,,,,,
Avivomed Inc.,0001893991,0001893991-26-000003,"2896 Centre Pointe Drive, None",Roseville,MN,55113,US,form_d,,,,,,,,
"Pearl Diagnostics, Inc.",0001922830,0001922830-26-000003,"1812 ASHLAND AVENUE, SUITE G32",BALTIMORE,MD,21205,US,form_d,,,,,,,,
Paralos Bioscience Inc.,0002080259,0002080259-26-000001,"570 WESTWOOD PLAZA LAB ROOM 6350, ATTN: PARALOS BIOSCIENCE INC (MAGNIFY)",LOS ANGELES,CA,90095,US,form_d,,,,,,,,
"Tinos Therapeutics, Inc.",0002088485,0002088485-26-000001,"700 MAIN STREET, None",CAMBRIDGE,MA,02139,US,form_d,,,,,,,,
"Aethl Bio, Inc.",0002116929,0002116929-26-000001,"100 S JACKSON AVE, STE 05-526",PITTSBURGH,PA,15202,US,form_d,,,,,,,,
"Bonum Therapeutics, Inc.",0001898714,0001898714-26-000001,"1150 EASTLAKE AVENUE E, SUITE 1100",SEATTLE,WA,98109,US,form_d,,,,,,,,
Spiral Therapeutics Inc,0001761906,0001231919-26-000364,"6000 SHORELINE COURT, SUITE 206",SOUTH SAN FRANCISCO,CA,94080,US,form_d,,,,,,,,
"NovAb, Inc.",0001685163,0001685163-26-000002,"1860 MONTREAL ROAD, None",TUCKER,GA,30084,US,form_d,,,,,,,,
"Alloy Therapeutics, Inc.",0001851943,0001851943-26-000001,"275 SECOND AVE, SUITE 200",WALTHAM,MA,02451,US,form_d,,,,,,,,
"Pulmatrix, Inc.",0001574235,0001493152-26-016816,"945 CONCORD STREET, SUITE 1217",FRAMINGHAM,MA,01701,US,form_d,,,,,,,,
TAVRA BIOSCIENCES LLC,0002129971,0002129971-26-000001,"5521 LINMORE LANE, PLANO, TX 75093",PLANO,TX,75093,US,form_d,,,,,,,,
"Canton Strategic Holdings, Inc.",0001861657,0001493152-26-016735,"34 SHREWSBURY AVE., None",RED BANK,NJ,07701,US,form_d,,,,,,,,
"Canton Strategic Holdings, Inc.",0001861657,0001493152-26-016733,"34 SHREWSBURY AVE., None",RED BANK,NJ,07701,US,form_d,,,,,,,,
GreenMark Biomedical Inc.,0001741718,0001741718-26-000003,"325 E. GRAND RIVER AVENUE, SUITE 314",EAST LANSING,MI,48823-4375,US,form_d,,,,,,,,
Watershed Medical Inc.,0002092749,0002092749-26-000003,"9841 NE 15TH STREET, None",BELLEVUE,WA,98004,US,form_d,,,,,,,,
"Valius Health, Inc.",0002129055,0000905148-26-001662,"8 California Street, Suite 300",San Francisco,CA,94111,US,form_d,,,,,,,,
"Rakuten Medical, Inc.",0001595215,0001595215-26-000001,"6885 Flanders Drive, Suite 100, None",San Diego,CA,92121,US,form_d,,,,,,,,
"Canal Biosciences, Inc.",0002128163,0002128163-26-000001,"110 CANAL STREET, None",LOWELL,MA,01852,US,form_d,,,,,,,,
Inso Biosciences Inc.,0001906426,0001906426-26-000003,"237 TOWER ROAD, ROOM 410, WEILL HALL MCGOVERN CENTER",ITHACA,NY,14853,US,form_d,,,,,,,,
Contamination Source Identification Inc.,0001788640,0001437749-26-011870,"326 Dogwood Drive, None",Hershey,PA,17033,US,form_d,,,,,,,,
"RenovoRx, Inc.",0001574094,0001465818-26-000003,"2570 W EL CAMINO REAL, SUITE 320, None",MOUNTAIN VIEW,CA,94040,US,form_d,,,,,,,,
"Iambic Therapeutics, Inc.",0001997038,0001997038-26-000001,"5627 OBERLIN DRIVE, SUITE 120, None",SAN DIEGO,CA,92121,US,form_d,,,,,,,,
HumanImage Inc,0002128148,0002128148-26-000001,"803 W HUTCHINSON ST, None",CHICAGO,IL,60613,US,form_d,,,,,,,,
"IMAGINOSTICS, INC.",0002122464,0002122464-26-000007,"C/O GUIDEWELL INNOVATION CENTER, 6555 SANGER RD, SUITE 100",ORLANDO,FL,32827,US,form_d,,,,,,,,
Myra EB Systems LLC,0002125905,0002125905-26-000001,"85 SWANSON ROAD,, SUITE 293",BOXBOROUGH,MA,01719,US,form_d,,,,,,,,
Modulate Bio Inc.,0002026915,0002026915-26-000001,"PAGLIUCA HARVARD LIFE LAB, 127 WESTERN AVE",ALLSTON,MA,02134,US,form_d,,,,,,,,
"HUBOT, INC.",0002127640,0002127640-26-000001,"3333 N. KENMORE STREET, None",SOUTH BEND,IN,46628,US,form_d,,,,,,,,
CIVIK Biotech Inc,0002127189,0002127189-26-000001,"140 CENTRAL WAY, None",KIRKLAND,WA,98033,US,form_d,,,,,,,,
Alume Biosciences Inc,0001782348,0001782348-26-000005,"2223 AVENIDA DE LA PLAYA, SUITE 205",LA JOLLA,CA,92037,US,form_d,,,,,,,,
"Cadrenal Therapeutics, Inc.",0001937993,0001213900-26-040457,"822 A1A NORTH, SUITE 306, None",PONTE VEDRA,FL,32082,US,form_d,,,,,,,,
"Iyuda Therapeutics, Inc.",0001993594,0000905148-26-001559,"3217 Hunting Tweed Dr., None",Owings Mills,MD,21117,US,form_d,,,,,,,,
"RLL, LLC",0001755433,0001755433-26-000001,"11801 BERANS ROAD, None",LUTHERVILLE,MD,21093,US,form_d,,,,,,,,
"ARTELO BIOSCIENCES, INC.",0001621221,0001621221-26-000005,"505 LOMAS SANTA FE, SUITE 160, None",SOLANA BEACH,CA,92075,US,form_d,,,,,,,,
"Stipple Bio, Inc.",0001932776,0001932776-26-000002,"238 Main Street, None",Cambridge,MA,02142,US,form_d,,,,,,,,
"IMAGINOSTICS, INC.",0002122464,0002122464-26-000005,"C/O GUIDEWELL INNOVATION CENTER, 6555 SANGER RD, SUITE 100",ORLANDO,FL,32827,US,form_d,,,,,,,,
"IMAGINOSTICS, INC.",0002122464,0002122464-26-000006,"C/O GUIDEWELL INNOVATION CENTER, 6555 SANGER RD, SUITE 100",ORLANDO,FL,32827,US,form_d,,,,,,,,
"IMAGINOSTICS, INC.",0002122464,0002122464-26-000004,"C/O GUIDEWELL INNOVATION CENTER, 6555 SANGER RD, SUITE 100",ORLANDO,FL,32827,US,form_d,,,,,,,,
"IMAGINOSTICS, INC.",0002122464,0002122464-26-000003,"C/O GUIDEWELL INNOVATION CENTER, 6555 SANGER RD, SUITE 100",ORLANDO,FL,32827,US,form_d,,,,,,,,
"IMAGINOSTICS, INC.",0002122464,0002122464-26-000002,"C/O GUIDEWELL INNOVATION CENTER, 6555 SANGER RD, SUITE 100",ORLANDO,FL,32827,US,form_d,,,,,,,,
"IMAGINOSTICS, INC.",0002122464,0002122464-26-000001,"C/O GUIDEWELL INNOVATION CENTER, 6555 SANGER RD, SUITE 100",ORLANDO,FL,32827,US,form_d,,,,,,,,
"Tempest Therapeutics, Inc.",0001544227,0001231919-26-000307,"2000 SIERRA POINT PARKWAY, SUITE 400",BRISBANE,CA,94005,US,form_d,,,,,,,,
"Resolute Science, Inc.",0002023638,0002023638-26-000002,"3210 MERRYFIELD ROW, None",SAN DIEGO,CA,92121,US,form_d,,,,,,,,
"Bascule Biosciences, Inc.",0002126807,0002126807-26-000002,"155 STRATTON ROAD, None",NEW ROCHELLE,NY,10804,US,form_d,,,,,,,,
Lifeward Ltd.,0001607962,0001607962-26-000003,"2 CABOT ROAD, None",HUDSON,MA,01749,US,form_d,,,,,,,,
"Linnaeus Therapeutics, Inc.",0001752026,0001752026-26-000007,"30 WASHINGTON AVENUE, SUITE F, None",HADDONFIELD,NJ,08033,US,form_d,,,,,,,,
"Spectrum Antimicrobials, Inc.",0001808754,0001808754-26-000004,"1770 CORPORATE CIRCLE, None",PETALUMA,CA,94954,US,form_d,,,,,,,,
"DesiCorp, Inc.",0001997477,0001997477-26-000004,"201 E. JEFFERSON STREET, None",LOUISVILLE,KY,40202,US,form_d,,,,,,,,
MiNDERA Corp,0001629564,0001629564-26-000001,"1221 LIBERTY WAY, None",VISTA,CA,92081,US,form_d,,,,,,,,
Imagine Devices Inc.,0002108491,0002108491-26-000002,"PMB 1471,10900 Research Blvd, Ste 160C",AUSTIN,TX,78759,US,form_d,,,,,,,,
Conexeu Sciences Inc.,0002066836,0002060755-26-000022,"50 WEST LIBERTY STREET, SUITE 880, None",RENO,NV,89501,US,form_d,,,,,,,,
