lab_id,company_name,lab_name,street_address,city,state,zip_code,is_hq,company_url,contact_name,contact_email,latitude,longitude,lab_type,data_source,phone_number,clia_number,specialty,date_collected,npi_number,official_name,official_title,official_phone
CLIA_CA_00001,Los Angeles Community Hospital At Bellflower,Los Angeles Community Hospital At Bellflower,9542 E Artesia Blvd,Bellflower,CA,90706,,,,,33.874757,-118.13045,clinical,CMS_CLIA,(323) 881-2628,05D0059546,Routine Chemistry,20041217,1811318702,ROBERT ELDERS,Secretary,7147881249
CLIA_CA_00002,Glendora Hospital,Glendora Hospital,150 W Route 66,Glendora,CA,91740,,,,,34.128607,-117.865033,clinical,CMS_CLIA,(626) 852-5000,05D0060297,Routine Chemistry,20050506,1487249298,RODERICK BELL,Chief Financial Officer,5629972413
CLIA_CA_00003,Nikkei Pediatric Medical Group,Nikkei Pediatric Medical Group,"1245 Wilshire Blvd, Ste 635",Los Angeles,CA,90017,,,,,34.05341,-118.265633,clinical,CMS_CLIA,(213) 617-7073,05D0541273,Routine Chemistry,20010507,,,,
CLIA_CA_00004,Eladh Lp/East Los Angeles Doctors Hospital,Eladh Lp/East Los Angeles Doctors Hospital,4060 Whittier Blvd,Los Angeles,CA,90023,,,,,34.023864,-118.184294,clinical,CMS_CLIA,(323) 260-4126,05D0541988,Routine Chemistry,20100916,,,,
CLIA_CA_00005,Kfh West Los Angeles Blood Gas Laboratory,Kfh West Los Angeles Blood Gas Laboratory,6041 Cadillac Ave,Los Angeles,CA,90034,,,,,34.037836,-118.375491,clinical,CMS_CLIA,(323) 857-3486,05D0543484,Routine Chemistry,20081125,,,,
CLIA_CA_00006,Bedford Health Associates Lab,Bedford Health Associates Lab,9001 Wilshire Ste 200,Beverly Hills,CA,90211,,,,,34.067106,-118.387725,clinical,CMS_CLIA,(310) 271-2328,05D0543663,Routine Chemistry,20251216,,,,
CLIA_CA_00007,Nassir Medical Corporation Laboratory,Nassir Medical Corporation Laboratory,"5901 W Olympic Blvd, Ste 505",Los Angeles,CA,90036,,,,,34.057584,-118.35991,clinical,CMS_CLIA,(323) 930-2324,05D0543664,Routine Chemistry,20260127,,,,
CLIA_CA_00008,Privilege Dx Medical Laboratories Inc,Privilege Dx Medical Laboratories Inc,10133 Riverside Dr,Toluca Lake,CA,91602,,,,,34.152262,-118.351851,clinical,CMS_CLIA,(747) 203-1614,05D0543719,Routine Chemistry,20251209,,,,
CLIA_CA_00009,"James Richards, Md","James Richards, Md","6222 W Manchester Ave, Ste A",Los Angeles,CA,90045,,,,,33.959744,-118.394149,clinical,CMS_CLIA,(310) 670-1840,05D0544111,Routine Chemistry,20230830,,,,
CLIA_CA_00010,Howard Sofen Md,Howard Sofen Md,"8930 S Sepulveda Blvd, Ste 114",Los Angeles,CA,90045,,,,,33.955676,-118.396044,clinical,CMS_CLIA,(310) 337-7171,05D0544125,Routine Chemistry,20241121,,,,
CLIA_CA_00011,"Pediatric Group, Inc, The","Pediatric Group, Inc, The",250 N Robertson Blvd Ste 404,Beverly Hills,CA,90211,,,,,34.069459,-118.383655,clinical,CMS_CLIA,(310) 273-9533,05D0544441,Routine Chemistry,20010621,,,,
CLIA_CA_00012,Tower Dermatology,Tower Dermatology,8631 W 3rd St Ste 1035E,Los Angeles,CA,90048,,,,,34.073632,-118.379877,clinical,CMS_CLIA,(310) 659-9075,05D0544561,Routine Chemistry,20240729,,,,
CLIA_CA_00013,Kiumars Bakshandeh Md,Kiumars Bakshandeh Md,9730 Wilshire Blvd Suite 115,Beverly Hills,CA,90212,,,,,34.067017,-118.407293,clinical,CMS_CLIA,(310) 274-6139,05D0544584,Routine Chemistry,19981202,,,,
CLIA_CA_00014,Elayne K Garber Md A Medical Corp,Elayne K Garber Md A Medical Corp,8631 W 3rd St Ste 700E,Los Angeles,CA,90048,,,,,34.073632,-118.379877,clinical,CMS_CLIA,(310) 854-3539,05D0544586,Routine Chemistry,20250519,,,,
CLIA_CA_00015,"Brian E Dubow, Md","Brian E Dubow, Md","435 N Roxbury Dr, Ste 204",Beverly Hills,CA,90210,,,,,34.067567,-118.406509,clinical,CMS_CLIA,(310) 888-4070,05D0544604,Routine Chemistry,20250610,,,,
CLIA_CA_00016,Corday Medical Group Lab,Corday Medical Group Lab,8635 W 3rd St Ste 485W,Los Angeles,CA,90048,,,,,34.073633,-118.379915,clinical,CMS_CLIA,(310) 855-8081,05D0544614,Routine Chemistry,20251216,,,,
CLIA_CA_00017,Emmanuel Brandeis Md,Emmanuel Brandeis Md,292 S La Cienega # 100,Beverly Hills,CA,90211,,,,,34.062811,-118.37604,clinical,CMS_CLIA,(310) 855-7504,05D0544616,Routine Chemistry,19961030,,,,
CLIA_CA_00018,Tower Urology Inc,Tower Urology Inc,"8635 W Third St, Ste 1W",Los Angeles,CA,90048,,,,,34.073633,-118.379915,clinical,CMS_CLIA,(310) 854-9898,05D0544900,Routine Chemistry,20250611,1861422941,AZITA PAKRAVAN,CEO,3108549898
CLIA_CA_00019,Jason A Rothbart Md,Jason A Rothbart Md,"10309 Santa Monica Blvd, Suite 300",Los Angeles,CA,90025,,,,,34.059312,-118.421745,clinical,CMS_CLIA,(310) 552-3232,05D0545802,Routine Chemistry,19950502,,,,
CLIA_CA_00020,Scrc Medical Group Pc,Scrc Medical Group Pc,"450 N Roxbury Dr,  #500",Beverly Hills,CA,90210,,,,,34.067856,-118.406629,clinical,CMS_CLIA,(310) 246-4948,05D0546234,Routine Chemistry,20230816,1538704119,KYLE FRANCIS,CEO,3102772393
CLIA_CA_00021,Comprehensive Urology Medical Group,Comprehensive Urology Medical Group,8631 W 3rd St Ste 1115E,Los Angeles,CA,90048,,,,,34.073632,-118.379877,clinical,CMS_CLIA,(818) 207-7409,05D0546491,Routine Chemistry,20230831,1760406250,KIARASH MICHEL,Managing Partner,3102788330
CLIA_CA_00022,Cardiovascular Medical Group,Cardiovascular Medical Group,"414 N Camden Dr,Ste 680",Beverly Hills,CA,90210,,,,,34.068777,-118.404139,clinical,CMS_CLIA,(310) 278-3400,05D0546492,Routine Chemistry,20260129,,,,
CLIA_CA_00023,Dermatology Associates Of Beverly Hills,Dermatology Associates Of Beverly Hills,"465 N Roxbury Dr, Ste 803",Beverly Hills,CA,90210,,,,,34.067975,-118.406924,clinical,CMS_CLIA,(310) 274-9954,05D0546501,Routine Chemistry,20250909,1649098971,WENDY HOFFMAN,Partner,3102749954
CLIA_CA_00024,Harry W Saperstein Md,Harry W Saperstein Md,8920 Wilshire Blvd Ste 545,Beverly Hills,CA,90211,,,,,34.066981,-118.386428,clinical,CMS_CLIA,(310) 854-3003,05D0546645,Routine Chemistry,20240815,,,,
CLIA_CA_00025,Protzel Pathology Laboratory,Protzel Pathology Laboratory,"9735 Wilshire Blvd, Ste 241",Beverly Hills,CA,90212,,,,,34.067131,-118.407708,clinical,CMS_CLIA,(310) 858-0874,05D0547058,Routine Chemistry,20250610,1518006014,RICHARD PROTZEL,Pathologist Owner,3108580874
CLIA_CA_00026,"Prostate Oncology Specialist, Inc","Prostate Oncology Specialist, Inc","4560 Admiralty Way, Ste 111",Marina Del Rey,CA,90292,,,,,33.983183,-118.442668,clinical,CMS_CLIA,(310) 827-7707,05D0547251,Routine Chemistry,20241008,,,,
CLIA_CA_00027,Healthcare Partners Affiliates Medical Group,Healthcare Partners Affiliates Medical Group,8311 East Florence Avenue,Downey,CA,90240,,,,,33.951382,-118.125461,clinical,CMS_CLIA,(562) 988-7027,05D0547356,Routine Chemistry,19970616,,,,
CLIA_CA_00028,Pacific Dermatology Specialists,Pacific Dermatology Specialists,"11525 Brookshire Ave, Ste 101",Downey,CA,90241,,,,,33.935864,-118.131553,clinical,CMS_CLIA,(562) 923-6450,05D0547476,Routine Chemistry,20240731,,,,
CLIA_CA_00029,Laboratory Corporation,Laboratory Corporation,19750 S Vermont Ave,Torrance,CA,90502,,,,,33.85174,-118.290447,clinical,CMS_CLIA,(949) 230-0428,05D0548117,Routine Chemistry,20020418,,,,
CLIA_CA_00030,Michael B Scott Md Inc,Michael B Scott Md Inc,3637 Martin Luther King Jr Blvd Ste B,Lynwood,CA,90262,,,,,33.929765,-118.201504,clinical,CMS_CLIA,(310) 537-9230,05D0548259,Routine Chemistry,20230426,,,,
CLIA_CA_00031,St. Francis Medical Center,St. Francis Medical Center,3630 E Imperial Hwy,Lynwood,CA,90262,,,,,,,clinical,CMS_CLIA,(310) 900-8610,05D0548351,Routine Chemistry,20070925,1194317776,CHRISTOPHER DOAN,Managing Associate General Counsel,3102594706
CLIA_CA_00032,"Marcos Yang, Md","Marcos Yang, Md",310 Tejon Place,Palos Verdes Estates,CA,90274,,,,,33.799732,-118.39035,clinical,CMS_CLIA,(310) 375-2403,05D0548628,Routine Chemistry,20030624,,,,
CLIA_CA_00033,Healthcare Partners Affiliates,Healthcare Partners Affiliates,"25210 Crenshaw Blvd,  Ste 100",Torrance,CA,90505,,,,,33.795648,-118.328334,clinical,CMS_CLIA,(562) 988-7027,05D0548686,Routine Chemistry,20000601,,,,
CLIA_CA_00034,Reproductive Partners Medical Group Inc,Reproductive Partners Medical Group Inc,23440 Hawthrone Blvd  Suite 230,Torrance,CA,90505,,,,,33.813106,-118.350928,clinical,CMS_CLIA,(310) 318-3010,05D0548755,Routine Chemistry,20190614,,,,
CLIA_CA_00035,Centinela Hospital Medical Center,Centinela Hospital Medical Center,555 E Hardy St,Inglewood,CA,90301,,,,,33.94915,-118.348183,clinical,CMS_CLIA,(310) 860-8390,05D0549308,Routine Chemistry,20080507,1104005990,TROY SCHELL,Secretary / General Counsel,9092354311
CLIA_CA_00036,Inter Science Institute,Inter Science Institute,944 W Hyde Park Blvd,Inglewood,CA,90302,,,,,33.965247,-118.368706,clinical,CMS_CLIA,(310) 677-3322,05D0549406,Routine Chemistry,20000803,1013917020,NAN HEARD,Laboratory Director,3106773322
CLIA_CA_00037,Tenth Street Pediatric Medical Group Inc,Tenth Street Pediatric Medical Group Inc,1450 10th St Ste 304,Santa Monica,CA,90401,,,,,34.0203,-118.488734,clinical,CMS_CLIA,(310) 458-1714,05D0549694,Routine Chemistry,20180619,,,,
CLIA_CA_00038,William A Pullen Md,William A Pullen Md,"1301 20th St, Ste 550",Santa Monica,CA,90404,,,,,34.030028,-118.481448,clinical,CMS_CLIA,(310) 315-0231,05D0550065,Routine Chemistry,20221214,,,,
CLIA_CA_00039,Santa Monica Dermatology Group,Santa Monica Dermatology Group,"2001 Santa Monica Blvd, Ste 990",Santa Monica,CA,90404,,,,,,,clinical,CMS_CLIA,(310) 829-4484,05D0550289,Routine Chemistry,20240708,1356870067,MARIA MENDOZA,Office Manager,3108294484
CLIA_CA_00040,Pacific Urology Institute  Medical Grp,Pacific Urology Institute  Medical Grp,2021 Santa Monica Blvd Ste 510 E,Santa Monica,CA,90404,,,,,,,clinical,CMS_CLIA,(818) 207-7409,05D0550315,Routine Chemistry,20170919,,,,
CLIA_CA_00041,Westside Internal Medicine Laboratory,Westside Internal Medicine Laboratory,"2121 Wilshire Blvd, 3rd Fl Lab",Santa Monica,CA,90403,,,,,,,clinical,CMS_CLIA,(310) 264-0762,05D0550324,Routine Chemistry,20241105,,,,
CLIA_CA_00042,"Rebecca Di Mundo, Md Inc","Rebecca Di Mundo, Md Inc",2210 Santa Monica Blvd Suite A,Santa Monica,CA,90404,,,,,34.029882,-118.478431,clinical,CMS_CLIA,(310) 829-3525,05D0550327,Routine Chemistry,19971024,,,,
CLIA_CA_00043,Zong Lang Tsai,Zong Lang Tsai,3011 West Artesia Boulevard,Torrance,CA,90504,,,,,33.872982,-118.325491,clinical,CMS_CLIA,(310) 329-6395,05D0550814,Routine Chemistry,20010226,,,,
CLIA_CA_00044,Pacific Dermatology Specialists,Pacific Dermatology Specialists,23451 Madison St Ste 190,Torrance,CA,90505,,,,,33.812106,-118.347763,clinical,CMS_CLIA,(217) 503-0983,05D0550965,Routine Chemistry,20200106,,,,
CLIA_CA_00045,"Simone A  Mckitty, Md Inc","Simone A  Mckitty, Md Inc",3440 W Lomita Blvd Ste 442,Torrance,CA,90505,,,,,33.813204,-118.345152,clinical,CMS_CLIA,(310) 530-5451,05D0551024,Routine Chemistry,20251202,,,,
CLIA_CA_00046,"Genesis Healthcare Partners, Pc","Genesis Healthcare Partners, Pc",23600 Telo Ave Ste 220,Torrance,CA,90505,,,,,33.812415,-118.33812,clinical,CMS_CLIA,(310) 534-8400,05D0551298,Routine Chemistry,20130102,,,,
CLIA_CA_00047,"Soledad O Lee, Md, Inc Laboratory","Soledad O Lee, Md, Inc Laboratory",6888 Lincoln Ave Suite M,Buena Park,CA,90620,,,,,33.831806,-118.012981,clinical,CMS_CLIA,(714) 828-8400,05D0551701,Routine Chemistry,19960626,,,,
CLIA_CA_00048,Healthcare Partners Affiliates Medical Group,Healthcare Partners Affiliates Medical Group,6900 Lincoln Ave,Buena Park,CA,90620,,,,,33.831809,-118.012682,clinical,CMS_CLIA,(562) 988-7027,05D0551816,Routine Chemistry,19960807,,,,
CLIA_CA_00049,"La Mirada Medical Weight Control, Inc","La Mirada Medical Weight Control, Inc",15022 Mulberry Drive Suite A,Whittier,CA,90604,,,,,33.935131,-118.010931,clinical,CMS_CLIA,(562) 777-7700,05D0552051,Routine Chemistry,20030307,,,,
CLIA_CA_00050,Coast Plaza Hospital Clinical Laboratory,Coast Plaza Hospital Clinical Laboratory,13100 Studebaker Rd,Norwalk,CA,90650,,,,,33.91291,-118.099093,clinical,CMS_CLIA,(562) 868-3751,05D0552357,Routine Chemistry,20100518,,,,
CLIA_CA_00051,Unilab Corporation Dba Quest Diagnostics,Unilab Corporation Dba Quest Diagnostics,245 Terracina Blvd  Ste 104B,Redlands,CA,92373,,,,,34.03794,-117.205596,clinical,CMS_CLIA,(909) 335-6328,05D0552553,Routine Chemistry,19931028,,,,
CLIA_CA_00052,"Genesis Healthcare Partners, Pc","Genesis Healthcare Partners, Pc",20911 Earl Street Suite 140,Torrance,CA,90503,,,,,33.840331,-118.358088,clinical,CMS_CLIA,(310) 542-0199,05D0553069,Routine Chemistry,19950914,,,,
CLIA_CA_00053,Los Alamitos Hematology/Oncology,Los Alamitos Hematology/Oncology,3801 Katella Ave Ste 207,Los Alamitos,CA,90720,,,,,33.803233,-118.066605,clinical,CMS_CLIA,(562) 598-9745,05D0553321,Routine Chemistry,20240422,,,,
CLIA_CA_00054,Alamitos Dermatological Medical Clinic Inc,Alamitos Dermatological Medical Clinic Inc,3801 Katella Ave Ste 425,Los Alamitos,CA,90720,,,,,33.803233,-118.066605,clinical,CMS_CLIA,(562) 598-8593,05D0553338,Routine Chemistry,20240926,,,,
CLIA_CA_00055,"Coast Urological Medical Group, Inc","Coast Urological Medical Group, Inc",3771 Katella Ave Ste 210,Los Alamitos,CA,90720,,,,,33.803233,-118.066985,clinical,CMS_CLIA,(562) 430-0581,05D0553361,Routine Chemistry,20220509,,,,
CLIA_CA_00056,Consolidated Medical Bio-Analysis Inc,Consolidated Medical Bio-Analysis Inc,10700 Walker St,Cypress,CA,90630,,,,,33.807646,-118.036881,clinical,CMS_CLIA,(714) 657-7369,05D0553364,Routine Chemistry,20091124,1568454494,CHIN  FAN,PRESIDENT,7146577369
CLIA_CA_00057,"Knd Real Estate 40, Llc","Knd Real Estate 40, Llc",16453  Colorado Ave,Paramount,CA,90723,,,,,33.884901,-118.161459,clinical,CMS_CLIA,(562) 531-3110,05D0553458,Routine Chemistry,20060718,1093275786,KATHY TEAGUE,"Vice President, Corporate Secretary",6292535121
CLIA_CA_00058,Cor Healthcare Medical Associates,Cor Healthcare Medical Associates,1360 W 6th Ste 315,San Pedro,CA,90732,,,,,33.738865,-118.306726,clinical,CMS_CLIA,(310) 547-9922,05D0553670,Routine Chemistry,20180111,1699864215,ANKUSH CHHABRA,Managing Partner,3102570508
CLIA_CA_00059,Healthcare Partners Affiliates,Healthcare Partners Affiliates,1081 Long Beach Blvd,Long Beach,CA,90813,,,,,33.780561,-118.189437,clinical,CMS_CLIA,(562) 988-7027,05D0553866,Routine Chemistry,19970626,,,,
CLIA_CA_00060,R Nandan Md Inc,R Nandan Md Inc,"3650 East South St, Ste 212",Lakewood,CA,90712,,,,,33.860161,-118.150086,clinical,CMS_CLIA,(562) 272-7630,05D0554022,Routine Chemistry,20250924,,,,
CLIA_CA_00061,Alan Heller Md,Alan Heller Md,"1760 Termino Ave, Ste 114",Long Beach,CA,90804,,,,,33.788536,-118.145814,clinical,CMS_CLIA,(562) 498-2459,05D0554055,Routine Chemistry,20241216,,,,
CLIA_CA_00062,Healthcare Partners Affiliates,Healthcare Partners Affiliates,6226 E Spring St,Long Beach,CA,90815,,,,,33.810435,-118.110611,clinical,CMS_CLIA,(562) 988-7027,05D0554213,Routine Chemistry,19970729,,,,
CLIA_CA_00063,Atlantic Urology Medical Group,Atlantic Urology Medical Group,701 East 28th Street  #319,Long Beach,CA,90806,,,,,33.808062,-118.184707,clinical,CMS_CLIA,(562) 595-5977,05D0554349,Routine Chemistry,20060816,,,,
CLIA_CA_00064,Columbia Pediatrics Medical Group Inc,Columbia Pediatrics Medical Group Inc,3833 Worsham Ave Ste 301,Long Beach,CA,90808,,,,,33.828544,-118.146281,clinical,CMS_CLIA,(562) 595-5479,05D0554369,Routine Chemistry,20010821,,,,
CLIA_CA_00065,Prohealth Partners,Prohealth Partners,"10861 Cherry St,  Ste 308",Los Alamitos,CA,90720,,,,,33.804882,-118.068028,clinical,CMS_CLIA,(562) 595-1961,05D0554404,Routine Chemistry,19960711,,,,
CLIA_CA_00066,Healthcare Partners Affiliates Medical Group,Healthcare Partners Affiliates Medical Group,2699 Atlantic Ave,Long Beach,CA,90806,,,,,33.806134,-118.185083,clinical,CMS_CLIA,(562) 988-7027,05D0554421,Routine Chemistry,20090218,,,,
CLIA_CA_00067,Ulmer & Wu Dermatology,Ulmer & Wu Dermatology,"1045 Atlantic Ave, Ste 819",Long Beach,CA,90813,,,,,33.779803,-118.185096,clinical,CMS_CLIA,(562) 435-5621,05D0554824,Routine Chemistry,20241203,,,,
CLIA_CA_00068,"Amy Tran, Md","Amy Tran, Md",3325 Palo Verde Ave #101,Long Beach,CA,90808,,,,,33.817867,-118.107903,clinical,CMS_CLIA,(562) 420-1349,05D0555025,Routine Chemistry,19960625,,,,
CLIA_CA_00069,Ronald J Philipp Do,Ronald J Philipp Do,2255 North Lakewood Boulevard,Long Beach,CA,90815,,,,,33.796662,-118.142836,clinical,CMS_CLIA,(562) 498-8000,05D0555048,Routine Chemistry,20030127,,,,
CLIA_CA_00070,"Shapiro, Stafford, Yee & Polansky, P C","Shapiro, Stafford, Yee & Polansky, P C",622 W Duarte Road #202,Arcadia,CA,91007,,,,,34.12647,-118.051733,clinical,CMS_CLIA,(626) 446-4461,05D0555273,Routine Chemistry,19981120,,,,
CLIA_CA_00071,Csi Medical Group,Csi Medical Group,"289 W Huntington Dr, Ste 208",Arcadia,CA,91007,,,,,34.135578,-118.039274,clinical,CMS_CLIA,(626) 446-8809,05D0555281,Routine Chemistry,20250325,1871909804,ERIC SCHWEIGER,Owner,2122833000
CLIA_CA_00072,"Foothill Primary Care, Inc","Foothill Primary Care, Inc",931 Buena Vista Ste 205,Duarte,CA,91010,,,,,34.141309,-117.977615,clinical,CMS_CLIA,(626) 358-1897,05D0555415,Routine Chemistry,19990322,,,,
CLIA_CA_00073,Descanso Dermatology Medical Group,Descanso Dermatology Medical Group,1346 Foothill Blvd Ste 203,La Canada,CA,91011,,,,,34.207889,-118.207879,clinical,CMS_CLIA,(818) 790-6726,05D0555481,Routine Chemistry,20250326,1538161757,JOHN HONCH,PARTNER,8187906726
CLIA_CA_00074,Huntington Plaza Pediatric,Huntington Plaza Pediatric,800 Fairmount Ave 110,Pasadena,CA,91105,,,,,34.132417,-118.151713,clinical,CMS_CLIA,(626) 795-7051,05D0556180,Routine Chemistry,19951207,,,,
CLIA_CA_00075,Bruce B Bagheri Md,Bruce B Bagheri Md,1560 E Chevy Chase Dr Ste 445,Glendale,CA,91206,,,,,34.15283,-118.230365,clinical,CMS_CLIA,(818) 247-3938,05D0556550,Routine Chemistry,19960517,,,,
CLIA_CA_00076,Altitude Pulmonary And,Altitude Pulmonary And,435 Arden Ave Ste 310,Glendale,CA,91203,,,,,34.158517,-118.262318,clinical,CMS_CLIA,(818) 247-6676,05D0556637,Routine Chemistry,20250501,,,,
CLIA_CA_00077,Dermatology Arts,Dermatology Arts,245 Fair Oaks Ave,South Pasadena,CA,91030,,,,,34.123448,-118.150343,clinical,CMS_CLIA,(626) 333-7773,05D0556743,Routine Chemistry,20250325,,,,
CLIA_CA_00078,Michael E Borok Md,Michael E Borok Md,"17075 Devonshire St, Ste 203",Northridge,CA,91325,,,,,34.257592,-118.505599,clinical,CMS_CLIA,(818) 832-7898,05D0556967,Routine Chemistry,20250424,,,,
CLIA_CA_00079,Glendale Pediatrics,Glendale Pediatrics,1500 East Chevy Chase Drive Suite #250,Glendale,CA,91206,,,,,34.151934,-118.232388,clinical,CMS_CLIA,(818) 246-7260,05D0556976,Routine Chemistry,20000406,,,,
CLIA_CA_00080,Skin And Beauty Center - West Hills,Skin And Beauty Center - West Hills,"7345 Medical Center Dr, Ste 310",West Hills,CA,91307,,,,,34.203655,-118.629795,clinical,CMS_CLIA,(818) 884-8044,05D0557210,Routine Chemistry,20240703,,,,
CLIA_CA_00081,Pediatric Affiliates Medical Group,Pediatric Affiliates Medical Group,29525 Canwood St Ste 111,Agoura Hills,CA,91301,,,,,34.147353,-118.767971,clinical,CMS_CLIA,(818) 706-8133,05D0557261,Routine Chemistry,19941128,,,,
CLIA_CA_00082,Omid S Shaye Md,Omid S Shaye Md,"7320 Woodlake Ave, Ste 330",West Hills,CA,91307,,,,,34.203214,-118.632073,clinical,CMS_CLIA,(818) 346-1773,05D0557525,Routine Chemistry,20251209,,,,
CLIA_CA_00083,Agoura-West Valley Pediatric,Agoura-West Valley Pediatric,"7320 Woodlake Ave,  Ste 270",West Hills,CA,91307,,,,,34.203214,-118.632073,clinical,CMS_CLIA,(818) 340-3822,05D0557570,Routine Chemistry,20160201,,,,
CLIA_CA_00084,Pediatric Affiliates Medical Group Inc,Pediatric Affiliates Medical Group Inc,7345 Medical Center Dr Ste 400,West Hills,CA,91307,,,,,34.203655,-118.629795,clinical,CMS_CLIA,(818) 883-0460,05D0557605,Routine Chemistry,19940928,1053410506,PAMELA HANKINS,Office Manager,8188830460
CLIA_CA_00085,Brian  Fenmore Md,Brian  Fenmore Md,18344 Clark Street #202,Tarzana,CA,91356,,,,,34.169711,-118.531609,clinical,CMS_CLIA,(818) 708-8011,05D0557721,Routine Chemistry,19960712,,,,
CLIA_CA_00086,"Drs Bruckner,Bruckner,Lederer,Krasnoff","Drs Bruckner,Bruckner,Lederer,Krasnoff",5400 Balboa Boulevard #326,Encino,CA,91316,,,,,34.168841,-118.50102,clinical,CMS_CLIA,(818) 789-0492,05D0557736,Routine Chemistry,20020129,,,,
CLIA_CA_00087,Skin And Beauty Center,Skin And Beauty Center,"9535 Reseda Blvd, Ste 304",Northridge,CA,91324,,,,,34.243399,-118.536159,clinical,CMS_CLIA,(818) 886-3884,05D0558065,Routine Chemistry,20251113,,,,
CLIA_CA_00088,Xavier J Caro Md,Xavier J Caro Md,18350 Roscoe Blvd Ste 418,Northridge,CA,91325,,,,,34.220718,-118.532848,clinical,CMS_CLIA,(818) 993-0125,05D0558189,Routine Chemistry,20150415,,,,
CLIA_CA_00089,Boris Ratiner Md Inc,Boris Ratiner Md Inc,18386 Ventura Blvd,Tarzana,CA,91356,,,,,34.167646,-118.533355,clinical,CMS_CLIA,(818) 996-4077,05D0558190,Routine Chemistry,20240919,,,,
CLIA_CA_00090,Mehboob Sachani Md,Mehboob Sachani Md,18350 Roscoe Blvd Ste 205,Northridge,CA,91325,,,,,34.220718,-118.532848,clinical,CMS_CLIA,(818) 993-0506,05D0558227,Routine Chemistry,19960718,,,,
CLIA_CA_00091,Robert Flores Md Inc,Robert Flores Md Inc,11273 Laurel Canyon Blvd,San Fernando,CA,91340,,,,,34.275088,-118.449577,clinical,CMS_CLIA,(818) 365-3978,05D0558550,Routine Chemistry,19960514,,,,
CLIA_CA_00092,Concentra Medical Centers - Santa Clarita,Concentra Medical Centers - Santa Clarita,21515 Soledad Canyon Rd Ste 101,Santa Clarita,CA,91350,,,,,34.416624,-118.512344,clinical,CMS_CLIA,(661) 799-1776,05D0558885,Routine Chemistry,19941108,,,,
CLIA_CA_00093,Dermatology Surgical-Medical,Dermatology Surgical-Medical,23861 Mcbean Pkwy Ste C8,Valencia,CA,91355,,,,,,,clinical,CMS_CLIA,(661) 259-7333,05D0559019,Routine Chemistry,20251203,,,,
CLIA_CA_00094,Laurence M Silverstein Md Inc,Laurence M Silverstein Md Inc,5620 Wilbur Ave Ste 200,Tarzana,CA,91356,,,,,34.172442,-118.544661,clinical,CMS_CLIA,(818) 345-2323,05D0559119,Routine Chemistry,20060126,,,,
CLIA_CA_00095,Taaly Silberstein Md,Taaly Silberstein Md,18399 Ventura Blvd Ste 239,Tarzana,CA,91356,,,,,34.167888,-118.533638,clinical,CMS_CLIA,(818) 996-3200,05D0559168,Routine Chemistry,20090302,,,,
CLIA_CA_00096,Los Angeles Heart Specialists,Los Angeles Heart Specialists,"18370 Burbank Blvd, Ste 401",Tarzana,CA,91356,,,,,34.172202,-118.534778,clinical,CMS_CLIA,(818) 996-4100,05D0559170,Routine Chemistry,20231116,1285956870,AFSHINE EMRANI,Medical Director,8189964100
CLIA_CA_00097,Tarzana Pediatric Group,Tarzana Pediatric Group,18370 Burbank Boulevard Suite 204,Tarzana,CA,91356,,,,,34.172202,-118.534778,clinical,CMS_CLIA,(818) 345-7792,05D0559321,Routine Chemistry,20071010,,,,
CLIA_CA_00098,Valley Dermatologic Medical Group,Valley Dermatologic Medical Group,18364 Clark St,Tarzana,CA,91356,,,,,34.169713,-118.53194,clinical,CMS_CLIA,(818) 345-7122,05D0559333,Routine Chemistry,20230418,,,,
CLIA_CA_00099,Conejo Dermatology,Conejo Dermatology,"55 Rolling Oaks Dr, Ste 200",Thousand Oaks,CA,91361,,,,,34.175181,-118.872699,clinical,CMS_CLIA,(805) 497-7529,05D0559414,Routine Chemistry,20251007,,,,
CLIA_CA_00100,"Menteer Internal Medicine, Inc","Menteer Internal Medicine, Inc",227 W Janss Rd Ste 305,Thousand Oaks,CA,91360,,,,,34.206348,-118.88343,clinical,CMS_CLIA,(805) 449-4181,05D0559456,Routine Chemistry,19960729,,,,
CLIA_CA_00101,"Conejo Medical And Breast Care Center, A Med Corp","Conejo Medical And Breast Care Center, A Med Corp",3180 Willow Ln Ste 200,Westlake Village,CA,91361,,,,,34.165258,-118.83849,clinical,CMS_CLIA,(805) 497-3239,05D0559475,Routine Chemistry,20161208,,,,
CLIA_CA_00102,Los Robles Hospital And Medical Center,Los Robles Hospital And Medical Center,215 W Janss Rd,Thousand Oaks,CA,91360,,,,,34.206505,-118.882617,clinical,CMS_CLIA,(805) 370-4441,05D0559511,Routine Chemistry,20080605,1285019778,DIEM TRAN,&#65039;Clinical Pharmacist,8059071308
CLIA_CA_00103,"Coastal Kids, A Professional Medical Corp","Coastal Kids, A Professional Medical Corp","33 W Thousand Oaks Blvd, Ste A-2",Thousand Oaks,CA,91360,,,,,34.178173,-118.877627,clinical,CMS_CLIA,(714) 842-0444,05D0559512,Routine Chemistry,20120412,,,,
CLIA_CA_00104,Thousand Oaks Pediatrics,Thousand Oaks Pediatrics,1000 Newbury Road #200,Newbury Park,CA,91320,,,,,34.182986,-118.903525,clinical,CMS_CLIA,(805) 480-3730,05D0559734,Routine Chemistry,19981006,1720586225,LAILA NIAZI,Physician-Director,8054803730
CLIA_CA_00105,Edward Taras Md Inc,Edward Taras Md Inc,6325 Topanga Cyn Blvd Ste 535,Woodland Hills,CA,91367,,,,,34.185382,-118.606041,clinical,CMS_CLIA,(818) 887-0050,05D0559992,Routine Chemistry,19970924,1477879641,IAN TARAS,President,8188870050
CLIA_CA_00106,Healthcare Partners Affiliates Medical Group,Healthcare Partners Affiliates Medical Group,15216 Vanowen Street Ste 1A,Van Nuys,CA,91405,,,,,34.193863,-118.464407,clinical,CMS_CLIA,(562) 988-7027,05D0560085,Routine Chemistry,20020923,,,,
CLIA_CA_00107,Octapharma Plasma Inc,Octapharma Plasma Inc,6454 Van Nuys Blvd Ste 100,Van Nuys,CA,91401,,,,,34.18778,-118.448645,clinical,CMS_CLIA,(818) 997-6033,05D0560137,Routine Chemistry,20220217,,,,
CLIA_CA_00108,Genesis Healthcare Partners Pc,Genesis Healthcare Partners Pc,5522 Sepulveda Blvd,Sherman Oaks,CA,91411,,,,,34.170733,-118.466096,clinical,CMS_CLIA,(818) 990-5020,05D0560511,Routine Chemistry,20251031,,,,
CLIA_CA_00109,Robert Hartman Md,Robert Hartman Md,"5400 Balboa Blvd, Ste 329",Encino,CA,91316,,,,,34.168841,-118.50102,clinical,CMS_CLIA,(818) 907-7076,05D0560613,Routine Chemistry,20250417,,,,
CLIA_CA_00110,Pediatric Associates Medical Group Inc,Pediatric Associates Medical Group Inc,4330 Fulton Ave,Sherman Oaks,CA,91423,,,,,34.149914,-118.422432,clinical,CMS_CLIA,(818) 784-1102,05D0560868,Routine Chemistry,19950227,,,,
CLIA_CA_00111,Ken S Honbo Md / Arash Nourparvar Md,Ken S Honbo Md / Arash Nourparvar Md,"16311 Ventura Blvd, Ste 880",Encino,CA,91436,,,,,34.15706,-118.488249,clinical,CMS_CLIA,(818) 783-2000,05D0560960,Routine Chemistry,20240827,,,,
CLIA_CA_00112,Norman A Brooks Md,Norman A Brooks Md,"16311 Ventura Blvd, Ste 690",Encino,CA,91436,,,,,34.15706,-118.488249,clinical,CMS_CLIA,(818) 907-8144,05D0561010,Routine Chemistry,20241112,,,,
CLIA_CA_00113,Raoof Md Dermatology Lab,Raoof Md Dermatology Lab,"16133 Ventura Blvd, Ste 340",Encino,CA,91436,,,,,34.156532,-118.484358,clinical,CMS_CLIA,(818) 788-5060,05D0561079,Routine Chemistry,20240910,,,,
CLIA_CA_00114,Laboratory Fertility Services,Laboratory Fertility Services,"16030 Ventura Blvd, Ste 404",Encino,CA,91436,,,,,34.156113,-118.482139,clinical,CMS_CLIA,(818) 728-4600,05D0561139,Routine Chemistry,19950802,,,,
CLIA_CA_00115,"Valley Pediatric Medical Group, Inc","Valley Pediatric Medical Group, Inc",5353 Balboa Blvd Ste 104,Encino,CA,91316,,,,,34.168639,-118.501158,clinical,CMS_CLIA,(818) 789-7181,05D0561202,Routine Chemistry,20180405,,,,
CLIA_CA_00116,Urology Associates Medical Group,Urology Associates Medical Group,2701 W Alameda Ave  Suite 200,Burbank,CA,91505,,,,,34.157565,-118.330233,clinical,CMS_CLIA,(818) 853-9679,05D0561522,Routine Chemistry,20180718,1114099744,PHILIP WEINTRAUB,Partner,8188431700
CLIA_CA_00117,"Sandeep Kapoor, Md Inc","Sandeep Kapoor, Md Inc",12311 Ventura Boulevard,Studio City,CA,91604,,,,,34.143103,-118.401113,clinical,CMS_CLIA,(818) 762-1167,05D0561753,Routine Chemistry,19980625,,,,
CLIA_CA_00118,"Raimel Y Perez-Pasiliao, Md Inc","Raimel Y Perez-Pasiliao, Md Inc",12574 Central Ave,Chino,CA,91710,,,,,34.024485,-117.689471,clinical,CMS_CLIA,(909) 627-7433,05D0562202,Routine Chemistry,19950210,,,,
CLIA_CA_00119,Healthcare Partners Affiliates Medical Group,Healthcare Partners Affiliates Medical Group,420 W Rowland St,Covina,CA,91723,,,,,34.078938,-117.897539,clinical,CMS_CLIA,(562) 988-7027,05D0562709,Routine Chemistry,19970305,,,,
CLIA_CA_00120,Alta Dermatology Medical Group,Alta Dermatology Medical Group,"7365 Carnelian St, Ste 137",Cucamonga,CA,91730,,,,,34.120608,-117.616009,clinical,CMS_CLIA,(951) 966-0125,05D0562804,Routine Chemistry,20250206,,,,
CLIA_CA_00121,Sun Clinical Laboratories,Sun Clinical Laboratories,"9349 Telstar Ave, Ste A",El Monte,CA,91731,,,,,34.068868,-118.06519,clinical,CMS_CLIA,(626) 234-2355,05D0563772,Routine Chemistry,20250709,1487739447,FRANCES SUN,Owner,3234516611
CLIA_CA_00122,Laurie M Woll Do Dermatology,Laurie M Woll Do Dermatology,9301 Central Ave Ste 201,Montclair,CA,91763,,,,,34.084945,-117.689503,clinical,CMS_CLIA,(909) 621-5005,05D0563935,Routine Chemistry,20240403,,,,
CLIA_CA_00123,Kindred Hospital Ontario,Kindred Hospital Ontario,550 N Monterey Ave,Ontario,CA,91764,,,,,34.068872,-117.643671,clinical,CMS_CLIA,(909) 391-0333,05D0564022,Routine Chemistry,20160505,,,,
CLIA_CA_00124,New Hope Cancer And Research Institute Inc,New Hope Cancer And Research Institute Inc,"350 Vinton Avenue, Suite 101",Pomona,CA,91767,,,,,34.079475,-117.747042,clinical,CMS_CLIA,(909) 620-5502,05D0564183,Routine Chemistry,20060731,,,,
CLIA_CA_00125,San Dimas Community Hospital,San Dimas Community Hospital,1350 W Covina Blvd,San Dimas,CA,91773,,,,,34.09928,-117.834548,clinical,CMS_CLIA,(909) 305-5611,05D0564509,Routine Chemistry,20101222,1740447945,CHRISTOPHER DOAN,Chief Compliance Counsel,9092354307
CLIA_CA_00126,"Carl J Chang, Md Inc","Carl J Chang, Md Inc",100 N Santa Anita Ave,Arcadia,CA,91006,,,,,34.141401,-118.031383,clinical,CMS_CLIA,(626) 821-5998,05D0565339,Routine Chemistry,20221005,,,,
CLIA_CA_00127,Healthcare Partners Affiliates,Healthcare Partners Affiliates,"207 S Santa Anita St, Suite 205",San Gabriel,CA,91776,,,,,34.101275,-118.106513,clinical,CMS_CLIA,(562) 988-7027,05D0565388,Routine Chemistry,19970825,,,,
CLIA_CA_00128,Alhambra Family Medical Center,Alhambra Family Medical Center,1336 W Valley Blvd Ste A,Alhambra,CA,91803,,,,,34.077676,-118.137547,clinical,CMS_CLIA,(626) 281-2232,05D0565444,Routine Chemistry,19941003,1851324206,JACQUELINE WONG,PRESIDENT,6262812232
CLIA_CA_00129,Children'S Primary Care,Children'S Primary Care,11943 El Camino Real Suite 210,San Diego,CA,92130,,,,,32.935531,-117.23746,clinical,CMS_CLIA,(858) 793-1011,05D0565684,Routine Chemistry,19960911,,,,
CLIA_CA_00130,San Diego Oncology Medical Clinic,San Diego Oncology Medical Clinic,750 Medical Center Ct Ste 9,Chula Vista,CA,91911,,,,,32.617915,-117.023178,clinical,CMS_CLIA,(619) 421-6922,05D0565924,Routine Chemistry,19970924,,,,
CLIA_CA_00131,"South Bay Skin & Cancer Medical Group, Inc","South Bay Skin & Cancer Medical Group, Inc",256 Landis Ave Ste 300,Chula Vista,CA,91910,,,,,32.642425,-117.081561,clinical,CMS_CLIA,(619) 426-1233,05D0565938,Routine Chemistry,20250410,,,,
CLIA_CA_00132,East County Dermatology Medical Group,East County Dermatology Medical Group,"1679 E Main St, Ste 208",El Cajon,CA,92021,,,,,32.811271,-116.919155,clinical,CMS_CLIA,(619) 442-9628,05D0566339,Routine Chemistry,20240927,,,,
CLIA_CA_00133,Sycuan Health Center,Sycuan Health Center,4921 Dehesa Rd,El Cajon,CA,92019,,,,,32.78775,-116.845314,clinical,CMS_CLIA,(619) 445-0707,05D0566375,Routine Chemistry,19990825,,,,
CLIA_CA_00134,Philip C Bosch Md,Philip C Bosch Md,651 E Pennsylvania Ave Ste 201,Escondido,CA,92025,,,,,33.126574,-117.074554,clinical,CMS_CLIA,(760) 743-3135,05D0566728,Routine Chemistry,20250122,,,,
CLIA_CA_00135,"Escondido Dermatology, Inc","Escondido Dermatology, Inc",504 W Mission Ave Ste 101,Escondido,CA,92025,,,,,33.128308,-117.092125,clinical,CMS_CLIA,(760) 747-1980,05D0566755,Routine Chemistry,20230417,,,,
CLIA_CA_00136,Concentra Medical Centers - Escondido,Concentra Medical Centers - Escondido,860 West Valley Parkway Ste 150,Escondido,CA,92025,,,,,33.117561,-117.09339,clinical,CMS_CLIA,(760) 740-0707,05D0566882,Routine Chemistry,19960624,,,,
CLIA_CA_00137,North County Endocrine Medical Group,North County Endocrine Medical Group,625 W Citracado Pkwy Ste 108 & 112,Escondido,CA,92025,,,,,33.091521,-117.077709,clinical,CMS_CLIA,(760) 743-1431,05D0566900,Routine Chemistry,19960620,1013068105,TIMOTHY BAILEY,President,7607431431
CLIA_CA_00138,Dennis L Costello Md,Dennis L Costello Md,9850 Genesee Ste 430,La Jolla,CA,92037,,,,,32.884871,-117.222559,clinical,CMS_CLIA,(858) 450-3388,05D0567227,Routine Chemistry,19970910,,,,
CLIA_CA_00139,Novion Laboratories Inc,Novion Laboratories Inc,8430 Juniper Creek Lane,San Diego,CA,92126,,,,,32.897514,-117.145693,clinical,CMS_CLIA,(858) 217-5918,05D0567262,Routine Chemistry,19921215,1881409605,ROBERT LAJVARDI,Owner,6198475096
CLIA_CA_00140,Grossmont Dermatology Medical Clinic,Grossmont Dermatology Medical Clinic,"8860 Center Dr, Ste 300",La Mesa,CA,91942,,,,,,,clinical,CMS_CLIA,(619) 462-1670,05D0567864,Routine Chemistry,20250411,1194838441,MONICA DEL VALLE,Billing Supervisor,6194621670
CLIA_CA_00141,"Dermatologist Medical Group Of North County, Inc.","Dermatologist Medical Group Of North County, Inc.",3613 Vista Way,Oceanside,CA,92056,,,,,33.181393,-117.309429,clinical,CMS_CLIA,(760) 758-5340,05D0568241,Routine Chemistry,20230417,,,,
CLIA_CA_00142,Waring Court Pediatric & Adult Med Grp,Waring Court Pediatric & Adult Med Grp,3230 Waring Court Suite J,Oceanside,CA,92056,,,,,33.187488,-117.290651,clinical,CMS_CLIA,(619) 941-4498,05D0568292,Routine Chemistry,19950308,,,,
CLIA_CA_00143,Dermatology Specialists Inc,Dermatology Specialists Inc,3629 Vista Way,Oceanside,CA,92056,,,,,33.181258,-117.309174,clinical,CMS_CLIA,(760) 757-7546,05D0568920,Routine Chemistry,20240319,1881631711,JANE LISK,Administrator,7607577546
CLIA_CA_00144,West Dermatology - Mission Valley,West Dermatology - Mission Valley,9095 Rio San Diego Dr Suite 300,San Diego,CA,92108,,,,,32.77584,-117.135396,clinical,CMS_CLIA,(619) 298-9809,05D0569421,Routine Chemistry,20250327,,,,
CLIA_CA_00145,Genesis Healthcare Partners,Genesis Healthcare Partners,"3444 Kearny Villa Rd, Ste 202",San Diego,CA,92123,,,,,32.806484,-117.150388,clinical,CMS_CLIA,(858) 429-7646,05D0569605,Routine Chemistry,20040211,,,,
CLIA_CA_00146,James Ooi Md Apc,James Ooi Md Apc,320 Solano St,Corning,CA,96021,,,,,39.927915,-122.169672,clinical,CMS_CLIA,(530) 824-3283,05D0570157,Routine Chemistry,20140819,,,,
CLIA_CA_00147,Marque Medical Clinic Inc Dba Marque Urgent Care,Marque Medical Clinic Inc Dba Marque Urgent Care,4490 Fanuel St,San Diego,CA,92109,,,,,32.797684,-117.246162,clinical,CMS_CLIA,(877) 693-6266,05D0570251,Routine Chemistry,20251219,,,,
CLIA_CA_00148,Skin Surgery Medical Group Inc,Skin Surgery Medical Group Inc,16918 Dove Canyon Rd,San Diego,CA,92127,,,,,33.016979,-117.111211,clinical,CMS_CLIA,(858) 292-5101,05D0570880,Routine Chemistry,20250806,,,,
CLIA_CA_00149,Robert A Ginsberg Md,Robert A Ginsberg Md,"6719 Alvarado Rd, Ste 207",San Diego,CA,92120,,,,,32.776933,-117.055651,clinical,CMS_CLIA,(619) 265-2152,05D0570990,Routine Chemistry,20250311,,,,
CLIA_CA_00150,San Diego Sports Med & Fam Hlth Center,San Diego Sports Med & Fam Hlth Center,6699 Alvarado Rd Suite 2100,San Diego,CA,92120,,,,,32.777019,-117.056153,clinical,CMS_CLIA,(619) 229-3909,05D0571135,Routine Chemistry,19940607,,,,
CLIA_CA_00151,Laboratory Corporation Of America,Laboratory Corporation Of America,"13112 Evening Creek Dr, South, Ste 300",San Diego,CA,92128,,,,,32.962357,-117.093381,clinical,CMS_CLIA,(858) 668-3700,05D0571204,Routine Chemistry,19931028,1659352276,KIMBERLY WILLIAMS,VP,8002227566
CLIA_CA_00152,Allergy & Asthma Medical Group And Research Center,Allergy & Asthma Medical Group And Research Center,5776 Ruffin Road,San Diego,CA,92123,,,,,32.839246,-117.127422,clinical,CMS_CLIA,(858) 268-2368,05D0571369,Routine Chemistry,19960320,,,,
CLIA_CA_00153,Desert Oasis Healthcare Medical Group,Desert Oasis Healthcare Medical Group,41-120 Washington,Bermuda Dunes,CA,92201,,,,,,,clinical,CMS_CLIA,(760) 360-3193,05D0571849,Routine Chemistry,19950516,,,,
CLIA_CA_00154,Will Family Medical Group,Will Family Medical Group,42575 Washington Street,Palm Desert,CA,92211,,,,,33.739743,-116.303925,clinical,CMS_CLIA,(760) 360-0333,05D0571864,Routine Chemistry,20070607,,,,
CLIA_CA_00155,"Adolescents, Babies & Children Pediatric Med Group","Adolescents, Babies & Children Pediatric Med Group",702 Wake Avenue Ave,El Centro,CA,92243,,,,,32.770665,-115.559785,clinical,CMS_CLIA,(760) 352-7216,05D0572174,Routine Chemistry,20060517,,,,
CLIA_CA_00156,"Donald R Scott, Md","Donald R Scott, Md",1100 N Palm Canyon Dr Ste 108,Palm Springs,CA,92262,,,,,33.837676,-116.546697,clinical,CMS_CLIA,(760) 325-2074,05D0572487,Routine Chemistry,20250402,,,,
CLIA_CA_00157,Desert Oasis Healthcare Medical Group,Desert Oasis Healthcare Medical Group,275 N El Cielo Rd Ste D402,Palm Springs,CA,92262,,,,,33.826813,-116.5107,clinical,CMS_CLIA,(760) 320-8814,05D0572581,Routine Chemistry,20240126,1023009529,HELENE LECLAIR,Administrator,7603204122
CLIA_CA_00158,Pomona Dialysis,Pomona Dialysis,2111 N Garey Ave,Pomona,CA,91767,,,,,34.08592,-117.751406,clinical,CMS_CLIA,(909) 596-9997,05D0573365,Routine Chemistry,19941227,1609840347,SAMUEL WEY,VP LICENSURE & CERTIFICATION,6153416641
CLIA_CA_00159,"Hemchand Kolli, Md Inc","Hemchand Kolli, Md Inc",1278 East Latham Avenue,Hemet,CA,92543,,,,,33.749503,-116.958932,clinical,CMS_CLIA,(951) 925-6625,05D0573612,Routine Chemistry,19950301,1760502322,HEMCHAND KOLLI,president,9519256625
CLIA_CA_00160,Seven Star Medical Group Inc,Seven Star Medical Group Inc,1525 W Florida Avenue Ste C,Hemet,CA,92543,,,,,33.747416,-116.98718,clinical,CMS_CLIA,(951) 929-6777,05D0573633,Routine Chemistry,19950302,,,,
CLIA_CA_00161,Advanced Dermatology & Laser Center Of Redlands,Advanced Dermatology & Laser Center Of Redlands,"255 Terracina Blvd, Ste 206",Redlands,CA,92373,,,,,34.037822,-117.20541,clinical,CMS_CLIA,(909) 792-8600,05D0573825,Routine Chemistry,20250828,,,,
CLIA_CA_00162,Southwest Healthcare System,Southwest Healthcare System,25500 Medical Center Dr,Murrieta,CA,92562,,,,,33.557798,-117.184785,clinical,CMS_CLIA,(951) 696-6000,05D0573891,Routine Chemistry,20220811,,,,
CLIA_CA_00163,"Ingrid E Trenkle Md, Inc","Ingrid E Trenkle Md, Inc",124 E Olive Ave,Redlands,CA,92373,,,,,34.054218,-117.179732,clinical,CMS_CLIA,(909) 798-9403,05D0574032,Routine Chemistry,20260106,,,,
CLIA_CA_00164,J Robert West Md Inc,J Robert West Md Inc,"1457 Ford St, Ste 105",Redlands,CA,92373,,,,,34.039674,-117.156465,clinical,CMS_CLIA,(909) 793-2964,05D0574034,Routine Chemistry,20240514,,,,
CLIA_CA_00165,Menifee Valley Medical Center,Menifee Valley Medical Center,28400 Mccall Blvd,Sun City,CA,92585,,,,,33.718006,-117.167325,clinical,CMS_CLIA,(951) 672-7011,05D0574222,Routine Chemistry,20060711,1881781482,MICHAEL GARKO,CFO Interim Ceo,9517666472
CLIA_CA_00166,High Desert Skin Center/Steven Hodgkin,High Desert Skin Center/Steven Hodgkin,15366 11th St Ste K,Victorville,CA,92395,,,,,34.529962,-117.292556,clinical,CMS_CLIA,(760) 245-6465,05D0574648,Routine Chemistry,20230131,,,,
CLIA_CA_00167,Lasalle Medical Associates 17Th St,Lasalle Medical Associates 17Th St,1505 W 17th Street,San Bernardino,CA,92411,,,,,34.130458,-117.318443,clinical,CMS_CLIA,(909) 887-6494,05D0575267,Routine Chemistry,19950104,,,,
CLIA_CA_00168,Arthritis Center Of Riverside,Arthritis Center Of Riverside,11725 Slate Ave Ste 100,Riverside,CA,92505,,,,,33.902623,-117.492998,clinical,CMS_CLIA,(951) 352-1700,05D0575313,Routine Chemistry,20120427,1922478908,JESSICA HENDERSON,Billing Manager,9513521700
CLIA_CA_00169,Doctors Hospital Of Riverside,Doctors Hospital Of Riverside,3865 Jackson St,Riverside,CA,92503,,,,,33.925899,-117.440098,clinical,CMS_CLIA,(951) 688-2211,05D0575478,Routine Chemistry,20110722,,,,
CLIA_CA_00170,Brea Family Care,Brea Family Care,1275 N Rose Dr #130,Placentia,CA,92870,,,,,33.885673,-117.842926,clinical,CMS_CLIA,(714) 990-1882,05D0575894,Routine Chemistry,19960506,,,,
CLIA_CA_00171,Kim Tang Md Inc,Kim Tang Md Inc,"23832 Rockfield Blvd, Ste 210",Lake Forest,CA,92630,,,,,33.626678,-117.714684,clinical,CMS_CLIA,(949) 770-8115,05D0576370,Routine Chemistry,20240815,,,,
CLIA_CA_00172,Urological Med Group North Orange,Urological Med Group North Orange,301 West Bastanchury Road Suite 180,Fullerton,CA,92835,,,,,,,clinical,CMS_CLIA,(714) 870-5970,05D0576738,Routine Chemistry,19941104,,,,
CLIA_CA_00173,"William P Baugh, Md Inc","William P Baugh, Md Inc","333 W Bastanchury Rd, Ste 110",Fullerton,CA,92835,,,,,,,clinical,CMS_CLIA,(714) 879-4312,05D0576827,Routine Chemistry,20250925,,,,
CLIA_CA_00174,Pathway Medical Group,Pathway Medical Group,12665 Garden Grove Blvd Suite 502 A,Garden Grove,CA,92843,,,,,33.774576,-117.913312,clinical,CMS_CLIA,(714) 537-7800,05D0576919,Routine Chemistry,19950309,,,,
CLIA_CA_00175,Cancer And Blood Care Specialists,Cancer And Blood Care Specialists,363 S Main St Ste 485,Orange,CA,92868,,,,,33.78274,-117.867222,clinical,CMS_CLIA,(714) 835-4800,05D0577065,Routine Chemistry,20160523,1083132625,STAVROULA OTIS,Director,3233768936
CLIA_CA_00176,Garden Grove Hospital - Blood Gas Laboratory,Garden Grove Hospital - Blood Gas Laboratory,12601 Garden Grove Blvd,Garden Grove,CA,92843,,,,,33.774569,-117.914738,clinical,CMS_CLIA,(714) 741-3363,05D0577147,Routine Chemistry,20250207,,,,
CLIA_CA_00177,Lalla-Reddy Corporation Dba Pacific Coast Medical,Lalla-Reddy Corporation Dba Pacific Coast Medical,9940 Talbert Ave Ste 101,Fountain Valley,CA,92708,,,,,33.70161,-117.956297,clinical,CMS_CLIA,(714) 968-6789,05D0577177,Routine Chemistry,20040108,,,,
CLIA_CA_00178,Healthcare Partners Affiliates Medical Group,Healthcare Partners Affiliates Medical Group,19066 Magnolia Avenue,Huntington Beach,CA,92646,,,,,33.685878,-117.971282,clinical,CMS_CLIA,(562) 988-7027,05D0577282,Routine Chemistry,19971223,,,,
CLIA_CA_00179,"Beach Physicians Medical Group, Inc","Beach Physicians Medical Group, Inc",17742 Beach Blvd Ste 215,Huntington Beach,CA,92647,,,,,33.70474,-117.98901,clinical,CMS_CLIA,(714) 848-1655,05D0577401,Routine Chemistry,20000920,,,,
CLIA_CA_00180,Newport Children'S Medical Group,Newport Children'S Medical Group,3151 Airway Ave Unit C2,Costa Mesa,CA,92626,,,,,33.679313,-117.871207,clinical,CMS_CLIA,(714) 698-1648,05D0577405,Routine Chemistry,19950210,,,,
CLIA_CA_00181,Robert B Carlin Md,Robert B Carlin Md,24953 Paseo De Valencia Ste 21B,Laguna Hills,CA,92653,,,,,,,clinical,CMS_CLIA,(949) 770-7656,05D0577863,Routine Chemistry,20250114,,,,
CLIA_CA_00182,Cheng Laboratory-Laguna Hills,Cheng Laboratory-Laguna Hills,"24953 Paseo De Valencia, Ste 25B",Laguna Hills,CA,92653,,,,,,,clinical,CMS_CLIA,(949) 770-8168,05D0577865,Routine Chemistry,20240320,,,,
CLIA_CA_00183,Csi Medical Group - Newport Beach,Csi Medical Group - Newport Beach,"1441 Avocado Ave, Ste 409",Newport Beach,CA,92660,,,,,33.612278,-117.870521,clinical,CMS_CLIA,(949) 640-4501,05D0578410,Routine Chemistry,20250923,,,,
CLIA_CA_00184,Hoag Clinic,Hoag Clinic,520 Superior Ave Suite 360,Newport Beach,CA,92663,,,,,33.630833,-117.928777,clinical,CMS_CLIA,(949) 644-7852,05D0578420,Routine Chemistry,19941006,1942799523,ANDREW GUARNI,Senior Vice President and CFO,9497648444
CLIA_CA_00185,"Marque Medical Clinic, Inc Dba Marque Urgent Care","Marque Medical Clinic, Inc Dba Marque Urgent Care",2075 San Joaquin Hills Rd,Newport Beach,CA,92660,,,,,33.617241,-117.869822,clinical,CMS_CLIA,(877) 693-6266,05D0578436,Routine Chemistry,20251016,,,,
CLIA_CA_00186,Newport Beach Medical Associates,Newport Beach Medical Associates,361 Hospital Rd Ste 322,Newport Beach,CA,92663,,,,,33.625763,-117.928399,clinical,CMS_CLIA,(949) 574-0777,05D0578515,Routine Chemistry,20130412,1447201371,MARTIN BAE,President,9495740777
CLIA_CA_00187,Laboratory Corporation Of America,Laboratory Corporation Of America,100 N Tustin Ave,Tustin,CA,92780,,,,,33.745795,-117.834199,clinical,CMS_CLIA,(714) 285-5918,05D0578685,Routine Chemistry,20250724,1629348917,KIMBERLY WILLIAMS,VP,8002227566
CLIA_CA_00188,"Rofim Medical Group, Inc","Rofim Medical Group, Inc",1920 East Katella Ave Suite M,Orange,CA,92867,,,,,33.809587,-117.833436,clinical,CMS_CLIA,(714) 974-2111,05D0578700,Routine Chemistry,19950814,,,,
CLIA_CA_00189,Biomat Usa Inc,Biomat Usa Inc,612 W Katella Ave,Orange,CA,92867,,,,,33.808969,-117.858578,clinical,CMS_CLIA,(714) 639-2323,05D0578906,Routine Chemistry,20120228,,,,
CLIA_CA_00190,Endocrine Consultants And Specialist Med Grp Inc,Endocrine Consultants And Specialist Med Grp Inc,1140 West Laveta Ste #420,Orange,CA,92868,,,,,33.780268,-117.865176,clinical,CMS_CLIA,(714) 285-1904,05D0578977,Routine Chemistry,19960510,,,,
CLIA_CA_00191,Genetics Center,Genetics Center,"211 S Main St, Ste E",Orange,CA,92868,,,,,33.785839,-117.867217,clinical,CMS_CLIA,(714) 288-3500,05D0579108,Routine Chemistry,20210922,1649225632,TOURAN ZADEH,Medical Director CEO,7142883500
CLIA_CA_00192,"Tustin Irvine Internal Med Group, Inc","Tustin Irvine Internal Med Group, Inc",15000 Kensington Park Drive Suite 360,Tustin,CA,92782,,,,,33.71468,-117.815981,clinical,CMS_CLIA,(714) 838-5610,05D0579825,Routine Chemistry,20161228,,,,
CLIA_CA_00193,St Joseph Heritage Healthcare,St Joseph Heritage Healthcare,1010 W La Veta Ave Ste 20,Orange,CA,92868,,,,,33.780264,-117.86328,clinical,CMS_CLIA,(714) 835-1800,05D0579910,Routine Chemistry,20211124,1801443510,DONALD ANDERSON,ASSISTANT SECRETARY OF ENROLLMENTS,4253589786
CLIA_CA_00194,James T Wang Md Inc Hb,James T Wang Md Inc Hb,"17822 Beach Blvd, Ste 468",Huntington Beach,CA,92647,,,,,33.703404,-117.989,clinical,CMS_CLIA,(714) 841-8818,05D0580125,Routine Chemistry,20241011,,,,
CLIA_CA_00195,Kindred Hospital-Westminster,Kindred Hospital-Westminster,200 Hospital Circle,Westminster,CA,92683,,,,,,,clinical,CMS_CLIA,(714) 893-4541,05D0580165,Routine Chemistry,20070425,,,,
CLIA_CA_00196,"Advanced Biomedical, Inc","Advanced Biomedical, Inc",3089 S Harbor Blvd,Santa Ana,CA,92704,,,,,33.705825,-117.919478,clinical,CMS_CLIA,(714) 900-2900,05D0580198,Routine Chemistry,20260107,,,,
CLIA_CA_00197,Newport Beach Surgical And Medical Group,Newport Beach Surgical And Medical Group,"17451 Bastanchury Rd, Ste 103A",Yorba Linda,CA,92886,,,,,33.899479,-117.830036,clinical,CMS_CLIA,(714) 961-0143,05D0580255,Routine Chemistry,20240613,,,,
CLIA_CA_00198,J Robert West Md Inc Dba,J Robert West Md Inc Dba,"31852 Coast Hwy, Ste 300",Laguna Beach,CA,92651,,,,,33.500027,-117.742427,clinical,CMS_CLIA,(949) 499-1389,05D0580377,Routine Chemistry,20240521,,,,
CLIA_CA_00199,"Magdy Nawar Md Dba Pacific Nephrology,","Magdy Nawar Md Dba Pacific Nephrology,",26800 Crown Valley Pkwy # 485,Mission Viejo,CA,92691,,,,,33.563319,-117.665945,clinical,CMS_CLIA,(949) 364-5830,05D0580438,Routine Chemistry,20010412,,,,
CLIA_CA_00200,Scpmg Mission Viejo,Scpmg Mission Viejo,23781 Maquina  Room 120,Mission Viejo,CA,92691,,,,,33.617741,-117.677798,clinical,CMS_CLIA,(949) 455-4276,05D0580482,Routine Chemistry,20010821,,,,
CLIA_CA_00201,Southland Family & Urgent Care Inc,Southland Family & Urgent Care Inc,27660 Santa Margarita Parkway,Mission Viejo,CA,92691,,,,,33.653332,-117.647275,clinical,CMS_CLIA,(949) 350-8797,05D0580544,Routine Chemistry,20220826,1972627586,KONSTANTINOS MELAHOURES,Medical Director,9499517111
CLIA_CA_00202,J Robert West Md Inc Dba Socal Derm,J Robert West Md Inc Dba Socal Derm,"1125 E 17th St, Ste W248",Santa Ana,CA,92701,,,,,33.760096,-117.855392,clinical,CMS_CLIA,(714) 547-5151,05D0580819,Routine Chemistry,20250925,,,,
CLIA_CA_00203,South Coast Pediatrics,South Coast Pediatrics,"2650 South Bristol, Suite #101",Santa Ana,CA,92704,,,,,33.711854,-117.885459,clinical,CMS_CLIA,(714) 754-1444,05D0581058,Routine Chemistry,19951228,1083736474,JACOB WOLSZTEJN,OWNER,7145589393
CLIA_CA_00204,Edinger Medical Group,Edinger Medical Group,9900 Talbert Ave Ste 302,Fountain Valley,CA,92708,,,,,33.701614,-117.956476,clinical,CMS_CLIA,(714) 965-2573,05D0581626,Routine Chemistry,19960715,,,,
CLIA_CA_00205,"Pediatric Medical Associates Of Orange County, Inc","Pediatric Medical Associates Of Orange County, Inc",1211 W La Palma Ave Suite 401,Anaheim,CA,92801,,,,,33.84718,-117.934369,clinical,CMS_CLIA,(714) 520-0313,05D0582068,Routine Chemistry,19960223,,,,
CLIA_CA_00206,Associated Gastroenterology Medical Group,Associated Gastroenterology Medical Group,"1211 W La Palma Ave, Ste 306",Anaheim,CA,92801,,,,,33.84718,-117.934369,clinical,CMS_CLIA,(714) 778-1300,05D0582203,Routine Chemistry,20250814,1326044967,TERI HALL,Office Manager,7147781300
CLIA_CA_00207,New Light Medical Group,New Light Medical Group,1716 W Medical Center Dr,Anaheim,CA,92801,,,,,33.851863,-117.942789,clinical,CMS_CLIA,(714) 635-0600,05D0582258,Routine Chemistry,20170221,,,,
CLIA_CA_00208,Csi Medical Group-Anaheim,Csi Medical Group-Anaheim,1165 N Euclid St,Anaheim,CA,92801,,,,,33.849604,-117.941782,clinical,CMS_CLIA,(714) 991-9990,05D0582270,Routine Chemistry,20250613,,,,
CLIA_CA_00209,"N R Devaraj, Md Inc","N R Devaraj, Md Inc",3356 W Ball Rd Ste 205,Anaheim,CA,92804,,,,,33.817234,-118.00689,clinical,CMS_CLIA,(714) 952-0958,05D0582491,Routine Chemistry,19960126,,,,
CLIA_CA_00210,Ching G Lee Md,Ching G Lee Md,408 S Beach Blvd Ste 203,Anaheim,CA,92804,,,,,33.827349,-117.993297,clinical,CMS_CLIA,(714) 527-9111,05D0582521,Routine Chemistry,20060124,,,,
CLIA_CA_00211,West Anaheim Medical Center,West Anaheim Medical Center,3033 West Orange Avenue,Anaheim,CA,92804,,,,,33.824771,-117.996616,clinical,CMS_CLIA,(714) 229-4090,05D0582575,Routine Chemistry,20080513,1316248701,TROY SCHELL,Secretary / General Counsel,9092354327
CLIA_CA_00212,Alexander Castellanos Md Inc,Alexander Castellanos Md Inc,"699 South Main Street, Suite A",Templeton,CA,93465,,,,,35.547352,-120.70702,clinical,CMS_CLIA,(805) 434-1804,05D0582785,Routine Chemistry,19970828,,,,
CLIA_CA_00213,Kaiser Foundation Hospital -,Kaiser Foundation Hospital -,3440 E La Palma Avenue,Anaheim,CA,92806,,,,,33.854083,-117.845364,clinical,CMS_CLIA,(714) 644-6110,05D0582815,Routine Chemistry,20130227,,,,
CLIA_CA_00214,Sunrise Medical Laboratory,Sunrise Medical Laboratory,2492 Walnut Avenue Suite 110,Tustin,CA,92780,,,,,33.717634,-117.808933,clinical,CMS_CLIA,(714) 970-9911,05D0582828,Routine Chemistry,19991103,,,,
CLIA_CA_00215,"Affiliated Dermatologists, Inc","Affiliated Dermatologists, Inc",3901 Las Posas Rd Ste 108,Camarillo,CA,93010,,,,,34.241617,-119.018394,clinical,CMS_CLIA,(805) 484-3331,05D0583379,Routine Chemistry,20251105,,,,
CLIA_CA_00216,Dermatology Medical Group,Dermatology Medical Group,2811 N Ventura Rd,Oxnard,CA,93036,,,,,34.243534,-119.183091,clinical,CMS_CLIA,(805) 983-0343,05D0583394,Routine Chemistry,20251027,,,,
CLIA_CA_00217,1St Stop Clinical Lab,1St Stop Clinical Lab,2275 Las Posas Road,Camarillo,CA,93010,,,,,34.23656,-119.03948,clinical,CMS_CLIA,(805) 388-3732,05D0583420,Routine Chemistry,20030528,,,,
CLIA_CA_00218,Valley Oak Family Practice Med Grp Inc,Valley Oak Family Practice Med Grp Inc,1202 Maricopa Hwy Suite C,Ojai,CA,93023,,,,,34.4421,-119.262705,clinical,CMS_CLIA,(805) 640-0068,05D0583537,Routine Chemistry,19950124,,,,
CLIA_CA_00219,Pmk Medical Group Inc,Pmk Medical Group Inc,1700 North Rose Ave Ste 320,Oxnard,CA,93030,,,,,34.217201,-119.158196,clinical,CMS_CLIA,(805) 485-8709,05D0583884,Routine Chemistry,19980320,,,,
CLIA_CA_00220,Eastern Ventura Medical Group Inc,Eastern Ventura Medical Group Inc,1980 Sequoia Avenue,Simi Valley,CA,93063,,,,,34.271397,-118.730423,clinical,CMS_CLIA,(805) 583-5555,05D0584090,Routine Chemistry,20110511,,,,
CLIA_CA_00221,James S Weintraub Md,James S Weintraub Md,"1633 Erringer Rd, Ste 201",Simi Valley,CA,93065,,,,,34.267497,-118.761432,clinical,CMS_CLIA,(805) 583-8888,05D0584208,Routine Chemistry,20241010,,,,
CLIA_CA_00222,Simi Dermatologic Medical Center,Simi Dermatologic Medical Center,2925 Sycamore Dr Ste 203,Simi Valley,CA,93065,,,,,34.287961,-118.743974,clinical,CMS_CLIA,(805) 527-6587,05D0584267,Routine Chemistry,20121127,,,,
CLIA_CA_00223,Santa Barbara Doctors Laboratory,Santa Barbara Doctors Laboratory,"216 W Pueblo St, Ste B",Santa Barbara,CA,93105,,,,,34.431472,-119.720991,clinical,CMS_CLIA,(805) 682-6475,05D0584375,Routine Chemistry,20250408,,,,
CLIA_CA_00224,Children'S Medical Clinic Of Santa Barbara Inc,Children'S Medical Clinic Of Santa Barbara Inc,15 E Arrellaga St,Santa Barbara,CA,93101,,,,,34.427315,-119.70942,clinical,CMS_CLIA,(805) 965-1095,05D0584464,Routine Chemistry,19961230,1750307906,MICHAEL KULLIK,Business Manager,8059651095
CLIA_CA_00225,"J Robert West, Md Inc  Dba Luminous Dermatology","J Robert West, Md Inc  Dba Luminous Dermatology","504 W Pueblo St, Ste 102",Santa Barbara,CA,93105,,,,,34.428334,-119.724353,clinical,CMS_CLIA,(805) 682-6455,05D0584671,Routine Chemistry,20230830,,,,
CLIA_CA_00226,"Forefront Dermatology - Pacific, Pc","Forefront Dermatology - Pacific, Pc",105 W Mission St,Santa Barbara,CA,93101,,,,,34.429636,-119.715856,clinical,CMS_CLIA,(805) 497-1694,05D0584696,Routine Chemistry,20250508,,,,
CLIA_CA_00227,"George Keith Llewellyn, M.D., Inc.","George Keith Llewellyn, M.D., Inc.",3615 Sagunto St Ste C,Santa Ynez,CA,93460,,,,,34.612918,-120.079471,clinical,CMS_CLIA,(805) 884-4900,05D0584764,Routine Chemistry,20160418,,,,
CLIA_CA_00228,Unilab Corporation,Unilab Corporation,2065 Sperry Ave,Ventura,CA,93003,,,,,34.25383,-119.217803,clinical,CMS_CLIA,(805) 650-4858,05D0584787,Routine Chemistry,19970417,1265587174,CHARLES BOWLES,Vice President,6104546000
CLIA_CA_00229,Central Valley Comprehensive Care,Central Valley Comprehensive Care,869 W Lacey Blvd Ste 105,Hanford,CA,93230,,,,,36.327925,-119.65772,clinical,CMS_CLIA,(559) 582-2929,05D0585309,Routine Chemistry,19980407,,,,
CLIA_CA_00230,Elowja,Elowja,100 W Columbus St Ste 200,Bakersfield,CA,93301,,,,,35.39752,-119.002936,clinical,CMS_CLIA,(661) 321-4310,05D0586116,Routine Chemistry,20050524,,,,
CLIA_CA_00231,Bakersfield Dermatology And Skin,Bakersfield Dermatology And Skin,5101 Commerce Dr Ste 101,Bakersfield,CA,93309,,,,,35.367725,-119.058405,clinical,CMS_CLIA,(661) 327-3756,05D0586210,Routine Chemistry,20230414,,,,
CLIA_CA_00232,"San Luis Dermatology And Laser Clinic, Inc","San Luis Dermatology And Laser Clinic, Inc","1551 Bishop St, Ste 410",San Luis Obispo,CA,93401,,,,,35.274342,-120.646043,clinical,CMS_CLIA,(805) 541-4180,05D0586697,Routine Chemistry,20251218,,,,
CLIA_CA_00233,"San Luis Dermatology & Laser Clinic, Inc","San Luis Dermatology & Laser Clinic, Inc",15 Santa Rosa St,San Luis Obispo,CA,93405,,,,,,,clinical,CMS_CLIA,(805) 541-2650,05D0586887,Routine Chemistry,20240625,,,,
CLIA_CA_00234,Las Tablas Medical Group,Las Tablas Medical Group,2120 Golden Hill Rd Ste 102,Paso Robles,CA,93446,,,,,35.640706,-120.657989,clinical,CMS_CLIA,(805) 434-2900,05D0587284,Routine Chemistry,20070523,1205994977,NORMA SMITH,Office Manager,8054342900
CLIA_CA_00235,Urology Associates Of The Central Coast,Urology Associates Of The Central Coast,1310 Las Tablas Rd Ste 201,Templeton,CA,93465,,,,,35.55443,-120.722538,clinical,CMS_CLIA,(805) 786-2500,05D0587665,Routine Chemistry,20190821,,,,
CLIA_CA_00236,Jasbir S Sandhu Md Inc,Jasbir S Sandhu Md Inc,"41324 12th St W, Ste B",Palmdale,CA,93551,,,,,34.633507,-118.15168,clinical,CMS_CLIA,(661) 945-0818,05D0587831,Routine Chemistry,20230309,,,,
CLIA_CA_00237,Sierra Medical Group Holding Company Inc,Sierra Medical Group Holding Company Inc,"38636 Medical Center Dr, Ste C",Palmdale,CA,93551,,,,,34.584814,-118.144104,clinical,CMS_CLIA,(661) 273-0100,05D0587839,Routine Chemistry,20240515,,,,
CLIA_CA_00238,Gastrocare Institute Laboratory,Gastrocare Institute Laboratory,"43944 15th Street W, Ste 304",Lancaster,CA,93534,,,,,34.681564,-118.156685,clinical,CMS_CLIA,(661) 529-7561,05D0587846,Routine Chemistry,19950329,,,,
CLIA_CA_00239,Community Foundation Medical Group Inc.,Community Foundation Medical Group Inc.,688 Medical Center Drive East 104,Clovis,CA,93611,,,,,36.842347,-119.658785,clinical,CMS_CLIA,(559) 299-2200,05D0588343,Routine Chemistry,19950524,,,,
CLIA_CA_00240,Medical Office Laboratory,Medical Office Laboratory,688 Medical Center Dr E Ste 106,Clovis,CA,93611,,,,,36.842347,-119.658785,clinical,CMS_CLIA,(559) 297-8604,05D0588360,Routine Chemistry,20020408,,,,
CLIA_CA_00241,"Pam K. Janda, M.D., Inc","Pam K. Janda, M.D., Inc",7078 N Maple Ave Ste 101,Fresno,CA,93720,,,,,36.838904,-119.745211,clinical,CMS_CLIA,(559) 449-8200,05D0588585,Routine Chemistry,20110804,,,,
CLIA_CA_00242,Saint Agnes Medical Foundation,Saint Agnes Medical Foundation,1221 E Spruce Ave,Fresno,CA,93720,,,,,36.841928,-119.761984,clinical,CMS_CLIA,(559) 450-5779,05D0589275,Routine Chemistry,20110802,1558819482,STEPHEN SOLDO,President,5594504000
CLIA_CA_00243,California Cancer Associates For,California Cancer Associates For,7130 N Millbrook Ave Ste 100,Fresno,CA,93720,,,,,36.839279,-119.763991,clinical,CMS_CLIA,(800) 456-5860,05D0589870,Routine Chemistry,19980921,,,,
CLIA_CA_00244,Nephrology Group Inc,Nephrology Group Inc,568 E Herndon Ave Ste 104,Fresno,CA,93720,,,,,36.837356,-119.777687,clinical,CMS_CLIA,(559) 862-8636,05D0589926,Routine Chemistry,20180727,,,,
CLIA_CA_00245,Csi Medical Group,Csi Medical Group,114 E Romie Lane,Salinas,CA,93901,,,,,36.661913,-121.65489,clinical,CMS_CLIA,(831) 757-1007,05D0590148,Routine Chemistry,20230501,1871909804,ERIC SCHWEIGER,Owner,2122833000
CLIA_CA_00246,Pediatric And Adelescent Medical,Pediatric And Adelescent Medical,260 San Jose St,Salinas,CA,93901,,,,,36.658198,-121.646318,clinical,CMS_CLIA,(831) 757-8124,05D0590191,Routine Chemistry,20000217,,,,
CLIA_CA_00247,Salinas Pediatric Medical Group,Salinas Pediatric Medical Group,"505 E Romie Ln, Ste K",Salinas,CA,93901,,,,,36.66025,-121.647148,clinical,CMS_CLIA,(831) 422-9066,05D0590252,Routine Chemistry,20230816,,,,
CLIA_CA_00248,Salinas Valley Urology Associates,Salinas Valley Urology Associates,1115 Los Palos Dr,Salinas,CA,93901,,,,,36.657528,-121.645349,clinical,CMS_CLIA,(831) 737-1004,05D0590260,Routine Chemistry,20230815,1740204379,BEATRIZ GUTIERREZ,Office Manager,8317583851
CLIA_CA_00249,"Santa Lucia Medical Group, Inc","Santa Lucia Medical Group, Inc",1336 Natividad Rd,Salinas,CA,93906,,,,,36.698255,-121.636221,clinical,CMS_CLIA,(831) 754-4444,05D0590358,Routine Chemistry,19950228,,,,
CLIA_CA_00250,Monterey Peninsula Pediatric Medical Group,Monterey Peninsula Pediatric Medical Group,2 Upper Ragsdale Dr Ste B-210,Monterey,CA,93940,,,,,36.579772,-121.815744,clinical,CMS_CLIA,(831) 333-0999,05D0590628,Routine Chemistry,19960405,,,,
CLIA_CA_00251,Monterey Bay Endoscopy Center,Monterey Bay Endoscopy Center,"23 Upper Ragsdale Drive, Suite 100",Monterey,CA,93940,,,,,36.579269,-121.813864,clinical,CMS_CLIA,(831) 375-3577,05D0590712,Routine Chemistry,19950224,,,,
CLIA_CA_00252,"Monterey Bay Gi Consultants Medical Group, Inc","Monterey Bay Gi Consultants Medical Group, Inc","23 Upper Ragsdale Dr, Ste 200",Monterey,CA,93940,,,,,36.579269,-121.813864,clinical,CMS_CLIA,(831) 375-3577,05D0590717,Routine Chemistry,20241120,,,,
CLIA_CA_00253,Peninsula Dermatology,Peninsula Dermatology,"1750 El Camino Real, Ste 206",Burlingame,CA,94010,,,,,,,clinical,CMS_CLIA,(650) 692-0182,05D0590965,Routine Chemistry,20230418,,,,
CLIA_CA_00254,Michael H Girolami Md,Michael H Girolami Md,1750 El Camino Real Ste 11,Burlingame,CA,94010,,,,,,,clinical,CMS_CLIA,(650) 994-4650,05D0591001,Routine Chemistry,19970804,,,,
CLIA_CA_00255,Paul D Hartman Md,Paul D Hartman Md,1860 El Camino Real Ste 401,Burlingame,CA,94010,,,,,,,clinical,CMS_CLIA,(650) 991-3444,05D0591209,Routine Chemistry,20250930,,,,
CLIA_CA_00256,Advanced Cardiovascular Specialists,Advanced Cardiovascular Specialists,"2490 Hospital Dr, Ste 311",Mountain View,CA,94040,,,,,37.368877,-122.082031,clinical,CMS_CLIA,(650) 962-4690,05D0591473,Routine Chemistry,19981130,,,,
CLIA_CA_00257,Menlo Dermatology Medical Group,Menlo Dermatology Medical Group,888 Oak Grove Ave Ste 8,Menlo Park,CA,94025,,,,,37.450774,-122.187395,clinical,CMS_CLIA,(650) 325-1511,05D0591542,Routine Chemistry,20230418,,,,
CLIA_CA_00258,Silicon Valley Medical Development,Silicon Valley Medical Development,2495 Hospital Dr Suite 460,Mountain View,CA,94040,,,,,37.368821,-122.081885,clinical,CMS_CLIA,(408) 871-3209,05D0591803,Routine Chemistry,20160419,,,,
CLIA_CA_00259,"Eurofins Ascend Clinical, Llc","Eurofins Ascend Clinical, Llc",435 Oakmead Parkway,Sunnyvale,CA,94085,,,,,37.382719,-121.988193,clinical,CMS_CLIA,(800) 800-5655,05D0592241,Routine Chemistry,20241210,1982606992,PATRICIA HUNSADER,President,8008005655
CLIA_CA_00260,Csi Medical Group - Daly City,Csi Medical Group - Daly City,"1800 Sullivan Ave, Ste 403",Daly City,CA,94015,,,,,37.682321,-122.47265,clinical,CMS_CLIA,(650) 994-3238,05D0592282,Routine Chemistry,20250320,,,,
CLIA_CA_00261,Csi Medical Group,Csi Medical Group,603 S Knickerbocker Dr,Sunnyvale,CA,94087,,,,,37.373995,-122.058113,clinical,CMS_CLIA,(408) 736-0441,05D0592715,Routine Chemistry,20150428,1871909804,ERIC SCHWEIGER,Owner,2122833000
CLIA_CA_00262,Dermatology Medical Group,Dermatology Medical Group,490 Post St Ste 700,San Francisco,CA,94102,,,,,37.788161,-122.409875,clinical,CMS_CLIA,(415) 362-2238,05D0593365,Routine Chemistry,20220414,,,,
CLIA_CA_00263,Downtown Medical Group,Downtown Medical Group,490 Post St Ste 900,San Francisco,CA,94102,,,,,37.788161,-122.409875,clinical,CMS_CLIA,(415) 362-7177,05D0593479,Routine Chemistry,20220818,1831556778,ELISE GRENIER,Owner,4157222440
CLIA_CA_00264,Aesthetic Dermatology,Aesthetic Dermatology,535 Miller Ave,Mill Valley,CA,94941,,,,,37.894036,-122.532248,clinical,CMS_CLIA,(415) 383-5475,05D0594082,Routine Chemistry,20250604,,,,
CLIA_CA_00265,Pacific Fertility Center,Pacific Fertility Center,55 Francisco Street   Suite 500,San Francisco,CA,94133,,,,,37.805527,-122.406219,clinical,CMS_CLIA,(415) 834-3000,05D0594726,Routine Chemistry,19991006,1023181609,ROBERT STRICKLAND,EXECUTIVE DIRECTOR,4158343000
CLIA_CA_00266,Golden State Dermatology,Golden State Dermatology,280 Baldwin Ave,San Mateo,CA,94401,,,,,37.567018,-122.325301,clinical,CMS_CLIA,(650) 344-1121,05D0596807,Routine Chemistry,20251204,,,,
CLIA_CA_00267,Affiliates In Dermatology Med Grp Inc,Affiliates In Dermatology Med Grp Inc,460 34th St,Oakland,CA,94609,,,,,37.822041,-122.264409,clinical,CMS_CLIA,(510) 652-8091,05D0597288,Routine Chemistry,20251003,,,,
CLIA_CA_00268,"Noel T D  Chiu Md,  A M C","Noel T D  Chiu Md,  A M C",3436 Hillcrest Ave Ste 150,Antioch,CA,94531,,,,,37.987787,-121.781217,clinical,CMS_CLIA,(925) 754-6767,05D0597475,Routine Chemistry,20230927,,,,
CLIA_CA_00269,Csi Medical Group,Csi Medical Group,"39210 State St, Ste 218",Fremont,CA,94538,,,,,,,clinical,CMS_CLIA,(510) 790-0477,05D0598593,Routine Chemistry,20251120,1871909804,ERIC SCHWEIGER,Owner,2122833000
CLIA_CA_00270,Jeffrey Carlson Md,Jeffrey Carlson Md,2333 Mowry Ave Ste 220,Fremont,CA,94538,,,,,37.556281,-121.982334,clinical,CMS_CLIA,(510) 792-2012,05D0598716,Routine Chemistry,19970807,,,,
CLIA_CA_00271,"East Bay Dermatology Medical Group, Inc","East Bay Dermatology Medical Group, Inc","2557 Mowry Ave, Ste 25",Fremont,CA,94538,,,,,37.555881,-121.982651,clinical,CMS_CLIA,(510) 797-4111,05D0598729,Routine Chemistry,20240827,,,,
CLIA_CA_00272,Concentra - Fremont,Concentra - Fremont,3161 Walnut Ave,Fremont,CA,94538,,,,,37.551158,-121.978589,clinical,CMS_CLIA,(510) 796-1000,05D0598756,Routine Chemistry,19970923,,,,
CLIA_CA_00273,Fremont Surgery Center,Fremont Surgery Center,"39350 Civic Center Dr, Ste 100",Fremont,CA,94538,,,,,37.553775,-121.97488,clinical,CMS_CLIA,(510) 456-4600,05D0598799,Routine Chemistry,20240827,,,,
CLIA_CA_00274,"Michael Tomcik, Md","Michael Tomcik, Md",3168 Danville Blvd Ste B,Alamo,CA,94507,,,,,,,clinical,CMS_CLIA,(925) 743-1488,05D0598867,Routine Chemistry,20220518,,,,
CLIA_CA_00275,Castro Valley Pediatrics,Castro Valley Pediatrics,22290 Foothill Blvd Ste 1,Hayward,CA,94541,,,,,37.678782,-122.083982,clinical,CMS_CLIA,(510) 581-1446,05D0599270,Routine Chemistry,19970815,1801933668,CAREN VANCE,Partner Physician,5105811446
CLIA_CA_00276,Diane S Silver Md,Diane S Silver Md,2025 Jefferson St,Napa,CA,94559,,,,,38.305641,-122.294999,clinical,CMS_CLIA,(707) 257-2888,05D0599760,Routine Chemistry,20100610,,,,
CLIA_CA_00277,East Bay Pediatrics,East Bay Pediatrics,"2999 Regent St, Ste 325",Berkeley,CA,94705,,,,,37.855707,-122.256591,clinical,CMS_CLIA,(510) 438-1100,05D0600062,Routine Chemistry,19970924,,,,
CLIA_CA_00278,Napa Valley Family Med Group,Napa Valley Family Med Group,1222 Pine Street,Saint Helena,CA,94574,,,,,38.506077,-122.472177,clinical,CMS_CLIA,(707) 963-3641,05D0600479,Routine Chemistry,19960326,,,,
CLIA_CA_00279,Solano Dermatology Associates,Solano Dermatology Associates,"1030 Main St, Ste 200",Saint Helena,CA,94574,,,,,38.502943,-122.466337,clinical,CMS_CLIA,(707) 963-5450,05D0600489,Routine Chemistry,20250819,1639491103,JOHN GEISSE,Owner,7076435785
CLIA_CA_00280,Laboratory Corporation Of America,Laboratory Corporation Of America,10930 Bigge St,San Leandro,CA,94577,,,,,37.726155,-122.186656,clinical,CMS_CLIA,(510) 567-5383,05D0600639,Routine Chemistry,20230606,1861473480,KIMBERLY WILLIAMS,VP,8002227566
CLIA_CA_00281,Sierra Hematology And Oncology,Sierra Hematology And Oncology,"1580 Creekside Dr, Ste 230",Folsom,CA,95630,,,,,38.668589,-121.149221,clinical,CMS_CLIA,(916) 984-6230,05D0600646,Routine Chemistry,20250312,,,,
CLIA_CA_00282,Jeffrey G Riopelle Md,Jeffrey G Riopelle Md,5401 Norris Canyon Rd 312,San Ramon,CA,94583,,,,,37.778322,-121.96015,clinical,CMS_CLIA,(925) 275-9288,05D0600850,Routine Chemistry,19951018,,,,
CLIA_CA_00283,"Hayes B Gladstone, Md, Pc","Hayes B Gladstone, Md, Pc","3860 Blackhawk Road, Ste 140",Danville,CA,94506,,,,,37.800933,-121.921521,clinical,CMS_CLIA,(925) 837-6000,05D0600851,Routine Chemistry,20230927,,,,
CLIA_CA_00284,San Ramon Regional Medical Center,San Ramon Regional Medical Center,6001 Norris Canyon Road,San Ramon,CA,94583,,,,,,,clinical,CMS_CLIA,(925) 275-8271,05D0600921,Routine Chemistry,20070305,1841398104,SAMUEL KATZ,Emergency Department PHYSICIAN,9252758280
CLIA_CA_00285,Tri-Valley Pediatric Medical Group Inc,Tri-Valley Pediatric Medical Group Inc,"5565 West Las Positas Boulevard, Suite #240",Pleasanton,CA,94588,,,,,37.687217,-121.88863,clinical,CMS_CLIA,(925) 460-8444,05D0600996,Routine Chemistry,20060308,,,,
CLIA_CA_00286,North Bay Pediatrics,North Bay Pediatrics,160 Glen Cove Marina Rd Ste 103,Vallejo,CA,94591,,,,,38.071025,-122.212362,clinical,CMS_CLIA,(707) 648-0711,05D0601225,Routine Chemistry,19950724,1932132297,AMY JADKOWSKI,Practice Manager,7076480711
CLIA_CA_00287,Charles Hanson Md,Charles Hanson Md,"1855 San Miguel Dr, Ste 15",Walnut Creek,CA,94596,,,,,37.89547,-122.053424,clinical,CMS_CLIA,(925) 930-8770,05D0601323,Routine Chemistry,20230912,,,,
CLIA_CA_00288,"Equaltox, Llc","Equaltox, Llc","550 N Golden Circle,  Ste B",Santa Ana,CA,92705,,,,,,,clinical,CMS_CLIA,(714) 760-5804,05D0602385,Routine Chemistry,20250918,1598138562,CRANFORD SCOTT,Medical Director,7147604804
CLIA_CA_00289,Dermatology Associates Of The Bay Area,Dermatology Associates Of The Bay Area,"500 Alfred Nobel Dr, Ste 245",Hercules,CA,94547,,,,,38.017879,-122.274341,clinical,CMS_CLIA,(510) 741-7418,05D0603798,Routine Chemistry,20230418,1164514881,MARLENE KOLE,Office Manager,5107417418
CLIA_CA_00290,Bruce R Carlton Md Inc,Bruce R Carlton Md Inc,"2101 Vale Rd, Ste 301",San Pablo,CA,94806,,,,,37.954429,-122.337123,clinical,CMS_CLIA,(510) 232-4552,05D0603818,Routine Chemistry,20260202,,,,
CLIA_CA_00291,Joseph H Greenberg Md,Joseph H Greenberg Md,"750 Las Gallinas Ave, Ste 205",San Rafael,CA,94903,,,,,38.006867,-122.546206,clinical,CMS_CLIA,(415) 472-3903,05D0604104,Routine Chemistry,20240912,,,,
CLIA_CA_00292,Csi Medical Group,Csi Medical Group,1030 Sir Francis Drake Blvd Ste 110,Kentfield,CA,94904,,,,,,,clinical,CMS_CLIA,(415) 461-1036,05D0604332,Routine Chemistry,20230929,1871909804,ERIC SCHWEIGER,Owner,2122833000
CLIA_CA_00293,Tamalpais Pediatrics - A Ucsf Affiliate,Tamalpais Pediatrics - A Ucsf Affiliate,5 Bon Air Rd Ste 105,Larkspur,CA,94939,,,,,,,clinical,CMS_CLIA,(415) 461-0440,05D0604750,Routine Chemistry,20180918,,,,
CLIA_CA_00294,North Bay Dermatology Associates,North Bay Dermatology Associates,"106 Lynch Creek Way, Ste 8",Petaluma,CA,94954,,,,,38.252978,-122.633007,clinical,CMS_CLIA,(707) 763-6816,05D0605021,Routine Chemistry,20250508,1275622664,SANTIAGO CENTURION,Practice Owner,7077636816
CLIA_CA_00295,"Allied Laboratories, Inc","Allied Laboratories, Inc","453 Ravendale Dr, Ste B",Mountain View,CA,94043,,,,,37.390505,-122.052056,clinical,CMS_CLIA,(650) 335-8336,05D0605512,Routine Chemistry,20241212,,,,
CLIA_CA_00296,Csi Medical Group - Freedom,Csi Medical Group - Freedom,204 Green Valley Rd,Freedom,CA,95019,,,,,36.937611,-121.771241,clinical,CMS_CLIA,(831) 728-2005,05D0605631,Routine Chemistry,20250207,,,,
CLIA_CA_00297,"Joseph C Barbara Md, Inc","Joseph C Barbara Md, Inc",7880 Wren Ave Ste C133,Gilroy,CA,95020,,,,,37.009585,-121.587026,clinical,CMS_CLIA,(408) 842-0278,05D0605650,Routine Chemistry,20031028,,,,
CLIA_CA_00298,Csi Medical Group P C - Gilroy,Csi Medical Group P C - Gilroy,"9460 No Name Uno, Ste 210",Gilroy,CA,95020,,,,,37.036887,-121.573938,clinical,CMS_CLIA,(408) 847-0888,05D0605685,Routine Chemistry,20260227,,,,
CLIA_CA_00299,Los Gatos Pediatrics Office Laboratory,Los Gatos Pediatrics Office Laboratory,320 Dardanelli Ln #16,Los Gatos,CA,95032,,,,,37.261908,-121.967327,clinical,CMS_CLIA,(408) 866-7830,05D0605900,Routine Chemistry,19960202,,,,
CLIA_CA_00300,Forefront Dermatology - Pacific Pc,Forefront Dermatology - Pacific Pc,"1661 Soquel Dr,  Ste E",Santa Cruz,CA,95065,,,,,36.989019,-121.981977,clinical,CMS_CLIA,(831) 476-2444,05D0606845,Routine Chemistry,20250205,,,,
CLIA_CA_00301,Csi Medical Group,Csi Medical Group,18988 Cox Avenue Suite B,Saratoga,CA,95070,,,,,37.281643,-122.004176,clinical,CMS_CLIA,(408) 253-4407,05D0606934,Routine Chemistry,20090623,1871909804,ERIC SCHWEIGER,Owner,2122833000
CLIA_CA_00302,Silicon Valley Medical Development,Silicon Valley Medical Development,2460 Samaritan Dr,San Jose,CA,95124,,,,,37.251037,-121.948333,clinical,CMS_CLIA,(408) 799-3412,05D0607216,Routine Chemistry,20251003,,,,
CLIA_CA_00303,Ramblc Pediatric Medical Group,Ramblc Pediatric Medical Group,14880 Los Gatos Blvd,Los Gatos,CA,95032,,,,,,,clinical,CMS_CLIA,(408) 371-7777,05D0608025,Routine Chemistry,19980123,,,,
CLIA_CA_00304,Anthony J Badame Md,Anthony J Badame Md,"2025 Forest Ave, Ste 9",San Jose,CA,95128,,,,,37.327099,-121.933198,clinical,CMS_CLIA,(408) 297-4200,05D0608454,Routine Chemistry,20241105,,,,
CLIA_CA_00305,Forest Medical Clinic,Forest Medical Clinic,2307 Forest Avenue,San Jose,CA,95128,,,,,37.327067,-121.943574,clinical,CMS_CLIA,(408) 246-7120,05D0608555,Routine Chemistry,20050909,,,,
CLIA_CA_00306,"Dagmar Horvath, Md","Dagmar Horvath, Md","2550 Samaritan Dr, Ste A",San Jose,CA,95124,,,,,37.252339,-121.95029,clinical,CMS_CLIA,(408) 295-8988,05D0608637,Routine Chemistry,20241107,,,,
CLIA_CA_00307,"Golden State Dermatology Assoc, Inc - Lodi","Golden State Dermatology Assoc, Inc - Lodi","801 S Ham Ln, Ste A",Lodi,CA,95242,,,,,38.124648,-121.28837,clinical,CMS_CLIA,(209) 333-3376,05D0608994,Routine Chemistry,20250606,,,,
CLIA_CA_00308,Doctors Hospital Of Manteca,Doctors Hospital Of Manteca,1205 E North St,Manteca,CA,95336,,,,,37.801124,-121.19816,clinical,CMS_CLIA,(209) 239-8320,05D0609961,Routine Chemistry,20101124,1992736599,ROB GIORGIANI,CFO,2098238361
CLIA_CA_00309,Healthy U Clinics,Healthy U Clinics,1262 E North St,Manteca,CA,95336,,,,,37.801016,-121.197008,clinical,CMS_CLIA,(209) 524-1668,05D0609981,Routine Chemistry,20010105,,,,
CLIA_CA_00310,Doctors Medical Center,Doctors Medical Center,1441 Florida Ave,Modesto,CA,95350,,,,,37.664989,-120.996284,clinical,CMS_CLIA,(209) 602-2922,05D0610391,Routine Chemistry,20101123,1528095015,CAROLYN CROWN,CEO,2095273412
CLIA_CA_00311,Manuel Lorenzo H Canga Md,Manuel Lorenzo H Canga Md,1248 Main Street,Newman,CA,95360,,,,,37.316565,-121.023056,clinical,CMS_CLIA,(209) 862-2991,05D0610778,Routine Chemistry,19960710,,,,
CLIA_CA_00312,Pathways Healthcare,Pathways Healthcare,190 S Oak Ave Bldg 2 Ste 1,Oakdale,CA,95361,,,,,37.759499,-120.861397,clinical,CMS_CLIA,(209) 848-8410,05D0610818,Routine Chemistry,19950620,,,,
CLIA_CA_00313,Ripon Family Physicians,Ripon Family Physicians,521 N Wilma Ave  #A,Ripon,CA,95366,,,,,37.743755,-121.135644,clinical,CMS_CLIA,(209) 599-4211,05D0610848,Routine Chemistry,19950918,1356912638,KENT HUFFORD,General Partner,2095994211
CLIA_CA_00314,Yosemite Pathology Medical Group Inc,Yosemite Pathology Medical Group Inc,782 Delnero Dr,Sonora,CA,95370,,,,,37.978517,-120.370746,clinical,CMS_CLIA,(209) 577-1200,05D0610978,Routine Chemistry,20220608,,,,
CLIA_CA_00315,Family Medical Group,Family Medical Group,911 E Tuolomne Rd,Turlock,CA,95382,,,,,37.514678,-120.838516,clinical,CMS_CLIA,(209) 668-4101,05D0611134,Routine Chemistry,19940105,1538298575,MONICA KAHLER,Practice Administrator,2096684101
CLIA_CA_00316,"Redwood Empire Dermatology, Inc","Redwood Empire Dermatology, Inc","6574 Oakmont Dr, Ste B",Santa Rosa,CA,95409,,,,,38.441371,-122.604688,clinical,CMS_CLIA,(707) 579-4239,05D0611720,Routine Chemistry,20250827,,,,
CLIA_CA_00317,Richard J Andolsen Md,Richard J Andolsen Md,465-A March Ave,Healdsburg,CA,95448,,,,,38.625971,-122.864797,clinical,CMS_CLIA,(707) 433-3369,05D0612074,Routine Chemistry,19941104,,,,
CLIA_CA_00318,R Steven Vargas Md,R Steven Vargas Md,421B March Avenue,Healdsburg,CA,95448,,,,,38.625973,-122.86608,clinical,CMS_CLIA,(707) 433-5511,05D0612077,Routine Chemistry,19970122,,,,
CLIA_CA_00319,Sonoma Specialty Hospital,Sonoma Specialty Hospital,501 Petaluma Ave,Sebastopol,CA,95472,,,,,38.398297,-122.821094,clinical,CMS_CLIA,(707) 823-8511,05D0612335,Routine Chemistry,20240531,,,,
CLIA_CA_00320,Baechtel Creek Medical Clinic,Baechtel Creek Medical Clinic,1245 South Main Street,Willits,CA,95490,,,,,39.399517,-123.349481,clinical,CMS_CLIA,(707) 459-6861,05D0612624,Routine Chemistry,19950926,1568525400,DONALD MATHESON,Managing Partner,7074596861
CLIA_CA_00321,Mad River Community Hospital,Mad River Community Hospital,3800 Janes Road,Arcata,CA,95521,,,,,40.897166,-124.092763,clinical,CMS_CLIA,(707) 822-7220,05D0612926,Routine Chemistry,20070912,1518996040,DOUGLAS SHAW,Chief Executive Officer,7078227220
CLIA_CA_00322,Redwood Pediatric Medical Group,Redwood Pediatric Medical Group,3305 Renner Drive,Fortuna,CA,95540,,,,,40.582527,-124.135418,clinical,CMS_CLIA,(707) 725-9355,05D0613017,Routine Chemistry,20070913,1164574083,SHALAMAR IVEY,Billing Manager,7077259355
CLIA_CA_00323,Sierra Hematology & Oncology,Sierra Hematology & Oncology,6555 Coyle Ave Ste 301,Carmichael,CA,95608,,,,,38.668058,-121.312367,clinical,CMS_CLIA,(916) 962-1544,05D0613463,Routine Chemistry,20250203,,,,
CLIA_CA_00324,Carbon Health Medical Group,Carbon Health Medical Group,"4156 Manzanita Ave,  Ste 100",Carmichael,CA,95608,,,,,38.640036,-121.327871,clinical,CMS_CLIA,(415) 639-4667,05D0613494,Routine Chemistry,19940902,,,,
CLIA_CA_00325,Elk Grove Pediatrics Inc,Elk Grove Pediatrics Inc,9727 Elk Grove-Florin Road #250,Elk Grove,CA,95624,,,,,38.404303,-121.371452,clinical,CMS_CLIA,(916) 686-5003,05D0613888,Routine Chemistry,19990224,,,,
CLIA_CA_00326,Allen E Priest Jr Md,Allen E Priest Jr Md,6600 Mercy Court Ste 210,Fair Oaks,CA,95628,,,,,38.666152,-121.310341,clinical,CMS_CLIA,(916) 967-8201,05D0613955,Routine Chemistry,19950222,,,,
CLIA_CA_00327,Alan Semion Inc,Alan Semion Inc,729 Sunrise Ave Ste 700,Roseville,CA,95661,,,,,38.734108,-121.271961,clinical,CMS_CLIA,(916) 782-7546,05D0614290,Routine Chemistry,20250418,,,,
CLIA_CA_00328,Northbay Healthcare Group,Northbay Healthcare Group,421 Nut Tree Rd,Vacaville,CA,95687,,,,,38.364872,-121.953405,clinical,CMS_CLIA,(707) 624-7533,05D0614782,Routine Chemistry,19961105,1104151844,MARGARET WALBOLT,Vice President Adminstrative Serv,7076464196
CLIA_CA_00329,Michael J Fazio Md Inc,Michael J Fazio Md Inc,1525 Response Rd,Sacramento,CA,95815,,,,,38.598475,-121.436092,clinical,CMS_CLIA,(916) 492-1828,05D0615441,Routine Chemistry,20240925,,,,
CLIA_CA_00330,Yosemite Pathology Medical Group Inc,Yosemite Pathology Medical Group Inc,"7750 College Town Dr, Ste 102",Sacramento,CA,95826,,,,,38.554113,-121.413288,clinical,CMS_CLIA,(209) 577-1200,05D0615570,Routine Chemistry,20250224,,,,
CLIA_CA_00331,Golden State Dermatology Associates Inc -,Golden State Dermatology Associates Inc -,5601 J St,Sacramento,CA,95819,,,,,38.564644,-121.434563,clinical,CMS_CLIA,(916) 454-5922,05D0615761,Routine Chemistry,20170913,,,,
CLIA_CA_00332,Dermatology Consultants,Dermatology Consultants,"2410 Fair Oaks Blvd, Ste 220",Sacramento,CA,95825,,,,,38.57446,-121.406728,clinical,CMS_CLIA,(916) 739-1505,05D0615781,Routine Chemistry,20250225,,,,
CLIA_CA_00333,Elliott L Adams Md,Elliott L Adams Md,"7248 S Land Park Dr, Ste 206",Sacramento,CA,95831,,,,,38.494339,-121.511576,clinical,CMS_CLIA,(916) 392-7900,05D0616135,Routine Chemistry,20250228,,,,
CLIA_CA_00334,"Jacqueline Losi, Md","Jacqueline Losi, Md",270 Cohasset Rd Ste 100,Chico,CA,95926,,,,,,,clinical,CMS_CLIA,(530) 895-1396,05D0617026,Routine Chemistry,19951208,,,,
CLIA_CA_00335,"Colusa  Medical Center, Llc","Colusa  Medical Center, Llc",199 E Webster St,Colusa,CA,95932,,,,,39.20724,-121.999964,clinical,CMS_CLIA,(530) 619-0840,05D0617219,Routine Chemistry,20250417,,,,
CLIA_CA_00336,American West Skin Pathology Service,American West Skin Pathology Service,"1007 Live Oak Blvd, Ste A1",Yuba City,CA,95991,,,,,39.143629,-121.620742,clinical,CMS_CLIA,(530) 673-3790,05D0617836,Routine Chemistry,20250731,,,,
CLIA_CA_00337,Hal Meadows Md,Hal Meadows Md,705 West St,Susanville,CA,96130,,,,,40.407696,-120.66583,clinical,CMS_CLIA,(530) 257-7251,05D0618634,Routine Chemistry,19960919,,,,
CLIA_CA_00338,Oral Pathology Associates Inc,Oral Pathology Associates Inc,"11500 W Olympic Blvd, Ste 390",Los Angeles,CA,90064,,,,,34.036421,-118.44409,clinical,CMS_CLIA,(310) 235-1164,05D0642416,Routine Chemistry,20241010,,,,
CLIA_CA_00339,Physicians Diagnostic Reference Laboratory,Physicians Diagnostic Reference Laboratory,709 S Main St,Burbank,CA,91506,,,,,34.166616,-118.313223,clinical,CMS_CLIA,(818) 845-5320,05D0642420,Routine Chemistry,20160519,1033201090,ZORKA MIHAYLOVICH,President/Owner,8188455320
CLIA_CA_00340,Immunosciences Lab Inc,Immunosciences Lab Inc,822 S Robertson Blvd Ste 312,Los Angeles,CA,90035,,,,,34.062138,-118.383481,clinical,CMS_CLIA,(310) 657-1077,05D0642471,Routine Chemistry,20050513,,,,
CLIA_CA_00341,Ashley Clinical Diagnostic Lab Inc,Ashley Clinical Diagnostic Lab Inc,5542 N Figueroa St,Los Angeles,CA,90042,,,,,34.108506,-118.194859,clinical,CMS_CLIA,(323) 478-0801,05D0642478,Routine Chemistry,20231019,,,,
CLIA_CA_00342,Psychemedics Corporation,Psychemedics Corporation,5832 Uplander Way,Culver City,CA,90230,,,,,33.984834,-118.38597,clinical,CMS_CLIA,(310) 216-7776,05D0642561,Routine Chemistry,20250327,1144623901,NEIL LERNER,VP Finance,9782068220
CLIA_CA_00343,Sdi Labs Inc,Sdi Labs Inc,"2204 E 4th St,  Unit 103",Santa Ana,CA,92705,,,,,33.748066,-117.836118,clinical,CMS_CLIA,(877) 509-0376,05D0642622,Routine Chemistry,20040610,,,,
CLIA_CA_00344,Med Science Center Inc,Med Science Center Inc,"435 Arden Ave, Ste 140",Glendale,CA,91203,,,,,34.158517,-118.262318,clinical,CMS_CLIA,(818) 500-1814,05D0642731,Routine Chemistry,20230912,,,,
CLIA_CA_00345,Foundation Laboratory,Foundation Laboratory,1716 W Holt Ave,Pomona,CA,91768,,,,,34.061601,-117.77915,clinical,CMS_CLIA,(909) 623-9301,05D0642889,Routine Chemistry,20250318,1881626943,LALA VARTANIAN,Secretary,9096239301
CLIA_CA_00346,Gastroenterology Diagnostic Center,Gastroenterology Diagnostic Center,"880 S Atlantic Blvd,  Ste G10",Monterey Park,CA,91754,,,,,34.05112,-118.137846,clinical,CMS_CLIA,(626) 872-6261,05D0642897,Routine Chemistry,19960411,1013048461,FERNANDO IBARRA,Authorized Official,6268726261
CLIA_CA_00347,Applied Clinical Research,Applied Clinical Research,6565 Nancy Ridge Dr,San Diego,CA,92121,,,,,32.886288,-117.178659,clinical,CMS_CLIA,(800) 677-7995,05D0642965,Routine Chemistry,20240711,1386708816,JOSEPH GRAAS,President - CEO,8586777970
CLIA_CA_00348,Scripps Oral Pathology Service,Scripps Oral Pathology Service,"6727 Flanders Dr, Ste 101",San Diego,CA,92121,,,,,32.904962,-117.177024,clinical,CMS_CLIA,(858) 784-0600,05D0643007,Routine Chemistry,20241107,1063683357,GORDON RICK,owner/director,8587840600
CLIA_CA_00349,John F Kennedy Memorial Hospital Laboratory,John F Kennedy Memorial Hospital Laboratory,47111 Monroe St,Indio,CA,92201,,,,,33.706135,-116.233942,clinical,CMS_CLIA,(760) 775-8487,05D0643133,Routine Chemistry,20071016,,,,
CLIA_CA_00350,Desert Valley Hospital,Desert Valley Hospital,16850 Bear Valley Rd,Victorville,CA,92395,,,,,34.470975,-117.295855,clinical,CMS_CLIA,(760) 241-8000,05D0643174,Routine Chemistry,19940826,1851396576,CHRISTOPHER DOAN,Managing Associate General Counsel,3102594706
CLIA_CA_00351,Unilab Corporation Dba Quest Diagnostics,Unilab Corporation Dba Quest Diagnostics,431 S Batavia Ste 102,Orange,CA,92868,,,,,33.781775,-117.861741,clinical,CMS_CLIA,(714) 997-9826,05D0643397,Routine Chemistry,19930824,,,,
CLIA_CA_00352,"Bbt Health, Llc","Bbt Health, Llc","5105 E Dakota Ave, Ste 101",Fresno,CA,93727,,,,,36.786788,-119.722391,clinical,CMS_CLIA,(559) 248-0131,05D0643449,Routine Chemistry,19970219,1417956921,ADAM FRERICHS,Chief Executive Officer,5592480131
CLIA_CA_00353,Laboratory Corporation Of America,Laboratory Corporation Of America,820 34th St Ste 103,Bakersfield,CA,93301,,,,,35.390554,-119.010805,clinical,CMS_CLIA,(661) 612-1691,05D0643479,Routine Chemistry,20050624,1104196484,KIMBERLY WILLIAMS,VP,8002227566
CLIA_CA_00354,Igenex Inc,Igenex Inc,556 Gilbraltar Dr,Milpitas,CA,95035,,,,,37.420844,-121.894994,clinical,CMS_CLIA,(650) 424-1191,05D0643914,Routine Chemistry,20260206,1396837605,JYOTSNA SHAH,CEO/ LAB DIRECTOR,8008323200
CLIA_CA_00355,Yosemite Pathology Medical Group,Yosemite Pathology Medical Group,"3172 Collins Dr, Ste B",Merced,CA,95348,,,,,37.322732,-120.477033,clinical,CMS_CLIA,(209) 577-1200,05D0644024,Routine Chemistry,20250205,,,,
CLIA_CA_00356,Unilab Corp Dba Quest Diagnostics,Unilab Corp Dba Quest Diagnostics,857 W Childs Road,Merced,CA,95341,,,,,37.288258,-120.497271,clinical,CMS_CLIA,(209) 385-5632,05D0644027,Routine Chemistry,20251107,,,,
CLIA_CA_00357,Fmc Eureka Dialysis,Fmc Eureka Dialysis,2765 Timber Ridge Lane,Eureka,CA,95503,,,,,40.780069,-124.137053,clinical,CMS_CLIA,(707) 445-2033,05D0644101,Routine Chemistry,19930624,,,,
CLIA_CA_00358,Mangrove Medical Group,Mangrove Medical Group,1040 Mangrove Ave,Chico,CA,95926,,,,,39.74023,-121.837126,clinical,CMS_CLIA,(530) 345-0064,05D0644223,Routine Chemistry,20100412,1326038381,ELIZABETH MULLINS,Administrator,5303450064
CLIA_CA_00359,Unilab Corp Dba Quest Diagnostics,Unilab Corp Dba Quest Diagnostics,2510 Airpark Dr Ste 202,Redding,CA,96001,,,,,40.572788,-122.405182,clinical,CMS_CLIA,(530) 243-4509,05D0644239,Routine Chemistry,20240606,,,,
CLIA_CA_00360,Kids And Teens Medical Group,Kids And Teens Medical Group,8628 Reseda Blvd,Northridge,CA,91324,,,,,34.22694,-118.536011,clinical,CMS_CLIA,(818) 361-5437,05D0662230,Routine Chemistry,19970514,,,,
CLIA_CA_00361,Weisenthal Cancer Group,Weisenthal Cancer Group,16512 Burke Ln,Huntington Beach,CA,92647,,,,,33.722735,-117.998658,clinical,CMS_CLIA,(714) 596-2100,05D0662326,Routine Chemistry,20220131,1629257860,LARRY WEISENTHAL,Medical Director,7145962100
CLIA_CA_00362,"Sunny Wong, Do","Sunny Wong, Do",110 West Emerson Avenue,Monterey Park,CA,91754,,,,,34.066098,-118.123083,clinical,CMS_CLIA,(626) 307-0676,05D0662741,Routine Chemistry,19941205,,,,
CLIA_CA_00363,Esoterix-Inc,Esoterix-Inc,4301 Lost Hills Road,Calabasas Hills,CA,91301,,,,,34.137225,-118.707525,clinical,CMS_CLIA,(818) 880-8040,05D0663070,Routine Chemistry,20220825,,,,
CLIA_CA_00364,Roxbury Laboratory Associates Llc,Roxbury Laboratory Associates Llc,"435 N Roxbury Dr, Ste 300",Beverly Hills,CA,90210,,,,,34.067567,-118.406509,clinical,CMS_CLIA,(424) 239-1499,05D0664149,Routine Chemistry,20240502,,,,
CLIA_CA_00365,Bernardo Dermatology Medical Group,Bernardo Dermatology Medical Group,"15525 Pomerado Rd, Ste A2",Poway,CA,92064,,,,,32.994883,-117.057893,clinical,CMS_CLIA,(858) 451-3311,05D0664519,Routine Chemistry,20250122,,,,
CLIA_CA_00366,Unilab Corp Dba Quest Diagnostics,Unilab Corp Dba Quest Diagnostics,"7060 N Recreation Ave, Ste 106",Fresno,CA,93720,,,,,36.839039,-119.740375,clinical,CMS_CLIA,(559) 297-2479,05D0664641,Routine Chemistry,20250807,,,,
CLIA_CA_00367,Scpmg Bellflower Medical Office Laboratory,Scpmg Bellflower Medical Office Laboratory,9400 E Rosecrans,Bellflower,CA,90706,,,,,33.904055,-118.133985,clinical,CMS_CLIA,(562) 657-7531,05D0665942,Routine Chemistry,20220825,,,,
CLIA_CA_00368,Young J Ko Md,Young J Ko Md,"44215 15th St West,  Ste 303",Lancaster,CA,93534,,,,,34.686332,-118.156874,clinical,CMS_CLIA,(661) 945-0723,05D0666012,Routine Chemistry,20150716,,,,
CLIA_CA_00369,American Bio-Clinical Laboratories,American Bio-Clinical Laboratories,2730 N Main St,Los Angeles,CA,90031,,,,,34.06594,-118.213706,clinical,CMS_CLIA,(323) 222-6688,05D0666419,Routine Chemistry,20240228,1821091067,DAVID SOMALI,Owner,3232226688
CLIA_CA_00370,San Pedro Pediatric Medical Group Inc,San Pedro Pediatric Medical Group Inc,1294 West 6th Street Ste 102,San Pedro,CA,90731,,,,,33.738862,-118.306353,clinical,CMS_CLIA,(310) 832-0616,05D0666609,Routine Chemistry,19990604,,,,
CLIA_CA_00371,Pacific Pathology Inc,Pacific Pathology Inc,9292 Chesapeake Dr,San Diego,CA,92123,,,,,32.837632,-117.128458,clinical,CMS_CLIA,(858) 576-9630,05D0666715,Routine Chemistry,19961126,,,,
CLIA_CA_00372,Scpmg Escondido Medical Offices,Scpmg Escondido Medical Offices,732 N Broadway,Escondido,CA,92025,,,,,33.129311,-117.084809,clinical,CMS_CLIA,(619) 528-6017,05D0668040,Routine Chemistry,20120522,,,,
CLIA_CA_00373,Kaiser Foundation Hospital Zion Laboratory,Kaiser Foundation Hospital Zion Laboratory,"4647 Zion Ave Room B70, 1251",San Diego,CA,92120,,,,,32.792915,-117.095433,clinical,CMS_CLIA,(619) 528-5545,05D0668041,Routine Chemistry,20111117,,,,
CLIA_CA_00374,Scpmg La Mesa Laboratory,Scpmg La Mesa Laboratory,8080 Parkway Dr,La Mesa,CA,91942,,,,,32.775338,-117.023594,clinical,CMS_CLIA,(619) 528-6017,05D0668043,Routine Chemistry,20240822,,,,
CLIA_CA_00375,Scpmg Rancho Bernardo Medical Office,Scpmg Rancho Bernardo Medical Office,17140 Bernardo Center Dr,Rancho Bernardo,CA,92128,,,,,33.024581,-117.074479,clinical,CMS_CLIA,(619) 528-6017,05D0668045,Routine Chemistry,20120807,,,,
CLIA_CA_00376,Scpmg Bonita Medical Offices,Scpmg Bonita Medical Offices,3955 Bonita Rd,Bonita,CA,91902,,,,,32.656835,-117.042608,clinical,CMS_CLIA,(619) 528-6017,05D0668047,Routine Chemistry,20110203,,,,
CLIA_CA_00377,Scpmg Carlsbad Medical Office,Scpmg Carlsbad Medical Office,6860 Avenida Encinas,Carlsbad,CA,92008,,,,,33.107844,-117.314813,clinical,CMS_CLIA,(760) 931-4250,05D0668049,Routine Chemistry,20120105,,,,
CLIA_CA_00378,Family Planning Associates,Family Planning Associates,1060 N 13th Ave,Upland,CA,91786,,,,,34.107625,-117.63346,clinical,CMS_CLIA,(909) 382-0201,05D0668294,Routine Chemistry,20190117,,,,
CLIA_CA_00379,Family Planning Associates,Family Planning Associates,"2030 Coffee Rd, Ste A-1",Modesto,CA,95355,,,,,37.672219,-120.975652,clinical,CMS_CLIA,(909) 382-0201,05D0668295,Routine Chemistry,20260225,,,,
CLIA_CA_00380,Family Planning Associates Medical,Family Planning Associates Medical,10200 Sepulveda Blvd Ste 200,Mission Hills,CA,91345,,,,,34.25551,-118.467229,clinical,CMS_CLIA,(909) 382-0201,05D0668296,Routine Chemistry,20250528,,,,
CLIA_CA_00381,Family Planning Associates,Family Planning Associates,1901 N Tustin Ave,Santa Ana,CA,92705,,,,,33.762515,-117.835191,clinical,CMS_CLIA,(909) 382-0201,05D0668300,Routine Chemistry,20211001,,,,
CLIA_CA_00382,Family Planning Associates,Family Planning Associates,"501 S Vincent Ave, Ste 205",West Covina,CA,91790,,,,,34.067656,-117.926958,clinical,CMS_CLIA,(626) 572-8800,05D0668302,Routine Chemistry,20190604,,,,
CLIA_CA_00383,Family Planning Associates,Family Planning Associates,855 E Hospitality Ln,San Bernardino,CA,92408,,,,,34.068754,-117.267628,clinical,CMS_CLIA,(909) 382-0201,05D0668303,Routine Chemistry,20250501,,,,
CLIA_CA_00384,Family Planning Associates Medical,Family Planning Associates Medical,1161 Third Avenue,Chula Vista,CA,91911,,,,,32.611604,-117.068215,clinical,CMS_CLIA,(909) 382-0201,05D0668304,Routine Chemistry,20210630,,,,
CLIA_CA_00385,Family Planning Associates,Family Planning Associates,12304 Santa Monica Blvd Ste 116,West Los Angeles,CA,90025,,,,,,,clinical,CMS_CLIA,(310) 820-8084,05D0668306,Routine Chemistry,20190701,,,,
CLIA_CA_00386,Family Planning Associates Medical,Family Planning Associates Medical,"2777 Long Beach Blvd, Ste 200",Long Beach,CA,90806,,,,,33.808145,-118.189475,clinical,CMS_CLIA,(909) 382-0201,05D0668307,Routine Chemistry,20250425,,,,
CLIA_CA_00387,Family Planning Associates,Family Planning Associates,"24241 Hawthorne Blvd, Ste 201",Torrance,CA,90505,,,,,33.802718,-118.351217,clinical,CMS_CLIA,(310) 373-1042,05D0668308,Routine Chemistry,20210728,,,,
CLIA_CA_00388,Family Planning Associates,Family Planning Associates,"425 East Colorado St,  Ste 420",Glendale,CA,91205,,,,,34.142704,-118.250631,clinical,CMS_CLIA,(818) 502-1341,05D0668309,Routine Chemistry,20190717,,,,
CLIA_CA_00389,Family Planning Associates,Family Planning Associates,165 N Clark St,Fresno,CA,93701,,,,,36.74441,-119.786072,clinical,CMS_CLIA,(909) 382-0201,05D0668310,Routine Chemistry,20250904,,,,
CLIA_CA_00390,Family Planning Associates,Family Planning Associates,601 S Westmoreland Ave,Los Angeles,CA,90005,,,,,34.061752,-118.289158,clinical,CMS_CLIA,(805) 904-8212,05D0668311,Routine Chemistry,20250213,,,,
CLIA_CA_00391,Family Planning Associates Med Grp Inc,Family Planning Associates Med Grp Inc,2500 H St,Bakersfield,CA,93301,,,,,35.382004,-119.021087,clinical,CMS_CLIA,(909) 382-0201,05D0668312,Routine Chemistry,20251021,,,,
CLIA_CA_00392,Family Planning Associates,Family Planning Associates,8635 Firestone Blvd,Downey,CA,90241,,,,,33.936633,-118.125988,clinical,CMS_CLIA,(909) 382-0201,05D0668370,Routine Chemistry,20250424,,,,
CLIA_CA_00393,Scpmg Pasadena Medical Office Laboratory,Scpmg Pasadena Medical Office Laboratory,3280 E Foothill Blvd,Pasadena,CA,91107,,,,,34.15001,-118.0828,clinical,CMS_CLIA,(626) 583-2315,05D0668618,Routine Chemistry,20160816,,,,
CLIA_CA_00394,Scpmg Flow Cytometry Laboratory,Scpmg Flow Cytometry Laboratory,4867 Sunset Blvd 1st Fl,Los Angeles,CA,90027,,,,,34.098199,-118.294316,clinical,CMS_CLIA,(323) 783-4961,05D0668619,Routine Chemistry,19960529,,,,
CLIA_CA_00395,"Pacific Diagnostic Laboratories, Llc","Pacific Diagnostic Laboratories, Llc",454 S Patterson Ave,Santa Barbara,CA,93111,,,,,34.431997,-119.810494,clinical,CMS_CLIA,(805) 879-8100,05D0668637,Routine Chemistry,20170803,,,,
CLIA_CA_00396,"Julie Iwasaki, Md","Julie Iwasaki, Md",3655 Lomita Blvd Ste 221,Torrance,CA,90505,,,,,33.814907,-118.348754,clinical,CMS_CLIA,(310) 373-0515,05D0668723,Routine Chemistry,20230421,,,,
CLIA_CA_00397,College Medical Center,College Medical Center,2776 Pacific Ave,Long Beach,CA,90806,,,,,33.807571,-118.193634,clinical,CMS_CLIA,(562) 997-2220,05D0669064,Routine Chemistry,20050427,1215373626,BARRY WEISS,Manager,5629239449
CLIA_CA_00398,2080 Century Park Laboratory,2080 Century Park Laboratory,"2080 Century Park East, Ste 1410",Los Angeles,CA,90067,,,,,34.058745,-118.412157,clinical,CMS_CLIA,(310) 282-8316,05D0669071,Routine Chemistry,20240925,,,,
CLIA_CA_00399,Quest Diagnostics,Quest Diagnostics,"2999 Regent St, Ste 101",Berkeley,CA,94705,,,,,37.855707,-122.256591,clinical,CMS_CLIA,(510) 229-7637,05D0670381,Routine Chemistry,20251016,1215191002,CHARLES BOWLES,Vice President,6104544122
CLIA_CA_00400,Unilab Corporation Dba Quest Diagnostics,Unilab Corporation Dba Quest Diagnostics,"612 West Duarte Road, Suite 103",Arcadia,CA,91007,,,,,34.126495,-118.05156,clinical,CMS_CLIA,(626) 445-4989,05D0670387,Routine Chemistry,20050824,,,,
CLIA_CA_00401,David Lieu Md   Dba Fine Needle,David Lieu Md   Dba Fine Needle,"320 S Garfield Ave, Ste 278",Alhambra,CA,91801,,,,,34.091929,-118.124525,clinical,CMS_CLIA,(626) 281-7800,05D0671449,Routine Chemistry,20250109,,,,
CLIA_CA_00402,Innovative Dermatology Alliance Ca  Dba,Innovative Dermatology Alliance Ca  Dba,5530 W Avenida De Los Robles,Visalia,CA,93291,,,,,36.328123,-119.35203,clinical,CMS_CLIA,(559) 733-5050,05D0671853,Routine Chemistry,20250723,,,,
CLIA_CA_00403,Kaiser Foundation Hospital Fremont Laboratory,Kaiser Foundation Hospital Fremont Laboratory,39400 Paseo Padre Parkway,Fremont,CA,94538,,,,,37.55152,-121.976792,clinical,CMS_CLIA,(510) 795-3149,05D0673159,Routine Chemistry,19950912,,,,
CLIA_CA_00404,Redwood Medical Offices,Redwood Medical Offices,1240 Marshall St,Crescent City,CA,95531,,,,,41.768079,-124.200433,clinical,CMS_CLIA,(707) 465-5566,05D0673664,Routine Chemistry,20150618,1023181971,MONICA SPERLING,Practice Manager,7074655566
CLIA_CA_00405,Drs Leonards Johnson Crosby Dab Gin,Drs Leonards Johnson Crosby Dab Gin,591 Redwood Hwy Ste 5215,Mill Valley,CA,94942,,,,,37.890618,-122.517133,clinical,CMS_CLIA,(415) 668-8900,05D0674887,Routine Chemistry,19940330,,,,
CLIA_CA_00406,Downey Dermatologic Medical Group Inc,Downey Dermatologic Medical Group Inc,"11480 Brookshire Ave, Ste 109",Downey,CA,90241,,,,,33.936155,-118.131167,clinical,CMS_CLIA,(562) 869-2478,05D0674974,Routine Chemistry,20250212,1356425888,TERRENCE GREESON,President,5628692478
CLIA_CA_00407,California Cancer Associates,California Cancer Associates,9850 Genesee Ave Ste 560,La Jolla,CA,92037,,,,,32.884871,-117.222559,clinical,CMS_CLIA,(800) 456-5860,05D0675449,Routine Chemistry,20160408,,,,
CLIA_CA_00408,Office Laboratory Associates,Office Laboratory Associates,"16133 Ventura Blvd, Ste 350",Encino,CA,91436,,,,,34.156532,-118.484358,clinical,CMS_CLIA,(818) 986-1446,05D0676091,Routine Chemistry,20250910,,,,
CLIA_CA_00409,College Hospital Costa Mesa,College Hospital Costa Mesa,301 Victoria St,Costa Mesa,CA,92627,,,,,33.652557,-117.912553,clinical,CMS_CLIA,(949) 574-3314,05D0676899,Routine Chemistry,20080528,,,,
CLIA_CA_00410,Genesis Healthcare Partners Pc,Genesis Healthcare Partners Pc,9850 Genesee Ave Suite 440,La Jolla,CA,92037,,,,,32.884871,-117.222559,clinical,CMS_CLIA,(858) 453-5944,05D0677357,Routine Chemistry,19940606,1699072074,EDWARD COHEN,CEO,8583549766
CLIA_CA_00411,"Hollenberg, Agrawal, Knoll, Warren, Hong,","Hollenberg, Agrawal, Knoll, Warren, Hong,",250 W Bonita Ave  Ste 200,Pomona,CA,91767,,,,,34.096745,-117.751837,clinical,CMS_CLIA,(909) 620-1935,05D0677550,Routine Chemistry,19960209,,,,
CLIA_CA_00412,Neil M Berkowitz Md,Neil M Berkowitz Md,10297 Scripps Trail,San Diego,CA,92131,,,,,32.912841,-117.079771,clinical,CMS_CLIA,(619) 586-0443,05D0677651,Routine Chemistry,19970925,,,,
CLIA_CA_00413,Scpmg Lancaster,Scpmg Lancaster,"43112 15th St W, South Building",Lancaster,CA,93534,,,,,34.66408,-118.156647,clinical,CMS_CLIA,(661) 726-2287,05D0677859,Routine Chemistry,20060727,,,,
CLIA_CA_00414,Scpmg Santa Clarita Medical Offices 2 Lab,Scpmg Santa Clarita Medical Offices 2 Lab,"26877 Tourney Rd, Ste 123",Santa Clarita,CA,91355,,,,,34.411833,-118.573745,clinical,CMS_CLIA,(818) 815-5034,05D0677860,Routine Chemistry,20000504,,,,
CLIA_CA_00415,Scpmg Panorama City Medical Offices 3,Scpmg Panorama City Medical Offices 3,13640 Roscoe Blvd,Panorama City,CA,91402,,,,,34.221602,-118.430434,clinical,CMS_CLIA,(818) 815-5034,05D0677861,Routine Chemistry,19951030,,,,
CLIA_CA_00416,Med Center Medical Clinic,Med Center Medical Clinic,6600 Madison Avenue Suite 7,Carmichael,CA,95608,,,,,38.663434,-121.31007,clinical,CMS_CLIA,(916) 965-1111,05D0678191,Routine Chemistry,20020306,1902237076,KENNY HEINE,VP OF OPERATIONS,8589641506
CLIA_CA_00417,Sant P Chawla Md Inc,Sant P Chawla Md Inc,"2811 Wilshire Blvd, Ste 414",Santa Monica,CA,90403,,,,,,,clinical,CMS_CLIA,(310) 552-9999,05D0678303,Routine Chemistry,20241126,,,,
CLIA_CA_00418,Michael B Mortazie Do Inc,Michael B Mortazie Do Inc,1506 E Chapman Ave,Orange,CA,92866,,,,,33.787765,-117.837742,clinical,CMS_CLIA,(714) 538-8556,05D0678585,Routine Chemistry,20250922,,,,
CLIA_CA_00419,Tpmg Dublin Laboratory,Tpmg Dublin Laboratory,3100 Dublin Blvd,Dublin,CA,94568,,,,,37.704386,-121.859908,clinical,CMS_CLIA,(925) 788-4697,05D0678656,Routine Chemistry,20081024,,,,
CLIA_CA_00420,"J Robert West, Md Inc","J Robert West, Md Inc","400 Newport Center Dr, Ste 702",Newport Beach,CA,92660,,,,,33.613977,-117.872891,clinical,CMS_CLIA,(949) 644-0101,05D0678950,Routine Chemistry,20241205,,,,
CLIA_CA_00421,"Howard Milstein Md, A Medical Corp","Howard Milstein Md, A Medical Corp",7334 Girard Ave Ste 201,La Jolla,CA,92037,,,,,32.838123,-117.271805,clinical,CMS_CLIA,(858) 454-8811,05D0679177,Routine Chemistry,20220902,,,,
CLIA_CA_00422,Scpmg Thousand Oaks Medical Offices,Scpmg Thousand Oaks Medical Offices,365 E Hillcrest Dr,Thousand Oaks,CA,91360,,,,,34.181274,-118.869046,clinical,CMS_CLIA,(805) 374-7427,05D0679531,Routine Chemistry,20130305,,,,
CLIA_CA_00423,Tpmg Antioch Laboratory,Tpmg Antioch Laboratory,3400 Delta Fair Boulevard,Antioch,CA,94509,,,,,38.003527,-121.841054,clinical,CMS_CLIA,(925) 779-5157,05D0679691,Routine Chemistry,20060207,,,,
CLIA_CA_00424,Masserman/Cork,Masserman/Cork,11160 Warner Ave Ste 219,Fountain Valley,CA,92708,,,,,33.716269,-117.933969,clinical,CMS_CLIA,(714) 556-0536,05D0679951,Routine Chemistry,19960116,,,,
CLIA_CA_00425,Doctors Urgent Care Medical Group,Doctors Urgent Care Medical Group,120 S Montebello Blvd,Montebello,CA,90640,,,,,34.009188,-118.108322,clinical,CMS_CLIA,(323) 726-0533,05D0680379,Routine Chemistry,20170131,1154508497,ALEXANDER YACOUB,Office Manager,3237209204
CLIA_CA_00426,Agoura West Valley Pediatric Medical Group,Agoura West Valley Pediatric Medical Group,29525 Canwood St Ste 214,Agoura Hills,CA,91301,,,,,34.147353,-118.767971,clinical,CMS_CLIA,(818) 706-1966,05D0680632,Routine Chemistry,20141023,,,,
CLIA_CA_00427,Tpmg - Davis Mob,Tpmg - Davis Mob,1955 Cowell Blvd,Davis,CA,95618,,,,,38.53996,-121.727806,clinical,CMS_CLIA,(916) 973-4380,05D0680927,Routine Chemistry,19991013,,,,
CLIA_CA_00428,Tpmg Inc Riverside Mob,Tpmg Inc Riverside Mob,1011 Riverside Ave,Roseville,CA,95678,,,,,38.729086,-121.290397,clinical,CMS_CLIA,(916) 784-4542,05D0680929,Routine Chemistry,19971211,,,,
CLIA_CA_00429,"Tpmg Inc, Rancho Cordova Mob Mohs","Tpmg Inc, Rancho Cordova Mob Mohs","10725 International, Dr Ste 208",Rancho Cordova,CA,95670,,,,,38.579696,-121.288851,clinical,CMS_CLIA,(916) 631-2142,05D0681019,Routine Chemistry,20250203,,,,
CLIA_CA_00430,Kindred Healthcare - Los Angeles,Kindred Healthcare - Los Angeles,5525 W Slauson Ave,Los Angeles,CA,90056,,,,,33.989039,-118.378441,clinical,CMS_CLIA,(310) 981-5900,05D0681141,Routine Chemistry,20170728,,,,
CLIA_CA_00431,Los Angeles Hematology Oncology Med,Los Angeles Hematology Oncology Med,1245 Wilshire Blvd Ste 303,Los Angeles,CA,90017,,,,,34.05341,-118.265633,clinical,CMS_CLIA,(213) 977-1214,05D0681290,Routine Chemistry,20240522,,,,
CLIA_CA_00432,Perlow Medical Corporation Dba Perlow Health &,Perlow Medical Corporation Dba Perlow Health &,18321 Ventura Blvd Ste 580,Tarzana,CA,91356,,,,,34.167063,-118.531601,clinical,CMS_CLIA,(818) 344-8822,05D0681357,Routine Chemistry,20160926,,,,
CLIA_CA_00433,Scpmg Montebello Medical Office,Scpmg Montebello Medical Office,1550 Town Center Drive,Montebello,CA,90640,,,,,34.035489,-118.091388,clinical,CMS_CLIA,(323) 724-7115,05D0681679,Routine Chemistry,19950710,,,,
CLIA_CA_00434,Kaiser Foundation Hospital,Kaiser Foundation Hospital,1011 Baldwin Park Blvd,Baldwin Park,CA,91706,,,,,34.063477,-117.985846,clinical,CMS_CLIA,(626) 851-7955,05D0681682,Routine Chemistry,20100929,,,,
CLIA_CA_00435,Scpmg San Dimas Mob Laboratory,Scpmg San Dimas Mob Laboratory,1255 West Arrow Highway,San Dimas,CA,91773,,,,,34.106785,-117.831901,clinical,CMS_CLIA,(626) 851-5141,05D0681683,Routine Chemistry,19950705,,,,
CLIA_CA_00436,Hrc Fertility - Pasadena,Hrc Fertility - Pasadena,"333 S Arroyo Pkwy, Ste 202",Pasadena,CA,91105,,,,,34.139852,-118.147462,clinical,CMS_CLIA,(626) 440-9161,05D0682666,Routine Chemistry,20241202,,,,
CLIA_CA_00437,Becker Pediatric Medical Corp,Becker Pediatric Medical Corp,24679 Monroe Ave Ste D 102/103,Murrieta,CA,92562,,,,,33.566842,-117.201982,clinical,CMS_CLIA,(951) 600-2681,05D0682802,Routine Chemistry,19960722,,,,
CLIA_CA_00438,Kaiser Foundation Hospital,Kaiser Foundation Hospital,3440 E La Palma,Anaheim,CA,92806,,,,,33.854083,-117.845364,clinical,CMS_CLIA,(714) 644-7574,05D0682862,Routine Chemistry,20220811,,,,
CLIA_CA_00439,Igo Medical Group,Igo Medical Group,9339 Genesee Ave Ste 220,San Diego,CA,92121,,,,,32.875594,-117.213971,clinical,CMS_CLIA,(858) 455-7520,05D0683043,Routine Chemistry,20160916,,,,
CLIA_CA_00440,West Dermatology - Los Alamitos,West Dermatology - Los Alamitos,4281 Katella Ave Ste 220,Los Alamitos,CA,90720,,,,,33.803197,-118.057972,clinical,CMS_CLIA,(562) 252-0173,05D0683593,Routine Chemistry,20231211,,,,
CLIA_CA_00441,George M Jayatilaka Md,George M Jayatilaka Md,1045 Atlantic Avenue 818,Long Beach,CA,90813,,,,,33.779803,-118.185096,clinical,CMS_CLIA,(310) 436-8117,05D0683982,Routine Chemistry,19990322,,,,
CLIA_CA_00442,Salma Simjee Md Inc,Salma Simjee Md Inc,"1290 E Spruce Ave, Ste 101",Fresno,CA,93720,,,,,36.841453,-119.758804,clinical,CMS_CLIA,(559) 435-2010,05D0684111,Routine Chemistry,20250710,,,,
CLIA_CA_00443,Miremadi Dermatology Med Corp,Miremadi Dermatology Med Corp,7702  Ivanhoe Avenue,La Jolla,CA,92037,,,,,32.844193,-117.271182,clinical,CMS_CLIA,(858) 456-1840,05D0684137,Routine Chemistry,20240819,,,,
CLIA_CA_00444,J Robert West Md Inc Dba Oc Dermatology,J Robert West Md Inc Dba Oc Dermatology,"30201 Golden Lantern, Ste B",Laguna Niguel,CA,92677,,,,,33.52471,-117.685625,clinical,CMS_CLIA,(949) 363-1788,05D0684207,Routine Chemistry,20240521,,,,
CLIA_CA_00445,"Kay Dermatology, Inc","Kay Dermatology, Inc",1411 N Hollywood Way,Burbank,CA,91505,,,,,34.175546,-118.349376,clinical,CMS_CLIA,(818) 238-2350,05D0684217,Routine Chemistry,20241209,,,,
CLIA_CA_00446,"Hal M. Weitzbuch, M.D., Medical Corporation","Hal M. Weitzbuch, M.D., Medical Corporation","23501 Park Sorrento, Ste 216",Calabasas,CA,91302,,,,,34.155978,-118.640198,clinical,CMS_CLIA,(818) 222-7495,05D0684253,Routine Chemistry,20250206,,,,
CLIA_CA_00447,Gerald N Bock Md,Gerald N Bock Md,"1617 St Marks Plz, Ste C",Stockton,CA,95207,,,,,37.988784,-121.326358,clinical,CMS_CLIA,(209) 956-4260,05D0684312,Routine Chemistry,20241009,,,,
CLIA_CA_00448,Beach Allergy And Asthma,Beach Allergy And Asthma,"3816 Woodruff Ave, Ste 209",Long Beach,CA,90808,,,,,33.828385,-118.116495,clinical,CMS_CLIA,(562) 496-4749,05D0684450,Routine Chemistry,19960403,,,,
CLIA_CA_00449,Csi Medical Group,Csi Medical Group,9781 Blue Larkspar Ln,Monterey,CA,93940,,,,,36.571836,-121.804849,clinical,CMS_CLIA,(831) 333-9008,05D0684682,Routine Chemistry,20241122,1871909804,ERIC SCHWEIGER,Owner,2122833000
CLIA_CA_00450,Sorin Eremia Md Inc,Sorin Eremia Md Inc,"3838 Sherman Dr, Ste 201",Riverside,CA,92503,,,,,33.92679,-117.436872,clinical,CMS_CLIA,(951) 275-0988,05D0685074,Routine Chemistry,20250716,,,,
CLIA_CA_00451,Urology Associates Of The Central Coast,Urology Associates Of The Central Coast,35 Casa St Ste 370,San Luis Obispo,CA,93405,,,,,35.293792,-120.665564,clinical,CMS_CLIA,(805) 786-2500,05D0685228,Routine Chemistry,20190430,1194101899,TOM SPERLING,Administrator,8057862500
CLIA_CA_00452,Solano Dermatology Associates,Solano Dermatology Associates,2290 Sacramento St,Vallejo,CA,94590,,,,,38.122548,-122.262535,clinical,CMS_CLIA,(707) 643-5785,05D0685517,Routine Chemistry,20251015,1639491103,JOHN GEISSE,Owner,7076435785
CLIA_CA_00453,Anza Dermatology Laboratory,Anza Dermatology Laboratory,"901 S State St,  Ste 100",Hemet,CA,92543,,,,,33.732982,-116.971639,clinical,CMS_CLIA,(951) 658-9461,05D0685650,Routine Chemistry,20250911,,,,
CLIA_CA_00454,Coronado Dermatology,Coronado Dermatology,230 Prospect Pl Ste 260,Coronado,CA,92118,,,,,32.694531,-117.167879,clinical,CMS_CLIA,(619) 437-1146,05D0685796,Routine Chemistry,20230418,,,,
CLIA_CA_00455,John F Shega,John F Shega,2710 Health Center Dr,San Diego,CA,92123,,,,,32.792783,-117.156739,clinical,CMS_CLIA,(858) 292-7525,05D0685820,Routine Chemistry,20220714,,,,
CLIA_CA_00456,William J Wickwire Md Inc,William J Wickwire Md Inc,"500 Pacific Coast Hwy, Ste 212",Seal Beach,CA,90740,,,,,33.747324,-118.105511,clinical,CMS_CLIA,(562) 431-8554,05D0685858,Routine Chemistry,20240711,,,,
CLIA_CA_00457,Valley Oak Pediatric Associates,Valley Oak Pediatric Associates,4120 Prescott Rd,Modesto,CA,95356,,,,,37.697674,-121.031608,clinical,CMS_CLIA,(209) 544-7300,05D0686317,Routine Chemistry,19960716,1407843345,SARAH KOCH,President,2095447300
CLIA_CA_00458,Palo Alto Dermatology Institute,Palo Alto Dermatology Institute,301 High St,Palo Alto,CA,94301,,,,,37.445655,-122.165786,clinical,CMS_CLIA,(650) 969-5600,05D0686334,Routine Chemistry,20230328,1447080890,GREG MORGANROTH,President,6505464929
CLIA_CA_00459,"William J Wickwire, Md Inc Apc","William J Wickwire, Md Inc Apc",16899 Algonquin St Ste A,Huntington Beach,CA,92649,,,,,33.717011,-118.050157,clinical,CMS_CLIA,(714) 840-2247,05D0686346,Routine Chemistry,20170119,,,,
CLIA_CA_00460,Greenbrae Dermatology Amc,Greenbrae Dermatology Amc,"501 Sir Francis Drake Blvd, Ste 200",Greenbrae,CA,94904,,,,,,,clinical,CMS_CLIA,(415) 925-0550,05D0686425,Routine Chemistry,20250220,,,,
CLIA_CA_00461,Csi Medical Group,Csi Medical Group,"1360 W 6th St, Ste 370",San Pedro,CA,90732,,,,,33.738865,-118.306726,clinical,CMS_CLIA,(310) 519-8890,05D0686492,Routine Chemistry,20260306,1871909804,ERIC SCHWEIGER,Owner,2122833000
CLIA_CA_00462,Olympic Medical Group,Olympic Medical Group,2428 West Whittier Boulevard,Montebello,CA,90640,,,,,34.014366,-118.128039,clinical,CMS_CLIA,(323) 722-5550,05D0686636,Routine Chemistry,20040203,,,,
CLIA_CA_00463,Women'S Care Of Beverly Hills,Women'S Care Of Beverly Hills,8920 Wilshire Blvd Ste 511,Beverly Hills,CA,90211,,,,,34.066981,-118.386428,clinical,CMS_CLIA,(310) 657-1600,05D0686644,Routine Chemistry,20151203,,,,
CLIA_CA_00464,Huntington Dermatology Medical Group,Huntington Dermatology Medical Group,"800 S Fairmount Ave, Ste 425",Pasadena,CA,91105,,,,,34.132417,-118.151713,clinical,CMS_CLIA,(626) 449-9992,05D0686672,Routine Chemistry,20230420,,,,
CLIA_CA_00465,Robert J Marx Md,Robert J Marx Md,14911 National Ave Suite 7,Los Gatos,CA,95032,,,,,37.251645,-121.951521,clinical,CMS_CLIA,(408) 358-3511,05D0686959,Routine Chemistry,19950920,,,,
CLIA_CA_00466,Armand Newman Md,Armand Newman Md,9150 Wilshire Blvd Ste 100,Beverly Hills,CA,90212,,,,,34.066999,-118.391148,clinical,CMS_CLIA,(310) 273-4454,05D0686978,Routine Chemistry,20220526,,,,
CLIA_CA_00467,Csi Medical Group P C Castro Valley,Csi Medical Group P C Castro Valley,"20400 Lake Chabot Rd, Ste 202",Castro Valley,CA,94546,,,,,37.700419,-122.087741,clinical,CMS_CLIA,(510) 881-7822,05D0687025,Routine Chemistry,20251120,,,,
CLIA_CA_00468,Csi Medical Group,Csi Medical Group,"25815 Barton Rd, Ste 101",Loma Linda,CA,92354,,,,,34.04834,-117.241605,clinical,CMS_CLIA,(909) 796-0224,05D0687031,Routine Chemistry,20260303,1871909804,ERIC SCHWEIGER,Owner,2122833000
CLIA_CA_00469,"Helen S Manber, Md","Helen S Manber, Md",3838 California St Ste 308,San Francisco,CA,94118,,,,,37.785934,-122.457633,clinical,CMS_CLIA,(415) 668-4100,05D0687041,Routine Chemistry,20260107,,,,
CLIA_CA_00470,Csi Medical Group,Csi Medical Group,"11100 Warner Ave, Ste 264",Fountain Valley,CA,92708,,,,,33.716257,-117.935153,clinical,CMS_CLIA,(714) 549-1170,05D0687162,Routine Chemistry,20251007,1871909804,ERIC SCHWEIGER,Owner,2122833000
CLIA_CA_00471,"Margaret Shannon Md, Inc","Margaret Shannon Md, Inc","400 Newport Center Dr,  #501",Newport Beach,CA,92660,,,,,33.613977,-117.872891,clinical,CMS_CLIA,(949) 646-2311,05D0687205,Routine Chemistry,20250321,,,,
CLIA_CA_00472,Kim Frederickson Md,Kim Frederickson Md,867 Diablo Ave,Novato,CA,94947,,,,,38.102275,-122.573998,clinical,CMS_CLIA,(415) 892-0754,05D0687240,Routine Chemistry,20250507,,,,
CLIA_CA_00473,Romie Lane Pediatric Group Inc,Romie Lane Pediatric Group Inc,610 E Romie Lane Ste 2,Salinas,CA,93901,,,,,36.659499,-121.644455,clinical,CMS_CLIA,(831) 422-9001,05D0687412,Routine Chemistry,19960709,,,,
CLIA_CA_00474,"Rishu Gupta Md, Inc","Rishu Gupta Md, Inc","15525 Pomerado Rd, Ste D-2",Poway,CA,92064,,,,,32.994883,-117.057893,clinical,CMS_CLIA,(858) 675-8001,05D0687440,Routine Chemistry,20250121,,,,
CLIA_CA_00475,Dr William C Chow,Dr William C Chow,3120 Webster Street Suite 2,Oakland,CA,94609,,,,,37.819966,-122.263077,clinical,CMS_CLIA,(510) 798-8666,05D0687541,Routine Chemistry,20230403,,,,
CLIA_CA_00476,Nasseri Md Laboratory,Nasseri Md Laboratory,435 North Bedford Drive Suite 308,Beverly Hills,CA,90210,,,,,34.068286,-118.405508,clinical,CMS_CLIA,(310) 289-8200,05D0687699,Routine Chemistry,19950323,,,,
CLIA_CA_00477,Indianer Lask Rosenzweig Mds-Derm Grp,Indianer Lask Rosenzweig Mds-Derm Grp,"16260 Ventura Blvd, Ste 530",Encino,CA,91436,,,,,34.156816,-118.487314,clinical,CMS_CLIA,(818) 788-4022,05D0687880,Routine Chemistry,20241206,,,,
CLIA_CA_00478,Pacific Dermatology Specialists,Pacific Dermatology Specialists,"2720 N Harbor Blvd, Suite 300",Fullerton,CA,92835,,,,,33.901177,-117.929079,clinical,CMS_CLIA,(657) 632-0123,05D0687987,Routine Chemistry,20240515,,,,
CLIA_CA_00479,Richard Chu Md,Richard Chu Md,"933 S Sunset Ave, Ste 301",West Covina,CA,91790,,,,,34.061689,-117.945865,clinical,CMS_CLIA,(626) 960-5464,05D0688200,Routine Chemistry,20240124,,,,
CLIA_CA_00480,Advanced Dermatology And Cosmetic,Advanced Dermatology And Cosmetic,28212 Kelly Johnson Pkwy Ste 245,Valencia,CA,91355,,,,,34.448272,-118.579432,clinical,CMS_CLIA,(661) 254-3686,05D0688237,Routine Chemistry,20251216,,,,
CLIA_CA_00481,Chien S Yu Md,Chien S Yu Md,320 Superior Ave Suite 220,Newport Beach,CA,92663,,,,,33.626213,-117.933362,clinical,CMS_CLIA,(714) 548-7777,05D0688244,Routine Chemistry,19950417,,,,
CLIA_CA_00482,J Robert West Md Inc,J Robert West Md Inc,"72785 Frank Sinatra Dr, Ste 101",Rancho Mirage,CA,92270,,,,,33.77251,-116.391149,clinical,CMS_CLIA,(760) 969-5900,05D0688464,Routine Chemistry,20250403,,,,
CLIA_CA_00483,"Epstein & Tuffanelli, Mds","Epstein & Tuffanelli, Mds",450 Sutter St #1306,San Francisco,CA,94108,,,,,37.789382,-122.407803,clinical,CMS_CLIA,(415) 781-4083,05D0688609,Routine Chemistry,19990810,,,,
CLIA_CA_00484,Samireh Z Said Md,Samireh Z Said Md,"13422 Newport Ave, Ste J",Tustin,CA,92780,,,,,33.744661,-117.815413,clinical,CMS_CLIA,(714) 669-0844,05D0688627,Routine Chemistry,20240813,,,,
CLIA_CA_00485,"Tony N  Nakhla, Do Inc","Tony N  Nakhla, Do Inc",800 N Tustin Ave Ste G,Santa Ana,CA,92705,,,,,33.751978,-117.834267,clinical,CMS_CLIA,(714) 547-6111,05D0688745,Routine Chemistry,20240812,,,,
CLIA_CA_00486,"Biomat Usa, Inc.","Biomat Usa, Inc.",17641 Vanowen St,Van Nuys,CA,91406,,,,,34.193929,-118.517883,clinical,CMS_CLIA,(818) 344-0204,05D0688761,Routine Chemistry,20130709,,,,
CLIA_CA_00487,"Advanced Dermatology, Thomas J Hoffmann, Md","Advanced Dermatology, Thomas J Hoffmann, Md",18145 U S Hwy 18 Ste A,Apple Valley,CA,92307,,,,,,,clinical,CMS_CLIA,(760) 242-7546,05D0688866,Routine Chemistry,20240403,,,,
CLIA_CA_00488,Minarets Medical Group Inc,Minarets Medical Group Inc,1340 W Herndon Ave Ste 101,Fresno,CA,93711,,,,,36.837399,-119.815141,clinical,CMS_CLIA,(559) 438-6577,05D0688923,Routine Chemistry,20250710,,,,
CLIA_CA_00489,Csi Medical Group - Redwood City,Csi Medical Group - Redwood City,3060 Broadway St,Redwood City,CA,94062,,,,,37.486008,-122.240115,clinical,CMS_CLIA,(650) 361-1177,05D0688925,Routine Chemistry,20120316,,,,
CLIA_CA_00490,Center For Women'S Health,Center For Women'S Health,2262 N State College Blvd,Fullerton,CA,92831,,,,,33.896976,-117.891655,clinical,CMS_CLIA,(714) 990-2900,05D0689058,Routine Chemistry,19941130,1124202593,NICHOLAS THANOS,PARTNER,7149902900
CLIA_CA_00491,"Richard G Bennett, Md","Richard G Bennett, Md","1301 20th St, Ste 570",Santa Monica,CA,90404,,,,,34.030028,-118.481448,clinical,CMS_CLIA,(310) 315-0171,05D0689131,Routine Chemistry,20230814,,,,
CLIA_CA_00492,Barbara L Korthamar,Barbara L Korthamar,1280 Scott Blvd,Santa Clara,CA,95050,,,,,37.348915,-121.959389,clinical,CMS_CLIA,(408) 248-2035,05D0689164,Routine Chemistry,19961009,,,,
CLIA_CA_00493,Healthy Foundations Medical Group,Healthy Foundations Medical Group,1045 Atlantic Ave 715,Long Beach,CA,90813,,,,,33.779803,-118.185096,clinical,CMS_CLIA,(562) 983-5496,05D0689271,Routine Chemistry,19951228,1235552886,EJIKE ONYEADOR,Medical Director / Owner,3102230684
CLIA_CA_00494,Mary Lee Amerian Md,Mary Lee Amerian Md,"2336 Santa Monica Blvd, Ste 209",Santa Monica,CA,90404,,,,,34.030125,-118.478129,clinical,CMS_CLIA,(310) 829-9396,05D0689585,Routine Chemistry,20241015,,,,
CLIA_CA_00495,Tpmg Inc San Francisco French Laboratory,Tpmg Inc San Francisco French Laboratory,4131 Geary Blvd,San Francisco,CA,94118,,,,,37.780936,-122.463555,clinical,CMS_CLIA,(415) 833-4054,05D0689950,Routine Chemistry,19951005,,,,
CLIA_CA_00496,Stockton Hematology Oncology Med Group,Stockton Hematology Oncology Med Group,2626 North California Street Suite B,Stockton,CA,95204,,,,,37.976976,-121.291569,clinical,CMS_CLIA,(209) 466-2626,05D0690058,Routine Chemistry,19960807,,,,
CLIA_CA_00497,Dermatology Associates Of Westlake,Dermatology Associates Of Westlake,1240 S Westlake Blvd  #205,Westlake Village,CA,91361,,,,,34.149733,-118.836598,clinical,CMS_CLIA,(805) 495-0551,05D0690800,Routine Chemistry,20230418,1265401251,RANDOLPH CAPRI,Partner,8054950551
CLIA_CA_00498,Angeline Y Ituriaga Md,Angeline Y Ituriaga Md,515 S Beach Ste I,Anaheim,CA,92804,,,,,33.825919,-117.993493,clinical,CMS_CLIA,(714) 952-4147,05D0691068,Routine Chemistry,19960306,,,,
CLIA_CA_00499,Sf Bay Pediatrics,Sf Bay Pediatrics,525 Spruce Street Suite 3,San Francisco,CA,94118,,,,,37.785745,-122.453558,clinical,CMS_CLIA,(415) 668-8900,05D0691169,Routine Chemistry,19940420,1588878144,SHIRLEY POTTER,Billing Supervisor,4152133726
CLIA_CA_00500,Golden Gate Pediatrics - A Medical Corporation,Golden Gate Pediatrics - A Medical Corporation,"1 Daniel Burnham Ct, Ste 330C",San Francisco,CA,94109,,,,,37.786817,-122.423223,clinical,CMS_CLIA,(415) 668-0888,05D0691170,Routine Chemistry,20000322,,,,
CLIA_CA_00501,Keven Tagdiri Md,Keven Tagdiri Md,"4401 Manchester Ave, Ste 103",Encinitas,CA,92024,,,,,33.034818,-117.239616,clinical,CMS_CLIA,(858) 756-3021,05D0691284,Routine Chemistry,19960618,,,,
CLIA_CA_00502,Golden State Dermatology,Golden State Dermatology,2255 Ygnacio Valley Rd Ste B1,Walnut Creek,CA,94598,,,,,,,clinical,CMS_CLIA,(925) 945-7005,05D0691462,Routine Chemistry,20190906,,,,
CLIA_CA_00503,"Redding Family Medical Group, Inc","Redding Family Medical Group, Inc",2510 Airpark Dr Ste 201,Redding,CA,96001,,,,,40.572788,-122.405182,clinical,CMS_CLIA,(530) 244-4034,05D0691563,Routine Chemistry,20150714,,,,
CLIA_CA_00504,Richard A Malotky Md,Richard A Malotky Md,1800 Buenaventura Blvd Ste 200,Redding,CA,96001,,,,,40.583416,-122.426801,clinical,CMS_CLIA,(530) 244-7707,05D0691678,Routine Chemistry,19960125,,,,
CLIA_CA_00505,Dermatology Associates Of The Bay Area,Dermatology Associates Of The Bay Area,165 Lynch Creek Way,Petaluma,CA,94954,,,,,38.25186,-122.634443,clinical,CMS_CLIA,(707) 762-5531,05D0691718,Routine Chemistry,20250508,,,,
CLIA_CA_00506,Warren Dotz Md,Warren Dotz Md,2999 Regent St Ste 300,Berkeley,CA,94705,,,,,37.855707,-122.256591,clinical,CMS_CLIA,(510) 540-5010,05D0691871,Routine Chemistry,20250930,,,,
CLIA_CA_00507,Drs Pitzen & Andersen,Drs Pitzen & Andersen,555 Petaluma Ave Suite A,Sebastopol,CA,95472,,,,,38.397669,-122.820694,clinical,CMS_CLIA,(707) 823-3210,05D0692031,Routine Chemistry,19991220,,,,
CLIA_CA_00508,Pediatric Medical Associates,Pediatric Medical Associates,"650 Howe Ave,  Ste 100",Sacramento,CA,95825,,,,,38.576815,-121.415264,clinical,CMS_CLIA,(916) 983-8696,05D0692121,Routine Chemistry,19960819,,,,
CLIA_CA_00509,International Medical Laboratory,International Medical Laboratory,15 Corporate Park,Irvine,CA,92606,,,,,33.689543,-117.827322,clinical,CMS_CLIA,(714) 972-2222,05D0692370,Routine Chemistry,20250131,1346467354,LEMIR KAZEM HARFOUCHE,Managing Member,7149722222
CLIA_CA_00510,"Stuart H Kaplan Md, A Professional Corporation","Stuart H Kaplan Md, A Professional Corporation","435 N Roxbury Dr, Ste 210",Beverly Hills,CA,90210,,,,,34.067567,-118.406509,clinical,CMS_CLIA,(310) 858-7880,05D0692507,Routine Chemistry,20241113,,,,
CLIA_CA_00511,Annu G Sharma,Annu G Sharma,15785 Laguna Canyon Rd Ste 215,Irvine,CA,92618,,,,,33.664637,-117.762507,clinical,CMS_CLIA,(949) 753-0901,05D0692624,Routine Chemistry,19950824,,,,
CLIA_CA_00512,Coalinga Regional Medical Center Laboratory,Coalinga Regional Medical Center Laboratory,1191 Phelps Ave,Coalinga,CA,93210,,,,,36.151532,-120.339898,clinical,CMS_CLIA,(559) 821-6100,05D0692722,Routine Chemistry,20221004,,,,
CLIA_CA_00513,Southwest Healthcare System Clinical Laboratory,Southwest Healthcare System Clinical Laboratory,25520 Medical Center Dr,Murrieta,CA,92562,,,,,33.557865,-117.184502,clinical,CMS_CLIA,(951) 696-6000,05D0692972,Routine Chemistry,19940629,,,,
CLIA_CA_00514,Ter-Zakarian Medical Clinic,Ter-Zakarian Medical Clinic,5250 Santa Monica Blvd Ste 310,Los Angeles,CA,90029,,,,,34.090741,-118.304753,clinical,CMS_CLIA,(323) 663-9831,05D0693081,Routine Chemistry,20200213,,,,
CLIA_CA_00515,Permanente Medical Group Inc,Permanente Medical Group Inc,905 Maple St,Redwood City,CA,94063,,,,,,,clinical,CMS_CLIA,(650) 299-2205,05D0694014,Routine Chemistry,19990907,1639252604,PATRICIA WEST,Chief Financial Officer,5102957207
CLIA_CA_00516,Harbor Pediatric Medical Group Apc,Harbor Pediatric Medical Group Apc,601 Dover Dr Ste 7,Newport Beach,CA,92663,,,,,33.61902,-117.907544,clinical,CMS_CLIA,(714) 645-4670,05D0694044,Routine Chemistry,19950222,,,,
CLIA_CA_00517,Thomas A Van Meter Md,Thomas A Van Meter Md,"334 S Patterson Ave, Ste 105",Santa Barbara,CA,93111,,,,,34.433602,-119.809208,clinical,CMS_CLIA,(805) 964-1514,05D0694182,Routine Chemistry,20260311,,,,
CLIA_CA_00518,Thomas A Van Meter Md,Thomas A Van Meter Md,1111 E Ocean Ave 10,Lompoc,CA,93436,,,,,34.638962,-120.445064,clinical,CMS_CLIA,(805) 736-2512,05D0694183,Routine Chemistry,19950616,,,,
CLIA_CA_00519,Salinas Pathology Services Medical Grp Inc,Salinas Pathology Services Medical Grp Inc,450 E Romie Ln,Salinas,CA,93901,,,,,36.660134,-121.647162,clinical,CMS_CLIA,(831) 758-1223,05D0694261,Routine Chemistry,20230814,,,,
CLIA_CA_00520,"William J Wickwire, Md Inc","William J Wickwire, Md Inc","520 N Prospect Ave, Ste 302",Redondo Beach,CA,90277,,,,,33.852054,-118.378923,clinical,CMS_CLIA,(310) 798-1515,05D0694537,Routine Chemistry,20241031,,,,
CLIA_CA_00521,San Diego Fertility Center,San Diego Fertility Center,11425 El Camino Real,San Diego,CA,92130,,,,,32.926661,-117.237619,clinical,CMS_CLIA,(858) 794-6363,05D0694844,Routine Chemistry,20080822,,,,
CLIA_CA_00522,"Bh Dermatology Management, Inc.","Bh Dermatology Management, Inc.",433 N Camden Dr Ste 805,Beverly Hills,CA,90210,,,,,34.068936,-118.404491,clinical,CMS_CLIA,(310) 550-7661,05D0695168,Routine Chemistry,20251215,,,,
CLIA_CA_00523,Drs Kornreich And Banooni,Drs Kornreich And Banooni,150 N Robertson Blvd 200,Beverly Hills,CA,90211,,,,,34.068431,-118.383642,clinical,CMS_CLIA,(310) 652-9347,05D0695488,Routine Chemistry,20020220,,,,
CLIA_CA_00524,Csi Medical Group - Santa Rosa,Csi Medical Group - Santa Rosa,"3562 Round Barn Circle, Ste 320",Santa Rosa,CA,95403,,,,,38.479818,-122.730435,clinical,CMS_CLIA,(707) 578-1900,05D0696402,Routine Chemistry,20230328,,,,
CLIA_CA_00525,Tpmg Inc San Francisco 450 Medical Office Lab,Tpmg Inc San Francisco 450 Medical Office Lab,450 6th Ave,San Francisco,CA,94118,,,,,37.779216,-122.464079,clinical,CMS_CLIA,(415) 833-3239,05D0696491,Routine Chemistry,19981120,,,,
CLIA_CA_00526,Fertility Medical Center,Fertility Medical Center,"3535 San Dimas St, Ste 20",Bakersfield,CA,93301,,,,,35.391745,-119.008271,clinical,CMS_CLIA,(805) 323-3266,05D0696786,Routine Chemistry,20170714,,,,
CLIA_CA_00527,"J Robert West Md, Inc","J Robert West Md, Inc","24541 Pacific Park Dr, Ste 103",Aliso Viejo,CA,92656,,,,,33.572165,-117.701868,clinical,CMS_CLIA,(949) 831-3057,05D0696954,Routine Chemistry,20250917,,,,
CLIA_CA_00528,Tu-Hi Hong Md,Tu-Hi Hong Md,1924 S Court St,Visalia,CA,93277,,,,,36.31358,-119.291943,clinical,CMS_CLIA,(209) 627-0227,05D0697065,Routine Chemistry,19970929,,,,
CLIA_CA_00529,Kaiser Foundation Hospital,Kaiser Foundation Hospital,9333 East Imperial Highway,Downey,CA,90242,,,,,33.917109,-118.129102,clinical,CMS_CLIA,(562) 657-8852,05D0697191,Routine Chemistry,20140908,1396893111,RHONDA POLCHAK,"VP Pharmacy Operations & Svcs, SCAL",5626583510
CLIA_CA_00530,"Prestige Care Physician, Inc","Prestige Care Physician, Inc","23600 Telo Avenue, Suite 145",Torrance,CA,90505,,,,,33.812415,-118.33812,clinical,CMS_CLIA,(310) 325-8514,05D0697349,Routine Chemistry,20040917,1215255583,LALAINE CHIN,Manager,3103253084
CLIA_CA_00531,Beaver Medical Group Pc,Beaver Medical Group Pc,1700 N Waterman Ave,San Bernardino,CA,92404,,,,,34.13015,-117.278854,clinical,CMS_CLIA,(909) 786-0844,05D0697649,Routine Chemistry,20151218,1205013323,CHARLES CHEN,Chief Medical Officer,9097933311
CLIA_CA_00532,"Carolyn Comilang, Md","Carolyn Comilang, Md","1170 West Olive, Suite I",Merced,CA,95348,,,,,37.319132,-120.489347,clinical,CMS_CLIA,(209) 722-2784,05D0698259,Routine Chemistry,19941115,,,,
CLIA_CA_00533,Michael P Milligan Md,Michael P Milligan Md,35200 Bob Hope Dr,Rancho Mirage,CA,92270,,,,,33.79171,-116.405895,clinical,CMS_CLIA,(760) 328-8884,05D0698382,Routine Chemistry,20241220,,,,
CLIA_CA_00534,Bruce Blackhart Md,Bruce Blackhart Md,"1425 West H St, Suite 200",Oakdale,CA,95361,,,,,37.758133,-120.861693,clinical,CMS_CLIA,(209) 848-1005,05D0698619,Routine Chemistry,19950906,,,,
CLIA_CA_00535,Los Angeles Hematology Oncology Medical Group,Los Angeles Hematology Oncology Medical Group,"15211 Vanowen St, Ste 300",Van Nuys,CA,91405,,,,,34.193977,-118.464282,clinical,CMS_CLIA,(818) 782-4104,05D0698731,Routine Chemistry,20241203,,,,
CLIA_CA_00536,Alhambra Hospital Medical Center,Alhambra Hospital Medical Center,100 S Raymond Ave,Alhambra,CA,91801,,,,,34.090246,-118.144919,clinical,CMS_CLIA,(626) 458-4750,05D0698972,Routine Chemistry,20100106,,,,
CLIA_CA_00537,Edinger Medical Group Inc,Edinger Medical Group Inc,20981 Magnolia St,Huntington Beach,CA,92646,,,,,33.658084,-117.971183,clinical,CMS_CLIA,(714) 965-2573,05D0699178,Routine Chemistry,19960826,,,,
CLIA_CA_00538,Open Healthcare Us,Open Healthcare Us,1487 W 178th St Ste 100,Gardena,CA,90248,,,,,33.869281,-118.302105,clinical,CMS_CLIA,(562) 945-1220,05D0699248,Routine Chemistry,20240709,1326060328,MINA LEE,Authorized Official,4243187923
CLIA_CA_00539,Good Samaritan Hospital,Good Samaritan Hospital,2425 Samaritan Dr,San Jose,CA,95124,,,,,37.251167,-121.945464,clinical,CMS_CLIA,(408) 559-2285,05D0699359,Routine Chemistry,20111206,1710041694,PAUL BEAUPRE,CMO.,4085592358
CLIA_CA_00540,Danner Laboratory,Danner Laboratory,"5230 Carroll Canyon Rd, Ste 114",San Diego,CA,92121,,,,,32.89124,-117.194356,clinical,CMS_CLIA,(858) 552-1508,05D0699525,Routine Chemistry,20240924,,,,
CLIA_CA_00541,Carbon Health Medical Group Of California Pc,Carbon Health Medical Group Of California Pc,5830 Obama Blvd Ste 110,Los Angeles,CA,90016,,,,,34.021665,-118.37287,clinical,CMS_CLIA,(310) 963-2815,05D0699865,Routine Chemistry,20221019,1275315905,MARLEY PAGE,Director,4178619739
CLIA_CA_00542,Century Medical Group,Century Medical Group,"15243 Vanowen St, Ste 101",Van Nuys,CA,91405,,,,,34.193977,-118.46495,clinical,CMS_CLIA,(818) 785-0300,05D0699902,Routine Chemistry,20250523,1518081652,DENISE PHAN,PRESIDENT,8187802106
CLIA_CA_00543,"Unilab Corporation, Dba Quest Diagnostics","Unilab Corporation, Dba Quest Diagnostics","2291 W March Ln, Ste 145F",Stockton,CA,95207,,,,,37.985741,-121.335072,clinical,CMS_CLIA,(209) 951-5833,05D0700053,Routine Chemistry,20260206,,,,
CLIA_CA_00544,Interscope Pathology Medical Group,Interscope Pathology Medical Group,30700 Russell Ranch Rd Suite 250 Room 235,Westlake Village,CA,91362,,,,,34.151378,-118.794357,clinical,CMS_CLIA,(818) 992-7848,05D0700248,Routine Chemistry,20211013,1386807246,BRYAN LIN,Medical Director,8189927848
CLIA_CA_00545,"Matthew C Blundell, Md","Matthew C Blundell, Md",1771 Northcrest Drive,Crescent City,CA,95531,,,,,41.777874,-124.199096,clinical,CMS_CLIA,(707) 465-8666,05D0700276,Routine Chemistry,19980624,,,,
CLIA_CA_00546,Riverside Community Hospital,Riverside Community Hospital,"4445 Magnolia Ave, R3",Riverside,CA,92501,,,,,33.976231,-117.378386,clinical,CMS_CLIA,(951) 788-3396,05D0700348,Routine Chemistry,20190606,1972993624,JOHN HEYDT,Chief Executive Officer,7144562986
CLIA_CA_00547,Coast Plaza Hospital,Coast Plaza Hospital,13100 Studebaker Rd,Norwalk,CA,90650,,,,,33.91291,-118.099093,clinical,CMS_CLIA,(560) 868-3751,05D0700506,Routine Chemistry,20100518,1669429221,CRAIG GARNER,CEO,5628683751
CLIA_CA_00548,Golden State Dermatology Associates Inc,Golden State Dermatology Associates Inc,1324 Nelson Ave Ste B,Modesto,CA,95350,,,,,37.662275,-120.988112,clinical,CMS_CLIA,(209) 524-9481,05D0701455,Routine Chemistry,20220622,,,,
CLIA_CA_00549,Lamont W Hornbeck Md,Lamont W Hornbeck Md,729 Sunrise Ave Ste 700,Roseville,CA,95661,,,,,38.734108,-121.271961,clinical,CMS_CLIA,(916) 782-3721,05D0701478,Routine Chemistry,20250418,,,,
CLIA_CA_00550,Syrus Rayhan Md Inc,Syrus Rayhan Md Inc,"17822 Beach Blvd, Ste 136",Huntington Beach,CA,92647,,,,,33.703404,-117.989,clinical,CMS_CLIA,(714) 847-1277,05D0701505,Routine Chemistry,20241213,1588838445,SYRUS RAYHAN,OWNER,7148471277
CLIA_CA_00551,"Douglas Tyler, Md A Prof Med Corporation","Douglas Tyler, Md A Prof Med Corporation","2811 Wilshire Blvd, Suite 800",Santa Monica,CA,90403,,,,,,,clinical,CMS_CLIA,(310) 828-0733,05D0701542,Routine Chemistry,19981201,,,,
CLIA_CA_00552,Centinela Hospital Medical Center,Centinela Hospital Medical Center,555 East Hardy Street,Inglewood,CA,90301,,,,,33.94915,-118.348183,clinical,CMS_CLIA,(310) 680-8034,05D0701629,Routine Chemistry,20080507,1104005990,TROY SCHELL,Secretary / General Counsel,9092354311
CLIA_CA_00553,John A Kasch Md Inc,John A Kasch Md Inc,3011 O St,Sacramento,CA,95816,,,,,38.567595,-121.468727,clinical,CMS_CLIA,(916) 446-5053,05D0701656,Routine Chemistry,20240925,,,,
CLIA_CA_00554,"Daniel J Cosgrove, Md, Inc","Daniel J Cosgrove, Md, Inc","16311 Ventura Blvd, Ste 800",Encino,CA,91436,,,,,34.15706,-118.488249,clinical,CMS_CLIA,(818) 906-0635,05D0701941,Routine Chemistry,20240924,,,,
CLIA_CA_00555,East Los Angeles Doctors Hospital -,East Los Angeles Doctors Hospital -,4060 Whittier Blvd,Los Angeles,CA,90023,,,,,34.023864,-118.184294,clinical,CMS_CLIA,(323) 268-5514,05D0702191,Routine Chemistry,20100916,,,,
CLIA_CA_00556,Unilab Corporation,Unilab Corporation,"6985 Arlington Ave,  Ste A",Riverside,CA,92503,,,,,33.945907,-117.446977,clinical,CMS_CLIA,(951) 556-2585,05D0702479,Routine Chemistry,20220420,1013061464,CHARLES BOWLES,Vice President,6104544122
CLIA_CA_00557,Scpmg Heacock Medical Offices,Scpmg Heacock Medical Offices,12815 Heacock Avenue,Moreno Valley,CA,92553,,,,,33.934624,-117.24384,clinical,CMS_CLIA,(951) 353-4061,05D0702618,Routine Chemistry,19950919,,,,
CLIA_CA_00558,Ahmc Anaheim Regional Medical Center,Ahmc Anaheim Regional Medical Center,1111 West La Palma Ave,Anaheim,CA,92801,,,,,33.847189,-117.933853,clinical,CMS_CLIA,(714) 999-6076,05D0703285,Routine Chemistry,20210929,1891938122,LINDA MARSH,Senior Vice President,6264577938
CLIA_CA_00559,Upland Laser Dermatology,Upland Laser Dermatology,954 W Foothill Blvd Ste B,Upland,CA,91786,,,,,34.106915,-117.663969,clinical,CMS_CLIA,(909) 949-7500,05D0703818,Routine Chemistry,20240522,,,,
CLIA_CA_00560,Newport-Huntington Medical Group Laboratory,Newport-Huntington Medical Group Laboratory,19582 Beach Blvd Ste 320,Huntington Beach,CA,92648,,,,,33.678167,-117.988468,clinical,CMS_CLIA,(714) 378-2401,05D0703820,Routine Chemistry,20010315,,,,
CLIA_CA_00561,Premier Pathology,Premier Pathology,"7630 Vineland Ave, Ste 202",Sun Valley,CA,91352,,,,,34.209289,-118.370254,clinical,CMS_CLIA,(747) 205-2480,05D0704107,Routine Chemistry,20240424,,,,
CLIA_CA_00562,Office Of Sid Danesh,Office Of Sid Danesh,"316 E Las Tunas, Ste 103",San Gabriel,CA,91776,,,,,34.103125,-118.09633,clinical,CMS_CLIA,(626) 287-9949,05D0704426,Routine Chemistry,20260112,,,,
CLIA_CA_00563,United Home Care Of Northern Ca,United Home Care Of Northern Ca,"245 New York Ranch Road, Suite C",Jackson,CA,95642,,,,,38.356528,-120.767368,clinical,CMS_CLIA,(209) 223-3866,05D0704592,Routine Chemistry,19980106,,,,
CLIA_CA_00564,"Kristin K Walker Md, Inc","Kristin K Walker Md, Inc","89 Davis Rd, Ste 180",Orinda,CA,94563,,,,,37.880105,-122.181288,clinical,CMS_CLIA,(925) 254-1080,05D0704813,Routine Chemistry,20260205,,,,
CLIA_CA_00565,Robert E Anderson Md,Robert E Anderson Md,361 Hospital Rd Ste 333,Newport Beach,CA,92663,,,,,33.625763,-117.928399,clinical,CMS_CLIA,(949) 642-8727,05D0705115,Routine Chemistry,20230830,,,,
CLIA_CA_00566,Reedley Wellness Center,Reedley Wellness Center,750 G Street,Reedley,CA,93654,,,,,36.599748,-119.454302,clinical,CMS_CLIA,(559) 637-9818,05D0705286,Routine Chemistry,20021119,1194824722,JANETTE PETERS,Office Administrator,5596379818
CLIA_CA_00567,"Coastal Kids, A Prof Medical Corporation","Coastal Kids, A Prof Medical Corporation","425 Haaland Dr,  Ste 104",Thousand Oaks,CA,91361,,,,,34.17492,-118.870078,clinical,CMS_CLIA,(714) 842-0444,05D0705442,Routine Chemistry,20090128,,,,
CLIA_CA_00568,Merced Faculty Associates Md Group Inc,Merced Faculty Associates Md Group Inc,127 W El Portal Dr,Merced,CA,95348,,,,,37.326748,-120.469749,clinical,CMS_CLIA,(209) 723-3704,05D0705483,Routine Chemistry,19960829,,,,
CLIA_CA_00569,"Medcenter State, The","Medcenter State, The",2954 State St,Santa Barbara,CA,93105,,,,,34.440324,-119.726962,clinical,CMS_CLIA,(805) 448-8054,05D0705578,Routine Chemistry,20150505,,,,
CLIA_CA_00570,El Centro Dermatology,El Centro Dermatology,1334 N Imperial Ave,El Centro,CA,92243,,,,,32.805059,-115.570006,clinical,CMS_CLIA,(760) 337-8500,05D0705627,Routine Chemistry,20230411,1285746552,ANTHONY HUYNH,PRESIDENT,7603378500
CLIA_CA_00571,Kids And Teens Medical Group,Kids And Teens Medical Group,12675 La Mirada Blvd #200,La Mirada,CA,90638,,,,,33.916153,-118.011988,clinical,CMS_CLIA,(818) 361-5437,05D0705873,Routine Chemistry,19990111,,,,
CLIA_CA_00572,John K Young Do Inc,John K Young Do Inc,1230 E Carson St,Long Beach,CA,90807,,,,,33.832376,-118.175926,clinical,CMS_CLIA,(562) 424-7723,05D0705914,Routine Chemistry,19960716,,,,
CLIA_CA_00573,Epic Care - San Leandro,Epic Care - San Leandro,"13851 E 14th St, 3rd Floor",San Leandro,CA,94578,,,,,37.714547,-122.141919,clinical,CMS_CLIA,(510) 483-2555,05D0706396,Routine Chemistry,20211208,,,,
CLIA_CA_00574,Epic Care - Antioch,Epic Care - Antioch,4721 Dallas Ranch Rd,Antioch,CA,94531,,,,,37.969911,-121.796741,clinical,CMS_CLIA,(925) 778-0679,05D0706397,Routine Chemistry,20210818,,,,
CLIA_CA_00575,"Redwood Toxicology Laboratory, Inc","Redwood Toxicology Laboratory, Inc",3650 Westwind Blvd,Santa Rosa,CA,95403,,,,,38.508342,-122.795762,clinical,CMS_CLIA,(800) 255-2159,05D0707588,Routine Chemistry,20240910,,,,
CLIA_CA_00576,Pacific Oaks Medical Group,Pacific Oaks Medical Group,150 N Robertson Blvd Ste 300,Beverly Hills,CA,90211,,,,,34.068431,-118.383642,clinical,CMS_CLIA,(310) 652-2562,05D0707855,Routine Chemistry,20050415,,,,
CLIA_CA_00577,Encompass Health Rehabilitation,Encompass Health Rehabilitation,15120 Kensington Park Dr,Tustin,CA,92782,,,,,33.712005,-117.81792,clinical,CMS_CLIA,(714) 832-9200,05D0707965,Routine Chemistry,20220726,,,,
CLIA_CA_00578,Vibra Hospital Of Sacramento,Vibra Hospital Of Sacramento,330 Montrose Dr,Folsom,CA,95630,,,,,38.681953,-121.157698,clinical,CMS_CLIA,(916) 351-8863,05D0708161,Routine Chemistry,20140716,1134564693,BRAD HOLLINGER,President,7175915700
CLIA_CA_00579,Jen-Yee Shen Md Phd,Jen-Yee Shen Md Phd,801 W Valley Blvd Ste 104,Alhambra,CA,91803,,,,,34.078125,-118.131816,clinical,CMS_CLIA,(626) 282-6929,05D0708300,Routine Chemistry,20230920,,,,
CLIA_CA_00580,Jeffrey A Klein Md,Jeffrey A Klein Md,30280 Rancho Viejo Rd,San Juan Capistrano,CA,92675,,,,,33.522625,-117.665792,clinical,CMS_CLIA,(949) 248-1632,05D0708670,Routine Chemistry,20241114,,,,
CLIA_CA_00581,Sushil Anand And Associates Medical Corp,Sushil Anand And Associates Medical Corp,13372 Newport Ave Ste B,Tustin,CA,92780,,,,,33.745089,-117.814952,clinical,CMS_CLIA,(909) 682-0069,05D0708721,Routine Chemistry,19951218,,,,
CLIA_CA_00582,"Genesis Healthcare Partners, Pc","Genesis Healthcare Partners, Pc",8851 Center Dr Ste 501,La Mesa,CA,91942,,,,,32.782155,-117.007045,clinical,CMS_CLIA,(858) 888-7700,05D0708892,Routine Chemistry,20130909,,,,
CLIA_CA_00583,Kenneth Miller A Medical Corporation,Kenneth Miller A Medical Corporation,14537 S Bascom Ave,Los Gatos,CA,95032,,,,,37.257294,-121.949166,clinical,CMS_CLIA,(408) 356-9111,05D0709619,Routine Chemistry,20240826,,,,
CLIA_CA_00584,Patients Hospital Of Redding,Patients Hospital Of Redding,2900 Eureka Way,Redding,CA,96001,,,,,40.585591,-122.416314,clinical,CMS_CLIA,(530) 225-8700,05D0709721,Routine Chemistry,20240725,1942204490,JAMES TATE,OWNER/SOLE PROPRIETOR,5302258700
CLIA_CA_00585,"Paul D Rosenblit, Md, Inc","Paul D Rosenblit, Md, Inc","18821 Delaware Street, Suite 202",Huntington Beach,CA,92648,,,,,33.690348,-117.993296,clinical,CMS_CLIA,(714) 375-5572,05D0709722,Routine Chemistry,19970714,,,,
CLIA_CA_00586,Dr Samuel Kim,Dr Samuel Kim,"150 N Robertson Blvd, Ste 307",Beverly Hills,CA,90211,,,,,34.068431,-118.383642,clinical,CMS_CLIA,(310) 659-8687,05D0709960,Routine Chemistry,20020912,,,,
CLIA_CA_00587,Millard H Zisser Md,Millard H Zisser Md,"8631 W 3rd St, Ste 225 E",Los Angeles,CA,90048,,,,,34.073632,-118.379877,clinical,CMS_CLIA,(310) 659-2770,05D0710513,Routine Chemistry,20260209,,,,
CLIA_CA_00588,Encompass Health Rehabilitation,Encompass Health Rehabilitation,5001 Commerce Dr,Bakersfield,CA,93309,,,,,35.368619,-119.056585,clinical,CMS_CLIA,(661) 323-5500,05D0710739,Routine Chemistry,20210421,,,,
CLIA_CA_00589,"Cuento Pediatrics, Inc","Cuento Pediatrics, Inc",931 Buena Vista 100,Duarte,CA,91010,,,,,34.141309,-117.977615,clinical,CMS_CLIA,(626) 357-5087,05D0710812,Routine Chemistry,19960702,,,,
CLIA_CA_00590,Peter B Shin Md Inc,Peter B Shin Md Inc,2780 Skypark Dr Suite 200,Torrance,CA,90505,,,,,33.804541,-118.335665,clinical,CMS_CLIA,(310) 326-2161,05D0711802,Routine Chemistry,20111216,,,,
CLIA_CA_00591,Tendercare Pediatrics A Medical Group,Tendercare Pediatrics A Medical Group,"8327 Davis St,  Ste 202",Downey,CA,90241,,,,,33.936719,-118.134706,clinical,CMS_CLIA,(562) 923-2445,05D0712118,Routine Chemistry,19950824,,,,
CLIA_CA_00592,Associated Pathology Medical Group Inc,Associated Pathology Medical Group Inc,105 A Cooper Ct,Los Gatos,CA,95032,,,,,37.240018,-121.973764,clinical,CMS_CLIA,(408) 399-5050,05D0712326,Routine Chemistry,20250227,,,,
CLIA_CA_00593,Pacific Hills Surgery Center Llc,Pacific Hills Surgery Center Llc,24022 Calle De La Plata Ste 180,Laguna Hills,CA,92653,,,,,33.611965,-117.709576,clinical,CMS_CLIA,(949) 458-3551,05D0712661,Routine Chemistry,20210416,1306993464,GREGORY CUNNIFF,Chief Admin Officer,3125431874
CLIA_CA_00594,Mission Community Hospital,Mission Community Hospital,14850 Roscoe Blvd,Panorama City,CA,91402,,,,,34.221425,-118.456402,clinical,CMS_CLIA,(818) 904-3678,05D0712673,Routine Chemistry,20120905,1174129050,CHRISTOPHER DOAN,Legal Counsel,3102594706
CLIA_CA_00595,David M Stoll Md,David M Stoll Md,"9735 Wilshire Blvd, Ste 418",Beverly Hills,CA,90212,,,,,34.067131,-118.407708,clinical,CMS_CLIA,(310) 273-6033,05D0712809,Routine Chemistry,20220509,,,,
CLIA_CA_00596,"Medical Offices Of Robert Rushton, Inc","Medical Offices Of Robert Rushton, Inc",844 S Dora St,Ukiah,CA,95482,,,,,39.140314,-123.210292,clinical,CMS_CLIA,(707) 462-8603,05D0712957,Routine Chemistry,20120306,,,,
CLIA_CA_00597,Randy Jacobs Dermatology Inc,Randy Jacobs Dermatology Inc,28120 Bradley Rd,Menifee,CA,92586,,,,,33.714238,-117.191665,clinical,CMS_CLIA,(951) 672-7673,05D0713339,Routine Chemistry,20250828,,,,
CLIA_CA_00598,Central Healthcare Laboratory,Central Healthcare Laboratory,2901 Sillect Ave Ste 100,Bakersfield,CA,93308,,,,,,,clinical,CMS_CLIA,(661) 323-8384,05D0713371,Routine Chemistry,20230228,,,,
CLIA_CA_00599,Hs Chann Md,Hs Chann Md,6089 N First St Ste 102,Fresno,CA,93710,,,,,36.82426,-119.772321,clinical,CMS_CLIA,(209) 449-9100,05D0713493,Routine Chemistry,19980612,,,,
CLIA_CA_00600,Laboratory Corporation Of America Holdings,Laboratory Corporation Of America Holdings,"3595 John Hopkins Court, Room # 1111",San Diego,CA,92121,,,,,32.892313,-117.237548,clinical,CMS_CLIA,(858) 202-9000,05D0713514,Routine Chemistry,20170104,1427864081,KIMBERLY WILLIAMS,Vice President,3364365402
CLIA_CA_00601,Av Dermatology & Surgery Center,Av Dermatology & Surgery Center,44215 15th St W Ste 309,Lancaster,CA,93534,,,,,34.686332,-118.156874,clinical,CMS_CLIA,(661) 949-0004,05D0713931,Routine Chemistry,20251114,,,,
CLIA_CA_00602,"Suresh K Sachdeva, Md","Suresh K Sachdeva, Md",1081 Market Place Ste 800,San Ramon,CA,94583,,,,,37.763618,-121.953087,clinical,CMS_CLIA,(925) 275-0404,05D0714284,Routine Chemistry,19951018,,,,
CLIA_CA_00603,Bela Steven Kenessey Md,Bela Steven Kenessey Md,1320 El Capitan Dr Ste 400,Danville,CA,94526,,,,,37.785263,-121.966354,clinical,CMS_CLIA,(510) 277-1600,05D0714492,Routine Chemistry,19950706,,,,
CLIA_CA_00604,Brea Dialysis Center,Brea Dialysis Center,595 Tamarack Avenue Suite A,Brea,CA,92821,,,,,33.928116,-117.900158,clinical,CMS_CLIA,(714) 990-0110,05D0715175,Routine Chemistry,19941108,1134188923,SAMUEL WEY,"VP, Licensure & Certification",6153416641
CLIA_CA_00605,"Plazita Medical Clinic, Inc","Plazita Medical Clinic, Inc","1150 Main Street, Suite #3",Watsonville,CA,95076,,,,,36.916207,-121.768998,clinical,CMS_CLIA,(831) 728-0551,05D0715391,Routine Chemistry,19940720,,,,
CLIA_CA_00606,Lisa N Oki Md/A Medical Corporation,Lisa N Oki Md/A Medical Corporation,"2925 Sycamore Dr, Ste 101",Simi Valley,CA,93065,,,,,34.287961,-118.743974,clinical,CMS_CLIA,(805) 520-6430,05D0715797,Routine Chemistry,20190621,,,,
CLIA_CA_00607,Mark Bruckner,Mark Bruckner,2876 Sycamore Dr Suite 302,Simi Valley,CA,93065,,,,,34.288082,-118.743835,clinical,CMS_CLIA,(805) 522-4400,05D0715851,Routine Chemistry,19950315,,,,
CLIA_CA_00608,Raveen R Arora,Raveen R Arora,1712 W Medical Center Dr,Anaheim,CA,92801,,,,,33.851867,-117.942555,clinical,CMS_CLIA,(714) 491-7200,05D0716235,Routine Chemistry,19960308,,,,
CLIA_CA_00609,Medical Laboratory Services,Medical Laboratory Services,40663 Murrieta Hot Springs Rd Ste C1,Murrieta,CA,92562,,,,,33.555832,-117.185026,clinical,CMS_CLIA,(951) 834-9020,05D0716342,Routine Chemistry,20150821,,,,
CLIA_CA_00610,"Gardena Hospital, L.P. D/B/A","Gardena Hospital, L.P. D/B/A",1145 W Redondo Beach Blvd,Gardena,CA,90247,,,,,33.89245,-118.295079,clinical,CMS_CLIA,(310) 532-4200,05D0717956,Routine Chemistry,20060808,,,,
CLIA_CA_00611,Advanced Dermatology Surgery And Medical Group,Advanced Dermatology Surgery And Medical Group,3650 E South St Ste 306,Lakewood,CA,90712,,,,,33.860161,-118.150086,clinical,CMS_CLIA,(562) 633-6353,05D0718779,Routine Chemistry,20230927,,,,
CLIA_CA_00612,Family Doctors Office Medical Group,Family Doctors Office Medical Group,"2617 East Chapman Avenue, Suite #306",Orange,CA,92869,,,,,33.787861,-117.826176,clinical,CMS_CLIA,(714) 997-1920,05D0719273,Routine Chemistry,19960530,,,,
CLIA_CA_00613,La Jolla Endoscopy Center,La Jolla Endoscopy Center,9850 Genesee Ave Suite 980,La Jolla,CA,92037,,,,,32.884871,-117.222559,clinical,CMS_CLIA,(858) 453-7525,05D0719321,Routine Chemistry,19980310,1376863951,BILLIE PAYNE,President,6156651283
CLIA_CA_00614,Pacific Dermatopathology,Pacific Dermatopathology,"12409 Ventura Ct, Ste C",Studio City,CA,91604,,,,,34.143341,-118.403254,clinical,CMS_CLIA,(310) 828-4071,05D0719378,Routine Chemistry,20251210,1013220722,JASMINE YUN,Owner/Partner,8189006007
CLIA_CA_00615,"Rai  Care Centers Of Northern California Ii, Llc","Rai  Care Centers Of Northern California Ii, Llc",1738 Ocean Ave,San Francisco,CA,94112,,,,,37.724808,-122.460067,clinical,CMS_CLIA,(415) 406-1090,05D0719500,Routine Chemistry,19940516,,,,
CLIA_CA_00616,"Jerry A Hanson Md & Mehrdad Rezaee, Md Laboratory","Jerry A Hanson Md & Mehrdad Rezaee, Md Laboratory","2030 Forest Avenue, Suite 210",San Jose,CA,95128,,,,,37.326981,-121.93348,clinical,CMS_CLIA,(408) 295-2257,05D0720496,Routine Chemistry,19991021,,,,
CLIA_CA_00617,"Bea Medical Group, Inc","Bea Medical Group, Inc",10070 Pasadena Ave Ste 2,Cupertino,CA,95014,,,,,37.321946,-122.054369,clinical,CMS_CLIA,(408) 746-0300,05D0720545,Routine Chemistry,20230113,,,,
CLIA_CA_00618,Lasalle Medical Associates,Lasalle Medical Associates,17577 Arrow Blvd,Fontana,CA,92335,,,,,34.099371,-117.421083,clinical,CMS_CLIA,(909) 823-4454,05D0720990,Routine Chemistry,19950817,1275661084,ALBERT ARTEAGA,CEO/Owner,9098900407
CLIA_CA_00619,Pasadena Premier Dermatology Partners,Pasadena Premier Dermatology Partners,"960 E Green St, Ste 330",Pasadena,CA,91106,,,,,34.144509,-118.130497,clinical,CMS_CLIA,(626) 449-4207,05D0721971,Routine Chemistry,20250325,1275341414,DAVID DENENHOLZ,PARTNER,6264494207
CLIA_CA_00620,T Gwen Iwasaki Md,T Gwen Iwasaki Md,4201 Torrance Blvd Ste 340,Torrance,CA,90503,,,,,33.837632,-118.358062,clinical,CMS_CLIA,(310) 540-0079,05D0722412,Routine Chemistry,20251125,,,,
CLIA_CA_00621,Centers For Family Medicine,Centers For Family Medicine,3460 Katella Avenue,Los Alamitos,CA,90720,,,,,33.802967,-118.073236,clinical,CMS_CLIA,(562) 594-6599,05D0722506,Routine Chemistry,20051019,1598067167,JEANNE CENICEROS,BILLING & COLLECTIONS MGR,5625946599
CLIA_CA_00622,Arun D Patel Md Inc,Arun D Patel Md Inc,907 W Wilshire Ave,Fullerton,CA,92832,,,,,33.872259,-117.940961,clinical,CMS_CLIA,(714) 871-6161,05D0722550,Routine Chemistry,20211208,,,,
CLIA_CA_00623,Fatima Medical Clinic Medical Group,Fatima Medical Clinic Medical Group,820 S Alvarado St Ste A,Los Angeles,CA,90057,,,,,34.054516,-118.277975,clinical,CMS_CLIA,(213) 384-0604,05D0722740,Routine Chemistry,20150909,,,,
CLIA_CA_00624,Newport Diagnostic Center,Newport Diagnostic Center,1605 Avocado Avenue,Newport Beach,CA,92660,,,,,33.614101,-117.868873,clinical,CMS_CLIA,(949) 760-3025,05D0722980,Routine Chemistry,20090713,,,,
CLIA_CA_00625,Shelter Island Medical Group Inc,Shelter Island Medical Group Inc,1370 Rosecrans St Ste A,San Diego,CA,92106,,,,,32.724671,-117.229242,clinical,CMS_CLIA,(619) 223-2668,05D0723119,Routine Chemistry,20190116,,,,
CLIA_CA_00626,Orange County Dermatology & Surgery,Orange County Dermatology & Surgery,"17742 Beach Blvd, Ste 325",Huntington Beach,CA,92647,,,,,33.70474,-117.98901,clinical,CMS_CLIA,(714) 848-0770,05D0723385,Routine Chemistry,20250917,,,,
CLIA_CA_00627,Asi Westlake Village,Asi Westlake Village,1240 S Westlake Blvd Ste 217,Westlake Village,CA,91361,,,,,34.149733,-118.836598,clinical,CMS_CLIA,(818) 907-7546,05D0723664,Routine Chemistry,20230623,,,,
CLIA_CA_00628,Mountain View Family Medical Grp Inc,Mountain View Family Medical Grp Inc,2410 Sonoma St Ste 1,Redding,CA,96001,,,,,40.573135,-122.401427,clinical,CMS_CLIA,(530) 243-3339,05D0723794,Routine Chemistry,19960119,,,,
CLIA_CA_00629,Drs Diggs Kimura Keramati Phillips And,Drs Diggs Kimura Keramati Phillips And,230 Prospect Place Ste 250,Coronado,CA,92118,,,,,32.694531,-117.167879,clinical,CMS_CLIA,(619) 435-1660,05D0723885,Routine Chemistry,19981118,,,,
CLIA_CA_00630,Synergy Hematology Oncology,Synergy Hematology Oncology,"8737 Beverly Blvd, Ste 203",Los Angeles,CA,90048,,,,,34.076905,-118.381626,clinical,CMS_CLIA,(323) 525-1115,05D0724185,Routine Chemistry,20250625,,,,
CLIA_CA_00631,Clinica Medica Del Sol Group,Clinica Medica Del Sol Group,1431 N Hacienda Blvd,La Puente,CA,91744,,,,,34.046294,-117.94865,clinical,CMS_CLIA,(626) 918-3828,05D0724674,Routine Chemistry,19970826,,,,
CLIA_CA_00632,Valley Pediatric Medical Group Inc,Valley Pediatric Medical Group Inc,7130 North Sharon #101,Fresno,CA,93720,,,,,36.839379,-119.758979,clinical,CMS_CLIA,(209) 436-8606,05D0725305,Routine Chemistry,19981112,,,,
CLIA_CA_00633,Rees Stephens Inc,Rees Stephens Inc,"17742 Beach Blvd, Ste 360",Huntington Beach,CA,92647,,,,,33.70474,-117.98901,clinical,CMS_CLIA,(714) 848-0868,05D0725440,Routine Chemistry,20201216,,,,
CLIA_CA_00634,Tpmg San Jose Mohs Laboratory,Tpmg San Jose Mohs Laboratory,"276 International Cir, 3rd Fl, Mohs Unit",San Jose,CA,95119,,,,,37.239935,-121.802206,clinical,CMS_CLIA,(408) 972-7119,05D0725915,Routine Chemistry,20260224,,,,
CLIA_CA_00635,Shahnawaz S Jaffer Md,Shahnawaz S Jaffer Md,247 W San Bernardino Rd,Covina,CA,91723,,,,,34.090045,-117.893397,clinical,CMS_CLIA,(626) 399-7000,05D0725926,Routine Chemistry,20240918,,,,
CLIA_CA_00636,Diabetes Associates Medical Group,Diabetes Associates Medical Group,1310 W Stewart Dr Ste 610,Orange,CA,92868,,,,,33.782329,-117.866779,clinical,CMS_CLIA,(714) 639-1815,05D0726130,Routine Chemistry,20160415,1407164460,IVY-JOAN MADU,PRESIDENT,7146391815
CLIA_CA_00637,Susan Debin Md,Susan Debin Md,1234 W Chapman Ste 101,Orange,CA,92868,,,,,33.787819,-117.865888,clinical,CMS_CLIA,(714) 532-6713,05D0855681,Routine Chemistry,20111216,,,,
CLIA_CA_00638,Ncfmc - A Medical Corporation,Ncfmc - A Medical Corporation,4320 Auburn Blvd,Sacramento,CA,95841,,,,,38.644724,-121.363885,clinical,CMS_CLIA,(916) 773-2229,05D0856065,Routine Chemistry,20241227,,,,
CLIA_CA_00639,"Corazon C Medina, Md Inc","Corazon C Medina, Md Inc","1751 W Romneya Dr, Ste H",Anaheim,CA,92801,,,,,33.850771,-117.943182,clinical,CMS_CLIA,(714) 563-2114,05D0856340,Routine Chemistry,20250612,,,,
CLIA_CA_00640,Orange Coast Urology,Orange Coast Urology,520 Superior Ave Ste 240,Newport Beach,CA,92663,,,,,33.630833,-117.928777,clinical,CMS_CLIA,(714) 712-0843,05D0856504,Routine Chemistry,20140918,1376693994,NICHOLAS HOLEVAS,Office Manager,9496462319
CLIA_CA_00641,Bruce F Friedman Md Inc,Bruce F Friedman Md Inc,11180 Warner Avenue #255,Fountain Valley,CA,92708,,,,,33.716278,-117.93334,clinical,CMS_CLIA,(714) 549-9330,05D0856588,Routine Chemistry,19950203,,,,
CLIA_CA_00642,"William J Wickwire, Md Inc","William J Wickwire, Md Inc","16300 Sand Cyn Ave, Ste 612",Irvine,CA,92618,,,,,33.661512,-117.774042,clinical,CMS_CLIA,(949) 753-1001,05D0856740,Routine Chemistry,20241211,,,,
CLIA_CA_00643,Glendale Foot & Ankle Podiatry Ctr,Glendale Foot & Ankle Podiatry Ctr,110 S Adams St,Glendale,CA,91202,,,,,34.146027,-118.241737,clinical,CMS_CLIA,(818) 242-4426,05D0856782,Routine Chemistry,20241202,,,,
CLIA_CA_00644,Alameda County Santa Rita Jail,Alameda County Santa Rita Jail,5325 Broder Blvd,Dublin,CA,94568,,,,,37.715975,-121.885596,clinical,CMS_CLIA,(925) 551-6701,05D0857046,Routine Chemistry,19931221,,,,
CLIA_CA_00645,"Kessler, Long, Iacampo & Ottavi, Md'S","Kessler, Long, Iacampo & Ottavi, Md'S",2021 Santa Monica Blvd 240E,Santa Monica,CA,90404,,,,,,,clinical,CMS_CLIA,(310) 453-0577,05D0857056,Routine Chemistry,20160519,,,,
CLIA_CA_00646,Palo Alto Pathology Inc,Palo Alto Pathology Inc,2325 El Camino Real,Palo Alto,CA,94306,,,,,37.425587,-122.146522,clinical,CMS_CLIA,(650) 617-1849,05D0857114,Routine Chemistry,20241211,,,,
CLIA_CA_00647,Mission Community Hospital,Mission Community Hospital,14850 Roscoe Blvd,Panorama City,CA,91402,,,,,34.221425,-118.456402,clinical,CMS_CLIA,(818) 787-2222,05D0857179,Routine Chemistry,20120905,1174129050,CHRISTOPHER DOAN,Legal Counsel,3102594706
CLIA_CA_00648,Blair S Kranson Md,Blair S Kranson Md,"7320 Woodlake Ave, Ste 395",West Hills,CA,91307,,,,,34.203214,-118.632073,clinical,CMS_CLIA,(818) 347-0681,05D0857715,Routine Chemistry,20250106,,,,
CLIA_CA_00649,Preferred Dermatology,Preferred Dermatology,7937 S Painter Ave,Whittier,CA,90602,,,,,33.968879,-118.032729,clinical,CMS_CLIA,(562) 665-4544,05D0857935,Routine Chemistry,20250311,,,,
CLIA_CA_00650,Tamalpais Pediatrics - A Ucsf Affiliate,Tamalpais Pediatrics - A Ucsf Affiliate,251 Vintage Way,Novato,CA,94945,,,,,38.088762,-122.554745,clinical,CMS_CLIA,(415) 892-0965,05D0857952,Routine Chemistry,20161117,,,,
CLIA_CA_00651,Womens Care,Womens Care,"12980 Frederick Street, Suite A",Moreno Valley,CA,92553,,,,,33.93186,-117.261324,clinical,CMS_CLIA,(951) 924-0108,05D0858065,Routine Chemistry,19990121,,,,
CLIA_CA_00652,Downey Dermatology,Downey Dermatology,"8345 Firestone Blvd, Ste 310",Downey,CA,90241,,,,,33.939734,-118.13229,clinical,CMS_CLIA,(562) 923-3001,05D0858075,Routine Chemistry,20260217,,,,
CLIA_CA_00653,Calpath Medical Associates,Calpath Medical Associates,"2155 S Bascom Ave, Ste 120",Campbell,CA,95008,,,,,37.284226,-121.931811,clinical,CMS_CLIA,(408) 866-5227,05D0858234,Routine Chemistry,20250225,1063518033,DAVID HOKENESS,Practice Administrator,4088665227
CLIA_CA_00654,"Forefront Dermatology - Pacific, Pc","Forefront Dermatology - Pacific, Pc",267 W Hillcrest Dr,Thousand Oaks,CA,91360,,,,,34.183476,-118.884305,clinical,CMS_CLIA,(920) 663-9008,05D0858484,Routine Chemistry,20240514,,,,
CLIA_CA_00655,La Puente Valley Medical Group Inc,La Puente Valley Medical Group Inc,18335 Valley Boulevard,La Puente,CA,91744,,,,,34.00551,-117.902747,clinical,CMS_CLIA,(626) 810-3330,05D0858905,Routine Chemistry,19970729,1639270093,HIREN SHAH,PRESIDENT,6268103330
CLIA_CA_00656,Carmelo A Plateroti Do,Carmelo A Plateroti Do,"1101 Las Tablas Rd, Ste G",Templeton,CA,93465,,,,,35.554339,-120.717868,clinical,CMS_CLIA,(805) 434-2821,05D0859183,Routine Chemistry,20240306,,,,
CLIA_CA_00657,Jon A Erickson Md Inc Dermatology Clnc,Jon A Erickson Md Inc Dermatology Clnc,"3257 Professional Dr, Ste B",Auburn,CA,95602,,,,,38.943423,-121.100911,clinical,CMS_CLIA,(530) 823-6363,05D0859303,Routine Chemistry,20250227,,,,
CLIA_CA_00658,Reproductive Technology Laboratories,Reproductive Technology Laboratories,11818 Wilshire Blvd Ste 300,Los Angeles,CA,90025,,,,,34.047345,-118.463371,clinical,CMS_CLIA,(310) 828-0230,05D0859540,Routine Chemistry,20210923,1194845842,DANIEL SIKICH,Administrator,3108576251
CLIA_CA_00659,Douglas Hamilton Md,Douglas Hamilton Md,"6325 Topanga Cyn Blvd, Ste 301",Woodland Hills,CA,91367,,,,,34.185382,-118.606041,clinical,CMS_CLIA,(818) 884-7150,05D0859658,Routine Chemistry,20241030,,,,
CLIA_CA_00660,Allan Kurtz Do / Warner Medical Center,Allan Kurtz Do / Warner Medical Center,"6325 Topanga Canyon Blvd, Ste 501",Woodland Hills,CA,91367,,,,,34.185382,-118.606041,clinical,CMS_CLIA,(818) 346-1440,05D0860502,Routine Chemistry,20240626,,,,
CLIA_CA_00661,Center For Pain & Rehab Medicine,Center For Pain & Rehab Medicine,"3097 Moorpark Ave, Ste 200",San Jose,CA,95128,,,,,37.316141,-121.949981,clinical,CMS_CLIA,(408) 244-7246,05D0860542,Routine Chemistry,20230609,,,,
CLIA_CA_00662,Rocklin Family Practice And Sports Medicine,Rocklin Family Practice And Sports Medicine,3104 Sunset Boulevard Suite 2B,Rocklin,CA,95677,,,,,38.786183,-121.251274,clinical,CMS_CLIA,(916) 624-0300,05D0860872,Routine Chemistry,20070621,1790798908,ROY HARRIS,President,9166240300
CLIA_CA_00663,Praveen Gupta A Medical Corporation,Praveen Gupta A Medical Corporation,10542 Venice Blvd,Culver City,CA,90232,,,,,34.019435,-118.405227,clinical,CMS_CLIA,(310) 559-0575,05D0860885,Routine Chemistry,20030721,1891295408,PRAVEEN GUPTA,MD,3104302100
CLIA_CA_00664,Octapharma Plasma Inc,Octapharma Plasma Inc,1101 N Mt Vernon Ave,Colton,CA,92324,,,,,34.075895,-117.313952,clinical,CMS_CLIA,(909) 424-0318,05D0861067,Routine Chemistry,20210428,,,,
CLIA_CA_00665,Octapharma Plasma Inc,Octapharma Plasma Inc,3232 Duke St,San Diego,CA,92110,,,,,32.75324,-117.218503,clinical,CMS_CLIA,(619) 758-9278,05D0861088,Routine Chemistry,20210715,,,,
CLIA_CA_00666,"Elliot T Sumi, Md, A Professional Corporation","Elliot T Sumi, Md, A Professional Corporation","3440 Lomita Blvd, Ste 144",Torrance,CA,90505,,,,,33.813204,-118.345152,clinical,CMS_CLIA,(310) 326-3396,05D0861399,Routine Chemistry,20010710,,,,
CLIA_CA_00667,Idyllwild Health Center,Idyllwild Health Center,54165 Pinecrest Ave,Idyllwild,CA,92549,,,,,,,clinical,CMS_CLIA,(951) 659-4908,05D0862321,Routine Chemistry,19950302,1407964489,KAMRAN QURESHI,president,9516594908
CLIA_CA_00668,Norman Chow,Norman Chow,320 Dardanelli Lane Suite 10B,Los Gatos,CA,95032,,,,,37.261908,-121.967327,clinical,CMS_CLIA,(408) 866-4576,05D0862714,Routine Chemistry,19950628,,,,
CLIA_CA_00669,Michael K Mccray Md,Michael K Mccray Md,"27420 Tourney Rd, Ste 260",Valencia,CA,91355,,,,,34.421705,-118.579175,clinical,CMS_CLIA,(661) 254-7200,05D0862814,Routine Chemistry,20240516,,,,
CLIA_CA_00670,"Fresno Surgery Center, Lp","Fresno Surgery Center, Lp",6125 N Fresno St,Fresno,CA,93710,,,,,36.824926,-119.781395,clinical,CMS_CLIA,(559) 447-7260,05D0863109,Routine Chemistry,20040701,,,,
CLIA_CA_00671,Golden Gate Obstetrics,Golden Gate Obstetrics,1725 Montgomery St Ste 200,San Francisco,CA,94111,,,,,37.805012,-122.405297,clinical,CMS_CLIA,(415) 831-2163,05D0864101,Routine Chemistry,19940209,,,,
CLIA_CA_00672,"Mohawk Medical & Associates, Inc.","Mohawk Medical & Associates, Inc.",9908 Brimhall Rd,Bakersfield,CA,93312,,,,,35.368932,-119.113008,clinical,CMS_CLIA,(661) 321-3288,05D0864381,Routine Chemistry,20060314,1609144039,JORGE DEL TORO,Owner,6618473231
CLIA_CA_00673,James S Waldman Md,James S Waldman Md,22 Odyssey Ste 225,Irvine,CA,92618,,,,,33.667989,-117.763438,clinical,CMS_CLIA,(949) 753-9747,05D0864412,Routine Chemistry,20250410,,,,
CLIA_CA_00674,Gastroenterology Of The East Bay,Gastroenterology Of The East Bay,2510 Webster St,Berkeley,CA,94705,,,,,37.855616,-122.256377,clinical,CMS_CLIA,(510) 548-6555,05D0864483,Routine Chemistry,20251118,,,,
CLIA_CA_00675,Frank R Lusher Md Inc,Frank R Lusher Md Inc,"15336 Devonshire St, Ste 1",Mission Hills,CA,91345,,,,,34.257226,-118.465873,clinical,CMS_CLIA,(818) 894-5616,05D0864512,Routine Chemistry,20250521,,,,
CLIA_CA_00676,Island View Gastroenterology Associates,Island View Gastroenterology Associates,"168 N Brent St, Ste 404",Ventura,CA,93003,,,,,34.274696,-119.257239,clinical,CMS_CLIA,(805) 641-6525,05D0864536,Routine Chemistry,20241119,1386701787,DAWN IZQUIERDO,Manager,8056416525
CLIA_CA_00677,Gerard Nat Md,Gerard Nat Md,"10800 S Paramount Blvd, Ste 301",Downey,CA,90241,,,,,33.946252,-118.135273,clinical,CMS_CLIA,(562) 904-6116,05D0864575,Routine Chemistry,20250513,,,,
CLIA_CA_00678,Family & Industrial Medical Center Inc,Family & Industrial Medical Center Inc,47 Santa Rosa St,San Luis Obispo,CA,93405,,,,,,,clinical,CMS_CLIA,(805) 542-9596,05D0864723,Routine Chemistry,20141113,,,,
CLIA_CA_00679,Ava T Shamban Md Inc,Ava T Shamban Md Inc,2021 Santa Monica Blvd Ste 600-E,Santa Monica,CA,90404,,,,,,,clinical,CMS_CLIA,(310) 828-2282,05D0864862,Routine Chemistry,20230405,1528246196,AVA SHAMBAN,Physician/Owner,3108282282
CLIA_CA_00680,Comprehensive Cancer Center,Comprehensive Cancer Center,"1180 N Indian Canyon Dr,  Ste E-218",Palm Springs,CA,92262,,,,,33.838899,-116.545514,clinical,CMS_CLIA,(760) 416-4844,05D0864898,Routine Chemistry,20241216,,,,
CLIA_CA_00681,Kids And Teens Medical Group,Kids And Teens Medical Group,504 S Sierra Madre Blvd,Pasadena,CA,91107,,,,,34.137677,-118.101504,clinical,CMS_CLIA,(818) 361-5437,05D0864979,Routine Chemistry,19960311,,,,
CLIA_CA_00682,Bente H Berman Md,Bente H Berman Md,"29525 Canwood St, Ste 219",Agoura Hills,CA,91301,,,,,34.147353,-118.767971,clinical,CMS_CLIA,(818) 865-8133,05D0865101,Routine Chemistry,20240208,,,,
CLIA_CA_00683,"Prohealth Partners, A Medical Group, Inc","Prohealth Partners, A Medical Group, Inc",711 East Rosecrans Avenue,Compton,CA,90221,,,,,33.903451,-118.21615,clinical,CMS_CLIA,(310) 635-5223,05D0865759,Routine Chemistry,19980327,,,,
CLIA_CA_00684,Vijay M Dhawan Md Inc,Vijay M Dhawan Md Inc,3420 West Beverly Boulevard,Montebello,CA,90640,,,,,34.02453,-118.140381,clinical,CMS_CLIA,(323) 721-9411,05D0865769,Routine Chemistry,19980720,,,,
CLIA_CA_00685,Dr Panossian'S Medical Clinic,Dr Panossian'S Medical Clinic,5000 Sunset Blvd Ste 650,Los Angeles,CA,90027,,,,,34.098075,-118.298392,clinical,CMS_CLIA,(323) 666-9491,05D0866017,Routine Chemistry,19930326,,,,
CLIA_CA_00686,East Bay Dermatology,East Bay Dermatology,995 Montague Expressway Ste 111,Milpitas,CA,95035,,,,,37.413055,-121.885299,clinical,CMS_CLIA,(408) 957-7676,05D0866311,Routine Chemistry,20220617,,,,
CLIA_CA_00687,Reproductive Partners Medical Group,Reproductive Partners Medical Group,13950 Milton Ave #100,Westminster,CA,92683,,,,,,,clinical,CMS_CLIA,(714) 702-3000,05D0866385,Routine Chemistry,20090128,1265396956,CHRISTINA WESTBROOK,COO/CNO,3108552229
CLIA_CA_00688,Doctors Dialysis Of East Los Angeles,Doctors Dialysis Of East Los Angeles,950 S Eastern Ave,Los Angeles,CA,90022,,,,,34.022957,-118.173868,clinical,CMS_CLIA,(323) 262-2229,05D0866803,Routine Chemistry,19950321,1083853667,SAMUEL WEY,VP Licensure & Certification,6153416641
CLIA_CA_00689,Jonathan N Tam Md,Jonathan N Tam Md,105 N Hill Ave Ste 203,Pasadena,CA,91106,,,,,34.148007,-118.121425,clinical,CMS_CLIA,(626) 449-2800,05D0866859,Routine Chemistry,20050126,,,,
CLIA_CA_00690,Los Angeles Hematology Oncology,Los Angeles Hematology Oncology,1801 W Romneya Drive Ste 203,Anaheim,CA,92801,,,,,33.850771,-117.944561,clinical,CMS_CLIA,(714) 999-1465,05D0867202,Routine Chemistry,20120531,,,,
CLIA_CA_00691,Newport Center Medical Group,Newport Center Medical Group,400 Newport Center Dr Ste 508,Newport Beach,CA,92660,,,,,33.613977,-117.872891,clinical,CMS_CLIA,(949) 718-6728,05D0867386,Routine Chemistry,19931005,1467478008,RONALD TILSEN,MANAGING PARTNER,9497204920
CLIA_CA_00692,Newport Dermatology & Laser Associates,Newport Dermatology & Laser Associates,"1441 Avocado Ave, Ste 703",Newport Beach,CA,92660,,,,,33.612278,-117.870521,clinical,CMS_CLIA,(949) 718-1222,05D0867758,Routine Chemistry,20240522,,,,
CLIA_CA_00693,"Daniel Ghiyam,  Md Inc","Daniel Ghiyam,  Md Inc",2840 East Los Angeles Avenue,Simi Valley,CA,93065,,,,,34.271614,-118.739309,clinical,CMS_CLIA,(805) 526-8360,05D0869436,Routine Chemistry,19990519,,,,
CLIA_CA_00694,Kasemsant Hansuvadha Md Pc,Kasemsant Hansuvadha Md Pc,963 W 7th Street,Oxnard,CA,93030,,,,,34.195207,-119.189472,clinical,CMS_CLIA,(805) 487-9897,05D0869687,Routine Chemistry,19960429,,,,
CLIA_CA_00695,Kaiser Foundation Hospital,Kaiser Foundation Hospital,5601 De Soto Ave,Woodland Hills,CA,91367,,,,,34.170928,-118.588245,clinical,CMS_CLIA,(818) 719-3927,05D0870028,Routine Chemistry,20120830,,,,
CLIA_CA_00696,Cardiovascular Care Inc,Cardiovascular Care Inc,"3801 Katella  Ave,  Ste 401",Los Alamitos,CA,90720,,,,,33.803233,-118.066605,clinical,CMS_CLIA,(562) 598-3200,05D0870350,Routine Chemistry,20020321,1295877546,JAMES LICHT,President,5625983200
CLIA_CA_00697,Accentcare Home Health Of California Inc,Accentcare Home Health Of California Inc,2295 Gateway Oaks Dr Ste 125,Sacramento,CA,95833,,,,,,,clinical,CMS_CLIA,(916) 852-5888,05D0870580,Routine Chemistry,19970923,,,,
CLIA_CA_00698,David R Flemming Md,David R Flemming Md,"757 Pacific Street, B-2",Monterey,CA,93940,,,,,36.594537,-121.897782,clinical,CMS_CLIA,(408) 373-4304,05D0870645,Routine Chemistry,20040316,,,,
CLIA_CA_00699,"Kathleen Hutton Md, Inc","Kathleen Hutton Md, Inc","1441 Avocado Ave, Ste 309",Newport Beach,CA,92660,,,,,33.612278,-117.870521,clinical,CMS_CLIA,(949) 644-8556,05D0870989,Routine Chemistry,20250805,,,,
CLIA_CA_00700,"Genentox Laboratories, Llc","Genentox Laboratories, Llc","2001 E First St, Ste 109",Santa Ana,CA,92705,,,,,33.745755,-117.838727,clinical,CMS_CLIA,(833) 668-2522,05D0871568,Routine Chemistry,20250305,,,,
CLIA_CA_00701,"Rational Therapeutics, Llc","Rational Therapeutics, Llc",750 E 29th St,Long Beach,CA,90806,,,,,33.809756,-118.183678,clinical,CMS_CLIA,(562) 989-6455,05D0871981,Routine Chemistry,20241205,,,,
CLIA_CA_00702,San Diego Dermatology,San Diego Dermatology,6367 Alvarado Ct Ste 107,San Diego,CA,92120,,,,,32.777262,-117.062315,clinical,CMS_CLIA,(619) 287-1882,05D0872622,Routine Chemistry,20230412,,,,
CLIA_CA_00703,Fmc Marina Bay Dialysis,Fmc Marina Bay Dialysis,630 Bay Boulevard Suite 101,Chula Vista,CA,91910,,,,,32.624352,-117.094802,clinical,CMS_CLIA,(619) 420-6725,05D0872955,Routine Chemistry,19980521,,,,
CLIA_CA_00704,Greg J Nelson Md,Greg J Nelson Md,"15243 Vanowen St, Ste 212",Van Nuys,CA,91405,,,,,34.193977,-118.46495,clinical,CMS_CLIA,(818) 785-8707,05D0873082,Routine Chemistry,20250124,,,,
CLIA_CA_00705,W L Brown Medical Corporation,W L Brown Medical Corporation,6225 N Fresno St #104,Fresno,CA,93710,,,,,36.827061,-119.781378,clinical,CMS_CLIA,(559) 265-4444,05D0873144,Routine Chemistry,20160310,1760479745,WILLIE BROWN,PRESIDENT,5592654444
CLIA_CA_00706,"Vibra Hospital Of San Bernardino, Llc","Vibra Hospital Of San Bernardino, Llc",1760 W 16th St,San Bernardino,CA,92411,,,,,34.128495,-117.325856,clinical,CMS_CLIA,(909) 473-1200,05D0873272,Routine Chemistry,20260127,1497748081,BRAD HOLLINGER,President,7175915700
CLIA_CA_00707,Digestive Care Consultants,Digestive Care Consultants,"23451 Madison St, Ste 290",Torrance,CA,90505,,,,,33.812106,-118.347763,clinical,CMS_CLIA,(310) 748-2146,05D0874154,Routine Chemistry,20231012,1720078892,STEPHANIE GARCIA,HR,3103751246
CLIA_CA_00708,Tpmg Fabiola Laboratory,Tpmg Fabiola Laboratory,3801 Howe St,Oakland,CA,94611,,,,,37.825049,-122.256042,clinical,CMS_CLIA,(510) 752-6083,05D0874332,Routine Chemistry,19950913,,,,
CLIA_CA_00709,Mercy Medical Center,Mercy Medical Center,16444 Paramount Blvd Suite 103,Paramount,CA,90723,,,,,33.884982,-118.159965,clinical,CMS_CLIA,(310) 531-7790,05D0874395,Routine Chemistry,19950719,1104014414,MOHAMMAD RIAZ,OWNER,5625317790
CLIA_CA_00710,South East Bay Pediatric Medical Group,South East Bay Pediatric Medical Group,2191 Mowry Ave Ste 600C,Fremont,CA,94538,,,,,37.557123,-121.98163,clinical,CMS_CLIA,(510) 792-4373,05D0874937,Routine Chemistry,20210809,,,,
CLIA_CA_00711,Gladstein & Koutures Pc,Gladstein & Koutures Pc,"500 S Anaheim Hills Rd, Ste 140",Anaheim,CA,92807,,,,,33.84089,-117.778023,clinical,CMS_CLIA,(714) 974-2220,05D0875387,Routine Chemistry,19960409,,,,
CLIA_CA_00712,Golden State Dermatology Associates Inc,Golden State Dermatology Associates Inc,"421 N Rodeo Dr, Ste T-7 2nd Fl",Beverly Hills,CA,90210,,,,,34.069592,-118.403404,clinical,CMS_CLIA,(310) 274-5372,05D0875883,Routine Chemistry,20250909,,,,
CLIA_CA_00713,Pepperdine University Student,Pepperdine University Student,"24255 Pch, Osa Building",Malibu,CA,90263,,,,,34.034405,-118.709068,clinical,CMS_CLIA,(310) 506-4316,05D0876039,Routine Chemistry,19990325,,,,
CLIA_CA_00714,"Laboratory Medicine Consultants, Inc","Laboratory Medicine Consultants, Inc",240 S La Cienega Blvd Ste 101,Beverly Hills,CA,90211,,,,,34.063577,-118.376058,clinical,CMS_CLIA,(310) 273-2124,05D0876618,Routine Chemistry,20260206,,,,
CLIA_CA_00715,"Yuan-Fei Chang, Md","Yuan-Fei Chang, Md","18575 E Gale Ave, Ste 128",City Of Industry,CA,91748,,,,,33.995029,-117.898657,clinical,CMS_CLIA,(626) 912-5335,05D0876857,Routine Chemistry,19941128,,,,
CLIA_CA_00716,"Kidney Center Of Van Nuys, Inc","Kidney Center Of Van Nuys, Inc",14624 Sherman Way Ste 106,Van Nuys,CA,91405,,,,,34.201052,-118.451901,clinical,CMS_CLIA,(818) 994-2333,05D0877105,Routine Chemistry,19950821,1184660169,THOMAS WEINBERG,Authorized Official,2147362700
CLIA_CA_00717,Satellite Healthcare Capitola,Satellite Healthcare Capitola,3801 Clares St,Capitola,CA,95010,,,,,36.978305,-121.967764,clinical,CMS_CLIA,(831) 600-4600,05D0877108,Routine Chemistry,19990210,1811968761,THOMAS WEINBERG,Chairman,2147362700
CLIA_CA_00718,Monterey Peninsula Dialysis Llc,Monterey Peninsula Dialysis Llc,2066 N Fremont,Monterey,CA,93940,,,,,36.595957,-121.863467,clinical,CMS_CLIA,(931) 655-6950,05D0877111,Routine Chemistry,19950117,,,,
CLIA_CA_00719,United Dialysis Center,United Dialysis Center,3111 Long Beach Blvd,Long Beach,CA,90807,,,,,33.813701,-118.189361,clinical,CMS_CLIA,(562) 426-5155,05D0877114,Routine Chemistry,19950302,1154384121,SAMUEL WEY,"VP, Licensure & Certification",6153416641
CLIA_CA_00720,Shobhana Gandhi Md,Shobhana Gandhi Md,1300 N Vermont Ave #307,Los Angeles,CA,90027,,,,,34.095607,-118.29168,clinical,CMS_CLIA,(323) 953-8821,05D0877597,Routine Chemistry,20020612,,,,
CLIA_CA_00721,Whittier Hospital Med Ctr-Respiratory,Whittier Hospital Med Ctr-Respiratory,9080 Colima Rd,Whittier,CA,90605,,,,,,,clinical,CMS_CLIA,(562) 909-1708,05D0879141,Routine Chemistry,20160520,,,,
CLIA_CA_00722,Corona Clinica Medica Familiar,Corona Clinica Medica Familiar,217 East 3rd Street,Corona,CA,92879,,,,,33.878341,-117.563639,clinical,CMS_CLIA,(951) 273-1188,05D0879362,Routine Chemistry,19950222,1891899175,OCTAVIO RUIZ-VILLALPANDO,Medical Director,9512731188
CLIA_CA_00723,"Ruben Ruiz, Md, A Medical Corporation","Ruben Ruiz, Md, A Medical Corporation",403 West F Street,Ontario,CA,91762,,,,,34.069371,-117.654861,clinical,CMS_CLIA,(909) 988-3288,05D0879364,Routine Chemistry,19941115,,,,
CLIA_CA_00724,Hillcrest Medical Clinic,Hillcrest Medical Clinic,511 E Manchester Blvd,Inglewood,CA,90301,,,,,33.961374,-118.348017,clinical,CMS_CLIA,(310) 672-9000,05D0879756,Routine Chemistry,19960718,1588831374,SOHEIL HEKMAT,OWNER,3106729000
CLIA_CA_00725,"United Surgery Center Orange, Llc","United Surgery Center Orange, Llc",1140 W Laveta Ave Suite 550,Orange,CA,92668,,,,,33.780268,-117.865176,clinical,CMS_CLIA,(714) 835-3636,05D0880107,Routine Chemistry,19961211,,,,
CLIA_CA_00726,Healthcare Partners Affiliates Medical Group,Healthcare Partners Affiliates Medical Group,"10601 Walker St,  Ste 250",Cypress,CA,90630,,,,,33.809368,-118.03701,clinical,CMS_CLIA,(562) 988-7027,05D0881038,Routine Chemistry,19961101,,,,
CLIA_CA_00727,Care Bioclinical Laboratory,Care Bioclinical Laboratory,16311 Ventura Blvd Ste 888,Encino,CA,91436,,,,,34.15706,-118.488249,clinical,CMS_CLIA,(818) 789-2585,05D0881670,Routine Chemistry,20221024,,,,
CLIA_CA_00728,Mark Scheier Md Inc,Mark Scheier Md Inc,"5451 La Palma Ave, Suite 22",La Palma,CA,90623,,,,,33.846405,-118.038642,clinical,CMS_CLIA,(310) 402-3357,05D0881836,Routine Chemistry,19960228,1750552402,MARK SCHEIER,President,7142281446
CLIA_CA_00729,Usc Endocrine Services Laboratory,Usc Endocrine Services Laboratory,126 W Del Mar Blvd,Pasadena,CA,91105,,,,,34.140697,-118.152826,clinical,CMS_CLIA,(855) 224-7111,05D0882389,Routine Chemistry,20220824,1427181072,TODD DICKEY,SR VP ADMINISTRATION,2137408184
CLIA_CA_00730,Loomis Medical Clinic,Loomis Medical Clinic,6135 King Road Suite A,Loomis,CA,95650,,,,,38.825118,-121.191148,clinical,CMS_CLIA,(916) 652-0427,05D0882646,Routine Chemistry,20091210,1174707921,GARY GRAMM,physician,9166520427
CLIA_CA_00731,Fertility Center Of California,Fertility Center Of California,"12791 Newport Ave, Ste 206",Tustin,CA,92780,,,,,33.75155,-117.808828,clinical,CMS_CLIA,(714) 730-3060,05D0883369,Routine Chemistry,20250225,,,,
CLIA_CA_00732,"Biomat Usa, Inc","Biomat Usa, Inc","19255 Vanowen St,  Ste C",Reseda,CA,91335,,,,,34.193887,-118.55249,clinical,CMS_CLIA,(818) 201-3800,05D0883848,Routine Chemistry,20160209,,,,
CLIA_CA_00733,Pathology Sciences Medical Group,Pathology Sciences Medical Group,183 E 8th Ave,Chico,CA,95926,,,,,39.745704,-121.849661,clinical,CMS_CLIA,(530) 891-6244,05D0883963,Routine Chemistry,19950606,1497705537,LESTER WONG,Managing Partner,5308916244
CLIA_CA_00734,Scpmg Orchard Medical Offices,Scpmg Orchard Medical Offices,"9449 E Imperial Hwy, Ste 211",Downey,CA,90242,,,,,33.91711,-118.126592,clinical,CMS_CLIA,(562) 657-2286,05D0884685,Routine Chemistry,20250422,,,,
CLIA_CA_00735,Stockton Pregnancy Control Med Clinic,Stockton Pregnancy Control Med Clinic,3209 N California St,Stockton,CA,95204,,,,,37.980916,-121.293326,clinical,CMS_CLIA,(209) 465-5655,05D0885144,Routine Chemistry,20180523,,,,
CLIA_CA_00736,"Lakeside Medical Organization, A Medical Grp,  Inc","Lakeside Medical Organization, A Medical Grp,  Inc",14901 Rinaldi Street Suite 200/201,Mission Hills,CA,91345,,,,,34.279054,-118.457724,clinical,CMS_CLIA,(818) 365-8553,05D0885155,Routine Chemistry,19980527,,,,
CLIA_CA_00737,High Desert Medical Group,High Desert Medical Group,43839 15th St W,Lancaster,CA,93534,,,,,34.682809,-118.156889,clinical,CMS_CLIA,(954) 621-7733,05D0885230,Routine Chemistry,20240515,1720196702,CHARLES LIM,MEDICAL DIRECTOR,6619455984
CLIA_CA_00738,Pacific Rim Pathology Medical Corp,Pacific Rim Pathology Medical Corp,"9295 Farnham St, Ste 100",San Diego,CA,92123,,,,,32.832763,-117.128926,clinical,CMS_CLIA,(858) 261-7284,05D0885442,Routine Chemistry,20140123,,,,
CLIA_CA_00739,"San Diego Pathologists Medical Group, Inc.","San Diego Pathologists Medical Group, Inc.",7592 Metropolitan Dr Ste 405 - 406,San Diego,CA,92108,,,,,32.777768,-117.157444,clinical,CMS_CLIA,(619) 297-4900,05D0886122,Routine Chemistry,19971030,,,,
CLIA_CA_00740,"Antonio M Garcia, Md","Antonio M Garcia, Md",586 E Mission Blvd,Pomona,CA,91766,,,,,34.055186,-117.744769,clinical,CMS_CLIA,(909) 622-6240,05D0887027,Routine Chemistry,20240123,,,,
CLIA_CA_00741,Richard G Bennett  M D,Richard G Bennett  M D,"50 Alessandro Pl, Ste 130",Pasadena,CA,91105,,,,,34.130986,-118.150927,clinical,CMS_CLIA,(626) 564-4262,05D0887094,Routine Chemistry,20240131,,,,
CLIA_CA_00742,Bella Terra Home Health,Bella Terra Home Health,"391 N Main St,  Ste 307",Corona,CA,92878,,,,,33.885398,-117.564735,clinical,CMS_CLIA,(951) 397-4766,05D0887219,Routine Chemistry,19960529,,,,
CLIA_CA_00743,Physicians Immunodiagnostic,Physicians Immunodiagnostic,512 S Verdugo Dr,Burbank,CA,91502,,,,,34.170227,-118.312516,clinical,CMS_CLIA,(818) 955-8477,05D0887857,Routine Chemistry,20230329,,,,
CLIA_CA_00744,George M Jayatilaka Md Inc,George M Jayatilaka Md Inc,1760 Termino Ave #116,Long Beach,CA,90804,,,,,33.788536,-118.145814,clinical,CMS_CLIA,(310) 597-8885,05D0888209,Routine Chemistry,19970724,,,,
CLIA_CA_00745,Newport Harbor Pathology,Newport Harbor Pathology,"805 W Laveta Ave,  Ste 104",Orange,CA,92868,,,,,33.78067,-117.860807,clinical,CMS_CLIA,(714) 288-4044,05D0888613,Routine Chemistry,19950228,,,,
CLIA_CA_00746,Precision Medical Laboratories,Precision Medical Laboratories,"5901 W Olympic Blvd, Ste 501",Los Angeles,CA,90036,,,,,34.057584,-118.35991,clinical,CMS_CLIA,(323) 934-8877,05D0889009,Routine Chemistry,20230725,,,,
CLIA_CA_00747,"Eric A Lewis, A Medical Corporation","Eric A Lewis, A Medical Corporation","8920 Wilshire Blvd, Ste 601",Beverly Hills,CA,90211,,,,,34.066981,-118.386428,clinical,CMS_CLIA,(310) 289-9700,05D0889358,Routine Chemistry,20240918,,,,
CLIA_CA_00748,"Baysport, Inc","Baysport, Inc",14830 Los Gatos Blvd Ste 101,Los Gatos,CA,95032,,,,,,,clinical,CMS_CLIA,(408) 395-7300,05D0889453,Routine Chemistry,19960116,1699779140,LINDA EMERY,"Vice President, CFO",4083957300
CLIA_CA_00749,San Diego Associates In Family Medicine,San Diego Associates In Family Medicine,"5222 Balboa Avenue, #31",San Diego,CA,92117,,,,,32.818773,-117.183572,clinical,CMS_CLIA,(858) 565-6394,05D0889756,Routine Chemistry,19951108,,,,
CLIA_CA_00750,"Malcolm Ke, Md A Professional Corporation","Malcolm Ke, Md A Professional Corporation",828 Manhattan Beach Blvd,Manhattan Beach,CA,90266,,,,,33.887314,-118.402158,clinical,CMS_CLIA,(310) 545-2900,05D0889914,Routine Chemistry,20260127,,,,
CLIA_CA_00751,Healthcare Partners Affiliates,Healthcare Partners Affiliates,797 S Fair Oaks Ave,Pasadena,CA,91105,,,,,34.131678,-118.150415,clinical,CMS_CLIA,(562) 988-7027,05D0890174,Routine Chemistry,20240130,,,,
CLIA_CA_00752,Glenn P Matney Md,Glenn P Matney Md,12402 Industrial Blvd Ste B-1,Victorville,CA,92392,,,,,34.476637,-117.282994,clinical,CMS_CLIA,(760) 245-9363,05D0890943,Routine Chemistry,19960711,,,,
CLIA_CA_00753,Bolsa Medical Group,Bolsa Medical Group,10362 Bolsa Avenue,Westminster,CA,92683,,,,,33.744925,-117.948443,clinical,CMS_CLIA,(714) 531-2091,05D0891062,Routine Chemistry,20030213,1720423833,KENNY HEINE,VP OF OPERATIONS,8589641506
CLIA_CA_00754,Dr Michelle Fiore Md Cm,Dr Michelle Fiore Md Cm,1010 Laurel St,San Carlos,CA,94070,,,,,37.501082,-122.254683,clinical,CMS_CLIA,(650) 591-8501,05D0891333,Routine Chemistry,20260109,,,,
CLIA_CA_00755,Healthcare Partners Affiliates Medical Group,Healthcare Partners Affiliates Medical Group,24221 Calle De La Louisa Ste 200,Laguna Hills,CA,92653,,,,,33.610596,-117.70972,clinical,CMS_CLIA,(562) 988-7027,05D0891753,Routine Chemistry,20220916,,,,
CLIA_CA_00756,Healthcare Partners Affiliates,Healthcare Partners Affiliates,2603 Via Campo,Montebello,CA,90640,,,,,34.032712,-118.124052,clinical,CMS_CLIA,(562) 988-7027,05D0892532,Routine Chemistry,20100326,,,,
CLIA_CA_00757,"Garcia, Lee And Concepcion Medical","Garcia, Lee And Concepcion Medical",7248 South Land Park Drive #205,Sacramento,CA,95831,,,,,38.494339,-121.511576,clinical,CMS_CLIA,(916) 392-7234,05D0892845,Routine Chemistry,19960222,,,,
CLIA_CA_00758,L Sloninsky Md & M Sanford Md Medical Group,L Sloninsky Md & M Sanford Md Medical Group,"150 N Robertson Blvd, Ste 304",Beverly Hills,CA,90211,,,,,34.068431,-118.383642,clinical,CMS_CLIA,(310) 854-3043,05D0893688,Routine Chemistry,20230718,,,,
CLIA_CA_00759,Bakersfield Family Medical Center,Bakersfield Family Medical Center,4580 California Ave,Bakersfield,CA,93309,,,,,35.365837,-119.053491,clinical,CMS_CLIA,(661) 369-0582,05D0893794,Routine Chemistry,20210729,1013912641,JU HWAN LEE,MEDICAL DIRECTOR,6613274411
CLIA_CA_00760,"Endoscopy Center, Inc, The","Endoscopy Center, Inc, The",870 Shasta St Ste 100,Yuba City,CA,95991,,,,,39.141654,-121.616242,clinical,CMS_CLIA,(530) 671-3671,05D0894234,Routine Chemistry,19960327,,,,
CLIA_CA_00761,Claremont Medical Center,Claremont Medical Center,995 W Foothill Blvd,Claremont,CA,91711,,,,,,,clinical,CMS_CLIA,(909) 399-1900,05D0895021,Routine Chemistry,20210716,1730673732,MOHITKUMAR ARDESHANA,Medical Director,5625690678
CLIA_CA_00762,Unilab Corporation Dba Quest Diagnostics,Unilab Corporation Dba Quest Diagnostics,7000 Boulder Ave,Highland,CA,92346,,,,,34.126659,-117.195609,clinical,CMS_CLIA,(909) 425-3358,05D0895056,Routine Chemistry,20120912,,,,
CLIA_CA_00763,Tahoe Forest Multispecialty Clinic Tahoe City,Tahoe Forest Multispecialty Clinic Tahoe City,925 N Lake Blvd Ste 102,Tahoe City,CA,96145,,,,,39.173817,-120.13815,clinical,CMS_CLIA,(530) 581-8864,05D0895264,Routine Chemistry,19980825,,,,
CLIA_CA_00764,Santa Barbara Internal Med Group,Santa Barbara Internal Med Group,5333 Hollister Ave Suite 201,Santa Barbara,CA,93111,,,,,34.434895,-119.809764,clinical,CMS_CLIA,(805) 964-9858,05D0895905,Routine Chemistry,19960131,,,,
CLIA_CA_00765,Kindred Hospital Brea,Kindred Hospital Brea,875 N Brea Blvd,Brea,CA,92821,,,,,33.934273,-117.893326,clinical,CMS_CLIA,(714) 529-6842,05D0896064,Routine Chemistry,20221024,,,,
CLIA_CA_00766,Keith Mark Gross Md Inc,Keith Mark Gross Md Inc,"12550 Hesperia Rd, Ste 218",Victorville,CA,92395,,,,,34.479155,-117.291013,clinical,CMS_CLIA,(760) 951-9895,05D0896408,Routine Chemistry,20250724,1871658278,KEITH GROSS,Owner,9093358638
CLIA_CA_00767,Jay Applebaum Md Inc,Jay Applebaum Md Inc,"17601 E 17th St, Ste 110",Tustin,CA,92780,,,,,33.759967,-117.82538,clinical,CMS_CLIA,(714) 790-0005,05D0896423,Routine Chemistry,20240812,,,,
CLIA_CA_00768,Hana Medical Group Inc,Hana Medical Group Inc,8615 Knott Avenue Ste 3,Buena Park,CA,90620,,,,,,,clinical,CMS_CLIA,(714) 527-4833,05D0896836,Routine Chemistry,19991130,,,,
CLIA_CA_00769,"Samuel A Bolivar, Md Inc","Samuel A Bolivar, Md Inc",10600 Magnolia Ave Ste J,Riverside,CA,92505,,,,,33.90837,-117.467513,clinical,CMS_CLIA,(951) 352-3417,05D0896974,Routine Chemistry,19951115,,,,
CLIA_CA_00770,Premier Dialysis Center,Premier Dialysis Center,7612 Atlantic Avenue,Cudahy,CA,90201,,,,,33.966433,-118.187002,clinical,CMS_CLIA,(323) 562-5511,05D0897386,Routine Chemistry,19951201,1073576153,SAMUEL WEY,"VP, Licensure & Certification",6153416641
CLIA_CA_00771,Vsita Specialty Hospital Of La Mirada,Vsita Specialty Hospital Of La Mirada,14900 East Imperial Highway,La Mirada,CA,90638,,,,,33.917068,-118.012837,clinical,CMS_CLIA,(562) 777-3671,05D0897627,Routine Chemistry,20190529,,,,
CLIA_CA_00772,South Coast Pediatrics,South Coast Pediatrics,1619 N Spurgeon,Santa Ana,CA,92701,,,,,33.759163,-117.865129,clinical,CMS_CLIA,(714) 558-9393,05D0898130,Routine Chemistry,19951116,1083736474,JACOB WOLSZTEJN,OWNER,7145589393
CLIA_CA_00773,Premier Pediatrics Beverly Hills,Premier Pediatrics Beverly Hills,8907 Wilshire Blvd Ste 250,Beverly Hills,CA,90211,,,,,34.067092,-118.38591,clinical,CMS_CLIA,(310) 247-8687,05D0898777,Routine Chemistry,19951128,1235471277,MICHAEL SACHS,C.E.O,3102478687
CLIA_CA_00774,Family Medical Urgent Care,Family Medical Urgent Care,34675 Yucaipa Blvd Ste 110,Yucaipa,CA,92399,,,,,34.033825,-117.048093,clinical,CMS_CLIA,(909) 790-1837,05D0899358,Routine Chemistry,19960320,,,,
CLIA_CA_00775,Graybill Medical Group,Graybill Medical Group,"3142 Vista Way, Suite 100",Oceanside,CA,92056,,,,,33.182575,-117.325394,clinical,CMS_CLIA,(760) 291-6700,05D0899428,Routine Chemistry,19960131,,,,
CLIA_CA_00776,Arthritis And Osteoporosis,Arthritis And Osteoporosis,5451 La Palma Ave Ste 23,La Palma,CA,90623,,,,,33.846405,-118.038642,clinical,CMS_CLIA,(714) 670-1340,05D0900331,Routine Chemistry,20160125,,,,
CLIA_CA_00777,Kids-Care Pediatrics Medical Group Inc,Kids-Care Pediatrics Medical Group Inc,"947 South Anaheim Boulevard, Suite #200",Anaheim,CA,92805,,,,,33.822049,-117.909493,clinical,CMS_CLIA,(714) 778-0623,05D0900397,Routine Chemistry,19951130,,,,
CLIA_CA_00778,Kids-Care Medical Group Inc,Kids-Care Medical Group Inc,1164 North Euclid Street,Anaheim,CA,92801,,,,,33.849049,-117.941634,clinical,CMS_CLIA,(714) 778-0613,05D0900398,Routine Chemistry,19951114,,,,
CLIA_CA_00779,"Compton Family Medical Clinic, Inc","Compton Family Medical Clinic, Inc",2210 East Compton Boulevard,Compton,CA,90221,,,,,33.896036,-118.199422,clinical,CMS_CLIA,(310) 635-1852,05D0900510,Routine Chemistry,19961213,,,,
CLIA_CA_00780,Consultorio Medico Latino Medical Center,Consultorio Medico Latino Medical Center,15730 Paramount Boulevard,Paramount,CA,90723,,,,,33.890769,-118.159949,clinical,CMS_CLIA,(562) 630-1000,05D0900734,Routine Chemistry,20040120,1518996313,BEHROOZ YAGOOBIAN,President,5626341000
CLIA_CA_00781,Paradise Medical Group - Pediatrics,Paradise Medical Group - Pediatrics,1010 Mangrove Ave Suite A,Chico,CA,95926,,,,,39.739749,-121.836835,clinical,CMS_CLIA,(530) 877-5437,05D0900800,Routine Chemistry,19951208,,,,
CLIA_CA_00782,Kaiser Foundation Hospital Roseville Laboratory,Kaiser Foundation Hospital Roseville Laboratory,1600 Eureka Road,Roseville,CA,95661,,,,,38.748312,-121.247735,clinical,CMS_CLIA,(916) 784-4542,05D0901517,Routine Chemistry,19980727,,,,
CLIA_CA_00783,"San Martin De Porres Med Clnc Of South Gate, Inc","San Martin De Porres Med Clnc Of South Gate, Inc",10001 California Avenue,South Gate,CA,90280,,,,,33.943525,-118.207677,clinical,CMS_CLIA,(323) 564-4408,05D0901845,Routine Chemistry,19970117,,,,
CLIA_CA_00784,"Naresh J Ganesh, Md","Naresh J Ganesh, Md","15982 Tuscola Road, Suite A",Apple Valley,CA,92307,,,,,34.542665,-117.26935,clinical,CMS_CLIA,(760) 946-4600,05D0901899,Routine Chemistry,19980904,,,,
CLIA_CA_00785,West Gastroenterology Medical Group,West Gastroenterology Medical Group,"2880 Atlantic Ave, Ste 100",Long Beach,CA,90806,,,,,33.809617,-118.184947,clinical,CMS_CLIA,(562) 247-4050,05D0901946,Routine Chemistry,20241205,,,,
CLIA_CA_00786,Anvar Medical Group,Anvar Medical Group,"9335 Reseda Blvd,  Ste 100",Northridge,CA,91324,,,,,34.239766,-118.536156,clinical,CMS_CLIA,(818) 349-9966,05D0902197,Routine Chemistry,19951115,1831539485,BARDIA ANVAR,President,3104455999
CLIA_CA_00787,Tao T Nguyen,Tao T Nguyen,6043 Atlantic Blvd,Maywood,CA,90270,,,,,33.98456,-118.186029,clinical,CMS_CLIA,(323) 583-6516,05D0902718,Routine Chemistry,19951114,,,,
CLIA_CA_00788,Los Angeles Endoscopy Center,Los Angeles Endoscopy Center,266 S Harvard Blvd Ste 200,Los Angeles,CA,90004,,,,,34.069721,-118.304059,clinical,CMS_CLIA,(213) 387-9000,05D0903745,Routine Chemistry,19970221,1225188808,WINNIE KIM,Billing Manager,2133879000
CLIA_CA_00789,Newport Harbor Pathology,Newport Harbor Pathology,27700 Medical Center Rd,Mission Viejo,CA,92691,,,,,33.562762,-117.667677,clinical,CMS_CLIA,(949) 364-7710,05D0903813,Routine Chemistry,19971126,,,,
CLIA_CA_00790,"Dermatology Specialists, Inc","Dermatology Specialists, Inc","25495 Medical Center Dr,  Ste 200",Murrieta,CA,92562,,,,,33.557891,-117.183873,clinical,CMS_CLIA,(951) 304-7546,05D0904002,Routine Chemistry,20250729,1144410945,JANE LISK,Administrator,7607577546
CLIA_CA_00791,"Mirhran Shirinian, Md","Mirhran Shirinian, Md",1505 Wilson Terrace #340,Glendale,CA,91206,,,,,34.149699,-118.231424,clinical,CMS_CLIA,(818) 543-7574,05D0904606,Routine Chemistry,19990921,,,,
CLIA_CA_00792,Akeso Occupational Health,Akeso Occupational Health,11817 E Telegraph Rd,Santa Fe Springs,CA,90670,,,,,33.945196,-118.08052,clinical,CMS_CLIA,(562) 949-9328,05D0906270,Routine Chemistry,19950929,,,,
CLIA_CA_00793,"Hassan A Kobaissi, Dpm","Hassan A Kobaissi, Dpm","3180 Colima Rd,  Ste A",Hacienda Heights,CA,91745,,,,,,,clinical,CMS_CLIA,(626) 477-3264,05D0906280,Routine Chemistry,19951116,,,,
CLIA_CA_00794,De Anza Family Urgent Care,De Anza Family Urgent Care,1001 Blair Street,Calexico,CA,92231,,,,,32.678296,-115.490766,clinical,CMS_CLIA,(760) 768-5055,05D0906507,Routine Chemistry,20020110,,,,
CLIA_CA_00795,Reseda Medical Clinic,Reseda Medical Clinic,18355 Sherman Way,Reseda,CA,91335,,,,,34.201231,-118.533599,clinical,CMS_CLIA,(818) 343-0964,05D0906510,Routine Chemistry,19951109,,,,
CLIA_CA_00796,Golden State Dermatology Associates,Golden State Dermatology Associates,355 Lennon Ln Ste 255,Walnut Creek,CA,94598,,,,,37.927724,-122.030049,clinical,CMS_CLIA,(925) 932-7704,05D0906539,Routine Chemistry,20230719,,,,
CLIA_CA_00797,Pacific Bay Dermatology,Pacific Bay Dermatology,"284 Foam St, 2nd Flr Ste 28",Monterey,CA,93940,,,,,36.610981,-121.898232,clinical,CMS_CLIA,(831) 372-3228,05D0907249,Routine Chemistry,20201008,,,,
CLIA_CA_00798,Rancho Family Medical Group Inc,Rancho Family Medical Group Inc,"28780 Single Oak Drive, #160",Temecula,CA,92590,,,,,33.498938,-117.160298,clinical,CMS_CLIA,(951) 676-4193,05D0909039,Routine Chemistry,20080902,,,,
CLIA_CA_00799,Joshua Wieder Md,Joshua Wieder Md,12301 Wilshire Blvd Ste 201,Los Angeles,CA,90025,,,,,34.042739,-118.469246,clinical,CMS_CLIA,(310) 207-8900,05D0910100,Routine Chemistry,20180411,,,,
CLIA_CA_00800,Connie Ho Md,Connie Ho Md,882 Emerson St Ste B,Palo Alto,CA,94301,,,,,37.441644,-122.158073,clinical,CMS_CLIA,(650) 323-8900,05D0910777,Routine Chemistry,20211122,,,,
CLIA_CA_00801,Pediatric & Adult Medicine Inc,Pediatric & Adult Medicine Inc,18102 Irvine Blvd Ste 103,Tustin,CA,92780,,,,,33.748154,-117.817044,clinical,CMS_CLIA,(714) 565-7960,05D0911357,Routine Chemistry,20060426,,,,
CLIA_CA_00802,Women'S Health Center,Women'S Health Center,9940 Talbert Ave Ste 303,Fountain Valley,CA,92708,,,,,33.70161,-117.956297,clinical,CMS_CLIA,(714) 378-5618,05D0911622,Routine Chemistry,20211102,,,,
CLIA_CA_00803,Riverside Medical Clinic Inc,Riverside Medical Clinic Inc,6405 Day St,Riverside,CA,92507,,,,,,,clinical,CMS_CLIA,(951) 321-6307,05D0911852,Routine Chemistry,20250723,,,,
CLIA_CA_00804,Scpmg San Marcos Laboratory,Scpmg San Marcos Laboratory,400 Craven Rd,San Marcos,CA,92078,,,,,33.127422,-117.167957,clinical,CMS_CLIA,(442) 385-7705,05D0912268,Routine Chemistry,20260108,,,,
CLIA_CA_00805,Golden State Dermatology,Golden State Dermatology,"6769 N Fresno St, Ste 101",Fresno,CA,93710,,,,,36.837348,-119.781279,clinical,CMS_CLIA,(559) 435-0337,05D0912897,Routine Chemistry,20250904,,,,
CLIA_CA_00806,Kids And Teens Medical Group,Kids And Teens Medical Group,18372 Clark St Ste 226,Tarzana,CA,91356,,,,,34.169713,-118.532072,clinical,CMS_CLIA,(818) 361-5437,05D0913242,Routine Chemistry,20060227,,,,
CLIA_CA_00807,Madera Family Medical Group,Madera Family Medical Group,1111 W 4th St,Madera,CA,93637,,,,,36.955949,-120.073141,clinical,CMS_CLIA,(559) 673-3000,05D0913493,Routine Chemistry,20250206,,,,
CLIA_CA_00808,Bio Path Medical Group Inc,Bio Path Medical Group Inc,17100 Euclid St,Fountain Valley,CA,92708,,,,,33.71234,-117.937105,clinical,CMS_CLIA,(714) 433-1330,05D0914742,Routine Chemistry,20260302,,,,
CLIA_CA_00809,"Primex Clinical Laboratories, Inc","Primex Clinical Laboratories, Inc","16742 Stagg St, Ste 120",Van Nuys,CA,91406,,,,,34.213103,-118.49821,clinical,CMS_CLIA,(818) 779-0496,05D0914812,Routine Chemistry,20231018,,,,
CLIA_CA_00810,Newport Beach Orange Coast,Newport Beach Orange Coast,"1525 Superior Avenue, Suite 114",Newport Beach,CA,92663,,,,,33.629567,-117.930217,clinical,CMS_CLIA,(949) 646-6999,05D0914815,Routine Chemistry,19970225,,,,
CLIA_CA_00811,Healthcare Partners Affiliates,Healthcare Partners Affiliates,900 N Western Ave,San Pedro,CA,90732,,,,,33.75117,-118.30892,clinical,CMS_CLIA,(562) 988-7027,05D0914886,Routine Chemistry,19960524,,,,
CLIA_CA_00812,Aw Cytohistology Laboratory,Aw Cytohistology Laboratory,1700 C St,Bakersfield,CA,93301,,,,,35.374426,-119.026947,clinical,CMS_CLIA,(661) 325-2640,05D0916538,Routine Chemistry,20250313,,,,
CLIA_CA_00813,San Jacinto Family & Urgent Care,San Jacinto Family & Urgent Care,229 W 7th St,San Jacinto,CA,92583,,,,,33.780346,-116.960273,clinical,CMS_CLIA,(951) 487-2550,05D0916779,Routine Chemistry,20130823,,,,
CLIA_CA_00814,"Prometheus Laboratories, Inc","Prometheus Laboratories, Inc",9410 Carroll Park Dr,San Diego,CA,92121,,,,,32.887751,-117.174214,clinical,CMS_CLIA,(858) 587-4124,05D0917432,Routine Chemistry,20000815,,,,
CLIA_CA_00815,"Bipinchandra V Bhagat Md, Inc","Bipinchandra V Bhagat Md, Inc",17290 Jasmin Street #101,Victorville,CA,92395,,,,,34.474984,-117.285673,clinical,CMS_CLIA,(760) 951-2400,05D0918300,Routine Chemistry,20070911,,,,
CLIA_CA_00816,"Razmik Ohanjanian, Md, Inc","Razmik Ohanjanian, Md, Inc",511 Western Ave,Glendale,CA,91201,,,,,34.162785,-118.298542,clinical,CMS_CLIA,(818) 240-5588,05D0918536,Routine Chemistry,20231106,,,,
CLIA_CA_00817,Laboratory Corporation Of America,Laboratory Corporation Of America,2111 Iowa Ave Ste G,Riverside,CA,92507,,,,,33.992749,-117.339884,clinical,CMS_CLIA,(951) 222-4586,05D0918619,Routine Chemistry,20230223,1053630251,KIMBERLY WILLIAMS,Vice President,8002227566
CLIA_CA_00818,La Libertad Medical Clinic,La Libertad Medical Clinic,8225 Long Beach Blvd,South Gate,CA,90280,,,,,33.964087,-118.22523,clinical,CMS_CLIA,(213) 585-1056,05D0918737,Routine Chemistry,19961224,,,,
CLIA_CA_00819,Healthcare Partners Affiliates Medical Group,Healthcare Partners Affiliates Medical Group,225 W Broadway Ste 100,Glendale,CA,91204,,,,,34.146648,-118.256741,clinical,CMS_CLIA,(562) 988-7027,05D0919174,Routine Chemistry,20230509,,,,
CLIA_CA_00820,"Duong Christopher Bui, Md","Duong Christopher Bui, Md",202 N Euclid St Ste 201,Santa Ana,CA,92703,,,,,33.746085,-117.937595,clinical,CMS_CLIA,(714) 531-3535,05D0920591,Routine Chemistry,20230519,,,,
CLIA_CA_00821,Laser Skin Care Center,Laser Skin Care Center,"3828 Schaufele Ave, Ste 300",Long Beach,CA,90808,,,,,33.82844,-118.147915,clinical,CMS_CLIA,(562) 414-6452,05D0921451,Routine Chemistry,20241211,,,,
CLIA_CA_00822,Huntington Reproductive Center,Huntington Reproductive Center,20360 Sw Birch St,Newport Beach,CA,92660,,,,,33.657311,-117.877078,clinical,CMS_CLIA,(949) 287-5600,05D0921495,Routine Chemistry,20250508,,,,
CLIA_CA_00823,"California Heart Medical Assoc, Inc","California Heart Medical Assoc, Inc",7215 N Fresno Street   Suite 103,Fresno,CA,93720,,,,,36.84192,-119.783145,clinical,CMS_CLIA,(559) 438-1111,05D0922550,Routine Chemistry,19970114,,,,
CLIA_CA_00824,Laboratory Corporation Of America,Laboratory Corporation Of America,605 E Huntington Dr Ste 209,Monrovia,CA,91016,,,,,34.140674,-117.991651,clinical,CMS_CLIA,(626) 471-3500,05D0925263,Routine Chemistry,20121213,1730459025,KIMBERLY WILLIAMS,VP,8002227566
CLIA_CA_00825,"Us Desilva Md, Amc","Us Desilva Md, Amc",623 W Ave Q Ste A,Palmdale,CA,93551,,,,,34.587247,-118.141276,clinical,CMS_CLIA,(661) 726-6255,05D0925453,Routine Chemistry,19970422,,,,
CLIA_CA_00826,Epic Care,Epic Care,400 Taylor Blvd Ste 302-B,Pleasant Hill,CA,94523,,,,,37.961295,-122.073181,clinical,CMS_CLIA,(925) 687-2570,05D0925712,Routine Chemistry,20140602,1780107797,BIMAL PATEL,President,9257780679
CLIA_CA_00827,Los Angeles Hematology,Los Angeles Hematology,2080 Century Park East  #1005,Los Angeles,CA,90067,,,,,34.058745,-118.412157,clinical,CMS_CLIA,(310) 229-3555,05D0925718,Routine Chemistry,20251217,,,,
CLIA_CA_00828,"Kambiz Afrasiabi, Md","Kambiz Afrasiabi, Md",2571 W La Palma Ave,Anaheim,CA,92801,,,,,33.846896,-117.975075,clinical,CMS_CLIA,(714) 827-9797,05D0925749,Routine Chemistry,20031203,,,,
CLIA_CA_00829,Magnolia Clinica Medica Familiar,Magnolia Clinica Medica Familiar,9939 Magnolia Ave,Riverside,CA,92503,,,,,33.915787,-117.454736,clinical,CMS_CLIA,(951) 687-8802,05D0925790,Routine Chemistry,20040712,1235138363,JAVIER RIOS,Owner / Medical Director,9513543221
CLIA_CA_00830,Uci Health - Lakewood,Uci Health - Lakewood,3700 E South St,Lakewood,CA,90712,,,,,33.860161,-118.149255,clinical,CMS_CLIA,(562) 602-6771,05D0926672,Routine Chemistry,20070316,1689608150,RANDOLPH SIWABESSY,Sr VP and CFO,7144565180
CLIA_CA_00831,"Jean Gordon, Md Phd Inc","Jean Gordon, Md Phd Inc","2660 Solace Pl, Ste C",Mountain View,CA,94040,,,,,37.366771,-122.079312,clinical,CMS_CLIA,(650) 938-6559,05D0927199,Routine Chemistry,20251002,,,,
CLIA_CA_00832,"Patricia A. Brotman, M.D. Inc., Lab","Patricia A. Brotman, M.D. Inc., Lab","15944 Los Serranos Country Club Dr, Ste 180",Chino Hills,CA,91709,,,,,33.963477,-117.695717,clinical,CMS_CLIA,(909) 393-3393,05D0927395,Routine Chemistry,20250123,,,,
CLIA_CA_00833,Biomat Usa Inc,Biomat Usa Inc,7150 El Cajon Blvd,San Diego,CA,92115,,,,,32.768814,-117.043729,clinical,CMS_CLIA,(619) 521-5850,05D0928141,Routine Chemistry,20110217,,,,
CLIA_CA_00834,Obstetrics & Gynecology Medical,Obstetrics & Gynecology Medical,"2626 Edith Avenue, #B",Redding,CA,96001,,,,,40.570857,-122.397455,clinical,CMS_CLIA,(530) 244-2130,05D0928170,Routine Chemistry,20070620,,,,
CLIA_CA_00835,Michael K Burns Md,Michael K Burns Md,450 Sutter St Ste 1412,San Francisco,CA,94108,,,,,37.789382,-122.407803,clinical,CMS_CLIA,(415) 362-4565,05D0928815,Routine Chemistry,20230803,,,,
CLIA_CA_00836,"Core Analytics Laboratory, Inc","Core Analytics Laboratory, Inc",14735 Califa St,Van Nuys,CA,91411,,,,,34.177615,-118.45456,clinical,CMS_CLIA,(818) 906-2614,05D0928967,Routine Chemistry,20250520,,,,
CLIA_CA_00837,"Armen A Kassabian, Md","Armen A Kassabian, Md",2701 W Alameda Ave Ste 506,Burbank,CA,91505,,,,,34.157565,-118.330233,clinical,CMS_CLIA,(818) 845-0611,05D0929479,Routine Chemistry,20210210,,,,
CLIA_CA_00838,American Skin Institute,American Skin Institute,4836 Van Nuys Blvd,Sherman Oaks,CA,91403,,,,,34.158547,-118.448626,clinical,CMS_CLIA,(818) 907-7546,05D0929654,Routine Chemistry,20250207,,,,
CLIA_CA_00839,J Robert West Md Inc,J Robert West Md Inc,"477 N El Camino Real, Ste D-308",Encinitas,CA,92024,,,,,33.057266,-117.262532,clinical,CMS_CLIA,(760) 436-2300,05D0930056,Routine Chemistry,20240501,,,,
CLIA_CA_00840,"Choc Psf Division Of Allergy,","Choc Psf Division Of Allergy,",725 W La Veta Ave Ste 100,Orange,CA,92868,,,,,33.78067,-117.859987,clinical,CMS_CLIA,(714) 509-3535,05D0930095,Routine Chemistry,20151005,,,,
CLIA_CA_00841,Mb Dermatology And Cosmetic Surgery,Mb Dermatology And Cosmetic Surgery,"14650 Aviation Blvd, Ste 235",Hawthorne,CA,90250,,,,,,,clinical,CMS_CLIA,(310) 643-9333,05D0930212,Routine Chemistry,20260126,,,,
CLIA_CA_00842,Pasteur Inc Dba Sinai Labs,Pasteur Inc Dba Sinai Labs,6700 Valjean Ave,Van Nuys,CA,91406,,,,,34.192106,-118.485762,clinical,CMS_CLIA,(310) 873-6380,05D0930353,Routine Chemistry,20250326,,,,
CLIA_CA_00843,Csi Medical Group-Palm Desert,Csi Medical Group-Palm Desert,"36867 Cook St, Ste 101",Palm Desert,CA,92211,,,,,33.780073,-116.35583,clinical,CMS_CLIA,(760) 341-1999,05D0930533,Routine Chemistry,20250828,,,,
CLIA_CA_00844,"Crestview Clinical Laboratory, Llc","Crestview Clinical Laboratory, Llc","5 Holland, Ste 209",Irvine,CA,92618,,,,,,,clinical,CMS_CLIA,(877) 429-6607,05D0930808,Routine Chemistry,20240806,,,,
CLIA_CA_00845,Accredited Dermatology Medical Clinic Inc,Accredited Dermatology Medical Clinic Inc,"301 W Bastanchury Rd, Ste 245",Fullerton,CA,92835,,,,,,,clinical,CMS_CLIA,(714) 525-3500,05D0930903,Routine Chemistry,20240205,1871697136,PATRICK DAHL,Physician,7145253500
CLIA_CA_00846,Palos Verdes Medical Group,Palos Verdes Medical Group,"550 Deep Valley Drive, Ste 319",Rolling Hills,CA,90274,,,,,33.772401,-118.374466,clinical,CMS_CLIA,(310) 544-6858,05D0931219,Routine Chemistry,20221027,,,,
CLIA_CA_00847,Vasanth Vishwanath Md Inc,Vasanth Vishwanath Md Inc,7075 N Maple Ave Ste 102,Fresno,CA,93720,,,,,36.838781,-119.745348,clinical,CMS_CLIA,(559) 299-8800,05D0931296,Routine Chemistry,20240613,,,,
CLIA_CA_00848,Csi Medical Group,Csi Medical Group,"4201 Torrance Blvd, Ste 640",Torrance,CA,90503,,,,,33.837632,-118.358062,clinical,CMS_CLIA,(310) 543-4444,05D0932355,Routine Chemistry,20251103,1871909804,ERIC SCHWEIGER,Owner,2122833000
CLIA_CA_00849,Ocean Skin And Vein Institute Inc,Ocean Skin And Vein Institute Inc,"13420 Newport Ave, Ste G",Tustin,CA,92780,,,,,33.744685,-117.815388,clinical,CMS_CLIA,(714) 731-0016,05D0932547,Routine Chemistry,20250825,,,,
CLIA_CA_00850,Arnold Greenberg Md Inc,Arnold Greenberg Md Inc,5810 Jameson Court,Carmichael,CA,95608,,,,,38.651055,-121.328922,clinical,CMS_CLIA,(916) 979-0621,05D0932652,Routine Chemistry,20040226,1700977188,LARISA KRAVCHUK,Manager,9169790621
CLIA_CA_00851,Cabrillo Cardiology Medical Group Inc,Cabrillo Cardiology Medical Group Inc,"2241 Wankel Way, Suite C",Oxnard,CA,93030,,,,,34.216785,-119.147266,clinical,CMS_CLIA,(805) 983-0922,05D0932654,Routine Chemistry,20050405,,,,
CLIA_CA_00852,Reproductive Sciences Medical Center Laboratory,Reproductive Sciences Medical Center Laboratory,3661 Valley Centre Dr Ste 100,San Diego,CA,92130,,,,,32.937687,-117.234434,clinical,CMS_CLIA,(858) 436-7186,05D0932860,Routine Chemistry,19971010,,,,
CLIA_CA_00853,Children'S Recovery Center Laboratory,Children'S Recovery Center Laboratory,3777 S Bascom Ave,Campbell,CA,95008,,,,,37.259664,-121.947153,clinical,CMS_CLIA,(408) 558-3640,05D0932970,Routine Chemistry,20180524,,,,
CLIA_CA_00854,Valerius Medical Group And Research Center Of,Valerius Medical Group And Research Center Of,10861 Cherry St Ste 104,Los Alamitos,CA,90720,,,,,33.804882,-118.068028,clinical,CMS_CLIA,(562) 794-9801,05D0933376,Routine Chemistry,20051007,,,,
CLIA_CA_00855,Golden State Dermatology - Merced,Golden State Dermatology - Merced,"388 E Yosemite Ave, Ste 100",Merced,CA,95340,,,,,37.332064,-120.463531,clinical,CMS_CLIA,(209) 722-7801,05D0933383,Routine Chemistry,20241120,,,,
CLIA_CA_00856,Redding Dermatology,Redding Dermatology,"2135 Airpark Dr, Ste B",Redding,CA,96001,,,,,40.574943,-122.404768,clinical,CMS_CLIA,(530) 241-1111,05D0933384,Routine Chemistry,20240725,,,,
CLIA_CA_00857,Healthcare Partners Affiliates,Healthcare Partners Affiliates,"18546 Roscoe Blvd, Ste 300",Northridge,CA,91324,,,,,34.220652,-118.537387,clinical,CMS_CLIA,(562) 988-7027,05D0934287,Routine Chemistry,20250305,,,,
CLIA_CA_00858,Green Dermatologic Medical Group,Green Dermatologic Medical Group,"657 Camino De Los Mares, Ste 242",San Clemente,CA,92673,,,,,33.457685,-117.649465,clinical,CMS_CLIA,(949) 496-6066,05D0934428,Routine Chemistry,20250220,,,,
CLIA_CA_00859,"Edward M Kramer, Md, Inc","Edward M Kramer, Md, Inc",3055 W Orange Ave Ste 207,Anaheim,CA,92804,,,,,33.824771,-117.996616,clinical,CMS_CLIA,(714) 229-8246,05D0934502,Routine Chemistry,20250226,,,,
CLIA_CA_00860,Lurleen Benzian Md,Lurleen Benzian Md,"334 S Patterson Ave, Ste 105",Santa Barbara,CA,93111,,,,,34.433602,-119.809208,clinical,CMS_CLIA,(805) 964-1514,05D0935262,Routine Chemistry,20250509,,,,
CLIA_CA_00861,"Edward M Kramer Md, Inc","Edward M Kramer Md, Inc","27995 Greenfield Dr, Ste C",Laguna Niguel,CA,92677,,,,,33.556776,-117.69766,clinical,CMS_CLIA,(714) 229-8246,05D0935360,Routine Chemistry,20250710,,,,
CLIA_CA_00862,Foothill Regional Medical Center,Foothill Regional Medical Center,14662 Newport Ave,Tustin,CA,92780,,,,,33.73089,-117.829273,clinical,CMS_CLIA,(714) 619-7780,05D0935646,Routine Chemistry,20120410,1043632938,ROBERT ELDERS,Secretary,7147881249
CLIA_CA_00863,Carmichael Medical Clinic,Carmichael Medical Clinic,5444 Laurel Hills Dr,Sacramento,CA,95841,,,,,38.661724,-121.337281,clinical,CMS_CLIA,(916) 331-1333,05D0935658,Routine Chemistry,19981125,,,,
CLIA_CA_00864,Scpmg Bostonia Medical Offices,Scpmg Bostonia Medical Offices,1630 East Main,El Cajon,CA,92021,,,,,32.809064,-116.920858,clinical,CMS_CLIA,(619) 528-5545,05D0935935,Routine Chemistry,20080508,,,,
CLIA_CA_00865,"J Robert West, Md Inc Dba West Dermatology","J Robert West, Md Inc Dba West Dermatology","1300 Avenida Vista Hermosa, Ste 150",San Clemente,CA,92673,,,,,,,clinical,CMS_CLIA,(949) 489-4290,05D0936144,Routine Chemistry,20250107,,,,
CLIA_CA_00866,"J Robert West, Md Inc","J Robert West, Md Inc","805 Aerovista Pl, Ste 202",San Luis Obispo,CA,93401,,,,,,,clinical,CMS_CLIA,(805) 541-0688,05D0936146,Routine Chemistry,20250121,,,,
CLIA_CA_00867,West Valley Women'S Health,West Valley Women'S Health,777 Knowles Dr Ste 7,Los Gatos,CA,95032,,,,,37.261622,-121.961876,clinical,CMS_CLIA,(408) 370-1311,05D0936307,Routine Chemistry,20240826,,,,
CLIA_CA_00868,"Rancho Santa Fe Medical Group, Inc","Rancho Santa Fe Medical Group, Inc",3230 Waring Ct  Ste Q,Oceanside,CA,92056,,,,,33.187488,-117.290651,clinical,CMS_CLIA,(760) 591-9975,05D0936324,Routine Chemistry,20220825,,,,
CLIA_CA_00869,Advanced Family Care Medical Group,Advanced Family Care Medical Group,1201 E Florence Ave,Los Angeles,CA,90001,,,,,33.974832,-118.253942,clinical,CMS_CLIA,(323) 588-0084,05D0936609,Routine Chemistry,20050608,,,,
CLIA_CA_00870,"Reproductive Partners Medical Group- La Jolla, Inc","Reproductive Partners Medical Group- La Jolla, Inc",9850 Genesee Ave Ste 800,La Jolla,CA,92037,,,,,32.884871,-117.222559,clinical,CMS_CLIA,(858) 552-9177,05D0936662,Routine Chemistry,20111213,,,,
CLIA_CA_00871,Pacific Reproductive Center,Pacific Reproductive Center,3720 Lomita Blvd Ste 200,Torrance,CA,90505,,,,,33.814822,-118.348854,clinical,CMS_CLIA,(310) 376-7000,05D0936846,Routine Chemistry,20220607,,,,
CLIA_CA_00872,Coast Dermatology Medical Associates,Coast Dermatology Medical Associates,"23550 Hawthorne Blvd, Ste 200",Torrance,CA,90505,,,,,33.811863,-118.350938,clinical,CMS_CLIA,(310) 373-2636,05D0937015,Routine Chemistry,20241211,,,,
CLIA_CA_00873,Los Angeles Hematology/Oncology Medical Group,Los Angeles Hematology/Oncology Medical Group,"1505 Wilson Terrace, Ste 200",Glendale,CA,91206,,,,,34.149699,-118.231424,clinical,CMS_CLIA,(818) 409-0105,05D0937109,Routine Chemistry,20241017,,,,
CLIA_CA_00874,David A Laub  Md,David A Laub  Md,"591 Redwood Hwy, Ste 2210",Mill Valley,CA,94941,,,,,37.890618,-122.517133,clinical,CMS_CLIA,(415) 381-6661,05D0937820,Routine Chemistry,20250605,,,,
CLIA_CA_00875,Tower Nephrology Medical Group,Tower Nephrology Medical Group,"8641 Wilshire Blvd, Ste 300",Beverly Hills,CA,90211,,,,,34.066056,-118.379415,clinical,CMS_CLIA,(310) 652-9162,05D0937918,Routine Chemistry,20190705,1699754358,MICHAEL LEVINE,PARTNER,3106529162
CLIA_CA_00876,Reproductive Science Center Of The Bay Area,Reproductive Science Center Of The Bay Area,"100 Park Pl, Ste 200",San Ramon,CA,94583,,,,,37.772279,-121.989274,clinical,CMS_CLIA,(925) 867-1800,05D0937925,Routine Chemistry,20230925,,,,
CLIA_CA_00877,Quest Diagnostics,Quest Diagnostics,8403 Fallbrook Ave,West Hills,CA,91304,,,,,34.222944,-118.623563,clinical,CMS_CLIA,(805) 404-1352,05D0939429,Routine Chemistry,19980409,1366479099,LEAH TIMMERMAN,Vice President,9735202700
CLIA_CA_00878,Advance Dermatology & Laser,Advance Dermatology & Laser,"4560 Admiralty Way, Ste 101",Marina Del Rey,CA,90292,,,,,33.983183,-118.442668,clinical,CMS_CLIA,(310) 577-7544,05D0939439,Routine Chemistry,20241008,,,,
CLIA_CA_00879,"Parakrama T Chandrasoma, Md A Med Corp","Parakrama T Chandrasoma, Md A Med Corp",405 Linda Vista Ave,Pasadena,CA,91105,,,,,34.152352,-118.167463,clinical,CMS_CLIA,(626) 390-1420,05D0939440,Routine Chemistry,20250314,,,,
CLIA_CA_00880,"Michael Tahery Md, Inc","Michael Tahery Md, Inc","503 N Central Ave, Ste 200",Glendale,CA,91203,,,,,34.15293,-118.257985,clinical,CMS_CLIA,(818) 207-7409,05D0940223,Routine Chemistry,20250324,,,,
CLIA_CA_00881,J Robert West Md Inc,J Robert West Md Inc,"340 S Farrell Dr, Ste A205",Palm Springs,CA,92262,,,,,33.818768,-116.517992,clinical,CMS_CLIA,(760) 325-5588,05D0940586,Routine Chemistry,20250402,,,,
CLIA_CA_00882,Urology Associates Of The Central Coast,Urology Associates Of The Central Coast,116 S Palisade Dr Ste 110,Santa Maria,CA,93454,,,,,34.952693,-120.412077,clinical,CMS_CLIA,(805) 786-2500,05D0941106,Routine Chemistry,20210408,,,,
CLIA_CA_00883,Frankilin Chu Md Dba San Bernardino Urological,Frankilin Chu Md Dba San Bernardino Urological,489 E 21st St,San Bernardino,CA,92404,,,,,34.134025,-117.2752,clinical,CMS_CLIA,(909) 882-2973,05D0941157,Routine Chemistry,20131104,,,,
CLIA_CA_00884,Kindred Hospital Baldwin Park,Kindred Hospital Baldwin Park,14148 Francisquito Ave,Baldwin Park,CA,91706,,,,,34.063455,-117.967234,clinical,CMS_CLIA,(626) 388-2700,05D0942795,Routine Chemistry,20150820,1689984668,KATHY TEAGUE,"Vice President, Corporate Secretary",6292535121
CLIA_CA_00885,Urology Specialists Of Santa Barbara Inc,Urology Specialists Of Santa Barbara Inc,"5333 Hollister Avenue, Suite 275",Santa Barbara,CA,93111,,,,,34.434895,-119.809764,clinical,CMS_CLIA,(805) 687-7719,05D0943021,Routine Chemistry,20101001,1073087532,JULIE CHACKO,President,8056877719
CLIA_CA_00886,Outpatient Biopsy Center,Outpatient Biopsy Center,10632 Daines Dr,Temple City,CA,91780,,,,,34.102323,-118.038907,clinical,CMS_CLIA,(626) 703-2154,05D0943625,Routine Chemistry,20250915,1356840763,JAMES LEE,Director,6264977799
CLIA_CA_00887,Kuldip S Gill Md,Kuldip S Gill Md,280 Sierra College Dr Ste 205,Spring Hill,CA,95945,,,,,39.236066,-121.05332,clinical,CMS_CLIA,(530) 273-8452,05D0943651,Routine Chemistry,20170321,,,,
CLIA_CA_00888,Peter L Karlsberg Md Inc,Peter L Karlsberg Md Inc,1190 S Victoria Ave Ste 300,Ventura,CA,93003,,,,,34.263989,-119.212093,clinical,CMS_CLIA,(805) 677-1600,05D0943872,Routine Chemistry,20240304,,,,
CLIA_CA_00889,Pacific Dermatology,Pacific Dermatology,5924 Stoneridge Dr Ste 101,Pleasanton,CA,94588,,,,,37.697167,-121.931483,clinical,CMS_CLIA,(925) 426-8828,05D0944035,Routine Chemistry,20221118,,,,
CLIA_CA_00890,Community Health Partners Dba,Community Health Partners Dba,7230 N Millbrook Ave,Fresno,CA,93720,,,,,36.840322,-119.765412,clinical,CMS_CLIA,(559) 721-2455,05D0945179,Routine Chemistry,20031118,,,,
CLIA_CA_00891,Ocean Skin And Vein Institute,Ocean Skin And Vein Institute,"1101 N Sepulveda Blvd, Ste 100",Manhattan Beach,CA,90266,,,,,33.886629,-118.396063,clinical,CMS_CLIA,(310) 546-7780,05D0945248,Routine Chemistry,20240730,,,,
CLIA_CA_00892,Csi Medical Group - San Jose,Csi Medical Group - San Jose,2420 Samaritan Dr,San Jose,CA,95124,,,,,37.251053,-121.945432,clinical,CMS_CLIA,(669) 240-2625,05D0946352,Routine Chemistry,20251008,,,,
CLIA_CA_00893,"Alyssa Youngjee Kim, Md","Alyssa Youngjee Kim, Md","18102 Irvine Blvd, Ste 206",Tustin,CA,92780,,,,,33.748154,-117.817044,clinical,CMS_CLIA,(949) 786-0908,05D0946552,Routine Chemistry,20251203,,,,
CLIA_CA_00894,Golden State Dermatology,Golden State Dermatology,400 Taylor Blvd Suite 301,Pleasant Hill,CA,94523,,,,,37.961295,-122.073181,clinical,CMS_CLIA,(925) 687-8882,05D0946554,Routine Chemistry,20230407,,,,
CLIA_CA_00895,J Robert West Md Inc,J Robert West Md Inc,"500 S Anaheim Hills Rd, Ste 210",Anaheim,CA,92807,,,,,33.84089,-117.778023,clinical,CMS_CLIA,(714) 974-3272,05D0946563,Routine Chemistry,20241205,,,,
CLIA_CA_00896,Alamitos Dermatological,Alamitos Dermatological,"17822 Beach Blvd, Ste 427",Huntington Beach,CA,92647,,,,,33.703404,-117.989,clinical,CMS_CLIA,(714) 842-7796,05D0946569,Routine Chemistry,20251028,,,,
CLIA_CA_00897,Urology Associates Of Central Ca,Urology Associates Of Central Ca,7014 N Whitney Ave,Fresno,CA,93720,,,,,36.838485,-119.742198,clinical,CMS_CLIA,(559) 321-2788,05D0946843,Routine Chemistry,20210527,,,,
CLIA_CA_00898,Scpmg High Desert -,Scpmg High Desert -,14011 Park Avenue,Victorville,CA,92392,,,,,34.505271,-117.326469,clinical,CMS_CLIA,(909) 302-8088,05D0947242,Routine Chemistry,20000726,,,,
CLIA_CA_00899,Skin And Beauty Center - Glendale South,Skin And Beauty Center - Glendale South,"1577 E Chevy Chase Dr, Ste 320",Glendale,CA,91206,,,,,34.15338,-118.229464,clinical,CMS_CLIA,(818) 790-3588,05D0947847,Routine Chemistry,20250625,,,,
CLIA_CA_00900,Scpmg Otay Mesa Medical Offices,Scpmg Otay Mesa Medical Offices,4650 Palm Ave,San Diego,CA,92154,,,,,32.583842,-117.03409,clinical,CMS_CLIA,(619) 528-6017,05D0948610,Routine Chemistry,20230616,,,,
CLIA_CA_00901,Richard E Hammond Md,Richard E Hammond Md,"334 S Patterson Ave, Ste 105",Santa Barbara,CA,93111,,,,,34.433602,-119.809208,clinical,CMS_CLIA,(805) 964-1514,05D0949570,Routine Chemistry,20250122,,,,
CLIA_CA_00902,Jerome Potozkin Md A Professional Corp,Jerome Potozkin Md A Professional Corp,"600 San Ramon Valley Blvd, Ste 102",Danville,CA,94526,,,,,37.816517,-121.996505,clinical,CMS_CLIA,(925) 838-4900,05D0950151,Routine Chemistry,20251121,,,,
CLIA_CA_00903,"Paul J Mcandrews, Md","Paul J Mcandrews, Md",50 Alessandro Pl Ste 115,Pasadena,CA,91105,,,,,34.130986,-118.150927,clinical,CMS_CLIA,(626) 405-1155,05D0950271,Routine Chemistry,20240123,,,,
CLIA_CA_00904,Santa Barbara Skin Care,Santa Barbara Skin Care,"2030 Viborg Rd,  Ste 202",Solvang,CA,93463,,,,,34.602411,-120.127385,clinical,CMS_CLIA,(805) 724-2343,05D0951234,Routine Chemistry,20130111,,,,
CLIA_CA_00905,Pathology Associates Laboratory,Pathology Associates Laboratory,"520 N Brookhurst St, Ste 119",Anaheim,CA,92801,,,,,33.838322,-117.958955,clinical,CMS_CLIA,(714) 818-0600,05D0951370,Routine Chemistry,20240207,,,,
CLIA_CA_00906,Viruch Vachirakorntong Md Inc,Viruch Vachirakorntong Md Inc,"705 E Virginia Way, Suite L",Barstow,CA,92311,,,,,34.888207,-117.018599,clinical,CMS_CLIA,(760) 256-0383,05D0951470,Routine Chemistry,20040817,,,,
CLIA_CA_00907,"Om P Chaurasia, Md","Om P Chaurasia, Md","26421 Crown Valley Pkwy, Ste 140A",Mission Viejo,CA,92691,,,,,33.564168,-117.660701,clinical,CMS_CLIA,(949) 365-8836,05D0951697,Routine Chemistry,20250619,,,,
CLIA_CA_00908,Ventura Co Hematology Oncology Spec,Ventura Co Hematology Oncology Spec,2900 Loma Vista Rd Ste 200,Ventura,CA,93003,,,,,34.275325,-119.257377,clinical,CMS_CLIA,(805) 643-4283,05D0951776,Routine Chemistry,19990317,,,,
CLIA_CA_00909,Scv Quality Care,Scv Quality Care,"23823 Valencia Blvd, Ste 160",Valencia,CA,91355,,,,,34.414394,-118.550615,clinical,CMS_CLIA,(661) 254-0026,05D0952603,Routine Chemistry,20120404,,,,
CLIA_CA_00910,"Advanced Dermatology And Skin Surgery, Inc","Advanced Dermatology And Skin Surgery, Inc","14830 Los Gatos Blvd, Ste 100",Los Gatos,CA,95032,,,,,,,clinical,CMS_CLIA,(408) 358-1256,05D0952859,Routine Chemistry,20260224,,,,
CLIA_CA_00911,Helton Skin & Laser Institute,Helton Skin & Laser Institute,"1901 Westcliff Dr,  Ste 2",Newport Beach,CA,92660,,,,,33.627084,-117.906853,clinical,CMS_CLIA,(949) 646-3376,05D0953069,Routine Chemistry,20240227,,,,
CLIA_CA_00912,"Desert Dermatology, Inc","Desert Dermatology, Inc","16785 Bear Valley Rd,  Ste 5",Hesperia,CA,92345,,,,,34.470856,-117.297383,clinical,CMS_CLIA,(760) 951-7762,05D0953924,Routine Chemistry,20230419,,,,
CLIA_CA_00913,"Newport Beach Ivf, Llc","Newport Beach Ivf, Llc",361 Hospital Rd Ste 433,Newport Beach,CA,92663,,,,,33.625763,-117.928399,clinical,CMS_CLIA,(949) 642-5954,05D0954008,Routine Chemistry,20150824,1275913683,GOLDIE GUPTA,CFO,6305367738
CLIA_CA_00914,Dermatology And Rejuvenation Medical Center Inc,Dermatology And Rejuvenation Medical Center Inc,2230 Lynn Rd Ste 105,Thousand Oaks,CA,91360,,,,,34.208581,-118.885122,clinical,CMS_CLIA,(805) 496-6611,05D0954151,Routine Chemistry,20251210,,,,
CLIA_CA_00915,Philipp R Melendez Md,Philipp R Melendez Md,608 34th Street,Bakersfield,CA,93301,,,,,35.390546,-119.008709,clinical,CMS_CLIA,(661) 325-7103,05D0956105,Routine Chemistry,20040220,,,,
CLIA_CA_00916,California Heart And Vascular Clinic,California Heart And Vascular Clinic,790 W Orange Ave Ste B,El Centro,CA,92243,,,,,32.788852,-115.561105,clinical,CMS_CLIA,(760) 353-3222,05D0956124,Routine Chemistry,20240725,,,,
CLIA_CA_00917,21St Century Diagnostic Laboratory,21St Century Diagnostic Laboratory,121 N Victory Blvd,Burbank,CA,91502,,,,,34.174073,-118.316826,clinical,CMS_CLIA,(323) 660-9480,05D0956168,Routine Chemistry,20250522,,,,
CLIA_CA_00918,"Alamitos Dermatological Medical Clinic, Inc","Alamitos Dermatological Medical Clinic, Inc",27725 Santa Margarita Pkwy Ste 110,Mission Viejo,CA,92691,,,,,,,clinical,CMS_CLIA,(949) 581-1588,05D0956602,Routine Chemistry,20241223,,,,
CLIA_CA_00919,Diagnostic Laboratory Science Inc,Diagnostic Laboratory Science Inc,7711 Garden Grove Blvd,Garden Grove,CA,92841,,,,,33.773879,-117.99745,clinical,CMS_CLIA,(310) 787-7022,05D0957076,Routine Chemistry,20241106,,,,
CLIA_CA_00920,Kaiser Foundation Hospitals,Kaiser Foundation Hospitals,"1011 Baldwin Park Blvd,  Room 2712",Baldwin Park,CA,91706,,,,,34.063477,-117.985846,clinical,CMS_CLIA,(626) 851-7572,05D0957357,Routine Chemistry,19990608,1508911405,MARGARET PIERCE,Executive Director,6268516801
CLIA_CA_00921,Fertility And Surgical Associates Of Ca,Fertility And Surgical Associates Of Ca,325 Rolling Oaks Ste 110,Thousand Oaks,CA,91361,,,,,34.173297,-118.864691,clinical,CMS_CLIA,(805) 778-1122,05D0957900,Routine Chemistry,20021025,,,,
CLIA_CA_00922,"La Downtown Medical Center, Llc","La Downtown Medical Center, Llc",1711 W Temple St,Los Angeles,CA,90026,,,,,34.068683,-118.263021,clinical,CMS_CLIA,(213) 484-3517,05D0957949,Routine Chemistry,20010718,,,,
CLIA_CA_00923,Sacramento Heart & Vascular Med Assts,Sacramento Heart & Vascular Med Assts,500 University Avenue,Sacramento,CA,95825,,,,,38.569024,-121.418222,clinical,CMS_CLIA,(916) 830-2000,05D0958093,Routine Chemistry,20030312,,,,
CLIA_CA_00924,Kopelson Clinic,Kopelson Clinic,"414 N Camden Dr, Ste 640",Beverly Hills,CA,90210,,,,,34.068777,-118.404139,clinical,CMS_CLIA,(310) 271-7400,05D0958479,Routine Chemistry,20250415,,,,
CLIA_CA_00925,"Perris Valley Medical Group, Inc","Perris Valley Medical Group, Inc",126 Avocado Street Suite 207,Perris,CA,92571,,,,,33.810304,-117.225062,clinical,CMS_CLIA,(909) 657-0544,05D0958503,Routine Chemistry,19991210,,,,
CLIA_CA_00926,Santa Barbara Skin Care,Santa Barbara Skin Care,2320 Bath St Ste 205,Santa Barbara,CA,93105,,,,,34.43102,-119.722601,clinical,CMS_CLIA,(805) 569-1164,05D0958899,Routine Chemistry,20230830,,,,
CLIA_CA_00927,Newport Childrens Medical Group,Newport Childrens Medical Group,"1401 Avocado St, Ste 802",Newport Beach,CA,92660,,,,,33.611881,-117.870958,clinical,CMS_CLIA,(714) 488-6607,05D0959609,Routine Chemistry,20250805,,,,
CLIA_CA_00928,T I M M A Diagnostic Laboratory,T I M M A Diagnostic Laboratory,5620 Wilbur Ave Ste 330,Tarzana,CA,91356,,,,,34.172442,-118.544661,clinical,CMS_CLIA,(310) 918-9920,05D0960705,Routine Chemistry,20251204,,,,
CLIA_CA_00929,San Vicente Women'S Total Health,San Vicente Women'S Total Health,6310 San Vicente Blvd Ste 220,Los Angeles,CA,90048,,,,,34.061104,-118.367727,clinical,CMS_CLIA,(310) 274-9977,05D0961039,Routine Chemistry,20000309,,,,
CLIA_CA_00930,"Omni Women'S Health Medical Group, Inc","Omni Women'S Health Medical Group, Inc",3812 N First St,Fresno,CA,93726,,,,,36.786963,-119.772357,clinical,CMS_CLIA,(559) 495-3120,05D0961460,Routine Chemistry,20240612,1891997813,HAROLD GROOMS,DIRECTOR,5594953120
CLIA_CA_00931,Eurofins Donor & Product Testing Llc,Eurofins Donor & Product Testing Llc,1303 W Optical Dr Ste 380,Azusa,CA,91702,,,,,34.128682,-117.929268,clinical,CMS_CLIA,(855) 875-5227,05D0962012,Routine Chemistry,20230724,,,,
CLIA_CA_00932,Mission Ambulatory Surgicenter Ltd,Mission Ambulatory Surgicenter Ltd,"26730 Crown Valley Pkwy, Ste 100",Mission Viejo,CA,92691,,,,,33.563694,-117.664694,clinical,CMS_CLIA,(949) 364-2201,05D0962538,Routine Chemistry,20241226,,,,
CLIA_CA_00933,Tri Valley Urology Medical Group,Tri Valley Urology Medical Group,"25495 Medical Center Dr, Ste 204",Murrieta,CA,92562,,,,,33.557891,-117.183873,clinical,CMS_CLIA,(951) 698-1901,05D0963284,Routine Chemistry,20250828,1659471746,PHILIP BRODAK,Partner,9516981901
CLIA_CA_00934,Cheryl Ana Rosa Serr Md,Cheryl Ana Rosa Serr Md,1842 Buenaventura Blvd,Redding,CA,96001,,,,,40.582148,-122.42625,clinical,CMS_CLIA,(530) 225-8500,05D0964348,Routine Chemistry,20080421,,,,
CLIA_CA_00935,"Vsc Hbo, Llc","Vsc Hbo, Llc",393 S Tustin Street,Orange,CA,92866,,,,,33.782275,-117.835663,clinical,CMS_CLIA,(714) 289-2400,05D0964867,Routine Chemistry,20000106,1629965926,ROBERTA CONSOLVER,CEO,7142892400
CLIA_CA_00936,United Diagnostics Laboratory Llc,United Diagnostics Laboratory Llc,"4200 Latham St,  Ste C1",Riverside,CA,92501,,,,,34.001575,-117.372275,clinical,CMS_CLIA,(951) 403-3424,05D0965493,Routine Chemistry,20151007,,,,
CLIA_CA_00937,"West Coast Fertility Centers, Llc","West Coast Fertility Centers, Llc",11160 Warner Ave Ste 411,Fountain Valley,CA,92708,,,,,33.716269,-117.933969,clinical,CMS_CLIA,(714) 513-1399,05D0965523,Routine Chemistry,20220823,,,,
CLIA_CA_00938,Bio Corp Clinical Lab,Bio Corp Clinical Lab,"9825 Painter Ave, Ste  A-E",Whittier,CA,90605,,,,,33.947906,-118.048383,clinical,CMS_CLIA,(562) 946-5555,05D0965845,Routine Chemistry,20051207,,,,
CLIA_CA_00939,Bradley S Kurgis Do Inc,Bradley S Kurgis Do Inc,"1320 Las Tablas Rd, Ste B",Templeton,CA,93465,,,,,35.554432,-120.722611,clinical,CMS_CLIA,(805) 434-5563,05D0966368,Routine Chemistry,20240306,,,,
CLIA_CA_00940,Dermatology Treatment Center Of The South Bay,Dermatology Treatment Center Of The South Bay,3445 Pacific Coast Hwy Ste 220,Torrance,CA,90505,,,,,33.801642,-118.34517,clinical,CMS_CLIA,(310) 534-9100,05D0966628,Routine Chemistry,20180108,1740663160,CASSANDRA STARKS,Manager,3105349100
CLIA_CA_00941,Westchester Dermatology,Westchester Dermatology,8930 S Sepulveda Blvd Ste 104,Los Angeles,CA,90045,,,,,33.955676,-118.396044,clinical,CMS_CLIA,(310) 645-6001,05D0966774,Routine Chemistry,20230830,,,,
CLIA_CA_00942,Bayview Dermatology & Laser Medical,Bayview Dermatology & Laser Medical,360 San Miguel Dr Ste 603,Newport Beach,CA,92660,,,,,,,clinical,CMS_CLIA,(949) 721-8300,05D0966966,Routine Chemistry,20230418,,,,
CLIA_CA_00943,"Home Physicians Medical Group, Inc","Home Physicians Medical Group, Inc",4849 Ronson Ct Ste 217,San Diego,CA,92111,,,,,32.83014,-117.145884,clinical,CMS_CLIA,(858) 279-1212,05D0967482,Routine Chemistry,20111207,,,,
CLIA_CA_00944,"Tpmg, Inc  San Francisco 2238 Medical Office Lab","Tpmg, Inc  San Francisco 2238 Medical Office Lab",2238 Geary Boulevard,San Francisco,CA,94115,,,,,37.783352,-122.440202,clinical,CMS_CLIA,(415) 833-4054,05D0967629,Routine Chemistry,20020628,,,,
CLIA_CA_00945,Apex Cardiology Consultants,Apex Cardiology Consultants,501 E Hardy St Ste 200,Inglewood,CA,90301,,,,,33.94915,-118.349082,clinical,CMS_CLIA,(310) 672-3900,05D0967732,Routine Chemistry,20230420,1881669489,MASON WEISS,Managing Partner,3106723900
CLIA_CA_00946,Healthcare Partners Affiliates Medical Group,Healthcare Partners Affiliates Medical Group,"2600 Redondo Avenue,  Ste202",Long Beach,CA,90806,,,,,33.804485,-118.151276,clinical,CMS_CLIA,(562) 988-7027,05D0967736,Routine Chemistry,20220510,,,,
CLIA_CA_00947,"Archana Shende, Md","Archana Shende, Md","1211 West La Palma Avenue, #309",Anaheim,CA,92801,,,,,33.84718,-117.934369,clinical,CMS_CLIA,(714) 999-1050,05D0967783,Routine Chemistry,20050404,,,,
CLIA_CA_00948,Natural Image Lenore Sikorski Md,Natural Image Lenore Sikorski Md,"25500 Rancho Niguel Rd, Ste 290",Laguna Niguel,CA,92677,,,,,33.555129,-117.686083,clinical,CMS_CLIA,(949) 448-0487,05D0968423,Routine Chemistry,20240321,,,,
CLIA_CA_00949,Skin Care And Laser Physicians Of Beverly Hill,Skin Care And Laser Physicians Of Beverly Hill,"9201 W Sunset Blvd, Ste 602",West Hollywood,CA,90069,,,,,34.090535,-118.392456,clinical,CMS_CLIA,(310) 246-0495,05D0968426,Routine Chemistry,20250730,,,,
CLIA_CA_00950,Rebecca D Miller Md,Rebecca D Miller Md,"334 S Patterson Ave, Ste 105",Santa Barbara,CA,93111,,,,,34.433602,-119.809208,clinical,CMS_CLIA,(805) 964-1514,05D0968885,Routine Chemistry,20250509,,,,
CLIA_CA_00951,Kamran Torbati Md Inc,Kamran Torbati Md Inc,5525 Etiwanda Ave Ste 216,Tarzana,CA,91356,,,,,34.170016,-118.530881,clinical,CMS_CLIA,(818) 344-0300,05D0969198,Routine Chemistry,20020115,1952533259,KAMRAN TORBATI,PRESIDENT,8183440300
CLIA_CA_00952,Long Phi Dang Md Inc,Long Phi Dang Md Inc,7891 Westminster Blvd,Westminster,CA,92683,,,,,33.759482,-117.99145,clinical,CMS_CLIA,(714) 839-9091,05D0969686,Routine Chemistry,20201201,,,,
CLIA_CA_00953,"Megamed Clinical Laboratories, Inc","Megamed Clinical Laboratories, Inc",7302 Canby Ave,Reseda,CA,91335,,,,,34.203039,-118.534689,clinical,CMS_CLIA,(818) 776-3600,05D0969790,Routine Chemistry,20230727,,,,
CLIA_CA_00954,"Hrc Fertlity Management, Llc","Hrc Fertlity Management, Llc","1241 E Hillsdale Blvd, Ste 100",Foster City,CA,94404,,,,,37.566717,-122.267897,clinical,CMS_CLIA,(650) 378-1000,05D0969849,Routine Chemistry,20250930,,,,
CLIA_CA_00955,Ralph A Massey Md Inc,Ralph A Massey Md Inc,1260 15th St Ste 1401,Santa Monica,CA,90404,,,,,34.02667,-118.487003,clinical,CMS_CLIA,(310) 434-2495,05D0970408,Routine Chemistry,20250925,1174700702,RALPH MASSEY,President Medical Director,3104342495
CLIA_CA_00956,"Metrolab, Inc","Metrolab, Inc",16550 Ventura Blvd Ste 402,Encino,CA,91436,,,,,34.157646,-118.493345,clinical,CMS_CLIA,(818) 728-4300,05D0970561,Routine Chemistry,20210218,,,,
CLIA_CA_00957,Valley Family Medical Clinic,Valley Family Medical Clinic,1053 R Street,Fresno,CA,93721,,,,,36.740208,-119.782574,clinical,CMS_CLIA,(559) 233-3131,05D0970624,Routine Chemistry,20070215,1992994248,PATRICK TRAN,DIRECTOR,5592333131
CLIA_CA_00958,West Hills Dermatology Group,West Hills Dermatology Group,"7230 Medical Center Dr,  Ste 404",West Hills,CA,91307,,,,,34.201413,-118.629388,clinical,CMS_CLIA,(818) 592-6005,05D0971208,Routine Chemistry,20250303,,,,
CLIA_CA_00959,Santa Barbara Pulmonary Associate,Santa Barbara Pulmonary Associate,"2403 Castillo St, Ste 206",Santa Barbara,CA,93105,,,,,34.430525,-119.724306,clinical,CMS_CLIA,(805) 898-8840,05D0971726,Routine Chemistry,20250806,,,,
CLIA_CA_00960,Arroyo Oaks Medical Associates Inc,Arroyo Oaks Medical Associates Inc,"2230 Lynn Rd, Ste 200",Thousand Oaks,CA,91360,,,,,34.208581,-118.885122,clinical,CMS_CLIA,(805) 495-1066,05D0971833,Routine Chemistry,20240514,1225443518,KENNY HEINE,VP of Operations,8589641506
CLIA_CA_00961,Tcr Medical Corporation,Tcr Medical Corporation,"9025 Balboa Ave, Ste 105",San Diego,CA,92123,,,,,32.821508,-117.135438,clinical,CMS_CLIA,(858) 571-6800,05D0971834,Routine Chemistry,20250821,1902273386,DANIEL PIACQUADIO,President,8585716800
CLIA_CA_00962,Scpmg Barranca Medical Office-Mohs,Scpmg Barranca Medical Office-Mohs,6 Willard St,Irvine,CA,92604,,,,,33.674922,-117.790316,clinical,CMS_CLIA,(949) 262-5703,05D0972858,Routine Chemistry,20250701,,,,
CLIA_CA_00963,Iqvia Laboratories Llc,Iqvia Laboratories Llc,28454 Livingston Ave,Valencia,CA,91355,,,,,34.443026,-118.633042,clinical,CMS_CLIA,(661) 234-9653,05D0973151,Routine Chemistry,20190613,,,,
CLIA_CA_00964,"Raymond Bailey, Md","Raymond Bailey, Md","18370 Burbank Boulevard, Suite #211",Tarzana,CA,91356,,,,,34.172202,-118.534778,clinical,CMS_CLIA,(818) 776-2418,05D0973344,Routine Chemistry,20050519,,,,
CLIA_CA_00965,Caring Hearts Medical Clinic,Caring Hearts Medical Clinic,2401 Reo Dr,San Diego,CA,92139,,,,,32.675249,-117.064247,clinical,CMS_CLIA,(619) 479-6767,05D0973375,Routine Chemistry,20130315,1114938214,IYABO DARAMOLA,PRESIDENT,6194796767
CLIA_CA_00966,Brennan Medical Corporation,Brennan Medical Corporation,30 Brennan St,Watsonville,CA,95076,,,,,36.913562,-121.757708,clinical,CMS_CLIA,(831) 768-0220,05D0973378,Routine Chemistry,20111130,1619263712,MARK BYRNE,PRESIDENT,8317680220
CLIA_CA_00967,"Jessica P Wu, Md","Jessica P Wu, Md","433 N Camden Dr, Ste 620",Beverly Hills,CA,90210,,,,,34.068936,-118.404491,clinical,CMS_CLIA,(310) 473-5878,05D0974237,Routine Chemistry,20240625,,,,
CLIA_CA_00968,Bio-Path Medical Group Inc,Bio-Path Medical Group Inc,17150 Newhope St Ste 117,Fountain Valley,CA,92708,,,,,33.714591,-117.928342,clinical,CMS_CLIA,(714) 433-1330,05D0974660,Routine Chemistry,20260302,,,,
CLIA_CA_00969,Coastal Dermatology Medical,Coastal Dermatology Medical,"3615 Las Posas Rd, Ste F100",Camarillo,CA,93010,,,,,34.240728,-119.022088,clinical,CMS_CLIA,(805) 484-2813,05D0975145,Routine Chemistry,20251007,,,,
CLIA_CA_00970,Samer Alaiti Md,Samer Alaiti Md,1100 S La Cienega Blvd,Los Angeles,CA,90035,,,,,34.056973,-118.376109,clinical,CMS_CLIA,(310) 854-0500,05D0975161,Routine Chemistry,20250505,,,,
CLIA_CA_00971,Robin M Schaffran Md,Robin M Schaffran Md,8920 Wilshire Blvd Ste 545,Beverly Hills,CA,90211,,,,,34.066981,-118.386428,clinical,CMS_CLIA,(310) 854-3003,05D0975875,Routine Chemistry,20230823,,,,
CLIA_CA_00972,Institute For Progressive Medicine,Institute For Progressive Medicine,4 Hughes Rd Ste 175,Irvine,CA,92618,,,,,33.650878,-117.716015,clinical,CMS_CLIA,(949) 600-5100,05D0976347,Routine Chemistry,20051028,,,,
CLIA_CA_00973,"Marinelli & Feldman, Md","Marinelli & Feldman, Md",1915 Sunny Crest Dr,Fullerton,CA,92835,,,,,33.893418,-117.931374,clinical,CMS_CLIA,(714) 879-2410,05D0977537,Routine Chemistry,20001221,,,,
CLIA_CA_00974,Advanced Dermatology Care,Advanced Dermatology Care,"30300 Agoura Rd, Ste 200",Agoura Hills,CA,91301,,,,,34.145174,-118.782832,clinical,CMS_CLIA,(310) 738-6006,05D0978114,Routine Chemistry,20251104,,,,
CLIA_CA_00975,Karen D Allen Md,Karen D Allen Md,715 Tank Farm Rd Ste A,San Luis Obispo,CA,93401,,,,,35.248447,-120.642587,clinical,CMS_CLIA,(805) 543-4488,05D0979396,Routine Chemistry,20240308,,,,
CLIA_CA_00976,Advanced Dermatology Mobile Unit,Advanced Dermatology Mobile Unit,"631 West Ave Q, Ste D",Palmdale,CA,93551,,,,,34.587247,-118.141449,clinical,CMS_CLIA,(661) 406-9456,05D0979413,Routine Chemistry,20241105,,,,
CLIA_CA_00977,Fertility Care Of Orange County,Fertility Care Of Orange County,"203 N Brea Blvd, Ste 100",Brea,CA,92821,,,,,33.921444,-117.897711,clinical,CMS_CLIA,(714) 256-0777,05D0979897,Routine Chemistry,20250304,1366466740,CHANGNIN LEE,Medical Doctor,7142560777
CLIA_CA_00978,Ambry Genetics,Ambry Genetics,7 Argonaut,Aliso Viejo,CA,92656,,,,,33.593956,-117.725435,clinical,CMS_CLIA,(949) 900-5500,05D0981414,Routine Chemistry,20030211,,,,
CLIA_CA_00979,Samir Anabi Md / Anabi Medical Corp,Samir Anabi Md / Anabi Medical Corp,"160 E Artesia St, Ste 225",Pomona,CA,91767,,,,,34.075583,-117.750885,clinical,CMS_CLIA,(909) 629-7878,05D0981428,Routine Chemistry,20250514,,,,
CLIA_CA_00980,"Christine Lee, Md, A Prof  Medical Corp","Christine Lee, Md, A Prof  Medical Corp",370 N Wiget Ln Ste 125,Walnut Creek,CA,94598,,,,,37.929617,-122.027658,clinical,CMS_CLIA,(925) 923-9389,05D0982884,Routine Chemistry,20210917,,,,
CLIA_CA_00981,"Heather J Roberts Md, A Medical Corporation","Heather J Roberts Md, A Medical Corporation",11500 W. Olympic Bl. #480,Los Angeles,CA,90064,,,,,34.036421,-118.44409,clinical,CMS_CLIA,(310) 477-4727,05D0984018,Routine Chemistry,20170721,,,,
CLIA_CA_00982,Golden State Dermatology,Golden State Dermatology,"6155 Stoneridge Dr, Ste 150",Pleasanton,CA,94588,,,,,,,clinical,CMS_CLIA,(925) 251-9012,05D0984370,Routine Chemistry,20251119,,,,
CLIA_CA_00983,Martin B Miller Md,Martin B Miller Md,"14911 National Ave, Ste 5",Los Gatos,CA,95032,,,,,37.251645,-121.951521,clinical,CMS_CLIA,(408) 356-2345,05D0984443,Routine Chemistry,20260224,,,,
CLIA_CA_00984,Pacific Skin Institute,Pacific Skin Institute,1495 River Park Dr Ste 200,Sacramento,CA,95815,,,,,38.598284,-121.439384,clinical,CMS_CLIA,(916) 925-6950,05D0984472,Routine Chemistry,20251104,1184027104,AN YEN,Partner,9169256950
CLIA_CA_00985,Daphne Panagotacos Md,Daphne Panagotacos Md,32144 Agoura Rd Ste 106,Westlake Village,CA,91361,,,,,34.148235,-118.820088,clinical,CMS_CLIA,(805) 379-3376,05D0985281,Routine Chemistry,20251218,,,,
CLIA_CA_00986,Csi Medical Group,Csi Medical Group,24025 Park Sorrento Ste 405,Calabasas,CA,91302,,,,,34.152111,-118.648989,clinical,CMS_CLIA,(818) 222-2055,05D0985405,Routine Chemistry,20171226,1871909804,ERIC SCHWEIGER,Owner,2122833000
CLIA_CA_00987,Peninsula Dermatologic Surgery Inc,Peninsula Dermatologic Surgery Inc,321 Middlefield Rd Suite 245,Menlo Park,CA,94025,,,,,37.456873,-122.168757,clinical,CMS_CLIA,(650) 326-7222,05D0986243,Routine Chemistry,20260310,1598901340,JON STARR,CEO,6503267222
CLIA_CA_00988,Urology Center Of Southern California,Urology Center Of Southern California,"801 S Main St, Ste 201",Corona,CA,92882,,,,,33.873265,-117.56658,clinical,CMS_CLIA,(951) 735-2700,05D0987004,Routine Chemistry,20240618,,,,
CLIA_CA_00989,Sequoia Regional Cancer Center,Sequoia Regional Cancer Center,857 Garner Ave,Hanford,CA,93230,,,,,36.326218,-119.65763,clinical,CMS_CLIA,(559) 624-3000,05D0989658,Routine Chemistry,20250723,,,,
CLIA_CA_00990,Laboratory Corporation Of America,Laboratory Corporation Of America,"1122 W Washington Blvd, Ste 340",Los Angeles,CA,90015,,,,,34.038647,-118.281588,clinical,CMS_CLIA,(213) 741-0052,05D0989663,Routine Chemistry,20230818,1720066079,KIMBERLY WILLIAMS,VP,8002227566
CLIA_CA_00991,Kindred Hospital Los Angeles Abg,Kindred Hospital Los Angeles Abg,5525 W Slauson Ave,Los Angeles,CA,90056,,,,,33.989039,-118.378441,clinical,CMS_CLIA,(310) 642-0325,05D0989822,Routine Chemistry,20150813,,,,
CLIA_CA_00992,Executive Physical Program,Executive Physical Program,"8900 Wilshire Blvd, Ste 360",Beverly Hills,CA,90211,,,,,34.066973,-118.385735,clinical,CMS_CLIA,(909) 630-3068,05D0990631,Routine Chemistry,20230817,,,,
CLIA_CA_00993,Lara Med Corp/Fidel M Lara Jr Md,Lara Med Corp/Fidel M Lara Jr Md,8033 Vineland Avenue,Sun Valley,CA,91352,,,,,34.216711,-118.370406,clinical,CMS_CLIA,(818) 767-1001,05D0991305,Routine Chemistry,20030820,,,,
CLIA_CA_00994,Family Planning Associates,Family Planning Associates,703 Magnolia Ave,Corona,CA,92879,,,,,33.858215,-117.555889,clinical,CMS_CLIA,(951) 637-2100,05D0991382,Routine Chemistry,20180412,,,,
CLIA_CA_00995,"California Fertility Clinics, Llc","California Fertility Clinics, Llc",5455 Wilshire Blvd Ste 1904,Los Angeles,CA,90036,,,,,34.062399,-118.347278,clinical,CMS_CLIA,(323) 525-3377,05D0991770,Routine Chemistry,20111115,1407725476,VUK JOVANOVIC,Medical Director,3235253377
CLIA_CA_00996,"Theodore Affue, Md Inc","Theodore Affue, Md Inc","2061 Ross Avenue, Suite #A",El Centro,CA,92243,,,,,32.781421,-115.579108,clinical,CMS_CLIA,(760) 353-8181,05D0991868,Routine Chemistry,20020424,,,,
CLIA_CA_00997,"Torrey Pines Dermatology, A Medical Corporation","Torrey Pines Dermatology, A Medical Corporation","9850 Genesee Ave, Ste 460",La Jolla,CA,92037,,,,,32.884871,-117.222559,clinical,CMS_CLIA,(858) 362-8800,05D0991871,Routine Chemistry,20250820,,,,
CLIA_CA_00998,Mark H Hyman Md Inc Physician Office,Mark H Hyman Md Inc Physician Office,10780 Santa Monica Blvd Ste 408,Los Angeles,CA,90025,,,,,34.05044,-118.433874,clinical,CMS_CLIA,(310) 234-0400,05D0992253,Routine Chemistry,20050415,,,,
CLIA_CA_00999,"Firmalab, Inc","Firmalab, Inc",870 Vine St,Los Angeles,CA,90038,,,,,34.086593,-118.326541,clinical,CMS_CLIA,(800) 799-7248,05D0992853,Routine Chemistry,20070227,,,,
CLIA_CA_01000,Sierra Hematology And Oncology,Sierra Hematology And Oncology,"3939 J St, Ste 360",Sacramento,CA,95819,,,,,38.569877,-121.454129,clinical,CMS_CLIA,(916) 962-1544,05D0993237,Routine Chemistry,20250204,,,,
CLIA_CA_01001,"Coastal Kids, A Professional Med Corp","Coastal Kids, A Professional Med Corp",2071 San Joaquin Hills Rd,Newport Beach,CA,92660,,,,,33.617272,-117.869858,clinical,CMS_CLIA,(714) 842-0444,05D0994484,Routine Chemistry,20120504,,,,
CLIA_CA_01002,Rialto Clinica Medica Familiar Laboratory,Rialto Clinica Medica Familiar Laboratory,436 S Riverside Avenue,Rialto,CA,92376,,,,,34.093434,-117.37043,clinical,CMS_CLIA,(909) 877-8868,05D0994683,Routine Chemistry,20060717,,,,
CLIA_CA_01003,Vincent C Hung Md,Vincent C Hung Md,"351 Hospital Rd, Ste 418",Newport Beach,CA,92663,,,,,33.625762,-117.928364,clinical,CMS_CLIA,(949) 574-8292,05D0995348,Routine Chemistry,20250905,,,,
CLIA_CA_01004,Chun Yeh Wang Md Ph D,Chun Yeh Wang Md Ph D,"416 W Las Tunas Dr, Ste 306",San Gabriel,CA,91775,,,,,34.102405,-118.104487,clinical,CMS_CLIA,(626) 588-1555,05D0995353,Routine Chemistry,20240513,,,,
CLIA_CA_01005,Dermatologicare A Medical Corporation,Dermatologicare A Medical Corporation,"414 N Camden Dr, Ste 1001",Beverly Hills,CA,90210,,,,,34.068777,-118.404139,clinical,CMS_CLIA,(310) 247-0337,05D0995727,Routine Chemistry,20250610,,,,
CLIA_CA_01006,"J Robert West Md, Inc","J Robert West Md, Inc","22032 El Paseo, Ste 220",Rancho Santa Margarita,CA,92688,,,,,33.643157,-117.59495,clinical,CMS_CLIA,(949) 888-5448,05D0996323,Routine Chemistry,20250107,,,,
CLIA_CA_01007,Vincent C Hung Md,Vincent C Hung Md,"452 N Altadena Dr, Ste 200",Pasadena,CA,91107,,,,,34.153786,-118.098471,clinical,CMS_CLIA,(626) 432-5032,05D0996512,Routine Chemistry,20250314,,,,
CLIA_CA_01008,Stephen A Vannucci Md Inc,Stephen A Vannucci Md Inc,"1058 Mangrove Ave, Ste 2B",Chico,CA,95926,,,,,39.740518,-121.837301,clinical,CMS_CLIA,(530) 321-7393,05D0996736,Routine Chemistry,20250716,1003008616,STEPHEN VANNUCCI,owner,5303423686
CLIA_CA_01009,Lisa Woolf Md Inc,Lisa Woolf Md Inc,32144 Agoura Rd Ste 202,Westlake Village,CA,91361,,,,,34.148235,-118.820088,clinical,CMS_CLIA,(818) 991-5551,05D0996755,Routine Chemistry,20251218,,,,
CLIA_CA_01010,Sam Ratnayake Md Inc,Sam Ratnayake Md Inc,7879 Rosedale Hwy,Bakersfield,CA,93308,,,,,35.383348,-119.090231,clinical,CMS_CLIA,(661) 377-3777,05D0997092,Routine Chemistry,20030701,,,,
CLIA_CA_01011,Brentwood Dermatology Medical Group,Brentwood Dermatology Medical Group,11980 San Vicente Blvd Ste 120,Los Angeles,CA,90049,,,,,34.052078,-118.472396,clinical,CMS_CLIA,(310) 826-2051,05D0997745,Routine Chemistry,20230418,,,,
CLIA_CA_01012,Moukarzel Medical Corp,Moukarzel Medical Corp,2109 W Ross Ave,El Centro,CA,92243,,,,,32.781418,-115.579565,clinical,CMS_CLIA,(760) 352-4103,05D0998177,Routine Chemistry,20101215,1326255084,ELIAS MOUKARZEL,President,7603524103
CLIA_CA_01013,Yosemite Pathology,Yosemite Pathology,3000 Sillect Ave,Bakersfield,CA,93308,,,,,,,clinical,CMS_CLIA,(209) 577-1200,05D0998287,Routine Chemistry,20230228,,,,
CLIA_CA_01014,David J Barnette Jr Md,David J Barnette Jr Md,6649 Curlew Terrace,Carlsbad,CA,92011,,,,,33.109387,-117.294559,clinical,CMS_CLIA,(760) 492-1140,05D0998312,Routine Chemistry,20251120,,,,
CLIA_CA_01015,"Alpha Clinical Laboratory, Inc","Alpha Clinical Laboratory, Inc",3021 N San Fernando Blvd Ste C,Burbank,CA,91504,,,,,34.201263,-118.342938,clinical,CMS_CLIA,(818) 729-0927,05D0999149,Routine Chemistry,20260203,,,,
CLIA_CA_01016,Pacific Urology Institute Laboratory,Pacific Urology Institute Laboratory,2021 Santa Monica Blvd,Santa Monica,CA,90404,,,,,,,clinical,CMS_CLIA,(310) 828-8531,05D0999598,Routine Chemistry,20021007,,,,
CLIA_CA_01017,Pathology Arts Inc,Pathology Arts Inc,"549 Queensland Circle, Ste 101",Corona,CA,92879,,,,,33.883695,-117.559583,clinical,CMS_CLIA,(951) 270-0605,05D1000595,Routine Chemistry,20250205,1396842472,CURTIS TAGUE,CEO,9512700605
CLIA_CA_01018,La Jolla Ivf Inc,La Jolla Ivf Inc,9850 Genesee Ave Ste 610,La Jolla,CA,92037,,,,,32.884871,-117.222559,clinical,CMS_CLIA,(858) 558-2221,05D1000597,Routine Chemistry,20110616,,,,
CLIA_CA_01019,Digestive Care Laboratory,Digestive Care Laboratory,1000 Laurel St,San Carlos,CA,94070,,,,,37.501195,-122.254818,clinical,CMS_CLIA,(650) 596-8118,05D1000932,Routine Chemistry,20251002,1811367006,SCOTT LEVENSON,Lab Owner,6505968800
CLIA_CA_01020,Jay P Diliberto Md,Jay P Diliberto Md,18800 Delaware St Ste 850,Huntington Beach,CA,92648,,,,,,,clinical,CMS_CLIA,(714) 596-2800,05D1001150,Routine Chemistry,20260311,,,,
CLIA_CA_01021,Linda Mak Md Inc,Linda Mak Md Inc,"1073 Ross Ave, Ste A",El Centro,CA,92243,,,,,32.781448,-115.564669,clinical,CMS_CLIA,(760) 353-0574,05D1001250,Routine Chemistry,20240725,,,,
CLIA_CA_01022,Scpmg Murrieta Medical Offices Laboratory,Scpmg Murrieta Medical Offices Laboratory,"28150 Keller Rd, Ste 103",Murrieta,CA,92563,,,,,33.627099,-117.168548,clinical,CMS_CLIA,(951) 672-5286,05D1002847,Routine Chemistry,20180801,,,,
CLIA_CA_01023,Rain Cross Medical Center Of,Rain Cross Medical Center Of,4336 Market St,Riverside,CA,92501,,,,,33.9773,-117.37911,clinical,CMS_CLIA,(951) 682-9293,05D1003236,Routine Chemistry,20240125,,,,
CLIA_CA_01024,Lawrence Osman Md,Lawrence Osman Md,"18546 Roscoe Blvd, Ste 306",Northridge,CA,91324,,,,,34.220652,-118.537387,clinical,CMS_CLIA,(818) 885-0455,05D1003290,Routine Chemistry,20250307,,,,
CLIA_CA_01025,Boston Dermatology Corporation,Boston Dermatology Corporation,262 W Badillo St,Covina,CA,91723,,,,,34.086228,-117.893655,clinical,CMS_CLIA,(626) 653-2525,05D1003494,Routine Chemistry,20240920,1154517993,SAEED JAFFER,President,6266532525
CLIA_CA_01026,Michelle M Algarin Md Inc,Michelle M Algarin Md Inc,23961 Calle De La Magdalena Ste 520,Laguna Hills,CA,92653,,,,,33.60888,-117.710953,clinical,CMS_CLIA,(949) 855-3376,05D1005582,Routine Chemistry,20260205,,,,
CLIA_CA_01027,Redwood Family Dermatology,Redwood Family Dermatology,2725 Mendocino Ave,Santa Rosa,CA,95403,,,,,38.466456,-122.720249,clinical,CMS_CLIA,(707) 545-4537,05D1005661,Routine Chemistry,20250219,1710913231,JEFFREY SUGARMAN,owner/president,7075454537
CLIA_CA_01028,Scpmg Harbor Macarthur Medical Offices Laboratory,Scpmg Harbor Macarthur Medical Offices Laboratory,3401 South Harbor Blvd Room 120,Santa Ana,CA,92704,,,,,33.701896,-117.919381,clinical,CMS_CLIA,(714) 830-6544,05D1005692,Routine Chemistry,20150805,,,,
CLIA_CA_01029,Contour Dermatology & Cosmetic Surgery,Contour Dermatology & Cosmetic Surgery,1180 N Indian Canyon Dr Ste E 419,Palm Springs,CA,92262,,,,,33.838899,-116.545514,clinical,CMS_CLIA,(760) 423-4043,05D1005946,Routine Chemistry,20110119,,,,
CLIA_CA_01030,"Antelope Valley Lung & Sleep Institute, Inc","Antelope Valley Lung & Sleep Institute, Inc","525 Commerce Ave, Ste A",Palmdale,CA,93551,,,,,34.589692,-118.140989,clinical,CMS_CLIA,(661) 945-8717,05D1006209,Routine Chemistry,20250212,1801373352,SYED AHMED,OWNER,6619458717
CLIA_CA_01031,Fertility Center Of California,Fertility Center Of California,"6699 Alvarado Rd, Ste 2207",San Diego,CA,92120,,,,,32.777019,-117.056153,clinical,CMS_CLIA,(619) 265-0102,05D1006210,Routine Chemistry,20250311,1750615324,JOSEPH RICHARD,CLINICAL DIRECTOR,6192650102
CLIA_CA_01032,Dermatology And Laser Center Of San Diego,Dermatology And Laser Center Of San Diego,"344 F St, Ste 200",Chula Vista,CA,91910,,,,,32.640754,-117.08155,clinical,CMS_CLIA,(619) 476-1200,05D1007383,Routine Chemistry,20250422,,,,
CLIA_CA_01033,South County Hematology Oncology,South County Hematology Oncology,769 Medical Center Ct Ste 202,Chula Vista,CA,91911,,,,,32.618618,-117.024105,clinical,CMS_CLIA,(619) 482-8430,05D1009444,Routine Chemistry,20251125,,,,
CLIA_CA_01034,J Lee Md Medical Corporation,J Lee Md Medical Corporation,"1010 W Laveta Ave, Ste 360",Orange,CA,92868,,,,,33.780264,-117.86328,clinical,CMS_CLIA,(714) 245-0492,05D1009515,Routine Chemistry,20251029,,,,
CLIA_CA_01035,Gary C Lee Phd Md Inc,Gary C Lee Phd Md Inc,4980 Barranca Pkwy Ste 202,Irvine,CA,92604,,,,,33.67612,-117.794195,clinical,CMS_CLIA,(949) 733-1336,05D1009634,Routine Chemistry,20240208,,,,
CLIA_CA_01036,West Coast Skin And Cancer,West Coast Skin And Cancer,"7055 N Fresno St, Ste 310",Fresno,CA,93720,,,,,36.838391,-119.781279,clinical,CMS_CLIA,(559) 446-0285,05D1009831,Routine Chemistry,20250711,,,,
CLIA_CA_01037,Uptimum Medical Group And Ipa Inc,Uptimum Medical Group And Ipa Inc,2220 W Manchester Blvd,Inglewood,CA,90305,,,,,33.959872,-118.318007,clinical,CMS_CLIA,(310) 644-8400,05D1010183,Routine Chemistry,20250613,1285452771,OLUKEMI WALLACE,DIRECTOR,3106448400
CLIA_CA_01038,Sophie Shirin Md Inc,Sophie Shirin Md Inc,"16260 Ventura Blvd, Ste 300",Encino,CA,91436,,,,,34.156816,-118.487314,clinical,CMS_CLIA,(818) 905-3880,05D1010357,Routine Chemistry,20241212,,,,
CLIA_CA_01039,Synergy Hematology Oncology,Synergy Hematology Oncology,"5363 Balboa Blvd, Ste 345",Encino,CA,91316,,,,,34.168872,-118.501158,clinical,CMS_CLIA,(323) 525-1111,05D1010428,Routine Chemistry,20250620,,,,
CLIA_CA_01040,"Julie G Duquette, Md, A Medical Corporation","Julie G Duquette, Md, A Medical Corporation",2043 Westcliff Dr Ste 302,Newport Beach,CA,92660,,,,,33.627688,-117.907724,clinical,CMS_CLIA,(949) 515-3462,05D1010850,Routine Chemistry,20260324,,,,
CLIA_CA_01041,San Diego Dermatology And,San Diego Dermatology And,"320 Santa Fe Dr, Ste 303",Encinitas,CA,92024,,,,,33.036281,-117.285698,clinical,CMS_CLIA,(760) 944-8080,05D1010935,Routine Chemistry,20240809,,,,
CLIA_CA_01042,Lan Su Dmd Phd,Lan Su Dmd Phd,"31332 Via Colinas, Ste 109",Westlake Village,CA,91362,,,,,34.155879,-118.80628,clinical,CMS_CLIA,(818) 865-1039,05D1010973,Routine Chemistry,20230125,1164472353,LAN SU,Owner doctor,8188651039
CLIA_CA_01043,Charles R Sexton Md,Charles R Sexton Md,"15825 Laguna Canyon Rd, Ste 203",Irvine,CA,92618,,,,,33.663926,-117.764115,clinical,CMS_CLIA,(949) 679-6900,05D1011111,Routine Chemistry,20251006,,,,
CLIA_CA_01044,Sterling Pathology National Laboratories,Sterling Pathology National Laboratories,3030 Old Ranch Pkwy Ste 430,Seal Beach,CA,90740,,,,,33.77635,-118.07417,clinical,CMS_CLIA,(562) 799-8900,05D1012129,Routine Chemistry,20140328,,,,
CLIA_CA_01045,Scpmg Rancho San Diego Medical Offices,Scpmg Rancho San Diego Medical Offices,3875 Avocado Blvd,La Mesa,CA,91941,,,,,32.749809,-116.961922,clinical,CMS_CLIA,(619) 528-6017,05D1012351,Routine Chemistry,20111025,,,,
CLIA_CA_01046,"Anthony Martin Mills, Md Laboratory","Anthony Martin Mills, Md Laboratory",9201 Sunset Blvd Ste M135,West Hollywood,CA,90069,,,,,34.089752,-118.393758,clinical,CMS_CLIA,(310) 550-1010,05D1012674,Routine Chemistry,20051215,,,,
CLIA_CA_01047,Skin Physicians & Surgeons Medical Group Inc,Skin Physicians & Surgeons Medical Group Inc,"859 E Foothill, Blvd Ste B",Upland,CA,91786,,,,,34.107109,-117.639401,clinical,CMS_CLIA,(909) 981-8929,05D1012717,Routine Chemistry,20240402,,,,
CLIA_CA_01048,Golden State Dermatology Associates Inc,Golden State Dermatology Associates Inc,"192 Blue Ravine Rd, Ste 100",Folsom,CA,95630,,,,,38.654994,-121.175235,clinical,CMS_CLIA,(916) 983-3373,05D1012720,Routine Chemistry,20250313,,,,
CLIA_CA_01049,Dermatologist Medical Group,Dermatologist Medical Group,"11943 El Camino Real, Ste 220",San Diego,CA,92130,,,,,32.935531,-117.23746,clinical,CMS_CLIA,(760) 758-5340,05D1013047,Routine Chemistry,20250513,,,,
CLIA_CA_01050,Dermatologist Medical Group Of North County Inc,Dermatologist Medical Group Of North County Inc,"1200 Garden View Rd, Ste 108",Encinitas,CA,92024,,,,,33.058385,-117.260517,clinical,CMS_CLIA,(760) 758-5340,05D1013059,Routine Chemistry,20240723,,,,
CLIA_CA_01051,"Skin Center, The","Skin Center, The",26081 Merit Cir Ste 109,Laguna Hills,CA,92653,,,,,33.574143,-117.674664,clinical,CMS_CLIA,(949) 582-7699,05D1013431,Routine Chemistry,20221129,,,,
CLIA_CA_01052,Fertility Specialists Medical Group,Fertility Specialists Medical Group,"8010 Frost St, Ste P",San Diego,CA,92123,,,,,32.800297,-117.152586,clinical,CMS_CLIA,(858) 505-5500,05D1013579,Routine Chemistry,20250806,1609958974,ARLENE MORALES,Medical Director,8585055500
CLIA_CA_01053,Boris Zaks Md,Boris Zaks Md,"435 N Roxbury Dr, Ste 408",Beverly Hills,CA,90210,,,,,34.067567,-118.406509,clinical,CMS_CLIA,(310) 552-3376,05D1013653,Routine Chemistry,20250204,,,,
CLIA_CA_01054,Osato Medical Laboratory,Osato Medical Laboratory,"3440 Lomita Blvd, Ste 320",Torrance,CA,90505,,,,,33.813204,-118.345152,clinical,CMS_CLIA,(310) 534-8200,05D1014331,Routine Chemistry,20230913,,,,
CLIA_CA_01055,Contour Dermatology And Cosmetic Surgery,Contour Dermatology And Cosmetic Surgery,"42600 Mirage Rd, Bldg A",Rancho Mirage,CA,92270,,,,,33.747127,-116.420268,clinical,CMS_CLIA,(760) 423-4043,05D1014556,Routine Chemistry,20241219,,,,
CLIA_CA_01056,Huntington Reproductive Center,Huntington Reproductive Center,1220 La Venta Dr Ste 103,Westlake Village,CA,91361,,,,,,,clinical,CMS_CLIA,(805) 374-1737,05D1014810,Routine Chemistry,20230623,,,,
CLIA_CA_01057,Zachary A Cooper Md Dermatology,Zachary A Cooper Md Dermatology,19933 Greenley Rd Ste C,Sonora,CA,95370,,,,,,,clinical,CMS_CLIA,(209) 536-0505,05D1014877,Routine Chemistry,20230419,,,,
CLIA_CA_01058,University Surgery Center,University Surgery Center,"1390 E Yosemite Ave, Ste B",Merced,CA,95340,,,,,37.332073,-120.454249,clinical,CMS_CLIA,(209) 580-3409,05D1014882,Routine Chemistry,20250709,1205364981,ERIC BOON,Authorize Official,4805670269
CLIA_CA_01059,Stockton Hematology Oncology Medical Group,Stockton Hematology Oncology Medical Group,"2316 Orchard Parkway, Ste 110",Tracy,CA,95377,,,,,37.752051,-121.457275,clinical,CMS_CLIA,(209) 839-9115,05D1015025,Routine Chemistry,20241023,,,,
CLIA_CA_01060,Dialysis Access Center Inc,Dialysis Access Center Inc,3012 Summit St     D Wing,Oakland,CA,94609,,,,,37.81912,-122.264583,clinical,CMS_CLIA,(510) 251-1002,05D1015115,Routine Chemistry,20151201,,,,
CLIA_CA_01061,Los Angeles Hematology Oncology Medical Group,Los Angeles Hematology Oncology Medical Group,"11180 Warner Ave, Ste 351",Fountain Valley,CA,92708,,,,,33.716278,-117.93334,clinical,CMS_CLIA,(714) 698-0300,05D1015130,Routine Chemistry,20220715,,,,
CLIA_CA_01062,Compassionate Cancer Care Medical Group Inc,Compassionate Cancer Care Medical Group Inc,11180 Warner Ave Ste 351,Fountain Valley,CA,92708,,,,,33.716278,-117.93334,clinical,CMS_CLIA,(714) 698-0300,05D1015131,Routine Chemistry,20210917,,,,
CLIA_CA_01063,Steven E Hodgkin Md,Steven E Hodgkin Md,415 Orange St,Redlands,CA,92374,,,,,34.059162,-117.182627,clinical,CMS_CLIA,(760) 245-6465,05D1015242,Routine Chemistry,20250828,,,,
CLIA_CA_01064,Golden State Dermatology Associates Inc,Golden State Dermatology Associates Inc,3959 Laurel Canyon Blvd Ste F,Studio City,CA,91604,,,,,34.142477,-118.39492,clinical,CMS_CLIA,(818) 505-9300,05D1015246,Routine Chemistry,20231116,,,,
CLIA_CA_01065,James A Danielzadeh Md,James A Danielzadeh Md,18370 Burbank Blvd Ste 209,Tarzana,CA,91356,,,,,34.172202,-118.534778,clinical,CMS_CLIA,(818) 881-5661,05D1015859,Routine Chemistry,20150427,,,,
CLIA_CA_01066,Cpp 435Skin Pc,Cpp 435Skin Pc,1125 E Spruce Ave Ste 207,Fresno,CA,93720,,,,,36.8406,-119.764678,clinical,CMS_CLIA,(559) 435-7546,05D1016002,Routine Chemistry,20221006,1821884610,JESSICA PALMER,Billing Manager,5598922030
CLIA_CA_01067,Premier Dermatology A Medical Group,Premier Dermatology A Medical Group,378 El Camino Real,San Carlos,CA,94070,,,,,37.510355,-122.264188,clinical,CMS_CLIA,(650) 551-9700,05D1017390,Routine Chemistry,20230417,,,,
CLIA_CA_01068,"Digestive Disease Associates, Inc","Digestive Disease Associates, Inc","292 Euclid Ave, Ste 115",San Diego,CA,92114,,,,,32.707537,-117.08507,clinical,CMS_CLIA,(619) 266-3332,05D1018160,Routine Chemistry,20240709,1073699971,TADDESEE DESTA,OWNER,6192663332
CLIA_CA_01069,Karl Bassler Md,Karl Bassler Md,23961 Calle De La Magdalena Ste 520,Laguna Hills,CA,92653,,,,,33.60888,-117.710953,clinical,CMS_CLIA,(949) 855-3376,05D1018182,Routine Chemistry,20250423,,,,
CLIA_CA_01070,Genomic Health Inc,Genomic Health Inc,301 Penobscot Dr,Redwood City,CA,94063,,,,,37.498951,-122.217553,clinical,CMS_CLIA,(650) 556-9300,05D1018272,Routine Chemistry,20040422,,,,
CLIA_CA_01071,Machaon Diagnostics Inc,Machaon Diagnostics Inc,2023 Eighth St,Berkeley,CA,94710,,,,,37.868096,-122.29536,clinical,CMS_CLIA,(510) 839-5600,05D1019489,Routine Chemistry,20040512,,,,
CLIA_CA_01072,Beaver Medical Group Lp,Beaver Medical Group Lp,2 W Fern Ave,Redlands,CA,92373,,,,,34.050427,-117.178953,clinical,CMS_CLIA,(562) 988-7027,05D1019978,Routine Chemistry,20221206,1578991816,KENNY HEINE,VP OF OPERATIONS,8589641506
CLIA_CA_01073,Assisted Reproductive Technologies Medical Grp Inc,Assisted Reproductive Technologies Medical Grp Inc,5353 Balboa Blvd Ste 301,Encino,CA,91316,,,,,34.168639,-118.501158,clinical,CMS_CLIA,(818) 986-1070,05D1020999,Routine Chemistry,20140826,,,,
CLIA_CA_01074,South Coast Dermatology Institute,South Coast Dermatology Institute,"2552 Walnut Ave, Ste 120",Tustin,CA,92780,,,,,33.717083,-117.80849,clinical,CMS_CLIA,(714) 508-0754,05D1021002,Routine Chemistry,20250701,,,,
CLIA_CA_01075,James T Wang Md,James T Wang Md,"29833  Santa Margarita Pkwy, Ste 100",Rancho Santa Margarita,CA,92688,,,,,,,clinical,CMS_CLIA,(714) 841-8818,05D1021032,Routine Chemistry,20241021,,,,
CLIA_CA_01076,Advanced Institute For Obstetrics And,Advanced Institute For Obstetrics And,18411 Clark St Ste 103,Tarzana,CA,91356,,,,,34.169832,-118.532833,clinical,CMS_CLIA,(818) 559-3600,05D1021332,Routine Chemistry,20061107,,,,
CLIA_CA_01077,Newport Coast Dermatology C/O Grace,Newport Coast Dermatology C/O Grace,3991 Macarthur Blvd Ste 228,Newport Beach,CA,92660,,,,,33.659725,-117.863208,clinical,CMS_CLIA,(949) 863-0988,05D1021513,Routine Chemistry,20230414,,,,
CLIA_CA_01078,Csi Medical Group Pc,Csi Medical Group Pc,425 Haaland Dr Ste 204,Thousand Oaks,CA,91361,,,,,34.17492,-118.870078,clinical,CMS_CLIA,(805) 497-8080,05D1021936,Routine Chemistry,20251210,,,,
CLIA_CA_01079,Folsom Family And Sports,Folsom Family And Sports,"2545 E Bidwell St,  Ste 110",Folsom,CA,95630,,,,,38.659985,-121.130906,clinical,CMS_CLIA,(916) 941-7362,05D1022044,Routine Chemistry,20040728,,,,
CLIA_CA_01080,Topa Diagnostics,Topa Diagnostics,351 East Rolling Oaks Dr Ste 100,Thousand Oaks,CA,91361,,,,,34.173566,-118.864917,clinical,CMS_CLIA,(805) 373-8582,05D1022855,Routine Chemistry,20210922,,,,
CLIA_CA_01081,Foothill Dermatology Medical Center,Foothill Dermatology Medical Center,2301 E Foothill Blvd Ste 100,Glendora,CA,91740,,,,,34.127041,-117.820229,clinical,CMS_CLIA,(626) 852-3376,05D1027742,Routine Chemistry,20251017,1154592368,AMARPAUL SIDHU,Owner,6268523376
CLIA_CA_01082,"Chaparral Medical Group, Inc","Chaparral Medical Group, Inc","9190 Haven Ave, Ste 210",Rancho Cucamonga,CA,91730,,,,,34.086772,-117.575822,clinical,CMS_CLIA,(909) 466-7779,05D1028079,Routine Chemistry,20160622,,,,
CLIA_CA_01083,Advanced Dermatology,Advanced Dermatology,"210 S Grand Ave, Ste 208",Glendora,CA,91741,,,,,34.133647,-117.872465,clinical,CMS_CLIA,(626) 914-3675,05D1029386,Routine Chemistry,20251016,,,,
CLIA_CA_01084,Peninsula Pathologists,Peninsula Pathologists,383 E Grand Ave Ste A,South San Francisco,CA,94080,,,,,37.650813,-122.385008,clinical,CMS_CLIA,(650) 616-2951,05D1029487,Routine Chemistry,20250416,,,,
CLIA_CA_01085,"Caredx, Inc","Caredx, Inc",3260 Bayshore Blvd,Brisbane,CA,94005,,,,,37.694172,-122.405413,clinical,CMS_CLIA,(415) 287-2300,05D1029609,Routine Chemistry,20110111,,,,
CLIA_CA_01086,"J Robert West Md, Inc Dba Hodge Dermatology","J Robert West Md, Inc Dba Hodge Dermatology","1440 N Harbor Blvd, Ste 300",Fullerton,CA,92835,,,,,33.885331,-117.925951,clinical,CMS_CLIA,(714) 526-7546,05D1029810,Routine Chemistry,20250917,,,,
CLIA_CA_01087,"Golden State Dermatology Associates, Inc","Golden State Dermatology Associates, Inc",5400 Balboa Blvd Ste 220,Encino,CA,91316,,,,,34.168841,-118.50102,clinical,CMS_CLIA,(310) 274-5372,05D1029907,Routine Chemistry,20230412,,,,
CLIA_CA_01088,Hung V Ong Md Inc,Hung V Ong Md Inc,"495 Old Newport Blvd, Ste 200",Newport Beach,CA,92663,,,,,33.628464,-117.925792,clinical,CMS_CLIA,(949) 646-7546,05D1030176,Routine Chemistry,20240516,,,,
CLIA_CA_01089,Md Solutions Medical Corporation,Md Solutions Medical Corporation,"15477 Ventura Blvd, Ste 100",Sherman Oaks,CA,91403,,,,,34.154691,-118.471143,clinical,CMS_CLIA,(818) 906-6900,05D1030501,Routine Chemistry,20250211,,,,
CLIA_CA_01090,Dusk To Dawn Urgent Care,Dusk To Dawn Urgent Care,15745 Paramount Blvd,Paramount,CA,90723,,,,,33.890646,-118.160086,clinical,CMS_CLIA,(562) 808-2273,05D1031034,Routine Chemistry,20050906,1225182801,EUGENE ALLEN,CEO & President,5628082273
CLIA_CA_01091,Joel A Sach Md Inc,Joel A Sach Md Inc,18425 Burbank Blvd Ste 500,Tarzana,CA,91356,,,,,34.1722,-118.534453,clinical,CMS_CLIA,(310) 989-7833,05D1031402,Routine Chemistry,20230420,,,,
CLIA_CA_01092,Palos Verdes Dermatology Associates,Palos Verdes Dermatology Associates,"550 Deep Valley Dr, Ste 283",Rolling Hills Estates,CA,90274,,,,,33.772401,-118.374466,clinical,CMS_CLIA,(310) 541-7800,05D1031579,Routine Chemistry,20240801,,,,
CLIA_CA_01093,"Golden State Dermatology Associates, Inc Fair Oaks","Golden State Dermatology Associates, Inc Fair Oaks",2625 Fair Oaks Blvd Ste 1,Sacramento,CA,95864,,,,,38.574288,-121.401004,clinical,CMS_CLIA,(916) 646-3376,05D1031587,Routine Chemistry,20230728,,,,
CLIA_CA_01094,Advanced Dermatology Care Of S C,Advanced Dermatology Care Of S C,"3851 Katella Ave, Ste 105",Los Alamitos,CA,90720,,,,,33.803233,-118.065934,clinical,CMS_CLIA,(310) 738-6006,05D1032204,Routine Chemistry,20251104,,,,
CLIA_CA_01095,Quynh L Sebastian Md Inc,Quynh L Sebastian Md Inc,1260 15th St Ste 709,Santa Monica,CA,90404,,,,,34.02667,-118.487003,clinical,CMS_CLIA,(310) 917-4433,05D1032217,Routine Chemistry,20250220,,,,
CLIA_CA_01096,Kd Medical Group Inc,Kd Medical Group Inc,400 W I St,Los Banos,CA,93635,,,,,37.063502,-120.85803,clinical,CMS_CLIA,(209) 826-9999,05D1032613,Routine Chemistry,20240710,1457522567,KARTHIKEYA DEVIREDDY,Owner / Medical Director,2098262222
CLIA_CA_01097,"Lynn Eye Surgery, Llc","Lynn Eye Surgery, Llc",2230 Lynn Road #106,Thousand Oaks,CA,91360,,,,,34.208581,-118.885122,clinical,CMS_CLIA,(949) 996-5795,05D1032654,Routine Chemistry,20051026,,,,
CLIA_CA_01098,"Lakeside Medical Organization, A Medical Grp Inc","Lakeside Medical Organization, A Medical Grp Inc","191 S Buena Vista St, Ste 150",Burbank,CA,91505,,,,,34.159608,-118.328863,clinical,CMS_CLIA,(818) 295-5920,05D1032697,Routine Chemistry,20241205,,,,
CLIA_CA_01099,Victory Physicians,Victory Physicians,490 S Farrell Dr Ste C 104,Palm Springs,CA,92262,,,,,33.816161,-116.517996,clinical,CMS_CLIA,(760) 327-8755,05D1034479,Routine Chemistry,20080926,,,,
CLIA_CA_01100,Kindred Hospital- Santa Ana,Kindred Hospital- Santa Ana,1901 N College Ave,Santa Ana,CA,92706,,,,,33.761052,-117.891788,clinical,CMS_CLIA,(714) 564-7800,05D1034824,Routine Chemistry,20110726,,,,
CLIA_CA_01101,Kindred Hospital San Gabriel Valley,Kindred Hospital San Gabriel Valley,845 N Lark Ellen Ave,West Covina,CA,91791,,,,,34.084724,-117.916633,clinical,CMS_CLIA,(626) 339-5451,05D1034825,Routine Chemistry,20110815,,,,
CLIA_CA_01102,Brigid Freyne Md Inc,Brigid Freyne Md Inc,"39755 Murrieta Hot Springs Rd, Ste F110",Murrieta,CA,92563,,,,,33.555721,-117.16284,clinical,CMS_CLIA,(951) 696-4600,05D1034991,Routine Chemistry,20250826,1750577797,BRIGID FREYNE,physician/owner,9516964600
CLIA_CA_01103,Sonoma Dermatology,Sonoma Dermatology,461 7th St W Ste 3,Sonoma,CA,95476,,,,,38.293965,-122.471539,clinical,CMS_CLIA,(707) 938-1423,05D1036234,Routine Chemistry,20251017,,,,
CLIA_CA_01104,California Cancer Associates For,California Cancer Associates For,"838 Nordahl Rd, Ste 300",San Marcos,CA,92069,,,,,33.135843,-117.119108,clinical,CMS_CLIA,(800) 456-5860,05D1036264,Routine Chemistry,20111206,,,,
CLIA_CA_01105,Dermatology Center At Ladera Inc,Dermatology Center At Ladera Inc,"600 Corporate Dr, Ste 240",Ladera Ranch,CA,92694,,,,,33.55972,-117.629043,clinical,CMS_CLIA,(949) 364-8411,05D1036647,Routine Chemistry,20250218,,,,
CLIA_CA_01106,Modesto Gastroenterology Medical Corporation,Modesto Gastroenterology Medical Corporation,"2336 Sylvan Ave, Ste A",Modesto,CA,95355,,,,,37.688905,-120.95453,clinical,CMS_CLIA,(209) 338-0292,05D1036786,Routine Chemistry,20260129,1881748846,ELSAKR MAGDY,President,2093380292
CLIA_CA_01107,"Kirshman Diagnostics, Inc","Kirshman Diagnostics, Inc",14 Posada,Irvine,CA,92614,,,,,33.680248,-117.822794,clinical,CMS_CLIA,(949) 278-2630,05D1037151,Routine Chemistry,20250507,,,,
CLIA_CA_01108,"Pathcare Diagnostics, Inc","Pathcare Diagnostics, Inc","1810 Fullerton Ave, Ste 102",Corona,CA,92881,,,,,33.859902,-117.550342,clinical,CMS_CLIA,(951) 808-8863,05D1037342,Routine Chemistry,20250612,,,,
CLIA_CA_01109,Brian R Toy Md,Brian R Toy Md,"26732 Crown Valley Pkwy, Ste 445",Mission Viejo,CA,92691,,,,,33.563684,-117.66473,clinical,CMS_CLIA,(949) 364-6580,05D1037397,Routine Chemistry,20241205,,,,
CLIA_CA_01110,Dermatology Institute,Dermatology Institute,"2001 Santa Monica Blvd, Ste 1160W",Santa Monica,CA,90404,,,,,,,clinical,CMS_CLIA,(310) 829-4104,05D1038446,Routine Chemistry,20250227,,,,
CLIA_CA_01111,Lifeline Medical Laboratory Inc,Lifeline Medical Laboratory Inc,10509 Burbank Blvd,N Hollywood,CA,91601,,,,,34.172215,-118.359682,clinical,CMS_CLIA,(818) 579-4220,05D1039663,Routine Chemistry,20251210,,,,
CLIA_CA_01112,South County Kidney & Endocrine Center,South County Kidney & Endocrine Center,"23141 Moulton Pkwy, Ste 102",Laguna Hills,CA,92653,,,,,33.62592,-117.730673,clinical,CMS_CLIA,(949) 916-9100,05D1040918,Routine Chemistry,20250127,,,,
CLIA_CA_01113,D A M L,D A M L,4524 San Pedro Pl,Los Angeles,CA,90011,,,,,34.002634,-118.273339,clinical,CMS_CLIA,(310) 849-3389,05D1042002,Routine Chemistry,20240416,,,,
CLIA_CA_01114,"Walter K Nahm, Md, Phd","Walter K Nahm, Md, Phd","7695 Cardinal Ct, Ste 200",San Diego,CA,92123,,,,,32.791408,-117.157603,clinical,CMS_CLIA,(858) 278-8835,05D1042177,Routine Chemistry,20250807,,,,
CLIA_CA_01115,Coast Gastroenterology,Coast Gastroenterology,501 E Hardy St Ste 430,Inglewood,CA,90301,,,,,33.94915,-118.349082,clinical,CMS_CLIA,(310) 671-7010,05D1042189,Routine Chemistry,20220301,,,,
CLIA_CA_01116,Keith Mark Gross Md Inc,Keith Mark Gross Md Inc,"1113 Alta Ave, Ste 200",Upland,CA,91786,,,,,34.109003,-117.632472,clinical,CMS_CLIA,(909) 985-1948,05D1042330,Routine Chemistry,20240402,,,,
CLIA_CA_01117,Keith Mark Gross Md Inc,Keith Mark Gross Md Inc,655 Helen Runyon,Barstow,CA,92311,,,,,,,clinical,CMS_CLIA,(760) 255-3376,05D1042332,Routine Chemistry,20250724,,,,
CLIA_CA_01118,"Elissa Gropen Dermatology, Inc","Elissa Gropen Dermatology, Inc","3576 Arlington Ave, Ste 102",Riverside,CA,92506,,,,,33.946233,-117.391228,clinical,CMS_CLIA,(951) 684-8397,05D1042496,Routine Chemistry,20190503,,,,
CLIA_CA_01119,"Robert S Dye, Md, Apc","Robert S Dye, Md, Apc",11633 San Vicente Blvd Ste 230,Los Angeles,CA,90049,,,,,34.054098,-118.463479,clinical,CMS_CLIA,(310) 826-3376,05D1042497,Routine Chemistry,20230831,,,,
CLIA_CA_01120,"Khosrow Mehrany Md, Inc","Khosrow Mehrany Md, Inc","1729 Tully Rd, Ste 9",Modesto,CA,95350,,,,,37.669777,-121.012287,clinical,CMS_CLIA,(209) 338-7758,05D1042643,Routine Chemistry,20241022,,,,
CLIA_CA_01121,Dermatology Associates,Dermatology Associates,1850 Redondo Ave Ste 108,Signal Hill,CA,90755,,,,,33.790824,-118.151729,clinical,CMS_CLIA,(562) 498-2131,05D1043833,Routine Chemistry,20230919,,,,
CLIA_CA_01122,"East Side Pathology Associates Med Grp, Inc","East Side Pathology Associates Med Grp, Inc","1600 Potrero Grande Dr, Ste 1",Rosemead,CA,91770,,,,,34.047912,-118.098441,clinical,CMS_CLIA,(626) 458-4750,05D1044051,Routine Chemistry,20250311,,,,
CLIA_CA_01123,Skin Clinic Md,Skin Clinic Md,3737 4th Ave,San Diego,CA,92103,,,,,32.745811,-117.161514,clinical,CMS_CLIA,(619) 299-0700,05D1045035,Routine Chemistry,20240808,,,,
CLIA_CA_01124,Thousand Oaks Dermatology,Thousand Oaks Dermatology,415 E Rolling Oaks Dr Ste 110,Thousand Oaks,CA,91361,,,,,34.174047,-118.865731,clinical,CMS_CLIA,(805) 557-1740,05D1045230,Routine Chemistry,20230213,,,,
CLIA_CA_01125,"Advanced Cosmetic Dermatology, Pc","Advanced Cosmetic Dermatology, Pc","3400 Calloway Dr, Ste 200",Bakersfield,CA,93312,,,,,35.390797,-119.109859,clinical,CMS_CLIA,(661) 410-7546,05D1046193,Routine Chemistry,20250724,,,,
CLIA_CA_01126,"Advanced Dermatology Care Center, Inc","Advanced Dermatology Care Center, Inc","19582 Beach Blvd, Ste 217",Huntington Beach,CA,92648,,,,,33.678167,-117.988468,clinical,CMS_CLIA,(949) 650-1244,05D1046446,Routine Chemistry,20241022,,,,
CLIA_CA_01127,James P Lin Md Inc,James P Lin Md Inc,16300 Sand Canyon Ave Ste 910,Irvine,CA,92618,,,,,33.661512,-117.774042,clinical,CMS_CLIA,(949) 453-8600,05D1046893,Routine Chemistry,20250729,,,,
CLIA_CA_01128,Advanced Women'S Health Center,Advanced Women'S Health Center,8501 Brimhall Rd Ste 300,Bakersfield,CA,93312,,,,,35.368774,-119.096841,clinical,CMS_CLIA,(661) 410-2942,05D1048450,Routine Chemistry,20200110,1386810463,JASON HELLIWELL,PHYSCIAN/OWNER,6613771400
CLIA_CA_01129,Kindred Hospital Rancho,Kindred Hospital Rancho,10841 White Oak Ave,Rancho Cucamonga,CA,91730,,,,,,,clinical,CMS_CLIA,(909) 204-7171,05D1048567,Routine Chemistry,20070824,1205146289,KATHY TEAGUE,"Vice President, Corporate Secretary",6292535121
CLIA_CA_01130,"Robert Harford Md, A Medical Corporation","Robert Harford Md, A Medical Corporation","750 E Latham Ave, Ste 3",Hemet,CA,92543,,,,,33.749463,-116.964598,clinical,CMS_CLIA,(951) 658-2271,05D1048680,Routine Chemistry,20250827,,,,
CLIA_CA_01131,Lifestart Fertility Center,Lifestart Fertility Center,"29525 Canwood St, Ste 210",Agoura Hills,CA,91301,,,,,34.147353,-118.767971,clinical,CMS_CLIA,(818) 889-4532,05D1049668,Routine Chemistry,20250611,,,,
CLIA_CA_01132,Scpmg Ontario Medical Offices Bld A & D,Scpmg Ontario Medical Offices Bld A & D,"2295 S Vineyard Ave, 1st Flr",Ontario,CA,91761,,,,,34.032728,-117.61095,clinical,CMS_CLIA,(909) 724-2970,05D1050221,Routine Chemistry,20100601,,,,
CLIA_CA_01133,Desert Oasis Healthcare - Indio,Desert Oasis Healthcare - Indio,"81-880 Dr Carreon Blvd, Ste C-108",Indio,CA,92201,,,,,,,clinical,CMS_CLIA,(760) 320-8814,05D1050975,Routine Chemistry,20241218,,,,
CLIA_CA_01134,"Thomas F Cook, Md,Inc","Thomas F Cook, Md,Inc",5435 W Hillsdale Ave,Visalia,CA,93291,,,,,36.329491,-119.350867,clinical,CMS_CLIA,(559) 713-0117,05D1051818,Routine Chemistry,20240821,,,,
CLIA_CA_01135,Scpmg Garden Mob,Scpmg Garden Mob,9353 E Imperial Hwy,Downey,CA,90242,,,,,33.91711,-118.128714,clinical,CMS_CLIA,(562) 657-7531,05D1053346,Routine Chemistry,20110404,,,,
CLIA_CA_01136,Unique Medi Tech Llc,Unique Medi Tech Llc,20523 Crescent Bay Dr,Lake Forest,CA,92630,,,,,,,clinical,CMS_CLIA,(562) 200-5054,05D1053414,Routine Chemistry,20240320,,,,
CLIA_CA_01137,"Linda Mak Md, Inc","Linda Mak Md, Inc","74-900 Highway 111, Ste 212",Indian Wells,CA,92210,,,,,,,clinical,CMS_CLIA,(760) 568-0209,05D1053478,Routine Chemistry,20240126,,,,
CLIA_CA_01138,Integrated Dermatology Of Roseville,Integrated Dermatology Of Roseville,1414 Blue Oaks Rd,Roseville,CA,95747,,,,,38.795404,-121.314853,clinical,CMS_CLIA,(916) 784-7546,05D1053761,Routine Chemistry,20251106,,,,
CLIA_CA_01139,Compassionate Cancer Care,Compassionate Cancer Care,4500 Brockton Ave Ste 107,Riverside,CA,92501,,,,,33.97731,-117.384323,clinical,CMS_CLIA,(951) 276-2760,05D1055084,Routine Chemistry,20240123,,,,
CLIA_CA_01140,Neuro-Pain Medical Center Inc,Neuro-Pain Medical Center Inc,736 E Bullard Ave Ste 101,Fresno,CA,93710,,,,,36.823084,-119.774058,clinical,CMS_CLIA,(559) 437-9700,05D1055092,Routine Chemistry,20130318,1568687424,PERMINDER BHATIA,DIRECTOR,5594379700
CLIA_CA_01141,Healthcare Partners Affiliates,Healthcare Partners Affiliates,10441 Lakewood Blvd Ste A & B,Long Beach,CA,90815,,,,,,,clinical,CMS_CLIA,(562) 988-7027,05D1056070,Routine Chemistry,20220408,,,,
CLIA_CA_01142,Island Dermatology,Island Dermatology,"360 San Miguel Dr, Ste 501",Newport Beach,CA,92660,,,,,,,clinical,CMS_CLIA,(949) 720-1170,05D1056357,Routine Chemistry,20230914,,,,
CLIA_CA_01143,Csi Medical Group - Encinitas,Csi Medical Group - Encinitas,"285 North El Camino Real, Ste 117",Encinitas,CA,92024,,,,,33.053578,-117.26138,clinical,CMS_CLIA,(760) 633-1000,05D1056829,Routine Chemistry,20260206,,,,
CLIA_CA_01144,Bay Area House Call Physicians,Bay Area House Call Physicians,4067 Transport St Ste B,Palo Alto,CA,94303,,,,,37.424849,-122.099016,clinical,CMS_CLIA,(650) 384-0986,05D1056854,Routine Chemistry,20100401,1609001700,DAVID JONES,Medical Director,6503840986
CLIA_CA_01145,"Advanced Dermatology, Thomas J Hoffmann Md","Advanced Dermatology, Thomas J Hoffmann Md",29798 Haun Rd Ste 204,Menifee,CA,92586,,,,,33.687448,-117.174772,clinical,CMS_CLIA,(951) 672-3300,05D1057914,Routine Chemistry,20230420,,,,
CLIA_CA_01146,University Fertility Laboratory Inc,University Fertility Laboratory Inc,23550 Hawthorne Blvd Ste 210,Torrance,CA,90505,,,,,33.811863,-118.350938,clinical,CMS_CLIA,(310) 378-7445,05D1058699,Routine Chemistry,20180815,,,,
CLIA_CA_01147,"Mary S Jung, Md Inc","Mary S Jung, Md Inc","17601 E 17th Street, Ste 110",Tustin,CA,92780,,,,,33.759967,-117.82538,clinical,CMS_CLIA,(714) 790-0005,05D1058795,Routine Chemistry,20240812,,,,
CLIA_CA_01148,Union Square Dermatology,Union Square Dermatology,"450 Sutter St, Ste 830",San Francisco,CA,94108,,,,,37.789382,-122.407803,clinical,CMS_CLIA,(415) 393-9550,05D1059083,Routine Chemistry,20250418,,,,
CLIA_CA_01149,Southern California Skin & Laser,Southern California Skin & Laser,"27020 Alicia Pkwy, Ste G",Laguna Niguel,CA,92677,,,,,33.570408,-117.714508,clinical,CMS_CLIA,(949) 707-5734,05D1060575,Routine Chemistry,20250709,,,,
CLIA_CA_01150,"Biomat Usa, Inc","Biomat Usa, Inc",246 Bernard St,Bakersfield,CA,93305,,,,,35.390311,-118.996966,clinical,CMS_CLIA,(661) 863-0621,05D1061320,Routine Chemistry,20120316,,,,
CLIA_CA_01151,J Robert West Md Inc,J Robert West Md Inc,"4244 Riverwalk Pkwy, Ste 170",Riverside,CA,92505,,,,,33.903298,-117.493943,clinical,CMS_CLIA,(951) 736-7432,05D1061636,Routine Chemistry,20250924,,,,
CLIA_CA_01152,"Huntington Reproductive Center Medical Group,","Huntington Reproductive Center Medical Group,","1950 Sunnycrest Dr, Ste 2400",Fullerton,CA,92835,,,,,33.893224,-117.931427,clinical,CMS_CLIA,(866) 472-4483,05D1062683,Routine Chemistry,20241022,,,,
CLIA_CA_01153,Huntington Reproductive Center,Huntington Reproductive Center,11500 W Olympic Blvd Ste 504,Los Angeles,CA,90064,,,,,34.036421,-118.44409,clinical,CMS_CLIA,(310) 481-0881,05D1062688,Routine Chemistry,20240924,,,,
CLIA_CA_01154,Fertility Centers Of Orange County,Fertility Centers Of Orange County,"17875 Von Karman Ave,  Ste 480",Irvine,CA,92614,,,,,33.684493,-117.847383,clinical,CMS_CLIA,(949) 387-3888,05D1062716,Routine Chemistry,20140904,,,,
CLIA_CA_01155,"Robert S Dye, Md, Apc","Robert S Dye, Md, Apc",29525 Canwood St Ste  219,Agoura Hills,CA,91301,,,,,34.147353,-118.767971,clinical,CMS_CLIA,(818) 865-8133,05D1062717,Routine Chemistry,20240208,,,,
CLIA_CA_01156,"Medderm Associates, Inc","Medderm Associates, Inc","3965 5th Ave, Ste 200",San Diego,CA,92103,,,,,32.749507,-117.160376,clinical,CMS_CLIA,(619) 542-0013,05D1062915,Routine Chemistry,20260218,,,,
CLIA_CA_01157,Hrc Fertility - Encino,Hrc Fertility - Encino,"15503 Ventura Blvd, Ste 200",Encino,CA,91436,,,,,34.154862,-118.472204,clinical,CMS_CLIA,(818) 788-7288,05D1063413,Routine Chemistry,20240924,,,,
CLIA_CA_01158,Orange County Urology Associates Pathology Lab,Orange County Urology Associates Pathology Lab,"23961 Calle De Magdalena, Ste 500",Laguna Hills,CA,92653,,,,,33.60888,-117.710953,clinical,CMS_CLIA,(949) 855-1101,05D1063918,Routine Chemistry,20250423,,,,
CLIA_CA_01159,"J Robert West Md, Dba West Dermatology","J Robert West Md, Dba West Dermatology","116 S Palisade Dr, Ste 208",Santa Maria,CA,93454,,,,,34.952693,-120.412077,clinical,CMS_CLIA,(805) 922-3632,05D1064504,Routine Chemistry,20250121,,,,
CLIA_CA_01160,Frank F Luo Md Inc,Frank F Luo Md Inc,1180 Laurel St,Pasadena,CA,91103,,,,,34.170279,-118.175436,clinical,CMS_CLIA,(626) 589-8525,05D1064505,Routine Chemistry,20240125,,,,
CLIA_CA_01161,"Robert E Beer, Md, Inc","Robert E Beer, Md, Inc","2221 Balfour Rd, Ste A",Brentwood,CA,94513,,,,,37.92529,-121.738686,clinical,CMS_CLIA,(925) 240-9116,05D1064790,Routine Chemistry,20251118,,,,
CLIA_CA_01162,Altasciences Los Angeles,Altasciences Los Angeles,5630 Cerritos Ave,Cypress,CA,90630,,,,,33.81017,-118.034405,clinical,CMS_CLIA,(714) 252-0700,05D1064850,Routine Chemistry,20190614,,,,
CLIA_CA_01163,Precision Aspiration And Biopsy,Precision Aspiration And Biopsy,1125 S Beverly Dr Ste 602,Los Angeles,CA,90035,,,,,34.056879,-118.396597,clinical,CMS_CLIA,(310) 702-6701,05D1064899,Routine Chemistry,20251215,1801112057,CELINA NADELMAN,Laboratory Director,3107026701
CLIA_CA_01164,"Elisa K Yoo, Md, Pc","Elisa K Yoo, Md, Pc","3801 Katella Ave, Ste 414",Los Alamitos,CA,90720,,,,,33.803233,-118.066605,clinical,CMS_CLIA,(562) 430-9900,05D1065093,Routine Chemistry,20241016,,,,
CLIA_CA_01165,Urgent Care Center Of South Bay,Urgent Care Center Of South Bay,4305 Torrance Blvd Ste 106,Torrance,CA,90503,,,,,33.837636,-118.359318,clinical,CMS_CLIA,(310) 542-9758,05D1065107,Routine Chemistry,20100505,,,,
CLIA_CA_01166,California Cancer Associates For,California Cancer Associates For,"326 Santa Fe Dr, Suite 105",Encinitas,CA,92024,,,,,33.036282,-117.285641,clinical,CMS_CLIA,(559) 326-1222,05D1065148,Routine Chemistry,20180328,,,,
CLIA_CA_01167,Del Mar M E D,Del Mar M E D,"12395 El Camino Real, Ste 200",San Diego,CA,92130,,,,,32.943747,-117.239448,clinical,CMS_CLIA,(858) 755-6647,05D1065292,Routine Chemistry,20240724,,,,
CLIA_CA_01168,"Daniel Behroozan, Md","Daniel Behroozan, Md","2221 Lincoln Blvd, Ste 100",Santa Monica,CA,90405,,,,,,,clinical,CMS_CLIA,(310) 392-1111,05D1066053,Routine Chemistry,20250929,,,,
CLIA_CA_01169,Los Palos Pathology Lab,Los Palos Pathology Lab,1083 Los Palos Dr,Salinas,CA,93901,,,,,36.658295,-121.645077,clinical,CMS_CLIA,(831) 594-1537,05D1067003,Routine Chemistry,20230815,,,,
CLIA_CA_01170,Life Technologies Clinical Services Lab,Life Technologies Clinical Services Lab,910 Riverside Pkwy Ste 60,West Sacramento,CA,95605,,,,,38.588996,-121.56709,clinical,CMS_CLIA,(916) 375-7227,05D1067109,Routine Chemistry,20111020,,,,
CLIA_CA_01171,California Ivf Fertility Center,California Ivf Fertility Center,"2590 Venture Oaks Way, Ste 103",Sacramento,CA,95833,,,,,38.612146,-121.516739,clinical,CMS_CLIA,(916) 979-5599,05D1067740,Routine Chemistry,20230126,1548428089,ERNEST ZERINGUE,President/Medical Director,5307710177
CLIA_CA_01172,"Forefront Dermatology - Pacific, Pc Dba","Forefront Dermatology - Pacific, Pc Dba","1661 Soquel Dr, Bldg B",Santa Cruz,CA,95065,,,,,36.989019,-121.981977,clinical,CMS_CLIA,(831) 476-2444,05D1069923,Routine Chemistry,20250205,,,,
CLIA_CA_01173,Golden State Dermatology Associates,Golden State Dermatology Associates,"2490 Hospital Dr, Ste 201",Mountain View,CA,94040,,,,,37.368877,-122.082031,clinical,CMS_CLIA,(650) 962-4600,05D1070461,Routine Chemistry,20230816,,,,
CLIA_CA_01174,Valley Urology Inc,Valley Urology Inc,"6113 N Fresno St, Ste 101",Fresno,CA,93710,,,,,36.824667,-119.781399,clinical,CMS_CLIA,(559) 250-7927,05D1070679,Routine Chemistry,20250805,1952417438,HAROLD RAINWATER,Owner,5594382777
CLIA_CA_01175,Integrated Dermatology,Integrated Dermatology,"3325 Palo Verde Ave, Ste 107",Long Beach,CA,90808,,,,,33.817867,-118.107903,clinical,CMS_CLIA,(562) 420-8333,05D1071022,Routine Chemistry,20240926,,,,
CLIA_CA_01176,Ravi Shankar Md,Ravi Shankar Md,"44215 15th St West, Ste 105",Wilsona Gardens,CA,93534,,,,,34.686332,-118.156874,clinical,CMS_CLIA,(661) 948-8000,05D1071297,Routine Chemistry,20250626,,,,
CLIA_CA_01177,Manhattan Beach Dermatology,Manhattan Beach Dermatology,2809 N Sepulveda Blvd,Manhattan Beach,CA,90266,,,,,33.896366,-118.396074,clinical,CMS_CLIA,(310) 802-8180,05D1071461,Routine Chemistry,20230420,1235333493,SCOTT RACKETT,Owner,3108028180
CLIA_CA_01178,"Khosrow Mehrany, Md Inc","Khosrow Mehrany, Md Inc",219 Meridian Ave,San Jose,CA,95126,,,,,37.32513,-121.913856,clinical,CMS_CLIA,(408) 335-3966,05D1072821,Routine Chemistry,20250807,,,,
CLIA_CA_01179,"Golden State Dermatology Associates, Inc","Golden State Dermatology Associates, Inc",20911 Earl St Ste 310,Torrance,CA,90503,,,,,33.840331,-118.358088,clinical,CMS_CLIA,(310) 370-9970,05D1074270,Routine Chemistry,20230418,,,,
CLIA_CA_01180,"Prithipal S Sethi, Md, Inc","Prithipal S Sethi, Md, Inc",3133 W March Lane Ste 1040,Stockton,CA,95219,,,,,37.984104,-121.351279,clinical,CMS_CLIA,(209) 464-3627,05D1074973,Routine Chemistry,20250603,,,,
CLIA_CA_01181,Advanced Dermatology,Advanced Dermatology,230 Newport Center Dr Ste 200,Newport Beach,CA,92660,,,,,33.612669,-117.874608,clinical,CMS_CLIA,(949) 706-7766,05D1075013,Routine Chemistry,20220901,,,,
CLIA_CA_01182,"Center For Advanced Dermatology, Inc","Center For Advanced Dermatology, Inc","301 W Huntington Dr, Ste 215",Arcadia,CA,91007,,,,,34.136526,-118.040998,clinical,CMS_CLIA,(626) 446-4663,05D1075041,Routine Chemistry,20241212,,,,
CLIA_CA_01183,"Biomat Usa, Inc","Biomat Usa, Inc",355 E 3rd St,Calexico,CA,92231,,,,,32.667797,-115.494134,clinical,CMS_CLIA,(760) 693-9840,05D1075051,Routine Chemistry,20210817,,,,
CLIA_CA_01184,Laser And Skin Surgery Center,Laser And Skin Surgery Center,3835 J St,Sacramento,CA,95816,,,,,38.570246,-121.455533,clinical,CMS_CLIA,(916) 456-0400,05D1075253,Routine Chemistry,20180808,,,,
CLIA_CA_01185,Golden State Dermatology Associates Inc,Golden State Dermatology Associates Inc,"3400 Lomita Blvd, Ste 503",Torrance,CA,90505,,,,,33.813079,-118.344861,clinical,CMS_CLIA,(310) 257-1988,05D1075441,Routine Chemistry,20230418,,,,
CLIA_CA_01186,Castle Dermatology Institute,Castle Dermatology Institute,18555 Ventura Blvd Ste E,Tarzana,CA,91356,,,,,34.169521,-118.537694,clinical,CMS_CLIA,(818) 344-3376,05D1075640,Routine Chemistry,20230829,,,,
CLIA_CA_01187,Temecula Valley Digestive Disease,Temecula Valley Digestive Disease,"35100 Makena Ave, Ste #103",Murrieta,CA,92563,,,,,,,clinical,CMS_CLIA,(951) 574-4750,05D1076162,Routine Chemistry,20140605,,,,
CLIA_CA_01188,Gardens Medical Center Inc,Gardens Medical Center Inc,7218 Garfield Ave,Bell Gardens,CA,90201,,,,,33.966215,-118.150976,clinical,CMS_CLIA,(562) 927-1111,05D1076583,Routine Chemistry,20191127,1891839270,ARASH LALEZARY,President,5629271111
CLIA_CA_01189,Robert B Klein Md Inc,Robert B Klein Md Inc,"18350 Roscoe Blvd, Ste 701",Northridge,CA,91325,,,,,34.220718,-118.532848,clinical,CMS_CLIA,(818) 885-9400,05D1077328,Routine Chemistry,20260113,1326230624,ROBERT KLEIN,PRESIDENT,8188859400
CLIA_CA_01190,Sierra Hematology & Oncology Medical Center,Sierra Hematology & Oncology Medical Center,8100 Bruceville Rd,Sacramento,CA,95823,,,,,38.462779,-121.418014,clinical,CMS_CLIA,(916) 689-9300,05D1077487,Routine Chemistry,20230125,,,,
CLIA_CA_01191,Eye Associates Of Sebastopol,Eye Associates Of Sebastopol,6880 Palm Ave,Sebastopol,CA,95472,,,,,38.396011,-122.819199,clinical,CMS_CLIA,(707) 823-7628,05D1077728,Routine Chemistry,20240911,,,,
CLIA_CA_01192,Beverly Hills Cancer Center,Beverly Hills Cancer Center,8900 Wilshire Blvd,Beverly Hills,CA,90211,,,,,34.066973,-118.385735,clinical,CMS_CLIA,(310) 432-8910,05D1077766,Routine Chemistry,20250122,1427256957,ARASH GABAYAN,President,3104328900
CLIA_CA_01193,California Cancer Associates For,California Cancer Associates For,"28078 Baxter Rd,  Ste 140",Murrieta,CA,92563,,,,,33.613524,-117.169387,clinical,CMS_CLIA,(800) 456-5860,05D1078087,Routine Chemistry,20160726,,,,
CLIA_CA_01194,Gcc Laboratory,Gcc Laboratory,"4820 Business Center Dr, Ste 100B",Fairfield,CA,94534,,,,,38.218577,-122.141267,clinical,CMS_CLIA,(707) 688-4335,05D1078088,Routine Chemistry,20160711,1154941284,MICHAEL MCDEVITT,"COO, OWNER",7073636703
CLIA_CA_01195,"Lakeside Medical Organization, A Med Group, Inc","Lakeside Medical Organization, A Med Group, Inc",7325 Medical Center Dr Ste 300,West Hills,CA,91307,,,,,34.202587,-118.629531,clinical,CMS_CLIA,(818) 595-3582,05D1078346,Routine Chemistry,20181010,,,,
CLIA_CA_01196,Solano Dermatology Associates,Solano Dermatology Associates,"600 Nut Tree Rd, Ste 260",Vacaville,CA,95687,,,,,38.361508,-121.949635,clinical,CMS_CLIA,(707) 452-7222,05D1078752,Routine Chemistry,20251015,,,,
CLIA_CA_01197,"Phamatech, Inc","Phamatech, Inc",15175 Innovation Dr,San Diego,CA,92128,,,,,32.991645,-117.076723,clinical,CMS_CLIA,(858) 643-5555,05D1078844,Routine Chemistry,20250710,,,,
CLIA_CA_01198,Dermatology Professionals Inc,Dermatology Professionals Inc,"9878 Hibert St, Ste 100",San Diego,CA,92131,,,,,32.91389,-117.113087,clinical,CMS_CLIA,(858) 693-3000,05D1079683,Routine Chemistry,20240724,,,,
CLIA_CA_01199,Comprehensive Dermatology Group,Comprehensive Dermatology Group,"781 Gardenview Court, Ste 201",Encinitas,CA,92024,,,,,33.060121,-117.260564,clinical,CMS_CLIA,(760) 634-3376,05D1079755,Routine Chemistry,20250731,1396923413,VISHAKHA GIGLER,President,7606343376
CLIA_CA_01200,"Alakor Healthcare, Llc","Alakor Healthcare, Llc",323 S Heliotrope Ave,Monrovia,CA,91016,,,,,34.149082,-117.992244,clinical,CMS_CLIA,(626) 408-9821,05D1079813,Routine Chemistry,20081205,,,,
CLIA_CA_01201,"Biomat Usa, Inc","Biomat Usa, Inc",13473 Perris Blvd,Moreno Valley,CA,92553,,,,,33.924987,-117.22635,clinical,CMS_CLIA,(951) 243-0220,05D1081650,Routine Chemistry,20210609,,,,
CLIA_CA_01202,Acacio Fertility Center,Acacio Fertility Center,27882 Forbes Rd Ste 200,Laguna Niguel,CA,92677,,,,,33.557066,-117.675709,clinical,CMS_CLIA,(949) 249-9200,05D1082557,Routine Chemistry,20141024,,,,
CLIA_CA_01203,Scpmg 1515 Mohs Laboratory,Scpmg 1515 Mohs Laboratory,1515 N Vermont Ave 5th Fl,Los Angeles,CA,90027,,,,,34.09903,-118.291831,clinical,CMS_CLIA,(323) 783-3195,05D1082649,Routine Chemistry,20230418,,,,
CLIA_CA_01204,"Golden State Dermatology Associates, Inc","Golden State Dermatology Associates, Inc",9269 Sierra College Blvd,Roseville,CA,95661,,,,,38.734173,-121.225798,clinical,CMS_CLIA,(916) 772-1585,05D1082730,Routine Chemistry,20250311,,,,
CLIA_CA_01205,"Natera, Inc.","Natera, Inc.",201 Industrial Rd Ste 410,San Carlos,CA,94070,,,,,37.513163,-122.25936,clinical,CMS_CLIA,(650) 249-9090,05D1082992,Routine Chemistry,20121115,1558672279,MATTHEW MEGA,Sr Vice President,6502499090
CLIA_CA_01206,Central Coast Oncology & Hematology,Central Coast Oncology & Hematology,1669 Dominican Way,Santa Cruz,CA,95065,,,,,36.990392,-121.981468,clinical,CMS_CLIA,(831) 475-2220,05D1083014,Routine Chemistry,20241106,1942473491,MICHAEL YEN,Owner,8314752220
CLIA_CA_01207,Heritage Victor Valley Medical Group,Heritage Victor Valley Medical Group,12370 Hesperia Rd Ste 15,Victorville,CA,92395,,,,,34.476082,-117.291393,clinical,CMS_CLIA,(760) 261-5292,05D1084500,Routine Chemistry,20240404,1902356561,MANUEL PORTO,President,7144562986
CLIA_CA_01208,Payam Abrishami Md Inc,Payam Abrishami Md Inc,5010 Chesebro Rd,Agoura Hills,CA,91301,,,,,,,clinical,CMS_CLIA,(818) 338-7097,05D1084547,Routine Chemistry,20240222,,,,
CLIA_CA_01209,Bhi Diagnostics,Bhi Diagnostics,"8920 Wilshire Blvd, St 310",Beverly Hills,CA,90211,,,,,34.066981,-118.386428,clinical,CMS_CLIA,(310) 918-9920,05D1084596,Routine Chemistry,20260127,,,,
CLIA_CA_01210,Pain & Rehabilitative Consultants,Pain & Rehabilitative Consultants,1335 Stanford Ave,Emeryville,CA,94608,,,,,37.838578,-122.288217,clinical,CMS_CLIA,(510) 647-5101,05D1084815,Routine Chemistry,20251119,,,,
CLIA_CA_01211,"Abraham Ishaaya, Md, Inc","Abraham Ishaaya, Md, Inc",9230 W Olympic Blvd,Beverly Hills,CA,90212,,,,,34.059339,-118.392932,clinical,CMS_CLIA,(909) 630-3068,05D1085773,Routine Chemistry,20231113,,,,
CLIA_CA_01212,Epic Care,Epic Care,6380 Clark Ave,Dublin,CA,94568,,,,,37.70502,-121.920332,clinical,CMS_CLIA,(925) 875-1677,05D1085817,Routine Chemistry,20220119,1780107797,BIMAL PATEL,President,9257780679
CLIA_CA_01213,Center For Rheumatology,Center For Rheumatology,"8640 W 3rd St, Ste 300",Los Angeles,CA,90048,,,,,34.073524,-118.380874,clinical,CMS_CLIA,(310) 659-7117,05D1086289,Routine Chemistry,20250508,,,,
CLIA_CA_01214,Pain Management Specialists,Pain Management Specialists,"10 Santa Rosa,  Ste 201",San Luis Obispo,CA,93405,,,,,35.29384,-120.667665,clinical,CMS_CLIA,(805) 544-7246,05D1087052,Routine Chemistry,20240306,,,,
CLIA_CA_01215,Vibra Hospital Of Northern California,Vibra Hospital Of Northern California,2801 Eureka Way,Redding,CA,96001,,,,,40.585665,-122.413013,clinical,CMS_CLIA,(530) 246-9000,05D1088170,Routine Chemistry,20110826,1972580363,BRAD HOLLINGER,President,7175915700
CLIA_CA_01216,"Spanish Hills Interventional Pain Specialist,","Spanish Hills Interventional Pain Specialist,",1100 Paseo Camarillo,Camarillo,CA,93010,,,,,34.220879,-119.055237,clinical,CMS_CLIA,(805) 484-8558,05D1088479,Routine Chemistry,20190322,,,,
CLIA_CA_01217,Agendia Inc,Agendia Inc,22 Morgan,Irvine,CA,92618,,,,,33.650605,-117.711023,clinical,CMS_CLIA,(949) 540-6300,05D1089250,Routine Chemistry,20221031,1821253584,JENNIFER WEI,Medical Director,9495406300
CLIA_CA_01218,Adam M Rotunda Md,Adam M Rotunda Md,"1100 Quail St, Ste 102",Newport Beach,CA,92660,,,,,33.658748,-117.865348,clinical,CMS_CLIA,(310) 902-5513,05D1089291,Routine Chemistry,20260121,,,,
CLIA_CA_01219,"Francesco D'Alessandro, Md","Francesco D'Alessandro, Md",817 Court St Ste 11,Jackson,CA,95642,,,,,38.352901,-120.766416,clinical,CMS_CLIA,(209) 223-0038,05D1089338,Routine Chemistry,20220218,,,,
CLIA_CA_01220,Genex Labobatories,Genex Labobatories,1301 N San Fernando Blvd,Burbank,CA,91504,,,,,34.18929,-118.320318,clinical,CMS_CLIA,(818) 557-0004,05D1089622,Routine Chemistry,20231017,,,,
CLIA_CA_01221,Universal Pain Management,Universal Pain Management,819 Auto Center Dr,Palmdale,CA,93551,,,,,34.590946,-118.144034,clinical,CMS_CLIA,(661) 267-6876,05D1089660,Routine Chemistry,20251202,,,,
CLIA_CA_01222,"Roupen Yaghsezian, Md Inc","Roupen Yaghsezian, Md Inc",22632 Ocean Way,Laguna Niguel,CA,92677,,,,,33.505489,-117.733796,clinical,CMS_CLIA,(951) 280-0100,05D1090870,Routine Chemistry,20240315,,,,
CLIA_CA_01223,Irvine Pathology Medical Group Inc,Irvine Pathology Medical Group Inc,"15375 Barranca Pkwy, Ste H-105",Irvine,CA,92618,,,,,33.657143,-117.736212,clinical,CMS_CLIA,(949) 387-8111,05D1090909,Routine Chemistry,20250304,1619077724,ALAN RUSHOVICH,PRESIDENT,9493878111
CLIA_CA_01224,Leonard Kim Md,Leonard Kim Md,"2080 Century Park East, Ste 401",Los Angeles,CA,90067,,,,,34.058745,-118.412157,clinical,CMS_CLIA,(310) 289-0009,05D1091015,Routine Chemistry,20250610,,,,
CLIA_CA_01225,"Golden State Dermatology Associates, Inc","Golden State Dermatology Associates, Inc","3201 Danville Blvd, Ste 110",Alamo,CA,94507,,,,,37.849638,-122.032164,clinical,CMS_CLIA,(925) 362-0992,05D1091272,Routine Chemistry,20251121,,,,
CLIA_CA_01226,"Sc Physician Group Dba Urgent 9, Urgent Care","Sc Physician Group Dba Urgent 9, Urgent Care","1000 N Central Ave, Ste 140",Glendale,CA,91202,,,,,34.159855,-118.257244,clinical,CMS_CLIA,(818) 662-7000,05D1092030,Routine Chemistry,20250304,,,,
CLIA_CA_01227,"Biomat Usa, Inc","Biomat Usa, Inc",4030 Wible Road,Bakersfield,CA,93309,,,,,35.318329,-119.03889,clinical,CMS_CLIA,(661) 833-2380,05D1092498,Routine Chemistry,20160915,,,,
CLIA_CA_01228,Eye Associates Medical Group Inc,Eye Associates Medical Group Inc,14709 Lakeshore Dr,Clearlake,CA,95422,,,,,38.949893,-122.636523,clinical,CMS_CLIA,(707) 994-8644,05D1092687,Routine Chemistry,20250724,,,,
CLIA_CA_01229,Newport Childrens Medical Group,Newport Childrens Medical Group,"1640 Newport Blvd, Ste 210",Costa Mesa,CA,92627,,,,,33.634561,-117.922053,clinical,CMS_CLIA,(714) 488-1020,05D1092782,Routine Chemistry,20250909,,,,
CLIA_CA_01230,Scpmg Panorama City Medical Offices,Scpmg Panorama City Medical Offices,8001 Ventura Canyon Ave,Panorama City,CA,91402,,,,,34.21573,-118.428785,clinical,CMS_CLIA,(818) 375-3835,05D1094258,Routine Chemistry,20251211,,,,
CLIA_CA_01231,Coastal Medical & Cosmetic Dermatology,Coastal Medical & Cosmetic Dermatology,"9850 Genesee Ave, Ste 850",La Jolla,CA,92037,,,,,32.884871,-117.222559,clinical,CMS_CLIA,(858) 657-0267,05D1094617,Routine Chemistry,20250819,,,,
CLIA_CA_01232,Scpmg Mohs Laboratory South Bay,Scpmg Mohs Laboratory South Bay,18600 S Figueroa St,Gardena,CA,90248,,,,,33.861835,-118.28139,clinical,CMS_CLIA,(310) 516-2424,05D1094880,Routine Chemistry,20250919,,,,
CLIA_CA_01233,Orange Coast Dermatology Inc,Orange Coast Dermatology Inc,"22032 El Paseo, Ste 150",Rancho Santa Margarita,CA,92688,,,,,33.643157,-117.59495,clinical,CMS_CLIA,(949) 888-8500,05D1094919,Routine Chemistry,20241202,,,,
CLIA_CA_01234,Patricia A Brotman Md Inc Corona Lab,Patricia A Brotman Md Inc Corona Lab,854 Magnolia Ave Ste 202,Corona,CA,92879,,,,,33.86054,-117.551546,clinical,CMS_CLIA,(951) 898-1118,05D1095212,Routine Chemistry,20240319,,,,
CLIA_CA_01235,Scpmg Riverside Mohs,Scpmg Riverside Mohs,"10800 Magnolia Ave Mob3, 3rd Flr, #350",Riverside,CA,92505,,,,,33.90693,-117.470045,clinical,CMS_CLIA,(951) 353-6961,05D1096137,Routine Chemistry,20250716,,,,
CLIA_CA_01236,Scpmg Dermatology/Mohs,Scpmg Dermatology/Mohs,"5601 De Soto Ave, Ste 1870",Woodland Hills,CA,91367,,,,,34.170928,-118.588245,clinical,CMS_CLIA,(818) 719-3149,05D1096470,Routine Chemistry,20241212,,,,
CLIA_CA_01237,Omnipathology Solutions,Omnipathology Solutions,968 S Fair Oaks Ave,Pasadena,CA,91105,,,,,34.129233,-118.150254,clinical,CMS_CLIA,(626) 744-5339,05D1098267,Routine Chemistry,20250310,,,,
CLIA_CA_01238,"George Keith Llewellyn Md, Inc","George Keith Llewellyn Md, Inc","1722 State St, Ste 103",Santa Barbara,CA,93101,,,,,34.428302,-119.711117,clinical,CMS_CLIA,(805) 884-4900,05D1098268,Routine Chemistry,20250123,,,,
CLIA_CA_01239,Inform Diagnostics Inc,Inform Diagnostics Inc,7669 E Hollow Oak Rd,Anaheim,CA,92808,,,,,33.855521,-117.747012,clinical,CMS_CLIA,(248) 229-9444,05D1098270,Routine Chemistry,20100114,,,,
CLIA_CA_01240,My Skin Dermatology,My Skin Dermatology,27141 Hidaway Ave Ste 104,Santa Clarita,CA,91351,,,,,34.415077,-118.46901,clinical,CMS_CLIA,(661) 299-6900,05D1098338,Routine Chemistry,20260115,1659589844,ARAM KECHICHIAN,PRESIDENT,6612996900
CLIA_CA_01241,"William J Wickwire, Md Inc","William J Wickwire, Md Inc","3831 Hughes Ave Ste, 504B",Culver City,CA,90232,,,,,34.022749,-118.398426,clinical,CMS_CLIA,(310) 798-1515,05D1099142,Routine Chemistry,20240425,,,,
CLIA_CA_01242,West Dermatology Pathology Lab,West Dermatology Pathology Lab,1041 E Yorba Linda Blvd Ste 304,Placentia,CA,92870,,,,,33.888521,-117.845102,clinical,CMS_CLIA,(714) 924-7240,05D1099673,Routine Chemistry,20130918,,,,
CLIA_CA_01243,Scpmg Mohs Laboratory - Baldwin Park,Scpmg Mohs Laboratory - Baldwin Park,1011 Baldwin Park Blvd,Baldwin Park,CA,91706,,,,,34.063477,-117.985846,clinical,CMS_CLIA,(626) 851-5141,05D1099676,Routine Chemistry,20220301,,,,
CLIA_CA_01244,"Leo Treyzon, Md Inc","Leo Treyzon, Md Inc","9454 Wilshire Blvd, Ste 510A",Beverly Hills,CA,90212,,,,,34.066999,-118.398875,clinical,CMS_CLIA,(310) 688-4141,05D1100558,Routine Chemistry,20260211,,,,
CLIA_CA_01245,Newport Harbor Pathology,Newport Harbor Pathology,"2901 W Coast Hwy, Ste 200",Newport Beach,CA,92663,,,,,33.618989,-117.921718,clinical,CMS_CLIA,(949) 891-1297,05D1100910,Routine Chemistry,20250613,,,,
CLIA_CA_01246,San Jose Gastroenterology,San Jose Gastroenterology,231 O'Connor Dr,San Jose,CA,95128,,,,,37.323673,-121.939163,clinical,CMS_CLIA,(408) 347-9001,05D1101377,Routine Chemistry,20230726,1598715070,YEN NGUYEN,Biller,4082130063
CLIA_CA_01247,Summit Health Group,Summit Health Group,"55 Rolling Oaks Dr, Ste 100",Thousand Oaks,CA,91361,,,,,34.175181,-118.872699,clinical,CMS_CLIA,(805) 499-4446,05D1102244,Routine Chemistry,20120426,,,,
CLIA_CA_01248,Solano Dermatology Associates,Solano Dermatology Associates,"480 Chadbourne Rd, Ste 201",Fairfield,CA,94534,,,,,38.235724,-122.083765,clinical,CMS_CLIA,(707) 399-4500,05D1102627,Routine Chemistry,20230928,,,,
CLIA_CA_01249,Dermatology And Laser Center Of California,Dermatology And Laser Center Of California,1200 Rosecrans Ave Suite 105,Manhattan Beach,CA,90266,,,,,33.901804,-118.392875,clinical,CMS_CLIA,(310) 546-7546,05D1102630,Routine Chemistry,20201027,,,,
CLIA_CA_01250,Golden State Dermatology,Golden State Dermatology,2802 Pacific Coast Hwy,Torrance,CA,90505,,,,,33.793956,-118.335797,clinical,CMS_CLIA,(310) 274-5372,05D1102635,Routine Chemistry,20230411,,,,
CLIA_CA_01251,Gastroenterology Medical Clinic,Gastroenterology Medical Clinic,"1580 Creekside Dr, Ste 200",Folsom,CA,95630,,,,,38.668589,-121.149221,clinical,CMS_CLIA,(916) 983-4444,05D1102955,Routine Chemistry,20250312,1578741401,ROBERT PECHA,President,9169834444
CLIA_CA_01252,Precision Dermatology Inc.,Precision Dermatology Inc.,2100 Webster St Ste 305,San Francisco,CA,94115,,,,,37.790107,-122.432326,clinical,CMS_CLIA,(415) 202-1540,05D1103025,Routine Chemistry,20220201,,,,
CLIA_CA_01253,Tpmg-Vacaville Mohs Laboratory,Tpmg-Vacaville Mohs Laboratory,"1 Quality Dr, Mob-A",Vacaville,CA,95688,,,,,,,clinical,CMS_CLIA,(707) 624-3222,05D1103181,Routine Chemistry,20230607,,,,
CLIA_CA_01254,"Newport Beach Surgical And Medical Group, Inc","Newport Beach Surgical And Medical Group, Inc",180 Newport Center Dr Ste 158,Newport Beach,CA,92660,,,,,,,clinical,CMS_CLIA,(949) 719-1800,05D1103389,Routine Chemistry,20240612,,,,
CLIA_CA_01255,Inland Pain Medicine,Inland Pain Medicine,1850 E Washington St,Colton,CA,92324,,,,,34.048364,-117.295278,clinical,CMS_CLIA,(909) 887-2991,05D1104149,Routine Chemistry,20140926,1184766685,ANDREW HESSELTINE,Medical Director,9098872991
CLIA_CA_01256,California Molecular,California Molecular,"24407 Calle De La Louisa, Ste 100",Laguna Hills,CA,92653,,,,,33.608107,-117.706664,clinical,CMS_CLIA,(949) 581-0555,05D1104648,Routine Chemistry,20250618,,,,
CLIA_CA_01257,Totally Kids Rehabilitation Hospital,Totally Kids Rehabilitation Hospital,1720 Mountain View Ave,Loma Linda,CA,92354,,,,,34.070767,-117.243722,clinical,CMS_CLIA,(909) 796-6915,05D1104934,Routine Chemistry,20180813,1003133695,DOUGLAS PADGETT,President,9097966915
CLIA_CA_01258,Coastal Pain & Spinal Diagnostics,Coastal Pain & Spinal Diagnostics,"6221 Metropolitan St, Ste 201",Carlsbad,CA,92009,,,,,33.123155,-117.264993,clinical,CMS_CLIA,(760) 716-6441,05D1105031,Routine Chemistry,20240319,,,,
CLIA_CA_01259,"R Sonia Batra, Md Inc","R Sonia Batra, Md Inc","2216 Santa Monica Blvd, Ste 101",Santa Monica,CA,90404,,,,,34.029894,-118.478416,clinical,CMS_CLIA,(310) 829-9099,05D1105271,Routine Chemistry,20251006,,,,
CLIA_CA_01260,Sequoia Regional Cancer Center Medical Oncology,Sequoia Regional Cancer Center Medical Oncology,"4945 W Cypress Ave, Ste C",Visalia,CA,93277,,,,,36.32364,-119.346234,clinical,CMS_CLIA,(559) 624-3000,05D1105274,Routine Chemistry,20210820,,,,
CLIA_CA_01261,Inspire Health Medical Group - Dermatology,Inspire Health Medical Group - Dermatology,"2335 E Kashian Ln, Ste 410",Fresno,CA,93701,,,,,,,clinical,CMS_CLIA,(559) 266-4100,05D1105275,Routine Chemistry,20240613,,,,
CLIA_CA_01262,"Healthcare Partners Asc-Hb, Llc","Healthcare Partners Asc-Hb, Llc",7677 Center Ave Ste 104,Huntington Beach,CA,92647,,,,,,,clinical,CMS_CLIA,(562) 988-7027,05D1105462,Routine Chemistry,20230203,1205076593,JOHN LIETHEN,Secretary,9522056262
CLIA_CA_01263,Beautiful Baby Conception Inc,Beautiful Baby Conception Inc,500 E Colorado Ave 4th Floor,Glendale,CA,91205,,,,,34.142599,-118.250025,clinical,CMS_CLIA,(818) 230-7778,05D1106147,Routine Chemistry,20190611,,,,
CLIA_CA_01264,Central California Pain Management,Central California Pain Management,"3550 Q St, Ste 304",Bakersfield,CA,93301,,,,,35.391893,-119.010444,clinical,CMS_CLIA,(661) 679-6720,05D1106349,Routine Chemistry,20260115,1720282585,ASHOK PARMAR,President,6615872468
CLIA_CA_01265,Canopy Biosciences,Canopy Biosciences,3535 Breakwater Ave,Hayward,CA,94545,,,,,37.629464,-122.121123,clinical,CMS_CLIA,(650) 532-9500,05D1106350,Routine Chemistry,20251118,,,,
CLIA_CA_01266,"Calvon A Voong, Md Inc","Calvon A Voong, Md Inc",800 W Center Ave,Visalia,CA,93291,,,,,36.331081,-119.300009,clinical,CMS_CLIA,(559) 627-9000,05D1107043,Routine Chemistry,20140923,,,,
CLIA_CA_01267,Hemateck Llc,Hemateck Llc,752 N Loren Ave,Azusa,CA,91702,,,,,34.135035,-117.923694,clinical,CMS_CLIA,(626) 334-2000,05D1107548,Routine Chemistry,20251008,1083870679,HEMA RATNAYAKE,OWNER/CEO,6263342000
CLIA_CA_01268,Berg Feinfield Tlc Vision Correction,Berg Feinfield Tlc Vision Correction,2625 W Alameda Ave Ste 208,Burbank,CA,91505,,,,,34.157827,-118.32944,clinical,CMS_CLIA,(818) 845-3557,05D2001294,Routine Chemistry,20120126,,,,
CLIA_CA_01269,Csi Medical Group,Csi Medical Group,"1524 Mchenry Ave, Ste 470",Modesto,CA,95350,,,,,37.66553,-120.993873,clinical,CMS_CLIA,(209) 578-5072,05D2001806,Routine Chemistry,20260129,1871909804,ERIC SCHWEIGER,Owner,2122833000
CLIA_CA_01270,Laboratory Corporation Of America,Laboratory Corporation Of America,500 Lennon Lane,Walnut Creek,CA,94598,,,,,37.928982,-122.031058,clinical,CMS_CLIA,(925) 979-9028,05D2003055,Routine Chemistry,20250606,1902233521,KIMBERLY WILLIAMS,VP,8002227566
CLIA_CA_01271,Sprint Diagnostics,Sprint Diagnostics,"20984 Bake Parkway, Ste 106",Lake Forest,CA,92630,,,,,,,clinical,CMS_CLIA,(949) 418-7225,05D2003251,Routine Chemistry,20241230,1710382734,ROBERT EMBREE,CEO,8009592846
CLIA_CA_01272,Marin Fertility Center,Marin Fertility Center,1100 S Eliseo Dr Ste 107,Greenbrae,CA,94904,,,,,37.943715,-122.535036,clinical,CMS_CLIA,(415) 925-9404,05D2004367,Routine Chemistry,20161010,1942685102,PETER UZELAC,Owner,4159259404
CLIA_CA_01273,"Joselito C Cabaccan, Md","Joselito C Cabaccan, Md","2690 S White Rd, Ste 50",San Jose,CA,95148,,,,,37.328834,-121.798284,clinical,CMS_CLIA,(408) 223-7000,05D2005875,Routine Chemistry,20241106,,,,
CLIA_CA_01274,North Valley Gi Medical Group,North Valley Gi Medical Group,"870 Shasta St, Ste 200",Yuba City,CA,95991,,,,,39.141654,-121.616242,clinical,CMS_CLIA,(530) 671-3671,05D2006073,Routine Chemistry,20250226,,,,
CLIA_CA_01275,Newport Beach Dermatology And Plastic Surgery,Newport Beach Dermatology And Plastic Surgery,"1441 Avocado Ave, Ste 706",Newport Beach,CA,92660,,,,,33.612278,-117.870521,clinical,CMS_CLIA,(949) 706-7886,05D2006105,Routine Chemistry,20250923,,,,
CLIA_CA_01276,Pathkare Inc,Pathkare Inc,"720 Tustine Ave, Ste 101",Santa Ana,CA,92705,,,,,33.75138,-117.834261,clinical,CMS_CLIA,(714) 972-2705,05D2006188,Routine Chemistry,20251202,1932427564,ZAHRA GHAFARI,CEO,9492933053
CLIA_CA_01277,One Cell Diagnostics Inc,One Cell Diagnostics Inc,320 Hatch Drive,Foster City,CA,94404,,,,,37.567357,-122.274593,clinical,CMS_CLIA,(650) 863-4646,05D2006211,Routine Chemistry,20191212,,,,
CLIA_CA_01278,Affiliated Pathologists,Affiliated Pathologists,20001 S Rancho Way,Rancho Dominguez,CA,90220,,,,,33.849657,-118.222535,clinical,CMS_CLIA,(310) 225-3221,05D2006397,Routine Chemistry,20240606,,,,
CLIA_CA_01279,Oc Urgent Care Medical Group Inc,Oc Urgent Care Medical Group Inc,631 S Brookhurst St Ste 101,Anaheim,CA,92804,,,,,33.824359,-117.958998,clinical,CMS_CLIA,(714) 991-5700,05D2006413,Routine Chemistry,20170404,1841563160,NAHLA SALEM,Medical Director,9492973888
CLIA_CA_01280,The Spine And Orthopedic Center,The Spine And Orthopedic Center,326 W Main St Ste 120,Santa Maria,CA,93458,,,,,34.953054,-120.439392,clinical,CMS_CLIA,(805) 563-3307,05D2006420,Routine Chemistry,20170502,,,,
CLIA_CA_01281,Dermatology And Hair Restoration Specialists,Dermatology And Hair Restoration Specialists,"11669 Santa Monica Blvd, Ste 110",Los Angeles,CA,90025,,,,,34.04405,-118.455521,clinical,CMS_CLIA,(310) 315-4989,05D2007176,Routine Chemistry,20230418,,,,
CLIA_CA_01282,Tlc Laboratory,Tlc Laboratory,"13422 Newport Ave, Suite L",Tustin,CA,92780,,,,,33.744661,-117.815413,clinical,CMS_CLIA,(714) 544-1521,05D2007334,Routine Chemistry,20250321,,,,
CLIA_CA_01283,S.C. Pathology Services,S.C. Pathology Services,22214 Evening Star Ct,Santa Clarita,CA,91390,,,,,34.478772,-118.523488,clinical,CMS_CLIA,(661) 803-0390,05D2007503,Routine Chemistry,20240516,1407128804,SARKA CERNOSEK,President,6618030390
CLIA_CA_01284,Advanced Dermatology Care Inc,Advanced Dermatology Care Inc,2262 Camino Ramon Ste 200,San Ramon,CA,94583,,,,,37.777823,-121.96802,clinical,CMS_CLIA,(925) 328-0255,05D2007864,Routine Chemistry,20230420,,,,
CLIA_CA_01285,"Philip M Bretsky, Md Phd","Philip M Bretsky, Md Phd",1301 20th St Ste 230,Santa Monica,CA,90404,,,,,34.030028,-118.481448,clinical,CMS_CLIA,(310) 828-4411,05D2009629,Routine Chemistry,20120403,,,,
CLIA_CA_01286,California Center For Reproductive,California Center For Reproductive,"477 El Camino Real, Ste C310",Encinitas,CA,92024,,,,,,,clinical,CMS_CLIA,(760) 274-2000,05D2009927,Routine Chemistry,20210818,,,,
CLIA_CA_01287,Citrus Pathology Medical Group,Citrus Pathology Medical Group,1350 W Covina Blvd,San Dimas,CA,91773,,,,,34.09928,-117.834548,clinical,CMS_CLIA,(626) 664-8163,05D2010143,Routine Chemistry,20230714,,,,
CLIA_CA_01288,Skin And Beauty Center-Pasadena,Skin And Beauty Center-Pasadena,301 S Fair Oaks Ave Ste 302,Pasadena,CA,91105,,,,,34.140564,-118.15049,clinical,CMS_CLIA,(323) 857-0777,05D2011955,Routine Chemistry,20251030,,,,
CLIA_CA_01289,"Skin And Beauty Center Sbc, Inc","Skin And Beauty Center Sbc, Inc",2720 W Magnolia Blvd,Burbank,CA,91505,,,,,34.171113,-118.337057,clinical,CMS_CLIA,(818) 842-8000,05D2011986,Routine Chemistry,20251030,,,,
CLIA_CA_01290,Carey B Strom,Carey B Strom,"8631 W Third St, Ste 1017E",Los Angeles,CA,90048,,,,,34.073632,-118.379877,clinical,CMS_CLIA,(310) 550-0400,05D2012444,Routine Chemistry,20250611,,,,
CLIA_CA_01291,Scpmg Garfield Specialty Center Mohs Laboratory,Scpmg Garfield Specialty Center Mohs Laboratory,"5893 Copley Dr, 4th Fl",San Diego,CA,92111,,,,,32.843097,-117.172695,clinical,CMS_CLIA,(619) 528-5545,05D2014087,Routine Chemistry,20240823,,,,
CLIA_CA_01292,Veracyte Labs Ssf,Veracyte Labs Ssf,6000 Shoreline Ct Ste 100,South San Francisco,CA,94080,,,,,37.671563,-122.38844,clinical,CMS_CLIA,(650) 243-6372,05D2014120,Routine Chemistry,20241115,,,,
CLIA_CA_01293,Life Ivf Center,Life Ivf Center,"3500 Barranca Pkwy, Ste 300",Irvine,CA,92606,,,,,33.68822,-117.818659,clinical,CMS_CLIA,(949) 788-1133,05D2015357,Routine Chemistry,20250630,1174855969,FRANK YELIAN,President,9496545433
CLIA_CA_01294,"Malcolm Ke, Md A Professional Corporation","Malcolm Ke, Md A Professional Corporation","16960 E Bastanchury Rd, Ste I",Yorba Linda,CA,92886,,,,,33.89923,-117.838007,clinical,CMS_CLIA,(714) 524-9700,05D2015360,Routine Chemistry,20240205,,,,
CLIA_CA_01295,Exer Medical Corporation,Exer Medical Corporation,"3160 E Del Mar Blvd, Ste 101",Pasadena,CA,91107,,,,,34.14216,-118.084313,clinical,CMS_CLIA,(661) 270-2400,05D2015439,Routine Chemistry,20240702,1588901532,CORY SPURLOCK,owner,8188802225
CLIA_CA_01296,"Community Laboratory, Inc","Community Laboratory, Inc","1919 W 7th St, Unit L",Los Angeles,CA,90057,,,,,34.055587,-118.274746,clinical,CMS_CLIA,(213) 282-3599,05D2016689,Routine Chemistry,20231113,,,,
CLIA_CA_01297,Duke Khuu Md Faad Dba Khuu Dermatology,Duke Khuu Md Faad Dba Khuu Dermatology,889 Castro St,Mountain View,CA,94041,,,,,,,clinical,CMS_CLIA,(650) 969-5488,05D2017622,Routine Chemistry,20211026,,,,
CLIA_CA_01298,Compass Dermatopathology Inc,Compass Dermatopathology Inc,6605 Nancy Ridge Dr,San Diego,CA,92121,,,,,32.88632,-117.177995,clinical,CMS_CLIA,(858) 750-2983,05D2018656,Routine Chemistry,20220815,,,,
CLIA_CA_01299,"Jennifer Baron Md, A Medical Corporation","Jennifer Baron Md, A Medical Corporation","123 Di Salvo Ave, Ste A",San Jose,CA,95128,,,,,37.32655,-121.937174,clinical,CMS_CLIA,(408) 418-8780,05D2018804,Routine Chemistry,20240830,,,,
CLIA_CA_01300,Apelian Medical Inc,Apelian Medical Inc,14600 Sherman Way Ste 280,Van Nuys,CA,91405,,,,,34.201118,-118.451544,clinical,CMS_CLIA,(818) 781-3110,05D2018940,Routine Chemistry,20160913,1013228188,GARBIS APELIAN,PRESIDENT,8187813110
CLIA_CA_01301,Memorialcare Medical Group,Memorialcare Medical Group,"18111 Brookhurst St, Ste 6100",Fountain Valley,CA,92708,,,,,33.699577,-117.954468,clinical,CMS_CLIA,(714) 378-7330,05D2019393,Routine Chemistry,20190910,1912653288,TANYA DANSKY,Senior Medical Director,6572413499
CLIA_CA_01302,Pacific Coast Dermatology Inc,Pacific Coast Dermatology Inc,"13768 Roswell Ave, Ste 102",Chino,CA,91710,,,,,34.003038,-117.721848,clinical,CMS_CLIA,(909) 364-1959,05D2019838,Routine Chemistry,20250609,,,,
CLIA_CA_01303,Comprehensive Blood & Cancer Center,Comprehensive Blood & Cancer Center,6501 Truxtun Ave,Bakersfield,CA,93309,,,,,35.362029,-119.074525,clinical,CMS_CLIA,(661) 322-2206,05D2020114,Routine Chemistry,20220520,1912978834,PRADIP SHAH,Chief Financial Officer,6618627112
CLIA_CA_01304,"Advanced Skin Institute, Inc","Advanced Skin Institute, Inc",3800 Geer Rd Ste 200,Turlock,CA,95382,,,,,37.527029,-120.848874,clinical,CMS_CLIA,(209) 668-3063,05D2020401,Routine Chemistry,20190801,,,,
CLIA_CA_01305,Reddy Care Medical Laboratory,Reddy Care Medical Laboratory,1196 N Park Ave,Pomona,CA,91768,,,,,34.069791,-117.754863,clinical,CMS_CLIA,(909) 623-4050,05D2020780,Routine Chemistry,20141114,,,,
CLIA_CA_01306,"Erik Pasin, Md Inc","Erik Pasin, Md Inc",24321 Avenida De La Carlota H-7,Laguna Hills,CA,92653,,,,,33.611352,-117.70443,clinical,CMS_CLIA,(949) 768-6711,05D2020786,Routine Chemistry,20210819,,,,
CLIA_CA_01307,American Reproductive Centers - Ps,American Reproductive Centers - Ps,"1180 N Indian Canyon Dr,  Ste 302",Palm Springs,CA,92262,,,,,33.838899,-116.545514,clinical,CMS_CLIA,(760) 346-4334,05D2021812,Routine Chemistry,20241220,,,,
CLIA_CA_01308,Silicon Valley Dermatology,Silicon Valley Dermatology,2050 Clarmar Way,San Jose,CA,95128,,,,,37.32623,-121.934454,clinical,CMS_CLIA,(408) 294-7551,05D2023312,Routine Chemistry,20250806,,,,
CLIA_CA_01309,Healthcare Partners Affiliates,Healthcare Partners Affiliates,675 Arroyo Pkwy,Pasadena,CA,91105,,,,,34.134082,-118.14739,clinical,CMS_CLIA,(562) 988-7027,05D2023365,Routine Chemistry,20250313,,,,
CLIA_CA_01310,Danielle Lane Md Inc,Danielle Lane Md Inc,101 Rowland Way Ste 305,Novato,CA,94945,,,,,38.096757,-122.558872,clinical,CMS_CLIA,(415) 949-1796,05D2024004,Routine Chemistry,20180511,,,,
CLIA_CA_01311,Pleasanton Dermatology,Pleasanton Dermatology,"5933 Coronado Lane, Ste 200",Pleasanton,CA,94588,,,,,37.683703,-121.901283,clinical,CMS_CLIA,(925) 226-7910,05D2024006,Routine Chemistry,20260203,1225332117,ANNA MCNAY,President,5103961067
CLIA_CA_01312,Csi Medical Group P C - Sf Presidio,Csi Medical Group P C - Sf Presidio,"3838 California St, Ste 610",San Francisco,CA,94118,,,,,37.785934,-122.457633,clinical,CMS_CLIA,(415) 387-8007,05D2024008,Routine Chemistry,20260309,,,,
CLIA_CA_01313,"Ashley Magovern, Md Inc","Ashley Magovern, Md Inc","400 S Sepulveda, Ste 205",Manhattan Beach,CA,90266,,,,,33.877686,-118.395895,clinical,CMS_CLIA,(310) 546-1188,05D2024185,Routine Chemistry,20240730,1912290503,ASHLEY MAGOVERN,president/owner,3105461188
CLIA_CA_01314,Keith Mark Gross Md Inc,Keith Mark Gross Md Inc,1810 1st St,Susanville,CA,96130,,,,,40.415865,-120.646972,clinical,CMS_CLIA,(530) 257-7335,05D2024231,Routine Chemistry,20230421,,,,
CLIA_CA_01315,Clinical Research Technologies,Clinical Research Technologies,1068 Broadway,El Cajon,CA,92021,,,,,32.807762,-116.945688,clinical,CMS_CLIA,(619) 768-7888,05D2024235,Routine Chemistry,20240926,,,,
CLIA_CA_01316,Cap Diagnostics Llc Dba Pathnostics,Cap Diagnostics Llc Dba Pathnostics,"15545 Sand Canyon Avenue, Suite 100 & 200",Irvine,CA,92618,,,,,33.667898,-117.767861,clinical,CMS_CLIA,(714) 966-1221,05D2024468,Routine Chemistry,20120217,,,,
CLIA_CA_01317,"Comprehensive Cancer Center, La Quinta","Comprehensive Cancer Center, La Quinta","47647 Caleo Bay Dr, Ste 260",La Quinta,CA,92253,,,,,33.702845,-116.293605,clinical,CMS_CLIA,(760) 771-6165,05D2024860,Routine Chemistry,20220506,,,,
CLIA_CA_01318,Comprehensive Dermatology Center Of Pasadena,Comprehensive Dermatology Center Of Pasadena,625 S Fair Oaks Ave Ste 200,Pasadena,CA,91105,,,,,34.135154,-118.150435,clinical,CMS_CLIA,(626) 793-7790,05D2024886,Routine Chemistry,20240131,,,,
CLIA_CA_01319,Y & Z Westwood Surgical Pathology,Y & Z Westwood Surgical Pathology,1700 Westwood Blvd Ste 30E,Los Angeles,CA,90024,,,,,34.051833,-118.438649,clinical,CMS_CLIA,(310) 435-1892,05D2025143,Routine Chemistry,20251217,,,,
CLIA_CA_01320,Vip Laboratory,Vip Laboratory,"24680 Jefferson St, Ste A",Murrieta,CA,92562,,,,,33.560274,-117.20937,clinical,CMS_CLIA,(951) 677-2252,05D2025577,Routine Chemistry,20160324,,,,
CLIA_CA_01321,Advanced Dermatology & Skin Surgery Inc,Advanced Dermatology & Skin Surgery Inc,"4155 Moorpark Ave, Ste 3",San Jose,CA,95117,,,,,37.315917,-121.975084,clinical,CMS_CLIA,(408) 217-1905,05D2025712,Routine Chemistry,20251008,,,,
CLIA_CA_01322,Coastal Valley Dermatology Associates Inc,Coastal Valley Dermatology Associates Inc,"757 Pacific St, Ste C-3",Monterey,CA,93940,,,,,36.594537,-121.897782,clinical,CMS_CLIA,(831) 293-8458,05D2025892,Routine Chemistry,20230515,,,,
CLIA_CA_01323,"Lab Genomics, Llc","Lab Genomics, Llc",11160 Warner Ave Ste 415,Fountain Valley,CA,92708,,,,,33.716269,-117.933969,clinical,CMS_CLIA,(714) 438-1009,05D2026572,Routine Chemistry,20250918,1134889470,LEENA DALAL,OWNER,7144381009
CLIA_CA_01324,Laguna Hills Pathology Lab Inc,Laguna Hills Pathology Lab Inc,300 Utah Ave Ste 150,South San Francisco,CA,94080,,,,,37.647127,-122.395097,clinical,CMS_CLIA,(650) 835-4477,05D2027115,Routine Chemistry,20120112,,,,
CLIA_CA_01325,Nkgen Biotech Inc,Nkgen Biotech Inc,3001 Daimler St,Santa Ana,CA,92705,,,,,,,clinical,CMS_CLIA,(949) 396-6830,05D2027259,Routine Chemistry,20120119,,,,
CLIA_CA_01326,Genesis Healthcare Partners Pc,Genesis Healthcare Partners Pc,"16835 W Bernardo Dr,  Ste 212",San Diego,CA,92127,,,,,33.018518,-117.081363,clinical,CMS_CLIA,(858) 888-7700,05D2027433,Routine Chemistry,20120120,1699072074,EDWARD COHEN,CEO,8583549766
CLIA_CA_01327,Family Planning Associates,Family Planning Associates,"2915 Telegraph Ave, Ste 101",Berkeley,CA,94705,,,,,37.857204,-122.259416,clinical,CMS_CLIA,(909) 382-0201,05D2027532,Routine Chemistry,20180321,,,,
CLIA_CA_01328,Delta Medical Group Of Pathologists Inc,Delta Medical Group Of Pathologists Inc,975 S Fairmont Ave,Lodi,CA,95240,,,,,,,clinical,CMS_CLIA,(408) 891-0837,05D2029285,Routine Chemistry,20250605,,,,
CLIA_CA_01329,South Bay Gi Pathology Lab,South Bay Gi Pathology Lab,"23560 Madison St, Ste 217",Torrance,CA,90505,,,,,33.811297,-118.347885,clinical,CMS_CLIA,(310) 539-2055,05D2030445,Routine Chemistry,20230913,,,,
CLIA_CA_01330,Artemedica,Artemedica,1002 Mendocino Ave,Santa Rosa,CA,95401,,,,,38.449928,-122.717469,clinical,CMS_CLIA,(707) 577-8292,05D2030692,Routine Chemistry,20120412,1235426982,VICTOR LACOMBE,Primary Doctor,7075778292
CLIA_CA_01331,Norcal Pathology Laboratory,Norcal Pathology Laboratory,39350 Civic Center Dr Ste 412,Fremont,CA,94538,,,,,37.553775,-121.97488,clinical,CMS_CLIA,(510) 456-4690,05D2032005,Routine Chemistry,20230605,,,,
CLIA_CA_01332,Santa Barbara Skin Institute,Santa Barbara Skin Institute,2921 De La Vina St,Santa Barbara,CA,93105,,,,,34.437543,-119.727185,clinical,CMS_CLIA,(805) 770-3999,05D2032820,Routine Chemistry,20250409,1497033278,ROBERTA SENGELMANN,President,8059633757
CLIA_CA_01333,Calpath Medical Associates,Calpath Medical Associates,2425 Samaritan Dr,San Jose,CA,95124,,,,,37.251167,-121.945464,clinical,CMS_CLIA,(408) 866-5227,05D2033368,Routine Chemistry,20250225,,,,
CLIA_CA_01334,Ms Diagnostic Laboratory,Ms Diagnostic Laboratory,128 W Olive Ave,Monrovia,CA,91016,,,,,34.144742,-118.002001,clinical,CMS_CLIA,(626) 840-2870,05D2033427,Routine Chemistry,20230418,,,,
CLIA_CA_01335,Norcal Dermatology & Cosmetic,Norcal Dermatology & Cosmetic,196 Wikiup Dr,Santa Rosa,CA,95403,,,,,38.508465,-122.757944,clinical,CMS_CLIA,(707) 527-9517,05D2033588,Routine Chemistry,20250218,,,,
CLIA_CA_01336,Mdx Health Inc,Mdx Health Inc,15279 Alton Pkwy Ste 100,Irvine,CA,92618,,,,,33.649578,-117.733988,clinical,CMS_CLIA,(949) 812-6979,05D2033858,Routine Chemistry,20180724,,,,
CLIA_CA_01337,Norcal Surgical Pathology Laboratory,Norcal Surgical Pathology Laboratory,3300 Webster St Ste 710,Oakland,CA,94609,,,,,37.820976,-122.262546,clinical,CMS_CLIA,(510) 465-5800,05D2035001,Routine Chemistry,20230926,,,,
CLIA_CA_01338,Scpmg Dermatology Department Fontana,Scpmg Dermatology Department Fontana,9985 Sierra Ave,Fontana,CA,92335,,,,,34.072216,-117.435604,clinical,CMS_CLIA,(909) 427-4330,05D2035004,Routine Chemistry,20250722,,,,
CLIA_CA_01339,"Arthritis Care And Research Center, Inc","Arthritis Care And Research Center, Inc","15525 Pomerado Rd, Ste E6",Poway,CA,92064,,,,,32.994883,-117.057893,clinical,CMS_CLIA,(858) 312-1717,05D2035409,Routine Chemistry,20250723,,,,
CLIA_CA_01340,Edgar S Macias Md Inc,Edgar S Macias Md Inc,"7115 N Chestnut,  Ste 101",Fresno,CA,93720,,,,,36.839567,-119.736453,clinical,CMS_CLIA,(559) 431-2397,05D2035662,Routine Chemistry,20250806,,,,
CLIA_CA_01341,Samy Metyas Md Inc,Samy Metyas Md Inc,500 W San Bernardino Rd Ste A,Covina,CA,91722,,,,,34.089565,-117.899037,clinical,CMS_CLIA,(626) 966-1909,05D2036327,Routine Chemistry,20240105,,,,
CLIA_CA_01342,"Advanced Institute Of Dermatology, Inc","Advanced Institute Of Dermatology, Inc","41990 Cook St, Ste 1006 Bldg F",Palm Desert,CA,92211,,,,,33.74741,-116.356238,clinical,CMS_CLIA,(760) 568-9300,05D2036801,Routine Chemistry,20250722,1184919011,MARYAM SICKINGER,President,7605689300
CLIA_CA_01343,"Berman Skin Institute Medical Group, Inc","Berman Skin Institute Medical Group, Inc","1 Daniel Burnham Ct, Ste 350C",San Francisco,CA,94109,,,,,37.786817,-122.423223,clinical,CMS_CLIA,(415) 771-6300,05D2036805,Routine Chemistry,20250415,,,,
CLIA_CA_01344,Genx Laboratories Inc,Genx Laboratories Inc,3057 Roswell St,Los Angeles,CA,90065,,,,,34.114845,-118.244135,clinical,CMS_CLIA,(323) 344-8834,05D2037188,Routine Chemistry,20120918,,,,
CLIA_CA_01345,Epic Care  - Emeryville,Epic Care  - Emeryville,1480 64th St Ste 100,Emeryville,CA,94608,,,,,37.844566,-122.291943,clinical,CMS_CLIA,(510) 629-6682,05D2037652,Routine Chemistry,20210923,,,,
CLIA_CA_01346,Pacific Reproductive Center,Pacific Reproductive Center,381 Corporate Terrace,Corona,CA,92879,,,,,,,clinical,CMS_CLIA,(951) 371-9200,05D2038078,Routine Chemistry,20230125,,,,
CLIA_CA_01347,"Global Diagnostic Lab, Inc","Global Diagnostic Lab, Inc",26 N Oak Ave,Pasadena,CA,91107,,,,,34.146428,-118.107529,clinical,CMS_CLIA,(626) 577-2711,05D2038784,Routine Chemistry,20260113,,,,
CLIA_CA_01348,Huntington Reproductive Center,Huntington Reproductive Center,"6183 Paseo Del Norte, Unit 270",Carlsbad,CA,92011,,,,,33.119458,-117.319151,clinical,CMS_CLIA,(866) 472-4483,05D2039121,Routine Chemistry,20251119,,,,
CLIA_CA_01349,"E. Carwile Leroy, Jr., Md, Inc.","E. Carwile Leroy, Jr., Md, Inc.","6594 N First St,  Ste 103",Fresno,CA,93710,,,,,36.833797,-119.772137,clinical,CMS_CLIA,(559) 840-0517,05D2039314,Routine Chemistry,20190814,,,,
CLIA_CA_01350,Kern Gastroenterology Medical Group,Kern Gastroenterology Medical Group,5959 Truxtun Ave Ste 200,Bakersfield,CA,93309,,,,,35.363285,-119.070437,clinical,CMS_CLIA,(661) 324-1203,05D2039358,Routine Chemistry,20120817,1073602470,MARY OSBURN,office manager,6613241203
CLIA_CA_01351,"Healthcare Partners Asc-Lb, Llc","Healthcare Partners Asc-Lb, Llc",2600 Redondo Ave Ste103,Long Beach,CA,90806,,,,,33.804485,-118.151276,clinical,CMS_CLIA,(562) 988-7027,05D2040248,Routine Chemistry,20220510,1144590332,JOHN LIETHEN,Secretary,9522056262
CLIA_CA_01352,"Kimberly U Hurvitz, Md Inc","Kimberly U Hurvitz, Md Inc",2431 Castillo St,Santa Barbara,CA,93105,,,,,34.430768,-119.72464,clinical,CMS_CLIA,(805) 618-1616,05D2040291,Routine Chemistry,20250807,,,,
CLIA_CA_01353,Md Tox Laboratory,Md Tox Laboratory,"1565 Mcgaw, Ave Ste B",Irvine,CA,92614,,,,,33.696618,-117.850428,clinical,CMS_CLIA,(949) 612-9883,05D2040304,Routine Chemistry,20250528,1174882948,DAVID WHITE,CEO,9494918080
CLIA_CA_01354,Labcorp Genetics Inc,Labcorp Genetics Inc,1400 16th St,San Francisco,CA,94103,,,,,37.766244,-122.400834,clinical,CMS_CLIA,(800) 436-3037,05D2040778,Routine Chemistry,20121113,1518713072,KIMBERLY WILLIAMS,Vice President,3364365761
CLIA_CA_01355,"Malcolm Ke Md, A Professional Corporation","Malcolm Ke Md, A Professional Corporation","23456 Hawthorne Blvd, Ste 100",Torrance,CA,90505,,,,,33.812925,-118.350929,clinical,CMS_CLIA,(310) 540-5272,05D2040831,Routine Chemistry,20240313,,,,
CLIA_CA_01356,Folsom Dermatology Inc,Folsom Dermatology Inc,1745 Creekside Dr,Folsom,CA,95630,,,,,38.672191,-121.1386,clinical,CMS_CLIA,(916) 983-2302,05D2042365,Routine Chemistry,20181204,,,,
CLIA_CA_01357,Comprehensive Dermatology,Comprehensive Dermatology,3736 Atlantic Ave Ste 101,Long Beach,CA,90807,,,,,33.82514,-118.184943,clinical,CMS_CLIA,(562) 256-9929,05D2042650,Routine Chemistry,20230927,,,,
CLIA_CA_01358,Family Planning Associates,Family Planning Associates,"29645 Rancho California Rd,  Ste 237",Temecula,CA,92591,,,,,33.50647,-117.142859,clinical,CMS_CLIA,(951) 296-0454,05D2042768,Routine Chemistry,20210311,,,,
CLIA_CA_01359,Specialized Pathology Laboratories,Specialized Pathology Laboratories,19756 Penn Pl,Yorba Linda,CA,92886,,,,,33.900887,-117.791016,clinical,CMS_CLIA,(714) 404-2371,05D2043277,Routine Chemistry,20250529,1477977080,SHEHLA ARAIN,President/Medical Director,7144042371
CLIA_CA_01360,American Specialty Laboratory,American Specialty Laboratory,20765 Superior St,Chatsworth,CA,91311,,,,,34.246411,-118.586264,clinical,CMS_CLIA,(818) 280-5321,05D2043525,Routine Chemistry,20231107,,,,
CLIA_CA_01361,Oc Urgent Care Medical Group Inc.,Oc Urgent Care Medical Group Inc.,26781 Portola Pkwy Ste 4E,Foothill Ranch,CA,92610,,,,,33.679921,-117.664107,clinical,CMS_CLIA,(949) 297-3888,05D2043878,Routine Chemistry,20170321,,,,
CLIA_CA_01362,Smg Laboratory,Smg Laboratory,"361 Town Center West, Ste 202",Santa Maria,CA,93458,,,,,,,clinical,CMS_CLIA,(805) 361-0835,05D2043908,Routine Chemistry,20240305,,,,
CLIA_CA_01363,Sc Medical Inc,Sc Medical Inc,19042 Soledad Canyon Rd,Santa Clarita,CA,91351,,,,,34.41565,-118.468077,clinical,CMS_CLIA,(661) 251-6300,05D2044073,Routine Chemistry,20240306,,,,
CLIA_CA_01364,Ani L Tajirian Md,Ani L Tajirian Md,"3300 Webster St, Ste 509",Oakland,CA,94609,,,,,37.820976,-122.262546,clinical,CMS_CLIA,(510) 452-0330,05D2044125,Routine Chemistry,20251121,,,,
CLIA_CA_01365,"Genesis Healthcare Partners, Pc","Genesis Healthcare Partners, Pc",50 Alessandro Pl Ste 440,Pasadena,CA,91105,,,,,34.130986,-118.150927,clinical,CMS_CLIA,(626) 808-4772,05D2044357,Routine Chemistry,20230421,,,,
CLIA_CA_01366,"Healthbanks Biotech Usa, Inc","Healthbanks Biotech Usa, Inc",2890 Kilgore Rd,Rancho Cordova,CA,95670,,,,,38.597982,-121.271536,clinical,CMS_CLIA,(888) 379-2670,05D2044825,Routine Chemistry,20240209,,,,
CLIA_CA_01367,Vitae Diagnostics,Vitae Diagnostics,"3838 Del Amo Blvd, Ste 202",Torrance,CA,90503,,,,,33.848555,-118.354891,clinical,CMS_CLIA,(310) 376-5812,05D2044828,Routine Chemistry,20251015,1194061267,DONALD SIMPSON,Medical Director,3103442624
CLIA_CA_01368,Path Md,Path Md,931 Buena Vista St Ste 200A,Duarte,CA,91010,,,,,34.141309,-117.977615,clinical,CMS_CLIA,(626) 514-2491,05D2045519,Routine Chemistry,20130214,,,,
CLIA_CA_01369,Prestige Medical Group Laboratory,Prestige Medical Group Laboratory,"18302 Irvine Ave, Ste 200",Tustin,CA,92780,,,,,33.748156,-117.814215,clinical,CMS_CLIA,(949) 825-7650,05D2045800,Routine Chemistry,20240207,,,,
CLIA_CA_01370,Aida K. Rechdouni Md Inc,Aida K. Rechdouni Md Inc,"2626 Foothill Blvd, Ste 102",La Crescenta,CA,91214,,,,,34.221506,-118.235816,clinical,CMS_CLIA,(888) 610-8909,05D2047227,Routine Chemistry,20250617,,,,
CLIA_CA_01371,Seaside Dermatology & Skin Cancer Center,Seaside Dermatology & Skin Cancer Center,4950 Barranca Pkwy Ste 307,Irvine,CA,92604,,,,,33.67615,-117.794818,clinical,CMS_CLIA,(949) 552-1313,05D2047229,Routine Chemistry,20240208,,,,
CLIA_CA_01372,Sharona Yashar Md Inc,Sharona Yashar Md Inc,"9808 Venice Blvd, Ste 100",Culver City,CA,90232,,,,,34.023639,-118.397837,clinical,CMS_CLIA,(310) 513-4100,05D2047304,Routine Chemistry,20241022,,,,
CLIA_CA_01373,Epic Care - Castro Valley,Epic Care - Castro Valley,"20400 Lake Chabot Rd, Ste 102",Castro Valley,CA,94546,,,,,37.700419,-122.087741,clinical,CMS_CLIA,(510) 247-9227,05D2048086,Routine Chemistry,20211119,,,,
CLIA_CA_01374,Hope Health Center,Hope Health Center,24100 Calabasas Rd,Calabasas,CA,91302,,,,,34.152269,-118.651486,clinical,CMS_CLIA,(818) 578-6454,05D2048767,Routine Chemistry,20240109,1528343001,NADER JAVADI,DIRECTOR,8184052828
CLIA_CA_01375,"Hmr Life Center, Llc","Hmr Life Center, Llc",3500 N Sepulveda Blvd Ste 132,Manhattan Beach,CA,90266,,,,,33.900009,-118.395986,clinical,CMS_CLIA,(310) 648-2229,05D2049188,Routine Chemistry,20220330,,,,
CLIA_CA_01376,Newport Harbor Pathology,Newport Harbor Pathology,1 Hoag Dr,Newport Beach,CA,92663,,,,,33.623982,-117.928863,clinical,CMS_CLIA,(949) 891-1297,05D2050266,Routine Chemistry,20250613,,,,
CLIA_CA_01377,The Skin Cancer Center Silicon Valley,The Skin Cancer Center Silicon Valley,"800 Pollard Rd, Bldg A",Los Gatos,CA,95032,,,,,37.261495,-121.969489,clinical,CMS_CLIA,(408) 688-2082,05D2051579,Routine Chemistry,20251118,,,,
CLIA_CA_01378,"Prescient Lab Services, Llc","Prescient Lab Services, Llc",1600 Faraday Ave Suite 200,Carlsbad,CA,92008,,,,,33.138598,-117.295047,clinical,CMS_CLIA,(760) 598-1223,05D2051580,Routine Chemistry,20150619,1245880004,HEATHER CARBAUGH,Compliance Officer,7173046819
CLIA_CA_01379,"Healthcare Clinical Laboratory, Inc","Healthcare Clinical Laboratory, Inc","5744 San Fernando Rd, Unit 200",Glendale,CA,91202,,,,,34.15609,-118.276839,clinical,CMS_CLIA,(323) 347-5655,05D2051772,Routine Chemistry,20241024,,,,
CLIA_CA_01380,Pan Laboratories,Pan Laboratories,"15375 Barranca Pkwy, Ste E101",Irvine,CA,92618,,,,,33.657143,-117.736212,clinical,CMS_CLIA,(949) 336-4800,05D2051927,Routine Chemistry,20241217,1740628312,JOTHIBAI PANDIAN,CEO,9493364800
CLIA_CA_01381,Oc Urgent Care Medical Group Inc,Oc Urgent Care Medical Group Inc,8101 Newman Ave Ste A,Huntington Beach,CA,92647,,,,,33.704857,-117.987942,clinical,CMS_CLIA,(714) 698-8580,05D2053920,Routine Chemistry,20170320,,,,
CLIA_CA_01382,"Precision Toxicology, Llc","Precision Toxicology, Llc",4215 Sorrento Valley Blvd Ste 100,San Diego,CA,92121,,,,,32.904264,-117.214849,clinical,CMS_CLIA,(800) 635-6901,05D2054760,Routine Chemistry,20180131,1871907915,MIGUEL GALLEGO,CEO,8006356901
CLIA_CA_01383,Veracyte Labs Sd,Veracyte Labs Sd,"6925 Lusk Blvd,  Ste 200",San Diego,CA,92121,,,,,32.900595,-117.208238,clinical,CMS_CLIA,(888) 792-1601,05D2055897,Routine Chemistry,20150825,1770833121,REBECCA CHAMBERS,CFO,8887921601
CLIA_CA_01384,Liberty Laboratory Llc,Liberty Laboratory Llc,10760 Warner Ave Ste 201,Fountain Valley,CA,92708,,,,,33.716224,-117.940467,clinical,CMS_CLIA,(714) 593-5356,05D2057214,Routine Chemistry,20221012,1689056855,ROCHELLE ALI,Manager,7145935356
CLIA_CA_01385,Exer Medical Corporation,Exer Medical Corporation,26777 Agoura Rd Ste B4,Calabasas,CA,91302,,,,,34.141174,-118.70419,clinical,CMS_CLIA,(818) 880-2225,05D2058601,Routine Chemistry,20220322,1588901532,CORY SPURLOCK,owner,8188802225
CLIA_CA_01386,Pacific Reproductive Center,Pacific Reproductive Center,"116 E Broadway Blvd, Ste 300",Glendale,CA,91205,,,,,34.146222,-118.254728,clinical,CMS_CLIA,(310) 376-7000,05D2060022,Routine Chemistry,20250729,,,,
CLIA_CA_01387,San Diego Family Dermatology,San Diego Family Dermatology,"15725 Pomerado Rd, Ste 102",Poway,CA,92064,,,,,32.999967,-117.057948,clinical,CMS_CLIA,(619) 267-8303,05D2060295,Routine Chemistry,20250722,1811776560,YARELI CIFUENTES,Office Manager,6192678303
CLIA_CA_01388,Pure Dermatology,Pure Dermatology,"500 Superior Ave, Ste 335",Newport Beach,CA,92663,,,,,33.630654,-117.928956,clinical,CMS_CLIA,(949) 706-1469,05D2061184,Routine Chemistry,20251023,1912246570,NEDA MEHR,President,9494137336
CLIA_CA_01389,Central Valley Specialty,Central Valley Specialty,730 17th St,Modesto,CA,95354,,,,,37.643044,-120.990575,clinical,CMS_CLIA,(209) 248-7530,05D2061756,Routine Chemistry,20221115,,,,
CLIA_CA_01390,"Tristan Bickman, Md","Tristan Bickman, Md",1304 15th St Ste 100,Santa Monica,CA,90404,,,,,34.02604,-118.486248,clinical,CMS_CLIA,(310) 587-9280,05D2062640,Routine Chemistry,20140409,,,,
CLIA_CA_01391,Fresno Dermatology Specialists Inc,Fresno Dermatology Specialists Inc,7095 N Recreation Ave,Fresno,CA,93720,,,,,36.839406,-119.740518,clinical,CMS_CLIA,(559) 233-3376,05D2062954,Routine Chemistry,20221118,,,,
CLIA_CA_01392,Oc Fertility,Oc Fertility,1401 Avocado Ave Ste 403,Newport Beach,CA,92660,,,,,33.611881,-117.870958,clinical,CMS_CLIA,(949) 706-2229,05D2063702,Routine Chemistry,20160805,1811407489,LINDSAY MCGRATH,Billing Manager,9497062229
CLIA_CA_01393,Huntington Reproductive Center Medical Group,Huntington Reproductive Center Medical Group,"8112 Milliken Ave, Ste 101-1",Rancho Cucamonga,CA,91730,,,,,34.106203,-117.557059,clinical,CMS_CLIA,(909) 941-1120,05D2064026,Routine Chemistry,20250829,,,,
CLIA_CA_01394,Newport Children Medical Group At Mission,Newport Children Medical Group At Mission,26800 Crown Valley Pkwy Ste 510,Mission Viejo,CA,92691,,,,,33.563319,-117.665945,clinical,CMS_CLIA,(949) 364-8700,05D2064377,Routine Chemistry,20180430,1154765709,JOHANNA RODRIGUEZ-TOLEDO,Secretary,9493648700
CLIA_CA_01395,Bioanalysis Diagnostic Laboratories,Bioanalysis Diagnostic Laboratories,18173 S Pioneer Blvd Ste K,Artesia,CA,90701,,,,,33.866625,-118.082265,clinical,CMS_CLIA,(562) 924-2299,05D2065162,Routine Chemistry,20240320,1205435989,MAHMOODUL SYED,President,5629242299
CLIA_CA_01396,Mission Dermatology Center,Mission Dermatology Center,29829 Santa Margarita Pkwy Ste 500,Rancho Santa Margarita,CA,92688,,,,,,,clinical,CMS_CLIA,(949) 858-3376,05D2065234,Routine Chemistry,20250530,1497098966,SHIREEN GUIDE,President,9494851333
CLIA_CA_01397,"Biomat Usa, Inc.","Biomat Usa, Inc.",16227 Lakewood Blvd,Bellflower,CA,90706,,,,,33.886655,-118.14271,clinical,CMS_CLIA,(562) 602-2004,05D2065385,Routine Chemistry,20160503,,,,
CLIA_CA_01398,Path Diagnostics,Path Diagnostics,15785 Laguna Canyon Rd Ste 115,Irvine,CA,92618,,,,,33.664637,-117.762507,clinical,CMS_CLIA,(949) 551-5525,05D2065592,Routine Chemistry,20220822,,,,
CLIA_CA_01399,Advanced Pain Diagnostic & Solutions,Advanced Pain Diagnostic & Solutions,"729 Sunrise Ave, Ste 602",Roseville,CA,95661,,,,,38.734108,-121.271961,clinical,CMS_CLIA,(916) 605-6230,05D2065692,Routine Chemistry,20231023,,,,
CLIA_CA_01400,Scpmg Venice Medical Office,Scpmg Venice Medical Office,5971 Venice Blvd,Los Angeles,CA,90034,,,,,34.038389,-118.372801,clinical,CMS_CLIA,(323) 857-4322,05D2065811,Routine Chemistry,20230901,,,,
CLIA_CA_01401,Desert Oasis Healthcare,Desert Oasis Healthcare,57840 29 Palms Hwy,Yucca Valley,CA,92284,,,,,34.12679,-116.402882,clinical,CMS_CLIA,(760) 320-8814,05D2065818,Routine Chemistry,20220830,1578964375,CATHERINE BRANDON,Regional Credentials Manager,7603204122
CLIA_CA_01402,Desert Oasis Healthcare - Palm Desert,Desert Oasis Healthcare - Palm Desert,72605 Hwy 111 Suite A1,Palm Desert,CA,92260,,,,,33.72284,-116.398598,clinical,CMS_CLIA,(760) 404-0135,05D2066694,Routine Chemistry,20260211,,,,
CLIA_CA_01403,Marvi Iqbal Md Inc,Marvi Iqbal Md Inc,7851 Walker St Ste 105,La Palma,CA,90623,,,,,33.848449,-118.03732,clinical,CMS_CLIA,(714) 670-1261,05D2067327,Routine Chemistry,20220718,1306180112,MARVI IQBAL,president,7146701261
CLIA_CA_01404,Torrance Memorial Physician Network,Torrance Memorial Physician Network,3285 Skypark Drive,Torrance,CA,90505,,,,,33.809299,-118.34483,clinical,CMS_CLIA,(310) 750-3340,05D2068134,Routine Chemistry,20240514,1720416746,SALLY EBERHARD,Vice President,3103259110
CLIA_CA_01405,Orange County Labs Inc,Orange County Labs Inc,"17672 Beach Blvd, Ste F",Huntington Beach,CA,92647,,,,,33.705927,-117.989033,clinical,CMS_CLIA,(714) 894-1591,05D2068755,Routine Chemistry,20260311,,,,
CLIA_CA_01406,Csi Medical Group,Csi Medical Group,4871 La Canada Blvd,La Canada Flintridge,CA,91011,,,,,34.21398,-118.204529,clinical,CMS_CLIA,(818) 437-9546,05D2069464,Routine Chemistry,20250912,,,,
CLIA_CA_01407,San Francisco Dermatopathology,San Francisco Dermatopathology,"1618 Sullivan Ave, Ste 208",Daly City,CA,94015,,,,,37.687324,-122.472304,clinical,CMS_CLIA,(650) 756-5500,05D2069498,Routine Chemistry,20250320,,,,
CLIA_CA_01408,Allcells Llc,Allcells Llc,"1640 South Loop Rd, Ste 250",Alameda,CA,94502,,,,,37.722562,-122.238014,clinical,CMS_CLIA,(510) 671-7400,05D2069499,Routine Chemistry,20250717,,,,
CLIA_CA_01409,Myonsite Diagnostic Laboratory,Myonsite Diagnostic Laboratory,"30211 Avenida De Las Banderas,  Ste 200",Rancho Santa Margarita,CA,92688,,,,,33.634524,-117.603397,clinical,CMS_CLIA,(877) 686-4440,05D2069537,Routine Chemistry,20160713,1942621560,MAYANK TRIVEDI,Owner,2488815445
CLIA_CA_01410,Premier Dermatology Associates Of Orange Cty,Premier Dermatology Associates Of Orange Cty,"20162 Sw Birch St, Ste 250",Newport Beach,CA,92660,,,,,33.659189,-117.87521,clinical,CMS_CLIA,(949) 251-0427,05D2069891,Routine Chemistry,20251016,,,,
CLIA_CA_01411,Mountain View Medical Laboratory,Mountain View Medical Laboratory,945 Saint John Place,Hemet,CA,92543,,,,,33.748474,-116.962024,clinical,CMS_CLIA,(951) 658-1400,05D2070506,Routine Chemistry,20201214,1023439627,MATTHEW COLLINS,"President, CFO, and Secretary",9497917881
CLIA_CA_01412,Pathfinder Labs Llc,Pathfinder Labs Llc,11500 W Olympic Blvd Ste 623,Los Angeles,CA,90064,,,,,34.036421,-118.44409,clinical,CMS_CLIA,(424) 273-4063,05D2070508,Routine Chemistry,20240919,1962831958,HOWARD PORTMAN,Managing Partner,4242734063
CLIA_CA_01413,Su And Chang Dermatology Associates Apmc,Su And Chang Dermatology Associates Apmc,"3600 N Verdugo Rd, Ste 210",Glendale,CA,91208,,,,,34.203708,-118.225986,clinical,CMS_CLIA,(818) 658-2300,05D2071666,Routine Chemistry,20240911,,,,
CLIA_CA_01414,"Century Famly Medical Group, Inc","Century Famly Medical Group, Inc",16900 Lakewood Blvd Ste 308,Bellflower,CA,90706,,,,,33.880707,-118.142543,clinical,CMS_CLIA,(562) 991-1900,05D2072232,Routine Chemistry,20190320,,,,
CLIA_CA_01415,Total T Clinic,Total T Clinic,5720 Oberlin Dr,San Diego,CA,92121,,,,,32.89269,-117.1951,clinical,CMS_CLIA,(858) 550-0900,05D2072629,Routine Chemistry,20230420,,,,
CLIA_CA_01416,Pure Dermatology And Skin Surgery Center,Pure Dermatology And Skin Surgery Center,2001 Santa Monica Blvd Ste 480-W,Santa Monica,CA,90404,,,,,,,clinical,CMS_CLIA,(310) 954-9501,05D2072630,Routine Chemistry,20240708,1598109167,PARRISH SADEGHI,President,3105602101
CLIA_CA_01417,Navjyot Gujral Md,Navjyot Gujral Md,"720 N Tustin Ave, Ste 101A",Santa Ana,CA,92705,,,,,33.75138,-117.834261,clinical,CMS_CLIA,(714) 972-2705,05D2072631,Routine Chemistry,20251202,,,,
CLIA_CA_01418,Contra Costa Pathology Associates,Contra Costa Pathology Associates,399 Taylor Blvd Ste 200,Pleasant Hill,CA,94523,,,,,37.961182,-122.073034,clinical,CMS_CLIA,(925) 270-3575,05D2073229,Routine Chemistry,20231116,1396161014,BARRY LATNER,MANAGING PARTNER,9252703575
CLIA_CA_01419,Dermtech,Dermtech,12340 El Camino Real,San Diego,CA,92130,,,,,32.940346,-117.240246,clinical,CMS_CLIA,(858) 450-4222,05D2073519,Routine Chemistry,20150206,1598173502,BURKHARD JANSEN,President,8584504222
CLIA_CA_01420,Exer Medical Corporation,Exer Medical Corporation,701 N Wendy Dr,Newbury Park,CA,91320,,,,,34.187805,-118.942469,clinical,CMS_CLIA,(805) 375-4400,05D2073979,Routine Chemistry,20221213,,,,
CLIA_CA_01421,Southern Marin Dermatology Inc,Southern Marin Dermatology Inc,"2330 Marinship Way, Ste 370",Sausalito,CA,94965,,,,,37.865195,-122.49831,clinical,CMS_CLIA,(415) 887-9758,05D2075709,Routine Chemistry,20250514,,,,
CLIA_CA_01422,Suzanne L Berkman Md Inc,Suzanne L Berkman Md Inc,"8920 Wilshire Blvd, Ste 545",Beverly Hills,CA,90211,,,,,34.066981,-118.386428,clinical,CMS_CLIA,(310) 854-3003,05D2076002,Routine Chemistry,20240620,,,,
CLIA_CA_01423,Imperial Radiology,Imperial Radiology,2407 Marshall Ave Ste A,Imperial,CA,92251,,,,,32.82684,-115.568171,clinical,CMS_CLIA,(760) 545-0340,05D2076120,Routine Chemistry,20141106,1578858585,AFSANEH MAGHSOUDY,"SECRETARY, OWNER",7607303536
CLIA_CA_01424,California Coastal Dermatology,California Coastal Dermatology,"28261 Marguerite Pkwy, Ste 200",Mission Viejo,CA,92692,,,,,33.552722,-117.671025,clinical,CMS_CLIA,(949) 542-8500,05D2077800,Routine Chemistry,20250124,,,,
CLIA_CA_01425,Tien Q Nguyen Md,Tien Q Nguyen Md,17271 Brookhurst St,Fountain Valley,CA,92708,,,,,33.712309,-117.954614,clinical,CMS_CLIA,(714) 531-2966,05D2078033,Routine Chemistry,20251007,,,,
CLIA_CA_01426,Action Urgent Care Inc,Action Urgent Care Inc,"1680 E Capitol Expy, Ste 10",San Jose,CA,95121,,,,,37.310419,-121.808435,clinical,CMS_CLIA,(408) 892-2879,05D2078131,Routine Chemistry,20230112,1205186442,VLADIMIR SKOROKHOD,CMO,4084408335
CLIA_CA_01427,Legacy Md Medical Group Inc,Legacy Md Medical Group Inc,222 E Cole Blvd,Calexico,CA,92231,,,,,32.694041,-115.495356,clinical,CMS_CLIA,(760) 550-1685,05D2078669,Routine Chemistry,20240723,1063251502,JOHN STRONG,President,7603522551
CLIA_CA_01428,Vibrant America Clinical Laboratory,Vibrant America Clinical Laboratory,3521 Leonard Ct,Santa Clara,CA,95054,,,,,37.384045,-121.957432,clinical,CMS_CLIA,(858) 888-2470,05D2078809,Routine Chemistry,20170310,,,,
CLIA_CA_01429,Andrea Willey Md Pmc,Andrea Willey Md Pmc,2277 Fair Oaks Blvd Ste 402,Sacramento,CA,95825,,,,,38.574637,-121.412002,clinical,CMS_CLIA,(916) 922-7546,05D2079164,Routine Chemistry,20250418,,,,
CLIA_CA_01430,"Diamond Pathology, Llc","Diamond Pathology, Llc",12595 Hesperia Rd Ste 101,Victorville,CA,92395,,,,,34.479918,-117.29078,clinical,CMS_CLIA,(760) 881-3377,05D2079165,Routine Chemistry,20240404,,,,
CLIA_CA_01431,Jem Dynamics Inc,Jem Dynamics Inc,"5176 Santa Monica Blvd, Ste 107",Los Angeles,CA,90029,,,,,34.09075,-118.302672,clinical,CMS_CLIA,(323) 407-6418,05D2080390,Routine Chemistry,20240923,1235770553,AKOP GAVADIAN,ceo,3234076418
CLIA_CA_01432,Centra Diagnostics,Centra Diagnostics,"4223 Glencoe Avenue, Suite A 130",Marina Del Rey,CA,90292,,,,,33.988169,-118.441254,clinical,CMS_CLIA,(323) 505-4466,05D2080393,Routine Chemistry,20210920,,,,
CLIA_CA_01433,Apex Dermatology,Apex Dermatology,32144 Agoura Rd Ste 112,Westlake Village,CA,91361,,,,,34.148235,-118.820088,clinical,CMS_CLIA,(818) 889-2739,05D2082077,Routine Chemistry,20230420,1720328263,KARIN HARP,President,8186618209
CLIA_CA_01434,Csi Medical Group,Csi Medical Group,"136 N San Mateo Dr, 2nd Fl",San Mateo,CA,94401,,,,,37.56908,-122.328955,clinical,CMS_CLIA,(650) 348-1242,05D2084019,Routine Chemistry,20251204,1871909804,ERIC SCHWEIGER,Owner,2122833000
CLIA_CA_01435,Advanced Dermatology Inc,Advanced Dermatology Inc,34213 Pacific Coast Hwy,Dana Point,CA,92629,,,,,33.467119,-117.695092,clinical,CMS_CLIA,(949) 248-4547,05D2085385,Routine Chemistry,20250707,,,,
CLIA_CA_01436,Advanced Dermatology,Advanced Dermatology,"164 W Hospitality Lane, Ste 115",San Bernardino,CA,92408,,,,,34.065892,-117.287075,clinical,CMS_CLIA,(909) 886-6904,05D2085668,Routine Chemistry,20230414,,,,
CLIA_CA_01437,Oral Pathology Diagnostic Services,Oral Pathology Diagnostic Services,"3914 Murphy Canyon Rd, Ste A129",San Diego,CA,92123,,,,,32.815435,-117.116533,clinical,CMS_CLIA,(858) 492-9500,05D2087478,Routine Chemistry,20211013,1861452641,LEWIS EVERSOLE,PRESIDENT,8584929500
CLIA_CA_01438,Kensington Diagnostics Llc,Kensington Diagnostics Llc,36243 Inland Valley Dr Ste 10,Wildomar,CA,92595,,,,,33.59258,-117.23688,clinical,CMS_CLIA,(951) 735-7246,05D2087480,Routine Chemistry,20160107,1992125231,SANJOY BANERJEE,OWNER,9097321161
CLIA_CA_01439,Csi Medical Group,Csi Medical Group,"1127 Wilshire Blvd, Ste 600",Los Angeles,CA,90017,,,,,34.052486,-118.26353,clinical,CMS_CLIA,(213) 278-0021,05D2087620,Routine Chemistry,20260304,1871909804,ERIC SCHWEIGER,Owner,2122833000
CLIA_CA_01440,Madhu K Kris Md Inc,Madhu K Kris Md Inc,"750 W Olive Ave, Ste 106",Merced,CA,95348,,,,,37.319213,-120.480714,clinical,CMS_CLIA,(209) 384-3115,05D2087778,Routine Chemistry,20241120,,,,
CLIA_CA_01441,Katherine Bao-Shian Lee Md Apc,Katherine Bao-Shian Lee Md Apc,"24431 Calle De La Louisa, Ste 200",Laguna Hills,CA,92653,,,,,33.607965,-117.706486,clinical,CMS_CLIA,(949) 266-0216,05D2087905,Routine Chemistry,20241217,,,,
CLIA_CA_01442,Alta Dermatology,Alta Dermatology,"27882 Forbes Rd, Ste 201",Laguna Niguel,CA,92677,,,,,33.557066,-117.675709,clinical,CMS_CLIA,(949) 364-9264,05D2087934,Routine Chemistry,20241017,1639587066,VICTORIA WANG,Owner/Principal,9493649264
CLIA_CA_01443,"Healthquest Esoterics, Inc","Healthquest Esoterics, Inc",8 Hughes Suite 100,Irvine,CA,92618,,,,,33.65176,-117.71729,clinical,CMS_CLIA,(949) 242-2260,05D2088507,Routine Chemistry,20170920,,,,
CLIA_CA_01444,Leur Medicine Inc,Leur Medicine Inc,"359 San Miguel Dr, Ste 300",Newport Beach,CA,92660,,,,,,,clinical,CMS_CLIA,(949) 200-8222,05D2089198,Routine Chemistry,20250923,1316340268,ZENOVIA GABRIEL,President/Physician,9492008222
CLIA_CA_01445,Blue Harbor Dermatology Inc,Blue Harbor Dermatology Inc,1501 Superior Ave Ste 115,Newport Beach,CA,92663,,,,,33.628945,-117.930831,clinical,CMS_CLIA,(949) 640-7546,05D2089223,Routine Chemistry,20231215,1962829457,KEVIN BELASCO,PHYSICIAN,8008282012
CLIA_CA_01446,Fertility Lab Sciences,Fertility Lab Sciences,3501 Jamboree Rd Ste 1100,Newport Beach,CA,92660,,,,,33.65406,-117.866408,clinical,CMS_CLIA,(949) 222-1290,05D2089497,Routine Chemistry,20150820,,,,
CLIA_CA_01447,Transpath Inc,Transpath Inc,"21018 Osborne St, Ste 5",Canoga Park,CA,91304,,,,,34.232982,-118.591328,clinical,CMS_CLIA,(818) 993-1489,05D2090026,Routine Chemistry,20231109,,,,
CLIA_CA_01448,Orange County Vascular & Endovascular,Orange County Vascular & Endovascular,11190 Warner Ave Ste 408,Santa Ana,CA,92708,,,,,33.716278,-117.933067,clinical,CMS_CLIA,(714) 430-1414,05D2091424,Routine Chemistry,20221107,,,,
CLIA_CA_01449,Exer Medical Corporation,Exer Medical Corporation,19346 Nordhoff St,Northridge,CA,91324,,,,,34.235425,-118.554153,clinical,CMS_CLIA,(818) 727-2040,05D2093075,Routine Chemistry,20240702,,,,
CLIA_CA_01450,Elite Urgent Care Inc,Elite Urgent Care Inc,"1524 Mchenry Ave, Ste 130",Modesto,CA,95350,,,,,37.66553,-120.993873,clinical,CMS_CLIA,(209) 846-3176,05D2093483,Routine Chemistry,20220607,1952709305,AMRIK BASI,MD,2095459555
CLIA_CA_01451,Simplify Genomics Clinical Laboratory,Simplify Genomics Clinical Laboratory,440 Stevens Ave Ste 200,Solana Beach,CA,92075,,,,,32.99181,-117.261546,clinical,CMS_CLIA,(404) 545-4610,05D2094189,Routine Chemistry,20160613,1104364983,TRAVIS LACEY,Chief Executive Officer,8476688090
CLIA_CA_01452,Coastal Hills Dermatology,Coastal Hills Dermatology,"600 Corporate Dr, Ste 100",Ladera Ranch,CA,92694,,,,,33.55972,-117.629043,clinical,CMS_CLIA,(949) 388-8022,05D2094986,Routine Chemistry,20250326,,,,
CLIA_CA_01453,Medi Soothe Llc,Medi Soothe Llc,2945 Townsgate Rd Ste 200 Office 51,Westlake Village,CA,91361,,,,,34.152019,-118.822448,clinical,CMS_CLIA,(312) 523-3848,05D2095005,Routine Chemistry,20230214,1043184666,ABDUL NASER BIN ABDUL RAHMAN,Owner,3125233848
CLIA_CA_01454,Transplant Genomics Inc,Transplant Genomics Inc,46774 Lakeview Blvd,Fremont,CA,94538,,,,,37.480827,-121.937456,clinical,CMS_CLIA,(844) 878-4723,05D2095237,Routine Chemistry,20211118,,,,
CLIA_CA_01455,Individx,Individx,9600 7th St Ste P,Rancho Cucamonga,CA,91730,,,,,34.088467,-117.595906,clinical,CMS_CLIA,(909) 780-3728,05D2096856,Routine Chemistry,20251208,,,,
CLIA_CA_01456,"Omnia Diagnostic Laboratory, Llc","Omnia Diagnostic Laboratory, Llc","20950 Normandie Avenue, Unit J",Torrance,CA,90502,,,,,33.839988,-118.299132,clinical,CMS_CLIA,(310) 963-1045,05D2096883,Routine Chemistry,20251117,,,,
CLIA_CA_01457,Prelude,Prelude,26051 Merit Cir Ste 103,Laguna Hills,CA,92653,,,,,33.574138,-117.674964,clinical,CMS_CLIA,(949) 348-1188,05D2097447,Routine Chemistry,20160216,,,,
CLIA_CA_01458,California Dermatology Care,California Dermatology Care,500 Alfred Nobel Dr Ste 185,Hercules,CA,94547,,,,,38.017879,-122.274341,clinical,CMS_CLIA,(510) 669-5700,05D2097959,Routine Chemistry,20230929,,,,
CLIA_CA_01459,West Dermatology Pathology Lab-Agoura Hills,West Dermatology Pathology Lab-Agoura Hills,"5010 Chesebro Rd, Ste 200",Agoura Hills,CA,91301,,,,,,,clinical,CMS_CLIA,(714) 924-7240,05D2098106,Routine Chemistry,20250701,,,,
CLIA_CA_01460,Vibrant Genomics Llc,Vibrant Genomics Llc,3521 Leonard Ct,Santa Clara,CA,95054,,,,,37.384045,-121.957432,clinical,CMS_CLIA,(858) 888-2470,05D2098445,Routine Chemistry,20160324,,,,
CLIA_CA_01461,Loma Linda Dermatopathology,Loma Linda Dermatopathology,25084 Barton Rd Ste B,Loma Linda,CA,92354,,,,,34.048421,-117.256951,clinical,CMS_CLIA,(909) 796-2211,05D2098658,Routine Chemistry,20220224,,,,
CLIA_CA_01462,"Lino J Deguzman, Md Pc Laboratory","Lino J Deguzman, Md Pc Laboratory","1525 Superior Ave, Ste 200",Newport Beach,CA,92663,,,,,33.629567,-117.930217,clinical,CMS_CLIA,(949) 727-1232,05D2098715,Routine Chemistry,20250813,,,,
CLIA_CA_01463,North County Dermatology Center,North County Dermatology Center,"477 N El Camino Real, Ste C312",Encinitas,CA,92024,,,,,33.057266,-117.262532,clinical,CMS_CLIA,(760) 230-2805,05D2100182,Routine Chemistry,20250730,,,,
CLIA_CA_01464,East Bay Center For Digestive Health,East Bay Center For Digestive Health,"300 Frank H Ogawa Plaza, Ste 355",Oakland,CA,94612,,,,,,,clinical,CMS_CLIA,(510) 433-7821,05D2100464,Routine Chemistry,20230926,,,,
CLIA_CA_01465,Patricia Tsai Md Pc Laboratory,Patricia Tsai Md Pc Laboratory,"496 Old Newport Blvd,  Ste #1",Newport Beach,CA,92663,,,,,33.62901,-117.925567,clinical,CMS_CLIA,(949) 413-3367,05D2100706,Routine Chemistry,20250905,,,,
CLIA_CA_01466,The Man Clinic Laboratory,The Man Clinic Laboratory,"20501 Ventura Blvd, Ste 360",Woodland Hills,CA,91364,,,,,34.168029,-118.579686,clinical,CMS_CLIA,(818) 456-9007,05D2101379,Routine Chemistry,20230727,,,,
CLIA_CA_01467,Bach Medical Group,Bach Medical Group,17672 Cowan,Irvine,CA,92614,,,,,33.694747,-117.858207,clinical,CMS_CLIA,(800) 544-4181,05D2101629,Routine Chemistry,20250520,,,,
CLIA_CA_01468,Irvine Pathology Medical Group Inc,Irvine Pathology Medical Group Inc,"27462 Portola Pkwy, Ste 100",Foothill Ranch,CA,92610,,,,,33.671399,-117.652466,clinical,CMS_CLIA,(949) 387-8111,05D2102456,Routine Chemistry,20250812,,,,
CLIA_CA_01469,"Pm Pediatrics Of California, Professional","Pm Pediatrics Of California, Professional",18555 Ventura Blvd Ste B,Tarzana,CA,91356,,,,,34.169521,-118.537694,clinical,CMS_CLIA,(818) 614-3088,05D2103045,Routine Chemistry,20210511,,,,
CLIA_CA_01470,Illuminate Diagnostics Inc,Illuminate Diagnostics Inc,"2670 N Main Street, Suite 101",Santa Ana,CA,92705,,,,,33.772059,-117.867423,clinical,CMS_CLIA,(858) 449-4565,05D2103276,Routine Chemistry,20210518,1669127346,ALEX KANG,Managing Member,9496893154
CLIA_CA_01471,Helix Mobile Wellness,Helix Mobile Wellness,"490 Post St, Ste 454",San Francisco,CA,94102,,,,,37.788161,-122.409875,clinical,CMS_CLIA,(303) 309-2769,05D2103632,Routine Chemistry,20250109,,,,
CLIA_CA_01472,Janet Vafaie Md Faad,Janet Vafaie Md Faad,"10921 Wilshire Blvd, Ste 800",Los Angeles,CA,90024,,,,,34.058637,-118.444634,clinical,CMS_CLIA,(310) 443-4040,05D2103634,Routine Chemistry,20240619,,,,
CLIA_CA_01473,Newport Children'S Medical Group,Newport Children'S Medical Group,"31862 Coast Hwy, Ste 302",Laguna Beach,CA,92651,,,,,33.499936,-117.742323,clinical,CMS_CLIA,(714) 488-6607,05D2103860,Routine Chemistry,20240321,,,,
CLIA_CA_01474,Wonderful Center,Wonderful Center,1701 S Lexington St,Delano,CA,93215,,,,,35.740223,-119.238264,clinical,CMS_CLIA,(661) 221-8128,05D2104014,Routine Chemistry,20221007,,,,
CLIA_CA_01475,Atcg Laboratory,Atcg Laboratory,"17881 Sky Park Circle, Bldg-22, Ste-D",Irvine,CA,92614,,,,,33.691222,-117.858672,clinical,CMS_CLIA,(949) 740-4497,05D2104354,Routine Chemistry,20251112,,,,
CLIA_CA_01476,Paz Dermatology,Paz Dermatology,5117 W Noble Ave,Visalia,CA,93277,,,,,,,clinical,CMS_CLIA,(559) 233-3376,05D2105683,Routine Chemistry,20230420,1891035127,CARLOS PAZ,President,5592333376
CLIA_CA_01477,Los Angeles Hematology Oncology Med Grp,Los Angeles Hematology Oncology Med Grp,"222 W Eulalia St, Ste 100C",Glendale,CA,91204,,,,,34.126516,-118.256611,clinical,CMS_CLIA,(818) 553-8160,05D2106319,Routine Chemistry,20250623,,,,
CLIA_CA_01478,Grace Laboratory,Grace Laboratory,"1000 E Dominguez Street, Suite 104",Carson,CA,90746,,,,,33.840396,-118.257648,clinical,CMS_CLIA,(310) 532-5133,05D2106320,Routine Chemistry,20231114,,,,
CLIA_CA_01479,Newport Dermatology Institute,Newport Dermatology Institute,2121 E Coast Hwy Ste 110,Corona Del Mar,CA,92625,,,,,32.967693,-117.267604,clinical,CMS_CLIA,(949) 629-4263,05D2106611,Routine Chemistry,20230914,1679971535,CATHERINE LEE,President,4106622606
CLIA_CA_01480,Orange County Skinlab,Orange County Skinlab,31899 Del Obispo St Ste 130,San Juan Capistrano,CA,92675,,,,,33.497929,-117.666679,clinical,CMS_CLIA,(949) 359-6400,05D2107293,Routine Chemistry,20260121,,,,
CLIA_CA_01481,Carlton Toxicology,Carlton Toxicology,"3217 N Eastern Ave, Unit 102 & 103",Los Angeles,CA,90032,,,,,34.082997,-118.178113,clinical,CMS_CLIA,(213) 625-5009,05D2107294,Routine Chemistry,20161011,,,,
CLIA_CA_01482,Pacific Spine & Pain Center,Pacific Spine & Pain Center,5127 W Noble Ave,Visalia,CA,93277,,,,,,,clinical,CMS_CLIA,(805) 888-9420,05D2107608,Routine Chemistry,20250804,,,,
CLIA_CA_01483,Montebello Derm,Montebello Derm,2601 Via Campo Suite B,Montebello,CA,90640,,,,,34.032712,-118.124033,clinical,CMS_CLIA,(562) 988-7027,05D2107941,Routine Chemistry,20230314,,,,
CLIA_CA_01484,Western Pathology Inc,Western Pathology Inc,"3440 Empresa Dr, Ste B",San Luis Obispo,CA,93401,,,,,35.253399,-120.667071,clinical,CMS_CLIA,(805) 543-5000,05D2107950,Routine Chemistry,20240308,1780924233,KURT LUNDQUIST,Authorized Official/President,8057486214
CLIA_CA_01485,Good Dermatology,Good Dermatology,3640 Lomita Blvd Ste 301,Torrance,CA,90505,,,,,33.814494,-118.348138,clinical,CMS_CLIA,(310) 405-0693,05D2108326,Routine Chemistry,20231114,1407474273,CONSUELO DAVID,President,3016558058
CLIA_CA_01486,"Western Diagnostic Services Laboratory, Llc","Western Diagnostic Services Laboratory, Llc",1414 East Main St Ste 102,Santa Maria,CA,93454,,,,,34.952825,-120.414027,clinical,CMS_CLIA,(805) 471-1264,05D2108748,Routine Chemistry,20161003,1497120653,KEVIN FERGUSON,President,8055481550
CLIA_CA_01487,Presidio Dermatology,Presidio Dermatology,2211 Post St Ste 404,San Francisco,CA,94115,,,,,37.784448,-122.438231,clinical,CMS_CLIA,(415) 441-1670,05D2110299,Routine Chemistry,20210813,,,,
CLIA_CA_01488,Four Tech Laboratory Llc,Four Tech Laboratory Llc,5132 N Peck Rd,El Monte,CA,91732,,,,,34.095755,-118.011984,clinical,CMS_CLIA,(626) 401-2583,05D2111385,Routine Chemistry,20230322,1972967933,VICTORIA ABRIGO,OWNER,6264012583
CLIA_CA_01489,Genomic Testing Cooperative,Genomic Testing Cooperative,25371 Commercentre Dr,Lake Forest,CA,92630,,,,,33.666463,-117.687451,clinical,CMS_CLIA,(949) 540-9421,05D2111917,Routine Chemistry,20161027,,,,
CLIA_CA_01490,Monterey Skin Cancer Institute,Monterey Skin Cancer Institute,"798 Cass St, Ste 204",Monterey,CA,93940,,,,,36.59417,-121.895522,clinical,CMS_CLIA,(831) 233-6474,05D2112472,Routine Chemistry,20241122,1043696925,HOWARD ORIBA,CEO,8312336474
CLIA_CA_01491,Scpmg Central Medical Offices,Scpmg Central Medical Offices,1200 Discovery Dr 2nd Fl Ste 250,Bakersfield,CA,93301,,,,,35.364097,-119.058771,clinical,CMS_CLIA,(661) 827-3001,05D2113231,Routine Chemistry,20210729,,,,
CLIA_CA_01492,El Segundo Dermatology Inc,El Segundo Dermatology Inc,713 N Douglas St,El Segundo,CA,90245,,,,,33.925383,-118.3832,clinical,CMS_CLIA,(310) 906-2788,05D2113648,Routine Chemistry,20231212,,,,
CLIA_CA_01493,Nobility Health Inc,Nobility Health Inc,435 Arden Ave Ste 370,Glendale,CA,91203,,,,,34.158517,-118.262318,clinical,CMS_CLIA,(818) 979-9899,05D2113673,Routine Chemistry,20220916,,,,
CLIA_CA_01494,Digestive Disease Consultants Of Orange County Inc,Digestive Disease Consultants Of Orange County Inc,113 Waterworks Way Ste 155,Irvine,CA,92618,,,,,33.664385,-117.762954,clinical,CMS_CLIA,(949) 612-9090,05D2115034,Routine Chemistry,20240209,1780843458,PAUL LEE,Owner,9496129090
CLIA_CA_01495,Csi Medical Group - Beaumont,Csi Medical Group - Beaumont,1620 E 2nd Street Marketplace Ste N,Beaumont,CA,92223,,,,,33.923336,-116.948797,clinical,CMS_CLIA,(951) 845-6500,05D2115539,Routine Chemistry,20250618,,,,
CLIA_CA_01496,San Diego Family Dermatology,San Diego Family Dermatology,222 W Madison Ave,El Cajon,CA,92020,,,,,32.800733,-116.964158,clinical,CMS_CLIA,(619) 579-5115,05D2115540,Routine Chemistry,20240925,,,,
CLIA_CA_01497,Precision Dermatology Inc,Precision Dermatology Inc,"770 Tamalpias Dr, Ste 403",Corte Madera,CA,94925,,,,,37.925232,-122.516658,clinical,CMS_CLIA,(415) 924-2055,05D2115541,Routine Chemistry,20250514,,,,
CLIA_CA_01498,Specialized University Pathologists,Specialized University Pathologists,931 Buena Vista St Ste 200B,Duarte,CA,91010,,,,,34.141309,-117.977615,clinical,CMS_CLIA,(626) 514-2491,05D2115860,Routine Chemistry,20250505,1356735989,KIARASH MICHEL,MD/Owner,4242457284
CLIA_CA_01499,Alexis Dougherty Inc,Alexis Dougherty Inc,"601 E Arrellaga St, Ste 101",Santa Barbara,CA,93103,,,,,34.433138,-119.703215,clinical,CMS_CLIA,(805) 687-5538,05D2115863,Routine Chemistry,20250409,,,,
CLIA_CA_01500,Citrus Valley Gastroenterology Pc Lab,Citrus Valley Gastroenterology Pc Lab,"500 W San Bernardino Rd, Ste B",Covina,CA,91722,,,,,34.089565,-117.899037,clinical,CMS_CLIA,(626) 960-2396,05D2115865,Routine Chemistry,20230310,,,,
CLIA_CA_01501,San Diego Family Dermatology,San Diego Family Dermatology,"655 Euclid Ave, Ste 304",National City,CA,91950,,,,,32.684007,-117.082792,clinical,CMS_CLIA,(619) 267-8303,05D2115868,Routine Chemistry,20230417,1831938232,YARELI CIFUENTES,Office Manager,6192678303
CLIA_CA_01502,Henry Mayo Newhall Urgent Care,Henry Mayo Newhall Urgent Care,23929 Mcbean Pkwy Ste 102,Valencia,CA,91355,,,,,,,clinical,CMS_CLIA,(661) 200-2500,05D2115911,Routine Chemistry,20220203,,,,
CLIA_CA_01503,Spring Diagnostics,Spring Diagnostics,3870 Del Amo Blvd Ste 504,Torrance,CA,90503,,,,,,,clinical,CMS_CLIA,(424) 306-2184,05D2117052,Routine Chemistry,20240924,,,,
CLIA_CA_01504,Donald R Abrahm Md Inc,Donald R Abrahm Md Inc,"1525 Superior Ave, Ste 104",Newport Beach,CA,92663,,,,,33.629567,-117.930217,clinical,CMS_CLIA,(949) 646-6999,05D2117341,Routine Chemistry,20230628,,,,
CLIA_CA_01505,Exer Medical Corporation,Exer Medical Corporation,13303 Riverside Dr,Sherman Oaks,CA,91423,,,,,34.157671,-118.422652,clinical,CMS_CLIA,(818) 722-3230,05D2117433,Routine Chemistry,20240620,,,,
CLIA_CA_01506,Fleming Dermatology And Aesthetic Center,Fleming Dermatology And Aesthetic Center,"23141 Moulton Pkwy, Ste 110",Laguna Hills,CA,92653,,,,,33.62592,-117.730673,clinical,CMS_CLIA,(949) 916-5956,05D2117493,Routine Chemistry,20241018,,,,
CLIA_CA_01507,Kurlan Dermatology,Kurlan Dermatology,"31515 Rancho Pueblo Rd, Ste 201",Temecula,CA,92592,,,,,33.479189,-117.110931,clinical,CMS_CLIA,(951) 302-1302,05D2117498,Routine Chemistry,20250827,,,,
CLIA_CA_01508,Gastroenterology Associates,Gastroenterology Associates,"850 S Atlantic Blvd, Ste 101",Monterey Park,CA,91754,,,,,34.051454,-118.137646,clinical,CMS_CLIA,(626) 284-1736,05D2117533,Routine Chemistry,20250731,,,,
CLIA_CA_01509,Golden State Dermatology Associates Inc,Golden State Dermatology Associates Inc,"135 Macaw Ln, Ste 200",Simi Valley,CA,93065,,,,,34.259693,-118.794581,clinical,CMS_CLIA,(818) 505-9300,05D2117561,Routine Chemistry,20241010,,,,
CLIA_CA_01510,Heritage Sierra Medical Group,Heritage Sierra Medical Group,25775 Mcbean Pkwy Ste 106,Valencia,CA,91355,,,,,34.400514,-118.551146,clinical,CMS_CLIA,(661) 362-8100,05D2117624,Routine Chemistry,20190829,,,,
CLIA_CA_01511,Csi Medical Group Pc,Csi Medical Group Pc,2438 N Ponderosa Dr Ste C-105,Camarillo,CA,93010,,,,,34.241318,-119.022412,clinical,CMS_CLIA,(805) 388-2068,05D2118106,Routine Chemistry,20251106,,,,
CLIA_CA_01512,West Medical,West Medical,"17609 Ventura Blvd, Ste 106",Encino,CA,91316,,,,,34.162005,-118.51669,clinical,CMS_CLIA,(818) 343-1401,05D2118622,Routine Chemistry,20240920,,,,
CLIA_CA_01513,Don Mehrabi Md Apmc,Don Mehrabi Md Apmc,"1505 Wilson Terrace, Ste 240",Glendale,CA,91206,,,,,34.149699,-118.231424,clinical,CMS_CLIA,(310) 205-3555,05D2118791,Routine Chemistry,20241015,,,,
CLIA_CA_01514,Encompass Health Rehabilitation,Encompass Health Rehabilitation,1303 Mable Ave,Modesto,CA,95355,,,,,37.696167,-120.975992,clinical,CMS_CLIA,(209) 857-3400,05D2119390,Routine Chemistry,20220118,,,,
CLIA_CA_01515,La Jolla Cosmetic Laser And Surgery Center,La Jolla Cosmetic Laser And Surgery Center,7720 Fay Ave,La Jolla,CA,92037,,,,,32.843614,-117.274883,clinical,CMS_CLIA,(858) 454-2700,05D2120302,Routine Chemistry,20260218,,,,
CLIA_CA_01516,Octapharma Plasma Inc,Octapharma Plasma Inc,5101 Fruitridge Rd Ste 13,Sacramento,CA,95820,,,,,38.525005,-121.445657,clinical,CMS_CLIA,(916) 457-7850,05D2120638,Routine Chemistry,20211215,,,,
CLIA_CA_01517,"Progenesis, Inc","Progenesis, Inc",4150 Regents Park Row Ste 245,La Jolla,CA,92037,,,,,32.872667,-117.217392,clinical,CMS_CLIA,(858) 257-2122,05D2121237,Routine Chemistry,20170718,,,,
CLIA_CA_01518,Dermatology And Plastic Surgery Specialists,Dermatology And Plastic Surgery Specialists,44311 Monterey Ave,Palm Desert,CA,92260,,,,,33.72652,-116.391264,clinical,CMS_CLIA,(760) 773-6616,05D2122152,Routine Chemistry,20241219,1356770515,NATALIE DRIESSEN,President,9492123413
CLIA_CA_01519,Exer Medical Corporation,Exer Medical Corporation,725 S Pacific Coast Hwy,Redondo Beach,CA,90277,,,,,33.830284,-118.385195,clinical,CMS_CLIA,(424) 296-3100,05D2122159,Routine Chemistry,20240619,,,,
CLIA_CA_01520,Amanda Abramson Lloyd Md Inc,Amanda Abramson Lloyd Md Inc,"477 N El Camino Real, Ste D304",Encinitas,CA,92024,,,,,33.057266,-117.262532,clinical,CMS_CLIA,(760) 452-2080,05D2124055,Routine Chemistry,20240722,1376092023,AMANDA LLOYD,President,9494332389
CLIA_CA_01521,"Schwalb Consulting, Llc Dba Jit Labs","Schwalb Consulting, Llc Dba Jit Labs","1 Technology Dr, Ste C523",Irvine,CA,92618,,,,,33.648511,-117.734301,clinical,CMS_CLIA,(949) 333-3661,05D2124530,Routine Chemistry,20250213,,,,
CLIA_CA_01522,"Arta Farshidi Md, Inc","Arta Farshidi Md, Inc","360 San Miguel Dr, Ste 405",Newport Beach,CA,92660,,,,,,,clinical,CMS_CLIA,(949) 646-3333,05D2125934,Routine Chemistry,20250508,,,,
CLIA_CA_01523,All South Bay Footcare Podiatry Group Inc,All South Bay Footcare Podiatry Group Inc,"23365 Hawthorne Blvd, Ste 101",Torrance,CA,90505,,,,,33.814158,-118.351258,clinical,CMS_CLIA,(310) 326-0202,05D2128423,Routine Chemistry,20260128,,,,
CLIA_CA_01524,Integrated Dermatology,Integrated Dermatology,"26691 Plaza, Ste 230",Mission Viejo,CA,92691,,,,,,,clinical,CMS_CLIA,(949) 364-2904,05D2128776,Routine Chemistry,20250131,,,,
CLIA_CA_01525,Genomic Testing Cooperative,Genomic Testing Cooperative,27165 Kiavo Dr,Valley Center,CA,92082,,,,,33.2063,-116.931745,clinical,CMS_CLIA,(949) 275-7564,05D2129017,Routine Chemistry,20260219,,,,
CLIA_CA_01526,Amy M Reinstadler Md Inc,Amy M Reinstadler Md Inc,"361 Hospital Rd, Ste 533",Newport Beach,CA,92663,,,,,33.625763,-117.928399,clinical,CMS_CLIA,(949) 200-9667,05D2129629,Routine Chemistry,20251007,,,,
CLIA_CA_01527,Toray Molecular Oncology Laboratory,Toray Molecular Oncology Laboratory,"150 N Hill Dr, Ste 23",Brisbane,CA,94005,,,,,37.690318,-122.407159,clinical,CMS_CLIA,(415) 825-5544,05D2130372,Routine Chemistry,20250319,,,,
CLIA_CA_01528,Laca Dermatology Inc,Laca Dermatology Inc,"4955 Van Nuys Blvd, Ste 516",Sherman Oaks,CA,91403,,,,,34.16041,-118.448767,clinical,CMS_CLIA,(818) 789-6296,05D2130455,Routine Chemistry,20250307,1811497928,KATHLEEN VINE,MD,8187896296
CLIA_CA_01529,"Artius Dermatology Associates, Pc","Artius Dermatology Associates, Pc","325 Mall Drive, Ste 111",Hanford,CA,93230,,,,,36.32597,-119.66838,clinical,CMS_CLIA,(559) 583-7546,05D2132467,Routine Chemistry,20230419,,,,
CLIA_CA_01530,"Artius Dermatology Associates, Pc","Artius Dermatology Associates, Pc","5333 Hollister Ave, Ste 105",Santa Barbara,CA,93111,,,,,34.434895,-119.809764,clinical,CMS_CLIA,(559) 781-1812,05D2132471,Routine Chemistry,20260312,,,,
CLIA_CA_01531,"David O Kim Md, Inc.","David O Kim Md, Inc.",3440 Lomita Blvd Ste 446,Torrance,CA,90505,,,,,33.813204,-118.345152,clinical,CMS_CLIA,(310) 326-2828,05D2133564,Routine Chemistry,20230906,,,,
CLIA_CA_01532,Sasha Salloum Md Inc,Sasha Salloum Md Inc,1111 Broadway Ste 305,Chula Vista,CA,91911,,,,,32.609878,-117.081157,clinical,CMS_CLIA,(619) 567-7007,05D2135693,Routine Chemistry,20230417,,,,
CLIA_CA_01533,Fertlity Specialists Medical Group,Fertlity Specialists Medical Group,"6125 Paseo Del Norte, Ste 120",Carlsbad,CA,92011,,,,,33.120262,-117.319291,clinical,CMS_CLIA,(858) 505-5500,05D2137456,Routine Chemistry,20251119,,,,
CLIA_CA_01534,Mccray Dermatology,Mccray Dermatology,"623 West Ave Q, Ste E",Palmdale,CA,93551,,,,,34.587247,-118.141276,clinical,CMS_CLIA,(661) 947-3700,05D2138289,Routine Chemistry,20251202,1518189810,MICHAEL MCCRAY,President,6612547200
CLIA_CA_01535,Octapharma Plasma Inc,Octapharma Plasma Inc,10870 Katella Ave Ste D,Anaheim,CA,92804,,,,,33.803002,-117.943148,clinical,CMS_CLIA,(714) 741-4955,05D2138932,Routine Chemistry,20201221,,,,
CLIA_CA_01536,Octapharma Plasma Inc,Octapharma Plasma Inc,11528 Telegraph Rd,Santa Fe Springs,CA,90670,,,,,33.947663,-118.087134,clinical,CMS_CLIA,(562) 406-2239,05D2138933,Routine Chemistry,20210319,,,,
CLIA_CA_01537,California Dermatology Institute,California Dermatology Institute,"3095 Old Conejo Rd, Ste 200",Thousand Oaks,CA,91320,,,,,34.189822,-118.941379,clinical,CMS_CLIA,(888) 367-1850,05D2139504,Routine Chemistry,20250407,1164100848,NAVID EZRA,owner,8052225803
CLIA_CA_01538,Coastal Skin And Eye Institute,Coastal Skin And Eye Institute,"5550 Carmel Mountain Rd, Ste 206",San Diego,CA,92130,,,,,32.928666,-117.197403,clinical,CMS_CLIA,(858) 943-2540,05D2139861,Routine Chemistry,20250821,1194838441,MONICA DEL VALLE,Billing Supervisor,6194621670
CLIA_CA_01539,"Artius Dermatology Associates, Pc","Artius Dermatology Associates, Pc",573 W Putnam Ave,Porterville,CA,93257,,,,,36.06949,-119.029763,clinical,CMS_CLIA,(559) 781-1812,05D2140871,Routine Chemistry,20240820,,,,
CLIA_CA_01540,West Dermatology Skin & Cancer Center,West Dermatology Skin & Cancer Center,"9339 Genesee Ave, Ste 350A",San Diego,CA,92121,,,,,32.875594,-117.213971,clinical,CMS_CLIA,(858) 454-4300,05D2141176,Routine Chemistry,20250327,,,,
CLIA_CA_01541,Valley Skin Institute,Valley Skin Institute,7777 N Ingram Ave,Fresno,CA,93711,,,,,36.851262,-119.801902,clinical,CMS_CLIA,(559) 472-7546,05D2141433,Routine Chemistry,20240712,,,,
CLIA_CA_01542,Scpmg Garfield Specialty Center,Scpmg Garfield Specialty Center,"5893 Copley Dr, 5th Flr",San Diego,CA,92111,,,,,32.843097,-117.172695,clinical,CMS_CLIA,(858) 616-5638,05D2141445,Routine Chemistry,20240807,,,,
CLIA_CA_01543,Sc Health Labs,Sc Health Labs,15540 Rockfield Blvd  Suite A100,Irvine,CA,92618,,,,,33.640454,-117.722305,clinical,CMS_CLIA,(650) 999-1710,05D2141585,Routine Chemistry,20260116,,,,
CLIA_CA_01544,"Richard G. Quist Md, Medical Corp, Inc.","Richard G. Quist Md, Medical Corp, Inc.","520 Superior Ave, Ste 245",Newport Beach,CA,92663,,,,,33.630833,-117.928777,clinical,CMS_CLIA,(949) 645-8300,05D2141819,Routine Chemistry,20250909,,,,
CLIA_CA_01545,Octapharma Plasma Inc,Octapharma Plasma Inc,1828 Clovis Ave,Clovis,CA,93612,,,,,36.810068,-119.700298,clinical,CMS_CLIA,(559) 298-7433,05D2142032,Routine Chemistry,20210113,,,,
CLIA_CA_01546,"Gary Chuang Md, Inc","Gary Chuang Md, Inc","3475 Torrance Blvd, Ste E",Torrance,CA,90503,,,,,33.837622,-118.34657,clinical,CMS_CLIA,(310) 316-4988,05D2142368,Routine Chemistry,20231114,1538685482,GARY CHUANG,Owner,9175663702
CLIA_CA_01547,Laser Skin Care Center,Laser Skin Care Center,11 Almond Tree Ln,Irvine,CA,92612,,,,,,,clinical,CMS_CLIA,(562) 414-6452,05D2142371,Routine Chemistry,20250701,,,,
CLIA_CA_01548,Family Planning Associates Medical Group Inc,Family Planning Associates Medical Group Inc,4922 Whittier Blvd,East Los Angeles,CA,90022,,,,,34.021535,-118.162986,clinical,CMS_CLIA,(909) 382-0201,05D2144191,Routine Chemistry,20241029,1831732296,IRVING FELDKAMP IV,Owner,9093820201
CLIA_CA_01549,Redwood Family Dermatology,Redwood Family Dermatology,"555 S Dora St, Ste B",Ukiah,CA,95482,,,,,39.145894,-123.211491,clinical,CMS_CLIA,(707) 462-3996,05D2144192,Routine Chemistry,20250723,1710913231,JEFFREY SUGARMAN,owner/president,7075454537
CLIA_CA_01550,Skin And Beauty Center (Sbc) Inc,Skin And Beauty Center (Sbc) Inc,23501 Cinema Dr Ste 111,Santa Clarita,CA,91355,,,,,34.420499,-118.546366,clinical,CMS_CLIA,(661) 258-3811,05D2144303,Routine Chemistry,20240307,,,,
CLIA_CA_01551,Skin And Beauty Center- Verdugo Hills,Skin And Beauty Center- Verdugo Hills,1818 Verdugo Blvd Ste 304,Glendale,CA,91208,,,,,34.174444,-118.226019,clinical,CMS_CLIA,(818) 790-3588,05D2144305,Routine Chemistry,20250625,,,,
CLIA_CA_01552,Skin And Beauty Center Lab,Skin And Beauty Center Lab,"2220 N Screenland Dr, Ste 101",Burbank,CA,91505,,,,,34.188755,-118.351192,clinical,CMS_CLIA,(877) 842-8000,05D2144307,Routine Chemistry,20250626,,,,
CLIA_CA_01553,Homeira Mehrabian Md Inc,Homeira Mehrabian Md Inc,"500 Superior Ave, Ste 320",Newport Beach,CA,92663,,,,,33.630654,-117.928956,clinical,CMS_CLIA,(949) 791-7155,05D2144310,Routine Chemistry,20251023,1710282546,HOMEIRA MEHRABIAN,PHYSICIAN/CEO,9496458300
CLIA_CA_01554,Christopher Evan Lee Md Inc,Christopher Evan Lee Md Inc,"520 Superior Ave, Ste 290",Newport Beach,CA,92663,,,,,33.630833,-117.928777,clinical,CMS_CLIA,(949) 645-6244,05D2144313,Routine Chemistry,20250909,1023249430,CHRISTOPHER LEE,Owner,9496456244
CLIA_CA_01555,Zand Dermatology Inc,Zand Dermatology Inc,"655 Redwood Hwy, Ste 246",Mill Valley,CA,94941,,,,,37.891342,-122.517005,clinical,CMS_CLIA,(415) 301-5000,05D2145017,Routine Chemistry,20250603,1548773286,LUCRETIA LEWITT,Office Manager,4159250550
CLIA_CA_01556,"New World Clinical Laboratory, Inc","New World Clinical Laboratory, Inc",10841 Noel St Ste 110,Los Alamitos,CA,90720,,,,,33.804185,-118.058864,clinical,CMS_CLIA,(562) 200-5054,05D2145018,Routine Chemistry,20250916,,,,
CLIA_CA_01557,Beverly Hills Center For Digestive Health,Beverly Hills Center For Digestive Health,"8733 Beverly Blvd, Ste 201",Los Angeles,CA,90048,,,,,34.076905,-118.381573,clinical,CMS_CLIA,(626) 409-4799,05D2145030,Routine Chemistry,20240926,,,,
CLIA_CA_01558,"Advanced Institute Of Dermatology, Inc.","Advanced Institute Of Dermatology, Inc.",665 Camino De Los Mares Ste 305,San Clemente,CA,92673,,,,,33.457416,-117.648546,clinical,CMS_CLIA,(949) 276-8090,05D2145032,Routine Chemistry,20230417,,,,
CLIA_CA_01559,Yosemite Pathology Medical Group Inc,Yosemite Pathology Medical Group Inc,4301 North Star Way,Modesto,CA,95356,,,,,37.701716,-121.00233,clinical,CMS_CLIA,(209) 577-1200,05D2146088,Routine Chemistry,20251119,,,,
CLIA_CA_01560,Novogene Laboratory,Novogene Laboratory,2921 Stockton Blvd Ste 1810,Sacramento,CA,95817,,,,,38.547554,-121.45407,clinical,CMS_CLIA,(916) 252-0068,05D2146243,Routine Chemistry,20230124,,,,
CLIA_CA_01561,"Michelle Aszterbaum, Md Inc","Michelle Aszterbaum, Md Inc","360 San Miguel Dr,  Ste 406",Newport Beach,CA,92660,,,,,,,clinical,CMS_CLIA,(949) 525-0700,05D2146684,Routine Chemistry,20231215,,,,
CLIA_CA_01562,"Usa Biosciences, Llc","Usa Biosciences, Llc","24309 Narbonne Avenue, Suite 210",Lomita,CA,90717,,,,,33.804739,-118.320004,clinical,CMS_CLIA,(310) 755-7530,05D2147767,Routine Chemistry,20251022,,,,
CLIA_CA_01563,Hala Koudsi Md Inc,Hala Koudsi Md Inc,"3655 Lomita Blvd, Ste 215",Torrance,CA,90505,,,,,33.814907,-118.348754,clinical,CMS_CLIA,(310) 378-8885,05D2147858,Routine Chemistry,20250509,,,,
CLIA_CA_01564,Csi Medical Group Pc,Csi Medical Group Pc,1934 Via Centre Ste B,Vista,CA,92081,,,,,33.184511,-117.282211,clinical,CMS_CLIA,(760) 295-2299,05D2148484,Routine Chemistry,20260107,,,,
CLIA_CA_01565,Octapharma Plasma Inc,Octapharma Plasma Inc,7200 Bancroft Ave Ste 100,Oakland,CA,94605,,,,,37.768135,-122.179317,clinical,CMS_CLIA,(510) 746-8306,05D2149048,Routine Chemistry,20211117,,,,
CLIA_CA_01566,"Certis Oncology Solutions, Inc","Certis Oncology Solutions, Inc","5626 Oberlin Dr, Ste 110",San Diego,CA,92121,,,,,32.891902,-117.19694,clinical,CMS_CLIA,(858) 952-1820,05D2149049,Routine Chemistry,20241105,,,,
CLIA_CA_01567,Solano Dermatology Associates,Solano Dermatology Associates,"1700 Second St, Ste 220",Napa,CA,94559,,,,,38.296346,-122.291267,clinical,CMS_CLIA,(707) 252-2931,05D2150064,Routine Chemistry,20250819,,,,
CLIA_CA_01568,Redwood Empire Dermatology,Redwood Empire Dermatology,301 East St,Healdsburg,CA,95448,,,,,38.610787,-122.868356,clinical,CMS_CLIA,(707) 433-4239,05D2150673,Routine Chemistry,20250827,,,,
CLIA_CA_01569,La Jolla Dermatology & Laser Surgery Center,La Jolla Dermatology & Laser Surgery Center,7301 Girard Ave Ste 202,La Jolla,CA,92037,,,,,32.838611,-117.27182,clinical,CMS_CLIA,(858) 456-3992,05D2150801,Routine Chemistry,20230411,1942709738,AZADEH SHIRAZI,Physician/President,6193099831
CLIA_CA_01570,San Diego Gastroenterology,San Diego Gastroenterology,"4060 4th Ave, Ste 240",San Diego,CA,92103,,,,,32.751047,-117.161697,clinical,CMS_CLIA,(619) 291-6064,05D2151143,Routine Chemistry,20241106,,,,
CLIA_CA_01571,Gameday Men'S Health,Gameday Men'S Health,"2333 State Street, Suite 200",Carlsbad,CA,92008,,,,,33.16558,-117.354042,clinical,CMS_CLIA,(858) 252-9202,05D2151482,Routine Chemistry,20210909,1457841777,K NAFICY,Medical Director,8582529202
CLIA_CA_01572,"Mohs-Tek, Inc","Mohs-Tek, Inc",1342 Bell Ave Ste 3H,Tustin,CA,92780,,,,,33.715773,-117.837517,clinical,CMS_CLIA,(949) 559-6647,05D2152412,Routine Chemistry,20211103,,,,
CLIA_CA_01573,Peyton P Berookim Md Inc,Peyton P Berookim Md Inc,"415 N Crescent Dr,  #200",Beverly Hills,CA,90210,,,,,34.071403,-118.400028,clinical,CMS_CLIA,(310) 271-1122,05D2152723,Routine Chemistry,20250312,,,,
CLIA_CA_01574,"Stockdale Podiatry Group, Inc","Stockdale Podiatry Group, Inc",110 New Stine Rd,Bakersfield,CA,93309,,,,,35.354097,-119.061084,clinical,CMS_CLIA,(661) 832-1667,05D2152724,Routine Chemistry,20250707,,,,
CLIA_CA_01575,Center For Gi Health,Center For Gi Health,"9730 Wilshire Blvd, Ste 213",Beverly Hills,CA,90212,,,,,34.067017,-118.407293,clinical,CMS_CLIA,(310) 657-4444,05D2153014,Routine Chemistry,20250312,,,,
CLIA_CA_01576,Neoanalytics Laboratory,Neoanalytics Laboratory,"25 S Raymond Ave, Ste 204",Alhambra,CA,91801,,,,,34.091006,-118.145065,clinical,CMS_CLIA,(626) 703-4445,05D2153457,Routine Chemistry,20251006,,,,
CLIA_CA_01577,University Skin Institute,University Skin Institute,"650 University Ave, Ste 200",Sacramento,CA,95825,,,,,38.567279,-121.419174,clinical,CMS_CLIA,(916) 571-5200,05D2153675,Routine Chemistry,20250228,1083120992,PANTEA HASHEMI,Founder,9165715200
CLIA_CA_01578,"Octapharma Plasma, Inc","Octapharma Plasma, Inc",1234 W Francisquito Ave,West Covina,CA,91790,,,,,34.053802,-117.954158,clinical,CMS_CLIA,(626) 498-2723,05D2154152,Routine Chemistry,20211021,,,,
CLIA_CA_01579,Tanya Kormeili Md,Tanya Kormeili Md,"2811 Wilshire Blvd, Ste 640",Santa Monica,CA,90403,,,,,,,clinical,CMS_CLIA,(310) 526-8301,05D2154286,Routine Chemistry,20241118,,,,
CLIA_CA_01580,"Altera Laboratory Services, Llc","Altera Laboratory Services, Llc",2670 N Main St Ste 100,Santa Ana,CA,92705,,,,,33.772059,-117.867423,clinical,CMS_CLIA,(858) 449-4565,05D2154950,Routine Chemistry,20250926,,,,
CLIA_CA_01581,Los Angeles Ivf Laboratory,Los Angeles Ivf Laboratory,"16055 Ventura Blvd, Ste 1000",Encino,CA,91436,,,,,34.156294,-118.482617,clinical,CMS_CLIA,(818) 650-8142,05D2155294,Routine Chemistry,20220902,,,,
CLIA_CA_01582,"Gmi Laboratories, Llc","Gmi Laboratories, Llc",1278 E Colorado Blvd,Pasadena,CA,91106,,,,,34.145896,-118.123811,clinical,CMS_CLIA,(626) 696-3089,05D2155295,Routine Chemistry,20240214,,,,
CLIA_CA_01583,Exceptional Dermatology Care,Exceptional Dermatology Care,"2720 N Harbor Blvd, Ste 205",Fullerton,CA,92835,,,,,33.901177,-117.929079,clinical,CMS_CLIA,(714) 882-5525,05D2155924,Routine Chemistry,20251015,1699265868,DAVID SIRE,Medical Director,7148825525
CLIA_CA_01584,Spring Fertility,Spring Fertility,80 Grand Ave Ste 300,Oakland,CA,94612,,,,,37.811536,-122.265699,clinical,CMS_CLIA,(415) 964-5618,05D2157169,Routine Chemistry,20220323,,,,
CLIA_CA_01585,Beverly Hills Digestive Care,Beverly Hills Digestive Care,"240 S La Cienega Blvd, Ste 102",Beverly Hills,CA,90211,,,,,34.063577,-118.376058,clinical,CMS_CLIA,(310) 246-4100,05D2157366,Routine Chemistry,20251021,,,,
CLIA_CA_01586,Reproductive Medicine Associates Of,Reproductive Medicine Associates Of,11500 W Olympic Blvd Ste 150,Los Angeles,CA,90064,,,,,34.036421,-118.44409,clinical,CMS_CLIA,(424) 293-8841,05D2158115,Routine Chemistry,20241024,,,,
CLIA_CA_01587,Eurofins Donor & Product Testing Llc,Eurofins Donor & Product Testing Llc,4550 Norris Canyon Rd Ste 100,San Ramon,CA,94583,,,,,37.77343,-121.967757,clinical,CMS_CLIA,(855) 875-5227,05D2158182,Routine Chemistry,20221117,,,,
CLIA_CA_01588,H&M Molecular Diagnostics Llc,H&M Molecular Diagnostics Llc,"3770 Tansy St,  Ste 101",San Diego,CA,92121,,,,,32.895963,-117.219392,clinical,CMS_CLIA,(858) 258-9493,05D2158603,Routine Chemistry,20240712,,,,
CLIA_CA_01589,Hodari Md Dermatology,Hodari Md Dermatology,1178 Live Oak Blvd,Yuba City,CA,95991,,,,,39.145904,-121.620833,clinical,CMS_CLIA,(530) 342-8295,05D2159733,Routine Chemistry,20250730,1376025429,JENNIFER THOMSON,Practice Manager,5308946832
CLIA_CA_01590,West Dermatology - Arroyo Grande,West Dermatology - Arroyo Grande,"200 Station Way, Ste E",Arroyo Grande,CA,93420,,,,,35.120404,-120.578896,clinical,CMS_CLIA,(805) 202-7336,05D2160234,Routine Chemistry,20250121,,,,
CLIA_CA_01591,Comprehensive Urology,Comprehensive Urology,"8631 W 3rd St, Ste 1115E",Los Angeles,CA,90048,,,,,34.073632,-118.379877,clinical,CMS_CLIA,(310) 278-8330,05D2160862,Routine Chemistry,20240605,,,,
CLIA_CA_01592,Octapharma Plasma Inc,Octapharma Plasma Inc,118 Oak St,Bakersfield,CA,93304,,,,,35.355325,-119.038876,clinical,CMS_CLIA,(661) 578-5768,05D2161236,Routine Chemistry,20220517,,,,
CLIA_CA_01593,San Diego Digestive Disease Consultants,San Diego Digestive Disease Consultants,"8008 Frost St, Ste 200",San Diego,CA,92123,,,,,32.800297,-117.152619,clinical,CMS_CLIA,(714) 404-2371,05D2161289,Routine Chemistry,20251126,,,,
CLIA_CA_01594,Expert Dermatology,Expert Dermatology,23101 Sherman Pl Ste 520,West Hills,CA,91307,,,,,34.201183,-118.631168,clinical,CMS_CLIA,(818) 336-1853,05D2161972,Routine Chemistry,20230215,1942786850,TASNEEM POONAWALLA,President,8325412247
CLIA_CA_01595,Siamak Tabib Md Inc,Siamak Tabib Md Inc,8631 W 3rd St Ste 1015E,Los Angeles,CA,90048,,,,,34.073632,-118.379877,clinical,CMS_CLIA,(310) 963-4123,05D2162843,Routine Chemistry,20200318,1265635536,SIAMAK TABIB,President,3106524472
CLIA_CA_01596,Laguna Dermatology,Laguna Dermatology,23521 Paseo De Valencia Ste 102,Laguna Hills,CA,92653,,,,,,,clinical,CMS_CLIA,(949) 520-1815,05D2163005,Routine Chemistry,20250521,,,,
CLIA_CA_01597,Western Pathology Inc.,Western Pathology Inc.,215 Pesetas Lane,Santa Barbara,CA,93110,,,,,34.443421,-119.758496,clinical,CMS_CLIA,(805) 543-5000,05D2163759,Routine Chemistry,20250807,,,,
CLIA_CA_01598,Life Ivf Center Los Angeles,Life Ivf Center Los Angeles,"289 W Huntington Dr, Ste 400",Arcadia,CA,91007,,,,,34.135578,-118.039274,clinical,CMS_CLIA,(626) 777-1133,05D2164222,Routine Chemistry,20250326,1285446773,BENJAMIN YELIAN,Director,9497881133
CLIA_CA_01599,"James Y. Wang, Md, Inc.","James Y. Wang, Md, Inc.","888 S Figueroa St, Ste 1050",Los Angeles,CA,90017,,,,,34.046316,-118.262616,clinical,CMS_CLIA,(213) 319-3339,05D2165086,Routine Chemistry,20240815,1538640669,GABRIELLE GONZALEZ,Credentialing officer,9096844404
CLIA_CA_01600,Benjamin Basseri Md Inc,Benjamin Basseri Md Inc,"9454 Wilshire Blvd, Ste 510",Beverly Hills,CA,90212,,,,,34.066999,-118.398875,clinical,CMS_CLIA,(310) 855-5855,05D2165307,Routine Chemistry,20240625,,,,
CLIA_CA_01601,"Coastal Family Dermatology, Pc","Coastal Family Dermatology, Pc",892 Aerovista Pl Ste 120,San Luis Obispo,CA,93401,,,,,35.242233,-120.641628,clinical,CMS_CLIA,(805) 544-5567,05D2165534,Routine Chemistry,20240307,1174927073,CHRISTINE KILCLINE,M.D./Owner,8055445567
CLIA_CA_01602,Boswell Dermatology,Boswell Dermatology,6730 N West Avenue,Fresno,CA,93711,,,,,36.835763,-119.826283,clinical,CMS_CLIA,(559) 439-3000,05D2165559,Routine Chemistry,20240709,1275871972,JOHN BOSWELL,Physician,5594393000
CLIA_CA_01603,Advanced Dermatology Center,Advanced Dermatology Center,"1624 W Olive Ave, Ste B",Burbank,CA,91506,,,,,34.167889,-118.322357,clinical,CMS_CLIA,(818) 729-9149,05D2165560,Routine Chemistry,20250131,,,,
CLIA_CA_01604,Cbcc Skin And Dermatology Center,Cbcc Skin And Dermatology Center,"6401 Truxtun Ave, Ste A",Bakersfield,CA,93309,,,,,35.362343,-119.073512,clinical,CMS_CLIA,(661) 616-1671,05D2165563,Routine Chemistry,20250723,,,,
CLIA_CA_01605,Pacific Dermatology Institute,Pacific Dermatology Institute,"25405 Hancock Ave, Ste 200",Murrieta,CA,92562,,,,,33.558779,-117.1852,clinical,CMS_CLIA,(951) 200-2090,05D2166071,Routine Chemistry,20250717,1740410182,BRADLEY MUDGE,President,9513542220
CLIA_CA_01606,Pacific Dermatology Institute,Pacific Dermatology Institute,"770 Magnolia Ave, Ste 1-H",Corona,CA,92879,,,,,33.859206,-117.553906,clinical,CMS_CLIA,(951) 734-8989,05D2166072,Routine Chemistry,20250205,1740410182,BRADLEY MUDGE,President,9513542220
CLIA_CA_01607,"Ramin Ram, Md","Ramin Ram, Md",1628 S Grand Ave,Glendora,CA,91740,,,,,34.10977,-117.872404,clinical,CMS_CLIA,(818) 605-9795,05D2166073,Routine Chemistry,20250327,,,,
CLIA_CA_01608,Pacific Dermatology Institute,Pacific Dermatology Institute,"585 N Mountain Ave, Ste A",Upland,CA,91786,,,,,34.101712,-117.670247,clinical,CMS_CLIA,(909) 608-7546,05D2166468,Routine Chemistry,20250107,1740410182,BRADLEY MUDGE,President,9513542220
CLIA_CA_01609,Pacific Dermatology Institute,Pacific Dermatology Institute,"9041 Magnolia Ave, Ste 206",Riverside,CA,92503,,,,,33.925269,-117.438056,clinical,CMS_CLIA,(951) 354-2220,05D2166469,Routine Chemistry,20250812,1740410182,BRADLEY MUDGE,President,9513542220
CLIA_CA_01610,Pacific Dermatology Institute,Pacific Dermatology Institute,1666 N Waterman Ave,San Bernardino,CA,92404,,,,,34.129634,-117.278855,clinical,CMS_CLIA,(909) 886-3376,05D2166470,Routine Chemistry,20250715,1740410182,BRADLEY MUDGE,President,9513542220
CLIA_CA_01611,Pacific Dermatology Institute,Pacific Dermatology Institute,"255 Terracina Blvd, Ste 205C",Redlands,CA,92373,,,,,34.037822,-117.20541,clinical,CMS_CLIA,(909) 793-2323,05D2166471,Routine Chemistry,20250715,1740410182,BRADLEY MUDGE,President,9513542220
CLIA_CA_01612,Pacific Dermatology Institute,Pacific Dermatology Institute,"18523 Corwin Rd, Ste G",Apple Valley,CA,92307,,,,,34.540985,-117.259938,clinical,CMS_CLIA,(760) 242-3375,05D2166472,Routine Chemistry,20250721,1740410182,BRADLEY MUDGE,President,9513542220
CLIA_CA_01613,"Sasha Salloum Md Inc, A Professional Medical Corp","Sasha Salloum Md Inc, A Professional Medical Corp",1045 E Pennsylvania Ave,Escondido,CA,92025,,,,,33.128408,-117.068647,clinical,CMS_CLIA,(760) 884-4500,05D2166539,Routine Chemistry,20220810,,,,
CLIA_CA_01614,Westside Gastro Care,Westside Gastro Care,2001 Santa Monica Blvd Ste 1286-W,Santa Monica,CA,90404,,,,,,,clinical,CMS_CLIA,(310) 285-3005,05D2166863,Routine Chemistry,20230421,,,,
CLIA_CA_01615,Sunrise Diagnostics Laboratories Inc,Sunrise Diagnostics Laboratories Inc,4111 Ocean View Blvd,Montrose,CA,91020,,,,,34.209528,-118.228008,clinical,CMS_CLIA,(818) 696-8575,05D2166864,Routine Chemistry,20251112,,,,
CLIA_CA_01616,Dynacare Diagnostic,Dynacare Diagnostic,2166 Shaw Ave Ste #104,Clovis,CA,93611,,,,,36.808498,-119.673752,clinical,CMS_CLIA,(559) 862-8636,05D2167092,Routine Chemistry,20250206,1598599482,NAVDEEP GILL,CEO,5598628636
CLIA_CA_01617,James P Lin Md Inc,James P Lin Md Inc,400 E Rincon St Ste 108,Corona,CA,92879,,,,,33.886202,-117.560865,clinical,CMS_CLIA,(949) 453-8600,05D2167094,Routine Chemistry,20200918,,,,
CLIA_CA_01618,"Golden State Dermatology Associates, Inc","Golden State Dermatology Associates, Inc","370 N Wiget Ln, Ste 250",Walnut Creek,CA,94598,,,,,37.929617,-122.027658,clinical,CMS_CLIA,(925) 278-7592,05D2167095,Routine Chemistry,20201202,,,,
CLIA_CA_01619,Exer Medical Corporation,Exer Medical Corporation,"111 S Westlake Blvd, Ste 110",Westlake Village,CA,91362,,,,,34.160765,-118.823087,clinical,CMS_CLIA,(805) 557-8177,05D2167405,Routine Chemistry,20240425,,,,
CLIA_CA_01620,Billiontoone Laboratory,Billiontoone Laboratory,3200 Whipple Rd,Union City,CA,94587,,,,,37.605574,-122.079718,clinical,CMS_CLIA,(650) 666-6443,05D2167800,Routine Chemistry,20210303,1598314437,OGUZHAN ATAY,CEO,6166074884
CLIA_CA_01621,Won K Yu Md Inc,Won K Yu Md Inc,"17400 Irvine Blvd, Ste F",Tustin,CA,92780,,,,,33.748111,-117.829179,clinical,CMS_CLIA,(714) 937-9400,05D2168636,Routine Chemistry,20250915,,,,
CLIA_CA_01622,Khaldoun Debian Md Inc,Khaldoun Debian Md Inc,"17400 Irvine Blvd, Ste F",Tustin,CA,92780,,,,,33.748111,-117.829179,clinical,CMS_CLIA,(714) 937-9400,05D2168637,Routine Chemistry,20250915,,,,
CLIA_CA_01623,Afmc Diamond Lab,Afmc Diamond Lab,"1370 Valley Vista Dr, Ste 135",Diamond Bar,CA,91765,,,,,33.998532,-117.835669,clinical,CMS_CLIA,(909) 777-8888,05D2169111,Routine Chemistry,20221027,1194493007,EVELYN LEW,Administrator,9097778888
CLIA_CA_01624,Precision Pathology Medical Group Inc,Precision Pathology Medical Group Inc,"4626 Willow Rd, Ste 102",Pleasanton,CA,94588,,,,,,,clinical,CMS_CLIA,(209) 577-1200,05D2169457,Routine Chemistry,20260203,,,,
CLIA_CA_01625,Pacific Dermatology Institute,Pacific Dermatology Institute,1801 E Tahquitz Canyon Way Ste 103,Palm Springs,CA,92262,,,,,33.823084,-116.52697,clinical,CMS_CLIA,(760) 537-5561,05D2170601,Routine Chemistry,20250722,1740410182,BRADLEY MUDGE,President,9513542220
CLIA_CA_01626,San Bernardino Gastroenterology,San Bernardino Gastroenterology,"2006 N Riverside Ave, Ste C",Rialto,CA,92377,,,,,34.1374,-117.370679,clinical,CMS_CLIA,(909) 883-2999,05D2170603,Routine Chemistry,20250829,,,,
CLIA_CA_01627,"Artius Dermatology Associates, Pc","Artius Dermatology Associates, Pc",1921 N Gateway Blvd Ste 101,Fresno,CA,93727,,,,,36.768681,-119.726439,clinical,CMS_CLIA,(559) 216-0078,05D2172071,Routine Chemistry,20240711,,,,
CLIA_CA_01628,Ocean Skin And Vein Institute,Ocean Skin And Vein Institute,3661 Torrance Blvd Ste 104,Torrance,CA,90503,,,,,33.837613,-118.350976,clinical,CMS_CLIA,(310) 370-5679,05D2173012,Routine Chemistry,20240313,,,,
CLIA_CA_01629,Advanced Dermatology Care Inc,Advanced Dermatology Care Inc,48 Fenton St,Livermore,CA,94550,,,,,37.677324,-121.783369,clinical,CMS_CLIA,(925) 328-0255,05D2173013,Routine Chemistry,20260126,,,,
CLIA_CA_01630,Golden State Dermatology,Golden State Dermatology,1074 Murietta Blvd,Livermore,CA,94550,,,,,,,clinical,CMS_CLIA,(925) 443-0980,05D2173819,Routine Chemistry,20251117,,,,
CLIA_CA_01631,Asteria Laboratory,Asteria Laboratory,"8640 W 3rd St, Ste 203",Los Angeles,CA,90048,,,,,34.073524,-118.380874,clinical,CMS_CLIA,(310) 464-0231,05D2174365,Routine Chemistry,20250508,,,,
CLIA_CA_01632,University Dermatopathology,University Dermatopathology,"2220 N. Screenland Dr, Ste 102",Burbank,CA,91505,,,,,34.188755,-118.351192,clinical,CMS_CLIA,(323) 935-8800,05D2174490,Routine Chemistry,20250919,,,,
CLIA_CA_01633,Pacific Coast Gastroenterology Inc,Pacific Coast Gastroenterology Inc,"18 Endeavor, Ste 204",Irvine,CA,92618,,,,,33.666594,-117.762727,clinical,CMS_CLIA,(949) 727-2035,05D2174772,Routine Chemistry,20260223,,,,
CLIA_CA_01634,Exer Medical Corporation,Exer Medical Corporation,395 Silver Spur Rd,Palos Verdes Peninsula,CA,90274,,,,,,,clinical,CMS_CLIA,(424) 323-3500,05D2177140,Routine Chemistry,20240619,,,,
CLIA_CA_01635,Valley Dermatology And Plastic Surgery,Valley Dermatology And Plastic Surgery,"3443 Villa Lane, Ste 10",Napa,CA,94558,,,,,38.325385,-122.294137,clinical,CMS_CLIA,(707) 927-3508,05D2177603,Routine Chemistry,20250828,,,,
CLIA_CA_01636,"American Specialty Laboratory, Inc","American Specialty Laboratory, Inc","15211 Vanowen St, Ste 204",Van Nuys,CA,91405,,,,,34.193977,-118.464282,clinical,CMS_CLIA,(818) 780-3242,05D2177888,Routine Chemistry,20251209,,,,
CLIA_CA_01637,"Octapharma Plasma, Inc","Octapharma Plasma, Inc",2415 San Pablo Dam Rd Ste 300-B,San Pablo,CA,94806,,,,,37.954635,-122.331242,clinical,CMS_CLIA,(510) 374-4815,05D2178198,Routine Chemistry,20210608,,,,
CLIA_CA_01638,Encompass Health Rehabilitation Hospital,Encompass Health Rehabilitation Hospital,35470 Whitewood Rd,Murrieta,CA,92563,,,,,,,clinical,CMS_CLIA,(951) 246-6500,05D2178538,Routine Chemistry,20201124,,,,
CLIA_CA_01639,Exer Medical Corporation,Exer Medical Corporation,6440 Platt Ave,West Hills,CA,91307,,,,,34.187325,-118.64267,clinical,CMS_CLIA,(818) 946-1103,05D2178989,Routine Chemistry,20240620,,,,
CLIA_CA_01640,Tpmg Fresno Mohs Laboratory,Tpmg Fresno Mohs Laboratory,"7300 N Fresno St, Oak Bldg Fl 3",Fresno,CA,93720,,,,,36.841113,-119.78232,clinical,CMS_CLIA,(559) 448-5233,05D2179672,Routine Chemistry,20220519,,,,
CLIA_CA_01641,Innovative Pathology Medical Group,Innovative Pathology Medical Group,21250 Hawthorne Blvd Ste 800,Torrance,CA,90503,,,,,33.836389,-118.35322,clinical,CMS_CLIA,(310) 339-5495,05D2180074,Routine Chemistry,20250509,1699385468,ALFRED LUI,President,3103395495
CLIA_CA_01642,Incinta Fertility Center,Incinta Fertility Center,"21545 Hawthorne Blvd, Pavilion B",Torrance,CA,90503,,,,,33.833241,-118.353039,clinical,CMS_CLIA,(424) 212-4087,05D2180113,Routine Chemistry,20221209,1609416700,DANIEL SIKICH,Practice Manager,3104080479
CLIA_CA_01643,Exer Medical Corporation,Exer Medical Corporation,359 Carmen Dr,Camarillo,CA,93010,,,,,34.219823,-119.050889,clinical,CMS_CLIA,(805) 914-5592,05D2180115,Routine Chemistry,20210420,,,,
CLIA_CA_01644,Salar Hazany Md Inc,Salar Hazany Md Inc,"421 N Rodeo Dr, 2nd Flr, Ste T-13",Beverly Hills,CA,90210,,,,,34.069592,-118.403404,clinical,CMS_CLIA,(310) 571-8435,05D2180720,Routine Chemistry,20260205,1093667909,SALAR HAZANY,President,2109002293
CLIA_CA_01645,Eiv Diagnostics,Eiv Diagnostics,"1477 E Shaw Ave, Ste 170",Fresno,CA,93710,,,,,36.808534,-119.761551,clinical,CMS_CLIA,(559) 777-7117,05D2181132,Routine Chemistry,20250314,,,,
CLIA_CA_01646,"Foot And Ankle Concepts, Inc.","Foot And Ankle Concepts, Inc.",2100 Solar Dr Ste 102,Oxnard,CA,93036,,,,,34.220651,-119.144819,clinical,CMS_CLIA,(805) 988-3338,05D2181230,Routine Chemistry,20220428,,,,
CLIA_CA_01647,"Symbiotica, Inc.","Symbiotica, Inc.",183 Butcher Rd Ste C,Vacaville,CA,95687,,,,,38.34404,-121.997931,clinical,CMS_CLIA,(916) 296-5666,05D2181231,Routine Chemistry,20220811,,,,
CLIA_CA_01648,Stemexpress,Stemexpress,"1743 Creekside Dr, Ste 200",Folsom,CA,95630,,,,,38.672119,-121.138978,clinical,CMS_CLIA,(530) 626-7000,05D2181681,Routine Chemistry,20251107,,,,
CLIA_CA_01649,Brio Clinical Inc,Brio Clinical Inc,"1910 S Archibald Ave, Ste U",Ontario,CA,91761,,,,,34.039044,-117.593302,clinical,CMS_CLIA,(951) 465-3500,05D2182047,Routine Chemistry,20240604,1508499393,VINCENZO SORRENTINO,CEO,9514653500
CLIA_CA_01650,National Diagnostic Laboratory,National Diagnostic Laboratory,4141 Weslin Ave,Sherman Oaks,CA,91423,,,,,34.143683,-118.431765,clinical,CMS_CLIA,(310) 717-4611,05D2182441,Routine Chemistry,20250203,,,,
CLIA_CA_01651,"Golden Coast Dermatology, Skin Cancer","Golden Coast Dermatology, Skin Cancer","26732 Crown Valley Pkwy, Ste 571",Mission Viejo,CA,92691,,,,,33.563684,-117.66473,clinical,CMS_CLIA,(949) 200-7008,05D2182444,Routine Chemistry,20250410,,,,
CLIA_CA_01652,Neogenomics Laboratories Inc.,Neogenomics Laboratories Inc.,448 W Highland Ave,Sierra Madre,CA,91024,,,,,34.164262,-118.061983,clinical,CMS_CLIA,(866) 776-5907,05D2183654,Routine Chemistry,20241008,,,,
CLIA_CA_01653,Top Rank Diagnostic Lab Llc,Top Rank Diagnostic Lab Llc,22875 Savi Ranch Pkwy Unit B,Yorba Linda,CA,92887,,,,,33.875088,-117.737033,clinical,CMS_CLIA,(945) 275-7190,05D2184501,Routine Chemistry,20220628,1821708439,SAMIUDDIN MOHAMMED,Owner,9452757190
CLIA_CA_01654,Gastroenterology And Hepatology,Gastroenterology And Hepatology,2230 Lynn Road Suite 210,Thousand Oaks,CA,91360,,,,,34.208581,-118.885122,clinical,CMS_CLIA,(808) 583-4463,05D2184866,Routine Chemistry,20231120,,,,
CLIA_CA_01655,Michael Mortazie Do,Michael Mortazie Do,368 S Glassell St,Orange,CA,92866,,,,,33.782998,-117.85317,clinical,CMS_CLIA,(714) 538-8556,05D2185459,Routine Chemistry,20240904,,,,
CLIA_CA_01656,"Hayes B. Gladstone M.D. Pc, Manteca","Hayes B. Gladstone M.D. Pc, Manteca","1660 W Yosemite, Ste 4",Manteca,CA,95337,,,,,37.797287,-121.243615,clinical,CMS_CLIA,(209) 665-3202,05D2186393,Routine Chemistry,20260128,,,,
CLIA_CA_01657,Seper Dezfoli Laboratories,Seper Dezfoli Laboratories,3816 Woodruff Ave Ste 411,Long Beach,CA,90808,,,,,33.828385,-118.116495,clinical,CMS_CLIA,(562) 257-6110,05D2186396,Routine Chemistry,20221028,,,,
CLIA_CA_01658,"Artius Dermatology Associates, Pc","Artius Dermatology Associates, Pc",2431 W March Ln Ste 100,Stockton,CA,95207,,,,,37.98519,-121.337264,clinical,CMS_CLIA,(209) 490-5050,05D2186815,Routine Chemistry,20220810,,,,
CLIA_CA_01659,Jessica Hsu Md,Jessica Hsu Md,1506 E Chapman Ave,Orange,CA,92866,,,,,33.787765,-117.837742,clinical,CMS_CLIA,(714) 538-8556,05D2187183,Routine Chemistry,20240813,,,,
CLIA_CA_01660,Golden State Dermatology Associates Inc Brentwood,Golden State Dermatology Associates Inc Brentwood,1200 Central Blvd Ste D,Brentwood,CA,94513,,,,,37.934358,-121.706161,clinical,CMS_CLIA,(925) 308-9510,05D2187186,Routine Chemistry,20220811,,,,
CLIA_CA_01661,Z Dermatology & Skin Wellness Center,Z Dermatology & Skin Wellness Center,"18800 Main St, Ste 111",Huntington Beach,CA,92648,,,,,,,clinical,CMS_CLIA,(714) 951-9119,05D2187720,Routine Chemistry,20251028,1073152112,TERESA ZAMARY,CEO,7149519119
CLIA_CA_01662,Sand Dermatology,Sand Dermatology,"3110 Chino Ave, Ste 120",Chino Hills,CA,91709,,,,,34.010689,-117.738082,clinical,CMS_CLIA,(909) 313-5111,05D2187759,Routine Chemistry,20250123,1558918441,AMANDEEP SANDHU,MD,5626594492
CLIA_CA_01663,Newport Children'S Medical Group,Newport Children'S Medical Group,16300 Sand Canyon Ave Ste 488,Irvine,CA,92618,,,,,33.661512,-117.774042,clinical,CMS_CLIA,(202) 489-9162,05D2189337,Routine Chemistry,20250729,,,,
CLIA_CA_01664,Alexanian Medical Laboratories,Alexanian Medical Laboratories,30461 Passageway Pl,Agoura Hills,CA,91301,,,,,34.149058,-118.784473,clinical,CMS_CLIA,(424) 262-0474,05D2189712,Routine Chemistry,20250611,,,,
CLIA_CA_01665,Imperial Dermatology,Imperial Dermatology,"3000 E Imperial Hwy, Ste 150",Brea,CA,92821,,,,,33.910981,-117.856681,clinical,CMS_CLIA,(714) 987-1818,05D2190007,Routine Chemistry,20250722,1710508874,ZHE HOU,President,7149871818
CLIA_CA_01666,Artius Dermatology Associates Pc,Artius Dermatology Associates Pc,296 Cottage Ave,Manteca,CA,95336,,,,,37.80098,-121.198235,clinical,CMS_CLIA,(209) 624-7006,05D2190619,Routine Chemistry,20221116,1801417316,RONALD MISTAK,CFO,3612481505
CLIA_CA_01667,"Gather Labs, Llc","Gather Labs, Llc",218 S Robertson Blvd,Beverly Hills,CA,90211,,,,,34.064574,-118.383504,clinical,CMS_CLIA,(424) 279-9665,05D2191071,Routine Chemistry,20220811,,,,
CLIA_CA_01668,"Patex Lab, Inc","Patex Lab, Inc",6450 Bellingham Ave Ste D,North Hollywood,CA,91606,,,,,34.187602,-118.39866,clinical,CMS_CLIA,(818) 762-2635,05D2191143,Routine Chemistry,20221025,,,,
CLIA_CA_01669,"Caris Mpi, Inc Dba Caris Life Sciences","Caris Mpi, Inc Dba Caris Life Sciences","4165 Executive Dr, Unit 209",La Jolla,CA,92037,,,,,32.875003,-117.216809,clinical,CMS_CLIA,(888) 979-8669,05D2191611,Routine Chemistry,20250821,,,,
CLIA_CA_01670,F Awadalla Md Pc,F Awadalla Md Pc,"27800 Medical Center Rd, Ste 220",Mission Viejo,CA,92691,,,,,33.55976,-117.664768,clinical,CMS_CLIA,(949) 545-6605,05D2191731,Routine Chemistry,20250430,1255982724,ALAN VALDES,COO,9495456605
CLIA_CA_01671,Molecular Matrix Inc,Molecular Matrix Inc,11121 Sun Center Dr Ste C,Rancho Cordova,CA,95670,,,,,38.595349,-121.270205,clinical,CMS_CLIA,(916) 376-9404,05D2191785,Routine Chemistry,20220817,,,,
CLIA_CA_01672,"Prg Technologies, Inc","Prg Technologies, Inc","1020 S Anaheim Blvd, Ste 106",Anaheim,CA,92805,,,,,33.820569,-117.908857,clinical,CMS_CLIA,(651) 269-2091,05D2193318,Routine Chemistry,20220927,1568133411,AHSAN BASEER,Technical Consultant,7144931224
CLIA_CA_01673,Mill Valley Dermatology Inc,Mill Valley Dermatology Inc,"655 Redwood Hwy Frontaage Rd, Ste 100",Mill Valley,CA,94941,,,,,,,clinical,CMS_CLIA,(415) 634-8411,05D2193834,Routine Chemistry,20230605,,,,
CLIA_CA_01674,Ameri Labpro Inc,Ameri Labpro Inc,4532 W Imperial Hwy,Inglewood,CA,90304,,,,,33.930883,-118.356017,clinical,CMS_CLIA,(310) 563-7313,05D2194937,Routine Chemistry,20231016,,,,
CLIA_CA_01675,Arbor Vita Corporation,Arbor Vita Corporation,48371 Fremont Blvd Ste 101,Fremont,CA,94538,,,,,37.466747,-121.934145,clinical,CMS_CLIA,(650) 793-3686,05D2194942,Routine Chemistry,20220706,1821057407,PETER LU,CEO,6507933686
CLIA_CA_01676,"David J Macgregor, Md","David J Macgregor, Md","450 Sutter St, Rm 1824",San Francisco,CA,94108,,,,,37.789382,-122.407803,clinical,CMS_CLIA,(415) 989-7221,05D2195084,Routine Chemistry,20250108,,,,
CLIA_CA_01677,Vesica Health Inc,Vesica Health Inc,5 Mason Ln Ste 180,Irvine,CA,92618,,,,,33.644708,-117.722191,clinical,CMS_CLIA,(510) 332-0477,05D2197032,Routine Chemistry,20220923,1578431458,CHRISTOPHER THIBODEAU,CEO,3038853719
CLIA_CA_01678,"Sollis Health La, Pc","Sollis Health La, Pc",155 N San Vincente Blvd 1st Fl,Beverly Hills,CA,90211,,,,,34.068564,-118.375032,clinical,CMS_CLIA,(310) 870-0400,05D2197767,Routine Chemistry,20260205,1013531607,SCOTT BRAUNSTEIN,Medical Director,3108700400
CLIA_CA_01679,Hodari Md Dermatology,Hodari Md Dermatology,80 Declaration Dr,Chico,CA,95973,,,,,39.771687,-121.8724,clinical,CMS_CLIA,(530) 342-8295,05D2198471,Routine Chemistry,20250717,,,,
CLIA_CA_01680,"Shahrad Radi Shamsi, Md Inc","Shahrad Radi Shamsi, Md Inc","2021 Santa Monica Blvd, Ste 325E",Santa Monica,CA,90404,,,,,,,clinical,CMS_CLIA,(310) 453-0504,05D2198807,Routine Chemistry,20251006,,,,
CLIA_CA_01681,Exer Medical Corporation,Exer Medical Corporation,4730 Lincoln Blvd,Marina Del Rey,CA,90292,,,,,33.979931,-118.43817,clinical,CMS_CLIA,(424) 352-0371,05D2199123,Routine Chemistry,20221026,,,,
CLIA_CA_01682,Santa Barbara Skin Institute Solvang,Santa Barbara Skin Institute Solvang,"2028 Village Ln, Ste 202A",Solvang,CA,93463,,,,,34.600801,-120.127452,clinical,CMS_CLIA,(805) 770-3999,05D2200013,Routine Chemistry,20250409,,,,
CLIA_CA_01683,"Inspire Diagnostics, Llc","Inspire Diagnostics, Llc",26497 Rancho Pkwy South,Lake Forest,CA,92630,,,,,33.675768,-117.673946,clinical,CMS_CLIA,(949) 868-4100,05D2203452,Routine Chemistry,20211214,,,,
CLIA_CA_01684,"Magic Owl Laboratories, Inc","Magic Owl Laboratories, Inc","513 E Lime Ave, Unit 202",Monrovia,CA,91016,,,,,34.148226,-117.993359,clinical,CMS_CLIA,(215) 715-0114,05D2207606,Routine Chemistry,20250327,,,,
CLIA_CA_01685,Medusa Pathology Inc,Medusa Pathology Inc,529 Soscol Ave,Napa,CA,94559,,,,,38.293137,-122.278522,clinical,CMS_CLIA,(707) 307-3151,05D2207793,Routine Chemistry,20250821,1629654900,BRADY FELIZ,MD,8002888325
CLIA_CA_01686,Reproductive Medicine Associates Of,Reproductive Medicine Associates Of,"4510 Executive Dr, Ste 150",San Diego,CA,92121,,,,,32.875863,-117.209972,clinical,CMS_CLIA,(858) 614-6161,05D2208444,Routine Chemistry,20250819,,,,
CLIA_CA_01687,Exer Medical Corporation,Exer Medical Corporation,8000 W Sunset Blvd Ste C110,Los Angeles,CA,90046,,,,,34.097948,-118.364565,clinical,CMS_CLIA,(213) 412-0400,05D2211263,Routine Chemistry,20221101,,,,
CLIA_CA_01688,"Csl Plasma, Inc","Csl Plasma, Inc","4135 Chicago Ave,  Ste 130",Riverside,CA,92507,,,,,33.97251,-117.348565,clinical,CMS_CLIA,(951) 877-4465,05D2211703,Routine Chemistry,20250814,,,,
CLIA_CA_01689,Doctornow,Doctornow,"9335 Reseda Blvd, Ste 100A",Northridge,CA,91324,,,,,34.239766,-118.536156,clinical,CMS_CLIA,(866) 215-7781,05D2212012,Routine Chemistry,20250313,1205410933,MICHAEL ANVAR,CEO,8662157781
CLIA_CA_01690,"Set Labs, Llc","Set Labs, Llc","6725 Mesa Ridge Rd, Ste 240",San Diego,CA,92121,,,,,32.901666,-117.174846,clinical,CMS_CLIA,(858) 472-5590,05D2212466,Routine Chemistry,20240726,,,,
CLIA_CA_01691,Biolife Plasma Services Lp,Biolife Plasma Services Lp,23727 Sunnymead Blvd,Moreno Valley,CA,92553,,,,,33.938954,-117.248523,clinical,CMS_CLIA,(951) 497-4407,05D2213540,Routine Chemistry,20230413,,,,
CLIA_CA_01692,"Randox Health California, Llc","Randox Health California, Llc","900 Wilshire Blvd, Ste 200",Santa Monica,CA,90401,,,,,34.023253,-118.493088,clinical,CMS_CLIA,(310) 869-7353,05D2213934,Routine Chemistry,20250225,1376290494,KATIE COYLE,Managing Director,3106199111
CLIA_CA_01693,"Caris Mpi, Inc","Caris Mpi, Inc",27262 Paseo Peregrino,San Juan Capistrano,CA,92675,,,,,33.46819,-117.65539,clinical,CMS_CLIA,(310) 849-6480,05D2214363,Routine Chemistry,20260121,,,,
CLIA_CA_01694,Newport Harbor Pathology,Newport Harbor Pathology,"15375 Barranca Parkway, F101",Irvine,CA,92618,,,,,33.657143,-117.736212,clinical,CMS_CLIA,(949) 680-2403,05D2214403,Routine Chemistry,20220803,,,,
CLIA_CA_01695,Oasis Advanced Gastroenterology Inc,Oasis Advanced Gastroenterology Inc,72140  Magnesia Falls Dr Unite #1,Rancho Mirage,CA,92270,,,,,33.736013,-116.404754,clinical,CMS_CLIA,(760) 895-5088,05D2214715,Routine Chemistry,20260210,,,,
CLIA_CA_01696,Tower Medical Laboratory,Tower Medical Laboratory,8631 W 3rd St Ste 815E,Los Angeles,CA,90048,,,,,34.073632,-118.379877,clinical,CMS_CLIA,(424) 340-0702,05D2216067,Routine Chemistry,20230306,,,,
CLIA_CA_01697,Nexx Gen Laboratories,Nexx Gen Laboratories,3703 Camino Del Rio S Ste 210,San Diego,CA,92108,,,,,32.777909,-117.116078,clinical,CMS_CLIA,(619) 357-7974,05D2216352,Routine Chemistry,20240820,1033880224,TODD BUNGER-MANSOR,CEO,2069998383
CLIA_CA_01698,"Caris Mpi, Inc","Caris Mpi, Inc",114 Catalonia,Irvine,CA,92618,,,,,33.702355,-117.714129,clinical,CMS_CLIA,(214) 883-5528,05D2216638,Routine Chemistry,20250701,,,,
CLIA_CA_01699,"Caris Mpi, Inc","Caris Mpi, Inc",2555 Calle Galicia Street,Santa Barbara,CA,93109,,,,,34.409361,-119.730748,clinical,CMS_CLIA,(214) 294-5612,05D2216641,Routine Chemistry,20230622,,,,
CLIA_CA_01700,Palm Valley Multi-Specialty Medical Group Pc,Palm Valley Multi-Specialty Medical Group Pc,72-650 Fred Waring Dr Ste 208,Palm Desert,CA,92260,,,,,,,clinical,CMS_CLIA,(760) 254-8600,05D2216642,Routine Chemistry,20260211,,,,
CLIA_CA_01701,"Caris Mpi, Inc","Caris Mpi, Inc",15421 Lorraine Way,Irvine,CA,92604,,,,,33.681423,-117.77949,clinical,CMS_CLIA,(214) 883-5528,05D2216872,Routine Chemistry,20250708,,,,
CLIA_CA_01702,"Caris Mpi, Inc","Caris Mpi, Inc",224 21st Street,Manhattan Beach,CA,90266,,,,,33.890878,-118.413759,clinical,CMS_CLIA,(626) 703-2154,05D2217408,Routine Chemistry,20230207,,,,
CLIA_CA_01703,Biolife Plasma Services Lp,Biolife Plasma Services Lp,1346 W Foothill Blvd,Rialto,CA,92376,,,,,34.106803,-117.397633,clinical,CMS_CLIA,(909) 546-7618,05D2217418,Routine Chemistry,20250506,,,,
CLIA_CA_01704,Exer Medical Corporation,Exer Medical Corporation,7077 Willoughby Ave Ste 3,Los Angeles,CA,90038,,,,,34.087136,-118.343152,clinical,CMS_CLIA,(323) 826-5333,05D2217603,Routine Chemistry,20230106,,,,
CLIA_CA_01705,Biolife Plasma Services Lp,Biolife Plasma Services Lp,1160 El Camino Ave,Corona,CA,92879,,,,,,,clinical,CMS_CLIA,(951) 460-4202,05D2218342,Routine Chemistry,20221201,,,,
CLIA_CA_01706,Cabio Inc,Cabio Inc,3654 E Highland Ave Ste 2,Highland,CA,92346,,,,,34.135836,-117.207718,clinical,CMS_CLIA,(818) 934-5889,05D2218754,Routine Chemistry,20220804,1023992146,ROBERT POGOSIAN,Owner,8189345889
CLIA_CA_01707,"Csl Plasma, Inc","Csl Plasma, Inc",2008-B N Riverside Ave,Rialto,CA,92377,,,,,34.137509,-117.370722,clinical,CMS_CLIA,(909) 546-8142,05D2219800,Routine Chemistry,20221222,,,,
CLIA_CA_01708,Pacifica Center For Dermatology,Pacifica Center For Dermatology,"2460 N Ponderosa Dr, Ste A117",Camarillo,CA,93010,,,,,34.241688,-119.0225,clinical,CMS_CLIA,(805) 430-0002,05D2220598,Routine Chemistry,20240425,1497392492,NICOLE FIFER,D,8054842855
CLIA_CA_01709,Convergent Genomics,Convergent Genomics,"425 Eccles Ave, 2nd Fl",South San Francisco,CA,94080,,,,,37.659075,-122.392309,clinical,CMS_CLIA,(415) 839-0077,05D2220749,Routine Chemistry,20220706,,,,
CLIA_CA_01710,Sc Medical Inc,Sc Medical Inc,27550 Newhall Ranch Rd Unit 203,Valencia,CA,91355,,,,,,,clinical,CMS_CLIA,(661) 251-6300,05D2224791,Routine Chemistry,20251217,,,,
CLIA_CA_01711,"Ernest F Ribera, Md","Ernest F Ribera, Md","1720 El Camino Real, Ste 155",Burlingame,CA,94010,,,,,,,clinical,CMS_CLIA,(650) 342-6506,05D2225356,Routine Chemistry,20250929,,,,
CLIA_CA_01712,Jp Express Laboratory Inc,Jp Express Laboratory Inc,935 S Mount Vernon Ave Ste 109,Colton,CA,92324,,,,,34.055154,-117.309231,clinical,CMS_CLIA,(909) 219-4349,05D2225408,Routine Chemistry,20230424,,,,
CLIA_CA_01713,Biolife Plasma Services Lp,Biolife Plasma Services Lp,5188 Arlington Ave,Riverside,CA,92504,,,,,33.946017,-117.416367,clinical,CMS_CLIA,(951) 373-4772,05D2226164,Routine Chemistry,20250813,,,,
CLIA_CA_01714,"Western Pathology, Inc","Western Pathology, Inc","1 Technology Dr, Ste C-523",Irvine,CA,92618,,,,,33.648511,-117.734301,clinical,CMS_CLIA,(805) 543-5000,05D2227171,Routine Chemistry,20251230,,,,
CLIA_CA_01715,Csl Plasma Inc,Csl Plasma Inc,8 N Euclid Ave Ste 8-10,National City,CA,91950,,,,,32.689695,-117.08518,clinical,CMS_CLIA,(619) 505-2414,05D2227461,Routine Chemistry,20230424,,,,
CLIA_CA_01716,First Rate Lab Llc,First Rate Lab Llc,1920 E Warner Ave Ste 3G,Santa Ana,CA,92705,,,,,33.713075,-117.840742,clinical,CMS_CLIA,(657) 439-4540,05D2228650,Routine Chemistry,20240103,1811660327,ELINELL PAMINTUAN,Administrator,9494784051
CLIA_CA_01717,Golden State Dermatology,Golden State Dermatology,"632 W 11th St, Ste 219",Tracy,CA,95376,,,,,37.739548,-121.434923,clinical,CMS_CLIA,(209) 836-2220,05D2228655,Routine Chemistry,20250205,,,,
CLIA_CA_01718,"L&L Diagnostics, Llc","L&L Diagnostics, Llc",908 N Citrus Ave,Covina,CA,91722,,,,,34.095893,-117.89011,clinical,CMS_CLIA,(626) 598-4706,05D2229525,Routine Chemistry,20240919,,,,
CLIA_CA_01719,Mobile Stat Lab,Mobile Stat Lab,450 Bauchet St,Los Angeles,CA,90012,,,,,34.059132,-118.231196,clinical,CMS_CLIA,(310) 344-2624,05D2229641,Routine Chemistry,20230511,,,,
CLIA_CA_01720,"Kan-Di-Ki, Llc  Dba Tridentcare","Kan-Di-Ki, Llc  Dba Tridentcare","175 Technology Dr, Ste 100",Irvine,CA,92618,,,,,33.664085,-117.745263,clinical,CMS_CLIA,(657) 297-0320,05D2230383,Routine Chemistry,20240827,,,,
CLIA_CA_01721,Golden State Dermatology- Turlock,Golden State Dermatology- Turlock,"1000 Delbon Ave, Ste 8",Turlock,CA,95382,,,,,37.510417,-120.837546,clinical,CMS_CLIA,(209) 226-4644,05D2230384,Routine Chemistry,20250205,,,,
CLIA_CA_01722,"First Bio Lab, Llc","First Bio Lab, Llc","17881 Sky Park Circle, Bldg 22, Unit D",Irvine,CA,92614,,,,,33.691222,-117.858672,clinical,CMS_CLIA,(949) 565-1115,05D2230697,Routine Chemistry,20230308,1386315869,ASHLIE TORRES,CEO,9495651115
CLIA_CA_01723,"Joseph Del Priore Do, Apc","Joseph Del Priore Do, Apc",3737 Moraga Ave Ste B412,San Diego,CA,92117,,,,,32.80924,-117.211282,clinical,CMS_CLIA,(858) 292-0204,05D2231225,Routine Chemistry,20230323,,,,
CLIA_CA_01724,Us Health Laboratories,Us Health Laboratories,15260 Ventura Blvd  Ste 1200,Sherman Oaks,CA,91403,,,,,34.153606,-118.465301,clinical,CMS_CLIA,(805) 801-9997,05D2232232,Routine Chemistry,20230216,1346912466,JOSHUA BAERWALD,Director,3109229135
CLIA_CA_01725,Biolife Plasma Services Lp,Biolife Plasma Services Lp,215 Philadelphia St,Pomona,CA,91766,,,,,34.033389,-117.748195,clinical,CMS_CLIA,(909) 270-4349,05D2232344,Routine Chemistry,20250213,,,,
CLIA_CA_01726,Spectrum Molecular Diagnostics Laboratory,Spectrum Molecular Diagnostics Laboratory,30151-B Avenida De Las Banderas,Rancho Santa Margarita,CA,92688,,,,,33.633904,-117.603873,clinical,CMS_CLIA,(949) 264-6102,05D2232585,Routine Chemistry,20250624,,,,
CLIA_CA_01727,"California Dermatology Group, Pc","California Dermatology Group, Pc","2323 Oak Park Ln, Ste 202",Santa Barbara,CA,93105,,,,,34.428565,-119.72457,clinical,CMS_CLIA,(805) 892-8111,05D2233364,Routine Chemistry,20230621,,,,
CLIA_CA_01728,Biomed Lab,Biomed Lab,4628 San Fernando Rd,Glendale,CA,91204,,,,,34.136147,-118.263785,clinical,CMS_CLIA,(818) 334-3244,05D2234415,Routine Chemistry,20230118,1770245151,AHSAN BASEER,AUTHORIZED PERSONNEL,7144931224
CLIA_CA_01729,"Alta Diagnostic Laboratories, Inc","Alta Diagnostic Laboratories, Inc",2212 Lincoln Ave,Altadena,CA,91001,,,,,34.183602,-118.159619,clinical,CMS_CLIA,(818) 529-5181,05D2234621,Routine Chemistry,20251002,1063180354,MAYA CHAKHALYAN,Owner,8185730434
CLIA_CA_01730,Los Angeles Hematology / Oncology,Los Angeles Hematology / Oncology,3808 W Riverside Dr Ste 302,Burbank,CA,91505,,,,,34.15253,-118.340892,clinical,CMS_CLIA,(818) 538-7040,05D2234830,Routine Chemistry,20230428,,,,
CLIA_CA_01731,"Kourosh Alexander Dastgheib, Md Inc","Kourosh Alexander Dastgheib, Md Inc",520 Superior Ave Ste 335,Newport Beach,CA,92663,,,,,33.630833,-117.928777,clinical,CMS_CLIA,(949) 236-7900,05D2235514,Routine Chemistry,20230329,,,,
CLIA_CA_01732,"Second Bio Lab, Llc","Second Bio Lab, Llc","316 E Las Tunas Dr,  Ste 206",San Gabriel,CA,91776,,,,,34.103125,-118.09633,clinical,CMS_CLIA,(818) 484-0382,05D2235749,Routine Chemistry,20230227,,,,
CLIA_CA_01733,Sollis Health Santa Monica,Sollis Health Santa Monica,2811 Wilshire Blvd Ste 850,Santa Monica,CA,90403,,,,,,,clinical,CMS_CLIA,(310) 870-0400,05D2237489,Routine Chemistry,20230815,,,,
CLIA_CA_01734,Biolife Plasma Services Lp,Biolife Plasma Services Lp,2065 E Highland Ave,San Bernardino,CA,92404,,,,,34.135804,-117.241268,clinical,CMS_CLIA,(909) 863-3025,05D2240063,Routine Chemistry,20230407,,,,
CLIA_CA_01735,Gl Ca Clia Llc,Gl Ca Clia Llc,5500 Stewart Ave Ste 108,Fremont,CA,94538,,,,,37.517771,-121.981325,clinical,CMS_CLIA,(510) 203-6087,05D2241990,Routine Chemistry,20230609,1578220026,HERJIT SINGH,CEO,8007904550
CLIA_CA_01736,Biolife Plasma Services Lp,Biolife Plasma Services Lp,2085 Montiel Rd Ste 101,San Marcos,CA,92069,,,,,33.132496,-117.118243,clinical,CMS_CLIA,(442) 286-3025,05D2242005,Routine Chemistry,20260107,,,,
CLIA_CA_01737,Biolife Plasma Services Lp,Biolife Plasma Services Lp,1960 Hacienda Dr,Vista,CA,92081,,,,,33.185522,-117.283644,clinical,CMS_CLIA,(760) 666-6018,05D2242431,Routine Chemistry,20251023,,,,
CLIA_CA_01738,Exer Medical Corporation,Exer Medical Corporation,2613 Pacific Coast Hwy,Torrance,CA,90505,,,,,33.79135,-118.332032,clinical,CMS_CLIA,(424) 625-0220,05D2242679,Routine Chemistry,20230913,,,,
CLIA_CA_01739,Macias Dermatology,Macias Dermatology,"7075 N Chestnut Ave, Ste 104",Fresno,CA,93720,,,,,36.838998,-119.736215,clinical,CMS_CLIA,(559) 431-2397,05D2243477,Routine Chemistry,20240611,,,,
CLIA_CA_01740,Tpmg San Rafael Mohs Laboratory,Tpmg San Rafael Mohs Laboratory,"99 Montecillo Rd, 4th Fl",San Rafael,CA,94903,,,,,38.004262,-122.553889,clinical,CMS_CLIA,(510) 672-1357,05D2243479,Routine Chemistry,20240912,,,,
CLIA_CA_01741,Exer Medical Corporation,Exer Medical Corporation,4121 Santa Monica Blvd Ste 103,Los Angeles,CA,90029,,,,,34.092204,-118.281961,clinical,CMS_CLIA,(213) 335-7355,05D2244548,Routine Chemistry,20230828,,,,
CLIA_CA_01742,"South West Science Labs, Llc","South West Science Labs, Llc",245 Fischer Ave Ste D5,Costa Mesa,CA,92626,,,,,33.675932,-117.880069,clinical,CMS_CLIA,(310) 694-9342,05D2244551,Routine Chemistry,20250416,,,,
CLIA_CA_01743,Halo Clinical Lab,Halo Clinical Lab,"21 Argonaut, Ste B",Aliso Viejo,CA,92656,,,,,33.593007,-117.726308,clinical,CMS_CLIA,(949) 648-6754,05D2244570,Routine Chemistry,20230313,,,,
CLIA_CA_01744,Neom Diagnostic Laboratories,Neom Diagnostic Laboratories,"2424 Torrance Blvd, Ste A",Torrance,CA,90501,,,,,33.836304,-118.327156,clinical,CMS_CLIA,(310) 963-2815,05D2245218,Routine Chemistry,20251117,1912783416,APRIL BULALACAO,CEO,3109632815
CLIA_CA_01745,Pacific Dermatology Institute Victorville,Pacific Dermatology Institute Victorville,12332 Hesperia Rd  Ste 2,Victorville,CA,92395,,,,,34.475465,-117.291471,clinical,CMS_CLIA,(442) 232-4750,05D2246388,Routine Chemistry,20260127,,,,
CLIA_CA_01746,Lab Quest,Lab Quest,17881 Sky Park Cir Ste C22,Irvine,CA,92614,,,,,33.691222,-117.858672,clinical,CMS_CLIA,(630) 201-4786,05D2246390,Routine Chemistry,20230427,,,,
CLIA_CA_01747,"Empower Fertility Labs, Llc","Empower Fertility Labs, Llc",427 W Pueblo St Ste C,Santa Barbara,CA,93105,,,,,34.429095,-119.723357,clinical,CMS_CLIA,(805) 455-6500,05D2246408,Routine Chemistry,20231219,,,,
CLIA_CA_01748,Nura Diagnostic Inc,Nura Diagnostic Inc,900 Valley View Ave Ste 9,Pasadena,CA,91107,,,,,34.163187,-118.068129,clinical,CMS_CLIA,(626) 510-6189,05D2246783,Routine Chemistry,20230417,1730834912,VARDAN GEMJIAM,President,6265106189
CLIA_CA_01749,Sierra Hematology And Oncology Medical Center,Sierra Hematology And Oncology Medical Center,"576 N Sunrise Ave, Ste 210",Roseville,CA,95661,,,,,38.758009,-121.253114,clinical,CMS_CLIA,(916) 746-7400,05D2246898,Routine Chemistry,20231023,,,,
CLIA_CA_01750,Exer Medical Corporation,Exer Medical Corporation,"18700 Ventura Blvd, Ste 220",Tarzana,CA,91356,,,,,34.170647,-118.540808,clinical,CMS_CLIA,(747) 307-3323,05D2248639,Routine Chemistry,20230914,,,,
CLIA_CA_01751,Naeem Akhtar Md Inc,Naeem Akhtar Md Inc,451 E Almond Ave Ste 103,Madera,CA,93637,,,,,36.945589,-120.052347,clinical,CMS_CLIA,(559) 673-4000,05D2250586,Routine Chemistry,20251106,1154401347,CORALIE BOHNISCH,MANAGER,5596734000
CLIA_CA_01752,Biolife Plasma Services Lp,Biolife Plasma Services Lp,7124 Broadway,Lemon Grove,CA,91945,,,,,32.742593,-117.043629,clinical,CMS_CLIA,(619) 403-5328,05D2252906,Routine Chemistry,20240820,,,,
CLIA_CA_01753,Achieve Diagnostics,Achieve Diagnostics,"3770 Tansy St,  Ste 101-A",San Diego,CA,92121,,,,,32.895963,-117.219392,clinical,CMS_CLIA,(619) 314-5883,05D2255279,Routine Chemistry,20230929,,,,
CLIA_CA_01754,Accurate Clinical Laboratory Corp,Accurate Clinical Laboratory Corp,"18800 Amar Rd, Ste C-11",Walnut,CA,91789,,,,,34.028259,-117.891705,clinical,CMS_CLIA,(626) 788-9691,05D2255280,Routine Chemistry,20230517,,,,
CLIA_CA_01755,"Stephanie J Martin, Inc","Stephanie J Martin, Inc",16550 Ventura Blvd Suite 120,Encino,CA,91436,,,,,34.157646,-118.493345,clinical,CMS_CLIA,(818) 208-9204,05D2255566,Routine Chemistry,20230914,,,,
CLIA_CA_01756,Biolife Plasma Services Lp,Biolife Plasma Services Lp,2335 S Mooney Blvd,Visalia,CA,93277,,,,,36.309217,-119.313865,clinical,CMS_CLIA,(559) 754-3404,05D2255703,Routine Chemistry,20250207,,,,
CLIA_CA_01757,Head And Neck Pathology Consultations,Head And Neck Pathology Consultations,21867 Ambar Dr,Woodland Hills,CA,91364,,,,,34.142824,-118.604191,clinical,CMS_CLIA,(818) 927-9747,05D2256274,Routine Chemistry,20231116,,,,
CLIA_CA_01758,Futuregeneration Laboratories,Futuregeneration Laboratories,"3703 Camino Del Rio S, Suite 100A-B",San Diego,CA,92108,,,,,32.777909,-117.116078,clinical,CMS_CLIA,(619) 419-0229,05D2256278,Routine Chemistry,20240502,,,,
CLIA_CA_01759,Basim Z Abdelkarim Md Inc Dba,Basim Z Abdelkarim Md Inc Dba,1310 San Bernardino Rd Ste 103,Upland,CA,91786,,,,,34.102717,-117.63308,clinical,CMS_CLIA,(909) 920-0444,05D2256519,Routine Chemistry,20230301,,,,
CLIA_CA_01760,Rma - Nor Cal - Palo Alto,Rma - Nor Cal - Palo Alto,"1900 University Ave, Ste 101",East Palo Alto,CA,94303,,,,,37.462648,-122.141694,clinical,CMS_CLIA,(415) 603-6999,05D2257277,Routine Chemistry,20250821,,,,
CLIA_CA_01761,Exer Medical Corporation,Exer Medical Corporation,5101 Lakewood Blvd,Lakewood,CA,90712,,,,,33.85052,-118.142674,clinical,CMS_CLIA,(562) 800-3883,05D2257373,Routine Chemistry,20230927,,,,
CLIA_CA_01762,"Upperline Healthcare California, Pc","Upperline Healthcare California, Pc","5565 Grossmont Center Dr, Bldg 3 Ste 510",La Mesa,CA,91942,,,,,32.779221,-117.008676,clinical,CMS_CLIA,(619) 303-7130,05D2257955,Routine Chemistry,20230711,1093399412,MICHAEL KING,President,4072195402
CLIA_CA_01763,Pacific Dermatology Institute,Pacific Dermatology Institute,"74090 El Paseo, Ste 103",Palm Desert,CA,92260,,,,,33.719929,-116.372313,clinical,CMS_CLIA,(760) 341-8244,05D2257957,Routine Chemistry,20260218,1740410182,BRADLEY MUDGE,President,9513542220
CLIA_CA_01764,William F Kivett Md Inc.,William F Kivett Md Inc.,"1140 Sonoma Ave, Ste 1A",Santa Rosa,CA,95405,,,,,38.441061,-122.700053,clinical,CMS_CLIA,(707) 291-5096,05D2259881,Routine Chemistry,20250516,,,,
CLIA_CA_01765,Exer Medical Corporation,Exer Medical Corporation,235 E 17th St,Costa Mesa,CA,92627,,,,,33.63457,-117.917626,clinical,CMS_CLIA,(949) 688-2010,05D2260326,Routine Chemistry,20240619,1588901532,CORY SPURLOCK,owner,8188802225
CLIA_CA_01766,Dialogix Laboratories,Dialogix Laboratories,"570 Nevada St, Ste K",Redlands,CA,92373,,,,,34.061904,-117.217416,clinical,CMS_CLIA,(424) 413-3906,05D2262146,Routine Chemistry,20250717,,,,
CLIA_CA_01767,Health Diagnostics Laboratories Inc,Health Diagnostics Laboratories Inc,"17835 Ventura Blvd, Ste 201",Encino,CA,91316,,,,,34.163166,-118.520881,clinical,CMS_CLIA,(747) 977-0026,05D2262493,Routine Chemistry,20230726,1457076648,FNU ABDUL HABEEB,OWNER,4698801563
CLIA_CA_01768,Biolife Plasma Services Lp,Biolife Plasma Services Lp,1129 Roseville Sq,Roseville,CA,95678,,,,,,,clinical,CMS_CLIA,(916) 839-5108,05D2263103,Routine Chemistry,20240926,,,,
CLIA_CA_01769,Nital Labs Inc,Nital Labs Inc,"6260 Laurel Canyon Blvd, Ste 205",North Hollywood,CA,91606,,,,,34.184125,-118.396375,clinical,CMS_CLIA,(818) 824-3336,05D2263447,Routine Chemistry,20240712,1407588098,RUZAN ASATRYAN,CEO,8185998444
CLIA_CA_01770,Sina Rabi Md Inc,Sina Rabi Md Inc,19100 Ventura Blvd Ste A,Tarzana,CA,91356,,,,,34.172463,-118.548397,clinical,CMS_CLIA,(818) 343-0101,05D2263783,Routine Chemistry,20230913,,,,
CLIA_CA_01771,"Csl Plasma, Inc","Csl Plasma, Inc",29 E March Lane,Stockton,CA,95207,,,,,37.996538,-121.305273,clinical,CMS_CLIA,(209) 926-2544,05D2263786,Routine Chemistry,20241010,,,,
CLIA_CA_01772,Biolife Plasma Services Lp,Biolife Plasma Services Lp,"6071 Florin Rd, Ste B-1",Sacramento,CA,95823,,,,,38.496121,-121.431565,clinical,CMS_CLIA,(279) 210-4294,05D2264819,Routine Chemistry,20240924,,,,
CLIA_CA_01773,Exer Medical Corporation,Exer Medical Corporation,2300 Wilshire Blvd Ste 104,Santa Monica,CA,90403,,,,,,,clinical,CMS_CLIA,(424) 416-7900,05D2264820,Routine Chemistry,20231213,,,,
CLIA_CA_01774,Yosemite Pathology Medical Group Inc,Yosemite Pathology Medical Group Inc,222 N Garden St Ste 110,Visalia,CA,93291,,,,,36.331663,-119.290022,clinical,CMS_CLIA,(209) 577-1200,05D2265005,Routine Chemistry,20250725,,,,
CLIA_CA_01775,Fidelity Laboratories,Fidelity Laboratories,"5901 W Olympic Blvd, Ste 413",Los Angeles,CA,90036,,,,,34.057584,-118.35991,clinical,CMS_CLIA,(323) 580-0509,05D2265200,Routine Chemistry,20240926,,,,
CLIA_CA_01776,Biolife Plasma Services Lp,Biolife Plasma Services Lp,2800 Marconi Ave,Sacramento,CA,95821,,,,,38.617912,-121.397549,clinical,CMS_CLIA,(279) 499-3280,05D2265206,Routine Chemistry,20240924,,,,
CLIA_CA_01777,Neogenomics Laboratories Inc,Neogenomics Laboratories Inc,"5 Riverpark Pl East, Ste 102",Fresno,CA,93720,,,,,36.858323,-119.786251,clinical,CMS_CLIA,(866) 766-5907,05D2265860,Routine Chemistry,20250903,1912307547,ABHISHEK JAIN,CFO,8667765907
CLIA_CA_01778,Exer Medical Corporation,Exer Medical Corporation,"20201 W Rinaldi St, Ste 110",Northridge,CA,91326,,,,,34.274928,-118.573862,clinical,CMS_CLIA,(747) 444-4901,05D2266671,Routine Chemistry,20231107,,,,
CLIA_CA_01779,Precision Clinical Laboratories,Precision Clinical Laboratories,"1304 15th St, Ste 318",Santa Monica,CA,90404,,,,,34.02604,-118.486248,clinical,CMS_CLIA,(818) 207-7409,05D2266676,Routine Chemistry,20241015,,,,
CLIA_CA_01780,Twelve Bridges Dermatology,Twelve Bridges Dermatology,"2295 Fieldstone Dr, Ste 150",Lincoln,CA,95648,,,,,38.847782,-121.286713,clinical,CMS_CLIA,(916) 909-3376,05D2266678,Routine Chemistry,20250227,,,,
CLIA_CA_01781,Biolife Plasma Services Lp,Biolife Plasma Services Lp,5636 N Blackstone Ave,Fresno,CA,93710,,,,,36.820046,-119.790294,clinical,CMS_CLIA,(559) 860-5461,05D2266825,Routine Chemistry,20240823,,,,
CLIA_CA_01782,Sollis Health San Francisco,Sollis Health San Francisco,1005 Van Ness Ave,San Francisco,CA,94109,,,,,37.785263,-122.421446,clinical,CMS_CLIA,(415) 233-9901,05D2266828,Routine Chemistry,20250417,,,,
CLIA_CA_01783,Skinwell Dermatology,Skinwell Dermatology,16030 Ventura Blvd Ste 100,Encino,CA,91436,,,,,34.156113,-118.482139,clinical,CMS_CLIA,(818) 205-9808,05D2267217,Routine Chemistry,20230726,1013475805,AVA KHOSRAVIANI,president,9494126011
CLIA_CA_01784,Rume Medical Group Inc,Rume Medical Group Inc,2729 Bristol St,Costa Mesa,CA,92626,,,,,33.67318,-117.888982,clinical,CMS_CLIA,(888) 223-7863,05D2267576,Routine Chemistry,20240422,,,,
CLIA_CA_01785,Socal Gastroenterology,Socal Gastroenterology,"10931 Cherry St, Ste 300",Los Alamitos,CA,90720,,,,,33.804046,-118.068021,clinical,CMS_CLIA,(562) 493-1011,05D2268585,Routine Chemistry,20230719,,,,
CLIA_CA_01786,Vera Dermatology,Vera Dermatology,981 W Foothill Blvd,Claremont,CA,91711,,,,,,,clinical,CMS_CLIA,(909) 667-7769,05D2269119,Routine Chemistry,20250911,,,,
CLIA_CA_01787,"Caris Mpi, Inc","Caris Mpi, Inc",618 S Vicki Ln,Anaheim,CA,92804,,,,,33.824112,-117.984006,clinical,CMS_CLIA,(888) 979-8669,05D2269564,Routine Chemistry,20240923,,,,
CLIA_CA_01788,"Golden State Dermatology Associates, Inc","Golden State Dermatology Associates, Inc",2320 Woolsey St Ste 202,Berkeley,CA,94705,,,,,37.852881,-122.260422,clinical,CMS_CLIA,(510) 486-1700,05D2269768,Routine Chemistry,20250929,,,,
CLIA_CA_01789,Contour Dermatology- Palm Springs,Contour Dermatology- Palm Springs,"558 S Paseo Dorotea, Ste 6",Palm Springs,CA,92264,,,,,33.814318,-116.501761,clinical,CMS_CLIA,(760) 423-4043,05D2270214,Routine Chemistry,20240125,,,,
CLIA_CA_01790,G & M Labtesting Inc,G & M Labtesting Inc,"7341 Foothill Kblvd, Suite 202",Tujunga,CA,91042,,,,,34.250613,-118.291767,clinical,CMS_CLIA,(818) 875-4029,05D2270788,Routine Chemistry,20241018,1457036014,GEVORG HOVHANNISYAN,PRESIDENT,7472569745
CLIA_CA_01791,Labryo Reproductive Services,Labryo Reproductive Services,"2001 Westcliff Dr, Ste 300",Newport Beach,CA,92660,,,,,33.62751,-117.907466,clinical,CMS_CLIA,(949) 891-1531,05D2271287,Routine Chemistry,20241031,1942182019,MOLLY CHU-CHEN,CEO,9498910955
CLIA_CA_01792,Sharp Rees-Stealy Medical Group Histology-Santee,Sharp Rees-Stealy Medical Group Histology-Santee,"8701 Cuyamaca St, 3rd Fl Rm 3509-64",Santee,CA,92071,,,,,32.835077,-116.983721,clinical,CMS_CLIA,(858) 231-1660,05D2271681,Routine Chemistry,20240822,,,,
CLIA_CA_01793,Carlson Surgical Dermatology Corp,Carlson Surgical Dermatology Corp,"2100 Webster St, Ste 506",San Francisco,CA,94115,,,,,37.790107,-122.432326,clinical,CMS_CLIA,(415) 226-9431,05D2271683,Routine Chemistry,20241002,1912649096,EKAMA CARLSON,Owner,4152269431
CLIA_CA_01794,"Caris Mpi, Inc Dba Caris Life Sciences","Caris Mpi, Inc Dba Caris Life Sciences",7560 E Country Side Rd,Anaheim,CA,92808,,,,,33.850557,-117.758776,clinical,CMS_CLIA,(480) 290-3507,05D2272291,Routine Chemistry,20240110,,,,
CLIA_CA_01795,The Man Clinic Culver City Medical Corporation,The Man Clinic Culver City Medical Corporation,4129 Sepulveda Blvd,Culver City,CA,90230,,,,,34.006416,-118.412574,clinical,CMS_CLIA,(310) 413-1771,05D2272841,Routine Chemistry,20240423,,,,
CLIA_CA_01796,West Dermatology - Chula Vista,West Dermatology - Chula Vista,"2300 Boswell Rd, Ste 130",Chula Vista,CA,91914,,,,,32.655149,-116.967693,clinical,CMS_CLIA,(919) 837-8902,05D2272920,Routine Chemistry,20250326,,,,
CLIA_CA_01797,Comprehensive Rheumatology Center,Comprehensive Rheumatology Center,"23067 Ventura Blvd, Ste 200",Woodland Hills,CA,91364,,,,,34.164194,-118.628235,clinical,CMS_CLIA,(818) 598-0000,05D2274036,Routine Chemistry,20251028,,,,
CLIA_CA_01798,"Lifequest Diagnostic, Inc","Lifequest Diagnostic, Inc","720 N Valley St, Ste F",Anaheim,CA,92801,,,,,33.841314,-117.95627,clinical,CMS_CLIA,(657) 777-4046,05D2274138,Routine Chemistry,20250814,,,,
CLIA_CA_01799,"Hal M Weitzbuch, Md Med Corp","Hal M Weitzbuch, Md Med Corp","1000 Newbury Rd, Ste 180",Thousand Oaks,CA,91320,,,,,34.182986,-118.903525,clinical,CMS_CLIA,(818) 222-7495,05D2274291,Routine Chemistry,20250102,,,,
CLIA_CA_01800,Sonic Diagnostic Laboratory Inc,Sonic Diagnostic Laboratory Inc,"21363 Lassen St, Ste 201",Chatsworth,CA,91311,,,,,34.250031,-118.596722,clinical,CMS_CLIA,(818) 280-3163,05D2275785,Routine Chemistry,20251029,,,,
CLIA_CA_01801,Premium Urgent Care,Premium Urgent Care,"1477 E Shaw Ave, Ste 150",Fresno,CA,93710,,,,,36.808534,-119.761551,clinical,CMS_CLIA,(559) 797-4315,05D2276902,Routine Chemistry,20250806,1073055323,ERICK GREEN,Owner,5597974315
CLIA_CA_01802,Crimson Medical Laboratories Inc,Crimson Medical Laboratories Inc,1575 N Lake Ave #100,Pasadena,CA,91104,,,,,34.172876,-118.132137,clinical,CMS_CLIA,(626) 486-2057,05D2278227,Routine Chemistry,20231003,1316782063,AHSAN BASEER,Technical Consultant / Supervisor,7144931224
CLIA_CA_01803,Genome-Based Diagnostics,Genome-Based Diagnostics,"2091 Las Palmas Dr., Suite A",Carlsbad,CA,92011,,,,,33.117167,-117.274984,clinical,CMS_CLIA,(831) 295-3272,05D2278233,Routine Chemistry,20240430,1528754603,THOMAS CRISMAN,President,8312953272
CLIA_CA_01804,California Dermatology And Mohs Surgery,California Dermatology And Mohs Surgery,"50 Bellefontaine St, Ste 202",Pasadena,CA,91105,,,,,34.131538,-118.151061,clinical,CMS_CLIA,(626) 654-3376,05D2278477,Routine Chemistry,20240125,,,,
CLIA_CA_01805,Care Oncology Center,Care Oncology Center,855 3rd Ave Ste 3330,Chula Vista,CA,91911,,,,,32.62217,-117.072342,clinical,CMS_CLIA,(619) 745-1031,05D2278647,Routine Chemistry,20251125,1366197956,RAMESH MOOLANI,CEO,6197451031
CLIA_CA_01806,California Bio Lab,California Bio Lab,18242 Mcdormott W Ste J,Irvine,CA,92614,,,,,,,clinical,CMS_CLIA,(562) 200-5054,05D2278941,Routine Chemistry,20240717,,,,
CLIA_CA_01807,Huntington Reproductive Center,Huntington Reproductive Center,55 S Lake Ave Ste 900,Pasadena,CA,91101,,,,,34.144761,-118.132412,clinical,CMS_CLIA,(626) 440-9161,05D2280259,Routine Chemistry,20240621,,,,
CLIA_CA_01808,Coastal Pacific Dermatology Inc,Coastal Pacific Dermatology Inc,"345 Saxony Rd, Ste 201",Encinitas,CA,92024,,,,,33.0536,-117.285486,clinical,CMS_CLIA,(760) 783-5502,05D2281428,Routine Chemistry,20250409,,,,
CLIA_CA_01809,Newport Diagnostics Laboratory Llc,Newport Diagnostics Laboratory Llc,18242 Mcdurmott W Ste C,Irvine,CA,92614,,,,,,,clinical,CMS_CLIA,(562) 200-5054,05D2281867,Routine Chemistry,20240717,,,,
CLIA_CA_01810,Center For Rheumatology Medical Corporation Encino,Center For Rheumatology Medical Corporation Encino,"16133 Ventura Blvd, Ste 380",Encino,CA,91436,,,,,34.156532,-118.484358,clinical,CMS_CLIA,(818) 450-5225,05D2283052,Routine Chemistry,20250416,,,,
CLIA_CA_01811,Biogene Diagnostics,Biogene Diagnostics,10842 Noel St Ate 111A,Los Alamitos,CA,90720,,,,,33.804139,-118.058731,clinical,CMS_CLIA,(562) 200-5054,05D2284039,Routine Chemistry,20240808,,,,
CLIA_CA_01812,Csl Plasma Inc,Csl Plasma Inc,7830 Macy Plaza Dr,Citrus Heights,CA,95610,,,,,38.671782,-121.27383,clinical,CMS_CLIA,(279) 277-2041,05D2284114,Routine Chemistry,20250418,,,,
CLIA_CA_01813,Quick Biology Inc,Quick Biology Inc,"800 Royal Oaks Dr, Ste 103",Monrovia,CA,91016,,,,,34.143148,-117.988553,clinical,CMS_CLIA,(323) 336-0496,05D2286116,Routine Chemistry,20241126,,,,
CLIA_CA_01814,Jh Dermatology,Jh Dermatology,436 N Bedford Dr Ste 303,Beverly Hills,CA,90210,,,,,34.068228,-118.405268,clinical,CMS_CLIA,(310) 975-9785,05D2289584,Routine Chemistry,20260225,,,,
CLIA_CA_01815,Rapid Pax Lasb Inc,Rapid Pax Lasb Inc,12444 Victory Blvd Unit 503A,North Hollywood,CA,91606,,,,,34.186618,-118.404224,clinical,CMS_CLIA,(747) 888-0803,05D2290384,Routine Chemistry,20251211,,,,
CLIA_CA_01816,Erik Kerekes Md Inc,Erik Kerekes Md Inc,"401 Old Newport Blvd, Ste 101",Newport Beach,CA,92663,,,,,33.625694,-117.927021,clinical,CMS_CLIA,(949) 321-4400,05D2290548,Routine Chemistry,20251007,,,,
CLIA_CA_01817,"Sung Md, A Professional Corporation Dba","Sung Md, A Professional Corporation Dba","616 N Garfield Ave, Ste 203",Monterey Park,CA,91754,,,,,34.068824,-118.122833,clinical,CMS_CLIA,(909) 348-2354,05D2290854,Routine Chemistry,20241204,,,,
CLIA_CA_01818,"Mammoth Path Solution, Llc","Mammoth Path Solution, Llc","20505 Crescent Bay Dr, Ste A2",Lake Forest,CA,92630,,,,,33.663671,-117.688222,clinical,CMS_CLIA,(714) 726-9565,05D2291536,Routine Chemistry,20250711,1023883576,RYAN HILTON,Owner,3053320669
CLIA_CA_01819,Anne Thai Md A Professional Corporation,Anne Thai Md A Professional Corporation,"1720 El Camino Real, Ste 135",Burlingame,CA,94010,,,,,,,clinical,CMS_CLIA,(650) 685-6105,05D2294332,Routine Chemistry,20260312,,,,
CLIA_CA_01820,Ahmad Ibrahim Md,Ahmad Ibrahim Md,"809 W Duarte Rd, Unit B",Monrovia,CA,91016,,,,,34.131778,-118.016074,clinical,CMS_CLIA,(412) 925-0701,05D2294443,Routine Chemistry,20240821,,,,
CLIA_CA_01821,Pacific Dermatology Institute,Pacific Dermatology Institute,"57463 29 Palms Hwy, Ste 201",Yucca Valley,CA,92284,,,,,34.124378,-116.410879,clinical,CMS_CLIA,(760) 365-7546,05D2294451,Routine Chemistry,20251125,1740410182,BRADLEY MUDGE,President,9513542220
CLIA_CA_01822,Biolife Plasma Services Lp,Biolife Plasma Services Lp,"40355 Winchester Rd, Ste B",Temecula,CA,92591,,,,,,,clinical,CMS_CLIA,(626) 559-8491,05D2294699,Routine Chemistry,20241017,,,,
CLIA_CA_01823,Fulgent Therapeutics Llc,Fulgent Therapeutics Llc,16 Calavera,Irvine,CA,92606,,,,,33.692048,-117.811784,clinical,CMS_CLIA,(201) 673-0083,05D2294994,Routine Chemistry,20250403,1265280325,JIAN XIE,President,6263500537
CLIA_CA_01824,Platinum Digestive Health,Platinum Digestive Health,"9481 Pittsburgh Ave, Ste 200",Rancho Cucamonga,CA,91730,,,,,34.081161,-117.55593,clinical,CMS_CLIA,(909) 655-0300,05D2295343,Routine Chemistry,20250514,1629537352,BHAVESHKUMAR PATEL,MD,9095565988
CLIA_CA_01825,Pacific Dermatology Institute,Pacific Dermatology Institute,1200 California St Ste 210,Redlands,CA,92374,,,,,34.069195,-117.226152,clinical,CMS_CLIA,(909) 789-0816,05D2295760,Routine Chemistry,20250729,1740410182,BRADLEY MUDGE,President,9513542220
CLIA_CA_01826,Tpmg Regional Genomics Laboratory,Tpmg Regional Genomics Laboratory,5901 Optical Ct,San Jose,CA,95138,,,,,37.25569,-121.784986,clinical,CMS_CLIA,(669) 386-5000,05D2296234,Routine Chemistry,20250226,,,,
CLIA_CA_01827,Biolife Plasma Services Lp,Biolife Plasma Services Lp,4611 Silva St,Lakewood,CA,90712,,,,,33.848043,-118.139532,clinical,CMS_CLIA,(909) 270-4349,05D2296379,Routine Chemistry,20240409,,,,
CLIA_CA_01828,Alpha Hormones,Alpha Hormones,"800 Fairmount Ave, Ste 323",Pasadena,CA,91105,,,,,34.132417,-118.151713,clinical,CMS_CLIA,(213) 334-4111,05D2298277,Routine Chemistry,20250422,1083237481,ROTANA TEK,CEO,2133344111
CLIA_CA_01829,Biolife Plasma Services Lp,Biolife Plasma Services Lp,"1700 Mchenry Ave, Ste 60B",Modesto,CA,95350,,,,,37.66886,-120.993922,clinical,CMS_CLIA,(350) 888-9521,05D2298698,Routine Chemistry,20260226,,,,
CLIA_CA_01830,Irvine Dermatology,Irvine Dermatology,"6865 Alton Pkwy, Ste 210",Irvine,CA,92618,,,,,33.657239,-117.770155,clinical,CMS_CLIA,(949) 800-8551,05D2303107,Routine Chemistry,20250731,1760174882,MARJON VATANCHI,Chief Medical Officer,9498008551
CLIA_CA_01831,"West Coast Fertility Centers, Llc","West Coast Fertility Centers, Llc","1127 Wilshire Blvd, Ste 1410",Los Angeles,CA,90017,,,,,34.052486,-118.26353,clinical,CMS_CLIA,(714) 513-1399,05D2304113,Routine Chemistry,20240829,,,,
CLIA_CA_01832,Thrivelab Llc,Thrivelab Llc,"23276 S Pointe Dr, Ste 101",Laguna Hills,CA,92653,,,,,33.625405,-117.72364,clinical,CMS_CLIA,(949) 749-2165,05D2304140,Routine Chemistry,20250429,1245040252,ASSAL RAD,CEO,9497492165
CLIA_CA_01833,Gold Path Inc,Gold Path Inc,"931 Buena Vista St, Ste 200",Duarte,CA,91010,,,,,34.141309,-117.977615,clinical,CMS_CLIA,(626) 514-2491,05D2305077,Routine Chemistry,20241009,,,,
CLIA_CA_01834,"David Oliak Md, Inc","David Oliak Md, Inc","255 W Central Ave, Ste 203",Brea,CA,92821,,,,,33.932212,-117.897547,clinical,CMS_CLIA,(714) 671-2005,05D2305080,Routine Chemistry,20250723,,,,
CLIA_CA_01835,"Kelly Bickle Md, Inc","Kelly Bickle Md, Inc",2001 Wilshire Blvd Ste 305,Santa Monica,CA,90403,,,,,,,clinical,CMS_CLIA,(310) 998-7230,05D2306658,Routine Chemistry,20241127,,,,
CLIA_CA_01836,Peninsula Gastrointestinal Specialists Inc,Peninsula Gastrointestinal Specialists Inc,"100 S Ellsworth Ave, Ste 507",San Mateo,CA,94401,,,,,37.569145,-122.327011,clinical,CMS_CLIA,(650) 342-7432,05D2306662,Routine Chemistry,20251204,,,,
CLIA_CA_01837,Scpmg Wildomar Trail Mohs,Scpmg Wildomar Trail Mohs,22750 Wildomar Trail,Wildomar,CA,92595,,,,,,,clinical,CMS_CLIA,(951) 353-3522,05D2307450,Routine Chemistry,20250827,,,,
CLIA_CA_01838,Prolacta Bioscience Inc,Prolacta Bioscience Inc,1800 Highland Ave,Duarte,CA,91010,,,,,34.133168,-117.966562,clinical,CMS_CLIA,(626) 626-9560,05D2307605,Routine Chemistry,20250211,,,,
CLIA_CA_01839,North Pacific Dermatology,North Pacific Dermatology,3103 Concorde Dr,Mckinleyville,CA,95519,,,,,40.968088,-124.112952,clinical,CMS_CLIA,(707) 822-3376,05D2308851,Routine Chemistry,20250813,,,,
CLIA_CA_01840,Salim M Shelby A Professional Corporation,Salim M Shelby A Professional Corporation,1320 El Capitan Dr Ste 110,Danville,CA,94526,,,,,37.785263,-121.966354,clinical,CMS_CLIA,(925) 232-0090,05D2309154,Routine Chemistry,20260304,,,,
CLIA_CA_01841,Agilent Biopharma Cdx Services Laboratory,Agilent Biopharma Cdx Services Laboratory,6392 Via Real,Carpinteria,CA,93013,,,,,34.385375,-119.487114,clinical,CMS_CLIA,(442) 359-2618,05D2309370,Routine Chemistry,20250410,,,,
CLIA_CA_01842,Cortex Lab Inc,Cortex Lab Inc,"14435 Hamlin St, Ste 200",Van Nuys,CA,91404,,,,,34.188721,-118.447311,clinical,CMS_CLIA,(818) 849-6959,05D2310314,Routine Chemistry,20250619,1295569713,ARGISHT SHAKORIAN,CEO,8188187037
CLIA_CA_01843,North Pacific Dermatology,North Pacific Dermatology,1575 Railroad Ave,Crescent City,CA,95531,,,,,41.772059,-124.183881,clinical,CMS_CLIA,(707) 822-3376,05D2311415,Routine Chemistry,20250814,,,,
CLIA_CA_01844,"Stein Dermatology, A Professional Corporation","Stein Dermatology, A Professional Corporation",1101 E Pennsylvania Ave,Escondido,CA,92025,,,,,33.128682,-117.067783,clinical,CMS_CLIA,(760) 756-5556,05D2312806,Routine Chemistry,20260126,,,,
CLIA_CA_01845,"Inform Diagnostics, Inc","Inform Diagnostics, Inc",827 Grove View Rd,Oceanside,CA,92057,,,,,33.275327,-117.260565,clinical,CMS_CLIA,(714) 813-1605,05D2313265,Routine Chemistry,20250620,,,,
CLIA_CA_01846,Tina Bhutani Jacques Md Inc,Tina Bhutani Jacques Md Inc,"595 Buckingham Way, Ste 220",San Francisco,CA,94132,,,,,37.72961,-122.478641,clinical,CMS_CLIA,(415) 333-0348,05D2313467,Routine Chemistry,20260311,,,,
CLIA_CA_01847,"Meredith A Perrin, Md","Meredith A Perrin, Md","334 S Patterson Ave, Ste 105",Santa Barbara,CA,93111,,,,,34.433602,-119.809208,clinical,CMS_CLIA,(805) 964-1514,05D2313931,Routine Chemistry,20260311,,,,
CLIA_CA_01848,"Csl Plasma, Inc","Csl Plasma, Inc",1895 Howe Ave,Sacramento,CA,95825,,,,,38.599822,-121.415361,clinical,CMS_CLIA,(916) 313-3656,05D2315771,Routine Chemistry,20251105,,,,
CLIA_CA_01849,Gastroenterology Specialists Medical Group,Gastroenterology Specialists Medical Group,19845 Lake Chabot Ste 104,Castro Valley,CA,94546,,,,,37.700099,-122.087944,clinical,CMS_CLIA,(617) 794-8967,05D2315838,Routine Chemistry,20251120,1629170998,WEI-FANG KO KO,PRESIDENT,5105374415
CLIA_CA_01850,Oceanside Diagnostics Llc,Oceanside Diagnostics Llc,"2821 Oceanside Blvd, Ste F",Oceanside,CA,92054,,,,,33.201685,-117.340734,clinical,CMS_CLIA,(858) 504-2992,05D2318147,Routine Chemistry,20251028,1649079336,MICHAEL WEIR,Partner,8585042992
CLIA_CA_01851,Pacific Pathology Diagnostics Laboratory,Pacific Pathology Diagnostics Laboratory,1322 White Oaks Rd,Campbell,CA,95008,,,,,37.269335,-121.946517,clinical,CMS_CLIA,(408) 628-4280,05D2319483,Routine Chemistry,20250806,,,,
CLIA_CA_01852,Image One,Image One,8707 Complex Dr,San Diego,CA,92123,,,,,32.830041,-117.140022,clinical,CMS_CLIA,(619) 616-2100,05D2319484,Routine Chemistry,20260102,,,,
CLIA_CA_01853,F Awadalla Md Pc,F Awadalla Md Pc,31655 Coast Hwy Ste A,Laguna Beach,CA,92651,,,,,33.502758,-117.744683,clinical,CMS_CLIA,(949) 545-6605,05D2320589,Routine Chemistry,20251223,1255982724,ALAN VALDES,COO,9495456605
CLIA_CA_01854,Pathology_Medical_Group_Of_Saint_John,Pathology_Medical_Group_Of_Saint_John,"One Technology Dr East, Ste C-523",Irvine,CA,92618,,,,,33.648511,-117.734301,clinical,CMS_CLIA,(310) 829-8101,05D2320592,Routine Chemistry,20260218,,,,
CLIA_CA_01855,Prime Dermatology And Skin Cancer Institute,Prime Dermatology And Skin Cancer Institute,30131 Town Center Dr Ste 280,Laguna Niguel,CA,92677,,,,,33.525406,-117.714691,clinical,CMS_CLIA,(949) 436-9737,05D2322787,Routine Chemistry,20260120,1891516266,MINA ZAREI,Founder,7863699146
CLIA_CA_01856,Focus Dermatopathology,Focus Dermatopathology,1 Technology Dr East Ste C-523,Irvine,CA,92618,,,,,33.648511,-117.734301,clinical,CMS_CLIA,(657) 231-2127,05D2324047,Routine Chemistry,20260227,,,,
CLIA_CA_01857,"Koushan Siami, Md Pathology Consultation","Koushan Siami, Md Pathology Consultation",47120 Dune Palms Rd Ste 109,La Quinta,CA,92253,,,,,33.707082,-116.277393,clinical,CMS_CLIA,(760) 641-9753,05D2324375,Routine Chemistry,20260317,,,,
CLIA_CA_01858,Pacific Dermatology Institute,Pacific Dermatology Institute,"16465 Sierra Lakes Pkwy, Ste 275",Fontana,CA,92336,,,,,34.138296,-117.445136,clinical,CMS_CLIA,(909) 279-1010,05D2324694,Routine Chemistry,20260122,1740410182,BRADLEY MUDGE,President,9513542220
CLIA_CA_01859,"Cohen Dermatopathology, Pc Dba Inform Diagnostics","Cohen Dermatopathology, Pc Dba Inform Diagnostics",12 Belmonte Dr,Palm Desert,CA,92211,,,,,33.750435,-116.354651,clinical,CMS_CLIA,(617) 513-2428,05D2324729,Routine Chemistry,20260212,,,,
CLIA_CA_01860,Focus Dermatopathology Satellite Office A,Focus Dermatopathology Satellite Office A,11 Almond Tree Ln,Irvine,CA,92612,,,,,,,clinical,CMS_CLIA,(657) 231-2127,05D2336039,Routine Chemistry,20260312,,,,
CLIA_CA_01861,"Mira Dx, Inc","Mira Dx, Inc",11601 Wilshire Blvd Ste 105,Los Angeles,CA,90025,,,,,34.050785,-118.459319,clinical,CMS_CLIA,(424) 387-8100,07D2006340,Routine Chemistry,20220323,,,,
CLIA_CA_01862,Miyakawa Medical Group Inc,Miyakawa Medical Group Inc,901 North Blackstone Avenue,Tulare,CA,93274,,,,,36.218076,-119.331114,clinical,CMS_CLIA,(559) 688-1992,19D0712371,Routine Chemistry,20030703,1184765471,JON MIYAKAWA,OWNER,5596881992
