source_name,source_record_id,source_url,retrieved_at,company_name,yc_slug,website_url,source_location,description,one_liner,team_size,industry,subindustry,industries,tags,batch,company_status,stage,regions,is_hiring,nonprofit,top_company,yc_object_id
Y Combinator,729,https://www.ycombinator.com/companies/ginkgo-bioworks,2026-07-29T16:08:39Z,Ginkgo Bioworks,ginkgo-bioworks,http://ginkgobioworks.com,"Boston, MA, USA",Ginkgo Bioworks is the organism company. We design custom organisms for customers across multiple markets. We build our foundries to scale the process of organism engineering using software and hardware automation. Organism engineers at Ginkgo learn from nature to develop new organisms that replace technology with biology.,Our mission is to make biology easier to engineer.,641,Healthcare,Healthcare -> Industrial Bio,"[""Healthcare"", ""Industrial Bio""]","[""Synthetic Biology"", ""Diagnostics"", ""Automation""]",Summer 2014,Public,Growth,"[""United States of America"", ""America / Canada"", ""Remote"", ""Partly Remote""]",True,False,True,729
Y Combinator,22111,https://www.ycombinator.com/companies/pardes-bio,2026-07-29T16:08:39Z,Pardes Biosciences,pardes-bio,http://www.pardesbio.com,"San Francisco, CA, USA; Remote",We make oral drugs to treat and prevent viral infections - like COVID-19.  ,We break viruses,2,Healthcare,Healthcare -> Drug Discovery and Delivery,"[""Healthcare"", ""Drug Discovery and Delivery""]","[""Biotech"", ""Therapeutics""]",Summer 2020,Public,Early,"[""United States of America"", ""America / Canada"", ""Remote"", ""Fully Remote""]",False,False,True,22111
Y Combinator,902,https://www.ycombinator.com/companies/verge-genomics,2026-07-29T16:08:39Z,Verge Genomics,verge-genomics,http://vergegenomics.com,"San Francisco, CA, USA","Verge uses artificial intelligence and human data to develop better drugs faster. Verge has an end-to-end technology-driven drug discovery and development platform, featuring one of the field’s largest and most comprehensive proprietary patient genomics datasets from human tissue. Verge uses machine learning to mine this data and develops these insights into new drugs using it’s human-centric biology and chemistry platforms. ",We use human data and AI to develop better drugs faster.,50,Healthcare,Healthcare -> Drug Discovery and Delivery,"[""Healthcare"", ""Drug Discovery and Delivery""]",[],Summer 2015,Active,Growth,"[""United States of America"", ""America / Canada"", ""Remote"", ""Partly Remote""]",True,False,False,902
Y Combinator,857,https://www.ycombinator.com/companies/shasqi,2026-07-29T16:08:39Z,Shasqi,shasqi,,"San Francisco, CA, USA; Remote","Shasqi is leading the development of therapeutics leveraging click chemistry to get active cancer treatments to tumors with its proprietary CAPAC™ platform. Our technology is based on localizing a click chemistry reagent in the tumor area, which then activates a second agent, a systemically infused protodrug. When the two 'click', a powerful localized therapy is activated at the tumor, while keeping its systemic exposure levels below toxic thresholds.",Targeting Cancer with Click Chemistry,28,Healthcare,Healthcare -> Drug Discovery and Delivery,"[""Healthcare"", ""Drug Discovery and Delivery""]","[""Biotech"", ""Therapeutics""]",Winter 2015,Active,Growth,"[""United States of America"", ""America / Canada"", ""Remote"", ""Fully Remote""]",False,False,False,857
Y Combinator,813,https://www.ycombinator.com/companies/industrial-microbes,2026-07-29T16:08:39Z,Industrial Microbes,industrial-microbes,http://imicrobes.com,"San Francisco, CA, USA; Alameda, CA, USA","At iMicrobes, we believe there are opportunities for biology to solve our biggest problems.  Our mission is to work with the world’s largest companies to use new raw materials and recycle waste for chemical production, polymers, agriculture, and space exploration. ",We design and build microbes to make chemicals greener at lower cost.,12,Healthcare,Healthcare -> Industrial Bio,"[""Healthcare"", ""Industrial Bio""]","[""Carbon Capture and Removal"", ""Bioplastic"", ""Climate""]",Winter 2015,Active,Early,"[""United States of America"", ""America / Canada"", ""Remote"", ""Partly Remote""]",False,False,False,813
Y Combinator,756,https://www.ycombinator.com/companies/numerion-labs,2026-07-29T16:08:39Z,Numerion Labs,numerion-labs,https://www.numerionlabs.ai,"San Francisco, CA, USA","Numerion Labs is an AI-native company accelerating the discovery of life-saving medicines through the development and use of cutting-edge machine learning algorithms. The company unites computational chemistry, structural biology, and medicinal chemistry to pioneer the next generation of AI-driven drug discovery platforms.",Artificial intelligence for drug discovery.,67,Healthcare,Healthcare -> Drug Discovery and Delivery,"[""Healthcare"", ""Drug Discovery and Delivery""]","[""AI-powered Drug Discovery"", ""Deep Learning"", ""Biotech"", ""Drug discovery"", ""Oncology""]",Winter 2015,Active,Growth,"[""United States of America"", ""America / Canada"", ""Remote"", ""Partly Remote""]",False,False,False,756
Y Combinator,33016,https://www.ycombinator.com/companies/gamgee,2026-07-29T16:08:39Z,Gamgee,gamgee,https://gamgee.io/,"San Francisco, CA, USA; Remote","Gamgee is building an end to end platform for personalised mRNA cancer vaccines for dogs. We sequence a dog’s tumour and healthy DNA, identify mutations unique to its cancer, and design a vaccine that teaches the immune system what to attack. We manage the entire process- from vet intake and tissue collection through genomic analysis, vaccine production, treatment and response monitoring

​Gamgee began with Rosie, founder Paul Conyngham’s dog. After surgery, chemotherapy and immunotherapy failed, Rosie was given months to live. Paul used AI and genomic analysis to identify targets in her tumour, then worked with scientists at UNSW to produce what is believed to be the first fully computationally designed mRNA cancer vaccine delivered to a dog. Following treatment, several tumours shrank significantly and her quality of life improved

​We are now turning that one off effort into a repeatable clinical system. Gamgee is running clinical trials in Australia, working with vets, oncologists and specialised laboratories, and accepting cases globally. Our goal is to make personalised cancer treatment accessible to every dog that needs it- and use each case to improve the treatment for the next",Scalable Personalised Cancer Treatment,2,Healthcare,Healthcare -> Drug Discovery and Delivery,"[""Healthcare"", ""Drug Discovery and Delivery""]","[""Biotech"", ""Genomics"", ""Oncology"", ""AI""]",Summer 2026,Active,Early,"[""United States of America"", ""America / Canada"", ""Remote"", ""Fully Remote""]",False,False,False,33016
Y Combinator,31532,https://www.ycombinator.com/companies/atlas-discovery,2026-07-29T16:08:39Z,Atlas Discovery,atlas-discovery,https://atlasdiscovery.bio,"San Francisco, CA, USA",,Predicting human response to drugs in clinical trials,3,Healthcare,Healthcare -> Drug Discovery and Delivery,"[""Healthcare"", ""Drug Discovery and Delivery""]","[""AI-powered Drug Discovery"", ""Drug discovery"", ""Biotechnology""]",Summer 2026,Active,Early,"[""United States of America"", ""America / Canada""]",False,False,False,31532
Y Combinator,31484,https://www.ycombinator.com/companies/abinitio-bio,2026-07-29T16:08:39Z,AbInitio Bio,abinitio-bio,https://www.abinitio-bio.com,"Boston, MA, USA","Abinitio Bio builds foundation models for biomanufacturing, validated against wet lab data. Our first model, Echo, predicts manufacturing outcomes more accurately than standard models, and any pharma or CDMO can adapt it to their own workflow instantly. By making process decisions that take 6-18 months today in hours, we help teams avoid the cost of delay on a single program. ",The Intelligence layer for Drug Manufacturing,2,Healthcare,Healthcare -> Drug Discovery and Delivery,"[""Healthcare"", ""Drug Discovery and Delivery""]",[],Spring 2026,Active,Early,"[""United States of America"", ""America / Canada""]",False,False,False,31484
Y Combinator,31441,https://www.ycombinator.com/companies/infera,2026-07-29T16:08:39Z,Infera,infera,https://www.infera.bio,"San Francisco, CA, USA","Describe an experiment in plain English, and Infera turns it into a validated, instrument-ready run across the equipment your lab already uses. Infera handles the protocol logic, vendor-specific scripts, data, inventory, and institutional knowledge in one system. An AI-native compiler for the lab: one system from intent to execution.",Control lab instruments with natural language.,2,Healthcare,Healthcare -> Industrial Bio,"[""Healthcare"", ""Industrial Bio""]","[""SaaS"", ""B2B"", ""Biotech"", ""Automation"", ""AI""]",Spring 2026,Active,Early,"[""United States of America"", ""America / Canada""]",False,False,False,31441
Y Combinator,31225,https://www.ycombinator.com/companies/ditto-biosciences,2026-07-29T16:08:39Z,Ditto Biosciences,ditto-biosciences,https://www.dittobio.com/,"San Francisco, CA, USA","Ditto Bio discovers drugs for autoimmune diseases by harnessing parasite biology. Viruses, ticks, and worms have experimented over millions of years to create proteins that control the human immune system. We use AI to identify these proteins and engineer them into next-generation autoimmune therapies.

Our team is three PhD scientists from UCSF, UCSD, and UC Berkeley who have worked together for 3+ years in biotech. We have deep expertise in parasite biology, computational biology, and software for AI-based protein structure prediction",Evolutionary intelligence for autoimmune disease,3,Healthcare,Healthcare -> Drug Discovery and Delivery,"[""Healthcare"", ""Drug Discovery and Delivery""]",[],Winter 2026,Active,Early,"[""United States of America"", ""America / Canada""]",False,False,False,31225
Y Combinator,31113,https://www.ycombinator.com/companies/celltype,2026-07-29T16:08:39Z,CellType,celltype,https://www.celltype.com,"New York City, NY, USA","CellType is building an agentic drug company. AI agents that run the full drug discovery pipeline on top of biological foundation models that simulate human biology. Our core technology, developed with Google DeepMind, has already discovered and validated a new cancer treatment signal. We’re working with Top 10 pharma.",The agentic drug company. We simulate human biology.,2,Healthcare,Healthcare -> Drug Discovery and Delivery,"[""Healthcare"", ""Drug Discovery and Delivery""]",[],Winter 2026,Active,Early,"[""United States of America"", ""America / Canada""]",True,False,False,31113
Y Combinator,31108,https://www.ycombinator.com/companies/strand-ai,2026-07-29T16:08:39Z,Strand AI,strand-ai,https://strandai.com,"San Francisco, CA, USA","Strand AI develops foundation models to generate missing bio-data about patients. With this imputed data, pharmaceutical companies can select better patients for their drug trials and shave months from their drug launch timelines. We’ve already trained a multimodal foundation model that integrates spatial biology modalities, beating SOTA at a fraction of the cost.",Multimodal foundation models to predict uncollected patient biology,2,Healthcare,Healthcare -> Drug Discovery and Delivery,"[""Healthcare"", ""Drug Discovery and Delivery""]",[],Winter 2026,Active,Early,"[""United States of America"", ""America / Canada""]",False,False,False,31108
Y Combinator,31064,https://www.ycombinator.com/companies/origin-bio,2026-07-29T16:08:39Z,Origin,origin-bio,https://origin.bio/,"San Francisco, CA, USA",Creating the largest patient-derived cancer single-cell dataset for licensing to pharmaceutical and AI companies. These datasets are unique as they screen the effects of various drugs and genetic medicines under the control of our DNA switches.,AI and Data for Cancer Therapeutics,4,Healthcare,Healthcare -> Drug Discovery and Delivery,"[""Healthcare"", ""Drug Discovery and Delivery""]",[],Winter 2026,Active,Early,"[""United States of America"", ""America / Canada""]",False,False,False,31064
Y Combinator,30970,https://www.ycombinator.com/companies/exonic,2026-07-29T16:08:39Z,Exonic,exonic,https://exonic.ai,"San Francisco, CA, USA","What if you could train a biological foundation model on... the entire internet?

Exonic is pioneering a new generation of biological foundation models, focused on heterogeneous, unstructured, and noisy datasets.

Our first application is the design of safer gene therapies.

In 2025, we used AI to set a new state of the art in liver cancer targeted gene therapy, validated in vitro in our lab in San Francisco.

So far in 2026, we have trained a new model with unprecedented zero-shot generalization on genomic regulatory expression in hold-out biosample datasets. More to be shared soon.
",Unsupervised Biological AI,3,Healthcare,Healthcare -> Drug Discovery and Delivery,"[""Healthcare"", ""Drug Discovery and Delivery""]",[],Fall 2025,Active,Early,"[""United States of America"", ""America / Canada""]",True,False,False,30970
Y Combinator,30747,https://www.ycombinator.com/companies/convexia,2026-07-29T16:08:39Z,Convexia,convexia,https://convexia.bio,"San Francisco, CA, USA","An AI-maximalist pharma platform. We use agents to buy drugs, run clinical trials, and sell for a profit. 10x faster and 20x leaner than incumbents.

Sourcing Agent: Mines public/private databases and unstructured global data to surface overlooked preclinical candidates.
Scientific Agent: Runs comp bio models (ESM-3, RFdiffusion, Boltz-2, AlphaFold) to assess safety and efficacy in silico.
Commercial Agent: Analyzes FDA incentives, pricing dynamics, TAM, competitive landscape, and payer alignment.
Clinical Agent: Runs digital twin simulations, evaluates CRO/CMC risk, and builds trial plans to Phase 1.
PoS Agent: Evaluates the most critical factors that impact the likelihood of clinical trial success. 

Built by 2 Stanford CS students who have built 3 startups together before. ",The world's first AI-maximalist pharma company,4,Healthcare,Healthcare -> Drug Discovery and Delivery,"[""Healthcare"", ""Drug Discovery and Delivery""]","[""AI-powered Drug Discovery"", ""Biotech"", ""Drug Delivery""]",Summer 2025,Active,Early,"[""United States of America"", ""America / Canada""]",True,False,False,30747
Y Combinator,30702,https://www.ycombinator.com/companies/twentytwo,2026-07-29T16:08:39Z,TwentyTwo,twentytwo,https://twentytwo.bio/,"New York City, NY, USA","AI is making biology easy to engineer. Life-saving drugs and therapies are accelerating, but so is the ability for bad actors to create a pandemic. TwentyTwo is working on the defensive stack to prevent the next pandemic.",AI infrastructure for biosecurity,3,Healthcare,Healthcare -> Industrial Bio,"[""Healthcare"", ""Industrial Bio""]","[""Artificial Intelligence"", ""Synthetic Biology"", ""Biotech"", ""Compliance"", ""Security""]",Summer 2025,Active,Early,"[""United States of America"", ""America / Canada""]",False,False,False,30702
Y Combinator,30689,https://www.ycombinator.com/companies/b12-labs,2026-07-29T16:08:39Z,b12 Labs,b12-labs,https://b12-labs.com/,"San Francisco, CA, USA","b12 makes high-value molecules that are otherwise hard to make. We help pharma companies plan and make new drugs, accelerating early-stage drug discovery from years to months.

Andres built the first AI agent that can autonomously think and make molecules in a robotic lab, published in Nature Machine Intelligence (1000+ citations), and won the best paper award at the NeurIPS AI for Science conference.
Zlatko is a 3x National Chemistry Olympiad champion, competed at IChO level, and medicinal chemist who has worked at Roche and leading lab robotics companies. 

Combined, we have an extensive network of hundreds of chemists, automation scientists, and AI 4 Science researchers.

We run paid pilots with big pharma companies, demonstrating that our platform planned a set of experiments that achieved full conversion in a single attempt, eliminating the iteration cycle.",Making hard molecules for Pharma and Biotech,3,Healthcare,Healthcare -> Drug Discovery and Delivery,"[""Healthcare"", ""Drug Discovery and Delivery""]","[""AI-powered Drug Discovery"", ""Robotics""]",Summer 2025,Active,Early,"[""United States of America"", ""America / Canada""]",True,False,False,30689
Y Combinator,30613,https://www.ycombinator.com/companies/blank-bio,2026-07-29T16:08:39Z,Blank Bio,blank-bio,http://blank.bio/,"San Francisco, CA, USA","Blank Bio is an applied AI research lab focused on increasing the success rates of clinical trials. We do this by training RNA foundation models that learn the patterns that shape disease progression and patient response to treatment. We aim to help pharma make more informed decisions in clinical trials by capturing the biology that makes each patient’s tumour unique. 

We’re a technical team of AI scientists and engineers from companies including Recursion, Deep Genomics, DeepMind, and Amazon, and institutions including Memorial Sloan Kettering Cancer Centre, Stanford, and the Vector Institute.",RNA intelligence for precision medicine,6,Healthcare,Healthcare -> Therapeutics,"[""Healthcare"", ""Therapeutics""]",[],Summer 2025,Active,Early,"[""United States of America"", ""America / Canada""]",True,False,False,30613
Y Combinator,29986,https://www.ycombinator.com/companies/exin-therapeutics,2026-07-29T16:08:39Z,Exin Therapeutics,exin-therapeutics,https://www.exintherapeutics.com/,"San Francisco, CA, USA","We use AI and high-throughput mouse studies to discover therapeutics that modify neural activity in the brain. The initial focus is on epilepsies associated with autism and Parkinson’s disease with the potential to expand to any neurological disorder underlined by a dysfunction in neural activity. Our R&D is guided by AI models trained on high-density multimodal mouse data generated in-house.

We are 3 Oxford-trained neuroscientists supported by an experienced SAB from Harvard, Science Corp (ex-Neuralink), EPFL, Meta, and UCL.

In 1.5 months since landing in SF, we went from nothing to (1) opening and operating an animal lab in South SF, (2) obtaining a proof-of-concept in mice, (3) building a multimodal AI model that directs our screening approach and (4) submitting two provisional patents; all while utilizing less than 50% of our YC funding. 
",AI drug discovery platform for neurotherapeutics,9,Healthcare,Healthcare -> Therapeutics,"[""Healthcare"", ""Therapeutics""]","[""Neurotechnology"", ""Biotech"", ""Therapeutics""]",Winter 2025,Active,Early,"[""United States of America"", ""America / Canada""]",False,False,False,29986
Y Combinator,29959,https://www.ycombinator.com/companies/uncommon-therapeutics,2026-07-29T16:08:39Z,Uncommon Therapeutics,uncommon-therapeutics,https://uncommontherapeutics.com,"San Francisco, CA, USA","Our founder Noah, an experienced tech entrepreneur, was directly impacted by a severe genetic disease when his daughter was diagnosed with Rett Syndrome, a disease that afflicts 1 in 10,000 girls. Using an innovative polytherapy strategy, we’ve successfully improved her quality of life, and have designed new therapeutics that each could be worth billions and together could deliver a cure.","A Disease Focused Biotech, Building Multiple Billion Dollar Drugs",2,Healthcare,Healthcare -> Therapeutics,"[""Healthcare"", ""Therapeutics""]","[""Gene Therapy"", ""CRISPR"", ""Biotechnology""]",Winter 2025,Active,Early,"[""United States of America"", ""America / Canada"", ""Remote"", ""Partly Remote""]",False,False,False,29959
Y Combinator,29749,https://www.ycombinator.com/companies/biocartesian,2026-07-29T16:08:39Z,Biocartesian,biocartesian,https://www.biocartesian.com,"Philadelphia, PA, USA","Finding new cures requires seeing what and where the abnormal molecules are in a diseased tissue, but current tools see less than 1% of those molecules. Biocartesian combines microscopy and new chemistries to see 50X more, offering unprecedented insights into disease biology and new therapies.",Converting biology into digital molecular maps,2,Healthcare,Healthcare -> Drug Discovery and Delivery,"[""Healthcare"", ""Drug Discovery and Delivery""]","[""Hard Tech"", ""B2B"", ""Biotech"", ""Diagnostics"", ""Drug discovery""]",Summer 2024,Active,Early,"[""United States of America"", ""America / Canada""]",False,False,False,29749
Y Combinator,29714,https://www.ycombinator.com/companies/kopra-bio,2026-07-29T16:08:39Z,Kopra Bio,kopra-bio,https://kopra.bio,"San Francisco, CA, USA","Kopra Bio makes genetically engineered viruses that teach your immune system to kill cancer using tech we developed at UCSF. We’re making the next Keytruda ($25B/yr cancer drug blockbuster) starting with the most aggressive form of brain cancer, glioblastoma. In the most challenging brain cancer model, we improve survival from 0% with the current FDA approved treatment to 90% with our treatment.",Genetically engineered viruses that teach your immune system to kill…,2,Healthcare,Healthcare -> Therapeutics,"[""Healthcare"", ""Therapeutics""]","[""Gene Therapy"", ""Synthetic Biology"", ""Biotech"", ""Therapeutics"", ""Oncology""]",Summer 2024,Active,Early,"[""United States of America"", ""America / Canada"", ""Remote"", ""Partly Remote""]",False,False,False,29714
Y Combinator,29532,https://www.ycombinator.com/companies/angstrom-ai,2026-07-29T16:08:39Z,Ångström AI,angstrom-ai,https://www.angstrom-ai.com,"San Francisco, CA, USA","Angstrom AI builds GenAI-based molecular simulations to substitute wet lab experiments in the pre-clinical drug development pipeline. We are a team of 2 PhD's and 2 Professors from the University of Cambridge who decided to start a company together after we realised how to combine breakthoughs in our research in quantum-accurate models of physics and generative AI models.

Our Biotech/Pharma clients can verify the efficacy and safety of new drug candidates using our computer simulations, which match the accuracy of wet lab experiments, but are over 100x faster. We achieve this accuracy by constraining our genAI-based simulations to obey the laws of physics, avoiding the hallucinations seen in other GenAI technologies.

Since joining YC, Angstrom AI has developed the first physically accurate gen-AI based simulation of multiple molecules interacting. We have published the first molecule water solubility results with accuracy within the error range of wet lab experiments. We have also kicked-off a 150K pilot project with a pharma company to apply our tech to estimating solubility in their drug development pipeline.",Gen AI molecular simulations that reproduce wetlab results,5,Healthcare,Healthcare -> Drug Discovery and Delivery,"[""Healthcare"", ""Drug Discovery and Delivery""]","[""AI-powered Drug Discovery"", ""Artificial Intelligence"", ""Biotech"", ""Drug discovery"", ""AI""]",Summer 2024,Active,Early,"[""United States of America"", ""America / Canada"", ""Remote"", ""Partly Remote""]",False,False,False,29532
Y Combinator,29527,https://www.ycombinator.com/companies/parcelbio,2026-07-29T16:08:39Z,ParcelBio,parcelbio,https://parcelbio.com/,"San Francisco, CA, USA","ParcelBio is engineering a new class of mRNA medicines designed to deliver unprecedented potency and durability. Its proprietary APEXm™ platform uses novel RNA domains to enhance protein expression and extend activity, enabling therapies that reach the thresholds required for meaningful, and potentially curative, clinical outcomes. The company is advancing programs in autoimmune disease, oncology, and encoded protein therapeutics.",Elevated mRNA for transformative medicines.,6,Healthcare,Healthcare -> Therapeutics,"[""Healthcare"", ""Therapeutics""]","[""Gene Therapy"", ""Synthetic Biology"", ""Biotech"", ""Therapeutics"", ""Drug discovery""]",Winter 2024,Active,Early,"[""United States of America"", ""America / Canada""]",False,False,False,29527
Y Combinator,29485,https://www.ycombinator.com/companies/granza-bio,2026-07-29T16:08:39Z,Granza Bio,granza-bio,https://www.granzabio.com/,"San Francisco, CA, USA","Granza Bio is developing programmable therapeutics for the immune system. Our platform is built on the foundational discovery of immune “superkiller” attack particles — the natural ammunition used by cytotoxic immune cells to deliver potent, localized killing. By re-arming exhausted immune cells with newly programmed ammunition, Granza restores and enhances immune function. This approach enables a new class of treatments with the potential to transform diseases ranging from cancer to autoimmunity. ",Building programmable therapeutics for the immune system,7,Healthcare,Healthcare -> Therapeutics,"[""Healthcare"", ""Therapeutics""]","[""Synthetic Biology"", ""Biotech"", ""Healthcare"", ""Therapeutics"", ""Oncology""]",Winter 2024,Active,Early,"[""United States of America"", ""America / Canada""]",False,False,False,29485
Y Combinator,29476,https://www.ycombinator.com/companies/junction-bioscience,2026-07-29T16:08:39Z,Junction Bioscience,junction-bioscience,https://www.junction.bio/,"New York City, NY, USA",Junction Bioscience is building an autonomous AI scientist to navigate the discovery of transformative medicines. Our scientific hypothesis engine iterates upon breakthrough chemistry from the laboratory to achieve clarity and control over the molecular basis of disease. We focus on the intersection of neuroinflammation and immunology where uncommon molecular insights position us to develop best-in-class therapies for millions of patients in need.,AI Hypothesis Engine for Molecular Discovery,,Healthcare,Healthcare -> Therapeutics,"[""Healthcare"", ""Therapeutics""]",[],Winter 2024,Active,Early,"[""United States of America"", ""America / Canada"", ""Remote"", ""Partly Remote""]",False,False,False,29476
Y Combinator,29470,https://www.ycombinator.com/companies/eris-biotech,2026-07-29T16:08:39Z,Eris Biotech,eris-biotech,http://www.erisbio.com,"Lehi, UT, USA","We are developing cancer therapeutics using small molecules that inhibit immune suppression. Our drugs engage the immune system to aggressively fight tumors. Our therapeutic portfolio addresses a range of solid tumors, starting with mesothelioma. ",Our drugs engage the immune system to fight tumors,2,Healthcare,Healthcare -> Therapeutics,"[""Healthcare"", ""Therapeutics""]","[""Biotech"", ""Therapeutics"", ""Drug discovery"", ""Oncology""]",Winter 2024,Active,Early,"[""United States of America"", ""America / Canada""]",False,False,False,29470
Y Combinator,29429,https://www.ycombinator.com/companies/velorum-therapeutics,2026-07-29T16:08:39Z,Velorum Therapeutics,velorum-therapeutics,https://www.velorumtx.com/,"San Francisco, CA, USA",Velorum Therapeutics is developing breakthrough medicines by unlocking the biology of heme.,Breakthrough medicines unlocking the biology of heme,5,Healthcare,Healthcare -> Therapeutics,"[""Healthcare"", ""Therapeutics""]","[""Biotech"", ""Healthcare"", ""Therapeutics"", ""Drug discovery"", ""Oncology""]",Winter 2024,Active,Early,"[""United States of America"", ""America / Canada""]",False,False,False,29429
Y Combinator,29412,https://www.ycombinator.com/companies/ligo-biosciences,2026-07-29T16:08:39Z,Ligo Biosciences,ligo-biosciences,https://www.ligo.bio,"San Francisco, CA, USA","We are building the next generation of deep-learning models for enzyme design to slash the cost of chemical manufacturing. The $6 trillion chemical industry is flawed: It produces 20% of industrial greenhouse gases, and is responsible for 15% of global energy usage. 

Enzymes offer a far more sustainable alternative to chemical synthesis and have already revolutionised how a select few chemicals are produced. The problem is each enzyme takes years of trial and error to develop. Our enzyme models learn the principles of catalysis, allowing us to design enzymes for each reaction, in days not years. 
",Enzyme design models.,4,Healthcare,Healthcare -> Industrial Bio,"[""Healthcare"", ""Industrial Bio""]","[""Artificial Intelligence"", ""Deep Learning"", ""Synthetic Biology"", ""Biotech"", ""Climate""]",Summer 2024,Active,Early,"[""United States of America"", ""America / Canada""]",False,False,False,29412
Y Combinator,29406,https://www.ycombinator.com/companies/acx,2026-07-29T16:08:39Z,ACX,acx,https://www.acxtherapeutics.com/,"New York City, NY, USA","ACX is developing a new standard for precision agriculture technologies by providing sustainable, eco-friendly alternatives to chemical pesticides. Our mission is to transform agriculture through sustainable biological crop protection that increases yields while safeguarding the environment, farmers, and consumers.
",Next-generation biocides for sustainable agriculture at scale,4,Healthcare,Healthcare -> Industrial Bio,"[""Healthcare"", ""Industrial Bio""]","[""Synthetic Biology"", ""Biotech"", ""Healthcare"", ""Agriculture"", ""Drug discovery""]",Summer 2024,Active,Early,"[""United States of America"", ""America / Canada""]",False,False,False,29406
Y Combinator,29305,https://www.ycombinator.com/companies/synsorybio,2026-07-29T16:08:39Z,SynsoryBio,synsorybio,https://www.synsorybio.com/,"Boston, MA, USA","SynsoryBio is creating next generation, protein therapeutics that sense where they are in the body and only activate at diseased tissue. This technology platform has the potential to expand the therapeutic window of highly potent drugs and apply to many diseases such as cancer and autoimmune disorders.","""If-then"" conditional logic for protein drugs",2,Healthcare,Healthcare -> Therapeutics,"[""Healthcare"", ""Therapeutics""]","[""Synthetic Biology"", ""Biotech"", ""Therapeutics"", ""Oncology""]",Winter 2024,Active,Early,"[""United States of America"", ""America / Canada""]",False,False,False,29305
Y Combinator,29051,https://www.ycombinator.com/companies/nanograb,2026-07-29T16:08:39Z,Nanograb,nanograb,https://nanograb.com,"San Francisco, CA, USA",Nanograb is a computational drug discovery company that uses AI to create novel targeted non-viral gene therapy vectors. Our platform designs unique combinations of small peptide binders attached to nanoparticles to safely deliver genetic medicines to specific cells and tissues in the body at scale. ,Deliver genes to any cell with AI,5,Healthcare,Healthcare -> Drug Discovery and Delivery,"[""Healthcare"", ""Drug Discovery and Delivery""]","[""AI-powered Drug Discovery"", ""Nanomedicine"", ""Biotech"", ""Drug Delivery"", ""Therapeutics""]",Summer 2023,Active,Early,"[""United States of America"", ""America / Canada""]",False,False,False,29051
Y Combinator,28425,https://www.ycombinator.com/companies/pando-bioscience,2026-07-29T16:08:39Z,Pando Bioscience,pando-bioscience,https://pando.bio/,"Boston, MA, USA","Pando is an AI-driven synthetic biology company revolutionizing enzyme engineering for the pharmaceutical industry. Our ultra-high-throughput screening platform screens 1000-fold more enzymes 75% faster and 80% cheaper than traditional methods. This empowers our generative AI to efficiently optimize enzymes across multiple properties, delivering high-performing, tailored enzymes that reduce costs and enhance efficiency.",Gen-AI Designed Enzymes for Pharmaceutical Innovation,5,Healthcare,Healthcare -> Industrial Bio,"[""Healthcare"", ""Industrial Bio""]","[""Generative AI"", ""Synthetic Biology"", ""Biotech"", ""Diagnostics""]",Winter 2023,Active,Early,"[""United States of America"", ""America / Canada""]",False,False,False,28425
Y Combinator,28205,https://www.ycombinator.com/companies/modulari-t,2026-07-29T16:08:39Z,Modulari-T,modulari-t,https://modularit.bio,"Montreal, QC, Canada; San Francisco, CA, USA","Cell and gene therapy promises to one day cure any disease; Modulari-T’s Platform produces the tools to fulfill that promise.

Modulari-T has designed a new family of synthetic genes that can reprogram cells to better sense their environment and modify their behavior accordingly. This can be used to engineer immune cells to efficiently recognize and kill cancer cells or to create stem cells able to regenerate any tissue.

Modulari-T looks to expand its technology to reach every area of cell therapy and become the platform of reference for cell engineering.",We teach your immune system to attack and cure cancer,4,Healthcare,Healthcare -> Therapeutics,"[""Healthcare"", ""Therapeutics""]","[""Gene Therapy"", ""Cell Therapy"", ""Synthetic Biology"", ""Biotech"", ""Oncology""]",Winter 2023,Active,Early,"[""Canada"", ""United States of America"", ""America / Canada""]",False,False,False,28205
Y Combinator,28158,https://www.ycombinator.com/companies/adventris-pharmaceuticals,2026-07-29T16:08:39Z,Adventris Pharmaceuticals,adventris-pharmaceuticals,https://adventris.com,"Baltimore, MD, USA","Adventris makes cancer vaccines. Our platform solves the problem of targeting poorly immunogenic oncogenes. Our first ""off-the-shelf"" vaccine targets KRAS, the most common cancer oncogene. In the long run, we envision a world where every adult receives our pan-cancer vaccines annually – preventing the majority of cancer deaths.

If you are interested in learning more about our approach to treat and prevent cancer, please reach out to us at contact@adventris.com",Adventris makes cancer vaccines,7,Healthcare,Healthcare -> Drug Discovery and Delivery,"[""Healthcare"", ""Drug Discovery and Delivery""]","[""Biotech"", ""Healthcare"", ""Therapeutics"", ""Drug discovery"", ""Oncology""]",Winter 2023,Active,Early,"[""United States of America"", ""America / Canada"", ""Remote"", ""Partly Remote""]",False,False,False,28158
Y Combinator,28112,https://www.ycombinator.com/companies/persist-ai,2026-07-29T16:08:39Z,Persist AI,persist-ai,http://www.persist-ai.com,"Sacramento, CA, USA","It takes 5 years for pharma to develop long lasting drug injections for chronic diseases like cancer and diabetes. Persist uses AI-driven automation to reduce formulation development time down to 2 years, a ~50% reduction.",Developing long-lasting drug formulations 50% faster,6,Healthcare,Healthcare -> Drug Discovery and Delivery,"[""Healthcare"", ""Drug Discovery and Delivery""]","[""Machine Learning"", ""Robotics"", ""Microfluidics"", ""Nanotechnology"", ""Therapeutics""]",Winter 2023,Active,Growth,"[""United States of America"", ""America / Canada"", ""Remote"", ""Partly Remote""]",False,False,False,28112
Y Combinator,28037,https://www.ycombinator.com/companies/diffuse-bio,2026-07-29T16:08:39Z,Diffuse Bio,diffuse-bio,http://diffuse.bio,"San Francisco, CA, USA","Diffuse is building generative AI for protein design. Our mission is to build AI systems that engineer new and useful proteins with unprecedented control and accuracy. Our team has been behind breakthroughs in AI protein design for the past 7 years, including the first experimental validation of AI-generated proteins and diffusion models for protein structure and sequence. ",Generative AI for protein design,10,Healthcare,Healthcare -> Drug Discovery and Delivery,"[""Healthcare"", ""Drug Discovery and Delivery""]","[""AI-powered Drug Discovery"", ""Deep Learning"", ""Generative AI"", ""Machine Learning"", ""Biotech""]",Winter 2023,Active,Early,"[""United States of America"", ""America / Canada"", ""Remote"", ""Partly Remote""]",True,False,False,28037
Y Combinator,27696,https://www.ycombinator.com/companies/novelcare,2026-07-29T16:08:39Z,Novelcare,novelcare,https://www.novel.care,"New York City, NY, USA; Remote","Novelcare addresses the primary bottleneck in drug development: recruiting patients into clinical trials.

We analyze electronic health records to help doctors find clinical trials for their patients, and to help trial sites find patients for their studies. 72% of doctors want to inform their patients of clinical trials, but only 5% do. We're on a mission to close that gap, ultimately bringing safer, more effective drugs to the patients who need them.",Empowering every doctor and every patient to participate in research,5,Healthcare,Healthcare -> Drug Discovery and Delivery,"[""Healthcare"", ""Drug Discovery and Delivery""]","[""Artificial Intelligence"", ""Health Tech"", ""B2B"", ""Healthcare"", ""Enterprise Software""]",Winter 2023,Active,Early,"[""United States of America"", ""America / Canada"", ""Remote"", ""Fully Remote""]",False,False,False,27696
Y Combinator,27671,https://www.ycombinator.com/companies/miracle,2026-07-29T16:08:39Z,Miracle,miracle,http://www.miracleml.com,"San Francisco, CA, USA","Miracle is the control room for clinical trials. Our platform consolidates data from multiple trial systems into real-time dashboards, delivering automated insights that empower clinical-stage biopharmaceutical companies to streamline operations, reduce manual workflows, and accelerate data-driven decision-making. By transforming complex trial data into actionable insights, Miracle helps biopharma teams speed up clinical trials, and ultimately, improve patient outcomes.","Accelerate clinical trials with real-time, actionable insights",7,Healthcare,Healthcare -> Drug Discovery and Delivery,"[""Healthcare"", ""Drug Discovery and Delivery""]","[""SaaS"", ""B2B"", ""Biotech"", ""Healthcare""]",Winter 2023,Active,Early,"[""United States of America"", ""America / Canada""]",False,False,False,27671
Y Combinator,27263,https://www.ycombinator.com/companies/guardian-bio,2026-07-29T16:08:39Z,Guardian Bio,guardian-bio,http://www.guardian-bio.com,"Boston, MA, USA","Your immune system is your body’s best weapon and defense against cancer. It is only when it is overcome that cancer develops into full blown disease. Dendritic cells sit at the helm of the immune system, directing and dictating immune responses. Data has shown dendritic cells are often dysfunctional in cancer patients, and that this dysfunction is a bottleneck for other therapies. 

Guardian Bio’s approach is focused on creating a dendritic cell-based product which drives anti-tumor activity through activating the killers of the immune system AND training them against multiple cancer targets. We take stem cells from cancer patients, turn them into specific therapeutic dendritic cells specially trained against that patient’s tumor, and re-introduce them back into the body. 

Our therapeutic dendritic cells revitalize the killers of the immune system and give them the kickstart they need to fight - and win - against cancer.",Dendritic cell-based platform for cancer therapy ,2,Healthcare,Healthcare -> Therapeutics,"[""Healthcare"", ""Therapeutics""]","[""Biotech"", ""Healthcare"", ""Therapeutics"", ""Oncology""]",Summer 2022,Active,Early,"[""United States of America"", ""America / Canada""]",False,False,False,27263
Y Combinator,26912,https://www.ycombinator.com/companies/quinn,2026-07-29T16:08:39Z,Quinn,quinn,https://www.quinnbio.com,"San Francisco, CA, USA","Quinn makes the highest-stakes scientific decisions in drug development. Which drugs to bet on, what to develop next, how to get them to patients. In days instead of months.","The AI that delivers pharma R&D decisions in days, not months",4,Healthcare,Healthcare -> Drug Discovery and Delivery,"[""Healthcare"", ""Drug Discovery and Delivery""]","[""Artificial Intelligence"", ""Generative AI"", ""Biotech"", ""Enterprise""]",Summer 2022,Active,Early,"[""United States of America"", ""America / Canada"", ""Remote"", ""Partly Remote""]",True,False,False,26912
Y Combinator,26734,https://www.ycombinator.com/companies/serinus-biosciences,2026-07-29T16:08:39Z,Serinus Biosciences,serinus-biosciences,http://www.serinus.bio,"New York City, NY, USA; New York, NY, USA","Serinus Biosciences is tackling one of the toughest problems in cancer treatment: creating combination therapies to override treatment resistance. We leverage cutting edge technology to design a fully explainable AI platform primed with decades of system biology knowledge. Uniquely powered for biological inference, our AI engine uncovers how cancer cells evolve treatment resistance and identifies molecules to overcome resistance escape routes. We design combinations that are safer, more effective, and can get to patients quickly. Founded by MIT PhDs and supported by a scientific advisory board of top academics from the Broad Institute, Dana-Farber, and UCSD, Serinus is powered by Y Combinator and other top investors to revolutionize precision medicine.",Combinations therapy by rational design,6,Healthcare,Healthcare -> Therapeutics,"[""Healthcare"", ""Therapeutics""]","[""Biotech"", ""Therapeutics"", ""Oncology""]",Summer 2022,Active,Early,"[""United States of America"", ""America / Canada"", ""Remote"", ""Partly Remote""]",False,False,False,26734
Y Combinator,26427,https://www.ycombinator.com/companies/eugit-therapeutics,2026-07-29T16:08:39Z,Eugit Therapeutics,eugit-therapeutics,http://www.eugittx.com,"San Francisco, CA, USA; South San Francisco, CA, USA","Eugit Therapeutics targets the issue of non-specific drugs that cause toxicity and clinical trial failures, affecting millions with tissue-specific inflammatory diseases. TAGHOME delivers drugs with precision to diseased tissues using T cell receptors, enhancing safety and improving efficacy. Our initial focus is on the 3.1 million U.S. individuals with Inflammatory Bowel Disease, aiming to initiate clinical trials within two years.

Cofounded by George Church (Harvard) and funded by Y Combinator (S22).",Enabling Tissue Targeting of Therapies,2,Healthcare,Healthcare -> Therapeutics,"[""Healthcare"", ""Therapeutics""]","[""Cell Therapy"", ""Synthetic Biology"", ""Therapeutics"", ""Oncology"", ""Biotechnology""]",Summer 2022,Active,Early,"[""United States of America"", ""America / Canada""]",False,False,False,26427
Y Combinator,26311,https://www.ycombinator.com/companies/whitelab-genomics,2026-07-29T16:08:39Z,WhiteLab Genomics,whitelab-genomics,https://whitelabgx.com,"Paris, Île-de-France, France; Boston, MA, USA","We have developed an AI platform enabling to accelerate the discovery and the design of genomic therapies such as Cell Therapies, RNA Therapies and DNA Therapies.",Unleashing the potential of DNA and RNA based therapies using AI,40,Healthcare,Healthcare -> Drug Discovery and Delivery,"[""Healthcare"", ""Drug Discovery and Delivery""]","[""Artificial Intelligence"", ""Gene Therapy"", ""Cell Therapy"", ""Genomics""]",Winter 2022,Active,Growth,"[""France"", ""United States of America"", ""Europe"", ""America / Canada"", ""Remote"", ""Partly Remote""]",False,False,False,26311
Y Combinator,26122,https://www.ycombinator.com/companies/origami-therapeutics-inc,2026-07-29T16:08:39Z,"Origami Therapeutics, Inc.",origami-therapeutics-inc,http://origamitherapeutics.com,"San Diego, CA, USA","Origami Therapeutics, Inc. is a biotech company developing novel protein degraders with potential to delay or halt disease progression by eliminating toxic proteins from the body. Our drug discovery platform leverages our proprietary human disease models developed to select the small molecules with the best chance of clinical success. Our first indication is Huntington’s disease, a debilitating, progressive and ultimately fatal disorder caused by a genetic mutation. We have already identified small molecules that reduce the toxic mutated protein, suppress mutant protein-induced toxicities in human disease neurons and get into the brain. We anticipate that this approach will be broadly applicable to traditionally “undruggable” targets in other neurological diseases.",Oral drugs to halt neurodegeneration,4,Healthcare,Healthcare -> Therapeutics,"[""Healthcare"", ""Therapeutics""]","[""Biotech"", ""Therapeutics"", ""Drug discovery""]",Winter 2022,Active,Early,"[""United States of America"", ""America / Canada""]",False,False,False,26122
Y Combinator,25449,https://www.ycombinator.com/companies/alixia,2026-07-29T16:08:39Z,Alixia,alixia,http://www.alixia.com,"San Francisco, CA, USA","Our compounds disrupt the metabolic and
inflammatory triggers in both cancer and quasi-cancerous
cells in the tumor microenvironment. By impacting multiple cell
types, we are enabling effective, lasting cancer treatments.",Targeting the Tumor Ecosystem to address cancer drug resistance.,2,Healthcare,Healthcare -> Therapeutics,"[""Healthcare"", ""Therapeutics""]","[""Biotech"", ""Therapeutics"", ""Drug discovery"", ""Oncology"", ""Biotechnology""]",Winter 2022,Active,Early,"[""United States of America"", ""America / Canada""]",False,False,False,25449
Y Combinator,25399,https://www.ycombinator.com/companies/invert,2026-07-29T16:08:39Z,Invert,invert,http://www.invertbio.com/,"San Francisco, CA, USA; Remote","We build software to manage, analyze, and optimize bioprocessing data. Our initial customers are bio-industrial companies, who produce various products in bioreactors.

",Data analytics software for biomanufacturing.,25,Healthcare,Healthcare -> Industrial Bio,"[""Healthcare"", ""Industrial Bio""]","[""Cellular Agriculture"", ""Machine Learning"", ""Synthetic Biology"", ""Biotech""]",Winter 2022,Active,Growth,"[""United States of America"", ""America / Canada"", ""Remote"", ""Fully Remote""]",True,False,False,25399
Y Combinator,25349,https://www.ycombinator.com/companies/brown-foods,2026-07-29T16:08:39Z,Brown Foods,brown-foods,https://unrealmilk.com/,"Boston, MA, USA","Brown Foods is a Stanford, Rice University and IIT Delhi alumni venture creating UnReal Milk - 'real milk' made using mammalian cell culture, AI enabled. They are the world's 1st company to produce cow-free whole milk in lab (Forbes). Targeting the $700 billion dairy market and $22 billion alternate dairy market with UnReal Milk - which could be converted into butter, cheese, ice-creams etc. and has taste and texture exactly like conventional dairy - unlike any of the plant based milks like oat milk or soy milk. Also, no animal cruelty and 82% lower carbon foot-print!

Using the same technology, they have also created real human milk targeting the $80 billion infant formula market. And who knows if adults also start drinking human milk in future!",Making 'REAL' Cow and Human Milk!,5,Healthcare,Healthcare -> Industrial Bio,"[""Healthcare"", ""Industrial Bio""]","[""Cellular Agriculture"", ""Biotech"", ""Climate"", ""Food Tech""]",Winter 2022,Active,Early,"[""United States of America"", ""America / Canada"", ""Remote"", ""Partly Remote""]",False,False,False,25349
Y Combinator,25321,https://www.ycombinator.com/companies/rosebud-biosciences,2026-07-29T16:08:39Z,Rosebud Biosciences,rosebud-biosciences,https://rosebudbiosciences.com/,"San Francisco, CA, USA; San Carlos, CA, USA","Rosebud Biosciences accelerates drug development by screening drugs against organoids (micro-organs) that have the same gene mutations as the patients. We partner with therapeutics companies to screen their drugs, and we perform our own drug discovery for rare diseases that have no existing treatments. Our organoids are also fetal-like and enable discovery of novel drug targets for pediatric diseases. This technology was validated at Stanford, published in a prestigious journal, and has already led to the discovery of a drug target in a pediatric heart disease that could not have been found using traditional disease models.",Growing micro-organs to find new drugs,3,Healthcare,Healthcare -> Drug Discovery and Delivery,"[""Healthcare"", ""Drug Discovery and Delivery""]","[""AI-powered Drug Discovery"", ""Pediatrics"", ""Biotech""]",Winter 2022,Active,Early,"[""United States of America"", ""America / Canada"", ""Remote"", ""Partly Remote""]",False,False,False,25321
Y Combinator,25151,https://www.ycombinator.com/companies/keylika,2026-07-29T16:08:39Z,Keylika,keylika,https://www.keylika.com,"San Francisco, CA, USA; Walnut Creek, CA, USA","Keylika is an early stage biopharma startup developing metal-based drugs using a platform synthesis technology to treat unmet medical needs. We then administer these drugs using proven delivery technologies to effect the best clinical outcomes. 

Our first product is a small molecule iron drug (new molecular entity) delivered by a wearable skin patch to treat Iron Deficiency Anemia (IDA), with significantly higher safety, efficacy and tolerability over existing treatments. This is poised to be a best-in-class, potentially breakthrough therapy for treating iron deficiency without any GI side-effects (eg. nausea, constipation, diarrhea, etc.) typically associated with oral iron supplements, and without the risks, costs and side-effects associated with IV iron infusions. When approved, Keylika’s proprietary transdermal iron will be the world's first prescription iron patch. Iron deficiency is a hugely understated problem affecting about 1.6 billion people worldwide and more than 30 million in the US alone, translating to a $17B US market.",Redefining the Standard of Care for Iron Deficiency Anemia,1,Healthcare,Healthcare -> Therapeutics,"[""Healthcare"", ""Therapeutics""]","[""AI-powered Drug Discovery"", ""Medical Devices"", ""Drug Delivery"", ""Nanotechnology"", ""Therapeutics""]",Summer 2022,Active,Early,"[""United States of America"", ""America / Canada"", ""Remote"", ""Partly Remote""]",False,False,False,25151
Y Combinator,24795,https://www.ycombinator.com/companies/sfa-therapeutics-inc,2026-07-29T16:08:39Z,SFA Therapeutics,sfa-therapeutics-inc,https://sfatherapeutics.com/,"Philadelphia, PA, USA","SFA Therapeutics is creating therapeutically-tailored oral drugs that regulate the immune system; with a focus on autoimmune diseases and cancers that originate from chronic inflammation. There are over 300 million patients who suffer from autoimmune diseases. Our treatment is designed to block the root cause of many of these chronic inflammatory diseases, with safe oral drugs. We have strong clinical data from a phase 1b clinical trial in psoriasis, and human data in pancreatic cancer, uveitis and NASH. we have a total of 9 drugs in our pipeline and 15 patents.",Regulating the immune system to block cancer & autoimmune diseases,4,Healthcare,Healthcare -> Therapeutics,"[""Healthcare"", ""Therapeutics""]","[""AI-powered Drug Discovery"", ""Anti-Aging"", ""Biotech"", ""Health & Wellness"", ""Biotechnology""]",Summer 2021,Active,Early,"[""United States of America"", ""America / Canada"", ""Remote"", ""Partly Remote""]",False,False,False,24795
Y Combinator,24737,https://www.ycombinator.com/companies/cellchorus,2026-07-29T16:08:39Z,CellChorus,cellchorus,https://cellchorus.com,"Houston, TX, USA","At CellChorus, we apply artificial intelligence to evaluate thousands of microscopy videos in parallel to evaluate how immune cells move, interact and perform over time. This allows our customers to discover, develop, manufacture and deliver cell therapies, antibodies, vaccines and other novel therapies faster, at lower expense, and with higher rates of success.

Our customers include top-25 biopharma companies and seed-stage biotechs that are developing cell therapies, antibody therapeutics and vaccines (including one of the few companies with an approved CAR T cell therapy).

Hear from the team at https://www.youtube.com/watch?v=IE9x_tm0XnI",The dynamic single-cell analysis company,4,Healthcare,Healthcare -> Drug Discovery and Delivery,"[""Healthcare"", ""Drug Discovery and Delivery""]","[""AI-powered Drug Discovery"", ""Machine Learning""]",Summer 2021,Active,Early,"[""United States of America"", ""America / Canada"", ""Remote"", ""Partly Remote""]",False,False,False,24737
Y Combinator,24727,https://www.ycombinator.com/companies/output,2026-07-29T16:08:39Z,Output Biosciences,output,https://www.outputbio.com/,"New York City, NY, USA","Output is a fully integrated AI lab building Artificial General Biological Intelligence, from the molecular level up to whole systems. The discovery of new biology and the design of therapeutic moonshots become routine.",The foundation for the next era of biology,8,Healthcare,Healthcare -> Drug Discovery and Delivery,"[""Healthcare"", ""Drug Discovery and Delivery""]","[""AI-powered Drug Discovery"", ""Generative AI"", ""Biotech"", ""AI""]",Summer 2021,Active,Early,"[""United States of America"", ""America / Canada""]",True,False,False,24727
Y Combinator,24601,https://www.ycombinator.com/companies/humane-genomics,2026-07-29T16:08:39Z,Humane Genomics,humane-genomics,https://humanegenomics.com,"New York City, NY, USA; New York, NY, USA","Humane Genomics has developed a platform to engineer cancer killing viruses. We have taken a first principles approach to design and make oncolytic viral therapies. Using a highly lytic RNA virus engineered with ""2 factor authentication"" (using selective infection and selective replication) they have an on-target to off-target kill ratio > 1000. We are working on our first indication, pediatric liver cancer (hepatoblastoma), with our partners at Texas Children's Hospital, who are world leading experts. We have in vivo (mouse) data showing safety and currently developing efficacy data and are showing 50% reduction in tumor volume. ",A platform to make artificial viruses as cancer therapeutics.,5,Healthcare,Healthcare -> Therapeutics,"[""Healthcare"", ""Therapeutics""]","[""Hard Tech"", ""Synthetic Biology""]",Summer 2021,Active,Early,"[""United States of America"", ""America / Canada""]",False,False,False,24601
Y Combinator,24528,https://www.ycombinator.com/companies/matrubials-inc,2026-07-29T16:08:39Z,Matrubials,matrubials-inc,https://matrubials.com/,"Davis, CA, USA","Matrubials is an anti-infectives company, focused on human milk peptides as therapeutics to address antimicrobial resistance and modern diseases. Currently the global rise in severe bacterial infections and the drying pipeline of effective treatments are burdensome for healthcare and economics. Sculpted by evolution, milk, first food for the newborn, provides an exemplary solution to address the nutritive and protective challenges an infant is faced with. The anti-pathogenic molecules from milk can be developed into therapeutics geared towards all-age diseases. Our first indication is bacterial vaginosis, a bacterial dysbiosis related inflammation that results in recurrent infections, disruption of homeostasis and long-term clinical complications in women of reproductive age, including but not limited to preterm births, fertility issues and increased rates of STDs. Our next inflection point is the evaluation of rapidly acting and selective candidate peptides in pre-clinical host impact and early safety studies, which can aid clinical and portfolio development towards topical applications.",Developing milk-inspired therapeutics for infectious diseases,4,Healthcare,Healthcare -> Drug Discovery and Delivery,"[""Healthcare"", ""Drug Discovery and Delivery""]","[""AI-powered Drug Discovery"", ""Women's Health"", ""Therapeutics""]",Summer 2021,Active,Early,"[""United States of America"", ""America / Canada""]",False,False,False,24528
Y Combinator,24467,https://www.ycombinator.com/companies/harmonic-discovery,2026-07-29T16:08:39Z,Harmonic Discovery,harmonic-discovery,http://harmonicdiscovery.com,"New York City, NY, USA; New York, NY, USA; Remote","We are a drug discovery company developing a new generation of therapeutics that embrace the complexity of disease. Currently available approaches for creating drugs work on the principle of finding one drug-one protein 'magic bullets'. However, diseases such as cancer and autoimmunity are often the result of several dysregulated proteins across many distinct biological pathways. 

We are building a computational-experimental platform to design therapeutics that can target several disease-causing proteins at once. By designing multi-specific drugs, we are able to create therapeutics that are more efficacious and safer than existing medicines. 
",Multi-targeted therapeutics to treat complex diseases,8,Healthcare,Healthcare -> Drug Discovery and Delivery,"[""Healthcare"", ""Drug Discovery and Delivery""]","[""AI-powered Drug Discovery"", ""Biotech"", ""Healthcare"", ""Drug discovery""]",Summer 2021,Active,Early,"[""United States of America"", ""America / Canada"", ""Remote"", ""Fully Remote""]",False,False,False,24467
Y Combinator,24188,https://www.ycombinator.com/companies/pirouette-pharma,2026-07-29T16:08:39Z,Pirouette Pharma,pirouette-pharma,https://www.pirouettepharma.com/,"Boston, MA, USA","At Pirouette, we have developed a low-profile, disk-shaped, rugged injection device with a patient-centric focus on affordability, portability, and usability. The patented device, based on extensive patient input, is designed to make administering an injection as easy as pushing a button. This allows individuals with limited or no training to easily and intuitively perform an injection on themselves or others.",We make injections as easy as pushing a button!,9,Healthcare,Healthcare -> Drug Discovery and Delivery,"[""Healthcare"", ""Drug Discovery and Delivery""]","[""Health Tech"", ""Medical Devices"", ""Biotech"", ""Healthcare""]",Summer 2021,Active,Growth,"[""United States of America"", ""America / Canada"", ""Remote"", ""Partly Remote""]",True,False,False,24188
Y Combinator,24082,https://www.ycombinator.com/companies/bluumbio,2026-07-29T16:08:39Z,BLUUMBIO,bluumbio,http://www.bluumbio.com,"San Francisco, CA, USA; Berkeley, CA, USA","Our mission

-To ensure current and future generations have access to clean soil, water & air.

-To protect and restore earth's beautiful and diverse ecosystems.

-To undo the harm of industrial activity on the planet and ensure future industrial activities are more sustainable.

Our research

-We develop new bio-based solutions that break down and remove toxic chemicals from the environment.  We also develop bioreactor based solutions which remove toxins from industrial production pipelines, ensuring contaminants are never released into the environment.

-To do this, we've partnered with Nature. Specifically, we have harnessed the power of one of Nature's smallest but most powerful technologies: enzymes. Enzymes are everywhere. They break down the food in your stomach, remove dirt from your clothes, and make our beer. At BluumBio, we look for enzymes found in bacteria, algae, plants and other living organisms that naturally degrade toxic chemicals. We then make these enzymes work better in the lab and come up with develop new applications for these technologies.",We make bacteria and plants that clean up pollution.,4,Healthcare,Healthcare -> Industrial Bio,"[""Healthcare"", ""Industrial Bio""]","[""Biotech"", ""Sustainability""]",Summer 2021,Active,Early,"[""United States of America"", ""America / Canada""]",False,False,False,24082
Y Combinator,24081,https://www.ycombinator.com/companies/parallel-bio,2026-07-29T16:08:39Z,Parallel Bio,parallel-bio,http://parallel.bio,"San Francisco, CA, USA","Parallel Bio is pioneering human-first drug discovery by creating the first map of human biology. Using groundbreaking biological and computational tools that track real clinical outcomes, the company generates data that enable earlier, more reliable decisions about disease biology and drug development. 

Parallel Bio’s platform overcomes the core limitations of traditional animal testing, which fails to encapsulate the complexity of human biology. The company is building internal pipelines of novel disease targets and drug candidates in both cancer and autoimmune disease, while collaborating with pharmaceutical companies to evaluate therapies directly in human systems to reduce the cost and risk of clinical trials. 

Based in San Francisco, the company was founded in 2021 by two of the world’s leading experts in replacing animal models with human-first platforms.",Using the immune system to cure disease,20,Healthcare,Healthcare -> Drug Discovery and Delivery,"[""Healthcare"", ""Drug Discovery and Delivery""]","[""AI-powered Drug Discovery"", ""Biotech""]",Summer 2021,Active,Early,"[""United States of America"", ""America / Canada"", ""Remote"", ""Partly Remote""]",True,False,False,24081
Y Combinator,24008,https://www.ycombinator.com/companies/catena-biosciences,2026-07-29T16:08:39Z,Catena Biosciences,catena-biosciences,https://www.catenabiosciences.com/,"San Francisco, CA, USA; Berkeley, CA, USA","Catena’s technology lets us attach any two proteins together using an enzyme and the native amino acids tyrosine and cysteine within target proteins. It is a true platform technology because it enables the joining of any two soluble proteins together with minimal engineering and without restrictions due to protein size or complexity. Our work has already been used to modify cancer specific antibodies, CRISPR proteins and even cell surfaces. Our ability to produce modular protein therapeutics in a fraction of the time allows for true library creation across the therapeutics spectrum from oncology, vaccines, inflammatory disease and beyond.
",Using protein coupling to build new therapies,7,Healthcare,Healthcare -> Therapeutics,"[""Healthcare"", ""Therapeutics""]","[""Biotech"", ""Therapeutics""]",Summer 2021,Active,Early,"[""United States of America"", ""America / Canada"", ""Remote"", ""Partly Remote""]",False,False,False,24008
Y Combinator,23951,https://www.ycombinator.com/companies/mindstate-design-labs,2026-07-29T16:08:39Z,Mindstate Design Labs,mindstate-design-labs,http://mindstate.design,"San Francisco, CA, USA","We're making every therapeutically valuable emotion available on demand in pharmaceutical form.

Our Osmanthus platform is an ensemble of AI models that synthesize the world’s largest datasets of psychoactive pharmacology and phenomenology, quantitatively pinpointing the combination of neurotransmitter receptor activity that underlies various emotional as well as cognitive and perceptual states.

Our lead program MSD-001 is designed to be rapid-acting and produce heightened emotional and cognitive flexibility without hallucinations. MSD-001 is currently in human trials, and will be the base ingredient for multiple drug combination ""emotions in a bottle"" such as empathy, awe, clarity, or beauty.",Clinical-stage AI neuroengineering platform,7,Healthcare,Healthcare -> Drug Discovery and Delivery,"[""Healthcare"", ""Drug Discovery and Delivery""]","[""Machine Learning"", ""Mental Health Tech"", ""Biotech"", ""Therapeutics"", ""AI""]",Summer 2021,Active,Early,"[""United States of America"", ""America / Canada"", ""Remote"", ""Partly Remote""]",False,False,False,23951
Y Combinator,23945,https://www.ycombinator.com/companies/talus-bio,2026-07-29T16:08:39Z,Talus Bio,talus-bio,https://www.talus.bio,"Seattle, WA, USA","We have built a platform that enables drug discovery and development for previously undruggable genome regulators (""the regulome""). We accomplish this by moving drug discovery out of artificial systems where regulome proteins fail to function properly, and back into live human cells. Our technology combines innovations in automated cell processing, next-gen proteomics, and advanced data analytics to measure a drug's effect on the entire regulome in one experiment. ",Discovering drugs that target the DNA regulome,16,Healthcare,Healthcare -> Drug Discovery and Delivery,"[""Healthcare"", ""Drug Discovery and Delivery""]","[""Biotech"", ""Genomics"", ""Drug discovery""]",Summer 2021,Active,Early,"[""United States of America"", ""America / Canada"", ""Remote"", ""Partly Remote""]",False,False,False,23945
Y Combinator,23783,https://www.ycombinator.com/companies/promakhos-therapeutics,2026-07-29T16:08:39Z,Promakhos Therapeutics,promakhos-therapeutics,https://www.promakhos.com/,"Boston, MA, USA","We are building a platform of bacterial molecules to awaken our body’s innate ability to control inflammation and heal. Our first indication is Crohn’s Disease, which affects over 500,000 Americans at an annual cost of $10B. After Crohn's disease, we are going for type 1 Diabetes and Multiple Sclerosis.",A therapeutics platform for curing inflammatory disorders,2,Healthcare,Healthcare -> Therapeutics,"[""Healthcare"", ""Therapeutics""]","[""Therapeutics""]",Summer 2021,Active,Early,"[""United States of America"", ""America / Canada""]",False,False,False,23783
Y Combinator,23263,https://www.ycombinator.com/companies/entelexo-biotherapeutics,2026-07-29T16:08:39Z,Entelexo Biotherapeutics,entelexo-biotherapeutics,https://www.entelexo.com/,"Irvine, CA, USA","Entelexo is creating modern treatments for immune-mediated diseases, such as psoriasis, using novel engineered exosome technology.",Creating a New Class of Drugs to Address Incurable Autoimmune Diseases,3,Healthcare,Healthcare -> Therapeutics,"[""Healthcare"", ""Therapeutics""]","[""Biotech""]",Winter 2021,Active,Early,"[""United States of America"", ""America / Canada""]",False,False,False,23263
Y Combinator,23190,https://www.ycombinator.com/companies/biodock,2026-07-29T16:08:39Z,Biodock,biodock,https://www.biodock.ai,"Astana, Kazakhstan; Austin, TX, USA","Biodock's cloud platform accelerates microscopy analysis, automating months of microscopy analysis and infrastructure to minutes with our end-to-end AI architecture.  Scientists enjoy auto-scaling storage, GPU compute, and 30-50% more accurate analysis.

We're building an amazing experience to translate microscopy images to therapeutic insights for academic and enterprise scientists.",Cloud AI microscopy automation,8,Healthcare,Healthcare -> Therapeutics,"[""Healthcare"", ""Therapeutics""]","[""Artificial Intelligence"", ""Deep Learning"", ""SaaS""]",Winter 2021,Active,Early,"[""Kazakhstan"", ""United States of America"", ""Asia"", ""America / Canada"", ""Remote"", ""Partly Remote""]",True,False,False,23190
Y Combinator,22764,https://www.ycombinator.com/companies/valink-therapeutics,2026-07-29T16:08:39Z,Valink Therapeutics,valink-therapeutics,https://www.valinktx.com/,"Boston, MA, USA","Valink Therapeutics develops next generation antibody-based therapeutics. We identify novel mechanism of action from known targets by incorporating multiple antibody modifications at once, rapidly and scalable generating complex drug candidates (bi-/multispecificity, multivalency and drug-conjugation in a single discovery process). Our research focus is on solid tumours poorly addressed by immunotherapy.",Discovering bispecific antibody drug-conjugates (BsADC) against cancer,15,Healthcare,Healthcare -> Therapeutics,"[""Healthcare"", ""Therapeutics""]","[""Biotech"", ""Therapeutics"", ""Drug discovery""]",Winter 2021,Active,Early,"[""United States of America"", ""America / Canada"", ""Remote"", ""Partly Remote""]",False,False,False,22764
Y Combinator,22618,https://www.ycombinator.com/companies/trestle-biotherapeutics,2026-07-29T16:08:39Z,Trestle Biotherapeutics,trestle-biotherapeutics,http://www.trestlebio.com,"San Diego, CA, USA","We are developing an implantable therapeutic tissue that will be surgically delivered to patients suffering from end stage renal disease.  Upon implantation, this tissue will supplement the patient's renal function, eliminating their dependency on dialysis and improving their disease status. This has the potential to not only get these patients off dialysis - a significant impact for them and their families - but to greatly extend the time required before kidney transplantation is essential.",Bioengineered kidneys for patients with kidney failure,2,Healthcare,Healthcare -> Industrial Bio,"[""Healthcare"", ""Industrial Bio""]","[""Biotech""]",Winter 2021,Active,Early,"[""United States of America"", ""America / Canada""]",False,False,False,22618
Y Combinator,22617,https://www.ycombinator.com/companies/serna-bio,2026-07-29T16:08:39Z,Serna Bio,serna-bio,http://serna.bio,"Ontario, CA, USA; Remote","Serna Bio is developing small molecules to modulate RNA function, unlocking the potential to treat diseases driven by biology intractable by other modalities. 
",Genetic Medicine with Small Molecules ,5,Healthcare,Healthcare -> Therapeutics,"[""Healthcare"", ""Therapeutics""]","[""Biotech"", ""Drug discovery""]",Winter 2021,Active,Early,"[""United States of America"", ""America / Canada"", ""Remote"", ""Fully Remote""]",False,False,False,22617
Y Combinator,22334,https://www.ycombinator.com/companies/gilgamesh-pharmaceuticals,2026-07-29T16:08:39Z,Gilgamesh Pharmaceuticals,gilgamesh-pharmaceuticals,https://www.gilgameshpharmaceutical.com,"New York City, NY, USA; New York, NY, USA; Remote","Gilgamesh is a pioneering, clinical stage mental health science-focused biotechnology company. We have a disciplined focus on developing innovative new chemical entities (NCEs) leveraging a unique combination of medicinal chemistry, intellectual property strategy, neuroscience & neurobiology, and drug development expertise. We are an experienced team, with proven success in biotech exits and inventions.	","Gilgamesh Pharmaceuticals, a Clinical stage biotechnology company…",15,Healthcare,Healthcare -> Drug Discovery and Delivery,"[""Healthcare"", ""Drug Discovery and Delivery""]","[""Therapeutics"", ""Psychedelics"", ""Mental Health""]",Summer 2020,Active,Early,"[""United States of America"", ""America / Canada"", ""Remote"", ""Fully Remote""]",False,False,False,22334
Y Combinator,22306,https://www.ycombinator.com/companies/rarebird,2026-07-29T16:08:39Z,Rarebird,rarebird,http://www.rarebird.coffee,"San Francisco, CA, USA; San Leandro, CA, USA","We are making coffee for caffeine sensitive people. We do this by producing the world's first caffeine replacement, paraxanthine. It's better than caffeine at waking you up and causes fewer side effects, like anxiety and jitteriness.",Elevating mental health to be a part of your daily coffee ritual.,5,Healthcare,Healthcare -> Industrial Bio,"[""Healthcare"", ""Industrial Bio""]",[],Summer 2020,Active,Early,"[""United States of America"", ""America / Canada""]",False,False,False,22306
Y Combinator,22045,https://www.ycombinator.com/companies/nephrogen,2026-07-29T16:08:39Z,Nephrogen,nephrogen,http://www.nephrogenbiotech.com,"New York City, NY, USA","Nephrogen is a Stanford biotech spin-out developing curative genetic medicines for kidney and pancreatic diseases. Kidney disease alone affects 1 in 7 Americans, and neither indication has any approved gene-based therapies. 

Nephrogen's underlying platform combines AI and high-throughput screening to engineer safer, more efficient, and less expensive gene delivery vehicles for reaching the kidney and pancreas, and has attracted non-dilutive funding from seven major pharmaceutical companies including Merck KGaA, Novartis, and Bristol Myers Squibb.",Curative genetic medicines for kidney diseases,5,Healthcare,Healthcare -> Therapeutics,"[""Healthcare"", ""Therapeutics""]","[""Gene Therapy"", ""CRISPR"", ""Biotech""]",Summer 2020,Active,Early,"[""United States of America"", ""America / Canada""]",False,False,False,22045
Y Combinator,22043,https://www.ycombinator.com/companies/kingdom,2026-07-29T16:08:39Z,Kingdom,kingdom,https://kingdomsuperculture.com,"New York City, NY, USA","Kingdom creates and sells Superculture® ingredients.  Our Superculture® ingredients are an entirely new class of clinically-validated postbiotics that target the root causes of unmet pet health needs.  Superculture® Pet Oral and Superculture® Pet Immune are our first two breakthrough ingredients, driving industry-leading efficacy and unlocking new marketing claims for brands.",Natural functional ingredients that actually work,18,Healthcare,Healthcare -> Industrial Bio,"[""Healthcare"", ""Industrial Bio""]","[""Health & Wellness"", ""Food Tech""]",Summer 2020,Active,Growth,"[""United States of America"", ""America / Canada""]",True,False,False,22043
Y Combinator,21992,https://www.ycombinator.com/companies/nabla-bio,2026-07-29T16:08:39Z,Nabla Bio,nabla-bio,https://www.nabla.bio,"Boston, MA, USA","Our mission is to enable pharmaceutical and biotech companies to bring more antibody therapies to patients. Using AI and massively parallel experimentation, we design antibodies that precisely bind the disease target at the right location, while minimizing manufacturability and toxicity risks. We are a well-funded, revenue-generating, bilingual company of wet- and dry-lab scientists, and are founded by AI and protein design experts from Harvard University.",We use AI to design antibodies for intractable diseases,8,Healthcare,Healthcare -> Drug Discovery and Delivery,"[""Healthcare"", ""Drug Discovery and Delivery""]","[""AI-powered Drug Discovery""]",Summer 2020,Active,Growth,"[""United States of America"", ""America / Canada"", ""Remote"", ""Partly Remote""]",False,False,False,21992
Y Combinator,21881,https://www.ycombinator.com/companies/kernal-biologics,2026-07-29T16:08:39Z,Kernal Biologics,kernal-biologics,https://www.kernalbio.com/,"Boston, MA, USA","Kernal Bio is a biotech company pioneering mRNA 2.0 immunotherapies. We leverage selective mRNA-LNP technology to treat cancer and autoimmune diseases with precision, ensuring targeted cell delivery and minimal off-target effects. Our KR-402 program achieves over 90% delivery efficiency with T-cell-targeted LNPs, enabling direct CAR-T programming within the body and resulting in B-cell depletion within a week.
 
Kernal Bio is led by a team with experience from MIT, Harvard, Merck, and BMS, boasting three FDA-approved therapies and over 120 patents. Based in Cambridge, MA, we are backed by Hummingbird Ventures, Amgen Ventures, HBM, and even NASA.

With roots at MIT, Harvard and Biopharma, Kernal’s management team has deep expertise in mRNA therapeutics space. CEO Yusuf Erkul, M.D., M.B.A. is a successful drug hunter whose research at Merck enabled an FDA-approved drug for ovarian cancer. President Burak Yilmaz, M.S., previously founded Sentegen, a thriving synthetic biology company which commercializes synthetic DNA, RNA, and diagnostic kits for genetic and infectious diseases. Sr. VP of R&D Manfred Kraus is a leader in immuno-oncology, who was most recently Scientific Sr. Director at Bristol-Myers Squibb (BMS). ",Kernal is creating mRNA 2.0 therapies that work in specific cells,20,Healthcare,Healthcare -> Therapeutics,"[""Healthcare"", ""Therapeutics""]","[""Artificial Intelligence"", ""Biotech"", ""Genomics""]",Summer 2020,Active,Early,"[""United States of America"", ""America / Canada""]",False,False,False,21881
Y Combinator,2029,https://www.ycombinator.com/companies/circumvent,2026-07-29T16:08:39Z,Circumvent,circumvent,https://www.circumventpharmaceuticals.com/,"Portland, OR, USA",,Utilizing monogenic disorders to inform and solve highly complex…,6,Healthcare,Healthcare -> Therapeutics,"[""Healthcare"", ""Therapeutics""]","[""Neurotechnology"", ""Biotech"", ""Genomics""]",Summer 2018,Active,Early,"[""United States of America"", ""America / Canada""]",False,False,False,2029
Y Combinator,2028,https://www.ycombinator.com/companies/rejuvenation-technologies-inc,2026-07-29T16:08:39Z,Rejuvenation Technologies Inc.,rejuvenation-technologies-inc,https://www.rejuvenationtech.com/,"San Francisco, CA, USA","Stanford-patented essential drug platform unlocks the healthspan, which is limited by short telomeres. Extends mouse lifespan by equivalent of 10 years in humans. Reverses 5-10 years of telomere shortening with one dose in one day. Preclinical efficacy in 4 organ systems including immune system. Entering clinical stage. CEO is Subject #1 in longevity trial. 50+ granted patents, 7 patent families. FDA INTERACT cleared. Raising $10M seed extension ($2M+ wired) to fund 3 investigator-initiated trials. Readouts in Q3 2027. $6.8B in comparable mRNA-LNP M&A in last 12 months. ",mRNA therapeutics to extend healthspan entering clinical trials,2,Healthcare,Healthcare -> Therapeutics,"[""Healthcare"", ""Therapeutics""]","[""Anti-Aging"", ""Gene Therapy"", ""Nanomedicine""]",Summer 2018,Active,Early,"[""United States of America"", ""America / Canada"", ""Remote"", ""Partly Remote""]",False,False,False,2028
Y Combinator,2015,https://www.ycombinator.com/companies/synkrino-biotherapeutics,2026-07-29T16:08:39Z,Synkrino Biotherapeutics,synkrino-biotherapeutics,http://www.synkrino.bio,"San Francisco, CA, USA; Oakland, CA, USA",,"Synkrino's AI, SATIS is a powerful, unbiased discovery system for…",2,Healthcare,Healthcare -> Drug Discovery and Delivery,"[""Healthcare"", ""Drug Discovery and Delivery""]","[""AI-powered Drug Discovery"", ""Biotech""]",Summer 2018,Active,Early,"[""United States of America"", ""America / Canada""]",False,False,False,2015
Y Combinator,1964,https://www.ycombinator.com/companies/cb-therapeutics,2026-07-29T16:08:39Z,CB Therapeutics,cb-therapeutics,http://www.cbthera.com,"San Diego, CA, USA","CB Therapeutics engineers microbes to produce high-value ingredients for medicines, supplements, and other wellness products through sustainable biomanufacturing. 
",Fermentation-derived natural products to solve health problems ,18,Healthcare,Healthcare -> Industrial Bio,"[""Healthcare"", ""Industrial Bio""]","[""Cellular Agriculture"", ""Biotech""]",Summer 2018,Active,Early,"[""United States of America"", ""America / Canada"", ""Remote"", ""Partly Remote""]",False,False,False,1964
Y Combinator,1939,https://www.ycombinator.com/companies/64x-bio,2026-07-29T16:08:39Z,64x Bio,64x-bio,http://www.64xbio.com,"San Francisco, CA, USA","The future of medicine is taking shape, but scaling it remains a challenge. Some of the biggest breakthroughs in next generation therapies are being held back by manufacturing constraints. The science is moving fast, but the infrastructure is still catching up.

Our VectorSelect platform is designed to unlock the scale these therapies need to survive. We combine massively parallelized screens with computational insights to engineer high yield cell lines and production technologies — accelerating the manufacturing of advanced therapies from the inside out. ",Enabling next generation medicines. A comprehensive platform and…,25,Healthcare,Healthcare -> Industrial Bio,"[""Healthcare"", ""Industrial Bio""]","[""Gene Therapy"", ""Machine Learning""]",Summer 2018,Active,Early,"[""United States of America"", ""America / Canada""]",False,False,False,1939
Y Combinator,1931,https://www.ycombinator.com/companies/hepatx,2026-07-29T16:08:39Z,Hepatx,hepatx,http://www.hepatx.com,"San Francisco, CA, USA; Palo Alto, CA, USA",Our vision is to provide regenerative medicine treatments that free patients from chronic liver disease and help usher in an era where diseased and damaged tissues can be repaired.,Replacing organ transplant with an infusion,4,Healthcare,Healthcare -> Therapeutics,"[""Healthcare"", ""Therapeutics""]","[""Biotech""]",Summer 2018,Active,Early,"[""United States of America"", ""America / Canada"", ""Remote"", ""Partly Remote""]",False,False,False,1931
Y Combinator,1929,https://www.ycombinator.com/companies/rebellyous-foods,2026-07-29T16:08:39Z,Rebellyous Foods,rebellyous-foods,https://rebellyous.com/,"Seattle, WA, USA","Rebellyous Foods is a food manufacturing technology and production company defined solely to catapult meat alternative production toward price parity with animal-based meat.  Rebellyous implements novel food manufacturing equipment and processes in large-scale production to produce low-cost plant-based meat at high volumes.  These goals are achieved through uniquely designed food products, the use of high-throughput manufacturing automation and ‘smart’ production centers, and the development and utilization of new innovative low-energy manufacturing tools.  Working closely with industry partners, Rebellyous makes plant-based meat sustainable, affordable, and widely available.",Rebellyous Foods is a food manufacturing technology and production…,12,Healthcare,Healthcare -> Industrial Bio,"[""Healthcare"", ""Industrial Bio""]","[""Climate"", ""Plant-based Meat""]",Summer 2018,Active,Growth,"[""United States of America"", ""America / Canada"", ""Remote"", ""Partly Remote""]",False,False,False,1929
Y Combinator,1892,https://www.ycombinator.com/companies/c16-biosciences,2026-07-29T16:08:39Z,C16 Biosciences,c16-biosciences,https://www.c16bio.com/,"New York City, NY, USA; New York, NY, USA","C16 Biosciences is decarbonizing consumer products supply chains by producing next-generation ingredients. The company's biomanufacturing platform produces better performing, more sustainable alternatives to oils and fats, and their first product is an alternative to palm oil. The company owns and operates Palmless™ alternative fats and oils.","Next-gen ingredients to decarbonize consumer products, starting w/…",35,Healthcare,Healthcare -> Industrial Bio,"[""Healthcare"", ""Industrial Bio""]","[""Biotech"", ""Sustainability"", ""Climate""]",Summer 2018,Active,Growth,"[""United States of America"", ""America / Canada"", ""Remote"", ""Partly Remote""]",False,False,False,1892
Y Combinator,1856,https://www.ycombinator.com/companies/culture-biosciences,2026-07-29T16:08:39Z,Culture Biosciences,culture-biosciences,https://culturebiosciences.com,"San Francisco, CA, USA; South San Francisco, CA, USA","Culture Biosciences grows cells for biotech companies.  Our customers genetically modify organisms to produce new therapeutics, materials, fuels and foods. We help them quickly run experiments and  develop manufacturing processes so they can get their products to market faster. We've built proprietary software and automation systems to make operating our bioreactors more efficient than existing systems. We also provide customers with new software tools that help them analyze and contextualize their data. We are currently serving a number of biotech customers and scaling out our infrastructure.
",We grow cells for biotech companies.,40,Healthcare,Healthcare -> Industrial Bio,"[""Healthcare"", ""Industrial Bio""]","[""Cellular Agriculture"", ""Biotech""]",Winter 2018,Active,Growth,"[""United States of America"", ""America / Canada"", ""Remote"", ""Partly Remote""]",False,False,False,1856
Y Combinator,1773,https://www.ycombinator.com/companies/persephone-biosciences,2026-07-29T16:08:39Z,Persephone Biosciences,persephone-biosciences,http://persephonebiosciences.com/,"San Diego, CA, USA","Persephone Biome develops live biotherapeutic products to modulate the metabolism of gut microbes, for applications in disease prevention and cure. We take a unique engineering approach using systems and synthetic biology to understand the complexities of the microbiome.",We are using the gut microbiome to end cancer. ,6,Healthcare,Healthcare -> Therapeutics,"[""Healthcare"", ""Therapeutics""]","[""AI-powered Drug Discovery"", ""COVID-19""]",Winter 2018,Active,Early,"[""United States of America"", ""America / Canada""]",False,False,False,1773
Y Combinator,1768,https://www.ycombinator.com/companies/tradewind-bioscience,2026-07-29T16:08:39Z,Tradewind BioScience,tradewind-bioscience,https://www.tradewindbio.com,"San Francisco, CA, USA","Our lead candidate is a multifaceted attack antibody for ovarian cancer. Our approach enables targeting primary cancer cells directly, alongside enabling the immune system's natural anti-cancer function, all with one therapeutic antibody.",Tradewind translates scientific insight into innovative ways of…,2,Healthcare,Healthcare -> Therapeutics,"[""Healthcare"", ""Therapeutics""]",[],Winter 2018,Active,Early,"[""United States of America"", ""America / Canada"", ""Remote"", ""Partly Remote""]",False,False,False,1768
Y Combinator,1767,https://www.ycombinator.com/companies/nectome,2026-07-29T16:08:39Z,Nectome,nectome,https://nectome.com/,"San Francisco, CA, USA; South San Francisco, CA, USA","Nectome is a neuroscience startup that aims to preserve the brain and keep all its memories intact.

The company is building the next generation of tools to preserve the connectome. The connectome is all the connections called synapses between neurons in the brain. Researchers from the company is now learning to manipulate individual memories, building advanced brain prosthetics, and reverse-engineering the brain.",Building a way to preserve long-term memories.,5,Healthcare,Healthcare -> Therapeutics,"[""Healthcare"", ""Therapeutics""]","[""Neurotechnology""]",Winter 2018,Active,Early,"[""United States of America"", ""America / Canada""]",False,False,False,1767
Y Combinator,1760,https://www.ycombinator.com/companies/macromoltek,2026-07-29T16:08:39Z,Macromoltek,macromoltek,https://www.macromoltek.com,"Austin, TX, USA","Macromoltek: Revolutionizing antibody design.

Description:  Macromoltek, a computational de novo drug design company, rapidly produces accurate and credible antibody designs. We have built a proprietary platform that enables design against difficult targets inaccessible by traditional methods and have are already designing antibodies for large biopharmas and smaller biotechs. ",Computational antibody design,14,Healthcare,Healthcare -> Drug Discovery and Delivery,"[""Healthcare"", ""Drug Discovery and Delivery""]","[""AI-powered Drug Discovery"", ""Deep Learning"", ""Therapeutics""]",Winter 2018,Active,Early,"[""United States of America"", ""America / Canada""]",False,False,False,1760
Y Combinator,1696,https://www.ycombinator.com/companies/forever-labs,2026-07-29T16:08:39Z,Forever Labs,forever-labs,https://foreverlabs.com,"Ann Arbor, MI, USA","Forever Labs collects and stores adult stem cells, and develops therapies based upon stem cell rejuvenation.","We bank your stem cells to help you live healthier, longer.",12,Healthcare,Healthcare -> Therapeutics,"[""Healthcare"", ""Therapeutics""]","[""Anti-Aging""]",Summer 2017,Active,Early,"[""United States of America"", ""America / Canada""]",False,False,False,1696
Y Combinator,1581,https://www.ycombinator.com/companies/sigma-genetics,2026-07-29T16:08:39Z,Sigma Genetics,sigma-genetics,http://www.sigmagenetics.com,"Seattle, WA, USA","Sigma Genetics develops devices that can deliver DNA, RNA, and other charged molecules into cells by using magnetic fields. When compared to conventional electroporation, this technique has several key advantages, which include: the absence of arcing, the ability to scale, and the benefit of being non-invasive for in vivo applications. This platform technology can be applied to a wide range of applications- cell therapies, cancer drug delivery, DNA vaccines, biopharma manufacturing, and cosmetics.",Sigma Genetics is a biotechnology company that is building…,2,Healthcare,Healthcare -> Therapeutics,"[""Healthcare"", ""Therapeutics""]","[""Biotech"", ""Genomics""]",Winter 2017,Active,Early,"[""United States of America"", ""America / Canada""]",False,False,False,1581
Y Combinator,1560,https://www.ycombinator.com/companies/helix-nanotechnologies,2026-07-29T16:08:39Z,Helix Nanotechnologies,helix-nanotechnologies,http://helixnano.com,"Boston, MA, USA; Cambridge, MA, USA","Technology finds information and delivers physical products to us almost instantly. mRNA does the same for biology. At HelixNano, we see a world where treatments are cheap, progress is decentralized, and you can modify biology at the push of a button.

By focusing on mRNA improvements from first principles, we’re getting there faster than we thought. Experiments that used to take months or years can be done in weeks and cost thousands instead of millions. The rate limiting step for our progress is now scientific curiosity.

Rigid hierarchies and top-down decisions will miss the magic. Some of our most powerful technologies started out as side projects of junior team members. At HelixNano, every individual scientist can have a massive impact on the company's direction. And the more diverse our team, the faster we’ll find the really cool ideas.

We've started rolling out some of our new tech — moving a COVID-19 vaccine candidate for the immunocompromised towards the clinic, and testing an intervention with massive environmental impact. But we’re scientists at heart, and team focus is solidly on the horizon.","Next-generation mRNA platform to solve cancer, COVID and climate.",22,Healthcare,Healthcare -> Drug Discovery and Delivery,"[""Healthcare"", ""Drug Discovery and Delivery""]","[""Artificial Intelligence"", ""Biotech"", ""Genomics"", ""Nanotechnology""]",Winter 2017,Active,Growth,"[""United States of America"", ""America / Canada"", ""Remote"", ""Partly Remote""]",False,False,False,1560
Y Combinator,1551,https://www.ycombinator.com/companies/indee-labs,2026-07-29T16:08:39Z,Indee Labs,indee-labs,http://www.indeelabs.com,"San Francisco, CA, USA; Berkeley, CA, USA","Intracellular delivery is the most problematic step in T cell immunotherapy discovery, development and manufacturing. Indee Labs is developing a non-viral intracellular delivery system based on microfluidic vortex shedding (µVS) to rapidly deliver nucleic acids, proteins and gene editing complexes to patient and donor T cells with minimal perturbation.","Enabling T cell immunotherapy discovery, development and manufacturing",5,Healthcare,Healthcare -> Drug Discovery and Delivery,"[""Healthcare"", ""Drug Discovery and Delivery""]","[""Gene Therapy"", ""Microfluidics"", ""Cell Therapy""]",Winter 2017,Active,Early,"[""United States of America"", ""America / Canada"", ""Remote"", ""Partly Remote""]",False,False,False,1551
Y Combinator,1513,https://www.ycombinator.com/companies/solugen,2026-07-29T16:08:39Z,Solugen,solugen,https://solugen.com/,"Houston, TX, USA","Solugen is decarbonizing the chemistry of everyday life with enzymes and innovative metal catalysts. Our new to the world Bioforge platform technology can produce high value chemical goods that are biobased and carbon negative, at cost on par with current technologies. We are making sustainable chemistry accessible to all living things, to ensure a prosperous world exists for generations.
",Decarbonizing the chemicals industry.,200,Healthcare,Healthcare -> Industrial Bio,"[""Healthcare"", ""Industrial Bio""]","[""Manufacturing"", ""Climate"", ""ClimateTech"", ""Biotechnology"", ""Industrial""]",Winter 2017,Active,Growth,"[""United States of America"", ""America / Canada"", ""Remote"", ""Partly Remote""]",False,False,False,1513
Y Combinator,13705,https://www.ycombinator.com/companies/algen-biotechnologies,2026-07-29T16:08:39Z,Algen Biotechnologies,algen-biotechnologies,https://www.algenbio.com/,"San Francisco, CA, USA","Algen is using CRISPR to uncover disease-driving RNA messages to find treatments for cancer, inflammation and diseases with high unmet needs. We are harnessing the power of CRISPR and machine learning to find first-in-class drugs that modulate RNA messages at single-cell resolution. Algen's founders are bioengineer from Jennifer Doudna Lab and biotech commercialization expert, teamed up with experienced pharmaceutical executives.",Using CRISPR to find treatments for cancer and inflammation,15,Healthcare,Healthcare -> Drug Discovery and Delivery,"[""Healthcare"", ""Drug Discovery and Delivery""]","[""AI-powered Drug Discovery"", ""Artificial Intelligence"", ""CRISPR""]",Winter 2020,Active,Early,"[""United States of America"", ""America / Canada""]",False,False,False,13705
Y Combinator,13671,https://www.ycombinator.com/companies/ansa-biotechnologies,2026-07-29T16:08:39Z,Ansa Biotechnologies,ansa-biotechnologies,http://ansabio.com,"San Francisco, CA, USA; Emeryville, CA, USA","Ansa Biotechnologies is developing a new way to make DNA that will be faster, cleaner, and more accurate than existing methods. Currently, DNA is manufactured via a chemical method that has remained mostly unchanged for 35 years. Our enzyme-based approach promises to dramatically accelerate innovation in biological research and biotechnology, including therapeutics, diagnostics and biomanufacturing.",Next-generation DNA synthesis using enzymes,72,Healthcare,Healthcare -> Industrial Bio,"[""Healthcare"", ""Industrial Bio""]","[""Synthetic Biology"", ""Biotech""]",Winter 2020,Active,Early,"[""United States of America"", ""America / Canada"", ""Remote"", ""Partly Remote""]",False,False,False,13671
Y Combinator,13616,https://www.ycombinator.com/companies/menten-ai,2026-07-29T16:08:39Z,Menten AI,menten-ai,http://menten.ai,"San Francisco, CA, USA","Menten AI designs protein drugs and enzymes using quantum computing and machine learning. Their technology leapfrogs current computational methods making it possible to design previously intractable proteins. The team created the first protein design algorithm for current and near-term quantum computers and created the world’s first protein designed on a quantum computer. They are now working on 3 new proteins, including a peptide to prevent the spread of viruses like Covid-19. They have 2 paid pilot projects with multinational chemical companies and 4 LOI’s with pharma and biotech companies.",Menten AI designs peptide and protein therapeutics using quantum…,2,Healthcare,Healthcare -> Drug Discovery and Delivery,"[""Healthcare"", ""Drug Discovery and Delivery""]","[""AI-powered Drug Discovery"", ""Quantum Computing""]",Winter 2020,Active,Early,"[""United States of America"", ""America / Canada"", ""Remote"", ""Partly Remote""]",False,False,False,13616
Y Combinator,13601,https://www.ycombinator.com/companies/equator-therapeutics,2026-07-29T16:08:39Z,Equator Therapeutics,equator-therapeutics,https://equatortherapeutics.com/,"San Francisco, CA, USA","We are developing a drug to increase metabolism and burn calories without exercise.

Obesity and type 2 diabetes have reached epidemic proportions. There are 2.2B overweight people and 500M people with type 2 diabetes worldwide, and these numbers increase drastically every year. Existing drugs are not effective enough to reverse the trend. Our drug can solve this problem, because it addresses the root cause of metabolic disorders – the imbalance between caloric intake and expenditure.

Our drug will target mitochondria – the powerhouse of the cell – to generate heat. This approach has been proven to fully reverse obesity and type 2 diabetes in animals. However, therapeutic application for humans was impossible, because mitochondrial heat production could only be induced by highly artificial methods with side effects. This changed after our recent breakthrough discovery of the protein that mitochondria naturally use to generate heat. We have developed a unique high-throughput drug discovery platform to identify compounds that selectively activate this target protein, without side effects.

For decades people have wanted a drug that burns calories like exercise does. We are realizing this dream at Equator Therapeutics.",We are developing a drug to burn calories and increase metabolism…,2,Healthcare,Healthcare -> Therapeutics,"[""Healthcare"", ""Therapeutics""]","[""Biotech"", ""Therapeutics""]",Winter 2020,Active,Early,"[""United States of America"", ""America / Canada""]",False,False,False,13601
Y Combinator,13434,https://www.ycombinator.com/companies/openbiome,2026-07-29T16:08:39Z,OpenBiome,openbiome,http://openbiome.org,"Boston, MA, USA; Cambridge, MA, USA","We are a nonprofit stool bank, expanding safe access to fecal transplants and catalyzing research on the human microbiome.",A nonprofit stool bank enabling access to fecal transplants.,70,Healthcare,Healthcare -> Therapeutics,"[""Healthcare"", ""Therapeutics""]","[""Nonprofit""]",Winter 2020,Active,Early,"[""United States of America"", ""America / Canada"", ""Remote"", ""Partly Remote""]",False,True,False,13434
Y Combinator,13332,https://www.ycombinator.com/companies/postera,2026-07-29T16:08:39Z,PostEra,postera,https://postera.ai/,"Boston, MA, USA","PostEra is building a modern 21st century biopharma. We're using our advances in machine learning to accelerate Medicinal Chemistry and bring more cures to patients. PostEra advances small molecule programs through partnerships with biopharma while also advancing its own internal pipeline. We've raised $26M from top investors and closed $1Bn in AI partnerships, signing multi-year agreements with Amgen, Pfizer and the NIH. PostEra also launched and led the world's largest open-science drug discovery effort; COVID Moonshot.",Medicinal Chemistry powered by Machine Learning,40,Healthcare,Healthcare -> Drug Discovery and Delivery,"[""Healthcare"", ""Drug Discovery and Delivery""]","[""AI-powered Drug Discovery"", ""Machine Learning"", ""COVID-19""]",Winter 2020,Active,Growth,"[""United States of America"", ""America / Canada"", ""Remote"", ""Partly Remote""]",True,False,False,13332
Y Combinator,13217,https://www.ycombinator.com/companies/altay-therapeutics,2026-07-29T16:08:39Z,Altay Therapeutics,altay-therapeutics,http://www.altaytherapeutics.com,"San Francisco, CA, USA; South San Francisco, CA, USA","Altay develops small molecule drugs to treat chronic liver diseases like liver fibrosis and liver cancer.  Our co-founder Dr. Osman Ozes, led the first drug development program for Esbriet (Pirfenidone), resulting in the first FDA approved therapy for lung fibrosis. Esbriet is now a $1 billion/year drug and has already made over $6 billion in revenue. 

With a team that has over 70+ years of small molecule drug development experience, we intend to do the same with chronic liver diseases, which affects over 20 million Americans and represents a market size of over $30 billion. 

We know we are well positioned for success because we have shown excellent pre-clinical mouse data in several liver fibrosis models using our novel small molecule. We demonstrate a reduction in fibrosis with our drug, but more significantly, we show a reversal in fibrotic tissue back to normal tissue. 

With our current developmental strategy, we hope to have a clinic-ready compound by the end of 2021 and be in phase I clinical trials by mid of 2022. 
",Altay develops disease-modifying therapies targeting transcription…,6,Healthcare,Healthcare -> Therapeutics,"[""Healthcare"", ""Therapeutics""]","[""AI-powered Drug Discovery"", ""Biotech"", ""Therapeutics"", ""Drug discovery""]",Winter 2020,Active,Early,"[""United States of America"", ""America / Canada""]",False,False,False,13217
Y Combinator,13216,https://www.ycombinator.com/companies/general-proximity,2026-07-29T16:08:39Z,General Proximity,general-proximity,https://www.generalproximity.bio/,"San Francisco, CA, USA",,The next generation of induced-proximity medicines.,15,Healthcare,Healthcare -> Drug Discovery and Delivery,"[""Healthcare"", ""Drug Discovery and Delivery""]","[""Biotech"", ""Drug discovery""]",Winter 2020,Active,Early,"[""United States of America"", ""America / Canada""]",True,False,False,13216
Y Combinator,13081,https://www.ycombinator.com/companies/abalone-bio,2026-07-29T16:08:39Z,Abalone Bio,abalone-bio,https://www.abalonebio.com,"San Francisco, CA, USA","Abalone Bio is tackling challenging undrugged targets underlying diseases affecting millions, focusing first cell-specific antibody drugs to treat obesity and metabolic disease without the GI side effects that cause 25% of GLP-1 drug patients to quit after 1 year. 

+ High throughput experimental measurement uniquely leverages AI/ML:  We’ve engineered cells to measure antibodies for pharmacological activity, not just structure or binding like others, 100 million at a time, 100X+ the throughput of others. With our large, proprietary activity datasets, we uniquely leverage ML to both unlock the discovery of rare hits and generate optimized hits for challenging targets, starting with G-protein coupled receptors (GPCRs)

+ Proven success: We have developed antibody agonists (activators) for 2 out of the 8 G-protein coupled receptors ever drugged by biotech.

+ Pharma traction: We’ve secured 3 partnerships with $3M in revenue and $125M in downstream value. 

+ Externally validated science: We’ve been awarded $7M in non-dilutive grant funding for platform and program development.",We create activating antibodies to treat diseases others can’t.,14,Healthcare,Healthcare -> Drug Discovery and Delivery,"[""Healthcare"", ""Drug Discovery and Delivery""]","[""Machine Learning"", ""Synthetic Biology"", ""Therapeutics"", ""Drug discovery""]",Winter 2020,Active,Early,"[""United States of America"", ""America / Canada""]",False,False,False,13081
Y Combinator,12861,https://www.ycombinator.com/companies/asher-bio,2026-07-29T16:08:39Z,Asher Bio,asher-bio,https://www.asherbio.com/,"San Francisco, CA, USA; San Carlos, CA, USA","Asher Bio is a biotechnology company developing precisely targeted immunotherapies for cancer and other diseases. Our cis-targeting platform aims to enable selective activation of specific immune cell types, addressing the inherent limitations of otherwise pleiotropic immunotherapies that act on multiple cell types. Our approach has the potential to precisely direct different immune mediators against a range of target immune cell-types and create best-in-class immunotherapies in cancer, autoimmune and infectious diseases. 

Asher Bio is backed by Third Rock Ventures and is located in South San Francisco.",We build better immunotherapies,3,Healthcare,Healthcare -> Therapeutics,"[""Healthcare"", ""Therapeutics""]","[""Biotech""]",Summer 2019,Active,Growth,"[""United States of America"", ""America / Canada""]",False,False,False,12861
Y Combinator,12664,https://www.ycombinator.com/companies/kern-systems,2026-07-29T16:08:39Z,Kern Systems,kern-systems,https://www.kernsystems.com,"Boston, MA, USA","DNA has emerged as a compelling data storage medium due to its density, longevity, and eternal relevance compared to current memory technologies. However, the high price of synthesizing DNA remains a major bottleneck for adoption of this promising storage solution. We are pioneering new approaches to synthesizing DNA for data storage with enzymes and custom digital codecs. We are building an interdisciplinary team to build the world's most scalable information infrastructure in DNA. 

We seek technical experts in enzyme engineering, chemistry, hardware engineering, and information theory. We also seek business development to identify emerging markets for early use cases of our technology.",Using DNA to store data.,3,Healthcare,Healthcare -> Industrial Bio,"[""Healthcare"", ""Industrial Bio""]","[""Genomics"", ""Nanotechnology""]",Summer 2019,Active,Early,"[""United States of America"", ""America / Canada""]",False,False,False,12664
Y Combinator,12663,https://www.ycombinator.com/companies/arpeggio-bio,2026-07-29T16:08:39Z,Arpeggio Bio,arpeggio-bio,http://www.arpeggiobio.com,"Boulder, CO, USA","Arpeggio Bio is a pioneering pharmaceutical company that develops drugs targeting transcription factors using AI and high-throughput RNA-sequencing. With $20M in venture funding, we've targeted ""undruggable"" proteins like NRF2, TEAD, and GPX4 where our lead program is rapidly progressing towards a DC for the treatment of IO-resistant melanoma. With partnerships with J&J and FORMA, we've validated our platform in rare disease and inflammation with a significant Phase I success. ",Arpeggio Bio develops drugs targeting transcription factors using AI…,20,Healthcare,Healthcare -> Drug Discovery and Delivery,"[""Healthcare"", ""Drug Discovery and Delivery""]","[""Biotech"", ""Genomics"", ""Drug discovery""]",Summer 2019,Active,Early,"[""United States of America"", ""America / Canada""]",False,False,False,12663
Y Combinator,12614,https://www.ycombinator.com/companies/gen1e-lifesciences,2026-07-29T16:08:39Z,GEn1E Lifesciences,gen1e-lifesciences,https://www.gen1e.com,"San Francisco, CA, USA","GEn1E Lifesciences is a Clinical-stage, multi-target company with a unique AI platform. We develop novel, next-generation, immunomodulatory therapies for rare & inflammatory diseases with no effective treatments. Our team is supercharging the drug development cycle by applying AI to multiple-mechanism-of-action protein targets and their natural platform capabilities—creating novel therapeutics at an unprecedented pace. Our AI platform has enabled us to develop a purpose-built therapy for ARDS to reduce its $20 billion cost on society (just in the USA). 
 
GEn1E has built a rich pipeline of 21+ novel and selective immunomodulators and has plans to accelerate 2 additional devastating diseases (beyond their lead indication) to IND in the next 12 months. Our AI platform enables tremendous pace and capital efficiency as demonstrated by our progress in ~2 years with seed capital—a stark contrast to the typical spend of $100M+ and 7+ years exhibited in the pharmaceuticals / biotech industry.
 
With ~90% of rare diseases having no therapeutic treatment at all, GEn1E is taking a giant swing that will hopefully bring life-saving therapies to the lives of patients in need.
 
The team at GEn1E has decades of experience in drug development and machine learning. We graduated from YCombinator and Stanford-StartX in late 2019. We are based in Palo Alto, CA.",AI platform accelerating therapies for rare & inflammatory diseases.,,Healthcare,Healthcare -> Therapeutics,"[""Healthcare"", ""Therapeutics""]","[""Artificial Intelligence"", ""Biotech"", ""Healthcare"", ""Drug discovery""]",Summer 2019,Active,Early,"[""United States of America"", ""America / Canada"", ""Remote"", ""Partly Remote""]",False,False,False,12614
Y Combinator,12531,https://www.ycombinator.com/companies/shiru,2026-07-29T16:08:39Z,Shiru,shiru,https://www.shiru.com/,"Emeryville, CA, USA",,Shiru leverages ML to create proteins to feed the world sustainably. ,4,Healthcare,Healthcare -> Industrial Bio,"[""Healthcare"", ""Industrial Bio""]","[""AI-powered Drug Discovery"", ""Cellular Agriculture"", ""Machine Learning""]",Summer 2019,Active,Early,"[""United States of America"", ""America / Canada"", ""Remote"", ""Partly Remote""]",False,False,False,12531
Y Combinator,1251,https://www.ycombinator.com/companies/synvivia,2026-07-29T16:08:39Z,Synvivia,synvivia,https://www.synvivia.com,"San Francisco, CA, USA; Berkeley, CA, USA",Synvivia applies chemical control over cell behavior. This allows us to optimize biomanufacturing of high-value biopharmaceutical products.,Synvivia applies chemical control over cell behavior,4,Healthcare,Healthcare -> Industrial Bio,"[""Healthcare"", ""Industrial Bio""]","[""Artificial Intelligence"", ""Synthetic Biology"", ""Biotech"", ""Manufacturing"", ""Drug discovery""]",Summer 2016,Active,Early,"[""United States of America"", ""America / Canada""]",False,False,False,1251
Y Combinator,12355,https://www.ycombinator.com/companies/yourchoice-therapeutics,2026-07-29T16:08:39Z,YourChoice Therapeutics,yourchoice-therapeutics,http://ychoicetx.com,"San Francisco, CA, USA; Berkeley, CA, USA","YourChoice Therapeutics is revolutionizing the global contraceptive market. Our vision is to develop non-hormonal contraceptives to provide both women and men with birth control options that lack the associated risks of hormone-based options but are equally effective. Traditionally, it has been the women’s financial and health burden to have a contraceptive in place. Our first goal is therefore to  bring a novel non-hormonal, on-demand and low cost female contraceptive to the market that will substantially improve their quality of life and well-being. Our second goal is to develop the first ever non-surgical and highly effective non-hormonal contraceptive for men. Currently, male contraception is limited to two main options – vasectomy or condoms. Having such options available to both women and men will globally allow for much better family planning, reduce the number of unwanted pregnancies including abortions and therefore reduce costs and ensure contraceptive health and well-being.",YourChoice therapeutics is revolutionizing the contraceptive market…,3,Healthcare,Healthcare -> Therapeutics,"[""Healthcare"", ""Therapeutics""]","[""Health Tech"", ""Biotech""]",Winter 2019,Active,Early,"[""United States of America"", ""America / Canada""]",False,False,False,12355
Y Combinator,12286,https://www.ycombinator.com/companies/1910,2026-07-29T16:08:39Z,1910,1910,http://1910.ai,"Boston, MA, USA","We are the only AI-native biotech pioneering small and large molecule therapeutics discovery by integrating massive multimodal data, frontier AI models, and high-throughput lab automation into an infrastructure for AI-enabled drug discovery.",Multimodal AI Platform for Modality Agnostic Drug Discovery™,20,Healthcare,Healthcare -> Therapeutics,"[""Healthcare"", ""Therapeutics""]","[""AI-powered Drug Discovery""]",Winter 2019,Active,Growth,"[""United States of America"", ""America / Canada""]",False,False,False,12286
Y Combinator,12085,https://www.ycombinator.com/companies/volta-labs-inc,2026-07-29T16:08:39Z,"Volta Labs, Inc.",volta-labs-inc,http://voltalabs.com,"Boston, MA, USA; Cambridge, MA, USA","Volta Labs is a genomics applications company that has developed a cutting-edge digital fluidics platform to maximize performance and scalability of sample preparation in genomics while providing unparalleled consistency. Volta is transforming the way biological research and analyses are performed, allowing scientists to focus on what they do best -- pushing the boundaries of biology.

As a collective of scientists and builders working at the intersection of engineering and biology, we imagine a world where extracting vital information from biological samples is as simple as pressing a button. That's our vision, and we're turning it into reality.

Our HQ is in Boston’s Seaport, where we develop and manufacture our technology. We believe in cross-functional collaboration and continuous learning –  whether your interest is in biology, MechEng, CompEng, or simply joining a fast-growing startup striving to make the world a better place, we'd love to welcome you to our team. Check out some of our blog posts to learn more about work life at Volta.  ",Unlocking the utility of genomics for the world.,50,Healthcare,Healthcare -> Industrial Bio,"[""Healthcare"", ""Industrial Bio""]","[""Hard Tech"", ""Hardware"", ""Robotics"", ""Genomics"", ""Biotechnology""]",Winter 2019,Active,Growth,"[""United States of America"", ""America / Canada""]",True,False,False,12085
Y Combinator,12056,https://www.ycombinator.com/companies/intact-therapeutics,2026-07-29T16:08:39Z,Intact Therapeutics,intact-therapeutics,http://www.intacttherapeutics.com,"San Francisco, CA, USA; Los Altos, CA, USA",Intatct is developing an advanced materials platform to improve the way drugs are delivered and absorbed in the digestive tract. Our vision is to improve the treatment of a wide range of gastrointestinal disorders that are currently underserved.,Smart gels for local drug delivery to the gut,4,Healthcare,Healthcare -> Therapeutics,"[""Healthcare"", ""Therapeutics""]","[""Drug Delivery"", ""Therapeutics""]",Winter 2019,Active,Early,"[""United States of America"", ""America / Canada"", ""Remote"", ""Partly Remote""]",False,False,False,12056
Y Combinator,12046,https://www.ycombinator.com/companies/excepgen,2026-07-29T16:08:39Z,Excepgen,excepgen,http://www.excepgen.com,"San Francisco, CA, USA",,,3,Healthcare,Healthcare -> Therapeutics,"[""Healthcare"", ""Therapeutics""]","[""Biotech""]",Winter 2019,Active,Early,"[""United States of America"", ""America / Canada""]",False,False,False,12046
Y Combinator,11979,https://www.ycombinator.com/companies/leah-labs,2026-07-29T16:08:39Z,LEAH Labs,leah-labs,http://www.leahlabs.com,"Minneapolis, MN, USA","LEAH Labs is building living therapies for pets first, and their people next. We're first focused on CAR-T cell therapy for dogs with B cell lymphoma, the naturally occurring clinical analog of human non-Hodgkin's lymphoma. CAR-T cells are curative in humans, and our early results are showing the same - we're inducing remissions in pets with late stage lymphomas. Our virus-free gene editing platform allows us to engineer a dose of CAR-T cell therapy for ~$500, and brings the promise of a curative outcome. Given our safety and efficacy data to date, we believe this product could be used by general practice veterinarians, meaning we have thousands of customers all across the USA who typically treat with palliative care or refer cancer patients to specialty oncologists. Our CAR-T cell platform is regulated by the USDA, not the FDA, affording us a cost effective ""full stack"" to iterate and innovate on CAR-T cell therapy from a hypothesis through clinical validation. ","Living therapies for pets first, and their people next",4,Healthcare,Healthcare -> Therapeutics,"[""Healthcare"", ""Therapeutics""]","[""CRISPR"", ""Cell Therapy"", ""Drug discovery""]",Winter 2019,Active,Early,"[""United States of America"", ""America / Canada""]",False,False,False,11979
Y Combinator,1100,https://www.ycombinator.com/companies/perlara,2026-07-29T16:08:39Z,Perlara,perlara,http://perlara.com,"San Francisco, CA, USA; Oakland, CA, USA; Remote","Perlara 1.0 (Feb 2014 - Feb 2019) launched early R&D joint ventures called PerlQuests with highly motivated rare disease families, companies or impact investors. We screened gene-edited patient avatars for repurposable drugs in order to build a predictive R&D engine called ArkBase. We planned to monetize programs based on ArkBase predictions by selectively spinning out asset-centric clinical development NewCos.

Perlara 1.5 (March 2019 - April 2020) was the transition to a one-person virtual clinical development company and when the epalrestat and aripiprazole repurposing trials were launched at Mayo Clinic for the treatment of PMM2-CDG and NGLY1-CDDG, respectively.

Perlara 2.0 (May 2020 --> The first decentralized and distributed biotech
",Perlara: building the YC for rare disease parents,1,Healthcare,Healthcare -> Drug Discovery and Delivery,"[""Healthcare"", ""Drug Discovery and Delivery""]",[],Winter 2016,Active,Early,"[""United States of America"", ""America / Canada"", ""Remote"", ""Fully Remote""]",False,False,False,1100
Y Combinator,1097,https://www.ycombinator.com/companies/lygos,2026-07-29T16:08:39Z,Lygos,lygos,http://www.lygos.com,"San Francisco, CA, USA","Founded in 2010, Lygos is providing biotechnology solutions for today’s renewable chemical challenges. They engineer microbes to convert sugars into high-value, industrial chemicals, targeting compounds where biological production is cost-advantaged over petrochemical production.",Lygos engineers yeast to convert sugar into high-value industrial…,55,Healthcare,Healthcare -> Industrial Bio,"[""Healthcare"", ""Industrial Bio""]","[""Synthetic Biology"", ""Climate"", ""Biotechnology""]",Winter 2016,Active,Growth,"[""United States of America"", ""America / Canada""]",False,False,False,1097
Y Combinator,916,https://www.ycombinator.com/companies/zpredicta,2026-07-29T16:08:39Z,zPREDICTA,zpredicta,http://zpredicta.com,"San Francisco, CA, USA; San Jose, CA, USA","zPREDICTA is developing organ-specific, physiologically-relevant 3D cell culture models providing a 1-to-1 reconstruction of human tissues. This is the only available 3D culture approach that comprehensively accounts for the major components of the cellular and extracellular tissue microenvironment preserving the critical interactions between a tumor and its surroundings. Clinical study data demonstrate the high correlation between drug efficacy measured in our platform and the clinical response. The ability of the zPREDICTA platform to reliably predict clinical outcomes offers superior compound attrition management, empowering researchers to exclude ineffective compounds while selecting agents with a high probability of success in the clinic.

Our approach is compatible with any drug class, multiple tissue/cell types and a wide variety of readouts.  Our customers are using these models for efficacy screening of anticancer compounds, including immuno-oncology agents, evaluation of mechanisms of drug resistance, the rescue of failed drug candidates, assessment of off-target toxicity, and a multitude other applications.",Patient-derived 3D tissue reconstruction models for preclinical…,2,Healthcare,Healthcare -> Drug Discovery and Delivery,"[""Healthcare"", ""Drug Discovery and Delivery""]",[],Summer 2015,Acquired,Early,"[""United States of America"", ""America / Canada""]",False,False,False,916
Y Combinator,25331,https://www.ycombinator.com/companies/engage-bio,2026-07-29T16:08:39Z,Engage Bio,engage-bio,http://engagebio.com,"San Francisco, CA, USA","Engage Bio has developed Tethosomes, a new class of non-viral DNA which finally unleashes potent, durable, redosable, and scalable genetic medicine.
 
In 2026 Engage was acquired by Eli Lilly.","Potent, durable, and redosable non-viral genetic medicines",10,Healthcare,Healthcare -> Therapeutics,"[""Healthcare"", ""Therapeutics""]","[""Synthetic Biology"", ""Biotech"", ""Healthcare"", ""Therapeutics"", ""Drug discovery""]",Winter 2022,Acquired,Early,"[""United States of America"", ""America / Canada""]",False,False,False,25331
Y Combinator,24443,https://www.ycombinator.com/companies/inflow,2026-07-29T16:08:39Z,Inflow,inflow,https://getinflow.io/,"London, England, United Kingdom; New York, NY, USA","Inflow is a self-help app for people to manage their ADHD. They provide support through psychoeducation, habit development, and community.",A self-help app for people to manage their ADHD.,20,Healthcare,Healthcare -> Therapeutics,"[""Healthcare"", ""Therapeutics""]","[""Mental Health Tech"", ""Consumer Health Services""]",Summer 2021,Acquired,Early,"[""United Kingdom"", ""United States of America"", ""Europe"", ""America / Canada"", ""Remote"", ""Partly Remote""]",False,False,False,24443
Y Combinator,21839,https://www.ycombinator.com/companies/current-foods,2026-07-29T16:08:39Z,Current Foods,current-foods,http://currentfoods.com,"San Francisco, CA, USA",Creating the next generation of seafood with plants and biotechnology. No compromises on taste and health while winning on price and consistency. First products are raw tuna and smoked salmon.,Impossible foods of seafood. ,18,Healthcare,Healthcare -> Industrial Bio,"[""Healthcare"", ""Industrial Bio""]","[""Climate""]",Summer 2020,Acquired,Early,"[""United States of America"", ""America / Canada"", ""Remote"", ""Partly Remote""]",False,False,False,21839
Y Combinator,2027,https://www.ycombinator.com/companies/dorian-therapeutics,2026-07-29T16:08:39Z,Dorian Therapeutics,dorian-therapeutics,http://www.doriantherapeutics.com,"San Francisco, CA, USA; San Carlos, CA, USA",,New therapeutics to rejuvenate tissue and treat age-related diseases ,8,Healthcare,Healthcare -> Therapeutics,"[""Healthcare"", ""Therapeutics""]","[""Anti-Aging"", ""Biotech"", ""Therapeutics""]",Summer 2018,Acquired,Early,"[""United States of America"", ""America / Canada""]",False,False,False,2027
Y Combinator,1981,https://www.ycombinator.com/companies/coral-genomics,2026-07-29T16:08:39Z,Coral Genomics,coral-genomics,https://www.coralgenomics.com,"San Francisco, CA, USA","Coral integrates molecular, functional, and clinical factors to create new clinical laboratory tests that predict optimal treatments for autoimmune diseases.

We have also identified a unique subpopulation of patients who do not respond to current therapies and are working towards addressing this unmet medical need.",New clinical tests for managing autoimmune treatments.,5,Healthcare,Healthcare -> Drug Discovery and Delivery,"[""Healthcare"", ""Drug Discovery and Delivery""]","[""Genomics""]",Summer 2018,Acquired,Early,"[""United States of America"", ""America / Canada"", ""Remote"", ""Partly Remote""]",False,False,False,1981
Y Combinator,13219,https://www.ycombinator.com/companies/dropprint-genomics,2026-07-29T16:08:39Z,Dropprint Genomics,dropprint-genomics,http://dropprintgen.com/,"San Francisco, CA, USA","Who we are?
We write software that understands the activity of individual cells as opposed to all cells. This approach is novel because we are no longer looking at average signals and can be precise. It is like a police person trying to identify the speeding car, they won’t find it if they look at all the cars at once, rather they need to look at the speed of each individual car. This is the beauty of single cell genomics, we can now identify that speeding car.

Why now?
The biggest barrier for entry into the single cell genomics market are cost and data analysis. To that end, we have reduced the cost by 10-fold and built the computational infrastructure for scalability. Although single cell sequencing has only been around for about five years, we come from one of the top single cell genomics labs and were the first to process and analyze millions of immune cells. Thanks to our software solutions, we have been able to bring big data solutions to the immune system.

Where are we and where are we going?
We have generated a database of over 1 million immune cells spanning healthy, cancerous, and autoimmune immune cells and are growing through paid partnerships. Harnessing out database and ML software, we can take a data-centric approach for better target discovery. Fortunately, as our database continues to grow, our models will continue to learn for more precise, unbiased, and automated single cell genomics.

Thank you! ",The better way to run single cell genomics,2,Healthcare,Healthcare -> Drug Discovery and Delivery,"[""Healthcare"", ""Drug Discovery and Delivery""]","[""Genomics""]",Winter 2020,Acquired,Early,"[""United States of America"", ""America / Canada""]",False,False,False,13219
Y Combinator,13079,https://www.ycombinator.com/companies/volumetric,2026-07-29T16:08:39Z,Volumetric,volumetric,https://volumetricbio.com/,"Houston, TX, USA","About Us
Volumetric is a recognized world leader in building living multicellular tissues, with a focus on replicating discrete functions of the human body for basic mechanistic biology, laboratory testing and screening, and drug development. Founded in 2018 by Bagrat Grigoryan and Jordan Miller as a spin-out from Rice University, the full potential of our work is to build whole human organ replacements for patients, made from their own cells.

Our Technology and Approach
We have invented a suite of breakthrough 3D bioprinting technologies, featured on the cover of Science, that can build human tissue with complex blood vessel networks. We are leveraging this technology in the short term to build patient-specific tissues for drug safety and efficacy testing. Patient cells are taken from a biopsy, added to our proprietary 3D printed tissues, and then drug compounds are injected through the blood vessel network to mimic actual drug delivery in humans. Our vision is that our technology will provide rigorous, reproducible, and predictive outcomes for patients, resulting in drastically improved outcomes for diseases like cancer. More broadly, we see the full potential of our mission as being able to produce functional tissue and organ replacements for diseased or damaged vital organs in the body such as the lung, liver, pancreas, kidney, and heart.
",Volumetric builds living multicellular tissues with a focus on the…,5,Healthcare,Healthcare -> Industrial Bio,"[""Healthcare"", ""Industrial Bio""]","[""Biotech"", ""Healthcare""]",Winter 2020,Acquired,Early,"[""United States of America"", ""America / Canada""]",False,False,False,13079
Y Combinator,747,https://www.ycombinator.com/companies/20n,2026-07-29T16:08:39Z,20n,20n,http://20n.com,"San Francisco, CA, USA","The next decade is going to see a biotech revolution fueled by three technologies: ability to read DNA (sequencing), ability to write DNA (synthesis), and computational systems that predict what DNA to read and write. With sequencing and synthesis being mainstream now [1], 20n provides the computational systems that predict DNA design for novel industrial biotech and health applications.

At 20n, we are taking a fresh look at turning biological data into information. We approach it as a big data learning problem, and bring to bear techniques from machine learning, distributed systems, AI planning, program synthesis, data mining, and natural language processing. With the support of DARPA [2], we are building a team of computer scientists, and bioengineers to look at biology in fundamentally new ways.

Our current customers include industrial biotech firms that are leading the charge in transitioning us from traditional unsustainable means of manufacturing to sustainable biological processes leading to advanced fuels, materials, therapeutics, and flavors and fragrances. 20n’s technology helps them enter markets previously thought inaccessible for biology.

[1] Sequencing DNA costs $4k/genome (http://www.genome.gov/sequencingcosts/) and is expected to go down to $1k/genome. Synthesizing DNA is at 20cents/bp, and is expected to go down to 0.1cents/bp.
[2] DARPA in the past supported work that led to the internet, stealth planes, GPS, and even Douglas Engelbart’s mother-of-all-demos.",Using AI to predict biochemistry for manufacturing and therapeutics,2,Healthcare,Healthcare -> Industrial Bio,"[""Healthcare"", ""Industrial Bio""]","[""Artificial Intelligence"", ""Biotech""]",Winter 2015,Inactive,Early,"[""United States of America"", ""America / Canada""]",False,False,False,747
Y Combinator,2031,https://www.ycombinator.com/companies/gerostate-alpha,2026-07-29T16:08:39Z,Gerostate Alpha,gerostate-alpha,http://www.gerostatealpha.com,"San Francisco, CA, USA; Novato, CA, USA",,Developing novel therapeutics for aging and chronic disease,6,Healthcare,Healthcare -> Therapeutics,"[""Healthcare"", ""Therapeutics""]","[""Biotech"", ""Therapeutics""]",Summer 2018,Inactive,Early,"[""United States of America"", ""America / Canada""]",False,False,False,2031
Y Combinator,2021,https://www.ycombinator.com/companies/perception-biosystems,2026-07-29T16:08:39Z,Perception Biosystems,perception-biosystems,https://www.perception.bio,"San Francisco, CA, USA; Palo Alto, CA, USA","Perception Biosystems is democratizing gene therapy through lab automation. Our mission is to accelerate the clinical translation of gene therapy by reinventing its manufacturing and development processes.

We're building a robotic lab in the SF Bay Area to translate the large facilities, labor, and regulatory requirements of current gene therapy factories into automated flexible manufacturing systems and code. This enables us to produce gene therapies for use in human clinical trials an order of magnitude faster and cheaper than the current solution – opening up thousands of rare disease targets otherwise thought too rare to pursue.",Democratizing gene therapy by reinventing its manufacturing and…,2,Healthcare,Healthcare -> Therapeutics,"[""Healthcare"", ""Therapeutics""]","[""Gene Therapy"", ""Biotech""]",Summer 2018,Inactive,Early,"[""United States of America"", ""America / Canada""]",False,False,False,2021
Y Combinator,2016,https://www.ycombinator.com/companies/dnovo,2026-07-29T16:08:39Z,dNovo,dnovo,http://dnovobio.com/,"San Francisco, CA, USA; San Jose, CA, USA","At dNovo, we are curing hair loss by creating new hair, de novo. We are doing this with cellular reprogramming technology that we pioneered at Stanford and Harvard. With this technology, we can take any patient derived cell, whether it be blood, skin or fat and reprogram (convert) them into medically relevant cell types. Our first objective is to cure hair loss by using our reprogramming technology to make new hair (patent pending).  This is different from everything currently available on the market because the hair loss industry is focused on maintaining the hair that you already have, but no one is trying to produce NEW hair, de novo.  After hair, we envision using our cellular reprogramming technique to make any cell, any tissue or any organ on demand to replace what is lost as we age.",The cure for hair loss.,4,Healthcare,Healthcare -> Therapeutics,"[""Healthcare"", ""Therapeutics""]","[""Anti-Aging""]",Summer 2018,Inactive,Early,"[""United States of America"", ""America / Canada""]",False,False,False,2016
Y Combinator,1928,https://www.ycombinator.com/companies/spero-foods,2026-07-29T16:08:39Z,Spero Foods,spero-foods,https://www.sperofoods.co/,"San Francisco, CA, USA; Oakland, CA, USA","Spero is affordable, clean, sustainable plant-based dairy.

With 21 global patent apps and novel process engineering for high throughput low cost plant dairy, Spero recreates staple foods you love, in ways that are good for you and the planet.",dairy reinvented from plants,,Healthcare,Healthcare -> Industrial Bio,"[""Healthcare"", ""Industrial Bio""]","[""Consumer"", ""Climate"", ""Food"", ""Food Tech""]",Summer 2018,Inactive,Growth,"[""United States of America"", ""America / Canada""]",False,False,False,1928
Y Combinator,1775,https://www.ycombinator.com/companies/reverie-labs,2026-07-29T16:08:39Z,Reverie Labs,reverie-labs,http://www.reverielabs.com,"Boston, MA, USA; Cambridge, MA, USA","Reverie Labs is engineering next-generation, brain-penetrant cancer therapies.
"," Engineering next-generation, brain-penetrant cancer therapies.",29,Healthcare,Healthcare -> Therapeutics,"[""Healthcare"", ""Therapeutics""]","[""AI-powered Drug Discovery"", ""Machine Learning"", ""Biotech""]",Winter 2018,Inactive,Early,"[""United States of America"", ""America / Canada""]",False,False,False,1775
Y Combinator,13306,https://www.ycombinator.com/companies/trident-bioscience,2026-07-29T16:08:39Z,Trident Bioscience,trident-bioscience,https://trident.bio,"San Francisco, CA, USA; Mountain View, CA, USA; Remote","Trident Bioscience builds tools to expedite the discovery and optimization of useful proteins. Our technology first applies predictive models of protein structure and function to generate sets of potentially active protein sequences. We then apply our state-of-the-art sequence optimization algorithm to design gene libraries capable of testing these candidates extremely quickly and affordably. By combining these technologies, we're closing the design-build-test loop of protein optimization and cutting the total cycle time to help bring synthetic proteins to market faster than ever before.",Accelerating protein engineering.,1,Healthcare,Healthcare -> Drug Discovery and Delivery,"[""Healthcare"", ""Drug Discovery and Delivery""]","[""Hard Tech"", ""Machine Learning""]",Summer 2020,Inactive,Early,"[""United States of America"", ""America / Canada"", ""Remote"", ""Fully Remote""]",False,False,False,13306
Y Combinator,13178,https://www.ycombinator.com/companies/felix-biotechnology,2026-07-29T16:08:39Z,Felix Biotechnology,felix-biotechnology,https://www.felixbt.com/,"San Francisco, CA, USA",We are building the first end-to-end digital viral design platform to protect the world against the coming threat of antimicrobial resistance.,We’re creating programmable therapies,6,Healthcare,Healthcare -> Drug Discovery and Delivery,"[""Healthcare"", ""Drug Discovery and Delivery""]","[""Biotech"", ""Genomics"", ""Therapeutics""]",Winter 2020,Inactive,Early,"[""United States of America"", ""America / Canada"", ""Remote"", ""Partly Remote""]",False,False,False,13178
Y Combinator,12579,https://www.ycombinator.com/companies/encepheal-therapeutics,2026-07-29T16:08:39Z,Encepheal Therapeutics,encepheal-therapeutics,http://www.encepheal.com,"Winston-Salem, NC, USA","EncepHeal is developing medications to treat substance abuse. Our first product is a small molecule therapeutic for stimulants like cocaine and methamphetamine, of which there are no FDA approved treatments.

Our small molecule technology are atypical inhibitors of the dopamine transporter. Cocaine itself is an inhibitor of the same transporter. Directly reducing craving or positive reinforcement is a successful treatment strategy for addiction. Methadone or buprenorphine (Suboxone) are key examples of this for opioid use disorder. However, these types of medications can be addictive themselves. This has been a major hurdle for medication development for cocaine addiction and has led to many leaders in the addiction space to abandon the dopamine transporter as a target. At EncepHeal, we believe that the dopamine transporter should not be abandoned and instead focusing on fixing the abuse liability problem. Therefore with our partners at the National Institutes of Health, we have shown that these new, allosteric modulators at the dopamine transporter do not display addictive tendencies in animal models. They are also effective at curbing cocaine addiction. 

Our management team has two co-founders, Omeed Rahimi and Aaron Lazarus, as well as an experienced addiction pharmacologist as their research officer. The team has an advisory board with entrepreneurial and addiction drug development experience as well as expert partners at the National Institute on Drug Abuse, a subset of the NIH, and Wake Forest.

Our team has had success in raising non-dilutive funding and has expertise with SBIR/STTR grants. We are looking for help in better connecting with the biotech/pharmaceutical industry.

","EncepHeal develops medications to treat substance abuse, starting…",3,Healthcare,Healthcare -> Therapeutics,"[""Healthcare"", ""Therapeutics""]","[""Therapeutics"", ""Drug discovery""]",Summer 2019,Inactive,Early,"[""United States of America"", ""America / Canada""]",False,False,False,12579
Y Combinator,12210,https://www.ycombinator.com/companies/endpoint-health,2026-07-29T16:08:39Z,Endpoint Health,endpoint-health,https://endpointhealth.com/,"San Francisco, CA, USA; Palo Alto, CA, USA; Remote","Endpoint Health is on a mission to address urgent needs in immune-driven critical and chronic illnesses by delivering therapies that are personalized to each patient’s biology. We built Endpoint Health from the ground up to develop and commercialize therapeutics and therapy-guiding tests, to ensure that every patient receives personalized treatment that will dramatically improve their outcomes. Our vision is a world in which all patients have effective, personalized treatment, because therapies are targeted to the right patient at the right time.",Precision-first therapies,23,Healthcare,Healthcare -> Therapeutics,"[""Healthcare"", ""Therapeutics""]",[],Winter 2019,Inactive,Growth,"[""United States of America"", ""America / Canada"", ""Remote"", ""Fully Remote""]",False,False,False,12210
Y Combinator,12011,https://www.ycombinator.com/companies/viosera-therapeutics,2026-07-29T16:08:39Z,ResistanceBio,viosera-therapeutics,http://www.resistance.bio,"San Francisco, CA, USA; Overland, MO, USA",,We solve drug resistance for cancer,15,Healthcare,Healthcare -> Therapeutics,"[""Healthcare"", ""Therapeutics""]","[""AI-powered Drug Discovery""]",Winter 2019,Inactive,Early,"[""United States of America"", ""America / Canada"", ""Remote"", ""Partly Remote""]",False,False,False,12011
