lab_name,category_focus,city,state,street_address,contact_name,contact_email,phone_number,website_url,source_registry
ALPHA BETA THERAPEUTICS,Biologics,-,,,,,,https://alphabetatx.com/,BioPharmGuy
EARENDIL LABS,Biologics,-,,,,,,https://www.earendil.bio/,BioPharmGuy
ENLILA,Biologics,-,,,,,,https://enlila.com/,BioPharmGuy
ENTERALIA BIOSCIENCE,Biologics,-,,,,,,https://enteralia-bioscience.com/,BioPharmGuy
GLYCOMANTRA,Biologics,-,,,,,,https://www.glycomantra.com/,BioPharmGuy
HBM ALPHA THERAPEUTICS,Biologics,-,,,,,,https://www.hbmalphatx.com/,BioPharmGuy
MANAOLANA ONCOLOGY,Biologics,-,,,,,,https://www.manaolanaoncology.com/,BioPharmGuy
ONCOSTING,Biologics,-,,,,,,https://www.oncosting.com/,BioPharmGuy
PHIALOGICS,Biologics,-,,,,,,https://www.phialogics.net/,BioPharmGuy
VASARYA THERAPEUTICS,Biologics,-,,,,,,https://www.vasarya.com/,BioPharmGuy
NOVABRIDGE BIOSCIENCES,Biologics,- Virtual,,,,,,https://www.novabridge.com/,BioPharmGuy
ONCOLYTICS BIOTECH,Biologics,Ab - Calgary,,,,,,https://oncolyticsbiotech.com/,BioPharmGuy
QUEST PHARMATECH,Biologics,Ab - Edmonton,,,,,,http://www.questpharmatech.com,BioPharmGuy
NUTECH SPINE,Biologics,Al - Birmingham,,,,,,https://nutechspine.com/,BioPharmGuy
AVATAR MEDTECH,Biologics,Argentina - Buenos Aires,,,,,,https://www.avatarmedtech.co/,BioPharmGuy
BIOMARIN PHARMACEUTICAL,Biologics,Argentina - Buenos Aires,,,,,,https://www.biomarin.com/,BioPharmGuy
INMUNOVA,Biologics,Argentina - Buenos Aires,,,,,,https://inmunova.com/en/,BioPharmGuy
VAXINE,Biologics,Australia - Bedford Park,,,,,,https://www.vaxine.net,BioPharmGuy
VIVAZOME,Biologics,Australia - Belmont,,,,,,https://vivazome.com/,BioPharmGuy
IMMURON,Biologics,Australia - Blackburn North,,,,,,https://www.immuron.com.au,BioPharmGuy
MYRIO THERAPEUTICS,Biologics,Australia - Blackburn North,,,,,,https://www.myriotx.com/,BioPharmGuy
TELIX PHARMACEUTICALS,Biologics,Australia - Brisbane,,,,,,https://telixpharma.com/,BioPharmGuy
IMUNEXUS THERAPEUTICS,Biologics,Australia - Bundoora,,,,,,https://imunexus.com/,BioPharmGuy
ADALTA,Biologics,Australia - Camberwell,,,,,,https://adalta.com.au/,BioPharmGuy
SDIP INNOVATIONS,Biologics,Australia - Hornsby,,,,,,https://www.sdipinnovations.com/,BioPharmGuy
TEVA,Biologics,Australia - Macquarie Park,,,,,,https://www.tevapharm.com/,BioPharmGuy
DENTERIC,Biologics,Australia - Malbourne,,,,,,https://www.denteric.com/,BioPharmGuy
ABBVIE,Biologics,Australia - Mascot,,,,,,https://www.abbvie.com/,BioPharmGuy
ARAVAX,Biologics,Australia - Melbourne,,,,,,https://www.aravax.com.au/,BioPharmGuy
MESOBLAST,Biologics,Australia - Melbourne,,,,,,https://www.mesoblast.com/,BioPharmGuy
TELIX PHARMACEUTICALS,Biologics,Australia - North Melbourne,,,,,,https://telixpharma.com/,BioPharmGuy
CAMBIUM BIO,Biologics,Australia - Paddington,,,,,,https://www.cambium.bio/,BioPharmGuy
OPTHEA,Biologics,Australia - South Yarratoria,,,,,,https://www.opthea.com/,BioPharmGuy
IMUGENE,Biologics,Australia - Sydney,,,,,,https://imugene.com/,BioPharmGuy
TELIX PHARMACEUTICALS,Biologics,Australia - Sydney,,,,,,https://telixpharma.com/,BioPharmGuy
KIRA BIOTECH,Biologics,Australia - Toowong,,,,,,https://kirabiotech.com/,BioPharmGuy
ANTAGONIS BIOTHERAPEUTICS,Biologics,Austria - Graz,,,,,,https://antagonis.com/,BioPharmGuy
CYCURIA THERAPEUTICS,Biologics,Austria - Graz,,,,,,https://cycuria.com/,BioPharmGuy
ANGIOS BIOTECH,Biologics,Austria - Innsbruck,,,,,,https://www.angios-bio.com/,BioPharmGuy
ARTHRO KINETICS,Biologics,Austria - Krems An Der Donau,,,,,,https://www.arthro-kinetics.com/,BioPharmGuy
ALGOSS BIOTECHNOLOGIES,Biologics,Austria - Vienna,,,,,,https://www.algoss.at/,BioPharmGuy
ANYXIS,Biologics,Austria - Vienna,,,,,,https://www.anyxis-io.com/,BioPharmGuy
ANYXIS IMMUNO-ONCOLOGY,Biologics,Austria - Vienna,,,,,,https://www.anyxis-io.com/,BioPharmGuy
AOP ORPHAN DISEASES,Biologics,Austria - Vienna,,,,,,https://www.aop-health.com/global_en,BioPharmGuy
APOSCIENCE,Biologics,Austria - Vienna,,,,,,https://www.aposcience.at/,BioPharmGuy
AUSTRIANNI,Biologics,Austria - Vienna,,,,,,https://www.austrianni.com/,BioPharmGuy
HD IMMUNE,Biologics,Austria - Vienna,,,,,,https://www.hdimmune.com/,BioPharmGuy
INVIOS,Biologics,Austria - Vienna,,,,,,https://www.invios.com/,BioPharmGuy
OCTAPHARMA,Biologics,Austria - Vienna,,,,,,https://www.octapharma.com/,BioPharmGuy
VALNEVA,Biologics,Austria - Vienna,,,,,,https://valneva.com/,BioPharmGuy
AMNIO TECHNOLOGY,Biologics,Az - Phoenix,,,,,,https://amniotechnology.com/,BioPharmGuy
BREAKTHRU MEDICINE,Biologics,Az - Phoenix,,,,,,https://www.breakthrumed.com/,BioPharmGuy
PINNACLE TRANSPLANT,Biologics,Az - Phoenix,,,,,,https://pinnacletransplant.com/,BioPharmGuy
APPLIED BIOLOGICS,Biologics,Az - Scottsdale,,,,,,https://www.appliedbiologics.com/,BioPharmGuy
JOCASTA NEUROSCIENCE,Biologics,Az - Scottsdale,,,,,,https://www.jocastaneuro.com/,BioPharmGuy
SURGENEX,Biologics,Az - Scottsdale,,,,,,https://www.surgenex.com/,BioPharmGuy
IMETABOLIC BIOPHARMA,Biologics,Az - Tempe,,,,,,https://imbiopharma.com/,BioPharmGuy
AQUALUNG THERAPEUTICS,Biologics,Az - Tucson,,,,,,https://www.aqualungtherapeutics.com/,BioPharmGuy
ASPIRO THERAPEUTICS,Biologics,Az - Tucson,,,,,,https://aspirotx.com/,BioPharmGuy
RAESEDO,Biologics,Az - Tucson,,,,,,https://raesedoinc.com/,BioPharmGuy
AMGEN,Biologics,Bc - Burnaby,,,,,,https://www.amgen.com/,BioPharmGuy
IPROGEN BIOTECH,Biologics,Bc - Burnaby,,,,,,https://iprogen.com/,BioPharmGuy
QU BIOLOGICS,Biologics,Bc - Burnaby,,,,,,https://qubiologics.com/,BioPharmGuy
TELIX PHARMACEUTICALS,Biologics,Bc - Burnaby,,,,,,https://telixpharma.com/,BioPharmGuy
BIOPEP SOLUTIONS,Biologics,Bc - Richmond,,,,,,https://www.biopeps.com/,BioPharmGuy
3C THERAPEUTICS,Biologics,Bc - Vancouver,,,,,,https://www.3ctherapeutics.com/,BioPharmGuy
ABCELLERA,Biologics,Bc - Vancouver,,,,,,https://www.abcellera.com/,BioPharmGuy
ABDERA THERAPEUTICS,Biologics,Bc - Vancouver,,,,,,https://abderatx.com/,BioPharmGuy
DCX BIOTHERAPEUTICS,Biologics,Bc - Vancouver,,,,,,https://dcxbio.com/,BioPharmGuy
ME THERAPEUTICS,Biologics,Bc - Vancouver,,,,,,https://metherapeutics.com/,BioPharmGuy
MEDICENNA THERAPEUTICS,Biologics,Bc - Vancouver,,,,,,https://www.medicenna.com/,BioPharmGuy
REVERB THERAPEUTICS,Biologics,Bc - Vancouver,,,,,,https://www.reverbtx.com/en/,BioPharmGuy
ZYMEWORKS,Biologics,Bc - Vancouver,,,,,,https://www.zymeworks.com/,BioPharmGuy
BRIACELL THERAPEUTICS,Biologics,Bc - West Vancouver,,,,,,https://briacell.com/,BioPharmGuy
AGOMAB THERAPEUTICS,Biologics,Belgium - Antwerpen,,,,,,https://agomab.com/,BioPharmGuy
PRECIRIX,Biologics,Belgium - Brussels,,,,,,https://precirix.com/,BioPharmGuy
PROTHYA BIOSOLUTIONS,Biologics,Belgium - Brussels,,,,,,https://prothya.com/,BioPharmGuy
UCB PHARMA,Biologics,Belgium - Brussels,,,,,,https://www.ucb.com/,BioPharmGuy
SANOFI,Biologics,Belgium - Geel,,,,,,https://www.sanofi.com/en,BioPharmGuy
CONFO THERAPEUTICS,Biologics,Belgium - Ghent,,,,,,https://www.confotherapeutics.com/,BioPharmGuy
EXEVIR,Biologics,Belgium - Ghent,,,,,,https://exevir.com/,BioPharmGuy
ORIONIS BIOSCIENCES,Biologics,Belgium - Ghent,,,,,,https://orionisbio.com/,BioPharmGuy
ABOLEIIS PHARMA,Biologics,Belgium - Gosselies,,,,,,https://aboleris-pharma.com/,BioPharmGuy
BIOXODES,Biologics,Belgium - Gosselies,,,,,,https://bioxodes.com/,BioPharmGuy
NEUVASQ,Biologics,Belgium - Gosselies,,,,,,https://neuvasq.com/,BioPharmGuy
TELIX PHARMACEUTICALS,Biologics,Belgium - Herstal,,,,,,https://telixpharma.com/,BioPharmGuy
MONTIS BIOSCIENCES,Biologics,Belgium - Leuven,,,,,,https://www.montisbio.com/,BioPharmGuy
UCB PHARMA,Biologics,Belgium - Leuven,,,,,,https://www.ucb.com/,BioPharmGuy
AMYL THERAPEUTICS,Biologics,Belgium - Liège,,,,,,https://www.amyltx.com/,BioPharmGuy
BIO-SOURCING,Biologics,Belgium - Liege,,,,,,https://www.bio-sourcing.com/,BioPharmGuy
TEMPLE ORTHOBIOLOGICS,Biologics,Belgium - Liège,,,,,,https://www.templeorthobio.com/,BioPharmGuy
ATB THERAPEUTICS,Biologics,Belgium - Marche-En-Famenne,,,,,,https://atbtherapeutics.com/,BioPharmGuy
BAYER,Biologics,Belgium - Mechelen,,,,,,https://www.bayer.com/en/,BioPharmGuy
LAKEFRONT BIOTHERAPEUTICS,Biologics,Belgium - Mechelen,,,,,,https://lakefrontbio.com/,BioPharmGuy
NOVADIP BIOSCIENCES,Biologics,Belgium - Mont-Saint-Guibert,,,,,,https://novadip.com/,BioPharmGuy
INTELIPHAGE,Biologics,Belgium - Ottignies-Louvain-La-Neuve,,,,,,https://www.inteliphage.com/,BioPharmGuy
GSK,Biologics,Belgium - Rixensart,,,,,,https://www.gsk.com/en-gb/,BioPharmGuy
EUROGENTEC,Biologics,Belgium - Seraing,,,,,,https://www.eurogentec.com/en/,BioPharmGuy
GSK,Biologics,Belgium - Wavre,,,,,,https://www.gsk.com/en-gb/,BioPharmGuy
ARGENX,Biologics,Belgium - Zwijnaarde,,,,,,https://argenx.com/,BioPharmGuy
COMPLIX,Biologics,Belgium - Zwijnaarde,,,,,,https://www.complix.com/,BioPharmGuy
CHIESI,Biologics,Brazil - Santana De Parnaíba,,,,,,https://www.chiesi.com/en/,BioPharmGuy
BIOMARIN PHARMACEUTICAL,Biologics,Brazil - São Paulo,,,,,,https://www.biomarin.com/,BioPharmGuy
BIONOVIS BRASIL,Biologics,Brazil - Valinhos,,,,,,https://bionovis.com.br/,BioPharmGuy
AOP ORPHAN DISEASES,Biologics,Bulgaria - Sofia,,,,,,https://www.aop-health.com/global_en,BioPharmGuy
A2 BIOTHERAPEUTICS,Biologics,Ca - Agoura Hills,,,,,,https://www.a2bio.com/,BioPharmGuy
INFINIMMUNE,Biologics,Ca - Alameda,,,,,,https://www.infinimmune.com/,BioPharmGuy
SANTA ANA BIO,Biologics,Ca - Alameda,,,,,,https://www.santaana.bio/,BioPharmGuy
NEUMEDICINES,Biologics,Ca - Arcadia,,,,,,https://www.neumedicines.com/,BioPharmGuy
STEMCYTE,Biologics,Ca - Baldwin Park,,,,,,https://stemcyte.com/,BioPharmGuy
SOLVE THERAPEUTICS,Biologics,Ca - Belmont,,,,,,https://solvetx.com/,BioPharmGuy
COAGULANT THERAPEUTICS,Biologics,Ca - Berkeley,,,,,,https://www.coagulanttherapeutics.com/,BioPharmGuy
CONCEPTION,Biologics,Ca - Berkeley,,,,,,https://www.conception.bio/,BioPharmGuy
CURA THERAPEUTICS,Biologics,Ca - Berkeley,,,,,,https://www.curatherapeutics.com/,BioPharmGuy
DEXTERA BIOSCIENCES,Biologics,Ca - Berkeley,,,,,,https://dexterabio.com/,BioPharmGuy
PRELLIS BIOLOGICS,Biologics,Ca - Berkeley,,,,,,https://prellisbio.com/,BioPharmGuy
RESVITA BIO,Biologics,Ca - Berkeley,,,,,,https://resvitabio.com/,BioPharmGuy
VALITOR,Biologics,Ca - Berkeley,,,,,,https://www.valitorbio.com/,BioPharmGuy
ANNEXON BIOSCIENCES,Biologics,Ca - Brisbane,,,,,,https://annexonbio.com/,BioPharmGuy
BRISTOL MYERS SQUIBB,Biologics,Ca - Brisbane,,,,,,https://www.bms.com/,BioPharmGuy
DELPOR,Biologics,Ca - Brisbane,,,,,,https://delpor.com/,BioPharmGuy
PROTHENA,Biologics,Ca - Brisbane,,,,,,https://www.prothena.com/,BioPharmGuy
ULTRAGENYX PHARMACEUTICAL,Biologics,Ca - Brisbane,,,,,,https://www.ultragenyx.com/,BioPharmGuy
VERA THERAPEUTICS,Biologics,Ca - Brisbane,,,,,,https://veratx.com/,BioPharmGuy
APEXIMMUNE,Biologics,Ca - Burlingame,,,,,,https://www.apeximmune.com/,BioPharmGuy
ASHIBIO,Biologics,Ca - Burlingame,,,,,,https://ashibio.com/,BioPharmGuy
HINGE BIO,Biologics,Ca - Burlingame,,,,,,https://hingebio.com/,BioPharmGuy
TALLAC THERAPEUTICS,Biologics,Ca - Burlingame,,,,,,https://www.tallactherapeutics.com/,BioPharmGuy
TARAN THERAPEUTICS,Biologics,Ca - Burlingame,,,,,,https://www.tarantherapeutics.com/,BioPharmGuy
REMD BIOTHERAPEUTICS,Biologics,Ca - Camarillo,,,,,,http://www.remdbio.com/,BioPharmGuy
LINEAGE CELL THERAPEUTICS,Biologics,Ca - Carlsbad,,,,,,https://lineagecell.com/,BioPharmGuy
TORL BIOTHERAPEUTICS,Biologics,Ca - Culver City,,,,,,https://torlbio.com/,BioPharmGuy
KITE PHARMA,Biologics,Ca - El Segundo,,,,,,https://www.kitepharma.com/,BioPharmGuy
ABALONE BIO,Biologics,Ca - Emeryville,,,,,,https://www.abalonebio.com/,BioPharmGuy
EUREKA THERAPEUTICS,Biologics,Ca - Emeryville,,,,,,https://www.eurekatherapeutics.com/,BioPharmGuy
METAGENOMI,Biologics,Ca - Emeryville,,,,,,https://metagenomi.co/,BioPharmGuy
TRUEBINDING,Biologics,Ca - Foster City,,,,,,https://www.truebinding.com/,BioPharmGuy
BOEHRINGER INGELHEIM,Biologics,Ca - Fremont,,,,,,https://www.boehringer-ingelheim.com/,BioPharmGuy
NOVO NORDISK,Biologics,Ca - Fremont,,,,,,https://www.novonordisk.com/,BioPharmGuy
VALION BIO,Biologics,Ca - Fremont,,,,,,https://valionbio.com/,BioPharmGuy
SIGMAGRAFT,Biologics,Ca - Fullerton,,,,,,https://sigmagraft.com/,BioPharmGuy
92BIO,Biologics,Ca - Hayward,,,,,,https://92biotech.com/,BioPharmGuy
AARVIK THERAPEUTICS,Biologics,Ca - Hayward,,,,,,https://aarviktx.com/,BioPharmGuy
ARCUS BIOSCIENCES,Biologics,Ca - Hayward,,,,,,https://arcusbio.com/,BioPharmGuy
BINACEA PHARMA,Biologics,Ca - Hayward,,,,,,https://binaceapharma.com/,BioPharmGuy
EPOK THERAPEUTICS,Biologics,Ca - Hayward,,,,,,https://epoktherapeutics.com/,BioPharmGuy
RONDO THERAPEUTICS,Biologics,Ca - Hayward,,,,,,https://www.rondotx.com/,BioPharmGuy
MOSAIC IMMUNOENGINEERING,Biologics,Ca - Huntington Beach,,,,,,https://www.mosaicie.com/,BioPharmGuy
PROTEOGENEX,Biologics,Ca - Inglewood,,,,,,https://www.proteogenex.com/,BioPharmGuy
ABBVIE,Biologics,Ca - Irvine,,,,,,https://www.abbvie.com/,BioPharmGuy
AMBERSTONE BIOSCIENCES,Biologics,Ca - Irvine,,,,,,https://amberstonebio.com/web/,BioPharmGuy
CG ONCOLOGY,Biologics,Ca - Irvine,,,,,,https://cgoncology.com/,BioPharmGuy
IMMUNIS,Biologics,Ca - Irvine,,,,,,https://immunisbiomedical.com/home/,BioPharmGuy
INNOVATIVE NEUROTECHNOLOGIES,Biologics,Ca - Irvine,,,,,,https://innovneurotech.com/,BioPharmGuy
PEPROMENE BIO,Biologics,Ca - Irvine,,,,,,https://pepromenebio.com/,BioPharmGuy
PUR BIOLOGICS,Biologics,Ca - Irvine,,,,,,https://purbiologics.com/,BioPharmGuy
RUBICON BIOTECHNOLOGY,Biologics,Ca - Irvine,,,,,,https://rubiconbio.com/,BioPharmGuy
ARIALYS THERAPEUTICS,Biologics,Ca - La Jolla,,,,,,https://www.arialysrx.com/,BioPharmGuy
ENLAZA THERAPEUTICS,Biologics,Ca - La Jolla,,,,,,https://enlazatx.com/,BioPharmGuy
EQUILLIUM,Biologics,Ca - La Jolla,,,,,,https://www.equilliumbio.com/home/default.aspx,BioPharmGuy
FORTIS THERAPEUTICS,Biologics,Ca - La Jolla,,,,,,https://fortistx.com/,BioPharmGuy
INHIBRX BIOSCIENCES,Biologics,Ca - La Jolla,,,,,,https://inhibrx.com/,BioPharmGuy
KYOWA HAKKO KIRIN,Biologics,Ca - La Jolla,,,,,,https://www.kyowakirin.com/index.html,BioPharmGuy
PFIZER,Biologics,Ca - La Jolla,,,,,,https://www.pfizer.com/,BioPharmGuy
VALORA THERAPEUTICS,Biologics,Ca - La Jolla,,,,,,https://www.valoratherapeutics.com/,BioPharmGuy
TAVO BIOTHERAPEUTICS,Biologics,Ca - Laguna Beach,,,,,,https://tavobio.com/,BioPharmGuy
AULOS BIOSCIENCE,Biologics,Ca - Larkspur,,,,,,https://aulosbio.com/,BioPharmGuy
ABCENTRA,Biologics,Ca - Los Angeles,,,,,,https://abcentra.com/,BioPharmGuy
AKSO BIOPHARMACEUTICAL,Biologics,Ca - Los Angeles,,,,,,https://www.aksobio.com/,BioPharmGuy
ARMATA PHARMACEUTICALS,Biologics,Ca - Los Angeles,,,,,,https://www.armatapharma.com/,BioPharmGuy
ATENGEN,Biologics,Ca - Los Angeles,,,,,,https://atengen.com/,BioPharmGuy
GRIFOLS,Biologics,Ca - Los Angeles,,,,,,https://www.grifols.com/en/home,BioPharmGuy
KAIROS PHARMA,Biologics,Ca - Los Angeles,,,,,,https://kairospharma.com/,BioPharmGuy
ARIDIS PHARMACEUTICALS,Biologics,Ca - Los Gatos,,,,,,https://www.aridispharma.com/,BioPharmGuy
NUVIG THERAPEUTICS,Biologics,Ca - Menlo Park,,,,,,https://nuvigtx.com/,BioPharmGuy
SYNTHEKINE,Biologics,Ca - Menlo Park,,,,,,https://www.synthekine.com/,BioPharmGuy
TOPALLIANCE BIOSCIENCES,Biologics,Ca - Menlo Park,,,,,,https://www.topalliancebio.com/,BioPharmGuy
NYSNOBIO,Biologics,Ca - Mill Valley,,,,,,https://www.nysnobio.com/,BioPharmGuy
IMMUNOVA THERAPEUTICS,Biologics,Ca - Monrovia,,,,,,https://www.immunovatherapeutics.com/,BioPharmGuy
VYBION,Biologics,Ca - Monterey,,,,,,https://www.vybion.com/,BioPharmGuy
ABTHERX,Biologics,Ca - Mountain View,,,,,,https://www.abtherx.com/,BioPharmGuy
BIOECLIPSE THERAPEUTICS,Biologics,Ca - Mountain View,,,,,,https://www.bioeclipse.com/,BioPharmGuy
OSEL,Biologics,Ca - Mountain View,,,,,,https://oselinc.com/,BioPharmGuy
WIELD THERAPEUTICS,Biologics,Ca - Mountain View,,,,,,https://www.wieldtx.com/,BioPharmGuy
NORTHSTRIVE BIOSCIENCES,Biologics,Ca - Newport Beach,,,,,,https://www.northstrivebio.com/,BioPharmGuy
VENTRIS MEDICAL,Biologics,Ca - Newport Beach,,,,,,https://www.ventrismedical.com/,BioPharmGuy
ZYMAGENX,Biologics,Ca - Newport Beach,,,,,,https://zymagenx.com/,BioPharmGuy
AMLOGENYX,Biologics,Ca - Novato,,,,,,https://www.amlogenyx.com/,BioPharmGuy
BIOMARIN PHARMACEUTICAL,Biologics,Ca - Novato,,,,,,https://www.biomarin.com/,BioPharmGuy
ULTRAGENYX PHARMACEUTICAL,Biologics,Ca - Novato,,,,,,https://www.ultragenyx.com/,BioPharmGuy
OBLENIO BIO,Biologics,Ca - Oakland,,,,,,https://www.obleniobio.com/,BioPharmGuy
SACCHARO,Biologics,Ca - Oakland,,,,,,https://www.saccharo.com/,BioPharmGuy
GENENTECH,Biologics,Ca - Oceanside,,,,,,https://www.gene.com/,BioPharmGuy
KITE PHARMA,Biologics,Ca - Oceanside,,,,,,https://www.kitepharma.com/,BioPharmGuy
ANCORA BIO,Biologics,Ca - Palo Alto,,,,,,https://ancorabiotech.com/,BioPharmGuy
ASCENDIS PHARMA,Biologics,Ca - Palo Alto,,,,,,https://ascendispharma.com/,BioPharmGuy
BITTERROOT BIO,Biologics,Ca - Palo Alto,,,,,,https://brbio.com/,BioPharmGuy
EXCELLERGY,Biologics,Ca - Palo Alto,,,,,,https://excellergy.com/,BioPharmGuy
IMMUNE-ONC THERAPEUTICS,Biologics,Ca - Palo Alto,,,,,,https://www.immune-onc.com/,BioPharmGuy
KODIAK SCIENCES,Biologics,Ca - Palo Alto,,,,,,https://kodiak.com/,BioPharmGuy
NEOK BIO,Biologics,Ca - Palo Alto,,,,,,https://www.neokbio.com/,BioPharmGuy
RIDGE BIO,Biologics,Ca - Palo Alto,,,,,,https://ridgebio.com/,BioPharmGuy
ACURASTEM,Biologics,Ca - Pasadena,,,,,,https://acurastem.com/,BioPharmGuy
BCN BIOSCIENCES,Biologics,Ca - Pasadena,,,,,,http://www.bcnbio.com/,BioPharmGuy
PROTOMER TECHNOLOGIES,Biologics,Ca - Pasadena,,,,,,https://www.protomer.com/,BioPharmGuy
XENCOR,Biologics,Ca - Pasadena,,,,,,https://xencor.com/,BioPharmGuy
AMMAX BIO,Biologics,Ca - Redwood City,,,,,,https://www.ammaxbio.com,BioPharmGuy
BOLT BIOTHERAPEUTICS,Biologics,Ca - Redwood City,,,,,,https://www.boltbio.com/,BioPharmGuy
COHERUS ONCOLOGY,Biologics,Ca - Redwood City,,,,,,https://www.coherus.com/,BioPharmGuy
JASPER THERAPEUTICS,Biologics,Ca - Redwood City,,,,,,https://jaspertx.com/,BioPharmGuy
JUVENA THERAPEUTICS,Biologics,Ca - Redwood City,,,,,,https://www.juvenatherapeutics.com/,BioPharmGuy
MULTITUDE THERAPEUTICS,Biologics,Ca - Redwood City,,,,,,https://www.multitudetherapeutics.info/,BioPharmGuy
REZOLUTE,Biologics,Ca - Redwood City,,,,,,https://rezolutebio.com/,BioPharmGuy
TRELLIS BIOSCIENCE,Biologics,Ca - Redwood City,,,,,,https://www.trellisbio.com/,BioPharmGuy
SANGAMO THERAPEUTICS,Biologics,Ca - Richmond,,,,,,https://www.sangamo.com/,BioPharmGuy
LABYRX IMMUNO-ONCOLOGY,Biologics,Ca - Sacramento,,,,,,https://labyrx.com/,BioPharmGuy
TELIX PHARMACEUTICALS,Biologics,Ca - Sacramento,,,,,,https://telixpharma.com/,BioPharmGuy
THERINI BIO,Biologics,Ca - Sacramento,,,,,,https://www.therinibio.com/,BioPharmGuy
AEQUITA BIOWORKS,Biologics,Ca - San Carlos,,,,,,https://www.aequitabioworks.com,BioPharmGuy
ALKAHEST,Biologics,Ca - San Carlos,,,,,,https://www.alkahest.com/,BioPharmGuy
ANWITA BIOSCIENCES,Biologics,Ca - San Carlos,,,,,,https://www.anwitabio.com/,BioPharmGuy
ARDA THERAPEUTICS,Biologics,Ca - San Carlos,,,,,,https://www.ardatx.com/,BioPharmGuy
ATTOVIA THERAPEUTICS,Biologics,Ca - San Carlos,,,,,,https://www.attovia.com/,BioPharmGuy
BEONE MEDICINES,Biologics,Ca - San Carlos,,,,,,https://beonemedicines.us/,BioPharmGuy
DREN BIO,Biologics,Ca - San Carlos,,,,,,https://www.drenbio.com/,BioPharmGuy
GIGAGEN,Biologics,Ca - San Carlos,,,,,,https://www.gigagen.com/,BioPharmGuy
IOVANCE BIOTHERAPEUTICS,Biologics,Ca - San Carlos,,,,,,https://www.iovance.com/,BioPharmGuy
PARAMUNE,Biologics,Ca - San Carlos,,,,,,https://www.paramune.com/,BioPharmGuy
PROTUOSO BIOSCIENCES,Biologics,Ca - San Carlos,,,,,,https://www.protuoso.bio/,BioPharmGuy
PTM THERAPEUTICS,Biologics,Ca - San Carlos,,,,,,https://www.ptmthera.com/,BioPharmGuy
TRIO PHARMACEUTICALS,Biologics,Ca - San Carlos,,,,,,https://www.triopharmaceuticals.com/,BioPharmGuy
ABILITA THERAPEUTICS,Biologics,Ca - San Diego,,,,,,https://abilitatx.com/,BioPharmGuy
ADCENTRX THERAPEUTICS,Biologics,Ca - San Diego,,,,,,https://www.adcentrx.com/,BioPharmGuy
ANAPTYSBIO,Biologics,Ca - San Diego,,,,,,https://www.anaptysbio.com/,BioPharmGuy
ANTHARIS THERAPEUTICS,Biologics,Ca - San Diego,,,,,,https://www.antharistherapeutics.com/,BioPharmGuy
ARTIS BIOSOLUTIONS,Biologics,Ca - San Diego,,,,,,https://artisbiosolutions.com/,BioPharmGuy
ATYR PHARMA,Biologics,Ca - San Diego,,,,,,https://atyrpharma.com/,BioPharmGuy
BIOATLA,Biologics,Ca - San Diego,,,,,,https://www.bioatla.com/,BioPharmGuy
BIONTECH,Biologics,Ca - San Diego,,,,,,https://www.biontech.com/int/en/home.html,BioPharmGuy
BIORA THERAPEUTICS,Biologics,Ca - San Diego,,,,,,https://www.bioratherapeutics.com/,BioPharmGuy
BRISTOL MYERS SQUIBB,Biologics,Ca - San Diego,,,,,,https://www.bms.com/,BioPharmGuy
CALIDI BIOTHERAPEUTICS,Biologics,Ca - San Diego,,,,,,https://www.calidibio.com/,BioPharmGuy
CANDID THERAPEUTICS,Biologics,Ca - San Diego,,,,,,https://www.candidrx.com/,BioPharmGuy
CAPRICOR THERAPEUTICS,Biologics,Ca - San Diego,,,,,,https://www.capricor.com/,BioPharmGuy
CELESTIAL THERAPEUTICS,Biologics,Ca - San Diego,,,,,,https://www.celestialtherapeutics.com/,BioPharmGuy
CESSATION THERAPEUTICS,Biologics,Ca - San Diego,,,,,,https://cessationtherapeutics.com/,BioPharmGuy
ELI LILLY,Biologics,Ca - San Diego,,,,,,https://www.lilly.com/,BioPharmGuy
FATE THERAPEUTICS,Biologics,Ca - San Diego,,,,,,https://www.fatetherapeutics.com/,BioPharmGuy
FIRST TRACKS BIOTHERAPEUTICS,Biologics,Ca - San Diego,,,,,,https://www.firsttracksbio.com/,BioPharmGuy
IBIO,Biologics,Ca - San Diego,,,,,,https://ibioinc.com/,BioPharmGuy
IMAGENEBIO,Biologics,Ca - San Diego,,,,,,https://imagenebio.com/,BioPharmGuy
INOVIO PHARMACEUTICALS,Biologics,Ca - San Diego,,,,,,https://inovio.com/,BioPharmGuy
JANUX THERAPEUTICS,Biologics,Ca - San Diego,,,,,,https://www.januxrx.com/,BioPharmGuy
JOHNSON AND JOHNSON INNOVATIVE MEDICINE,Biologics,Ca - San Diego,,,,,,https://www.jnj.com/innovativemedicine,BioPharmGuy
LASSEN THERAPEUTICS,Biologics,Ca - San Diego,,,,,,https://lassentherapeutics.com/,BioPharmGuy
MBRACE THERAPEUTICS,Biologics,Ca - San Diego,,,,,,https://mbracetrx.com/,BioPharmGuy
NASCENT BIOTECH,Biologics,Ca - San Diego,,,,,,https://www.nascentbiotech.com/,BioPharmGuy
NIELSEN BIOSCIENCES,Biologics,Ca - San Diego,,,,,,https://nielsenbio.com/,BioPharmGuy
NOVORON BIOSCIENCE,Biologics,Ca - San Diego,,,,,,https://novoron.com/,BioPharmGuy
ONCHILLES PHARMA,Biologics,Ca - San Diego,,,,,,https://www.onchillespharma.com/,BioPharmGuy
ONCOLYTICS BIOTECH,Biologics,Ca - San Diego,,,,,,https://oncolyticsbiotech.com/,BioPharmGuy
OQORY,Biologics,Ca - San Diego,,,,,,https://oqory.com/,BioPharmGuy
PHANES THERAPEUTICS,Biologics,Ca - San Diego,,,,,,https://www.phanesthera.com/,BioPharmGuy
POLARIS PHARMA,Biologics,Ca - San Diego,,,,,,https://polarispharma.com/,BioPharmGuy
RAKUTEN MEDICAL,Biologics,Ca - San Diego,,,,,,https://rakuten-med.com/us/,BioPharmGuy
REBLOOD RX,Biologics,Ca - San Diego,,,,,,https://rebloodrx.com/,BioPharmGuy
RETINOVA THERAPEUTICS,Biologics,Ca - San Diego,,,,,,https://retinovatherapeutics.com/,BioPharmGuy
REVELATION BIOSCIENCES,Biologics,Ca - San Diego,,,,,,https://www.revbiosciences.com/,BioPharmGuy
SIDEWINDER THERAPEUTICS,Biologics,Ca - San Diego,,,,,,https://sidewinderbio.com/,BioPharmGuy
SOLVE THERAPEUTICS,Biologics,Ca - San Diego,,,,,,https://solvetx.com/,BioPharmGuy
STEMEDICA CELL TECHNOLOGIES,Biologics,Ca - San Diego,,,,,,https://www.stemedica.com/,BioPharmGuy
THERAGENE PHARMACEUTICALS,Biologics,Ca - San Diego,,,,,,http://www.theragenepharma.com/,BioPharmGuy
TRAVERE THERAPEUTICS,Biologics,Ca - San Diego,,,,,,https://travere.com/,BioPharmGuy
TRUTINO BIOSCIENCES,Biologics,Ca - San Diego,,,,,,https://trutinobio.com/,BioPharmGuy
UNIQUITY BIO,Biologics,Ca - San Diego,,,,,,https://www.uniquity.com/,BioPharmGuy
VORO THERAPEUTICS,Biologics,Ca - San Diego,,,,,,https://www.vorotx.com/,BioPharmGuy
VST BIO,Biologics,Ca - San Diego,,,,,,https://vst-bio.com/,BioPharmGuy
XENCOR,Biologics,Ca - San Diego,,,,,,https://xencor.com/,BioPharmGuy
ZABBIO,Biologics,Ca - San Diego,,,,,,https://www.zabbio.com/,BioPharmGuy
ZENSUN SCI & TECH,Biologics,Ca - San Diego,,,,,,http://www.zensunus.com/,BioPharmGuy
89BIO,Biologics,Ca - San Francisco,,,,,,https://89bio.com/,BioPharmGuy
ADVENTRIS PHARMACEUTICALS,Biologics,Ca - San Francisco,,,,,,https://www.adventris.com/,BioPharmGuy
ALTRUBIO,Biologics,Ca - San Francisco,,,,,,https://www.altrubio.com/altrubio/en,BioPharmGuy
CAVALRY BIOSCIENCES,Biologics,Ca - San Francisco,,,,,,https://cavalry.bio/,BioPharmGuy
CHAI DISCOVERY,Biologics,Ca - San Francisco,,,,,,https://www.chaidiscovery.com/,BioPharmGuy
COMPUGEN,Biologics,Ca - San Francisco,,,,,,https://cgen.com/overview/default.aspx,BioPharmGuy
DISPATCH BIO,Biologics,Ca - San Francisco,,,,,,https://dispatchbio.com/,BioPharmGuy
GT BIOPHARMA,Biologics,Ca - San Francisco,,,,,,https://www.gtbiopharma.com/,BioPharmGuy
IMMUNEBRIDGE,Biologics,Ca - San Francisco,,,,,,https://www.immunebridge.com/,BioPharmGuy
KIVU BIOSCIENCE,Biologics,Ca - San Francisco,,,,,,https://kivubioscience.com/,BioPharmGuy
KYNTRA BIO,Biologics,Ca - San Francisco,,,,,,https://www.kyntrabio.com/,BioPharmGuy
MEDIUM BIOSCIENCES,Biologics,Ca - San Francisco,,,,,,https://www.medium.bio/,BioPharmGuy
NEKTAR THERAPEUTICS,Biologics,Ca - San Francisco,,,,,,https://www.nektar.com/,BioPharmGuy
OMNIOX,Biologics,Ca - San Francisco,,,,,,https://www.omniox.com/,BioPharmGuy
REVEL PHARMACEUTICALS,Biologics,Ca - San Francisco,,,,,,https://revelpharmaceuticals.com/,BioPharmGuy
SYNTHETIC DESIGN LAB,Biologics,Ca - San Francisco,,,,,,https://www.syntheticdesignlab.com/,BioPharmGuy
VIR BIOTECHNOLOGY,Biologics,Ca - San Francisco,,,,,,https://www.vir.bio/,BioPharmGuy
Y-TRAP,Biologics,Ca - San Francisco,,,,,,https://www.y-trap.com/,BioPharmGuy
ANIXA BIOSCIENCES,Biologics,Ca - San Jose,,,,,,https://www.anixa.com/,BioPharmGuy
OXFORD BIOTHERAPEUTICS,Biologics,Ca - San Jose,,,,,,https://www.oxfordbiotherapeutics.com/,BioPharmGuy
RANI THERAPEUTICS,Biologics,Ca - San Jose,,,,,,https://www.ranitherapeutics.com/,BioPharmGuy
BIGHAT BIOSCIENCES,Biologics,Ca - San Mateo,,,,,,https://www.bighatbio.com/,BioPharmGuy
BRII BIOSCIENCES,Biologics,Ca - San Mateo,,,,,,https://www.briibio.com/,BioPharmGuy
EPIBIOLOGICS,Biologics,Ca - San Mateo,,,,,,https://www.epibiologics.com/,BioPharmGuy
HELICORE BIOPHARMA,Biologics,Ca - San Mateo,,,,,,https://helicore.com/,BioPharmGuy
KALI THERAPEUTICS,Biologics,Ca - San Mateo,,,,,,https://www.kalitherapeutics.com/,BioPharmGuy
VIRTUOSO THERAPEUTICS,Biologics,Ca - San Mateo,,,,,,https://virtuosotherapeutics.com/,BioPharmGuy
VIVACE THERAPEUTICS,Biologics,Ca - San Mateo,,,,,,https://vivacetherapeutics.com/,BioPharmGuy
BIOMARIN PHARMACEUTICAL,Biologics,Ca - San Rafael,,,,,,https://www.biomarin.com/,BioPharmGuy
NKGEN BIOTECH,Biologics,Ca - Santa Ana,,,,,,https://nkgenbiotech.com/,BioPharmGuy
KITE PHARMA,Biologics,Ca - Santa Monica,,,,,,https://www.kitepharma.com/,BioPharmGuy
3T BIOSCIENCES,Biologics,Ca - South Sf,,,,,,https://3tbiosciences.com/,BioPharmGuy
AGNI BIO,Biologics,Ca - South Sf,,,,,,https://agnibiotx.com/,BioPharmGuy
ALECTOR,Biologics,Ca - South Sf,,,,,,https://alector.com/,BioPharmGuy
ALLOGENE THERAPEUTICS,Biologics,Ca - South Sf,,,,,,https://allogene.com/,BioPharmGuy
ALX ONCOLOGY,Biologics,Ca - South Sf,,,,,,https://alxoncology.com/,BioPharmGuy
AMGEN,Biologics,Ca - South Sf,,,,,,https://www.amgen.com/,BioPharmGuy
ASHER BIOTHERAPEUTICS,Biologics,Ca - South Sf,,,,,,https://asherbio.com/,BioPharmGuy
ASTRAZENECA,Biologics,Ca - South Sf,,,,,,https://www.astrazeneca.com/,BioPharmGuy
BROADWING BIO,Biologics,Ca - South Sf,,,,,,https://broadwing.bio/,BioPharmGuy
CARTOGRAPHY BIOSCIENCES,Biologics,Ca - South Sf,,,,,,https://cartography.bio/,BioPharmGuy
CENTIVAX,Biologics,Ca - South Sf,,,,,,https://www.centivax.com/,BioPharmGuy
CYTOMX THERAPEUTICS,Biologics,Ca - South Sf,,,,,,https://cytomx.com/,BioPharmGuy
DENALI THERAPEUTICS,Biologics,Ca - South Sf,,,,,,https://www.denalitherapeutics.com/,BioPharmGuy
DUALITAS THERAPEUTICS,Biologics,Ca - South Sf,,,,,,https://www.dualitastx.com/,BioPharmGuy
ELECTRA THERAPEUTICS,Biologics,Ca - South Sf,,,,,,https://electra-therapeutics.com/,BioPharmGuy
FIREFLY BIO,Biologics,Ca - South Sf,,,,,,https://fireflybiologics.com/,BioPharmGuy
GENENTECH,Biologics,Ca - South Sf,,,,,,https://www.gene.com/,BioPharmGuy
IGGENIX,Biologics,Ca - South Sf,,,,,,https://iggenix.com/,BioPharmGuy
MAREA THERAPEUTICS,Biologics,Ca - South Sf,,,,,,https://www.mareatx.com/,BioPharmGuy
MAZE THERAPEUTICS,Biologics,Ca - South Sf,,,,,,https://mazetx.com/,BioPharmGuy
MERCK,Biologics,Ca - South Sf,,,,,,https://www.merck.com/,BioPharmGuy
MOONWALK BIOSCIENCES,Biologics,Ca - South Sf,,,,,,https://moonwalk.bio/,BioPharmGuy
NGM BIOPHARMACEUTICALS,Biologics,Ca - South Sf,,,,,,https://www.ngmbio.com/,BioPharmGuy
OURO MEDICINES,Biologics,Ca - South Sf,,,,,,https://www.ouromedicines.com/,BioPharmGuy
PARVUS THERAPEUTICS,Biologics,Ca - South Sf,,,,,,https://parvustx.com/,BioPharmGuy
PERCEIVE BIOTHERAPEUTICS,Biologics,Ca - South Sf,,,,,,https://perceivebio.com/,BioPharmGuy
QLSF BIOTHERAPEUTICS,Biologics,Ca - South Sf,,,,,,https://www.qlsfbio.com/,BioPharmGuy
SENTI BIOSCIENCES,Biologics,Ca - South Sf,,,,,,https://www.sentibio.com/,BioPharmGuy
SERANOVA BIO,Biologics,Ca - South Sf,,,,,,https://www.seranovabio.com/,BioPharmGuy
SILVER CREEK PHARMACEUTICALS,Biologics,Ca - South Sf,,,,,,https://www.silvercreekpharma.com/,BioPharmGuy
STAR THERAPEUTICS,Biologics,Ca - South Sf,,,,,,https://star-therapeutics.com/,BioPharmGuy
SURROZEN,Biologics,Ca - South Sf,,,,,,https://surrozen.com/,BioPharmGuy
SUTRO BIOPHARMA,Biologics,Ca - South Sf,,,,,,https://www.sutrobio.com/,BioPharmGuy
TEGMINE THERAPEUTICS,Biologics,Ca - South Sf,,,,,,https://tegminetx.com/,BioPharmGuy
TIZONA THERAPEUTICS,Biologics,Ca - South Sf,,,,,,https://www.tizonatx.com/,BioPharmGuy
TRISHULA THERAPEUTICS,Biologics,Ca - South Sf,,,,,,https://www.trishulatx.com/,BioPharmGuy
VELORUM THERAPEUTICS,Biologics,Ca - South Sf,,,,,,https://www.velorumtx.com/,BioPharmGuy
ADRX,Biologics,Ca - Thousand Oaks,,,,,,https://www.adrxpharma.com/,BioPharmGuy
AMGEN,Biologics,Ca - Thousand Oaks,,,,,,https://www.amgen.com/,BioPharmGuy
ATARA BIOTHERAPEUTICS,Biologics,Ca - Thousand Oaks,,,,,,https://www.atarabio.com/,BioPharmGuy
VITALEX BIOSCIENCES,Biologics,Ca - Torrance,,,,,,https://www.vitalexbiosciences.com/,BioPharmGuy
LONZA,Biologics,Ca - Vacaville,,,,,,https://www.lonza.com/,BioPharmGuy
EOC PHARMA,Biologics,Ca - Westlake Village,,,,,,https://www.eocpharma.com/,BioPharmGuy
SLAM BIOTHERAPEUTICS,Biologics,Ca - Westlake Village,,,,,,https://slambio.com/,BioPharmGuy
ANGITIA BIOPHARMACEUTICALS,Biologics,Ca - Woodland Hills,,,,,,https://www.angitiabio.com/,BioPharmGuy
AFFAMED THERAPEUTICS,Biologics,China - Beijing,,,,,,https://www.affamed.com/,BioPharmGuy
BEONE MEDICINES,Biologics,China - Beijing,,,,,,https://beonemedicines.us/,BioPharmGuy
BIOATLA,Biologics,China - Beijing,,,,,,https://www.bioatla.com/,BioPharmGuy
BRII BIOSCIENCES,Biologics,China - Beijing,,,,,,https://www.briibio.com/,BioPharmGuy
BROADENBIO,Biologics,China - Beijing,,,,,,http://en.broadenbio.com/,BioPharmGuy
CANBRIDGE PHARMACEUTICALS,Biologics,China - Beijing,,,,,,https://www.canbridgepharma.com/,BioPharmGuy
CHINA BIOLOGIC PRODUCTS,Biologics,China - Beijing,,,,,,http://en.chinabiologic.com/,BioPharmGuy
DONGFANG BIOTECH,Biologics,China - Beijing,,,,,,http://en.east-bt.com/,BioPharmGuy
EOC PHARMA,Biologics,China - Beijing,,,,,,https://www.eocpharma.com/,BioPharmGuy
EUCURE BIOPHARMA,Biologics,China - Beijing,,,,,,https://www.eucure.com/en.html,BioPharmGuy
EVOPOINT BIOSCIENCES,Biologics,China - Beijing,,,,,,https://www.evopointbio.com/en,BioPharmGuy
FUTUREGEN BIOPHARMACEUTICAL,Biologics,China - Beijing,,,,,,https://www.futuregenbiopharm.com/#/home,BioPharmGuy
INNOCARE,Biologics,China - Beijing,,,,,,https://www.innocarepharma.com/,BioPharmGuy
INXMED,Biologics,China - Beijing,,,,,,https://en.inxmed.com/,BioPharmGuy
NOVO NORDISK,Biologics,China - Beijing,,,,,,https://www.novonordisk.com/,BioPharmGuy
QL BIOPHARM,Biologics,China - Beijing,,,,,,https://www.qlbiopharm.com/en,BioPharmGuy
SHENOGEN PHARMA,Biologics,China - Beijing,,,,,,http://www.shenogen.com/EN/index.aspx,BioPharmGuy
SIRONAX,Biologics,China - Beijing,,,,,,https://www.sironax.com/,BioPharmGuy
SUNGEN BIOMEDICAL,Biologics,China - Beijing,,,,,,https://www.sungenbiomed.com/,BioPharmGuy
CLOVER BIOPHARMACEUTICALS,Biologics,China - Changxing,,,,,,https://www.cloverbiopharma.com/,BioPharmGuy
JIANGSU PACIFIC MEINUOKE BIOPHARMACEUTICALS,Biologics,China - Changzhou,,,,,,http://www.pacificmeinuoke.com/,BioPharmGuy
BAILI PHARMACEUTICAL,Biologics,China - Chengdu,,,,,,http://www.baili-pharm.com/,BioPharmGuy
CLONORGAN,Biologics,China - Chengdu,,,,,,http://www.clonorgan.com/en/,BioPharmGuy
CLOVER BIOPHARMACEUTICALS,Biologics,China - Chengdu,,,,,,https://www.cloverbiopharma.com/,BioPharmGuy
KEYMED BIOSCIENCES,Biologics,China - Chengdu,,,,,,https://en.keymedbio.com/en/index.html,BioPharmGuy
SICHUAN HAISCO PHARMACEUTICAL,Biologics,China - Chengdu,,,,,,https://en.haisco.com/,BioPharmGuy
WESTGENE BIOPHARMA,Biologics,China - Chengdu,,,,,,https://westgenepharma.com/#/Index,BioPharmGuy
BOVAX BIOTECHNOLOGY,Biologics,China - Chongqing,,,,,,https://www.bovaxbio.com/en/,BioPharmGuy
PFIZER,Biologics,China - Dalian,,,,,,https://www.pfizer.com/,BioPharmGuy
FAPON BIOPHARMA,Biologics,China - Dongguan,,,,,,https://en.faponbiopharma.com/,BioPharmGuy
ANGITIA BIOPHARMACEUTICALS,Biologics,China - Guangzhou,,,,,,https://www.angitiabio.com/,BioPharmGuy
EXCELMAB,Biologics,China - Guangzhou,,,,,,http://www.excelmab.com/,BioPharmGuy
FINEIMMU,Biologics,China - Guangzhou,,,,,,http://www.fineimmu.com/,BioPharmGuy
GLORIA BIOSCIENCES,Biologics,China - Guangzhou,,,,,,https://www.gloriabio.com/,BioPharmGuy
LINTONPHARM,Biologics,China - Guangzhou,,,,,,http://www.lintonpharm.com/,BioPharmGuy
MINGMED BIOTECHNOLOGY,Biologics,China - Guangzhou,,,,,,https://www.ming-med.com/en,BioPharmGuy
TECHPOOL BIOPHARMA,Biologics,China - Guangzhou,,,,,,https://www.techpool.com.cn/qygk/index_80.html,BioPharmGuy
VIBRANT THERAPEUTICS,Biologics,China - Guangzhou,,,,,,https://www.vibrantx.com/,BioPharmGuy
ZHIYI BIOTECHNOLOGY,Biologics,China - Guangzhou,,,,,,https://www.zypharm.com.cn/zh,BioPharmGuy
SINORDA BIOMEDICINE,Biologics,China - Guiyang,,,,,,https://www.sinorda.com/,BioPharmGuy
CHINA BIOLOGIC PRODUCTS,Biologics,China - Guizhou,,,,,,http://en.chinabiologic.com/,BioPharmGuy
ADLAI NORTYE,Biologics,China - Hangzhou,,,,,,https://www.adlainortye.com/,BioPharmGuy
BLISS BIOPHARMACEUTICAL,Biologics,China - Hangzhou,,,,,,https://blissbiopharma.com/,BioPharmGuy
DAC BIOTECH,Biologics,China - Hangzhou,,,,,,http://www.dacbiotech.com/,BioPharmGuy
DOER BIOLOGICS,Biologics,China - Hangzhou,,,,,,https://doerbio.com/,BioPharmGuy
GMAX BIOPHARM,Biologics,China - Hangzhou,,,,,,https://www.gmaxbiopharm.com/wap_indexen.html,BioPharmGuy
HANGZHOU ADCORIS BIOPHARMACY,Biologics,China - Hangzhou,,,,,,https://www.adcoris.com.cn/en/Index.aspx,BioPharmGuy
IMMUNOWAKE,Biologics,China - Hangzhou,,,,,,https://www.immunowake.com/,BioPharmGuy
INNOLAKE BIOPHARM,Biologics,China - Hangzhou,,,,,,https://www.innolakebio.com/,BioPharmGuy
QIHAN BIOTECH,Biologics,China - Hangzhou,,,,,,https://www.qihanbio.com/,BioPharmGuy
YIFAN PHARMACEUTICAL,Biologics,China - Hangzhou,,,,,,https://en.yifanyy.com/,BioPharmGuy
APRINOIA THERAPEUTICS,Biologics,China - Hong Kong,,,,,,https://aprinoia.com/,BioPharmGuy
ARBELE,Biologics,China - Hong Kong,,,,,,https://www.arbelebio.com/,BioPharmGuy
BIOMARIN PHARMACEUTICAL,Biologics,China - Hong Kong,,,,,,https://www.biomarin.com/,BioPharmGuy
CHINA MEDICAL SYSTEMS,Biologics,China - Hong Kong,,,,,,https://web.cms.net.cn/en/about/,BioPharmGuy
HIMALAYA THERAPEUTICS,Biologics,China - Hong Kong,,,,,,https://www.himalayatherapeutics.com/,BioPharmGuy
IMMUNOTECH BIOPHARM,Biologics,China - Hong Kong,,,,,,https://en.eaal.net/,BioPharmGuy
SINOMAB BIOSCIENCE,Biologics,China - Hong Kong,,,,,,https://www.sinomab.com/,BioPharmGuy
CONNECT BIOPHARMA,Biologics,China - Jiangsu,,,,,,https://www.connectbiopharma.com/,BioPharmGuy
EVOPOINT BIOSCIENCES,Biologics,China - Jiangsu,,,,,,https://www.evopointbio.com/en,BioPharmGuy
INNOVENT BIOLOGICS,Biologics,China - Jiangsu,,,,,,https://www.innoventbio.com/,BioPharmGuy
BIOSION,Biologics,China - Nanjing,,,,,,https://www.biosion.com/,BioPharmGuy
IASO BIOTHERAPEUTICS,Biologics,China - Nanjing,,,,,,https://www.iasobio.com/,BioPharmGuy
INNOCARE,Biologics,China - Nanjing,,,,,,https://www.innocarepharma.com/,BioPharmGuy
LEADS BIOLABS,Biologics,China - Nanjing,,,,,,https://en.leadsbiolabs.com/,BioPharmGuy
REGENECORE BIOTECH,Biologics,China - Nanjing,,,,,,https://en.regenecore.com/,BioPharmGuy
SUNHO BIOLOGICS,Biologics,China - Nanjing,,,,,,http://www.sunho-bio.com/en/,BioPharmGuy
GENSCIENCES,Biologics,China - Nantong,,,,,,https://en.gensciences.com/,BioPharmGuy
HOPE MEDICINE,Biologics,China - Pudong,,,,,,https://www.hopemedinc.com/,BioPharmGuy
ABBVIE,Biologics,China - Shanghai,,,,,,https://www.abbvie.com/,BioPharmGuy
AFFAMED THERAPEUTICS,Biologics,China - Shanghai,,,,,,https://www.affamed.com/,BioPharmGuy
ALLINKBIO,Biologics,China - Shanghai,,,,,,http://allinkbio.com/,BioPharmGuy
ANTENGENE,Biologics,China - Shanghai,,,,,,https://www.antengene.com/,BioPharmGuy
AXCYNSIS THERAPEUTICS,Biologics,China - Shanghai,,,,,,https://axcynsis.com/,BioPharmGuy
BAO PHARMACEUTICALS,Biologics,China - Shanghai,,,,,,https://www.baopharma.com/,BioPharmGuy
BOVAX BIOTECHNOLOGY,Biologics,China - Shanghai,,,,,,https://www.bovaxbio.com/en/,BioPharmGuy
BRII BIOSCIENCES,Biologics,China - Shanghai,,,,,,https://www.briibio.com/,BioPharmGuy
CARSGEN THERAPEUTICS,Biologics,China - Shanghai,,,,,,https://www.carsgen.com/,BioPharmGuy
CONVALIFE PHARMACEUTICALS,Biologics,China - Shanghai,,,,,,https://convalife.com/en/,BioPharmGuy
CSTONE PHARMACEUTICALS,Biologics,China - Shanghai,,,,,,https://www.cstonepharma.com/,BioPharmGuy
CYTOCARES,Biologics,China - Shanghai,,,,,,https://cytocares.com/en/about/about.html,BioPharmGuy
DUALITY BIOLOGICS,Biologics,China - Shanghai,,,,,,https://www.dualitybiologics.com/,BioPharmGuy
ELPISCIENCE,Biologics,China - Shanghai,,,,,,https://www.elpiscience.com/,BioPharmGuy
EOC PHARMA,Biologics,China - Shanghai,,,,,,https://www.eocpharma.com/,BioPharmGuy
EPIGENIC THERAPEUTICS,Biologics,China - Shanghai,,,,,,https://www.epigenictx.com/,BioPharmGuy
EPIMAB BIOTHERAPEUTICS,Biologics,China - Shanghai,,,,,,https://www.epimab.com/,BioPharmGuy
ESCUGEN,Biologics,China - Shanghai,,,,,,https://www.escugen.com.cn/en/,BioPharmGuy
EVIVE BIOTECH,Biologics,China - Shanghai,,,,,,https://www.evivebiotech.com/en/index/index,BioPharmGuy
EVOPOINT BIOSCIENCES,Biologics,China - Shanghai,,,,,,https://www.evopointbio.com/en,BioPharmGuy
GENFLEET THERAPEUTICS,Biologics,China - Shanghai,,,,,,http://www.genfleet.com/en/,BioPharmGuy
GV20 THERAPEUTICS,Biologics,China - Shanghai,,,,,,https://gv20tx.com/,BioPharmGuy
HARBOUR BIOMED,Biologics,China - Shanghai,,,,,,https://www.harbourbiomed.com/,BioPharmGuy
HUABO BIOPHARM,Biologics,China - Shanghai,,,,,,https://www.huabobio.com/en/,BioPharmGuy
IMMUNEONCO BIOPHARMA,Biologics,China - Shanghai,,,,,,https://www.immuneonco.com/,BioPharmGuy
INNOCARE,Biologics,China - Shanghai,,,,,,https://www.innocarepharma.com/,BioPharmGuy
INNOLAKE BIOPHARM,Biologics,China - Shanghai,,,,,,https://www.innolakebio.com/,BioPharmGuy
JUNSHI BIOSCIENCES,Biologics,China - Shanghai,,,,,,https://www.junshipharma.com/,BioPharmGuy
KANGABIO,Biologics,China - Shanghai,,,,,,https://www.kangabio.com/,BioPharmGuy
KIRA PHARMACEUTICALS,Biologics,China - Shanghai,,,,,,https://www.kirapharma.com/,BioPharmGuy
LANOVA MEDICINES,Biologics,China - Shanghai,,,,,,https://www.lanovamedicines.com/en,BioPharmGuy
LEPU BIOPHARMA,Biologics,China - Shanghai,,,,,,https://en.lepubiopharma.com/,BioPharmGuy
LONGBIO PHARMA,Biologics,China - Shanghai,,,,,,http://www.longbio.com/,BioPharmGuy
LYVGEN PHARMA,Biologics,China - Shanghai,,,,,,https://www.lyvgen.com/,BioPharmGuy
MABGEEK,Biologics,China - Shanghai,,,,,,https://www.mabgeek.com/en/index.php?c=category&id=18,BioPharmGuy
MIRACOGEN,Biologics,China - Shanghai,,,,,,http://www.miracogen.com.cn/en/,BioPharmGuy
MULTITUDE THERAPEUTICS,Biologics,China - Shanghai,,,,,,https://www.multitudetherapeutics.info/,BioPharmGuy
NOVATIM IMMUNE THERAPEUTICS,Biologics,China - Shanghai,,,,,,http://en.novatim-zj.com/,BioPharmGuy
ORICELL THERAPEUTICS,Biologics,China - Shanghai,,,,,,https://www.oricell.com/en/index.html,BioPharmGuy
OVERLAND THERAPEUTICS,Biologics,China - Shanghai,,,,,,https://www.overlandtx.com/,BioPharmGuy
PFIZER,Biologics,China - Shanghai,,,,,,https://www.pfizer.com/,BioPharmGuy
PHRONTLINE BIOPHARMA,Biologics,China - Shanghai,,,,,,https://www.phrontlinebio.com/,BioPharmGuy
SCINEURO PHARMACEUTICALS,Biologics,China - Shanghai,,,,,,https://scineuro.com/,BioPharmGuy
SHANGHAI SUNWAY BIOTECH,Biologics,China - Shanghai,,,,,,https://www.sunwaybio.com.cn/PC?culture=en-US,BioPharmGuy
SINORDA BIOMEDICINE,Biologics,China - Shanghai,,,,,,https://www.sinorda.com/,BioPharmGuy
VELAVIGO,Biologics,China - Shanghai,,,,,,https://www.velavigo.com/home,BioPharmGuy
VIRTUOSO THERAPEUTICS,Biologics,China - Shanghai,,,,,,https://virtuosotherapeutics.com/,BioPharmGuy
VISEN PHARMACEUTICALS,Biologics,China - Shanghai,,,,,,http://www.visenpharma.com/en/,BioPharmGuy
ZENSUN SCI & TECH,Biologics,China - Shanghai,,,,,,http://www.zensunus.com/,BioPharmGuy
NOVOCODEX BIOPHARMACEUTICALS,Biologics,China - Shaoxing,,,,,,https://www.novocodex.cn/,BioPharmGuy
3SBIO,Biologics,China - Shenyang,,,,,,https://www.3sbio.com/en/,BioPharmGuy
ASTELLAS,Biologics,China - Shenyang,,,,,,https://www.astellas.com/en,BioPharmGuy
CHINA MEDICAL SYSTEMS,Biologics,China - Shenzhen,,,,,,https://web.cms.net.cn/en/about/,BioPharmGuy
LEMAN BIOTECH,Biologics,China - Shenzhen,,,,,,https://www.lemanbio.com/en,BioPharmGuy
OCULGEN,Biologics,China - Shenzhen,,,,,,https://www.oculgen.com/,BioPharmGuy
PREGENE BIOPHARMA,Biologics,China - Shenzhen,,,,,,http://en.pregene.com/,BioPharmGuy
ADAGENE,Biologics,China - Suzhou,,,,,,https://www.adagene.com/,BioPharmGuy
ALPHAMAB ONCOLOGY,Biologics,China - Suzhou,,,,,,https://www.alphamabonc.com/en/,BioPharmGuy
BEONE MEDICINES,Biologics,China - Suzhou,,,,,,https://beonemedicines.us/,BioPharmGuy
BIOMISSILE,Biologics,China - Suzhou,,,,,,http://www.biomissile.com/,BioPharmGuy
CSTONE PHARMACEUTICALS,Biologics,China - Suzhou,,,,,,https://www.cstonepharma.com/,BioPharmGuy
CUREGENETICS,Biologics,China - Suzhou,,,,,,https://curegenetics.com/,BioPharmGuy
DIVAMICS,Biologics,China - Suzhou,,,,,,https://www.divamics.com/,BioPharmGuy
DOMABIO,Biologics,China - Suzhou,,,,,,https://en.domabio.com/,BioPharmGuy
FORLONG BIOTECHNOLOGY,Biologics,China - Suzhou,,,,,,http://www.forlongbiotech.com/en,BioPharmGuy
GENEQUANTUM,Biologics,China - Suzhou,,,,,,https://www.genequantum.com/,BioPharmGuy
HARBOUR BIOMED,Biologics,China - Suzhou,,,,,,https://www.harbourbiomed.com/,BioPharmGuy
KINTOR PHARMA,Biologics,China - Suzhou,,,,,,https://en.kintor.com.cn/,BioPharmGuy
KIRA PHARMACEUTICALS,Biologics,China - Suzhou,,,,,,https://www.kirapharma.com/,BioPharmGuy
MEDILINK THERAPEUTICS,Biologics,China - Suzhou,,,,,,https://www.medilinkthera.com/,BioPharmGuy
NEOWISE BIOTECHNOLOGY,Biologics,China - Suzhou,,,,,,https://www.neowisebio.com/en/index.html,BioPharmGuy
PERSONGEN BIOTHERAPEUTICS,Biologics,China - Suzhou,,,,,,https://en.persongen.com/,BioPharmGuy
TRANSCENTA THERAPEUTICS,Biologics,China - Suzhou,,,,,,https://www.transcenta.com/,BioPharmGuy
CHINA BIOLOGIC PRODUCTS,Biologics,China - Tai'An City,,,,,,http://en.chinabiologic.com/,BioPharmGuy
SINORDA BIOMEDICINE,Biologics,China - Taicang City,,,,,,https://www.sinorda.com/,BioPharmGuy
EOC PHARMA,Biologics,China - Taizhou,,,,,,https://www.eocpharma.com/,BioPharmGuy
QYUNS THERAPEUTICS,Biologics,China - Taizhou,,,,,,https://www.qyuns.net/en/,BioPharmGuy
CANSINO BIOLOGICS,Biologics,China - Tianjin,,,,,,https://www.cansinotech.com/,BioPharmGuy
IPSEN,Biologics,China - Tianjin,,,,,,https://www.ipsen.com/,BioPharmGuy
NOVO NORDISK,Biologics,China - Tianjin,,,,,,https://www.novonordisk.com/,BioPharmGuy
HANX BIOPHARMACEUTICALS,Biologics,China - Wuhan,,,,,,https://www.hanxbio.com/sy,BioPharmGuy
HITECK PHARMACEUTICAL,Biologics,China - Wuhan,,,,,,https://www.hiteckpharma.com/,BioPharmGuy
YZY BIOPHARMA,Biologics,China - Wuhan,,,,,,https://en.yzybio.com/,BioPharmGuy
BIOCITY BIOPHARMA,Biologics,China - Wuxi,,,,,,https://www.biocitypharma.com/,BioPharmGuy
D3 BIO,Biologics,China - Wuxi,,,,,,https://www.d3bio.com/,BioPharmGuy
PFIZER,Biologics,China - Wuxi,,,,,,https://www.pfizer.com/,BioPharmGuy
AMOYTOP BIOTECH,Biologics,China - Xiamen,,,,,,https://www.amoytop.com/en/,BioPharmGuy
REMEGEN,Biologics,China - Yantai,,,,,,https://www.remegen.com/,BioPharmGuy
ANGEL PHARMACEUTICALS,Biologics,China - Zhejiang,,,,,,https://www.angelpharma.com/,BioPharmGuy
NOVATIM IMMUNE THERAPEUTICS,Biologics,China - Zhejiang,,,,,,http://en.novatim-zj.com/,BioPharmGuy
AKESOBIO,Biologics,China - Zhongshan,,,,,,https://www.akesobio.com/,BioPharmGuy
FERRING PHARMACEUTICALS,Biologics,China - Zhongshan,,,,,,https://ferringusa.com/?lang=en,BioPharmGuy
SINGLOMICS,Biologics,China - Zhonguancun,,,,,,https://www.singlomics.com/,BioPharmGuy
ALLANDER BIOTECHNOLOGIES,Biologics,Co - Aurora,,,,,,https://allanderbiotech.com/,BioPharmGuy
ATARA BIOTHERAPEUTICS,Biologics,Co - Aurora,,,,,,https://www.atarabio.com/,BioPharmGuy
AURORA ONCOLOGY,Biologics,Co - Aurora,,,,,,https://www.auroraoncology.com/,BioPharmGuy
LUCINA BIOSCIENCES,Biologics,Co - Aurora,,,,,,https://lucinabio.org/,BioPharmGuy
MENOGENIX,Biologics,Co - Aurora,,,,,,https://www.menogenix.com/,BioPharmGuy
BOLDER BIOTECHNOLOGY,Biologics,Co - Boulder,,,,,,http://www.bolderbio.com,BioPharmGuy
COGENT BIOSCIENCES,Biologics,Co - Boulder,,,,,,https://www.cogentbio.com/,BioPharmGuy
VIRIDIAN THERAPEUTICS,Biologics,Co - Boulder,,,,,,https://www.viridiantherapeutics.com/,BioPharmGuy
ONCOVERITY,Biologics,Co - Denver,,,,,,https://www.oncoverity.com/,BioPharmGuy
BIOMARIN PHARMACEUTICAL,Biologics,Colombia - Bogotá,,,,,,https://www.biomarin.com/,BioPharmGuy
PFIZER,Biologics,Costa Rica - Escazu,,,,,,https://www.pfizer.com/,BioPharmGuy
AZITRA,Biologics,Ct - Branford,,,,,,https://azitrainc.com/,BioPharmGuy
EVOLVEIMMUNE THERAPEUTICS,Biologics,Ct - Branford,,,,,,https://evolveimmune.com/,BioPharmGuy
RECOMBINANT TECHNOLOGIES,Biologics,Ct - Cheshire,,,,,,http://www.recombtech.com/,BioPharmGuy
CAROGEN,Biologics,Ct - Farmington,,,,,,https://carogencorp.com/,BioPharmGuy
LAMBDAVISION,Biologics,Ct - Farmington,,,,,,http://www.lambdavision.com/home.html,BioPharmGuy
PFIZER,Biologics,Ct - Groton,,,,,,https://www.pfizer.com/,BioPharmGuy
ASTRAZENECA,Biologics,Ct - New Haven,,,,,,https://www.astrazeneca.com/,BioPharmGuy
BIOLOGICSMD,Biologics,Ct - New Haven,,,,,,http://www.biologicsmd.com/,BioPharmGuy
CELLDEX THERAPEUTICS,Biologics,Ct - New Haven,,,,,,https://celldex.com/,BioPharmGuy
RALLYBIO,Biologics,Ct - New Haven,,,,,,https://rallybio.com/,BioPharmGuy
SIMCHA THERAPEUTICS,Biologics,Ct - New Haven,,,,,,https://simchatx.com/,BioPharmGuy
BOEHRINGER INGELHEIM,Biologics,Ct - Ridgefield,,,,,,https://www.boehringer-ingelheim.com/,BioPharmGuy
AOP ORPHAN DISEASES,Biologics,Czech Republic - Prague,,,,,,https://www.aop-health.com/global_en,BioPharmGuy
SOTIO BIOTECH,Biologics,Czech Republic - Prague,,,,,,https://sotio.com/,BioPharmGuy
PRECISIO BIOTIX THERAPEUTICS,Biologics,De - Dover,,,,,,https://www.precisiobiotix.com/,BioPharmGuy
ASTRAZENECA,Biologics,De - Wilmington,,,,,,https://www.astrazeneca.com/,BioPharmGuy
COMMIT BIOLOGICS,Biologics,Denmark - Aarhus,,,,,,https://commitbio.com/,BioPharmGuy
NOVO NORDISK,Biologics,Denmark - Bagsvaerd,,,,,,https://www.novonordisk.com/,BioPharmGuy
LEO PHARMA,Biologics,Denmark - Ballerup,,,,,,https://www.leo-pharma.com/,BioPharmGuy
REAPPLIX,Biologics,Denmark - Birkerød,,,,,,https://reapplix.com/,BioPharmGuy
ALVEUS THERAPEUTICS,Biologics,Denmark - Copenhagen,,,,,,https://alveustx.com/,BioPharmGuy
ANALONA THERAPEUTICS,Biologics,Denmark - Copenhagen,,,,,,https://analonatherapeutics.com/,BioPharmGuy
HEMAB THERAPEUTICS,Biologics,Denmark - Copenhagen,,,,,,https://www.hemab.com/,BioPharmGuy
HOBA THERAPEUTICS,Biologics,Denmark - Copenhagen,,,,,,https://hobatherapeutics.com/,BioPharmGuy
SANOFI,Biologics,Denmark - Copenhagen,,,,,,https://www.sanofi.com/en,BioPharmGuy
SKAPE BIO,Biologics,Denmark - Copenhagen,,,,,,https://www.skape.bio/,BioPharmGuy
VAR2 PHARMACEUTICALS,Biologics,Denmark - Copenhagen,,,,,,https://var2pharma.com/,BioPharmGuy
ADCENDO,Biologics,Denmark - Frederiksberg,,,,,,https://adcendo.com/,BioPharmGuy
HERVOLUTION THERAPEUTICS,Biologics,Denmark - Frederiksberg,,,,,,https://hervolutiontx.com/,BioPharmGuy
NOVO NORDISK,Biologics,Denmark - Gentofte,,,,,,https://www.novonordisk.com/,BioPharmGuy
ASCENDIS PHARMA,Biologics,Denmark - Hellerup,,,,,,https://ascendispharma.com/,BioPharmGuy
NOVO NORDISK,Biologics,Denmark - Hillerød,,,,,,https://www.novonordisk.com/,BioPharmGuy
NOVO NORDISK,Biologics,Denmark - Køge,,,,,,https://www.novonordisk.com/,BioPharmGuy
BAVARIAN NORDIC,Biologics,Denmark - Kvistgard,,,,,,https://www.bavarian-nordic.com/,BioPharmGuy
NOVO NORDISK,Biologics,Denmark - Måløv,,,,,,https://www.novonordisk.com/,BioPharmGuy
CYTOKI PHARMA,Biologics,Denmark - Søborg,,,,,,https://www.cytokipharma.com/,BioPharmGuy
NOVO NORDISK,Biologics,Denmark - Værløse,,,,,,https://www.novonordisk.com/,BioPharmGuy
DESENTUM,Biologics,Finland - Espoo,,,,,,https://desentum.fi/,BioPharmGuy
PROTHYA BIOSOLUTIONS,Biologics,Finland - Espoo,,,,,,https://prothya.com/,BioPharmGuy
APLAGON,Biologics,Finland - Helsinki,,,,,,https://aplagon.com/,BioPharmGuy
LYSANDO,Biologics,Finland - Triesenberg,,,,,,https://lysando.com/en/,BioPharmGuy
FARON PHARMACEUTICALS,Biologics,Finland - Turku,,,,,,https://faron.com/,BioPharmGuy
ONCOXX BIOTECH,Biologics,Finland - Zz,,,,,,https://oncoxx.com/en/,BioPharmGuy
MEDOSOME BIOTEC,Biologics,Fl - Alachua,,,,,,https://mdbiotec.com/,BioPharmGuy
ARSCIENCE BIOTHERAPEUTICS,Biologics,Fl - Boca Raton,,,,,,https://www.arsciencebio.com/,BioPharmGuy
INMUNE BIO,Biologics,Fl - Boca Raton,,,,,,https://www.inmunebio.com/,BioPharmGuy
ALAUNOS THERAPEUTICS,Biologics,Fl - Fort Lauderdale,,,,,,https://alaunos.com/,BioPharmGuy
IMMUNSYS,Biologics,Fl - Fort Lauderdale,,,,,,https://immunsys.com/,BioPharmGuy
IONCOLOGI,Biologics,Fl - Gainesville,,,,,,https://ioncologi.com/,BioPharmGuy
NEOBIOSIS,Biologics,Fl - Gainesville,,,,,,https://www.neobiosis.com/,BioPharmGuy
THERATOME BIO,Biologics,Fl - Gainesville,,,,,,https://theratomebio.com/,BioPharmGuy
CYTONICS,Biologics,Fl - Jupiter,,,,,,https://cytonics.com/,BioPharmGuy
SINGH BIOTECHNOLOGY,Biologics,Fl - Lutz,,,,,,https://www.singhbiotechnology.com/index.html,BioPharmGuy
AEGLE THERAPEUTICS,Biologics,Fl - Miami,,,,,,https://aegletherapeutics.com/,BioPharmGuy
BIO-TISSUE,Biologics,Fl - Miami,,,,,,https://biotissue.com/,BioPharmGuy
DIVERSE BIOTECH,Biologics,Fl - Miami,,,,,,https://www.diversebiotech.com/,BioPharmGuy
KLOTHEA BIO,Biologics,Fl - Miami,,,,,,https://klothea.com/,BioPharmGuy
NAYA THERAPEUTICS,Biologics,Fl - Miami,,,,,,https://www.nayatx.com/,BioPharmGuy
OPKO HEALTH,Biologics,Fl - Miami,,,,,,https://www.opko.com/,BioPharmGuy
RESOLVE THERAPEUTICS,Biologics,Fl - Miami,,,,,,https://www.resolvetherapeutics.com/,BioPharmGuy
PASITHEA THERAPEUTICS,Biologics,Fl - Miami Beach,,,,,,https://www.pasithea.com/,BioPharmGuy
HCW BIOLOGICS,Biologics,Fl - Miramar,,,,,,https://hcwbiologics.com/,BioPharmGuy
ATTRALUS,Biologics,Fl - Naples,,,,,,https://attralus.com/,BioPharmGuy
EQUILIBRA BIOSCIENCE,Biologics,Fl - Naples,,,,,,https://equilibrabioscience.com/,BioPharmGuy
BIOVAXYS,Biologics,Fl - North Miami,,,,,,https://www.biovaxys.com/,BioPharmGuy
AIM IMMUNOTECH,Biologics,Fl - Ocala,,,,,,https://aimimmuno.com/,BioPharmGuy
CURATIVE BIOTECHNOLOGY,Biologics,Fl  - Palm Beach Gardens,,,,,,https://curativebiotech.com/,BioPharmGuy
ZIMVIE,Biologics,Fl - Palm Beach Gardens,,,,,,https://www.zimvie.com/en,BioPharmGuy
REGENATIVE LABS,Biologics,Fl - Pensacola,,,,,,https://regenativelabs.com/,BioPharmGuy
BIOSTEM TECHNOLOGIES,Biologics,Fl - Pompano Beach,,,,,,https://biostemtechnologies.com/,BioPharmGuy
ORAGENICS,Biologics,Fl - Sarasota,,,,,,https://www.oragenics.com/,BioPharmGuy
U.S. STEM CELL,Biologics,Fl - Sunrise,,,,,,https://us-stemcell.com/,BioPharmGuy
MEGANANO BIOTECH,Biologics,Fl - Tampa,,,,,,https://megananobiotech.com/,BioPharmGuy
SAN ROCCO THERAPEUTICS,Biologics,Fl - Tampa,,,,,,https://sanroccotherapeutics.com/,BioPharmGuy
PIERRE FABRE,Biologics,France - Aignan,,,,,,https://www.pierre-fabre.com/en,BioPharmGuy
STALLERGENES GREER,Biologics,France - Antony,,,,,,https://www.stallergenesgreer.com/,BioPharmGuy
PIERRE FABRE,Biologics,France - Avène,,,,,,https://www.pierre-fabre.com/en,BioPharmGuy
ABIONYX,Biologics,France - Balma,,,,,,https://www.abionyx.com/en/,BioPharmGuy
IPSEN,Biologics,France - Boulogne-Billancourt,,,,,,https://www.ipsen.com/,BioPharmGuy
OP2LYSIS,Biologics,France - Boulogne-Billancourt,,,,,,https://www.op2lysis.com/,BioPharmGuy
KALSIOM,Biologics,France - Brest,,,,,,https://www.kalsiom.fr/,BioPharmGuy
LYS THERAPEUTICS,Biologics,France - Caen,,,,,,https://lystherapeutics.com/,BioPharmGuy
PIERRE FABRE,Biologics,France - Cahors,,,,,,https://www.pierre-fabre.com/en,BioPharmGuy
PIERRE FABRE,Biologics,France - Castres,,,,,,https://www.pierre-fabre.com/en,BioPharmGuy
PIERRE FABRE,Biologics,France - Château-Renard,,,,,,https://www.pierre-fabre.com/en,BioPharmGuy
CHIESI,Biologics,France - Colombes,,,,,,https://www.chiesi.com/en/,BioPharmGuy
OREGA BIOTECH,Biologics,France - Ecully,,,,,,https://www.orega-biotech.com/,BioPharmGuy
INATHERYS,Biologics,France - Evry,,,,,,https://www.inatherys.com/,BioPharmGuy
PIERRE FABRE,Biologics,France - Gaillac,,,,,,https://www.pierre-fabre.com/en,BioPharmGuy
PIERRE FABRE,Biologics,France - Gien,,,,,,https://www.pierre-fabre.com/en,BioPharmGuy
TRANSGENE,Biologics,France - Illkirch-Graffenstaden,,,,,,https://www.transgene.com/,BioPharmGuy
4P-PHARMA,Biologics,France - Lille,,,,,,https://4p-pharma.com/,BioPharmGuy
STARKAGE THERAPEUTICS,Biologics,France - Lille,,,,,,https://www.starkage.com/,BioPharmGuy
OCTAPHARMA,Biologics,France - Lingolsheim,,,,,,https://www.octapharma.com/,BioPharmGuy
DIAGAST,Biologics,France - Loos,,,,,,https://www.diagast.com/fr/,BioPharmGuy
ADOCIA,Biologics,France - Lyon,,,,,,https://www.adocia.com/,BioPharmGuy
FABENTECH,Biologics,France - Lyon,,,,,,https://www.fabentech.com/,BioPharmGuy
HEPHAISTOS-PHARMA,Biologics,France - Lyon,,,,,,https://hephaistos-pharma.fr/,BioPharmGuy
LYS THERAPEUTICS,Biologics,France - Lyon,,,,,,https://lystherapeutics.com/,BioPharmGuy
MAAT PHARMA,Biologics,France - Lyon,,,,,,https://www.maatpharma.com/,BioPharmGuy
NETRIS PHARMA,Biologics,France - Lyon,,,,,,https://www.netrispharma.com/,BioPharmGuy
VALNEVA,Biologics,France - Lyon,,,,,,https://valneva.com/,BioPharmGuy
ADCYTHERIX,Biologics,France - Marseille,,,,,,https://www.adcytherix.com/,BioPharmGuy
DIOGENX,Biologics,France - Marseille,,,,,,https://diogenx.com/,BioPharmGuy
IMCHECK THERAPEUTICS,Biologics,France - Marseille,,,,,,https://www.imchecktherapeutics.com/,BioPharmGuy
INNATE PHARMA,Biologics,France - Marseille,,,,,,https://www.innate-pharma.com/,BioPharmGuy
PIERRE FABRE,Biologics,France - Mazamet,,,,,,https://www.pierre-fabre.com/en,BioPharmGuy
TBF GENIE TISSULAIRE,Biologics,France - Mions,,,,,,https://www.tbf-lab.com/,BioPharmGuy
ABIVAX,Biologics,France - Montpellier,,,,,,https://www.abivax.com/,BioPharmGuy
HISTIDE,Biologics,France - Montpellier,,,,,,https://www.histide.com/,BioPharmGuy
ABCELY,Biologics,France - Nantes,,,,,,https://www.abcely.com/,BioPharmGuy
ABOLEIIS PHARMA,Biologics,France - Nantes,,,,,,https://aboleris-pharma.com/,BioPharmGuy
OSE IMMUNOTHERAPEUTICS,Biologics,France - Nantes,,,,,,https://www.ose-immuno.com/en/home/,BioPharmGuy
XENOTHERA,Biologics,France - Nantes,,,,,,https://www.xenothera.com/,BioPharmGuy
ELI LILLY,Biologics,France - Neuilly-Sur-Seine,,,,,,https://www.lilly.com/,BioPharmGuy
IGYXOS BIOTHERAPEUTICS,Biologics,France - Nouzilly,,,,,,https://www.igyxos.com/,BioPharmGuy
BLUE BEES THERAPEUTICS,Biologics,France - Orsay,,,,,,https://www.bbtx.fr/en-us/,BioPharmGuy
ABIVAX,Biologics,France - Paris,,,,,,https://www.abivax.com/,BioPharmGuy
ACTICOR BIOTECH,Biologics,France - Paris,,,,,,https://www.acticor-biotech.com/,BioPharmGuy
BIOMUNEX PHARMACEUTICALS,Biologics,France - Paris,,,,,,https://www.biomunex.com/,BioPharmGuy
BRAINEVER,Biologics,France - Paris,,,,,,https://brainever.fr/,BioPharmGuy
EGLE THERAPEUTICS,Biologics,France - Paris,,,,,,https://www.egle-tx.com/,BioPharmGuy
ENNODC,Biologics,France - Paris,,,,,,https://ennodc.com/,BioPharmGuy
EVEXTA BIO,Biologics,France - Paris,,,,,,https://www.evextabio.com/,BioPharmGuy
EXELIOM BIOSCIENCES,Biologics,France - Paris,,,,,,https://www.exeliombio.com/,BioPharmGuy
GENSIGHT BIOLOGICS,Biologics,France - Paris,,,,,,https://www.gensight-biologics.com/,BioPharmGuy
GSK,Biologics,France - Paris,,,,,,https://www.gsk.com/en-gb/,BioPharmGuy
ILTOO PHARMA,Biologics,France - Paris,,,,,,http://www.iltoopharma.com/,BioPharmGuy
KYRON.BIO,Biologics,France - Paris,,,,,,https://www.kyron.bio/,BioPharmGuy
LFB,Biologics,France - Paris,,,,,,https://www.groupe-lfb.com/en/,BioPharmGuy
ONCOVITA,Biologics,France - Paris,,,,,,http://www.oncovita.fr/,BioPharmGuy
OSE IMMUNOTHERAPEUTICS,Biologics,France - Paris,,,,,,https://www.ose-immuno.com/en/home/,BioPharmGuy
PIERRE FABRE,Biologics,France - Paris,,,,,,https://www.pierre-fabre.com/en,BioPharmGuy
POLYGON THERAPEUTICS,Biologics,France - Paris,,,,,,https://www.polygon.care/,BioPharmGuy
SPIKIMM,Biologics,France - Paris,,,,,,https://www.spikimm.com/,BioPharmGuy
STIMUNITY,Biologics,France - Paris,,,,,,https://stimunity.com/,BioPharmGuy
THABOR THERAPEUTICS,Biologics,France - Paris,,,,,,https://www.thabor-tx.com/,BioPharmGuy
LAKEFRONT BIOTHERAPEUTICS,Biologics,France - Romainville,,,,,,https://lakefrontbio.com/,BioPharmGuy
ATONCO,Biologics,France - Saint Herblain,,,,,,https://atonco-pharma.com/en/,BioPharmGuy
PIERRE FABRE,Biologics,France - Saint Julien En Genevois,,,,,,https://www.pierre-fabre.com/en,BioPharmGuy
KARLA THERAPEUTICS,Biologics,France - Saint-Beauzire,,,,,,https://karla-tx.com/,BioPharmGuy
VALNEVA,Biologics,France - Saint-Herblain,,,,,,https://valneva.com/,BioPharmGuy
ENNOVATE PHARMA,Biologics,France - Saint-Louis,,,,,,https://ennovatetx.com/,BioPharmGuy
PIERRE FABRE,Biologics,France - Soual,,,,,,https://www.pierre-fabre.com/en,BioPharmGuy
KEKKAN BIOLOGICS,Biologics,France - Strasbourg,,,,,,https://kekkan-biologics.com/,BioPharmGuy
ODIMMA THERAPEUTICS,Biologics,France - Strasbourg,,,,,,https://odimma-therapeutics.com/,BioPharmGuy
SYNDIVIA,Biologics,France - Strasbourg,,,,,,https://www.syndivia.com/,BioPharmGuy
NEOVACS,Biologics,France - Suresnes,,,,,,https://www.neovacs.com/en/,BioPharmGuy
PIERRE FABRE,Biologics,France - Toulouse,,,,,,https://www.pierre-fabre.com/en,BioPharmGuy
PIERRE FABRE,Biologics,France - Ussel,,,,,,https://www.pierre-fabre.com/en,BioPharmGuy
PIERRE FABRE,Biologics,France - Vigoulet-Auzil,,,,,,https://www.pierre-fabre.com/en,BioPharmGuy
MEXBRAIN,Biologics,France - Villeurbanne,,,,,,https://mexbrain.com/,BioPharmGuy
PEGA-ONE,Biologics,France - Zz,,,,,,https://pegaonebio.com/,BioPharmGuy
ARUNA BIO,Biologics,Ga - Athens,,,,,,https://www.arunabio.com/,BioPharmGuy
MACH5 THERAPEUTICS,Biologics,Ga - Atlanta,,,,,,https://www.mach5tx.com/,BioPharmGuy
METACLIPSE THERAPEUTICS,Biologics,Ga - Atlanta,,,,,,https://metaclipse.com/,BioPharmGuy
VIVEX BIOLOGICS,Biologics,Ga - Atlanta,,,,,,https://vivex.com/,BioPharmGuy
CHEMEDIMMUNE,Biologics,Ga - Augusta,,,,,,https://chemedimmune.com/,BioPharmGuy
AIRWAY THERAPEUTICS,Biologics,Ga - Marietta,,,,,,https://www.airwaytherapeutics.com/,BioPharmGuy
LANIER BIOTHERAPEUTICS,Biologics,Ga - Peachtree Corners,,,,,,https://lanierbio.com/,BioPharmGuy
SAOL THERAPEUTICS,Biologics,Ga - Roswell,,,,,,https://saolrx.com/,BioPharmGuy
UCB PHARMA,Biologics,Ga - Smyra,,,,,,https://www.ucb.com/,BioPharmGuy
GEOVAX,Biologics,Ga - Smyrna,,,,,,https://www.geovax.com/,BioPharmGuy
VICAPSYS,Biologics,Ga - Suwanee,,,,,,https://vicapsys.com/,BioPharmGuy
AUTOTISSUE,Biologics,Germany - Berlin,,,,,,https://autotissue.de/,BioPharmGuy
BAVARIAN NORDIC,Biologics,Germany - Berlin,,,,,,https://www.bavarian-nordic.com/,BioPharmGuy
BAYER,Biologics,Germany - Berlin,,,,,,https://www.bayer.com/en/,BioPharmGuy
BIONTECH,Biologics,Germany - Berlin,,,,,,https://www.biontech.com/int/en/home.html,BioPharmGuy
IMMUTEP,Biologics,Germany - Berlin,,,,,,https://www.immutep.com/,BioPharmGuy
SILENCE THERAPEUTICS,Biologics,Germany - Berlin,,,,,,https://www.silence-therapeutics.com/home/default.aspx,BioPharmGuy
T-KNIFE THERAPEUTICS,Biologics,Germany - Berlin,,,,,,https://www.t-knife.com/,BioPharmGuy
TACALYX,Biologics,Germany - Berlin,,,,,,https://www.tacalyx.com/,BioPharmGuy
CORAT THERAPEUTICS,Biologics,Germany - Braunschweig,,,,,,https://corat-therapeutics.com/,BioPharmGuy
DISCO PHARMACEUTICALS,Biologics,Germany - Cologne,,,,,,https://discopharma.de/,BioPharmGuy
IDEL THERAPEUTICS,Biologics,Germany - Dortmund,,,,,,https://idel-tx.com/,BioPharmGuy
VICUTEC BIOLOGICALS,Biologics,Germany - Dortmund,,,,,,https://www.vicutec.eu/,BioPharmGuy
BIOTEST PHARMACEUTICALS,Biologics,Germany - Dreieich,,,,,,https://www.biotest.com/de/en/index.cfm,BioPharmGuy
AVENCELL THERAPEUTICS,Biologics,Germany - Dresden,,,,,,https://avencell.com/,BioPharmGuy
ORTHOGEN,Biologics,Germany - Düsseldorf,,,,,,https://www.orthogen.org/,BioPharmGuy
ANTUREC PHARMACEUTICALS,Biologics,Germany - Frankfurt,,,,,,https://anturec.com/,BioPharmGuy
ODYSSEY THERAPEUTICS (2),Biologics,Germany - Frankfurt,,,,,,https://odysseytx.com/,BioPharmGuy
REPAIRON,Biologics,Germany - Göttingen,,,,,,https://www.repairon.de/,BioPharmGuy
NEOVII BIOTECH,Biologics,Germany - Grafelfing,,,,,,https://neovii.com/,BioPharmGuy
BAYER,Biologics,Germany - Grenzach,,,,,,https://www.bayer.com/en/,BioPharmGuy
IX THERAPEUTICS,Biologics,Germany - Hamburg,,,,,,https://www.ix-therapeutics.com/,BioPharmGuy
ALLOGENETICS,Biologics,Germany - Hanover,,,,,,https://www.allogenetics.de/,BioPharmGuy
APOGENIX,Biologics,Germany - Heidelberg,,,,,,https://apogenix.com/en/,BioPharmGuy
ASCENDIS PHARMA,Biologics,Germany - Heidelberg,,,,,,https://ascendispharma.com/,BioPharmGuy
PANOSOME,Biologics,Germany - Heidelberg,,,,,,https://www.panosome.com/,BioPharmGuy
4TEEN4 PHARMACEUTICALS,Biologics,Germany - Hennigsdorf,,,,,,https://4teen4.de/,BioPharmGuy
ADRENOMED,Biologics,Germany - Hennigsdorf,,,,,,https://adrenomed.com/,BioPharmGuy
KYTTARO,Biologics,Germany - Hohenbrunn,,,,,,https://kyttarotherapeutics.com/,BioPharmGuy
BIONTECH,Biologics,Germany - Idar-Oberstein,,,,,,https://www.biontech.com/int/en/home.html,BioPharmGuy
BOEHRINGER INGELHEIM,Biologics,Germany - Ingelheim Am Rhein,,,,,,https://www.boehringer-ingelheim.com/,BioPharmGuy
AOP ORPHAN DISEASES,Biologics,Germany - Ismaning,,,,,,https://www.aop-health.com/global_en,BioPharmGuy
ALYTAS THERAPEUTICS,Biologics,Germany - Jena,,,,,,https://alytas.com/?lang=en,BioPharmGuy
INFLARX,Biologics,Germany - Jena,,,,,,https://www.inflarx.de/,BioPharmGuy
PFIZER,Biologics,Germany - Karlsruhe,,,,,,https://www.pfizer.com/,BioPharmGuy
TIAKIS BIOTECH,Biologics,Germany - Kiel,,,,,,https://tiakis.bio/,BioPharmGuy
HEIDELBERG PHARMA,Biologics,Germany - Ladenburg,,,,,,https://heidelberg-pharma.com/en/,BioPharmGuy
BAYER,Biologics,Germany - Leverkusen,,,,,,https://www.bayer.com/en/,BioPharmGuy
BIONTECH,Biologics,Germany - Mainz,,,,,,https://www.biontech.com/int/en/home.html,BioPharmGuy
VAXIMM,Biologics,Germany - Mannheim,,,,,,https://vaximm.com/,BioPharmGuy
BAVARIAN NORDIC,Biologics,Germany - Martinsried,,,,,,https://www.bavarian-nordic.com/,BioPharmGuy
IOMX THERAPEUTICS,Biologics,Germany - Martinsried,,,,,,https://www.iomx.com/,BioPharmGuy
SCIRHOM,Biologics,Germany - Martinsried,,,,,,https://scirhom.com/,BioPharmGuy
UCB PHARMA,Biologics,Germany - Monheim Am Rhein,,,,,,https://www.ucb.com/,BioPharmGuy
AATEC MEDICAL,Biologics,Germany - Munich,,,,,,https://aatec-medical.com/,BioPharmGuy
GSK,Biologics,Germany - Munich,,,,,,https://www.gsk.com/en-gb/,BioPharmGuy
MULTIMMUNE,Biologics,Germany - Munich,,,,,,https://www.multimmune.com/,BioPharmGuy
MODIBLAST PHARMA,Biologics,Germany - Oberhaching,,,,,,https://www.modiblast.com/,BioPharmGuy
ADVANCECOR,Biologics,Germany - Planegg,,,,,,https://www.advancecor.de/,BioPharmGuy
MEDIGENE,Biologics,Germany - Planegg-Martinsried,,,,,,https://medigene.com/,BioPharmGuy
TUBULIS TECHNOLOGIES,Biologics,Germany - Planegg-Martinsried,,,,,,https://tubulis.com/,BioPharmGuy
ICANOMAB,Biologics,Germany - Polling,,,,,,https://icanomab.com/,BioPharmGuy
LINDIS BIOTECH,Biologics,Germany - Puchheim,,,,,,https://www.lindisbiotech.com/,BioPharmGuy
VELVIO,Biologics,Germany - Regensburg,,,,,,https://www.velvio.com/,BioPharmGuy
OCTAPHARMA,Biologics,Germany - Springe,,,,,,https://www.octapharma.com/,BioPharmGuy
ABBVIE,Biologics,Germany - Wiesbaden,,,,,,https://www.abbvie.com/,BioPharmGuy
TOLERIS BIOTHERAPEUTICS,Biologics,Germany - Würzburg,,,,,,https://www.toleris.com/,BioPharmGuy
BOTISS BIOMATERIALS,Biologics,Germany - Zossen,,,,,,https://botiss.com/,BioPharmGuy
PFIZER,Biologics,Greece - Neo Psychiko,,,,,,https://www.pfizer.com/,BioPharmGuy
RESQ BIOTECH,Biologics,Greece - Patra,,,,,,https://www.resqbiotech.com/,BioPharmGuy
AOP ORPHAN DISEASES,Biologics,Hungary - Budapest,,,,,,https://www.aop-health.com/global_en,BioPharmGuy
PFIZER,Biologics,Hungary - Budapest,,,,,,https://www.pfizer.com/,BioPharmGuy
PROTHYA BIOSOLUTIONS,Biologics,Hungary - Budapest,,,,,,https://prothya.com/,BioPharmGuy
CSL BEHRING,Biologics,Il - Bradley,,,,,,https://www.csl.com/we-are-csl/our-businesses-and-products/csl-behring,BioPharmGuy
AMPHIX BIO,Biologics,Il - Chicago,,,,,,https://www.amphixbio.com/,BioPharmGuy
ENZYME BY DESIGN,Biologics,Il - Chicago,,,,,,https://www.enzymebydesign.com/,BioPharmGuy
SELAGINE,Biologics,Il - Chicago,,,,,,https://www.selagine.com/,BioPharmGuy
SIWA THERAPEUTICS,Biologics,Il - Chicago,,,,,,https://siwatherapeutics.com/,BioPharmGuy
XENTRIA,Biologics,Il - Chicago,,,,,,https://xentria.com/,BioPharmGuy
ANGIOTENSIN THERAPEUTICS,Biologics,Il - Evanston,,,,,,https://angiotx.com/,BioPharmGuy
PFIZER,Biologics,Il - Lake Forest,,,,,,https://www.pfizer.com/,BioPharmGuy
SPARX BIOPHARMACEUTICAL,Biologics,Il - Mount Prospect,,,,,,https://sparxbio.com/,BioPharmGuy
ABBVIE,Biologics,Il - North Chicago,,,,,,https://www.abbvie.com/,BioPharmGuy
ASTELLAS,Biologics,Il - Northbrook,,,,,,https://www.astellas.com/en,BioPharmGuy
COUR PHARMACEUTICALS,Biologics,Il - Skokie,,,,,,https://courpharma.com/,BioPharmGuy
REVOPSIS THERAPEUTICS,Biologics,Il - Springfield,,,,,,https://revopsis.com/,BioPharmGuy
NOVO NORDISK,Biologics,In - Bloomington,,,,,,https://www.novonordisk.com/,BioPharmGuy
TELIX PHARMACEUTICALS,Biologics,In - Fishers,,,,,,https://telixpharma.com/,BioPharmGuy
ELI LILLY,Biologics,In - Indianapolis,,,,,,https://www.lilly.com/,BioPharmGuy
OSSIUM HEALTH,Biologics,In - Indianapolis,,,,,,https://ossiumhealth.com/,BioPharmGuy
ABBVIE,Biologics,India - Bangalore,,,,,,https://www.abbvie.com/,BioPharmGuy
BIOCON,Biologics,India - Bangalore,,,,,,https://www.biocon.com/,BioPharmGuy
GANGAGEN,Biologics,India - Bangalore,,,,,,https://gangagen.com/,BioPharmGuy
ZUMUTOR BIOLOGICS,Biologics,India - Bangalore,,,,,,https://zumutor.com/,BioPharmGuy
CELLBIOS HEALTHCARE & LIFESCIENCES,Biologics,India - Chennai,,,,,,https://cellbios.com/,BioPharmGuy
INDIAN IMMUNOLOGICALS,Biologics,India - Hyderabad,,,,,,https://www.indimmune.com/,BioPharmGuy
PROMEA,Biologics,India - Hyderabad,,,,,,https://promea.in/,BioPharmGuy
BHARAT SERUMS & VACCINES,Biologics,India - Mumbai,,,,,,https://bsvgroup.com/,BioPharmGuy
KOYE PHARMACEUTICALS,Biologics,India - Mumbai,,,,,,https://koye.co/,BioPharmGuy
PFIZER,Biologics,India - Mumbai,,,,,,https://www.pfizer.com/,BioPharmGuy
LAMARK BIOTECH,Biologics,India - Pune,,,,,,https://lamarkbiotech.com/,BioPharmGuy
MSD,Biologics,Ireland - Carlow,,,,,,https://msd-ireland.com/,BioPharmGuy
PFIZER,Biologics,Ireland - Clondalkin,,,,,,https://www.pfizer.com/,BioPharmGuy
ABBVIE,Biologics,Ireland - Clonshaugh,,,,,,https://www.abbviecontractmfg.com/,BioPharmGuy
ASTELLAS,Biologics,Ireland - Dublin,,,,,,https://www.astellas.com/en,BioPharmGuy
LEO PHARMA,Biologics,Ireland - Dublin,,,,,,https://www.leo-pharma.com/,BioPharmGuy
NOVO NORDISK,Biologics,Ireland - Dublin,,,,,,https://www.novonordisk.com/,BioPharmGuy
PROTHENA,Biologics,Ireland - Dublin,,,,,,https://www.prothena.com/,BioPharmGuy
SAOL THERAPEUTICS,Biologics,Ireland - Dublin,,,,,,https://saolrx.com/,BioPharmGuy
AMGEN,Biologics,Ireland - Dún Laoghaire,,,,,,https://www.amgen.com/,BioPharmGuy
MERCK,Biologics,Ireland - Dundalk,,,,,,https://www.merck.com/,BioPharmGuy
OMNISPIRANT THERAPEUTICS,Biologics,Ireland - Galway,,,,,,https://www.omnispirant.com/,BioPharmGuy
ASTELLAS,Biologics,Ireland - Killorglin,,,,,,https://www.astellas.com/en,BioPharmGuy
ELI LILLY,Biologics,Ireland - Kinsale,,,,,,https://www.lilly.com/,BioPharmGuy
BIOMARIN PHARMACEUTICAL,Biologics,Ireland - Ringaskiddy,,,,,,https://www.biomarin.com/,BioPharmGuy
SANOFI,Biologics,Ireland - Waterford,,,,,,https://www.sanofi.com/en,BioPharmGuy
PROTALIX BIOTHERAPEUTICS,Biologics,Israel - Carmiel,,,,,,https://protalix.com/,BioPharmGuy
REGENTIS BIOMATERIALS,Biologics,Israel - Herzlia Pituach,,,,,,https://www.regentis.co.il/,BioPharmGuy
COMPUGEN,Biologics,Israel - Holon,,,,,,https://cgen.com/overview/default.aspx,BioPharmGuy
ENTERA BIO,Biologics,Israel - Jerusalem,,,,,,https://enterabio.com/,BioPharmGuy
KAHR MEDICAL,Biologics,Israel - Jerusalem,,,,,,https://kahrbio.com/,BioPharmGuy
NECTIN THERAPEUTICS,Biologics,Israel - Jerusalem,,,,,,https://www.nectintx.com/,BioPharmGuy
ORAMED PHARMACEUTICALS,Biologics,Israel - Jerusalem,,,,,,https://oramed.com/,BioPharmGuy
SCINAI IMMUNOTHERAPEUTICS,Biologics,Israel - Jerusalem,,,,,,https://www.scinai.com/,BioPharmGuy
OPKO BIOLOGIS,Biologics,Israel - Kiryat Gat,,,,,,https://www.opkobiologics.com/,BioPharmGuy
BIOLINERX,Biologics,Israel - Modi’In,,,,,,https://biolinerx.com/,BioPharmGuy
BIOND BIOLOGICS,Biologics,Israel - Nahariya,,,,,,https://www.biondbio.com/,BioPharmGuy
ELGAN PHARMA,Biologics,Israel - Nazareth,,,,,,https://elganpharma.com/,BioPharmGuy
KAMADA,Biologics,Israel - Negev,,,,,,https://www.kamada.com/,BioPharmGuy
BIOMX,Biologics,Israel - Ness Ziona,,,,,,https://biomx.com/,BioPharmGuy
IMMUNEWALK THERAPEUTICS,Biologics,Israel - Petach Tikvah,,,,,,https://immunewalk.com/,BioPharmGuy
TEVA,Biologics,Israel - Petah Tikva,,,,,,https://www.tevapharm.com/,BioPharmGuy
XTL BIOPHARMACEUTICALS,Biologics,Israel - Ramat Gan,,,,,,https://xtlbio.com/,BioPharmGuy
89BIO,Biologics,Israel - Rehovot,,,,,,https://89bio.com/,BioPharmGuy
COLLPLANT BIOTECHNOLOGIES,Biologics,Israel - Rehovot,,,,,,https://collplant.com/,BioPharmGuy
IMMUNOBRAIN CHECKPOINT,Biologics,Israel - Rehovot,,,,,,https://immunobrain.com/,BioPharmGuy
NEOTX,Biologics,Israel - Rehovot,,,,,,https://neotx.com/,BioPharmGuy
CHEMOMAB THERAPEUTICS,Biologics,Israel - Tel Aviv,,,,,,https://chemomab.com/,BioPharmGuy
UKKO,Biologics,Israel - Tel Aviv,,,,,,https://www.ukko.us/,BioPharmGuy
MEDABOME,Biologics,Israel - Yavne,,,,,,https://www.medabome.com/,BioPharmGuy
TROJANBIO,Biologics,Israel - Yavne,,,,,,https://www.trojan-bio.com/,BioPharmGuy
PFIZER,Biologics,Italy - Ascoli Piceno,,,,,,https://www.pfizer.com/,BioPharmGuy
ABBVIE,Biologics,Italy - Campoverde,,,,,,https://www.abbviecontractmfg.com/,BioPharmGuy
ADIENNE PHARMA AND BIOTECH,Biologics,Italy - Caponago,,,,,,https://www.adienne.com/en/,BioPharmGuy
MEDIAPHARMA,Biologics,Italy - Chieti,,,,,,https://www.mediapharma.it/,BioPharmGuy
ITALFARMACO RESEARCH,Biologics,Italy - Cinisello Balsam,,,,,,https://www.italfarmaco.it/,BioPharmGuy
MENARINI,Biologics,Italy - Florence,,,,,,https://www.menarini.com/en-us.html,BioPharmGuy
DOMPÉ,Biologics,Italy - L'Aquila,,,,,,https://www.dompe.com/,BioPharmGuy
CHECKMAB,Biologics,Italy - Milan,,,,,,https://www.checkmab.eu/en/homepage/,BioPharmGuy
DOMPÉ,Biologics,Italy - Milan,,,,,,https://www.dompe.com/,BioPharmGuy
ENTHERA PHARMACEUTICALS,Biologics,Italy - Milan,,,,,,https://www.entherapharmaceuticals.com/,BioPharmGuy
ITALFARMACO RESEARCH,Biologics,Italy - Milan,,,,,,https://www.italfarmaco.it/,BioPharmGuy
NANOPHORIA BIOSCIENCE,Biologics,Italy - Milan,,,,,,https://nanophoria.com/,BioPharmGuy
HOLOSTEM TARAPIE AVANZATE,Biologics,Italy - Modena,,,,,,https://www.holostem.com/?lang=en,BioPharmGuy
PHILOGEN,Biologics,Italy - Monteriggioni,,,,,,https://www.philogen.com/,BioPharmGuy
ROTTAPHARM BIOTECH,Biologics,Italy - Monza,,,,,,https://rottapharmbiotech.com/,BioPharmGuy
DOMPÉ,Biologics,Italy - Naples,,,,,,https://www.dompe.com/,BioPharmGuy
NERVIANO MEDICAL SCIENCES,Biologics,Italy - Nerviano,,,,,,https://www.nervianoms.com/,BioPharmGuy
CHIESI,Biologics,Italy - Parma,,,,,,https://www.chiesi.com/en/,BioPharmGuy
EXIRIS,Biologics,Italy - Rome,,,,,,https://www.exiris.it/,BioPharmGuy
TAKIS,Biologics,Italy - Rome,,,,,,https://www.takisbiotech.com/,BioPharmGuy
ELI LILLY,Biologics,Italy - Sesto Fiorentino,,,,,,https://www.lilly.com/,BioPharmGuy
PHILOGEN,Biologics,Italy - Sovicille,,,,,,https://www.philogen.com/,BioPharmGuy
POMONA RICERCA,Biologics,Italy - Torino,,,,,,https://www.pomonaricerca.com/,BioPharmGuy
NOVO NORDISK,Biologics,Japan - Fukushima,,,,,,https://www.novonordisk.com/,BioPharmGuy
WAKUNAGA PHARMACEUTICAL,Biologics,Japan - Hiroshima,,,,,,https://www.wakunaga.co.jp/,BioPharmGuy
JCR PHARMACEUTICALS,Biologics,Japan - Hyogo,,,,,,https://www.jcrpharm.co.jp/en/,BioPharmGuy
KRINGLE PHARMA,Biologics,Japan - Ibaraki,,,,,,https://www.kringle-pharma.com/en/,BioPharmGuy
ONCOTHERAPY SCIENCE,Biologics,Japan - Kawasaki,,,,,,https://www.oncotherapy.co.jp/en/,BioPharmGuy
PORMEDTEC,Biologics,Japan - Kawasaki,,,,,,https://pormedtec.com/,BioPharmGuy
KM BIOLOGICS,Biologics,Japan - Kumamoto,,,,,,https://www.kmbiologics.com/en/,BioPharmGuy
MEGAKARYON,Biologics,Japan - Kyoto,,,,,,https://www.megakaryon.com/en/,BioPharmGuy
NIPPON SHINYAKU,Biologics,Japan - Kyoto,,,,,,https://www.nippon-shinyaku.co.jp/english/,BioPharmGuy
REGE NEPHRO,Biologics,Japan - Kyoto,,,,,,https://www.regenephro.co.jp/en/,BioPharmGuy
TELIX PHARMACEUTICALS,Biologics,Japan - Kyoto,,,,,,https://telixpharma.com/,BioPharmGuy
TOREGEM BIOPHARMA,Biologics,Japan - Kyoto,,,,,,https://toregem.co.jp/en/,BioPharmGuy
KISSEI PHARMACEUTICAL,Biologics,Japan - Matsumoto City,,,,,,https://www.kissei.co.jp/e_contents/,BioPharmGuy
ANGES,Biologics,Japan - Osaka,,,,,,https://www.anges.co.jp/en/,BioPharmGuy
NIHON PHARMACEUTICAL,Biologics,Japan - Osaka,,,,,,https://www.nihon-pharm.co.jp/index.html,BioPharmGuy
PERIOTHERAPIA,Biologics,Japan - Osaka,,,,,,https://periotherapia.co.jp/en/,BioPharmGuy
TAKEDA,Biologics,Japan - Osaka,,,,,,https://www.takeda.com/en-us/,BioPharmGuy
EPSILON MOLECULAR ENGINEERING,Biologics,Japan - Saitama,,,,,,https://www.epsilon-mol.co.jp/en/,BioPharmGuy
UCB PHARMA,Biologics,Japan - Saitama,,,,,,https://www.ucb.com/,BioPharmGuy
ENU PHARMA,Biologics,Japan - Sapporo,,,,,,https://enupharma.com/,BioPharmGuy
NB HEALTH LABORATORY,Biologics,Japan - Sapporo,,,,,,https://nbhl.co.jp/,BioPharmGuy
ASTELLAS,Biologics,Japan - Takahagi,,,,,,https://www.astellas.com/en,BioPharmGuy
ADIPOSEEDS,Biologics,Japan - Tokyo,,,,,,https://www.adiposeeds.co.jp/en/,BioPharmGuy
ANGES,Biologics,Japan - Tokyo,,,,,,https://www.anges.co.jp/en/,BioPharmGuy
ASTELLAS,Biologics,Japan - Tokyo,,,,,,https://www.astellas.com/en,BioPharmGuy
CHIOME BIOSCIENCE,Biologics,Japan - Tokyo,,,,,,https://www.chiome.co.jp/,BioPharmGuy
COMPLECURE,Biologics,Japan - Tokyo,,,,,,https://www.complecure.com/en,BioPharmGuy
HEALIOS,Biologics,Japan - Tokyo,,,,,,https://www.healios.co.jp/en/,BioPharmGuy
JAPAN BIO PRODUCT,Biologics,Japan - Tokyo,,,,,,https://jbpglobal.placenta.co.jp/,BioPharmGuy
JAPAN BLOOD PRODUCTS ORGANIZATION,Biologics,Japan - Tokyo,,,,,,https://www.jbpo.or.jp/english/,BioPharmGuy
KIDSWELL BIO,Biologics,Japan - Tokyo,,,,,,https://www.kidswellbio.com/en/,BioPharmGuy
KYOWA HAKKO KIRIN,Biologics,Japan - Tokyo,,,,,,https://www.kyowakirin.com/index.html,BioPharmGuy
LUCA SCIENCE,Biologics,Japan - Tokyo,,,,,,https://www.luca-science.com/,BioPharmGuy
MIRABIOLOGICS,Biologics,Japan - Tokyo,,,,,,https://www.mirabiologics.com/,BioPharmGuy
NOILE-IMMUNE BIOTECH,Biologics,Japan - Tokyo,,,,,,https://www.noile-immune.com/,BioPharmGuy
ONCOLYS BIOPHARMA,Biologics,Japan - Tokyo,,,,,,https://www.oncolys.com/en/,BioPharmGuy
PERSEUS PROTEOMICS,Biologics,Japan - Tokyo,,,,,,https://www.ppmx.com/en/,BioPharmGuy
PFIZER,Biologics,Japan - Tokyo,,,,,,https://www.pfizer.com/,BioPharmGuy
RAKUTEN MEDICAL,Biologics,Japan - Tokyo,,,,,,https://rakuten-med.com/us/,BioPharmGuy
UNITED IMMUNITY,Biologics,Japan - Tokyo,,,,,,https://unitedimmunity.co.jp/,BioPharmGuy
ASTELLAS,Biologics,Japan - Yaizu,,,,,,https://www.astellas.com/en,BioPharmGuy
MABGENESIS,Biologics,Japan - Yokohama,,,,,,https://mabgenesis.com/en,BioPharmGuy
INNON,Biologics,Korea - Cheongju,,,,,,http://www.inno-n.com/,BioPharmGuy
QURATIS,Biologics,Korea - Cheongju,,,,,,http://www.quratis.com/en/,BioPharmGuy
APRILBIO,Biologics,Korea - Chuncheon,,,,,,http://www.aprilbio.com/en/,BioPharmGuy
CONNEXT,Biologics,Korea - Daegu,,,,,,https://connext.co.kr/index_eng.php,BioPharmGuy
CELLIAZ,Biologics,Korea - Daejeon,,,,,,https://www.celliaz.com/,BioPharmGuy
ILIAS BIOLOGICS,Biologics,Korea - Daejeon,,,,,,https://www.iliasbio.com/,BioPharmGuy
LIGACHEM BIOSCIENCES,Biologics,Korea - Daejeon,,,,,,https://ligachembio.com/index.php,BioPharmGuy
MABTICS,Biologics,Korea - Daejeon,,,,,,https://mabtics.co.kr/,BioPharmGuy
ORUM THERAPEUTICS,Biologics,Korea - Daejeon,,,,,,https://www.orumrx.com/,BioPharmGuy
PEPTRON,Biologics,Korea - Daejeon,,,,,,http://www.peptron.com/,BioPharmGuy
PHARMABCINE,Biologics,Korea - Daejeon,,,,,,http://www.pharmabcine.com,BioPharmGuy
THERAZYNE,Biologics,Korea - Daejeon,,,,,,https://www.therazyne.com/,BioPharmGuy
Y BIOLOGICS,Biologics,Korea - Daejeon,,,,,,https://ybiologics.com/,BioPharmGuy
PHARMARESEARCH,Biologics,Korea - Gangneung,,,,,,https://pharmaresearch.com/en/,BioPharmGuy
APROGEN,Biologics,Korea - Gyeonggi,,,,,,https://www.aprogen.com/,BioPharmGuy
INTRON BIOTECHNOLOGY,Biologics,Korea - Gyeonggi,,,,,,https://www.intodeworld.com/,BioPharmGuy
SELECXINE,Biologics,Korea - Gyeongsangbuk,,,,,,https://selecxine.com/eng/about.php,BioPharmGuy
WELLMARKER BIO,Biologics,Korea - Hanam,,,,,,http://www.wmbio.co/en/,BioPharmGuy
CELLTRION,Biologics,Korea - Incheon,,,,,,https://www.celltrion.com/en-us,BioPharmGuy
ZYMEDI,Biologics,Korea - Incheon,,,,,,https://zymedi.com/,BioPharmGuy
BMIKOREA,Biologics,Korea - Jeju,,,,,,https://bmikr.co.kr/,BioPharmGuy
YOOYOUNG PHARMACEUTICAL,Biologics,Korea - Jincheon,,,,,,https://www.yypharm.co.kr/main,BioPharmGuy
FATIABGEN,Biologics,Korea - Sejong,,,,,,https://www.fatiabgen.com/,BioPharmGuy
ABL BIO,Biologics,Korea - Seongnam,,,,,,https://www.ablbio.com/en/company/main,BioPharmGuy
DEWCELL BIOTHERAPEUTICS,Biologics,Korea - Seongnam,,,,,,https://www.dewcell.com/,BioPharmGuy
HUONSLAB,Biologics,Korea - Seongnam,,,,,,https://huonslab.com/layout/eng/home.php,BioPharmGuy
ISU ABXIS,Biologics,Korea - Seongnam,,,,,,https://www.abxis.com/eng/index.do,BioPharmGuy
KOBIOLABS,Biologics,Korea - Seongnam,,,,,,http://kobiolabs.com/index.php/en/main-english/,BioPharmGuy
MEDIMABBIO,Biologics,Korea - Seongnam,,,,,,https://medimabbio.com/,BioPharmGuy
NOVELTY NOBILITY,Biologics,Korea - Seongnam,,,,,,https://www.noveltynobility.com/,BioPharmGuy
PROEN THERAPEUTICS,Biologics,Korea - Seongnam,,,,,,https://proentherapeutics.com/,BioPharmGuy
QURIENT THERAPEUTICS,Biologics,Korea - Seongnam,,,,,,http://www.qurient.com/,BioPharmGuy
SK CHEMICALS,Biologics,Korea - Seongnam,,,,,,https://www.skchemicals.com/,BioPharmGuy
TIUMBIO,Biologics,Korea - Seongnam,,,,,,http://www.tiumbio.com/,BioPharmGuy
ABCLON,Biologics,Korea - Seoul,,,,,,https://www.abclon.com/,BioPharmGuy
ADEL,Biologics,Korea - Seoul,,,,,,https://adelpharm.com/en/,BioPharmGuy
AIMED BIO,Biologics,Korea - Seoul,,,,,,https://www.aimedbio.com/,BioPharmGuy
AIMEDBIO,Biologics,Korea - Seoul,,,,,,https://www.aimedbio.com/,BioPharmGuy
BOOSTIMMUNE,Biologics,Korea - Seoul,,,,,,https://www.boostimmune.com/en/about-us-english/,BioPharmGuy
BREXOGEN,Biologics,Korea - Seoul,,,,,,http://brexogen.com/,BioPharmGuy
CANARIABIO,Biologics,Korea - Seoul,,,,,,https://canariabio.com/eng/,BioPharmGuy
CELLABMED,Biologics,Korea - Seoul,,,,,,https://www.cellabmed.com/eng/,BioPharmGuy
DAAN BIOTHERAPEUTICS,Biologics,Korea - Seoul,,,,,,https://daanbiotpx.com/,BioPharmGuy
EUTILEX,Biologics,Korea - Seoul,,,,,,https://eutilex.com/en/,BioPharmGuy
GENEXINE,Biologics,Korea - Seoul,,,,,,http://www.genexine.com/,BioPharmGuy
GENUV,Biologics,Korea - Seoul,,,,,,https://genuv.com/,BioPharmGuy
GRADIANT BIOCONVERGENCE,Biologics,Korea - Seoul,,,,,,https://www.gradiantbio.com/,BioPharmGuy
HANDOK,Biologics,Korea - Seoul,,,,,,https://www.handok.co.kr/page/greeting,BioPharmGuy
HANMI PHARMACEUTICAL,Biologics,Korea - Seoul,,,,,,https://www.hanmipharm.com/,BioPharmGuy
ILLIMIS THERAPEUTICS,Biologics,Korea - Seoul,,,,,,https://illimistx.com/en/,BioPharmGuy
IMMUNABS,Biologics,Korea - Seoul,,,,,,http://www.immunabs.com/,BioPharmGuy
IMMUNOFORGE,Biologics,Korea - Seoul,,,,,,https://www.immunoforge.com/,BioPharmGuy
INNOBATIONBIO,Biologics,Korea - Seoul,,,,,,http://www.innobationbio.com/,BioPharmGuy
KANAPH THERAPEUTICS,Biologics,Korea - Seoul,,,,,,https://www.kanaphtx.com/,BioPharmGuy
LG CHEM LIFE SCIENCES,Biologics,Korea - Seoul,,,,,,https://www.lgchem.com/main/index,BioPharmGuy
MEDI&GENE,Biologics,Korea - Seoul,,,,,,https://mediandgene.com/,BioPharmGuy
NEURACLE SCIENCE,Biologics,Korea - Seoul,,,,,,https://www.neuracles.com/,BioPharmGuy
RNAGENE,Biologics,Korea - Seoul,,,,,,https://www.rnagene.com/,BioPharmGuy
SELECXINE,Biologics,Korea - Seoul,,,,,,https://selecxine.com/eng/about.php,BioPharmGuy
APITBIO,Biologics,Korea - Songpa-Gu,,,,,,https://www.apitbio.com/,BioPharmGuy
CUROGEN,Biologics,Korea - Suwon,,,,,,https://curogentech.com/,BioPharmGuy
GENOME & COMPANY,Biologics,Korea - Suwon,,,,,,http://genomecom.co.kr/,BioPharmGuy
IMBIOLOGICS,Biologics,Korea - Suwon,,,,,,https://imbiologics.com/,BioPharmGuy
NKMAX,Biologics,Korea - Suwon,,,,,,https://nkmax.com/kor/,BioPharmGuy
PINOTBIO,Biologics,Korea - Suwon,,,,,,http://www.pinotbio.com/en/,BioPharmGuy
EYEGENE,Biologics,Korea - Uiwang,,,,,,https://eyegene.co.kr/en/,BioPharmGuy
GC BIOPHARMA,Biologics,Korea - Yongin,,,,,,https://www.gcbiopharma.com/eng/index.do,BioPharmGuy
IMMUNEONCIA THERAPEUTICS,Biologics,Korea - Yongin,,,,,,http://www.immuneoncia.com/,BioPharmGuy
LYSENTECH,Biologics,Korea - Yongin,,,,,,http://lysentech.com/?language=eng,BioPharmGuy
TVAX BIOMEDICAL,Biologics,Ks - Lenexa,,,,,,http://www.tvaxbiomedical.com,BioPharmGuy
PFIZER,Biologics,Ks - Mcpherson,,,,,,https://www.pfizer.com/,BioPharmGuy
ETIENNA BIO,Biologics,Ks - Overland Park,,,,,,https://etiennabio.com/,BioPharmGuy
BEXION PHARMACEUTICALS,Biologics,Ky - Covington,,,,,,https://bexionpharma.com/,BioPharmGuy
BRIGHTSTAR THERAPEUTICS,Biologics,Ky - Lexington,,,,,,https://www.brightstartx.com/,BioPharmGuy
AMGEN,Biologics,Ky - Louisville,,,,,,https://www.amgen.com/,BioPharmGuy
HEMA BIOLOGICS,Biologics,Ky - Louisville,,,,,,https://hemabio.com/,BioPharmGuy
KBIO,Biologics,Ky - Owensboro,,,,,,https://kbio.com/,BioPharmGuy
TIDES MEDICAL,Biologics,La - Lafayette,,,,,,https://www.tidesmedical.com/,BioPharmGuy
RIGVIR,Biologics,Latvia - Riga,,,,,,https://www.rigvir.com,BioPharmGuy
AOP ORPHAN DISEASES,Biologics,Lithuania - Vilnius,,,,,,https://www.aop-health.com/global_en,BioPharmGuy
TOLEROGENICS,Biologics,Luxembourg - Esch-Sur-Alzette,,,,,,https://tolerogenics.lu/,BioPharmGuy
REVITOPE ONCOLOGY,Biologics,Ma - Amesbury,,,,,,https://www.revitope.com/,BioPharmGuy
PFIZER,Biologics,Ma - Andover,,,,,,https://www.pfizer.com/,BioPharmGuy
CERVOS MEDICAL,Biologics,Ma - Avon,,,,,,https://cervos.com/,BioPharmGuy
ULTRAGENYX PHARMACEUTICAL,Biologics,Ma - Bedford,,,,,,https://www.ultragenyx.com/,BioPharmGuy
BLUEFIN BIOMEDICINE,Biologics,Ma - Beverly,,,,,,https://www.bluefinbiomed.com/,BioPharmGuy
FIRECYTE THERAPEUTICS,Biologics,Ma - Beverly,,,,,,https://www.firecyte.com/,BioPharmGuy
EMD SERONO,Biologics,Ma - Billerica,,,,,,https://www.emdserono.com/us-en,BioPharmGuy
ABLI THERAPEUTICS,Biologics,Ma - Boston,,,,,,https://www.ablitherapeutics.com/,BioPharmGuy
ABYSSINIA BIOLOGICS,Biologics,Ma - Boston,,,,,,https://aby-bio.com/,BioPharmGuy
ADECTO PHARMACEUTICALS,Biologics,Ma - Boston,,,,,,https://www.adectopharma.com/,BioPharmGuy
ALYS PHARMACEUTICALS,Biologics,Ma - Boston,,,,,,https://alyspharma.com/,BioPharmGuy
AMPERSAND BIOMEDICINES,Biologics,Ma - Boston,,,,,,https://www.ampersand.bio/,BioPharmGuy
ARGENX,Biologics,Ma - Boston,,,,,,https://argenx.com/,BioPharmGuy
ARVADA THERAPEUTICS,Biologics,Ma - Boston,,,,,,https://arvadatx.com/,BioPharmGuy
ASTRALBIO,Biologics,Ma - Boston,,,,,,https://www.astralbio.com/,BioPharmGuy
ASTRAZENECA,Biologics,Ma - Boston,,,,,,https://www.astrazeneca.com/,BioPharmGuy
BAMBUSA THERAPEUTICS,Biologics,Ma - Boston,,,,,,https://bambusatx.com/,BioPharmGuy
BEELINE MEDICINES,Biologics,Ma - Boston,,,,,,https://beelinemedicines.com/,BioPharmGuy
BICARA THERAPEUTICS,Biologics,Ma - Boston,,,,,,https://www.bicara.com/,BioPharmGuy
BIOAXONE BIOSCIENCES,Biologics,Ma - Boston,,,,,,https://www.bioaxonebio.com/,BioPharmGuy
BOSTON IMMUNE TECHNOLOGIES & THERAPEUTICS,Biologics,Ma - Boston,,,,,,https://www.bostonimmunetech.com/,BioPharmGuy
CENTESSA PHARMACEUTICALS,Biologics,Ma - Boston,,,,,,https://centessa.com/,BioPharmGuy
COMPASS THERAPEUTICS,Biologics,Ma - Boston,,,,,,https://www.compasstherapeutics.com/,BioPharmGuy
CRISPR THERAPEUTICS,Biologics,Ma - Boston,,,,,,https://crisprtx.com/,BioPharmGuy
CUE BIOPHARMA,Biologics,Ma - Boston,,,,,,https://www.cuebiopharma.com/,BioPharmGuy
CURELAB ONCOLOGY,Biologics,Ma - Boston,,,,,,https://www.curelaboncology.com/,BioPharmGuy
DEWPOINT THERAPEUTICS,Biologics,Ma - Boston,,,,,,https://dewpointx.com/,BioPharmGuy
DOMPÉ,Biologics,Ma - Boston,,,,,,https://www.dompe.com/,BioPharmGuy
ELI LILLY,Biologics,Ma - Boston,,,,,,https://www.lilly.com/,BioPharmGuy
ELICIO THERAPEUTICS,Biologics,Ma - Boston,,,,,,https://elicio.com/,BioPharmGuy
EMD SERONO,Biologics,Ma - Boston,,,,,,https://www.emdserono.com/us-en,BioPharmGuy
ENTRADA THERAPEUTICS,Biologics,Ma - Boston,,,,,,https://www.entradatx.com/,BioPharmGuy
FABLE THERAPEUTICS,Biologics,Ma - Boston,,,,,,https://www.fabletherapeutics.com/,BioPharmGuy
FINCH THERAPEUTICS,Biologics,Ma - Boston,,,,,,https://www.finchtherapeutics.com/,BioPharmGuy
GALLOP ONCOLOGY,Biologics,Ma - Boston,,,,,,https://www.galloponcology.com/,BioPharmGuy
HILLSTAR BIO,Biologics,Ma - Boston,,,,,,https://hillstarbio.com/,BioPharmGuy
HOLOBIOME,Biologics,Ma - Boston,,,,,,https://holobiome.org/,BioPharmGuy
IFM THERAPEUTICS (2),Biologics,Ma - Boston,,,,,,https://www.ifmthera.com/,BioPharmGuy
INNATE BIOTHERAPEUTICS,Biologics,Ma - Boston,,,,,,https://www.innatebio.com/,BioPharmGuy
INTERON LABORATORIES,Biologics,Ma - Boston,,,,,,https://www.interonlabs.com/,BioPharmGuy
LYSOVANCE THERAPEUTICS,Biologics,Ma - Boston,,,,,,https://lysovance.com/,BioPharmGuy
MANIFOLD BIO,Biologics,Ma - Boston,,,,,,https://www.manifold.bio/,BioPharmGuy
MEDIAR THERAPEUTICS,Biologics,Ma - Boston,,,,,,https://www.mediartx.com/,BioPharmGuy
ODYSSEY THERAPEUTICS (2),Biologics,Ma - Boston,,,,,,https://odysseytx.com/,BioPharmGuy
PHAGEPRO,Biologics,Ma - Boston,,,,,,https://www.phageproinc.com/,BioPharmGuy
POPLAR THERAPEUTICS,Biologics,Ma - Boston,,,,,,https://www.poplartx.com/,BioPharmGuy
PROLOGUE MEDICINES,Biologics,Ma - Boston,,,,,,https://www.prologuemedicines.com/,BioPharmGuy
PURETECH HEALTH,Biologics,Ma - Boston,,,,,,https://www.puretechhealth.com/,BioPharmGuy
PYXIS ONCOLOGY,Biologics,Ma - Boston,,,,,,https://pyxisoncology.com/,BioPharmGuy
RADIANCE BIOPHARMA,Biologics,Ma - Boston,,,,,,https://radiancebio.com/,BioPharmGuy
RADIUS HEALTH,Biologics,Ma - Boston,,,,,,https://radiuspharm.com/,BioPharmGuy
RASAYANA THERAPEUTICS,Biologics,Ma - Boston,,,,,,https://www.rasayanatherapeutics.com/,BioPharmGuy
SENSEI BIOTHERAPEUTICS,Biologics,Ma - Boston,,,,,,https://www.senseibio.com/,BioPharmGuy
SOLU THERAPEUTICS,Biologics,Ma - Boston,,,,,,https://www.solutherapeutics.com/,BioPharmGuy
SOTIO BIOTECH,Biologics,Ma - Boston,,,,,,https://sotio.com/,BioPharmGuy
TANGO THERAPEUTICS,Biologics,Ma - Boston,,,,,,https://www.tangotx.com/,BioPharmGuy
THIRD ARC BIO,Biologics,Ma - Boston,,,,,,https://thirdarcbio.com/,BioPharmGuy
TRANSGENE,Biologics,Ma - Boston,,,,,,https://www.transgene.com/,BioPharmGuy
UCB PHARMA,Biologics,Ma - Boston,,,,,,https://www.ucb.com/,BioPharmGuy
WINDOW THERAPEUTICS,Biologics,Ma - Boston,,,,,,https://windowtx.com/,BioPharmGuy
ABPRO,Biologics,Ma - Burlington,,,,,,https://abpro.co/,BioPharmGuy
BONE BIOLOGICS,Biologics,Ma - Burlington,,,,,,https://www.bonebiologics.com/,BioPharmGuy
LIFORDI IMMUNOTHERAPEUTICS,Biologics,Ma - Burlington,,,,,,https://www.lifordi.com/,BioPharmGuy
PHARMAESSENTIA,Biologics,Ma - Burlington,,,,,,https://www.pharmaessentia.com/,BioPharmGuy
ABIOLOGICS,Biologics,Ma - Cambridge,,,,,,https://www.abiologics.com/,BioPharmGuy
AKAMIS BIO,Biologics,Ma - Cambridge,,,,,,https://www.akamisbio.com/,BioPharmGuy
AMGEN,Biologics,Ma - Cambridge,,,,,,https://www.amgen.com/,BioPharmGuy
ANGIEX,Biologics,Ma - Cambridge,,,,,,https://angiex.com/,BioPharmGuy
ANKYRA THERAPEUTICS,Biologics,Ma - Cambridge,,,,,,https://ankyratx.com/,BioPharmGuy
ANTENNOVA,Biologics,Ma - Cambridge,,,,,,https://www.antennova.com/,BioPharmGuy
AOBIOME,Biologics,Ma - Cambridge,,,,,,https://www.aobiome.com/,BioPharmGuy
AVICEDA THERAPEUTICS,Biologics,Ma - Cambridge,,,,,,https://www.avicedarx.com/,BioPharmGuy
BEONE MEDICINES,Biologics,Ma - Cambridge,,,,,,https://beonemedicines.us/,BioPharmGuy
BIOGEN,Biologics,Ma - Cambridge,,,,,,https://www.biogen.com/,BioPharmGuy
BIOLOJIC DESIGN,Biologics,Ma - Cambridge,,,,,,https://biolojic.com/,BioPharmGuy
BIONTECH,Biologics,Ma - Cambridge,,,,,,https://www.biontech.com/int/en/home.html,BioPharmGuy
BRILLIANTSTRINGS THERAPEUTICS,Biologics,Ma - Cambridge,,,,,,https://www.brilliantstringsthx.com/,BioPharmGuy
CALDERA THERAPEUTICS,Biologics,Ma - Cambridge,,,,,,https://www.calderatx.com/,BioPharmGuy
CERBERUS THERAPEUTICS,Biologics,Ma - Cambridge,,,,,,https://cerberustx.com/,BioPharmGuy
CROSSBOW THERAPEUTICS,Biologics,Ma - Cambridge,,,,,,https://www.crossbowtx.com/,BioPharmGuy
CULLINAN THERAPEUTICS,Biologics,Ma - Cambridge,,,,,,https://cullinantherapeutics.com/,BioPharmGuy
DECK BIO,Biologics,Ma - Cambridge,,,,,,https://deck.bio/,BioPharmGuy
ECI THERAPEUTICS,Biologics,Ma - Cambridge,,,,,,https://ecitherapeutics.com/,BioPharmGuy
EGENESIS,Biologics,Ma - Cambridge,,,,,,https://egenesisbio.com/,BioPharmGuy
ETHYREAL BIO,Biologics,Ma - Cambridge,,,,,,https://www.ethyrealbio.com/,BioPharmGuy
FLETCHER BIOSCIENCES,Biologics,Ma - Cambridge,,,,,,https://fletcherbio.com/,BioPharmGuy
GV20 THERAPEUTICS,Biologics,Ma - Cambridge,,,,,,https://gv20tx.com/,BioPharmGuy
HIFIBIO THERAPEUTICS,Biologics,Ma - Cambridge,,,,,,https://hifibio.com/,BioPharmGuy
IMMUVIA,Biologics,Ma - Cambridge,,,,,,https://www.immuvia.com/,BioPharmGuy
INDUPRO,Biologics,Ma - Cambridge,,,,,,https://www.induprotx.com/,BioPharmGuy
INTELLIA THERAPEUTICS,Biologics,Ma - Cambridge,,,,,,https://www.intelliatx.com/,BioPharmGuy
KIRA PHARMACEUTICALS,Biologics,Ma - Cambridge,,,,,,https://www.kirapharma.com/,BioPharmGuy
MARENGO THERAPEUTICS,Biologics,Ma - Cambridge,,,,,,https://marengotx.com/,BioPharmGuy
MERIDA BIOSCIENCES,Biologics,Ma - Cambridge,,,,,,https://meridabio.com/,BioPharmGuy
MOMA THERAPEUTICS,Biologics,Ma - Cambridge,,,,,,https://momatx.com/,BioPharmGuy
NABLA BIO,Biologics,Ma - Cambridge,,,,,,https://www.nabla.bio/,BioPharmGuy
NEUROPTIKA,Biologics,Ma - Cambridge,,,,,,https://www.neuroptika.com/,BioPharmGuy
NEXTPOINT THERAPEUTICS,Biologics,Ma - Cambridge,,,,,,https://nextpointtx.com/,BioPharmGuy
NOVARTIS,Biologics,Ma - Cambridge,,,,,,https://www.novartis.com/,BioPharmGuy
PARABILIS MEDICINES,Biologics,Ma - Cambridge,,,,,,https://parabilismed.com/,BioPharmGuy
PEARL BIO,Biologics,Ma - Cambridge,,,,,,https://www.pearlbio.com/,BioPharmGuy
PFIZER,Biologics,Ma - Cambridge,,,,,,https://www.pfizer.com/,BioPharmGuy
PINETREE THERAPEUTICS (2),Biologics,Ma - Cambridge,,,,,,https://www.pinetreetx.com/en/index.php,BioPharmGuy
PORTRAI,Biologics,Ma - Cambridge,,,,,,https://portrai.io/en/company,BioPharmGuy
PROMIS NEUROSCIENCES,Biologics,Ma - Cambridge,,,,,,https://www.promisneurosciences.com/,BioPharmGuy
PYKUS THERAPEUTICS,Biologics,Ma - Cambridge,,,,,,https://www.pykustherapeutics.com/,BioPharmGuy
SANOFI,Biologics,Ma - Cambridge,,,,,,https://www.sanofi.com/en,BioPharmGuy
SCHOLAR ROCK,Biologics,Ma - Cambridge,,,,,,https://scholarrock.com/,BioPharmGuy
SERES THERAPEUTICS,Biologics,Ma - Cambridge,,,,,,https://www.serestherapeutics.com/,BioPharmGuy
STIPPLE BIO,Biologics,Ma - Cambridge,,,,,,https://stipple.bio/,BioPharmGuy
SURGE THERAPEUTICS,Biologics,Ma - Cambridge,,,,,,https://surgetx.com/,BioPharmGuy
SYNSORYBIO,Biologics,Ma - Cambridge,,,,,,https://www.synsorybio.com/,BioPharmGuy
TAKEDA,Biologics,Ma - Cambridge,,,,,,https://www.takeda.com/en-us/,BioPharmGuy
TENSIXTY BIOSCIENCES,Biologics,Ma - Cambridge,,,,,,https://www.tensixty.bio/,BioPharmGuy
UBIQUITX,Biologics,Ma - Cambridge,,,,,,https://www.ubiquitx.com/,BioPharmGuy
VALINK THERAPEUTICS,Biologics,Ma - Cambridge,,,,,,https://www.valinktx.com/,BioPharmGuy
VBI VACCINES,Biologics,Ma - Cambridge,,,,,,https://www.vbivaccines.com/,BioPharmGuy
VEDANTA BIOSCIENCES,Biologics,Ma - Cambridge,,,,,,https://www.vedantabio.com/,BioPharmGuy
VIBRANT THERAPEUTICS,Biologics,Ma - Cambridge,,,,,,https://www.vibrantx.com/,BioPharmGuy
VICERO BIO,Biologics,Ma - Cambridge,,,,,,https://www.vicerobio.com/,BioPharmGuy
VIGEO THERAPEUTICS,Biologics,Ma - Cambridge,,,,,,https://vigeotx.com/,BioPharmGuy
WALDEN BIOSCIENCES,Biologics,Ma - Cambridge,,,,,,https://www.waldenbiosciences.com/,BioPharmGuy
XENIMMUNE THERAPEUTICS,Biologics,Ma - Cambridge,,,,,,https://www.xenimmune.com/,BioPharmGuy
ZAG BIO,Biologics,Ma - Cambridge,,,,,,https://zagbio.com/,BioPharmGuy
ZUMUTOR BIOLOGICS,Biologics,Ma - Cambridge,,,,,,https://zumutor.com/,BioPharmGuy
CONFORMATION-X THERAPEUTICS,Biologics,Ma - Canton,,,,,,https://conformationx.com/,BioPharmGuy
ORGANOGENESIS,Biologics,Ma - Canton,,,,,,https://www.organogenesis.com/,BioPharmGuy
SOLID BIOSCIENCES,Biologics,Ma - Charlestown,,,,,,https://www.solidbio.com/,BioPharmGuy
EVOPOINT BIOSCIENCES,Biologics,Ma - Concord,,,,,,https://www.evopointbio.com/en,BioPharmGuy
BRISTOL MYERS SQUIBB,Biologics,Ma - Devens,,,,,,https://www.bms.com/,BioPharmGuy
CELLDEX THERAPEUTICS,Biologics,Ma - Fall River,,,,,,https://celldex.com/,BioPharmGuy
XENETIC BIOSCIENCES,Biologics,Ma - Framingham,,,,,,https://www.xeneticbio.com/,BioPharmGuy
ISTO BIOLOGICS,Biologics,Ma - Hopkinton,,,,,,https://www.istobiologics.com/,BioPharmGuy
ABPRO,Biologics,Ma - Lexington,,,,,,https://abpro.co/,BioPharmGuy
AGENUS,Biologics,Ma - Lexington,,,,,,https://www.agenusbio.com/,BioPharmGuy
ELPIS BIOPHARMACEUTICALS,Biologics,Ma - Lexington,,,,,,https://elpisbiopharmaceuticals.com/,BioPharmGuy
KEROS THERAPEUTICS,Biologics,Ma - Lexington,,,,,,https://kerostx.com/,BioPharmGuy
KINIKSA PHARMACEUTICALS,Biologics,Ma - Lexington,,,,,,https://www.kiniksa.com/,BioPharmGuy
PARTNER THERAPEUTICS,Biologics,Ma - Lexington,,,,,,https://www.partnertx.com/,BioPharmGuy
TAKEDA,Biologics,Ma - Lexington,,,,,,https://www.takeda.com/en-us/,BioPharmGuy
TRIANA BIOMEDICINES,Biologics,Ma - Lexington,,,,,,https://trianabio.com/,BioPharmGuy
VERSATOPE THERAPEUTICS,Biologics,Ma - Lowell,,,,,,https://www.versatope.com/,BioPharmGuy
AS2 BIO,Biologics,Ma - Middleton,,,,,,https://www.as2bio.com/,BioPharmGuy
GO THERAPEUTICS,Biologics,Ma - Natick,,,,,,https://gotherapeutics.com/,BioPharmGuy
HARBOUR BIOMED,Biologics,Ma - Natick,,,,,,https://www.harbourbiomed.com/,BioPharmGuy
VIRTECH BIO,Biologics,Ma - Natick,,,,,,https://virtechbio.com/,BioPharmGuy
BIOXYTRAN,Biologics,Ma - Needham,,,,,,https://www.bioxytraninc.com/,BioPharmGuy
CELLDEX THERAPEUTICS,Biologics,Ma - Needham,,,,,,https://celldex.com/,BioPharmGuy
MLAB BIOSCIENCES,Biologics,Ma - Needham,,,,,,https://mlabbiosciences.com/,BioPharmGuy
ABCURO,Biologics,Ma - Newton,,,,,,https://abcuro.com/,BioPharmGuy
CLEARB THERAPEUTICS,Biologics,Ma - Newton,,,,,,https://clearbtherapeutics.com/,BioPharmGuy
SATELLITE BIO,Biologics,Ma - Newton,,,,,,https://www.satellite.bio/,BioPharmGuy
GENERATE BIOMEDICINES,Biologics,Ma - Somerville,,,,,,https://generatebiomedicines.com/,BioPharmGuy
GENETIX BIOTHERAPEUTICS,Biologics,Ma - Somerville,,,,,,https://www.genetixbiotx.com/,BioPharmGuy
ULTRAGENYX PHARMACEUTICAL,Biologics,Ma - Somerville,,,,,,https://www.ultragenyx.com/,BioPharmGuy
BYOMASS,Biologics,Ma - Sudbury,,,,,,https://byomasstx.com/,BioPharmGuy
ASTRAZENECA,Biologics,Ma - Waltham,,,,,,https://www.astrazeneca.com/,BioPharmGuy
BRICKBIO,Biologics,Ma - Waltham,,,,,,https://www.brickbio.com/,BioPharmGuy
CHECKPOINT THERAPEUTICS,Biologics,Ma - Waltham,,,,,,https://checkpointtx.com/,BioPharmGuy
COGENT BIOSCIENCES,Biologics,Ma - Waltham,,,,,,https://www.cogentbio.com/,BioPharmGuy
CRESCENT BIOPHARMA,Biologics,Ma - Waltham,,,,,,https://www.crescentbiopharma.com/,BioPharmGuy
CUGENE,Biologics,Ma - Waltham,,,,,,https://www.cugene.com/,BioPharmGuy
DIANTHUS THERAPEUTICS,Biologics,Ma - Waltham,,,,,,https://dianthustx.com/,BioPharmGuy
DRAGONFLY THERAPEUTICS,Biologics,Ma - Waltham,,,,,,https://www.dragonflytx.com/,BioPharmGuy
DYNAMICURE,Biologics,Ma - Waltham,,,,,,https://dynamicure.com/,BioPharmGuy
DYNE THERAPEUTICS,Biologics,Ma - Waltham,,,,,,https://www.dyne-tx.com/,BioPharmGuy
FORTITUDE BIOMEDICINES,Biologics,Ma - Waltham,,,,,,https://fortitudebio.com/,BioPharmGuy
FORTRESS BIOTECH,Biologics,Ma - Waltham,,,,,,https://www.fortressbiotech.com/,BioPharmGuy
IMMUNITAS THERAPEUTICS,Biologics,Ma - Waltham,,,,,,https://www.immunitastx.com/,BioPharmGuy
INVIVYD,Biologics,Ma - Waltham,,,,,,https://www.invivyd.com/,BioPharmGuy
KORSANA BIOSCIENCES,Biologics,Ma - Waltham,,,,,,https://korsana.com/,BioPharmGuy
MINERVA BIOTECHNOLOGIES,Biologics,Ma - Waltham,,,,,,https://www.minervabio.com/,BioPharmGuy
ORIONIS BIOSCIENCES,Biologics,Ma - Waltham,,,,,,https://orionisbio.com/,BioPharmGuy
ORUKA THERAPEUTICS,Biologics,Ma - Waltham,,,,,,https://orukatx.com/,BioPharmGuy
PALLEON PHARMACEUTICALS,Biologics,Ma - Waltham,,,,,,https://palleonpharma.com/,BioPharmGuy
Q32 BIO,Biologics,Ma - Waltham,,,,,,https://www.q32bio.com/,BioPharmGuy
SANOFI,Biologics,Ma - Waltham,,,,,,https://www.sanofi.com/en,BioPharmGuy
SPYRE THERAPEUTICS,Biologics,Ma - Waltham,,,,,,https://www.spyre.com/,BioPharmGuy
SWEDISH ORPHAN BIOVITRUM,Biologics,Ma - Waltham,,,,,,https://www.sobi.com/en,BioPharmGuy
SYNDAX PHARMACEUTICALS,Biologics,Ma - Waltham,,,,,,https://syndax.com/,BioPharmGuy
UPSTREAM BIO,Biologics,Ma - Waltham,,,,,,https://upstreambio.com/,BioPharmGuy
VIRIDIAN THERAPEUTICS,Biologics,Ma - Waltham,,,,,,https://www.viridiantherapeutics.com/,BioPharmGuy
XILIO THERAPEUTICS,Biologics,Ma - Waltham,,,,,,https://xiliotx.com/,BioPharmGuy
YPSILON THERAPEUTICS,Biologics,Ma - Waltham,,,,,,https://ypsilontx.com/,BioPharmGuy
ZENAS BIOPHARMA,Biologics,Ma - Waltham,,,,,,https://zenasbio.com/,BioPharmGuy
AVENCELL THERAPEUTICS,Biologics,Ma - Watertown,,,,,,https://avencell.com/,BioPharmGuy
CORNER THERAPEUTICS,Biologics,Ma - Watertown,,,,,,https://cornertx.com/,BioPharmGuy
DIAGONAL THERAPEUTICS,Biologics,Ma - Watertown,,,,,,https://diagonaltx.com/,BioPharmGuy
DISC MEDICINE,Biologics,Ma - Watertown,,,,,,https://www.discmedicine.com/,BioPharmGuy
INGENIA THERAPEUTICS,Biologics,Ma - Watertown,,,,,,https://www.ingeniatx.com/en/,BioPharmGuy
RIPARIAN PHARMACEUTICALS,Biologics,Ma - Watertown,,,,,,http://www.riparianpharma.com/,BioPharmGuy
SEISMIC THERAPEUTIC,Biologics,Ma - Watertown,,,,,,https://seismictx.com/,BioPharmGuy
STELLULAR BIO,Biologics,Ma - Watertown,,,,,,https://www.stellularbio.com/,BioPharmGuy
TECTONIC THERAPEUTIC,Biologics,Ma - Watertown,,,,,,https://tectonictx.com/,BioPharmGuy
TRIVENI BIO,Biologics,Ma - Watertown,,,,,,https://triveni.bio/,BioPharmGuy
WEREWOLF THERAPEUTICS,Biologics,Ma - Watertown,,,,,,https://werewolftx.com/,BioPharmGuy
HELIOS CARDIO,Biologics,Ma - Weston,,,,,,https://www.helioscardio.com/,BioPharmGuy
MODEX THERAPEUTICS,Biologics,Ma - Weston,,,,,,https://www.modextherapeutics.com/,BioPharmGuy
CANWELL PHARMA,Biologics,Ma - Woburn,,,,,,https://canwellpharma.com/,BioPharmGuy
REPLIMUNE,Biologics,Ma - Woburn,,,,,,https://www.replimune.com/,BioPharmGuy
ULTRAGENYX PHARMACEUTICAL,Biologics,Ma - Woburn,,,,,,https://www.ultragenyx.com/,BioPharmGuy
VERTERO THERAPEUTICS,Biologics,Ma - Woburn,,,,,,https://vertero.com/,BioPharmGuy
ABBVIE,Biologics,Ma - Worcester,,,,,,https://www.abbviecontractmfg.com/,BioPharmGuy
MUSTANG BIO,Biologics,Ma - Worcester,,,,,,https://www.mustangbio.com/,BioPharmGuy
PFIZER,Biologics,Mb - Brandon,,,,,,https://www.pfizer.com/,BioPharmGuy
EMERGENT BIOSOLUTIONS,Biologics,Mb - Winnipeg,,,,,,https://www.emergentbiosolutions.com/,BioPharmGuy
EYEDEA MEDICAL,Biologics,Md - Baltimore,,,,,,https://www.eyedeamedical.com/,BioPharmGuy
GLIKNIK,Biologics,Md - Baltimore,,,,,,https://www.gliknik.com/,BioPharmGuy
KALOCYTE,Biologics,Md - Baltimore,,,,,,https://kalocyte.com/,BioPharmGuy
NKA BIO,Biologics,Md - Baltimore,,,,,,https://www.nkabio.com/,BioPharmGuy
NEXTCURE,Biologics,Md - Beltsville,,,,,,https://nextcure.com/,BioPharmGuy
NORTHWEST BIOTHERAPEUTICS,Biologics,Md - Bethesda,,,,,,https://nwbio.com/,BioPharmGuy
PRECISION BIOLOGICS,Biologics,Md - Bethesda,,,,,,https://precision-biologics.com/,BioPharmGuy
VALNEVA,Biologics,Md - Bethesda,,,,,,https://valneva.com/,BioPharmGuy
IBEX BIOSCIENCES,Biologics,Md - Cumberland,,,,,,https://www.ibex.bio/,BioPharmGuy
BIOFACTURA,Biologics,Md - Frederick,,,,,,https://www.biofactura.com/,BioPharmGuy
BRITECYTE,Biologics,Md - Frederick,,,,,,https://www.britecyte.com/,BioPharmGuy
ALTIMMUNE,Biologics,Md - Gaithersburg,,,,,,https://altimmune.com/,BioPharmGuy
ASTRAZENECA,Biologics,Md - Gaithersburg,,,,,,https://www.astrazeneca.com/,BioPharmGuy
BIONTECH,Biologics,Md - Gaithersburg,,,,,,https://www.biontech.com/int/en/home.html,BioPharmGuy
CERIUM PHARMACEUTICALS,Biologics,Md - Gaithersburg,,,,,,https://ceriumpharma.com/,BioPharmGuy
EMERGENT BIOSOLUTIONS,Biologics,Md - Gaithersburg,,,,,,https://www.emergentbiosolutions.com/,BioPharmGuy
NOVAVAX,Biologics,Md - Gaithersburg,,,,,,https://www.novavax.com/,BioPharmGuy
SALUBRIS BIOTHERAPEUTICS,Biologics,Md - Gaithersburg,,,,,,https://www.salubrisbio.com/,BioPharmGuy
DEKA BIOSCIENCES,Biologics,Md - Germantown,,,,,,https://www.dekabiosciences.com/,BioPharmGuy
FZATA,Biologics,Md - Halethorpe,,,,,,https://www.fzata.com/,BioPharmGuy
ABVACC,Biologics,Md - Rockville,,,,,,https://abvacc.com/index.php,BioPharmGuy
AUTONOMOUS THERAPEUTICS,Biologics,Md - Rockville,,,,,,https://www.autonomous.bio/,BioPharmGuy
CELLPHIRE THERAPEUTICS,Biologics,Md - Rockville,,,,,,https://www.cellphire.com/,BioPharmGuy
CLASP THERAPEUTICS,Biologics,Md - Rockville,,,,,,https://www.clasptx.com/,BioPharmGuy
EXEGI PHARMA,Biologics,Md - Rockville,,,,,,https://exegipharma.com/,BioPharmGuy
GEORGIAMUNE,Biologics,Md - Rockville,,,,,,https://www.georgiamune.com/,BioPharmGuy
HBVTECH,Biologics,Md - Rockville,,,,,,https://www.hbvtech.com/,BioPharmGuy
KOLON TISSUEGENE,Biologics,Md - Rockville,,,,,,https://www.tissuegene.com/en_US,BioPharmGuy
MACROGENICS,Biologics,Md - Rockville,,,,,,https://macrogenics.com/,BioPharmGuy
NEOIMMUNETECH,Biologics,Md - Rockville,,,,,,https://www.neoimmunetech.com/,BioPharmGuy
ONCOC4,Biologics,Md - Rockville,,,,,,https://oncoc4.com/en/,BioPharmGuy
REGENX BIOSCIENCES,Biologics,Md - Rockville,,,,,,https://regenxbio.com/home/,BioPharmGuy
RISE THERAPEUTICS,Biologics,Md - Rockville,,,,,,https://www.risetherapeutics.com/,BioPharmGuy
SCINEURO PHARMACEUTICALS,Biologics,Md - Rockville,,,,,,https://scineuro.com/,BioPharmGuy
TOPALLIANCE BIOSCIENCES,Biologics,Md - Rockville,,,,,,https://www.topalliancebio.com/,BioPharmGuy
BIOMARIN PHARMACEUTICAL,Biologics,Mexico - Mexico City,,,,,,https://www.biomarin.com/,BioPharmGuy
NOVARTIS,Biologics,Mexico - Mexico City,,,,,,https://www.novartis.com/,BioPharmGuy
ELI LILLY,Biologics,Mexico - San José,,,,,,https://www.lilly.com/,BioPharmGuy
PFIZER,Biologics,Mexico - Toluca,,,,,,https://www.pfizer.com/,BioPharmGuy
BLUEWILLOW BIOLOGICS,Biologics,Mi - Ann Arbor,,,,,,https://bluewillow.com/,BioPharmGuy
ODYSSEY THERAPEUTICS (2),Biologics,Mi - Ann Arbor,,,,,,https://odysseytx.com/,BioPharmGuy
EMERGENT BIOSOLUTIONS,Biologics,Mi - Lansing,,,,,,https://www.emergentbiosolutions.com/,BioPharmGuy
ESPEROVAX,Biologics,Mi - Plymouth,,,,,,https://esperovax.com/,BioPharmGuy
DIAMEDICA THERAPEUTICS,Biologics,Mn - Minnetonka,,,,,,https://www.diamedica.com/,BioPharmGuy
INSITU BIOLOGICS,Biologics,Mn - Oakdale,,,,,,https://insitubiologics.com/,BioPharmGuy
REPRISE BIOMEDICAL,Biologics,Mn - Plymouth,,,,,,https://reprisebio.com/,BioPharmGuy
SILKTECH BIOPHARMACEUTICALS,Biologics,Mn - Plymouth,,,,,,https://www.silk-tech.com/,BioPharmGuy
INTENT BIOLOGICS,Biologics,Mn - Rochester,,,,,,https://intent.bio/,BioPharmGuy
RION,Biologics,Mn - Rochester,,,,,,https://riontx.com/,BioPharmGuy
BIOMED VALLEY DISCOVERIES,Biologics,Mo - Kansas City,,,,,,https://biomed-valley.com/,BioPharmGuy
VITTI LABS,Biologics,Mo - Liberty,,,,,,https://www.vittilabs.com/,BioPharmGuy
MEDICAL GUIDANCE SYSTEMS,Biologics,Mo - St. Louis,,,,,,https://www.medgyde.com/,BioPharmGuy
PFIZER,Biologics,Mo - St. Louis,,,,,,https://www.pfizer.com/,BioPharmGuy
NANOVALENT PHARMACEUTICALS,Biologics,Mt - Bozeman,,,,,,https://nanovalent.com/,BioPharmGuy
CHIESI USA,Biologics,Nc - Cary,,,,,,https://www.chiesiusa.com/,BioPharmGuy
AURATION BIOTECH,Biologics,Nc - Chapel Hill,,,,,,https://www.aurationbiotech.com/,BioPharmGuy
DORON THERAPEUTICS,Biologics,Nc - Chapel Hill,,,,,,https://dorontherapeutics.com/,BioPharmGuy
GRIFOLS,Biologics,Nc - Clayton,,,,,,https://www.grifols.com/en/home,BioPharmGuy
NOVO NORDISK,Biologics,Nc - Clayton,,,,,,https://www.novonordisk.com/,BioPharmGuy
ASKBIO,Biologics,Nc - Durham,,,,,,https://www.askbio.com/,BioPharmGuy
BIOGEN,Biologics,Nc - Durham,,,,,,https://www.biogen.com/,BioPharmGuy
BRII BIOSCIENCES,Biologics,Nc - Durham,,,,,,https://www.briibio.com/,BioPharmGuy
CARSGEN THERAPEUTICS,Biologics,Nc - Durham,,,,,,https://www.carsgen.com/,BioPharmGuy
FENNEC PHARMACEUTICALS,Biologics,Nc - Durham,,,,,,https://fennecpharma.com/,BioPharmGuy
GRID THERAPEUTICS,Biologics,Nc - Durham,,,,,,https://gridtherapeutics.com/,BioPharmGuy
GRIFOLS,Biologics,Nc - Durham,,,,,,https://www.grifols.com/en/home,BioPharmGuy
IMMUNOVANT,Biologics,Nc - Durham,,,,,,https://www.immunovant.com/,BioPharmGuy
PFIZER,Biologics,Nc - Durham,,,,,,https://www.pfizer.com/,BioPharmGuy
SHATTUCK LABS,Biologics,Nc - Durham,,,,,,https://www.shattucklabs.com/,BioPharmGuy
SOLVE THERAPEUTICS,Biologics,Nc - Durham,,,,,,https://solvetx.com/,BioPharmGuy
STALLERGENES GREER,Biologics,Nc - Lenoir,,,,,,https://www.stallergenesgreer.com/,BioPharmGuy
ARRIVO BIOVENTURES,Biologics,Nc - Morrisville,,,,,,https://arrivobio.com/,BioPharmGuy
INHALON BIOPHARMA,Biologics,Nc - Morrisville,,,,,,https://www.inhalon.com/,BioPharmGuy
LOCUS BIOSCIENCES,Biologics,Nc - Morrisville,,,,,,https://www.locus-bio.com/,BioPharmGuy
MUCOMMUNE,Biologics,Nc - Morrisville,,,,,,https://www.mucommune.com/,BioPharmGuy
TG THERAPEUTICS,Biologics,Nc - Morrisville,,,,,,https://www.tgtherapeutics.com/,BioPharmGuy
UCB PHARMA,Biologics,Nc - Morrisville,,,,,,https://www.ucb.com/,BioPharmGuy
SLATE MEDICINES,Biologics,Nc - Raleigh,,,,,,https://slatemedicines.com/,BioPharmGuy
PFIZER,Biologics,Nc - Rocky Mount,,,,,,https://www.pfizer.com/,BioPharmGuy
PFIZER,Biologics,Nc - Sanford,,,,,,https://www.pfizer.com/,BioPharmGuy
CURASAN,Biologics,Nc - Wake Forest,,,,,,https://curasaninc.com/,BioPharmGuy
PLAKOUS THERAPEUTICS,Biologics,Nc - Winston-Salem,,,,,,https://www.plakoustherapeutics.com/,BioPharmGuy
KLING BIOTHERAPEUTICS,Biologics,Netherlands - Amsterdam,,,,,,https://www.klingbio.com/,BioPharmGuy
PROTHYA BIOSOLUTIONS,Biologics,Netherlands - Amsterdam,,,,,,https://prothya.com/,BioPharmGuy
KITE PHARMA,Biologics,Netherlands - Hoofddorp,,,,,,https://www.kitepharma.com/,BioPharmGuy
AVIDICURE,Biologics,Netherlands - Leiden,,,,,,https://avidicure.com/,BioPharmGuy
HAL ALLERGY,Biologics,Netherlands - Leiden,,,,,,https://www.hal-allergy.com/,BioPharmGuy
LAKEFRONT BIOTHERAPEUTICS,Biologics,Netherlands - Leiden,,,,,,https://lakefrontbio.com/,BioPharmGuy
LEYDEN LABS,Biologics,Netherlands - Leiden,,,,,,https://leydenlabs.com/,BioPharmGuy
PHARMING GROUP,Biologics,Netherlands - Leiden,,,,,,https://www.pharming.com/,BioPharmGuy
SYNERKINE PHARMA,Biologics,Netherlands - Leiden,,,,,,https://synerkinepharma.com/,BioPharmGuy
VARMX,Biologics,Netherlands - Leiden,,,,,,https://varmx.com/,BioPharmGuy
CATAPULT THERAPEUTICS,Biologics,Netherlands - Lelystad,,,,,,https://www.catapult-therapeutics.com/,BioPharmGuy
NF2 THERAPEUTICS,Biologics,Netherlands - Maastricht,,,,,,https://www.nf2tx.com/,BioPharmGuy
BYONDIS,Biologics,Netherlands - Nijmegen,,,,,,https://byondis.com/,BioPharmGuy
TAGWORKS PHARMACEUTICALS,Biologics,Netherlands - Nijmegen,,,,,,https://www.tagworkspharma.com/,BioPharmGuy
ISA PHARMACEUTICALS,Biologics,Netherlands - Oegstgeest,,,,,,https://www.isa-pharma.com/,BioPharmGuy
CITRYLL,Biologics,Netherlands - Oss,,,,,,https://citryll.com/,BioPharmGuy
CROSSFIRE ONCOLOGY,Biologics,Netherlands - Oss,,,,,,https://crossfire-oncology.com/,BioPharmGuy
SYNGLE THERAPEUTICS,Biologics,Netherlands - Randstad,,,,,,https://www.syngletherapeutics.com/,BioPharmGuy
SAIROPA,Biologics,Netherlands - Rotterdam,,,,,,https://www.sairopa.com/,BioPharmGuy
AMPHERA,Biologics,Netherlands - S-Hertogenbosch,,,,,,https://www.amphera.nl/,BioPharmGuy
GENMAB,Biologics,Netherlands - Utrecht,,,,,,https://www.genmab.com/,BioPharmGuy
LAIGO BIO,Biologics,Netherlands - Utrecht,,,,,,https://www.laigobio.com/en/,BioPharmGuy
MERUS,Biologics,Netherlands - Utrecht,,,,,,https://merus.nl/,BioPharmGuy
SAPREME TECHNOLOGIES,Biologics,Netherlands - Utrecht,,,,,,https://sapreme.com/,BioPharmGuy
TARGED BIOPHARMACEUTICALS,Biologics,Netherlands - Utrecht,,,,,,https://targedbiopharmaceuticals.com/,BioPharmGuy
VUNTHERA,Biologics,Netherlands - Utrecht,,,,,,https://vunthera.com/,BioPharmGuy
AMRIF,Biologics,Netherlands - Wageningen,,,,,,https://www.amrif.eu/,BioPharmGuy
PANTARHEI BIOSCIENCE,Biologics,Netherlands - Zeist,,,,,,https://www.pantarheibio.com/,BioPharmGuy
NOVO NORDISK,Biologics,Nh - West Lebanon,,,,,,https://www.novonordisk.com/,BioPharmGuy
KALARIS THERAPEUTICS,Biologics,Nj - Berkeley Heights,,,,,,https://kalaristx.com/,BioPharmGuy
CELLTRION,Biologics,Nj - Branchburg,,,,,,https://www.celltrion.com/en-us,BioPharmGuy
LEXICON PHARMACEUTICALS,Biologics,Nj - Bridgewater,,,,,,https://www.lexpharma.com/,BioPharmGuy
SANOFI,Biologics,Nj - Bridgewater,,,,,,https://www.sanofi.com/en,BioPharmGuy
AVOTRES,Biologics,Nj - Cedar Knolls,,,,,,https://www.avotres.com/,BioPharmGuy
ROCKET PHARMACEUTICALS,Biologics,Nj - Cranbury,,,,,,https://rocketpharma.com/,BioPharmGuy
CITIUS ONCOLOGY,Biologics,Nj - Cranford,,,,,,https://www.citiusonc.com/overview/default.aspx,BioPharmGuy
NOVARTIS,Biologics,Nj - East Hanover,,,,,,https://www.novartis.com/,BioPharmGuy
ACROTECH BIOPHARMA,Biologics,Nj - East Windsor,,,,,,https://acrotechbiopharma.com/,BioPharmGuy
NOVAROCK BIOTHERAPEUTICS,Biologics,Nj - Ewing,,,,,,https://www.novarockbio.com,BioPharmGuy
VERITY PHARMACEUTICALS,Biologics,Nj - Ewing,,,,,,https://veritypharma.com/,BioPharmGuy
KEDRION BIOPHARMA,Biologics,Nj - Fort Lee,,,,,,https://www.kedrion.us/,BioPharmGuy
ROYAL BIOLOGICS,Biologics,Nj - Hackensack,,,,,,https://royalbiologics.com/,BioPharmGuy
CELLDEX THERAPEUTICS,Biologics,Nj - Hampton,,,,,,https://celldex.com/,BioPharmGuy
SILENCE THERAPEUTICS,Biologics,Nj - Hoboken,,,,,,https://www.silence-therapeutics.com/home/default.aspx,BioPharmGuy
CLARIS BIO,Biologics,Nj - Jersey City,,,,,,https://clarisbio.com/,BioPharmGuy
SANOFI,Biologics,Nj - Morristown,,,,,,https://www.sanofi.com/en,BioPharmGuy
AIM IMMUNOTECH,Biologics,Nj - New Brunswick,,,,,,https://aimimmuno.com/,BioPharmGuy
BRISTOL MYERS SQUIBB,Biologics,Nj - New Brunswick,,,,,,https://www.bms.com/,BioPharmGuy
VANELTIX,Biologics,Nj - New Brunswick,,,,,,https://vaneltix.com/,BioPharmGuy
ADC THERAPEUTICS,Biologics,Nj - New Providence,,,,,,https://www.adctherapeutics.com/,BioPharmGuy
BIOAEGIS THERAPEUTICS,Biologics,Nj - North Brunswick,,,,,,https://www.bioaegistherapeutics.com/,BioPharmGuy
SKUNKWORX BIO,Biologics,Nj - North Brunswick,,,,,,https://skwxbio.com/,BioPharmGuy
TEVA,Biologics,Nj - Parisppany,,,,,,https://www.tevapharm.com/,BioPharmGuy
FERRING PHARMACEUTICALS,Biologics,Nj - Parsippany,,,,,,https://ferringusa.com/?lang=en,BioPharmGuy
ZIMVIE,Biologics,Nj - Parsippany,,,,,,https://www.zimvie.com/en,BioPharmGuy
BRISTOL MYERS SQUIBB,Biologics,Nj - Pennington,,,,,,https://www.bms.com/,BioPharmGuy
GENMAB,Biologics,Nj - Plainsboro,,,,,,https://www.genmab.com/,BioPharmGuy
ANTIGENIX THERAPEUTICS,Biologics,Nj - Princeton,,,,,,https://www.antigenixthera.com/,BioPharmGuy
EMERGENT BIOSOLUTIONS,Biologics,Nj - Princeton,,,,,,https://www.emergentbiosolutions.com/,BioPharmGuy
KLUS PHARMA,Biologics,Nj - Princeton,,,,,,https://www.kluspharma.com/,BioPharmGuy
MACROTOPE,Biologics,Nj - Princeton,,,,,,https://macrotope.com/,BioPharmGuy
SOLIGENIX,Biologics,Nj - Princeton,,,,,,https://www.soligenix.com/,BioPharmGuy
SONNET BIOTHERAPEUTICS,Biologics,Nj - Princeton,,,,,,https://www.sonnetbio.com/,BioPharmGuy
MERCK,Biologics,Nj - Rahway,,,,,,https://www.merck.com/,BioPharmGuy
ADMA BIOLOGICS,Biologics,Nj - Ramsey,,,,,,https://www.admabiologics.com/,BioPharmGuy
JOHNSON AND JOHNSON INNOVATIVE MEDICINE,Biologics,Nj - Raritan,,,,,,https://www.jnj.com/innovativemedicine,BioPharmGuy
BEONE MEDICINES,Biologics,Nj - Ridgefield Park,,,,,,https://beonemedicines.us/,BioPharmGuy
NAVIGATOR MEDICINES,Biologics,Nj - Scotch Plains,,,,,,https://www.navigatormedicines.com/,BioPharmGuy
SAUVIE,Biologics,Nj - Short Hills,,,,,,https://www.sauviebio.com/,BioPharmGuy
ABHELIX,Biologics,Nj - South Plainfield,,,,,,https://abhelix.com/,BioPharmGuy
JOHNSON AND JOHNSON INNOVATIVE MEDICINE,Biologics,Nj - Titusville,,,,,,https://www.jnj.com/innovativemedicine,BioPharmGuy
BAYER,Biologics,Nj - Whippany,,,,,,https://www.bayer.com/en/,BioPharmGuy
BIOPHAGY,Biologics,Nm - Albuquerque,,,,,,https://biophagy.com/,BioPharmGuy
THERAVAC BIOLOGICS,Biologics,Nm - Albuquerque,,,,,,https://theravacbio.com/,BioPharmGuy
ACD PHARMA,Biologics,Norway - Leknes,,,,,,https://acdpharma.com/en/,BioPharmGuy
AUTHERA,Biologics,Norway - Oslo,,,,,,https://www.authera.bio/,BioPharmGuy
CAEDO ONCOLOGY,Biologics,Norway - Oslo,,,,,,https://www.caedooncology.com/,BioPharmGuy
CALLUNA PHARMA,Biologics,Norway - Oslo,,,,,,https://www.callunapharma.com/,BioPharmGuy
CIRCIO,Biologics,Norway - Oslo,,,,,,https://www.circio.com/en/,BioPharmGuy
THELPER,Biologics,Norway - Oslo,,,,,,https://www.thelper.com/,BioPharmGuy
ZELLUNA IMMUNOTHERAPY,Biologics,Norway - Oslo,,,,,,https://zelluna.com/,BioPharmGuy
ZURA BIO,Biologics,Nv - Henderson,,,,,,https://zurabio.com/,BioPharmGuy
7 PRIMUS BIOSCIENCES,Biologics,Nv - Las Vegas,,,,,,https://7primusbiosciences.com/,BioPharmGuy
ZHITTYA GENESIS MEDICINE,Biologics,Nv - Las Vegas,,,,,,https://www.zgm.care/,BioPharmGuy
SARCOMATRIX THERAPEUTICS,Biologics,Nv - Reno,,,,,,https://sarcomatrix.com/,BioPharmGuy
OLIGOMERIX,Biologics,Ny - Bronx,,,,,,https://oligomerix.com/,BioPharmGuy
APERIAM BIO,Biologics,Ny - Brooklyn,,,,,,https://www.aperiambio.com/,BioPharmGuy
REGENLAB USA,Biologics,Ny - Brooklyn,,,,,,https://regenlabusa.com/,BioPharmGuy
FOR-ROBIN,Biologics,Ny - Buffalo,,,,,,https://for-robin.com/,BioPharmGuy
THERAPYX,Biologics,Ny - Buffalo,,,,,,https://therapyxinc.com/,BioPharmGuy
ANCILIA BIOSCIENCES,Biologics,Ny - Long Island City,,,,,,https://www.anciliabio.com/,BioPharmGuy
RENBIO,Biologics,Ny - Long Island City,,,,,,https://www.renbio.com/,BioPharmGuy
ACTINIUM PHARMACEUTICALS,Biologics,Ny - New York,,,,,,https://www.actiniumpharma.com/,BioPharmGuy
AETHON THERAPEUTICS,Biologics,Ny - New York,,,,,,https://aethontx.com/,BioPharmGuy
ALCEA THERAPEUTICS,Biologics,Ny - New York,,,,,,https://www.alceatx.com/,BioPharmGuy
BELENOS BIOSCIENCES,Biologics,Ny - New York,,,,,,https://belenosbio.com/,BioPharmGuy
BRISTOL MYERS SQUIBB,Biologics,Ny - New York,,,,,,https://www.bms.com/,BioPharmGuy
FREZENT BIOLOGICAL SOLUTIONS,Biologics,Ny - New York,,,,,,https://www.frezent.com/,BioPharmGuy
ICHNOS GLENMARK INNOVATION,Biologics,Ny - New York,,,,,,https://iginnovate.com/,BioPharmGuy
ICHOR BIOLOGICS,Biologics,Ny - New York,,,,,,https://www.ichorbiologics.com/,BioPharmGuy
IN8BIO,Biologics,Ny - New York,,,,,,https://in8bio.com/,BioPharmGuy
INDAPTUS THERAPEUTICS,Biologics,Ny - New York,,,,,,https://indaptusrx.com/,BioPharmGuy
ITB MED,Biologics,Ny - New York,,,,,,https://itb-med.com/,BioPharmGuy
LIRUM THERAPEUTICS,Biologics,Ny - New York,,,,,,https://www.lirumtx.com/,BioPharmGuy
MANHATTAN BIOSOLUTIONS,Biologics,Ny - New York,,,,,,https://manhattanbiosolutions.com/,BioPharmGuy
MEDICOVESTOR,Biologics,Ny - New York,,,,,,https://www.medicovestor.com/,BioPharmGuy
MESOBLAST,Biologics,Ny - New York,,,,,,https://www.mesoblast.com/,BioPharmGuy
OMNICYTE,Biologics,Ny - New York,,,,,,https://www.omnicyte.com/,BioPharmGuy
ONCUSP THERAPEUTICS,Biologics,Ny - New York,,,,,,https://www.oncusptx.com/,BioPharmGuy
ORDAOS BIO,Biologics,Ny - New York,,,,,,https://ordaos.bio/,BioPharmGuy
PFIZER,Biologics,Ny - New York,,,,,,https://www.pfizer.com/,BioPharmGuy
PISTON BIO,Biologics,Ny - New York,,,,,,https://www.pistonbio.com/,BioPharmGuy
SEED THERAPEUTICS,Biologics,Ny - New York,,,,,,https://www.seedtherapeutics.com/,BioPharmGuy
SELLAS LIFE SCIENCES GROUP,Biologics,Ny - New York,,,,,,https://sellaslifesciences.com/,BioPharmGuy
SYNTHIS,Biologics,Ny - New York,,,,,,https://www.synthistx.com/,BioPharmGuy
TFC THERAPEUTICS,Biologics,Ny - New York,,,,,,https://www.tfctx.com/,BioPharmGuy
TIMBERLYNE THERAPEUTICS,Biologics,Ny - New York,,,,,,https://timberlyne-tx.com/,BioPharmGuy
TOURMALINE BIO,Biologics,Ny - New York,,,,,,https://www.tourmalinebio.com/,BioPharmGuy
TRAVERSE BIOTECH,Biologics,Ny - New York,,,,,,https://www.traversebiotech.com/,BioPharmGuy
XALUD THERAPEUTICS,Biologics,Ny - New York,,,,,,https://www.xaludthera.com/,BioPharmGuy
XICONIC PHARMACEUTICALS,Biologics,Ny - New York,,,,,,https://www.xiconicpharma.com/,BioPharmGuy
Y-MABS THERAPEUTICS,Biologics,Ny - New York,,,,,,https://ymabs.com/,BioPharmGuy
YARROW BIOSCIENCE,Biologics,Ny - New York,,,,,,https://www.yarrowbioscience.com/,BioPharmGuy
YIVIVA,Biologics,Ny - New York,,,,,,https://yiviva.com/,BioPharmGuy
PFIZER,Biologics,Ny - Pearl River,,,,,,https://www.pfizer.com/,BioPharmGuy
REGENERON,Biologics,Ny - Rensselaer,,,,,,https://www.regeneron.com/,BioPharmGuy
OYAGEN,Biologics,Ny - Rochester,,,,,,https://oyageninc.com/,BioPharmGuy
VACCINEX,Biologics,Ny - Rochester,,,,,,https://www.vaccinex.com/,BioPharmGuy
ILGEN,Biologics,Ny - Syracuse,,,,,,https://www.ilgenbio.com,BioPharmGuy
REGENERON,Biologics,Ny - Tarrytown,,,,,,https://www.regeneron.com/,BioPharmGuy
CINRX PHARMA,Biologics,Oh - Cincinnati,,,,,,https://cinrx.com/,BioPharmGuy
EIKONOKLASTES THERAPEUTICS,Biologics,Oh - Cincinnati,,,,,,https://eikonoklastes.com/,BioPharmGuy
OPTIMVIA,Biologics,Oh - Cincinnati,,,,,,https://optimvia.com/,BioPharmGuy
TEVA,Biologics,Oh - Cincinnati,,,,,,https://www.tevapharm.com/,BioPharmGuy
ABCON THERAPEUTICS,Biologics,Oh - Cleveland,,,,,,https://www.abcontx.com/,BioPharmGuy
ALLINAIRE THERAPEUTICS,Biologics,Oh - Cleveland,,,,,,https://www.allinaire.com/,BioPharmGuy
ATHERSYS,Biologics,Oh - Cleveland,,,,,,http://www.athersys.com,BioPharmGuy
DIASOME PHARMACEUTICALS,Biologics,Oh - Cleveland,,,,,,https://www.diasome.com/,BioPharmGuy
DISCOVERY THERAPEUTICS CARIBE,Biologics,Oh - Cleveland,,,,,,https://discothera.com/,BioPharmGuy
HAIMA THERAPEUTICS,Biologics,Oh - Cleveland,,,,,,https://www.haimatherapeutics.com/,BioPharmGuy
NOVELMED THERAPEUTICS,Biologics,Oh - Cleveland,,,,,,https://www.novelmed.com/,BioPharmGuy
CLARAMETYX BIOSCIENCES,Biologics,Oh - Columbus,,,,,,https://clarametyx.com/,BioPharmGuy
TRIM-EDICINE,Biologics,Oh - Columbus,,,,,,https://www.trim-edicine.com/,BioPharmGuy
FORGE BIOLOGICS,Biologics,Oh - Grove City,,,,,,https://www.forgebiologics.com/,BioPharmGuy
COARE BIOTECHNOLOGY,Biologics,Ok - Oklahoma City,,,,,,https://coareholdings.com/,BioPharmGuy
TETHEREX PHARMACEUTICALS,Biologics,Ok - Oklahoma City,,,,,,http://www.tetherex.com/,BioPharmGuy
BIOVAXYS,Biologics,On - Etobicoke,,,,,,https://www.biovaxys.com/,BioPharmGuy
ALLARTA LIFE SCIENCE,Biologics,On - Hamilton,,,,,,https://allarta.com/,BioPharmGuy
AMGEN,Biologics,On - Mississauga,,,,,,https://www.amgen.com/,BioPharmGuy
ASTRAZENECA,Biologics,On - Mississauga,,,,,,https://www.astrazeneca.com/,BioPharmGuy
BAYER,Biologics,On - Mississauga,,,,,,https://www.bayer.com/en/,BioPharmGuy
SANOFI,Biologics,On - Mississauga,,,,,,https://www.sanofi.com/en,BioPharmGuy
THERAVAC BIOLOGICS,Biologics,On - Mississauga,,,,,,https://theravacbio.com/,BioPharmGuy
SANOFI,Biologics,On - North York,,,,,,https://www.sanofi.com/en,BioPharmGuy
ESPHERA SYNBIO,Biologics,On - Ottawa,,,,,,https://espherasynbio.ca/,BioPharmGuy
ORION BIOTECHNOLOGY,Biologics,On - Ottawa,,,,,,https://orionbiotechnology.com/,BioPharmGuy
VBI VACCINES,Biologics,On - Ottawa,,,,,,https://www.vbivaccines.com/,BioPharmGuy
ALPHA CANCER TECHNOLOGIES,Biologics,On - Toronto,,,,,,https://alpha-cancer.com/,BioPharmGuy
ARCH BIOPARTNERS,Biologics,On - Toronto,,,,,,https://www.archbiopartners.com/,BioPharmGuy
CTM BIOMEDICAL,Biologics,On - Toronto,,,,,,https://www.ctmbiomedical.com/,BioPharmGuy
EPOK THERAPEUTICS,Biologics,On - Toronto,,,,,,https://epoktherapeutics.com/,BioPharmGuy
HELIX BIOPHARMA,Biologics,On - Toronto,,,,,,https://www.helixbiopharma.com/,BioPharmGuy
LACTIGA,Biologics,On - Toronto,,,,,,https://www.lactiga.com/,BioPharmGuy
MEDEXUS PHARMACEUTICALS,Biologics,On - Toronto,,,,,,https://www.medexus.com/en_US,BioPharmGuy
MEDIPHAGE BIOCEUTICALS,Biologics,On - Toronto,,,,,,https://www.mediphage.ca/,BioPharmGuy
NOTOGEN,Biologics,On - Toronto,,,,,,https://www.notogen.com/,BioPharmGuy
PARADOX IMMUNOTHERAPEUTICS,Biologics,On - Toronto,,,,,,https://www.paradoximmuno.com/,BioPharmGuy
PLANTFORM,Biologics,On - Toronto,,,,,,https://www.plantformcorp.com/,BioPharmGuy
PROMIS NEUROSCIENCES,Biologics,On - Toronto,,,,,,https://www.promisneurosciences.com/,BioPharmGuy
RADIANT BIOTHERAPEUTICS,Biologics,On - Toronto,,,,,,https://www.radiantbio.com/,BioPharmGuy
SATELLOS BIOSCIENCE,Biologics,On - Toronto,,,,,,https://satellos.com/,BioPharmGuy
REZOLUTE,Biologics,Or - Bend,,,,,,https://rezolutebio.com/,BioPharmGuy
GENENTECH,Biologics,Or - Hillsboro,,,,,,https://www.gene.com/,BioPharmGuy
AGONOX,Biologics,Or - Portland,,,,,,http://www.agonox.com,BioPharmGuy
ARONORA,Biologics,Or - Portland,,,,,,https://www.aronora.com/,BioPharmGuy
UBIVAC,Biologics,Or - Portland,,,,,,https://www.ubivac.com/,BioPharmGuy
EMERGENT BIOSOLUTIONS,Biologics,Pa - Berwyn,,,,,,https://www.emergentbiosolutions.com/,BioPharmGuy
SENECA THERAPEUTICS,Biologics,Pa - Blue Bell,,,,,,https://www.senecatherapeutics.com/,BioPharmGuy
OPSIDIO,Biologics,Pa - Bryn Mawr,,,,,,https://www.opsidio.com/,BioPharmGuy
NAVROGEN,Biologics,Pa - Cheyney,,,,,,https://navrogen.com/,BioPharmGuy
TIGER WOUND CARE,Biologics,Pa - Conshohocken,,,,,,https://tigerwoundcare.com/,BioPharmGuy
ELIKSA THERAPEUTICS,Biologics,Pa - Doylestown,,,,,,https://www.eliksa.com/,BioPharmGuy
STEROTHERAPEUTICS,Biologics,Pa - Doylestown,,,,,,https://www.sterotx.com/,BioPharmGuy
IMMUNOME,Biologics,Pa - Exton,,,,,,https://immunome.com/,BioPharmGuy
JOHNSON AND JOHNSON INNOVATIVE MEDICINE,Biologics,Pa - Horsham,,,,,,https://www.jnj.com/innovativemedicine,BioPharmGuy
TARGEPEUTICS,Biologics,Pa - Hummelstown,,,,,,https://targepeutics.com/,BioPharmGuy
SFA THERAPEUTICS,Biologics,Pa - Jenkintown,,,,,,https://sfatherapeutics.com/,BioPharmGuy
CSL BEHRING,Biologics,Pa - King Of Prussia,,,,,,https://www.csl.com/we-are-csl/our-businesses-and-products/csl-behring,BioPharmGuy
MERCK,Biologics,Pa - Lansdale,,,,,,https://www.merck.com/,BioPharmGuy
TAVOTEK BIOTHERAPEUTICS,Biologics,Pa - Lower Gwynedd,,,,,,https://www.tavotek.com/,BioPharmGuy
JOHNSON AND JOHNSON INNOVATIVE MEDICINE,Biologics,Pa - Malvern,,,,,,https://www.jnj.com/innovativemedicine,BioPharmGuy
OCUGEN,Biologics,Pa - Malvern,,,,,,https://ocugen.com/,BioPharmGuy
PHANES BIOTECH,Biologics,Pa - Malvern,,,,,,https://phanesbiotech.com/,BioPharmGuy
UNIQUITY BIO,Biologics,Pa - Malvern,,,,,,https://www.uniquity.com/,BioPharmGuy
GSK,Biologics,Pa - Marietta,,,,,,https://www.gsk.com/en-gb/,BioPharmGuy
ARRIVENT BIOPHARMA,Biologics,Pa - Newtown Square,,,,,,https://arrivent.com/,BioPharmGuy
ADAPTIMMUNE THERAPEUTICS,Biologics,Pa - Philadelphia,,,,,,https://www.adaptimmune.com/,BioPharmGuy
ALVEUS THERAPEUTICS,Biologics,Pa - Philadelphia,,,,,,https://alveustx.com/,BioPharmGuy
ARO BIOTHERAPEUTICS,Biologics,Pa - Philadelphia,,,,,,https://www.arobiotx.com/,BioPharmGuy
AXONOVA MEDICAL,Biologics,Pa - Philadelphia,,,,,,https://axonovamed.com/,BioPharmGuy
BRIACELL THERAPEUTICS,Biologics,Pa - Philadelphia,,,,,,https://briacell.com/,BioPharmGuy
DISPATCH BIO,Biologics,Pa - Philadelphia,,,,,,https://dispatchbio.com/,BioPharmGuy
GENEOS THERAPEUTICS,Biologics,Pa - Philadelphia,,,,,,https://www.geneostx.com/,BioPharmGuy
GSK,Biologics,Pa - Philadelphia,,,,,,https://www.gsk.com/en-gb/,BioPharmGuy
HULA THERAPEUTICS,Biologics,Pa - Philadelphia,,,,,,https://hulatx.com/,BioPharmGuy
RESPANA THERAPEUTICS,Biologics,Pa - Philadelphia,,,,,,https://www.respanatx.com/,BioPharmGuy
TREOVIR,Biologics,Pa - Philadelphia,,,,,,https://treovir.com/,BioPharmGuy
GLOBIN SOLUTIONS,Biologics,Pa - Pittsburgh,,,,,,https://globinsolutions.com/,BioPharmGuy
IMAGINE PHARMA,Biologics,Pa - Pittsburgh,,,,,,https://imaginepharma.com/,BioPharmGuy
NOVASENTA,Biologics,Pa - Pittsburgh,,,,,,https://novasenta.com/,BioPharmGuy
NOVEOME BIOTHERAPEUTICS,Biologics,Pa - Pittsburgh,,,,,,https://noveome.com/,BioPharmGuy
INOVIO PHARMACEUTICALS,Biologics,Pa - Plymouth Meeting,,,,,,https://inovio.com/,BioPharmGuy
ABZYME THERAPEUTICS,Biologics,Pa - Royersford,,,,,,https://abzymetx.com/,BioPharmGuy
MYRIS THERAPEUTICS,Biologics,Pa - Sharpsburg,,,,,,https://www.myristx.com/,BioPharmGuy
HBO2 THERAPEUTICS,Biologics,Pa - Souderton,,,,,,https://www.hbo2therapeutics.com/,BioPharmGuy
JOHNSON AND JOHNSON INNOVATIVE MEDICINE,Biologics,Pa - Spring House,,,,,,https://www.jnj.com/innovativemedicine,BioPharmGuy
ARBUTUS BIOPHARMA,Biologics,Pa - Warminster,,,,,,https://www.arbutusbio.com/,BioPharmGuy
PAPYRUS THERAPEUTICS,Biologics,Pa - West Chester,,,,,,https://papyrustherapeutics.com/,BioPharmGuy
PRODIGY BIOTECH,Biologics,Pa - West Chester,,,,,,https://prodigybiotech.com/,BioPharmGuy
PFIZER,Biologics,Pakistan - Karachi,,,,,,https://www.pfizer.com/,BioPharmGuy
ADAMED,Biologics,Poland - Czosnów,,,,,,https://www.adamed.com/en/main-page,BioPharmGuy
IBSS BIOMED,Biologics,Poland - Krakow,,,,,,https://biomed.pl/en/,BioPharmGuy
CELLIVIA,Biologics,Poland - Poznań,,,,,,https://cellivia.com/en/,BioPharmGuy
AOP ORPHAN DISEASES,Biologics,Poland - Warsaw,,,,,,https://www.aop-health.com/global_en,BioPharmGuy
JJP BIOLOGICS,Biologics,Poland - Warsaw,,,,,,https://jjpbiologics.com/,BioPharmGuy
PFIZER,Biologics,Poland - Warsaw,,,,,,https://www.pfizer.com/,BioPharmGuy
PURE BIOLOGICS,Biologics,Poland - Wroclaw,,,,,,https://purebiologics.com/,BioPharmGuy
IMMUNETHEP,Biologics,Portugal - Cantanhede,,,,,,https://www.immunethep.com/,BioPharmGuy
TECHNOPHAGE,Biologics,Portugal - Lisbon,,,,,,https://technophage.pt/,BioPharmGuy
ABBVIE,Biologics,Pr - Barceloneta,,,,,,https://www.abbviecontractmfg.com/,BioPharmGuy
ELI LILLY,Biologics,Pr - Carolina,,,,,,https://www.lilly.com/,BioPharmGuy
AMGEN,Biologics,Pr - Juncos,,,,,,https://www.amgen.com/,BioPharmGuy
BRISTOL MYERS SQUIBB,Biologics,Pr - Manati,,,,,,https://www.bms.com/,BioPharmGuy
ELI LILLY,Biologics,Pr - Mayaguez,,,,,,https://www.lilly.com/,BioPharmGuy
QEEN BIOTECHNOLOGIES,Biologics,Qc - Gatineau,,,,,,https://qeen-bio.com/,BioPharmGuy
PFIZER,Biologics,Qc - Kirkland,,,,,,https://www.pfizer.com/,BioPharmGuy
GSK,Biologics,Qc - Laval,,,,,,https://www.gsk.com/en-gb/,BioPharmGuy
OLIGO MEDIC,Biologics,Qc - Laval,,,,,,https://www.oligomedic.com/,BioPharmGuy
35PHARMA,Biologics,Qc - Montreal,,,,,,https://www.35pharma.com/,BioPharmGuy
ABILITY BIOTHERAPEUTICS,Biologics,Qc - Montreal,,,,,,https://www.ability.bio/en/,BioPharmGuy
ALETHIA BIOTHERAPEUTICS,Biologics,Qc - Montréal,,,,,,http://alethiabio.com/,BioPharmGuy
EPITOPEA,Biologics,Qc - Montréal,,,,,,https://www.epitopea.com/,BioPharmGuy
KISOJI BIOTECHNOLOGY,Biologics,Qc - Montréal,,,,,,https://www.kisojibiotech.com,BioPharmGuy
NEURENATI THERAPEUTICS,Biologics,Qc - Montreal,,,,,,https://www.neurenati.com/,BioPharmGuy
SEMATHERA,Biologics,Qc - Montréal,,,,,,https://semathera.com/,BioPharmGuy
THERATECHNOLOGIES,Biologics,Qc - Montréal,,,,,,https://theratech.com/,BioPharmGuy
9BIO THERAPEUTICS,Biologics,Qc - Québec,,,,,,https://9biotx.com/,BioPharmGuy
CURA THERAPEUTICS,Biologics,Qc - Saint-Laurent,,,,,,https://www.curatherapeutics.com/,BioPharmGuy
PROTHERA BIOLOGICS,Biologics,Ri - Providence,,,,,,https://www.protherabiologics.com/,BioPharmGuy
AMGEN,Biologics,Ri - West Greenwich,,,,,,https://www.amgen.com/,BioPharmGuy
AOP ORPHAN DISEASES,Biologics,Romania - Bucharest,,,,,,https://www.aop-health.com/global_en,BioPharmGuy
GEROPHARM,Biologics,Russia - Moscow,,,,,,https://geropharm.com/,BioPharmGuy
PHARMAPARK,Biologics,Russia - Moscow,,,,,,http://www.pharmapark.ru/en/,BioPharmGuy
GEROPHARM,Biologics,Russia - St. Petersburg,,,,,,https://geropharm.com/,BioPharmGuy
LEUKOGENE THERAPEUTICS,Biologics,Sc - Charleston,,,,,,https://leukogene.com/,BioPharmGuy
ELASTRIN THERAPEUTICS,Biologics,Sc - Greenville,,,,,,https://www.elastrin.com/,BioPharmGuy
INNOVA THERAPEUTICS,Biologics,Sc - Mt. Pleasant,,,,,,https://www.innovatherapeutics.com/,BioPharmGuy
COSCIENS BIOPHARMA,Biologics,Sc - Summerville,,,,,,https://cosciensbio.com/,BioPharmGuy
IPSEN,Biologics,Sc - Sumter,,,,,,https://www.ipsen.com/,BioPharmGuy
ANTIRADICAL THERAPEUTICS,Biologics,Sd - Sioux Falls,,,,,,https://antiradicaltherapeutics.com/,BioPharmGuy
SAB BIO,Biologics,Sd - Sioux Falls,,,,,,https://www.sab.bio/,BioPharmGuy
ABBVIE,Biologics,Serbia - Belgrade,,,,,,https://www.abbvie.com/,BioPharmGuy
ALBATROZ THERAPEUTICS,Biologics,Singapore - Singapore,,,,,,https://www.albatroztherapeutics.com/,BioPharmGuy
AMGEN,Biologics,Singapore - Singapore,,,,,,https://www.amgen.com/,BioPharmGuy
AXCYNSIS THERAPEUTICS,Biologics,Singapore - Singapore,,,,,,https://axcynsis.com/,BioPharmGuy
BIOSYNGEN,Biologics,Singapore - Singapore,,,,,,https://www.biosyngen.com/,BioPharmGuy
DOTBIO,Biologics,Singapore - Singapore,,,,,,https://www.dotbio.com/,BioPharmGuy
GSK,Biologics,Singapore - Singapore,,,,,,https://www.gsk.com/en-gb/,BioPharmGuy
HUMMINGBIRD BIOSCIENCE,Biologics,Singapore - Singapore,,,,,,https://hummingbirdbioscience.com/,BioPharmGuy
INNOGENE KALBIOTECH,Biologics,Singapore - Singapore,,,,,,https://innogene-kalbiotech.com/,BioPharmGuy
JUNIPER BIOLOGICS,Biologics,Singapore - Singapore,,,,,,https://juniperbiologics.com/,BioPharmGuy
PAIRX BIO,Biologics,Singapore - Singapore,,,,,,https://pairxbio.com/,BioPharmGuy
PFIZER,Biologics,Singapore - Singapore,,,,,,https://www.pfizer.com/,BioPharmGuy
SCG CELL THERAPY,Biologics,Singapore - Singapore,,,,,,https://www.scgcell.com/,BioPharmGuy
AOP ORPHAN DISEASES,Biologics,Slovakia - Bratislava,,,,,,https://www.aop-health.com/global_en,BioPharmGuy
MABPRO,Biologics,Slovakia - Bratislava,,,,,,https://www.mabpro.sk/,BioPharmGuy
SANOFI,Biologics,South Africa - Midrand,,,,,,https://www.sanofi.com/en,BioPharmGuy
ELI LILLY,Biologics,Spain - Alcobendas,,,,,,https://www.lilly.com/,BioPharmGuy
BIOIBERICA,Biologics,Spain - Barcelona,,,,,,https://www.bioiberica.com/en,BioPharmGuy
GRIFOLS,Biologics,Spain - Barcelona,,,,,,https://www.grifols.com/en/home,BioPharmGuy
IPSEN,Biologics,Spain - Barcelona,,,,,,https://www.ipsen.com/,BioPharmGuy
NANOLIGENT,Biologics,Spain - Barcelona,,,,,,https://www.nanoligent.com/,BioPharmGuy
ORIKINE BIO,Biologics,Spain - Barcelona,,,,,,https://www.orikine.bio/,BioPharmGuy
SEPSIA THERAPEUTICS,Biologics,Spain - Barcelona,,,,,,https://sepsia.com/,BioPharmGuy
SERABIOTICS,Biologics,Spain - Barcelona,,,,,,https://serabiotics.com/,BioPharmGuy
MIKROBIOMIK,Biologics,Spain - Bizkaia,,,,,,https://mikrobiomik.net/en/,BioPharmGuy
ONCOMATRYX BIOPHARMA,Biologics,Spain - Derio,,,,,,https://oncomatryx.com/,BioPharmGuy
ADAPTAM THERAPEUTICS,Biologics,Spain - Donostia-San Sebastián,,,,,,https://adaptamtx.com/,BioPharmGuy
INMUNOTEK,Biologics,Spain - Madrid,,,,,,https://www.inmunotek.com/en/,BioPharmGuy
PFIZER,Biologics,Spain - Madrid,,,,,,https://www.pfizer.com/,BioPharmGuy
STAB THERAPEUTICS,Biologics,Spain - Madrid,,,,,,https://stabtherapeutics.com/,BioPharmGuy
BIOIBERICA,Biologics,Spain - Palafolls,,,,,,https://www.bioiberica.com/en,BioPharmGuy
BIOFABRI,Biologics,Spain - Pontevedra,,,,,,https://biofabri.es/,BioPharmGuy
INHIBITEC,Biologics,Spain - Santander,,,,,,https://inhibitec.com/,BioPharmGuy
LIBERA BIO,Biologics,Spain - Santiago De Compostela,,,,,,https://www.liberabio.com/,BioPharmGuy
SUNROCK BIOPHARMA,Biologics,Spain - Santiago De Compostela,,,,,,https://www.sunrockbiopharma.com/,BioPharmGuy
HIGHLIGHT THERAPEUTICS,Biologics,Spain - Valencia,,,,,,https://www.highlighttherapeutics.com/,BioPharmGuy
FCR THERAPEUTICS,Biologics,Spain - Zz,,,,,,https://www.fcrtherapeutics.com/,BioPharmGuy
AOP ORPHAN DISEASES,Biologics,Sweden - Bromma,,,,,,https://www.aop-health.com/global_en,BioPharmGuy
ASTRAZENECA,Biologics,Sweden - Gothenburg,,,,,,https://www.astrazeneca.com/,BioPharmGuy
OBLIQUE THERAPEUTICS,Biologics,Sweden - Gothenburg,,,,,,https://obliquet.com/,BioPharmGuy
LEAD BIOLOGICS INTERNATIONAL,Biologics,Sweden - Helsingborg,,,,,,https://leadbiologics.com/,BioPharmGuy
ACTIVE BIOTECH,Biologics,Sweden - Lund,,,,,,https://www.activebiotech.com/en/,BioPharmGuy
ALLIGATOR BIOSCIENCE,Biologics,Sweden - Lund,,,,,,https://alligatorbioscience.se/en/,BioPharmGuy
ASGARD THERAPEUTICS,Biologics,Sweden - Lund,,,,,,https://www.asgardthx.com/,BioPharmGuy
BIOINVENT INTERNATIONAL,Biologics,Sweden - Lund,,,,,,https://www.bioinvent.com/en,BioPharmGuy
CANTARGIA,Biologics,Sweden - Lund,,,,,,https://cantargia.com/en/,BioPharmGuy
HANSA BIOPHARMA,Biologics,Sweden - Lund,,,,,,https://www.hansabiopharma.com/,BioPharmGuy
ONCORENA,Biologics,Sweden - Lund,,,,,,https://www.oncorena.se/,BioPharmGuy
2A PHARMA,Biologics,Sweden - Malmö,,,,,,https://2apharma.com/,BioPharmGuy
CHOSA ONCOLOGY,Biologics,Sweden - Malmö,,,,,,https://www.chosaoncology.com/,BioPharmGuy
ALZINOVA,Biologics,Sweden - Mölndal,,,,,,https://www.alzinova.com/,BioPharmGuy
FLUICELL,Biologics,Sweden - Mölndal,,,,,,https://www.fluicell.com/,BioPharmGuy
ANOCCA,Biologics,Sweden - Södertälje,,,,,,https://www.anocca.com/,BioPharmGuy
ASTRAZENECA,Biologics,Sweden - Södertälje,,,,,,https://www.astrazeneca.com/,BioPharmGuy
AFFIBODY,Biologics,Sweden - Solna,,,,,,https://www.affibody.se/,BioPharmGuy
DILAFOR,Biologics,Sweden - Solna,,,,,,https://www.dilafor.com/,BioPharmGuy
KEY2BRAIN,Biologics,Sweden - Solna,,,,,,https://www.key2brain.com/,BioPharmGuy
ANNEXIN PHARMACEUTICALS,Biologics,Sweden - Stockholm,,,,,,https://annexinpharma.com/,BioPharmGuy
BIOARCTIC,Biologics,Sweden - Stockholm,,,,,,https://www.bioarctic.com/en/,BioPharmGuy
DIAMYD MEDICAL,Biologics,Sweden - Stockholm,,,,,,https://www.diamyd.com/,BioPharmGuy
GUARD THERAPEUTICS,Biologics,Sweden - Stockholm,,,,,,https://guardtherapeutics.com/en/,BioPharmGuy
INFANT BACTERIAL THERAPEUTICS,Biologics,Sweden - Stockholm,,,,,,https://ibtherapeutics.com/,BioPharmGuy
ITB MED,Biologics,Sweden - Stockholm,,,,,,https://itb-med.com/,BioPharmGuy
MODUS THERAPEUTICS,Biologics,Sweden - Stockholm,,,,,,https://www.modustx.com/,BioPharmGuy
OBLIQUE THERAPEUTICS,Biologics,Sweden - Stockholm,,,,,,https://obliquet.com/,BioPharmGuy
OCTAPHARMA,Biologics,Sweden - Stockholm,,,,,,https://www.octapharma.com/,BioPharmGuy
OXION BIOLOGICS,Biologics,Sweden - Stockholm,,,,,,https://www.oxionbio.com/,BioPharmGuy
SWEDISH ORPHAN BIOVITRUM,Biologics,Sweden - Stockholm,,,,,,https://www.sobi.com/en,BioPharmGuy
LIPUM,Biologics,Sweden - Umeå,,,,,,https://lipum.se/,BioPharmGuy
METACURUM BIOTECH,Biologics,Sweden - Umeå,,,,,,https://metacurum.se/,BioPharmGuy
OMNIO,Biologics,Sweden - Umeå,,,,,,https://omnio.se/,BioPharmGuy
AKIRAM THERAPEUTICS,Biologics,Sweden - Uppsala,,,,,,https://akiramtherapeutics.se/,BioPharmGuy
CORLINE BIOMEDICAL,Biologics,Sweden - Uppsala,,,,,,https://www.corline.se/,BioPharmGuy
MESENKIA THERAPEUTICS,Biologics,Sweden - Uppsala,,,,,,https://mesenkia.com/,BioPharmGuy
ALENTIS THERAPEUTICS,Biologics,Switzerland - Allschwil,,,,,,https://alentis.ch/,BioPharmGuy
CYARIS,Biologics,Switzerland - Allschwil,,,,,,https://cyarisbio.com/,BioPharmGuy
INCEPHALO THERAPEUTICS,Biologics,Switzerland - Allschwil,,,,,,https://www.incephalo.com/,BioPharmGuy
ONENA MEDICINES,Biologics,Switzerland - Allschwil,,,,,,https://www.onenameds.com/,BioPharmGuy
ASTRAZENECA,Biologics,Switzerland - Baar,,,,,,https://www.astrazeneca.com/,BioPharmGuy
STALLERGENES GREER,Biologics,Switzerland - Baar,,,,,,https://www.stallergenesgreer.com/,BioPharmGuy
AMYRA BIOTECH,Biologics,Switzerland - Basel,,,,,,https://www.amyra.com/,BioPharmGuy
ANAVEON,Biologics,Switzerland - Basel,,,,,,https://anaveon.com/,BioPharmGuy
BRIGHT PEAK THERAPEUTICS,Biologics,Switzerland - Basel,,,,,,https://brightpeaktx.com/,BioPharmGuy
FERROSA THERAPEUTICS,Biologics,Switzerland - Basel,,,,,,https://ferrosatx.com/,BioPharmGuy
GRANITE BIO,Biologics,Switzerland - Basel,,,,,,https://www.granitebio.com/,BioPharmGuy
NBE-THERAPEUTICS,Biologics,Switzerland - Basel,,,,,,https://nbe-therapeutics.com/,BioPharmGuy
NOVARTIS,Biologics,Switzerland - Basel,,,,,,https://www.novartis.com/,BioPharmGuy
OXFORD BIOTHERAPEUTICS,Biologics,Switzerland - Basel,,,,,,https://www.oxfordbiotherapeutics.com/,BioPharmGuy
SIXPEAKS BIO,Biologics,Switzerland - Basel,,,,,,https://sixpeaksbio.com/,BioPharmGuy
SWEDISH ORPHAN BIOVITRUM,Biologics,Switzerland - Basel,,,,,,https://www.sobi.com/en,BioPharmGuy
TECREGEN,Biologics,Switzerland - Basel,,,,,,https://www.tecregen.com/,BioPharmGuy
VAXIMM,Biologics,Switzerland - Basel,,,,,,https://vaximm.com/,BioPharmGuy
WINDWARD BIO,Biologics,Switzerland - Basel,,,,,,https://windwardbio.com/,BioPharmGuy
YMMUNOBIO,Biologics,Switzerland - Basel,,,,,,https://ymmunobio.com/,BioPharmGuy
VIR BIOTECHNOLOGY,Biologics,Switzerland - Bellinzona,,,,,,https://www.vir.bio/,BioPharmGuy
UCB PHARMA,Biologics,Switzerland - Bulle,,,,,,https://www.ucb.com/,BioPharmGuy
ADC THERAPEUTICS,Biologics,Switzerland - Epalinges,,,,,,https://www.adctherapeutics.com/,BioPharmGuy
COMBIOXIN,Biologics,Switzerland - Epalinges,,,,,,https://www.combioxin.com/,BioPharmGuy
PILATUS BIOSCIENCES,Biologics,Switzerland - Epalinges,,,,,,https://www.pilatusbio.com/,BioPharmGuy
VOLUMINA MEDICAL,Biologics,Switzerland - Epalinges,,,,,,https://www.volumina-medical.ch/,BioPharmGuy
IONCTURA,Biologics,Switzerland - Geneva,,,,,,https://www.ionctura.com/,BioPharmGuy
LIGHT CHAIN BIOSCIENCE,Biologics,Switzerland - Geneva,,,,,,https://www.lightchainbio.com/,BioPharmGuy
MINDMAZE THERAPEUTICS,Biologics,Switzerland - Geneva,,,,,,https://mindmazetherapeutics.com/,BioPharmGuy
ORION BIOTECHNOLOGY,Biologics,Switzerland - Geneva,,,,,,https://orionbiotechnology.com/,BioPharmGuy
TELIX PHARMACEUTICALS,Biologics,Switzerland - Geneva,,,,,,https://telixpharma.com/,BioPharmGuy
NUMAB INNOVATION,Biologics,Switzerland - Horgen,,,,,,https://www.numab.com/,BioPharmGuy
NUMAB THERAPEUTICS,Biologics,Switzerland - Horgen,,,,,,https://www.numab.com/,BioPharmGuy
NOBEL BIOCARE,Biologics,Switzerland - Kloten,,,,,,https://store.nobelbiocare.com/us/en/,BioPharmGuy
AB2 BIO,Biologics,Switzerland - Lausanne,,,,,,http://www.ab2bio.com/en/home.8.html,BioPharmGuy
AC IMMUNE,Biologics,Switzerland - Lausanne,,,,,,https://www.acimmune.com/,BioPharmGuy
DEBIOPHARM,Biologics,Switzerland - Lausanne,,,,,,https://www.debiopharm.com/,BioPharmGuy
ADIENNE PHARMA AND BIOTECH,Biologics,Switzerland - Lugano,,,,,,https://www.adienne.com/en/,BioPharmGuy
MABXIENCE,Biologics,Switzerland - Lugano,,,,,,https://mabxience.com/,BioPharmGuy
OM PHARMA,Biologics,Switzerland - Meyrin,,,,,,https://www.ompharma.com/home,BioPharmGuy
LAMKAP BIO,Biologics,Switzerland - Pfäffikon,,,,,,https://www.lamkapbio.com/,BioPharmGuy
ABOLOGIX,Biologics,Switzerland - Plan-Les-Ouates,,,,,,https://www.abologix.com/,BioPharmGuy
ANTION BIOSCIENCES,Biologics,Switzerland - Plan-Les-Ouates,,,,,,https://antionbio.com/,BioPharmGuy
NEOVII BIOTECH,Biologics,Switzerland - Rapperswil,,,,,,https://neovii.com/,BioPharmGuy
GEISTLICH PHARMA,Biologics,Switzerland - Root,,,,,,https://www.geistlich.com/,BioPharmGuy
AMGEN,Biologics,Switzerland - Rotkreuz,,,,,,https://www.amgen.com/,BioPharmGuy
HISTIDE,Biologics,Switzerland - Schindellegi,,,,,,https://www.histide.com/,BioPharmGuy
CUTISS,Biologics,Switzerland - Schlieren,,,,,,https://cutiss.swiss/,BioPharmGuy
IMMUNOS THERAPEUTICS,Biologics,Switzerland - Schlieren,,,,,,https://www.immunostherapeutics.com/,BioPharmGuy
INCEPHALO THERAPEUTICS,Biologics,Switzerland - Schlieren,,,,,,https://www.incephalo.com/,BioPharmGuy
INTERAX BIOTECH,Biologics,Switzerland - Schlieren,,,,,,https://interaxbiotech.com/,BioPharmGuy
MABYLON,Biologics,Switzerland - Schlieren,,,,,,https://www.mabylon.com/,BioPharmGuy
MEMO THERAPEUTICS,Biologics,Switzerland - Schlieren,,,,,,https://memo-therapeutics.com/,BioPharmGuy
NEURIMMUNE,Biologics,Switzerland - Schlieren,,,,,,https://neurimmune.com/,BioPharmGuy
FERRING PHARMACEUTICALS,Biologics,Switzerland - St. Prex,,,,,,https://ferringusa.com/?lang=en,BioPharmGuy
HEMOSTOD,Biologics,Switzerland - St. Sulpice,,,,,,https://www.hemostod.com/,BioPharmGuy
ARARIS BIOTECH,Biologics,Switzerland - Wädenswil,,,,,,https://www.ararisbiotech.com/,BioPharmGuy
GEISTLICH PHARMA,Biologics,Switzerland - Wolhusen,,,,,,https://www.geistlich.com/,BioPharmGuy
CRISPR THERAPEUTICS,Biologics,Switzerland - Zug,,,,,,https://crisprtx.com/,BioPharmGuy
MOONLAKE IMMUNOTHERAPEUTICS,Biologics,Switzerland - Zug,,,,,,https://moonlaketx.com/,BioPharmGuy
CDR-LIFE,Biologics,Switzerland - Zurich,,,,,,https://www.cdr-life.com/,BioPharmGuy
CELLVIE,Biologics,Switzerland - Zurich,,,,,,https://cellvie.bio/,BioPharmGuy
EVLABIO,Biologics,Switzerland - Zurich,,,,,,https://www.evlabio.com/,BioPharmGuy
LINKSTER THERAPEUTICS,Biologics,Switzerland - Zurich,,,,,,https://linkstertx.com/,BioPharmGuy
MOLECULAR PARTNERS,Biologics,Switzerland - Zurich,,,,,,https://www.molecularpartners.com/,BioPharmGuy
NOVAGO THERAPEUTICS,Biologics,Switzerland - Zurich,,,,,,https://www.novagotherapeutics.com/,BioPharmGuy
UNITED BIOPHARMA,Biologics,Taiwan - Hsinchu,,,,,,http://ubptaiwan.com/,BioPharmGuy
PRECISEMAB BIOTECH,Biologics,Taiwan - Kaohsiung City,,,,,,https://precisemab.com.tw/,BioPharmGuy
PHARMAESSENTIA,Biologics,Taiwan - Taichung,,,,,,https://www.pharmaessentia.com/,BioPharmGuy
ALTRUBIO,Biologics,Taiwan - Taipei,,,,,,https://www.altrubio.com/altrubio/en,BioPharmGuy
AP BIOSCIENCES,Biologics,Taiwan - Taipei,,,,,,https://www.apbioinc.com/en/about.htm,BioPharmGuy
BRIM BIOTECHNOLOGY,Biologics,Taiwan - Taipei,,,,,,https://www.brimbiotech.com/,BioPharmGuy
ELIXIRON IMMUNOTHERAPEUTICS,Biologics,Taiwan - Taipei,,,,,,https://elixiron.com/,BioPharmGuy
EUSOL BIOTECH,Biologics,Taiwan - Taipei,,,,,,https://en.eusol-biotech.com/,BioPharmGuy
HUNILIFE,Biologics,Taiwan - Taipei,,,,,,https://www.hunilife.com/en,BioPharmGuy
IMMUNWORK,Biologics,Taiwan - Taipei,,,,,,https://www.immunwork.com/,BioPharmGuy
MEDIGEN (2),Biologics,Taiwan - Taipei,,,,,,https://www.medigen.com.tw/en/,BioPharmGuy
MEDIGEN VACCINE BIOLOGICS,Biologics,Taiwan - Taipei,,,,,,https://www.medigenvac.com/,BioPharmGuy
OBI PHARMA,Biologics,Taiwan - Taipei,,,,,,https://www.obipharma.com/,BioPharmGuy
PHARMAESSENTIA,Biologics,Taiwan - Taipei,,,,,,https://www.pharmaessentia.com/,BioPharmGuy
TAIMED BIOLOGICS,Biologics,Taiwan - Taipei,,,,,,https://www.taimedbiologics.com/,BioPharmGuy
TAIRX,Biologics,Taiwan - Taipei,,,,,,https://www.trx.com.tw/en/,BioPharmGuy
ACADEMAB BIOMEDICAL,Biologics,Taiwan - Taipei City,,,,,,https://www.academab.com/en/,BioPharmGuy
ASCENDO BIOTECHNOLOGY,Biologics,Taiwan - Taipei City,,,,,,https://www.ascendobiotech.com/,BioPharmGuy
HANCHORBIO,Biologics,Taiwan - Taipei City,,,,,,https://www.hanchorbio.com/,BioPharmGuy
ONENESS BIOTECH,Biologics,Taiwan - Taipei City,,,,,,https://onenessbio.com/en/%e9%a6%96%e9%a0%81%e8%8b%b1/,BioPharmGuy
SUPERCELL BIOTECHNOLOGY,Biologics,Taiwan - Taipei City,,,,,,https://supercell-biotech.com/,BioPharmGuy
BIONET ASIA,Biologics,Thailand - Bangkok,,,,,,https://bionet.one/,BioPharmGuy
SEED BIOTECH,Biologics,Tn - Chattanooga,,,,,,https://www.seedbiotech.com/,BioPharmGuy
LYNCH BIOLOGICS,Biologics,Tn - Franklin,,,,,,https://www.lynchbiologics.com/,BioPharmGuy
NELLONE THERAPEUTICS,Biologics,Tn - Knoxville,,,,,,https://nell-one.com/,BioPharmGuy
IMMUNO TECHNOLOGIES,Biologics,Tn - Memphis,,,,,,https://immunotechnologies.com/,BioPharmGuy
IDBIOLOGICS,Biologics,Tn - Nashville,,,,,,https://idbiologics.com/,BioPharmGuy
STABILITY BIOLOGICS,Biologics,Tn - Nashville,,,,,,https://www.stabilitybio.com/,BioPharmGuy
INPHARMUS,Biologics,Turkey - Istanbul,,,,,,https://www.inpharmus.com/,BioPharmGuy
NEOVII BIOTECH,Biologics,Turkey - Istanbul,,,,,,https://neovii.com/,BioPharmGuy
TELIX PHARMACEUTICALS,Biologics,Tx - Angleton,,,,,,https://telixpharma.com/,BioPharmGuy
DIRECT BIOLOGICS,Biologics,Tx - Austin,,,,,,https://www.directbiologics.com/,BioPharmGuy
OLLIN BIOSCIENCES,Biologics,Tx - Austin,,,,,,https://ollin.bio/,BioPharmGuy
REIN THERAPEUTICS,Biologics,Tx - Austin,,,,,,https://www.reintx.com/,BioPharmGuy
STAMFORD PHARMACEUTICALS,Biologics,Tx - Austin,,,,,,https://stamfordpharmaceuticals.com/,BioPharmGuy
XBIOTECH,Biologics,Tx - Austin,,,,,,https://www.xbiotech.com/,BioPharmGuy
GRADALIS,Biologics,Tx - Carrollton,,,,,,https://www.gradalisinc.com/,BioPharmGuy
BONE SOLUTIONS,Biologics,Tx - Colleyville,,,,,,https://www.bonesolutions.net/,BioPharmGuy
FORTE BIOSCIENCES,Biologics,Tx - Dallas,,,,,,https://www.fortebiorx.com,BioPharmGuy
GENRAB,Biologics,Tx - Dallas,,,,,,https://genrab.com/,BioPharmGuy
VENTURIS THERAPEUTICS,Biologics,Tx - Dallas,,,,,,https://www.venturistherapeutics.com/,BioPharmGuy
AAKHA BIOLOGICS,Biologics,Tx - Frisco,,,,,,https://www.aakha.bio/,BioPharmGuy
ABBC THERAPIES,Biologics,Tx - Houston,,,,,,https://www.abbctherapies.com/,BioPharmGuy
ALLTERUM THERAPEUTICS,Biologics,Tx - Houston,,,,,,https://allterum.com/,BioPharmGuy
ANIMATUS BIOSCIENCES,Biologics,Tx - Houston,,,,,,https://www.animatusbiosciences.com/,BioPharmGuy
AUTOIMMUNITY BIOSOLUTIONS,Biologics,Tx - Houston,,,,,,https://www.abstherapeutics.com/,BioPharmGuy
BECTAS THERAPEUTICS,Biologics,Tx - Houston,,,,,,https://bectastx.com/,BioPharmGuy
CROSSBRIDGE BIO,Biologics,Tx - Houston,,,,,,https://crossbridgebio.com/,BioPharmGuy
MARCH BIOSCIENCES,Biologics,Tx - Houston,,,,,,https://march.bio/,BioPharmGuy
MEMGEN,Biologics,Tx - Houston,,,,,,https://www.memgenbio.com/,BioPharmGuy
PRANAX,Biologics,Tx - Houston,,,,,,https://www.pranax.com/,BioPharmGuy
SALARIUS PHARMACEUTICALS,Biologics,Tx - Houston,,,,,,https://salariuspharma.com/,BioPharmGuy
SARCOMED USA,Biologics,Tx - Houston,,,,,,https://sarcomedusa.com/,BioPharmGuy
SENTINEL BIOTHERAPEUTICS,Biologics,Tx - Houston,,,,,,https://sentinelbiotx.com/,BioPharmGuy
STREAM BIOMEDICAL,Biologics,Tx - Houston,,,,,,https://streambiomedical.com/,BioPharmGuy
TACHYON THERAPEUTICS,Biologics,Tx - Houston,,,,,,https://tachyontx.com/,BioPharmGuy
WNTRIX,Biologics,Tx - Houston,,,,,,https://www.wntrix.com/,BioPharmGuy
ZZ BIOTECH,Biologics,Tx - Houston,,,,,,https://zzbiotech.com/,BioPharmGuy
ARUGULA SCIENCES,Biologics,Tx - Irving,,,,,,https://www.arugulasciences.com/,BioPharmGuy
CELLBIOS HEALTHCARE & LIFESCIENCES,Biologics,Tx - Mckinney,,,,,,https://cellbios.com/,BioPharmGuy
BIMINI HEALTH TECH,Biologics,Tx - Plano,,,,,,https://www.biminihealthtech.com/,BioPharmGuy
BONE BANK ALLOGRAFTS,Biologics,Tx - San Antonio,,,,,,https://www.bonebank.com/,BioPharmGuy
NOVOTHELIUM,Biologics,Tx - San Antonio,,,,,,https://www.novothelium.com/,BioPharmGuy
GREENWICH LIFESCIENCES,Biologics,Tx - Stafford,,,,,,https://greenwichlifesciences.com/,BioPharmGuy
LEXICON PHARMACEUTICALS,Biologics,Tx - The Woodlands,,,,,,https://www.lexpharma.com/,BioPharmGuy
TISSUE REGENIX,Biologics,Tx - Universal City,,,,,,https://www.tissueregenix.com/,BioPharmGuy
ABBVIE,Biologics,Tx - Waco,,,,,,https://www.abbviecontractmfg.com/,BioPharmGuy
FRONTIER BIOLOGICS,Biologics,Tx - Waco,,,,,,https://frontierbiologics.com/,BioPharmGuy
ADNEXUS,Biologics,Tx - Zz,,,,,,https://www.adnexusbiotech.com/,BioPharmGuy
AOP ORPHAN DISEASES,Biologics,Uae - Dubai,,,,,,https://www.aop-health.com/global_en,BioPharmGuy
JULPHAR,Biologics,Uae - Ras Al Khaimah,,,,,,https://www.julphar.net/en/,BioPharmGuy
ELASMOGEN,Biologics,Uk - Aberdeen,,,,,,https://elasmogen.com/,BioPharmGuy
ADAPTIMMUNE THERAPEUTICS,Biologics,Uk - Abingdon,,,,,,https://www.adaptimmune.com/,BioPharmGuy
IMMUNOCORE,Biologics,Uk - Abingdon,,,,,,https://www.immunocore.com/,BioPharmGuy
REPLIMUNE,Biologics,Uk - Abingdon,,,,,,https://www.replimune.com/,BioPharmGuy
INFEX THERAPEUTICS,Biologics,Uk - Alderley,,,,,,https://www.infextx.com/,BioPharmGuy
GSK,Biologics,Uk - Barnard Castle,,,,,,https://www.gsk.com/en-gb/,BioPharmGuy
ELI LILLY,Biologics,Uk - Basingstoke,,,,,,https://www.lilly.com/,BioPharmGuy
AOP ORPHAN DISEASES,Biologics,Uk - Birmingham,,,,,,https://www.aop-health.com/global_en,BioPharmGuy
GSK,Biologics,Uk - Brentford,,,,,,https://www.gsk.com/en-gb/,BioPharmGuy
APOLLO THERAPEUTICS,Biologics,Uk - Cambridge,,,,,,https://www.apollotx.com/,BioPharmGuy
ASTRAZENECA,Biologics,Uk - Cambridge,,,,,,https://www.astrazeneca.com/,BioPharmGuy
ATHERNAL BIO,Biologics,Uk - Cambridge,,,,,,https://www.athernalbio.com/,BioPharmGuy
CRESCENDO BIOLOGICS,Biologics,Uk - Cambridge,,,,,,https://www.crescendobiologics.com/,BioPharmGuy
EPITOPEA,Biologics,Uk - Cambridge,,,,,,https://www.epitopea.com/,BioPharmGuy
GEN2 NEUROSCIENCE,Biologics,Uk - Cambridge,,,,,,https://www.gen2neuro.com/,BioPharmGuy
IMMUTRIN,Biologics,Uk - Cambridge,,,,,,https://www.immutrin.com/,BioPharmGuy
MAXION THERAPEUTICS,Biologics,Uk - Cambridge,,,,,,https://www.maxiontherapeutics.com/,BioPharmGuy
MESTAG THERAPEUTICS,Biologics,Uk - Cambridge,,,,,,https://www.mestagtherapeutics.com/,BioPharmGuy
PHOREMOST,Biologics,Uk - Cambridge,,,,,,https://www.phoremost.com/,BioPharmGuy
REVOLO BIOTHERAPEUTICS,Biologics,Uk - Cambridge,,,,,,https://revolobio.com/,BioPharmGuy
SORTERA BIO,Biologics,Uk - Cambridge,,,,,,https://sortera.bio/,BioPharmGuy
BIVICTRIX THERAPEUTICS,Biologics,Uk - Cheshire,,,,,,https://bivictrix.com/,BioPharmGuy
ATEN THERAPEUTICS,Biologics,Uk - Edinburgh,,,,,,https://www.atentherapeutics.com/,BioPharmGuy
MACOMICS,Biologics,Uk - Edinburgh,,,,,,https://macomics.com/,BioPharmGuy
MEDANNEX,Biologics,Uk - Edinburgh,,,,,,https://medannex.org/,BioPharmGuy
GLEN CLOVA SCIENTIFIC,Biologics,Uk - Glasgow,,,,,,https://www.glenclovascientific.com/,BioPharmGuy
GLOX THERAPEUTICS,Biologics,Uk - Glasgow,,,,,,https://gloxtherapeutics.com/,BioPharmGuy
GSK,Biologics,Uk - Harlow,,,,,,https://www.gsk.com/en-gb/,BioPharmGuy
PHEON THERAPEUTICS,Biologics,Uk - Harpenden,,,,,,https://pheontx.com/,BioPharmGuy
SPIREA,Biologics,Uk - Harrogate,,,,,,https://spirea.co.uk/,BioPharmGuy
OSSIANIX,Biologics,Uk - Hertfordshire,,,,,,https://www.ossianix.co.uk/,BioPharmGuy
LEVICEPT,Biologics,Uk - Kent,,,,,,https://levicept.com/,BioPharmGuy
OTTIMO PHARMA,Biologics,Uk - Kent,,,,,,https://ottimopharma.com/,BioPharmGuy
TISSUE REGENIX,Biologics,Uk - Leeds,,,,,,https://www.tissueregenix.com/,BioPharmGuy
VIDEREGEN,Biologics,Uk - Leeds,,,,,,https://www.videregen.com/,BioPharmGuy
THORNTON & ROSS,Biologics,Uk - Linthwaite,,,,,,https://www.thorntonross.com/,BioPharmGuy
ASTRAZENECA,Biologics,Uk - Liverpool,,,,,,https://www.astrazeneca.com/,BioPharmGuy
INTELLIHEP,Biologics,Uk - Liverpool,,,,,,http://www.intellihep.com/,BioPharmGuy
VALNEVA,Biologics,Uk - Livingston,,,,,,https://valneva.com/,BioPharmGuy
4C BIOMED,Biologics,Uk - London,,,,,,https://4cbiomed.com/,BioPharmGuy
ALCHEMAB THERAPEUTICS,Biologics,Uk - London,,,,,,https://www.alchemab.com/,BioPharmGuy
AVACTA GROUP,Biologics,Uk - London,,,,,,https://avacta.com/,BioPharmGuy
BIOMARIN PHARMACEUTICAL,Biologics,Uk - London,,,,,,https://www.biomarin.com/,BioPharmGuy
BIOTHERAPY SERVICES,Biologics,Uk - London,,,,,,https://biotherapyservices.com/,BioPharmGuy
CELEX ONCOLOGY,Biologics,Uk - London,,,,,,https://www.celexoncology.com/,BioPharmGuy
COILED THERAPEUTICS,Biologics,Uk - London,,,,,,https://coiledplc.com/,BioPharmGuy
COMPLEMENT THERAPEUTICS,Biologics,Uk - London,,,,,,https://complementtx.com/,BioPharmGuy
CYTOSPIRE THERAPEUTICS,Biologics,Uk - London,,,,,,https://www.cytospire.com/,BioPharmGuy
EPSILOGEN,Biologics,Uk - London,,,,,,https://epsilogen.com/,BioPharmGuy
FORCEFIELD THERAPEUTICS,Biologics,Uk - London,,,,,,https://forcefieldtx.com/,BioPharmGuy
HEMOGENYX PHARMACEUTICALS,Biologics,Uk - London,,,,,,https://hemogenyx.com/,BioPharmGuy
KITE PHARMA,Biologics,Uk - London,,,,,,https://www.kitepharma.com/,BioPharmGuy
MAB DESIGNS,Biologics,Uk - London,,,,,,https://mabdesigns.co.uk/,BioPharmGuy
MYRICX BIO,Biologics,Uk - London,,,,,,https://myricxbio.com/,BioPharmGuy
PAPYRUS THERAPEUTICS,Biologics,Uk - London,,,,,,https://papyrustherapeutics.com/,BioPharmGuy
RQ BIOTECHNOLOGY,Biologics,Uk - London,,,,,,https://www.rqbiotechnology.com/,BioPharmGuy
SANIA THERAPEUTICS,Biologics,Uk - London,,,,,,https://www.saniarx.com/,BioPharmGuy
SILENCE THERAPEUTICS,Biologics,Uk - London,,,,,,https://www.silence-therapeutics.com/home/default.aspx,BioPharmGuy
TAUC3 BIOLOGICS,Biologics,Uk - London,,,,,,https://tauc3bio.com/,BioPharmGuy
TIZIANA LIFE SCIENCES,Biologics,Uk - London,,,,,,https://www.tizianalifesciences.com/,BioPharmGuy
TRIO MEDICINES,Biologics,Uk - London,,,,,,https://www.triomedicines.com/,BioPharmGuy
UCB PHARMA,Biologics,Uk - London,,,,,,https://www.ucb.com/,BioPharmGuy
VASGEN,Biologics,Uk - London,,,,,,https://vasgen.co.uk/,BioPharmGuy
ASTRAZENECA,Biologics,Uk - Macclesfield,,,,,,https://www.astrazeneca.com/,BioPharmGuy
CENOBIOLOGICS,Biologics,Uk - Milton Keynes,,,,,,https://cenobiologics.co.uk/,BioPharmGuy
GSK,Biologics,Uk - Montrose,,,,,,https://www.gsk.com/en-gb/,BioPharmGuy
IKSUDA THERAPEUTICS,Biologics,Uk - Newcastle,,,,,,https://www.iksuda.com/,BioPharmGuy
NOVALGEN,Biologics,Uk - Northwood Hills,,,,,,https://novalgen.com/,BioPharmGuy
ISOMAB,Biologics,Uk - Nottingham,,,,,,https://isomab.bio/,BioPharmGuy
DJS ANTIBODIES,Biologics,Uk - Oxford,,,,,,https://www.djsantibodies.com/,BioPharmGuy
ENARA BIO,Biologics,Uk - Oxford,,,,,,https://enarabio.com/,BioPharmGuy
MEDIMABBIO,Biologics,Uk - Oxford,,,,,,https://medimabbio.com/,BioPharmGuy
NUCLEOME THERAPEUTICS,Biologics,Uk - Oxford,,,,,,https://nucleome.com/,BioPharmGuy
OXFORD BIOTHERAPEUTICS,Biologics,Uk - Oxford,,,,,,https://www.oxfordbiotherapeutics.com/,BioPharmGuy
SYNOX THERAPEUTICS,Biologics,Uk - Oxford,,,,,,https://synoxtherapeutics.com/,BioPharmGuy
T-CYPHER BIO,Biologics,Uk - Oxford,,,,,,https://tcypherbio.com/,BioPharmGuy
YELLOWSTONE BIOSCIENCES,Biologics,Uk - Oxford,,,,,,https://yellowstonebio.com/,BioPharmGuy
ALETHIO THERAPEUTICS,Biologics,Uk - Oxfordshire,,,,,,https://alethiotherapeutics.com/,BioPharmGuy
ETCEMBLY,Biologics,Uk - Oxfordshire,,,,,,https://www.etcembly.io/,BioPharmGuy
FAST BIOPHARMA,Biologics,Uk - Oxfordshire,,,,,,https://fastbiopharma.com/,BioPharmGuy
JUVENESCENCE,Biologics,Uk - Ramsey,,,,,,https://juvlabs.com/,BioPharmGuy
EMSTOPA,Biologics,Uk - Sandwich,,,,,,https://emstopa.com/,BioPharmGuy
UCB-CELLTECH,Biologics,Uk - Slough,,,,,,https://www.ucb.com/,BioPharmGuy
SYNAIRGEN,Biologics,Uk - Southampton,,,,,,https://www.synairgen.com/,BioPharmGuy
GSK,Biologics,Uk - Stevenage,,,,,,https://www.gsk.com/en-gb/,BioPharmGuy
GSK,Biologics,Uk - Weybridge,,,,,,https://www.gsk.com/en-gb/,BioPharmGuy
GSK,Biologics,Uk - Worthing,,,,,,https://www.gsk.com/en-gb/,BioPharmGuy
IPSEN,Biologics,Uk - Wrexham,,,,,,https://www.ipsen.com/,BioPharmGuy
CANTAI THERAPEUTICS,Biologics,Us - Virtual,,,,,,https://cantaitx.com/,BioPharmGuy
GLYCOMIRA,Biologics,Ut - Salt Lake City,,,,,,https://www.glycomira.com/,BioPharmGuy
KOLOSIS BIO,Biologics,Ut - Salt Lake City,,,,,,https://kolosis.com/,BioPharmGuy
PEEL THERAPEUTICS,Biologics,Ut - Salt Lake City,,,,,,https://peeltx.com/,BioPharmGuy
TIKKUNLEV THERAPEUTICS,Biologics,Ut - Salt Lake City,,,,,,https://www.tikkunlev.com/,BioPharmGuy
SORRISO PHARMACEUTICALS,Biologics,Ut - Sandy,,,,,,https://sorrisopharma.com/,BioPharmGuy
ACUMEN PHARMACEUTICALS,Biologics,Va - Charlottesville,,,,,,https://acumenpharm.com/,BioPharmGuy
MERCK,Biologics,Va - Elkton,,,,,,https://www.merck.com/,BioPharmGuy
CEL-SCI,Biologics,Va - Vienna,,,,,,https://cel-sci.com/,BioPharmGuy
ALGOK BIO,Biologics,Wa - Bellevue,,,,,,https://algokbio.com/,BioPharmGuy
IMMUNOME,Biologics,Wa - Bothell,,,,,,https://immunome.com/,BioPharmGuy
PFIZER,Biologics,Wa - Bothell,,,,,,https://www.pfizer.com/,BioPharmGuy
SOUND BIOLOGICS,Biologics,Wa - Bothell,,,,,,https://www.soundbiologics.com/,BioPharmGuy
PARTNER THERAPEUTICS,Biologics,Wa - Lynnwood,,,,,,https://www.partnertx.com/,BioPharmGuy
SYSTIMMUNE,Biologics,Wa - Redmond,,,,,,https://systimmune.com/,BioPharmGuy
ABACUS BIOSCIENCE,Biologics,Wa - Seattle,,,,,,https://abacusbioscience.com/,BioPharmGuy
ACCIPITER BIOSCIENCES,Biologics,Wa - Seattle,,,,,,https://accipiterbio.com/,BioPharmGuy
APTEVO THERAPEUTICS,Biologics,Wa - Seattle,,,,,,https://aptevotherapeutics.com/,BioPharmGuy
ARCHON BIOSCIENCES,Biologics,Wa - Seattle,,,,,,https://www.archon.bio/,BioPharmGuy
AURION BIOTECH,Biologics,Wa - Seattle,,,,,,https://aurionbiotech.com/,BioPharmGuy
BONUM THERAPEUTICS,Biologics,Wa - Seattle,,,,,,https://bonumtx.com/,BioPharmGuy
BRISTOL MYERS SQUIBB,Biologics,Wa - Seattle,,,,,,https://www.bms.com/,BioPharmGuy
CALLIO THERAPEUTICS,Biologics,Wa - Seattle,,,,,,https://calliotx.com/,BioPharmGuy
CYRUS BIOTECHNOLOGY,Biologics,Wa - Seattle,,,,,,https://cyrusbio.com/,BioPharmGuy
ICOGENEX,Biologics,Wa - Seattle,,,,,,http://www.icogenex.com,BioPharmGuy
INDUPRO,Biologics,Wa - Seattle,,,,,,https://www.induprotx.com/,BioPharmGuy
LUMEN BIOSCIENCE,Biologics,Wa - Seattle,,,,,,https://www.lumen.bio/,BioPharmGuy
NOVO NORDISK,Biologics,Wa - Seattle,,,,,,https://www.novonordisk.com/,BioPharmGuy
ONCORESPONSE,Biologics,Wa - Seattle,,,,,,https://oncoresponse.com/,BioPharmGuy
RXMP THERAPEUTICS,Biologics,Wa - Seattle,,,,,,https://www.rxmpt.com/,BioPharmGuy
THERIPION,Biologics,Wa - Seattle,,,,,,https://theripion.com/,BioPharmGuy
UCB PHARMA,Biologics,Wa - Seattle,,,,,,https://www.ucb.com/,BioPharmGuy
VILYA,Biologics,Wa - Seattle,,,,,,https://vilyatx.com/,BioPharmGuy
ZIPBIO,Biologics,Wa - Seattle,,,,,,https://www.ziptx.bio/,BioPharmGuy
CYTODYN,Biologics,Wa - Vancouver,,,,,,https://www.cytodyn.com/,BioPharmGuy
ATTERX BIOTHERAPEUTICS,Biologics,Wi - Madison,,,,,,https://www.atterx.com/,BioPharmGuy
CENTROSE,Biologics,Wi - Madison,,,,,,https://www.centrosepharma.com/,BioPharmGuy
INVENRA,Biologics,Wi - Madison,,,,,,https://invenra.com/,BioPharmGuy
RADAR THERAPEUTICS,"RNA, Peptide & Gene Therapy",-,,,,,,https://www.radartx.bio/,BioPharmGuy
PROVIDENCE THERAPEUTICS,"RNA, Peptide & Gene Therapy",Ab - Calgary,,,,,,https://providencetherapeutics.com/,BioPharmGuy
AMYTRX THERAPEUTICS,"RNA, Peptide & Gene Therapy",Al - Birmingham,,,,,,https://www.amytrx.com/,BioPharmGuy
PROTAGONIST THERAPEUTICS,"RNA, Peptide & Gene Therapy",Australia - Brisbane,,,,,,https://www.protagonist-inc.com/,BioPharmGuy
NEUROSCIENTIFIC BIOPHARMACEUTICALS,"RNA, Peptide & Gene Therapy",Australia - Cottesloe,,,,,,https://www.neuroscientific.com/,BioPharmGuy
APELLIS PHARMACEUTICALS,"RNA, Peptide & Gene Therapy",Australia - Hawthorn East,,,,,,https://apellis.com/,BioPharmGuy
INTERK PEPTIDE THERAPEUTICS,"RNA, Peptide & Gene Therapy",Australia - Lane Cove West,,,,,,https://interk.com.au/,BioPharmGuy
LATERAL PHARMA,"RNA, Peptide & Gene Therapy",Australia - Melbourne,,,,,,https://lateral-pharma.com/,BioPharmGuy
MODERNA THERAPEUTICS,"RNA, Peptide & Gene Therapy",Australia - Melbourne,,,,,,https://www.modernatx.com/en-US?,BioPharmGuy
PYC THERAPEUTICS,"RNA, Peptide & Gene Therapy",Australia - Nedlands,,,,,,https://pyctx.com/,BioPharmGuy
CELOSIA THERAPEUTICS,"RNA, Peptide & Gene Therapy",Australia - Sydney,,,,,,https://celosiatx.com/,BioPharmGuy
APEPTICO,"RNA, Peptide & Gene Therapy",Austria - Vienna,,,,,,http://www.apeptico.com/,BioPharmGuy
CERIA THERAPEUTICS,"RNA, Peptide & Gene Therapy",Az - Tucson,,,,,,https://ceriatherapeutics.com/,BioPharmGuy
BOREALIS BIOSCIENCES,"RNA, Peptide & Gene Therapy",Bc - Vancouver,,,,,,https://www.borealisbio.com/,BioPharmGuy
NERVGEN PHARMA,"RNA, Peptide & Gene Therapy",Bc - Vancouver,,,,,,https://nervgen.com/,BioPharmGuy
GENFLOW BIOSCIENCES,"RNA, Peptide & Gene Therapy",Belgium - Charleroi,,,,,,https://genflowbio.com/,BioPharmGuy
REJUVENATE BIOMED,"RNA, Peptide & Gene Therapy",Belgium - Diepenbeek,,,,,,https://www.rejuvenatebiomed.com/en,BioPharmGuy
EPICS THERAPEUTICS,"RNA, Peptide & Gene Therapy",Belgium - Gosselies,,,,,,https://www.epicstherapeutics.com/,BioPharmGuy
ZIPHIUS VACCINES,"RNA, Peptide & Gene Therapy",Belgium - Merelbeke,,,,,,https://ziphius.org/,BioPharmGuy
ALTAMIRA THERAPEUTICS,"RNA, Peptide & Gene Therapy",Bermuda - Hamilton,,,,,,https://altamiratherapeutics.com/,BioPharmGuy
BIOMONADIC,"RNA, Peptide & Gene Therapy",Ca - Berkeley,,,,,,https://www.biomonadic.ai/,BioPharmGuy
RAY THERAPEUTICS,"RNA, Peptide & Gene Therapy",Ca - Berkeley,,,,,,https://raytherapeutics.com/,BioPharmGuy
REGEL THERAPEUTICS,"RNA, Peptide & Gene Therapy",Ca - Berkeley,,,,,,https://regeltherapeutics.com/,BioPharmGuy
BREEZEBIO,"RNA, Peptide & Gene Therapy",Ca - Brisbane,,,,,,https://breezebio.com/,BioPharmGuy
MAMMOTH BIOSCIENCES,"RNA, Peptide & Gene Therapy",Ca - Brisbane,,,,,,https://mammoth.bio/,BioPharmGuy
IONIS PHARMACEUTICALS,"RNA, Peptide & Gene Therapy",Ca - Carlsbad,,,,,,https://ionis.com/,BioPharmGuy
RENOVA THERAPEUTICS,"RNA, Peptide & Gene Therapy",Ca - Carlsbad,,,,,,https://renovatherapeutics.com/,BioPharmGuy
NEUROQURE,"RNA, Peptide & Gene Therapy",Ca - Dana Point,,,,,,https://www.neuroqure.com/,BioPharmGuy
PHYLEX BIOSCIENCES,"RNA, Peptide & Gene Therapy",Ca - Del Mar,,,,,,http://www.phylexbio.com/,BioPharmGuy
4D MOLECULAR THERAPEUTICS,"RNA, Peptide & Gene Therapy",Ca - Emeryville,,,,,,https://4dmoleculartherapeutics.com/,BioPharmGuy
DYNAVAX TECHNOLOGIES,"RNA, Peptide & Gene Therapy",Ca - Emeryville,,,,,,https://www.dynavax.com/,BioPharmGuy
ELPIDA THERAPEUTICS,"RNA, Peptide & Gene Therapy",Ca - Encino,,,,,,https://www.elpidatx.com/team,BioPharmGuy
ORTHOTROPHIX,"RNA, Peptide & Gene Therapy",Ca - Foster City,,,,,,https://www.orthotrophix.com/,BioPharmGuy
BENITEC BIOPHARMA,"RNA, Peptide & Gene Therapy",Ca - Hayward,,,,,,https://www.benitec.com/,BioPharmGuy
MATRIX BIOMED,"RNA, Peptide & Gene Therapy",Ca - Irvine,,,,,,http://matrixbiomed.com/,BioPharmGuy
NURAVAX,"RNA, Peptide & Gene Therapy",Ca - Irvine,,,,,,https://www.nuravax.com/,BioPharmGuy
SERAGON BIOSCIENCES,"RNA, Peptide & Gene Therapy",Ca - Irvine,,,,,,https://www.seragon.com/,BioPharmGuy
OCULOGENEX,"RNA, Peptide & Gene Therapy",Ca - La Habra,,,,,,https://oculogenex.com/,BioPharmGuy
A28 THERAPEUTICS,"RNA, Peptide & Gene Therapy",Ca - La Jolla,,,,,,https://a28therapeutics.com/,BioPharmGuy
DINAQOR,"RNA, Peptide & Gene Therapy",Ca - Laguna Hills,,,,,,https://www.dinaqor.com/,BioPharmGuy
AANASTRA,"RNA, Peptide & Gene Therapy",Ca - Los Angeles,,,,,,https://aanastra.com/,BioPharmGuy
CAPACITY BIO,"RNA, Peptide & Gene Therapy",Ca - Los Angeles,,,,,,https://www.capacitybio.com/,BioPharmGuy
IMMUNOVEC,"RNA, Peptide & Gene Therapy",Ca - Los Angeles,,,,,,https://immunovec.com/,BioPharmGuy
AVELLINO LABORATORIES,"RNA, Peptide & Gene Therapy",Ca - Menlo Park,,,,,,https://avellino.ai/,BioPharmGuy
GRACE SCIENCE,"RNA, Peptide & Gene Therapy",Ca - Menlo Park,,,,,,https://www.gracescience.com/,BioPharmGuy
RECODE THERAPEUTICS,"RNA, Peptide & Gene Therapy",Ca - Menlo Park,,,,,,https://recodetx.com/,BioPharmGuy
REJUVENATION TECHNOLOGIES,"RNA, Peptide & Gene Therapy",Ca - Mountain View,,,,,,https://rejuvenationtech.com/,BioPharmGuy
PROTAGONIST THERAPEUTICS,"RNA, Peptide & Gene Therapy",Ca - Newark,,,,,,https://www.protagonist-inc.com/,BioPharmGuy
ASPA THERAPEUTICS,"RNA, Peptide & Gene Therapy",Ca - Palo Alto,,,,,,https://aspatx.com/,BioPharmGuy
GENASCENCE,"RNA, Peptide & Gene Therapy",Ca - Palo Alto,,,,,,https://genascence.com/,BioPharmGuy
ARROWHEAD PHARMACEUTICALS,"RNA, Peptide & Gene Therapy",Ca - Pasadena,,,,,,https://arrowheadpharma.com/en-us,BioPharmGuy
GENERVON BIOPHARMACEUTICALS,"RNA, Peptide & Gene Therapy",Ca - Pasadena,,,,,,https://www.genervon.com/,BioPharmGuy
ADVERUM BIOTECHNOLOGIES,"RNA, Peptide & Gene Therapy",Ca - Redwood City,,,,,,https://adverum.com/,BioPharmGuy
KRIYA THERAPEUTICS,"RNA, Peptide & Gene Therapy",Ca - Redwood City,,,,,,https://kriyatherapeutics.com/,BioPharmGuy
STEMCARDIA,"RNA, Peptide & Gene Therapy",Ca - Sacramento,,,,,,https://stemcardia.com/,BioPharmGuy
ENGAGE BIO,"RNA, Peptide & Gene Therapy",Ca - San Carlos,,,,,,https://www.engagebio.com/,BioPharmGuy
PHINOMICS,"RNA, Peptide & Gene Therapy",Ca - San Carlos,,,,,,https://www.phinomics.com/,BioPharmGuy
ADARX PHARMACEUTICALS,"RNA, Peptide & Gene Therapy",Ca - San Diego,,,,,,https://www.adarx.com/,BioPharmGuy
AIZEN THERAPEUTICS,"RNA, Peptide & Gene Therapy",Ca - San Diego,,,,,,https://www.aizentx.com/,BioPharmGuy
AMPLO BIOTECHNOLOGY,"RNA, Peptide & Gene Therapy",Ca - San Diego,,,,,,https://amplobiotechnology.com/,BioPharmGuy
ARCTURUS THERAPEUTICS,"RNA, Peptide & Gene Therapy",Ca - San Diego,,,,,,https://arcturusrx.com/,BioPharmGuy
ARROWHEAD PHARMACEUTICALS,"RNA, Peptide & Gene Therapy",Ca - San Diego,,,,,,https://arrowheadpharma.com/en-us,BioPharmGuy
AVIDITY BIOSCIENCES,"RNA, Peptide & Gene Therapy",Ca - San Diego,,,,,,https://www.aviditybiosciences.com/,BioPharmGuy
HAYA THERAPEUTICS,"RNA, Peptide & Gene Therapy",Ca - San Diego,,,,,,https://www.hayatx.com/,BioPharmGuy
KAILERA THERAPEUTICS,"RNA, Peptide & Gene Therapy",Ca - San Diego,,,,,,https://www.kailera.com/,BioPharmGuy
LASSOGEN,"RNA, Peptide & Gene Therapy",Ca - San Diego,,,,,,https://www.lassogen.com/,BioPharmGuy
MEDIKINE,"RNA, Peptide & Gene Therapy",Ca - San Diego,,,,,,https://www.medikine.com/,BioPharmGuy
NAVEGA THERAPEUTICS,"RNA, Peptide & Gene Therapy",Ca - San Diego,,,,,,https://navegatx.com/en,BioPharmGuy
NITTO BIOPHARMA,"RNA, Peptide & Gene Therapy",Ca - San Diego,,,,,,https://nittobiopharma.com/,BioPharmGuy
NUVIE BIO,"RNA, Peptide & Gene Therapy",Ca - San Diego,,,,,,https://www.nuviebio.com/,BioPharmGuy
REJUVENATE BIO,"RNA, Peptide & Gene Therapy",Ca - San Diego,,,,,,https://rejuvenatebio.com/,BioPharmGuy
REPLAY,"RNA, Peptide & Gene Therapy",Ca - San Diego,,,,,,https://replay.bio/,BioPharmGuy
REPLICATE BIOSCIENCE,"RNA, Peptide & Gene Therapy",Ca - San Diego,,,,,,https://replicatebioscience.com/,BioPharmGuy
SAPU BIOSCIENCE,"RNA, Peptide & Gene Therapy",Ca - San Diego,,,,,,https://sapubio.com/,BioPharmGuy
SENTIA MEDICAL SCIENCES,"RNA, Peptide & Gene Therapy",Ca - San Diego,,,,,,https://www.sentiamedical.com/,BioPharmGuy
SIRIUS THERAPEUTICS,"RNA, Peptide & Gene Therapy",Ca - San Diego,,,,,,https://www.siriusrna.com/,BioPharmGuy
SPLASH PHARMACEUTICALS,"RNA, Peptide & Gene Therapy",Ca - San Diego,,,,,,http://www.splashpharma.com/,BioPharmGuy
VIRONEXIS BIOTHERAPEUTICS,"RNA, Peptide & Gene Therapy",Ca - San Diego,,,,,,https://vironexis.com/,BioPharmGuy
APELLIS PHARMACEUTICALS,"RNA, Peptide & Gene Therapy",Ca - San Francisco,,,,,,https://apellis.com/,BioPharmGuy
CELLASTRA,"RNA, Peptide & Gene Therapy",Ca - San Francisco,,,,,,https://www.cellastra.com/,BioPharmGuy
CREYON BIO,"RNA, Peptide & Gene Therapy",Ca - San Francisco,,,,,,https://creyon.com/,BioPharmGuy
EXCEPGEN,"RNA, Peptide & Gene Therapy",Ca - San Francisco,,,,,,https://www.excepgen.com/,BioPharmGuy
JUNEVITY,"RNA, Peptide & Gene Therapy",Ca - San Francisco,,,,,,https://www.junevity.com/,BioPharmGuy
KERNA LABS,"RNA, Peptide & Gene Therapy",Ca - San Francisco,,,,,,https://kernalabs.ai/,BioPharmGuy
PARCELBIO,"RNA, Peptide & Gene Therapy",Ca - San Francisco,,,,,,https://parcelbio.com/,BioPharmGuy
SIREN BIOTECHNOLOGY,"RNA, Peptide & Gene Therapy",Ca - San Francisco,,,,,,https://sirenbiotechnology.com/,BioPharmGuy
GENVIVO,"RNA, Peptide & Gene Therapy",Ca - San Marino,,,,,,https://genvivoinc.com/,BioPharmGuy
MAHZI THERAPEUTICS,"RNA, Peptide & Gene Therapy",Ca - San Mateo,,,,,,https://mahzi.com/,BioPharmGuy
ARTERY THERAPEUTICS,"RNA, Peptide & Gene Therapy",Ca - San Ramon,,,,,,https://www.arterytx.com/,BioPharmGuy
UNNATURAL PRODUCTS,"RNA, Peptide & Gene Therapy",Ca - Santa Cruz,,,,,,https://www.unnaturalproducts.com/,BioPharmGuy
ALIGOS THERAPEUTICS,"RNA, Peptide & Gene Therapy",Ca - South Sf,,,,,,https://aligos.com/,BioPharmGuy
CIRCLE PHARMA,"RNA, Peptide & Gene Therapy",Ca - South Sf,,,,,,https://circlepharma.com/,BioPharmGuy
ENCODED THERAPEUTICS,"RNA, Peptide & Gene Therapy",Ca - South Sf,,,,,,https://encoded.com/,BioPharmGuy
JAYA BIOSCIENCES,"RNA, Peptide & Gene Therapy",Ca - South Sf,,,,,,https://www.jayabio.com/,BioPharmGuy
SWITCH THERAPEUTICS,"RNA, Peptide & Gene Therapy",Ca - South Sf,,,,,,https://www.switchthera.com/,BioPharmGuy
TENAYA THERAPEUTICS,"RNA, Peptide & Gene Therapy",Ca - South Sf,,,,,,https://www.tenayatherapeutics.com/,BioPharmGuy
TRACE NEUROSCIENCE,"RNA, Peptide & Gene Therapy",Ca - South Sf,,,,,,https://www.traceneuro.com/,BioPharmGuy
CAPSIDA BIOTHERAPEUTICS,"RNA, Peptide & Gene Therapy",Ca - Thousand Oaks,,,,,,https://capsida.com/,BioPharmGuy
SAGITTARIUS BIO,"RNA, Peptide & Gene Therapy",Ca - Thousand Oaks,,,,,,https://www.sagittarius.bio/,BioPharmGuy
EMMAUS LIFE SCIENCES,"RNA, Peptide & Gene Therapy",Ca - Torrance,,,,,,https://www.emmausmedical.com/,BioPharmGuy
RIPTIDE BIOSCIENCE,"RNA, Peptide & Gene Therapy",Ca - Vallejo,,,,,,http://www.riptidebio.com/,BioPharmGuy
NGGT,"RNA, Peptide & Gene Therapy",Ca - Walnut Creek,,,,,,https://nggtbio.com/,BioPharmGuy
ORYN THERAPEUTICS,"RNA, Peptide & Gene Therapy",Ca - West Hollywood,,,,,,https://oryntherapeutics.com/,BioPharmGuy
INNOVEC BIOTHERAPEUTICS,"RNA, Peptide & Gene Therapy",China - Beijing,,,,,,https://www.innovecbio.com/en/,BioPharmGuy
SINEUGENE,"RNA, Peptide & Gene Therapy",China - Beijing,,,,,,https://www.sineugene.com/,BioPharmGuy
THERORNA,"RNA, Peptide & Gene Therapy",China - Beijing,,,,,,https://www.therorna.com/,BioPharmGuy
HITGEN,"RNA, Peptide & Gene Therapy",China - Chengdu,,,,,,https://www.hitgen.com/en,BioPharmGuy
HENOVCOM BIOSCIENCE,"RNA, Peptide & Gene Therapy",China - Guangzhou,,,,,,https://en.henovcom.com/,BioPharmGuy
EXEGENESIS BIO,"RNA, Peptide & Gene Therapy",China - Hangzhou,,,,,,https://exegenesisbio.com/,BioPharmGuy
KANGLIN BIOTECHNOLOGY,"RNA, Peptide & Gene Therapy",China - Hangzhou,,,,,,https://www.kanglinbio.com/en/home/,BioPharmGuy
SCIWIND BIOSCIENCES,"RNA, Peptide & Gene Therapy",China - Hangzhou,,,,,,https://www.sciwind.com.cn/,BioPharmGuy
WESTLAKE GENETECH,"RNA, Peptide & Gene Therapy",China - Hangzhou,,,,,,https://westlakegenetech.com/en/index.html,BioPharmGuy
IMMUNO CURE BIOTECH,"RNA, Peptide & Gene Therapy",China - Hong Kong,,,,,,https://www.immunocure.hk/en/,BioPharmGuy
PROTELIGHT PHARMACEUTICALS,"RNA, Peptide & Gene Therapy",China - Jiangyin,,,,,,https://en.protelight.com/,BioPharmGuy
SUZHOU RIBO LIFE SCIENCE COMPANY,"RNA, Peptide & Gene Therapy",China - Kunshan,,,,,,https://www.ribolia.com/,BioPharmGuy
RACTIGEN THERAPEUTICS,"RNA, Peptide & Gene Therapy",China - Nantong,,,,,,https://www.ractigen.com/,BioPharmGuy
ARGO BIOPHARMA,"RNA, Peptide & Gene Therapy",China - Shanghai,,,,,,https://www.argobiopharma.com/,BioPharmGuy
BDGENE THERAPEUTICS,"RNA, Peptide & Gene Therapy",China - Shanghai,,,,,,https://www.bdgenetherapeutics.com/en/,BioPharmGuy
BELIEF BIOMED,"RNA, Peptide & Gene Therapy",China - Shanghai,,,,,,https://www.beliefbiomed.com/,BioPharmGuy
BRL MEDICINE,"RNA, Peptide & Gene Therapy",China - Shanghai,,,,,,https://www.brlmed.com/en,BioPharmGuy
CIRCODE BIOMED,"RNA, Peptide & Gene Therapy",China - Shanghai,,,,,,http://m.circodebio.cn/en/,BioPharmGuy
CODONE BIOTECHNOLOGY,"RNA, Peptide & Gene Therapy",China - Shanghai,,,,,,http://www.codonebio.com/en,BioPharmGuy
HUIDAGENE THERAPEUTICS,"RNA, Peptide & Gene Therapy",China - Shanghai,,,,,,https://www.huidagene.com/en,BioPharmGuy
IMMORNA BIOTHERAPEUTICS,"RNA, Peptide & Gene Therapy",China - Shanghai,,,,,,https://www.immorna.com/,BioPharmGuy
NEUSHEN THERAPEUTICS,"RNA, Peptide & Gene Therapy",China - Shanghai,,,,,,https://www.neushen.com/,BioPharmGuy
RIBOX THERAPEUTICS,"RNA, Peptide & Gene Therapy",China - Shanghai,,,,,,https://www.riboxtx.com/,BioPharmGuy
RISEN PHARMA TECH,"RNA, Peptide & Gene Therapy",China - Shanghai,,,,,,http://www.risen-pharma.com/en/,BioPharmGuy
RONA THERAPEUTICS,"RNA, Peptide & Gene Therapy",China - Shanghai,,,,,,https://www.ronatherapeutics.com/,BioPharmGuy
SIRIUS THERAPEUTICS,"RNA, Peptide & Gene Therapy",China - Shanghai,,,,,,https://www.siriusrna.com/,BioPharmGuy
VISIRNA THERAPEUTICS,"RNA, Peptide & Gene Therapy",China - Shanghai,,,,,,https://www.visirna.com/,BioPharmGuy
GENOCURY BIOTECH,"RNA, Peptide & Gene Therapy",China - Shenzhen,,,,,,https://genocury.com/index_EN.html,BioPharmGuy
ABOGEN,"RNA, Peptide & Gene Therapy",China - Suzhou,,,,,,https://abogenbio.com,BioPharmGuy
FRONTERA THERAPEUTICS,"RNA, Peptide & Gene Therapy",China - Suzhou,,,,,,https://fronteratherapeutics.com/,BioPharmGuy
GRITGEN THERAPEUTICS,"RNA, Peptide & Gene Therapy",China - Suzhou,,,,,,https://www.gritgen.com/en,BioPharmGuy
RINUAGENE BIOTECHNOLOGY,"RNA, Peptide & Gene Therapy",China - Suzhou,,,,,,https://rinuagene.com/,BioPharmGuy
RISEN PHARMA TECH,"RNA, Peptide & Gene Therapy",China - Suzhou,,,,,,http://www.risen-pharma.com/en/,BioPharmGuy
SIRNAOMICS,"RNA, Peptide & Gene Therapy",China - Suzhou,,,,,,https://sirnaomics.com/,BioPharmGuy
STARNA THERAPEUTICS,"RNA, Peptide & Gene Therapy",China - Suzhou,,,,,,https://www.starnatx.com/,BioPharmGuy
RECBIO TECHNOLOGY,"RNA, Peptide & Gene Therapy",China - Taizhou,,,,,,https://www.recbio.cn/en/,BioPharmGuy
AUGELUX THERAPEUTICS,"RNA, Peptide & Gene Therapy",China - Wuhan,,,,,,https://www.augeluxtherapeutics.com/,BioPharmGuy
NEUROPHTH THERAPEUTICS,"RNA, Peptide & Gene Therapy",China - Wuhan,,,,,,https://www.neurophth.com/,BioPharmGuy
NEUREXIS THERAPEUTICS,"RNA, Peptide & Gene Therapy",Co - Aurora,,,,,,https://neurexistherapeutics.com/,BioPharmGuy
RHEUMAGEN,"RNA, Peptide & Gene Therapy",Co - Aurora,,,,,,https://www.rheumagen.com/,BioPharmGuy
MITOTHERAPEUTIX,"RNA, Peptide & Gene Therapy",Ct - Farmington,,,,,,https://mitotherapeutix.com/,BioPharmGuy
RIGIMMUNE,"RNA, Peptide & Gene Therapy",Ct - Farmington,,,,,,https://rigimmune.com/,BioPharmGuy
ONCOVIR,"RNA, Peptide & Gene Therapy",Dc - Washington,,,,,,https://www.oncovir.com/,BioPharmGuy
TERN THERAPEUTICS,"RNA, Peptide & Gene Therapy",Dc - Washington,,,,,,https://www.terntx.com/,BioPharmGuy
ALTAMIRA THERAPEUTICS,"RNA, Peptide & Gene Therapy",De  - Newark,,,,,,https://altamiratherapeutics.com/,BioPharmGuy
ANTAG THERAPEUTICS,"RNA, Peptide & Gene Therapy",Denmark - Copenhagen,,,,,,https://antagtx.com/,BioPharmGuy
AVILEX PHARMA,"RNA, Peptide & Gene Therapy",Denmark - Copenhagen,,,,,,https://www.avilexpharma.com/,BioPharmGuy
FUSE VECTORS,"RNA, Peptide & Gene Therapy",Denmark - Copenhagen,,,,,,https://www.fusevectors.com/,BioPharmGuy
NEUMIRNA,"RNA, Peptide & Gene Therapy",Denmark - Copenhagen,,,,,,https://www.neumirna.com/,BioPharmGuy
SNIPR BIOME,"RNA, Peptide & Gene Therapy",Denmark - Copenhagen,,,,,,https://www.sniprbiome.com/,BioPharmGuy
RESOTHER PHARMA,"RNA, Peptide & Gene Therapy",Denmark - Holte,,,,,,https://resotherpharma.com/,BioPharmGuy
ZEALAND PHARMA,"RNA, Peptide & Gene Therapy",Denmark - Soborg,,,,,,https://www.zealandpharma.com/,BioPharmGuy
VALO THERAPEUTICS,"RNA, Peptide & Gene Therapy",Finland - Helsinki,,,,,,https://www.valotx.com/,BioPharmGuy
RNATIVES,"RNA, Peptide & Gene Therapy",Finland - Kuopio,,,,,,https://www.rnatives.com/,BioPharmGuy
ONCOGENUITY,"RNA, Peptide & Gene Therapy",Fl - Bay Harbor Islands,,,,,,https://www.oncogenuity.com/,BioPharmGuy
ADOLORE BIOTHERAPEUTICS,"RNA, Peptide & Gene Therapy",Fl - Delray Beach,,,,,,https://adolore.com/,BioPharmGuy
AMBULERO,"RNA, Peptide & Gene Therapy",Fl - Miami,,,,,,https://www.ambulero.com/,BioPharmGuy
THYLACINE BIOSCIENCES,"RNA, Peptide & Gene Therapy",Fl - Miami,,,,,,https://www.thylacine-bio.com/,BioPharmGuy
TUHURA BIOSCIENCES,"RNA, Peptide & Gene Therapy",Fl - Tampa,,,,,,https://tuhurabio.com/,BioPharmGuy
GLIOCURE,"RNA, Peptide & Gene Therapy",France - Angers,,,,,,https://www.gliocure.com/,BioPharmGuy
ATAMYO THERAPEUTICS,"RNA, Peptide & Gene Therapy",France - Evry,,,,,,https://atamyo.com/,BioPharmGuy
PEPKON,"RNA, Peptide & Gene Therapy",France - Louveciennes,,,,,,https://www.pepkon.fr/,BioPharmGuy
AXOLTIS PHARMA,"RNA, Peptide & Gene Therapy",France - Lyon,,,,,,https://www.axoltis.com/,BioPharmGuy
BRINK THERAPEUTICS,"RNA, Peptide & Gene Therapy",France - Paris,,,,,,https://www.brinktx.com/,BioPharmGuy
COAVE THERAPEUTICS,"RNA, Peptide & Gene Therapy",France - Paris,,,,,,https://coavetx.com/,BioPharmGuy
EG 427,"RNA, Peptide & Gene Therapy",France - Paris,,,,,,https://www.eg427.com/,BioPharmGuy
INOTREM,"RNA, Peptide & Gene Therapy",France - Paris,,,,,,https://www.inotrem.com/,BioPharmGuy
INVECTYS,"RNA, Peptide & Gene Therapy",France - Paris,,,,,,https://www.invectys.com/,BioPharmGuy
PEP-THERAPY,"RNA, Peptide & Gene Therapy",France - Paris,,,,,,https://pep-therapy.com/,BioPharmGuy
PEPTINOV,"RNA, Peptide & Gene Therapy",France - Paris,,,,,,https://www.peptinov.fr/#/,BioPharmGuy
PULSESIGHT THERAPEUTICS,"RNA, Peptide & Gene Therapy",France - Paris,,,,,,https://pulsesight.com/,BioPharmGuy
SPARINGVISION,"RNA, Peptide & Gene Therapy",France - Paris,,,,,,https://sparingvision.com/,BioPharmGuy
VALERIO THERAPEUTICS,"RNA, Peptide & Gene Therapy",France - Paris,,,,,,https://valeriotx.com/,BioPharmGuy
VIVET THERAPEUTICS,"RNA, Peptide & Gene Therapy",France - Paris,,,,,,https://www.vivet-therapeutics.com/,BioPharmGuy
ADIPOPHARMA,"RNA, Peptide & Gene Therapy",France - Strasbourg,,,,,,https://adipopharma.com/,BioPharmGuy
INOTREM,"RNA, Peptide & Gene Therapy",France - Vandoeuvre,,,,,,https://www.inotrem.com/,BioPharmGuy
ALZAMEND NEURO,"RNA, Peptide & Gene Therapy",Ga - Atlanta,,,,,,https://alzamend.com/,BioPharmGuy
EXPRESSION THERAPEUTICS,"RNA, Peptide & Gene Therapy",Ga - Tucker,,,,,,https://www.expressiontherapeutics.com/,BioPharmGuy
VERNAGEN,"RNA, Peptide & Gene Therapy",Ga - Tucker,,,,,,http://www.vernagen.net/,BioPharmGuy
LACTOCORE,"RNA, Peptide & Gene Therapy",Germany - Berlin,,,,,,https://lactocore.com/,BioPharmGuy
MYOPAX,"RNA, Peptide & Gene Therapy",Germany - Berlin,,,,,,https://myopax.com/,BioPharmGuy
PRIAVOID,"RNA, Peptide & Gene Therapy",Germany - Düsseldorf,,,,,,https://priavoid.com/,BioPharmGuy
DINAQOR,"RNA, Peptide & Gene Therapy",Germany - Hamburg,,,,,,https://www.dinaqor.com/,BioPharmGuy
CARDIOR PHARMACEUTICALS,"RNA, Peptide & Gene Therapy",Germany - Hanover,,,,,,https://cardior.de/,BioPharmGuy
AAVIGEN,"RNA, Peptide & Gene Therapy",Germany - Heidelberg,,,,,,https://aavigen.com/,BioPharmGuy
PANTHERNA THERAPEUTICS,"RNA, Peptide & Gene Therapy",Germany - Hennigsdorf,,,,,,https://www.pantherna-therapeutics.com/,BioPharmGuy
SRTD BIOTECH,"RNA, Peptide & Gene Therapy",Germany - Jülich,,,,,,https://srtd-biotech.com/,BioPharmGuy
STERNA BIOLOGICALS & KG,"RNA, Peptide & Gene Therapy",Germany - Marburg,,,,,,https://www.sterna-biologicals.com/,BioPharmGuy
APELLIS PHARMACEUTICALS,"RNA, Peptide & Gene Therapy",Germany - Munich,,,,,,https://apellis.com/,BioPharmGuy
ETHRIS,"RNA, Peptide & Gene Therapy",Germany - Planegg,,,,,,https://www.ethris.com/,BioPharmGuy
SECARNA PHARMACEUTICALS,"RNA, Peptide & Gene Therapy",Germany - Planegg,,,,,,https://www.secarna.com/,BioPharmGuy
VEONGEN THERAPEUTICS,"RNA, Peptide & Gene Therapy",Germany - Planegg,,,,,,https://veongen.com/,BioPharmGuy
VIFERAXS,"RNA, Peptide & Gene Therapy",Germany - Tübingen,,,,,,https://viferaxs.com/,BioPharmGuy
ORYX TRANSLATIONAL MEDICINE,"RNA, Peptide & Gene Therapy",Germany - Vaterstetten,,,,,,https://www.oryx-medicine.com/,BioPharmGuy
AMYNDAS PHARMACEUTICALS,"RNA, Peptide & Gene Therapy",Greece - Glyfada,,,,,,https://www.amyndas.com/,BioPharmGuy
FLASHPOINT THERAPEUTICS,"RNA, Peptide & Gene Therapy",Il - Chicago,,,,,,https://www.flashpoint.bio/,BioPharmGuy
INOMAGEN THERAPEUTICS,"RNA, Peptide & Gene Therapy",Il - Chicago,,,,,,https://inomagen.com/,BioPharmGuy
MAIA BIOTECHNOLOGY,"RNA, Peptide & Gene Therapy",Il - Chicago,,,,,,https://maiabiotech.com/,BioPharmGuy
OXALO THERAPEUTICS,"RNA, Peptide & Gene Therapy",Il - Chicago,,,,,,https://www.oxalotherapeutics.com/,BioPharmGuy
JAGUAR GENE THERAPY,"RNA, Peptide & Gene Therapy",Il - Lake Forest,,,,,,https://jaguargenetherapy.com/,BioPharmGuy
MBX BIOSCIENCES,"RNA, Peptide & Gene Therapy",In - Carmel,,,,,,https://mbxbio.com/,BioPharmGuy
EAST OCYON BIO,"RNA, Peptide & Gene Therapy",India - Gurgaon,,,,,,https://eastocyonbio.com/,BioPharmGuy
SPLISENSE,"RNA, Peptide & Gene Therapy",Israel - Jerusalem,,,,,,https://splisense.com/,BioPharmGuy
AVERNA THERAPEUTICS,"RNA, Peptide & Gene Therapy",Israel - Ness Ziona,,,,,,https://avernatx.com/,BioPharmGuy
SKIP THERAPEUTICS,"RNA, Peptide & Gene Therapy",Israel - Ness Ziona,,,,,,https://www.skiptx.com/,BioPharmGuy
ART BIOSCIENCE,"RNA, Peptide & Gene Therapy",Israel - Rehovot,,,,,,https://www.artbioscience.com/,BioPharmGuy
ELEVEN THERAPEUTICS,"RNA, Peptide & Gene Therapy",Israel - Tel Aviv,,,,,,https://eleventx.com/,BioPharmGuy
SILTHERA,"RNA, Peptide & Gene Therapy",Italy - L'Aquilo,,,,,,https://silthera.com/,BioPharmGuy
AAVANTGARDE BIO,"RNA, Peptide & Gene Therapy",Italy - Milan,,,,,,https://www.aavantgarde.com/,BioPharmGuy
ALTHEIA SCIENCE,"RNA, Peptide & Gene Therapy",Italy - Milan,,,,,,https://altheiascience.com/,BioPharmGuy
APTADIR,"RNA, Peptide & Gene Therapy",Italy - Milan,,,,,,https://aptadir.com/,BioPharmGuy
GENESPIRE,"RNA, Peptide & Gene Therapy",Italy - Milan,,,,,,https://genespire.com/,BioPharmGuy
BIOGENERA,"RNA, Peptide & Gene Therapy",Italy - Ozzano Dell'Emilia,,,,,,https://www.biogenera.com/,BioPharmGuy
KITHER BIOTECH,"RNA, Peptide & Gene Therapy",Italy - Torino,,,,,,https://kitherbiotech.com/,BioPharmGuy
HEQET THERAPEUTICS,"RNA, Peptide & Gene Therapy",Italy - Turin,,,,,,https://www.heqettherapeutics.com/,BioPharmGuy
CELLGENTECH,"RNA, Peptide & Gene Therapy",Japan - Chiba,,,,,,https://www.cellgentech.com/english/,BioPharmGuy
PURMX THERAPEUTICS,"RNA, Peptide & Gene Therapy",Japan - Hiroshima,,,,,,https://www.purmx.com/,BioPharmGuy
WAVE LIFE SCIENCES,"RNA, Peptide & Gene Therapy",Japan - Kagoshima,,,,,,https://wavelifesciences.com/,BioPharmGuy
ONODERA,"RNA, Peptide & Gene Therapy",Japan - Kanagawa,,,,,,https://www.onodera-gtp.com/en/,BioPharmGuy
CLOVERNA,"RNA, Peptide & Gene Therapy",Japan - Okayama,,,,,,https://www.cloverna.com/en/,BioPharmGuy
MOMOTARO-GENE,"RNA, Peptide & Gene Therapy",Japan - Okayama,,,,,,https://www.mt-gene.com/en/,BioPharmGuy
DYDO PHARMA,"RNA, Peptide & Gene Therapy",Japan - Osaka,,,,,,https://dydopharma.co.jp/en/,BioPharmGuy
LUXNA BIOTECH,"RNA, Peptide & Gene Therapy",Japan - Osaka,,,,,,https://luxnabiotech.co.jp/,BioPharmGuy
TAKARA BIO,"RNA, Peptide & Gene Therapy",Japan - Shiga,,,,,,https://www.takara-bio.com/en/index.html,BioPharmGuy
BRIGHTPATH BIOTHERAPEUTICS,"RNA, Peptide & Gene Therapy",Japan - Tokyo,,,,,,https://www.brightpathbio.com/english/,BioPharmGuy
EA PHARMA,"RNA, Peptide & Gene Therapy",Japan - Tokyo,,,,,,https://www.eapharma.co.jp/en/,BioPharmGuy
MODALIS THERAPEUTICS,"RNA, Peptide & Gene Therapy",Japan - Tokyo,,,,,,https://modalistx.com/en/,BioPharmGuy
NAPAJEN PHARMA,"RNA, Peptide & Gene Therapy",Japan - Tokyo,,,,,,https://www.napajen.com/ja/,BioPharmGuy
RESTORE VISION,"RNA, Peptide & Gene Therapy",Japan - Tokyo,,,,,,https://restore-vis.com/en/,BioPharmGuy
RIBOMIC,"RNA, Peptide & Gene Therapy",Japan - Tokyo,,,,,,https://www.ribomic.com/eng/,BioPharmGuy
TAGCYX BIOTECHNOLOGIES,"RNA, Peptide & Gene Therapy",Japan - Tokyo,,,,,,http://tagcyx.com/en/,BioPharmGuy
TME THERAPEUTICS,"RNA, Peptide & Gene Therapy",Japan - Tokyo,,,,,,https://tme-tx.com/,BioPharmGuy
CAREGEN BIOPHARMA,"RNA, Peptide & Gene Therapy",Korea - Anyang,,,,,,http://www.caregen.com/,BioPharmGuy
BIORCHESTRA,"RNA, Peptide & Gene Therapy",Korea - Daejeon,,,,,,https://biorchestra.com/,BioPharmGuy
GENKORE,"RNA, Peptide & Gene Therapy",Korea - Daejeon,,,,,,http://www.genkore.com/,BioPharmGuy
SOVARGEN,"RNA, Peptide & Gene Therapy",Korea - Daejeon,,,,,,https://sovargen.com/main?lang=en,BioPharmGuy
OLIPASS,"RNA, Peptide & Gene Therapy",Korea - Gyeonggi,,,,,,https://www.olipass.com/front/eng/index.do,BioPharmGuy
C -BIOMEX,"RNA, Peptide & Gene Therapy",Korea - Pohang,,,,,,https://www.cbiomex.com/en,BioPharmGuy
GEMVAX & KAEL,"RNA, Peptide & Gene Therapy",Korea - Seongnam,,,,,,https://gemvax.com/,BioPharmGuy
OLIX PHARMACEUTICALS,"RNA, Peptide & Gene Therapy",Korea - Seongnam,,,,,,https://www.olixpharma.com/,BioPharmGuy
RZNOMICS,"RNA, Peptide & Gene Therapy",Korea - Seongnam,,,,,,https://www.rznomics.com/,BioPharmGuy
ASTON SCI.,"RNA, Peptide & Gene Therapy",Korea - Seoul,,,,,,http://astonsci.com/,BioPharmGuy
BIOJO SCIENCES,"RNA, Peptide & Gene Therapy",Korea - Seoul,,,,,,https://www.biojosciences.com/,BioPharmGuy
GENKORE,"RNA, Peptide & Gene Therapy",Korea - Seoul,,,,,,http://www.genkore.com/,BioPharmGuy
HELIXMITH,"RNA, Peptide & Gene Therapy",Korea - Seoul,,,,,,https://www.helixmith.com/,BioPharmGuy
KOLON LIFE SCIENCE,"RNA, Peptide & Gene Therapy",Korea - Seoul,,,,,,https://www.kolonls.co.kr/,BioPharmGuy
MDIMUNE,"RNA, Peptide & Gene Therapy",Korea - Seoul,,,,,,http://www.mdimune.com/,BioPharmGuy
SOVARGEN,"RNA, Peptide & Gene Therapy",Korea - Seoul,,,,,,https://sovargen.com/main?lang=en,BioPharmGuy
SIRNAGEN,"RNA, Peptide & Gene Therapy",Korea - Zz,,,,,,https://www.sirnagen.com/,BioPharmGuy
STOKE THERAPEUTICS,"RNA, Peptide & Gene Therapy",Ma - Bedford,,,,,,https://www.stoketherapeutics.com/,BioPharmGuy
ASCIDIAN THERAPEUTICS,"RNA, Peptide & Gene Therapy",Ma - Boston,,,,,,https://ascidian-tx.com/,BioPharmGuy
ATALANTA THERAPEUTICS,"RNA, Peptide & Gene Therapy",Ma - Boston,,,,,,https://www.atalantatx.com/,BioPharmGuy
CONSTANT THERAPEUTICS,"RNA, Peptide & Gene Therapy",Ma - Boston,,,,,,https://www.constanttherapeutics.com/,BioPharmGuy
CORSERA HEALTH,"RNA, Peptide & Gene Therapy",Ma - Boston,,,,,,https://corserahealth.com/,BioPharmGuy
DIORASIS THERAPEUTICS,"RNA, Peptide & Gene Therapy",Ma - Boston,,,,,,https://diorasistherapeutics.com/,BioPharmGuy
ENVOYA,"RNA, Peptide & Gene Therapy",Ma - Boston,,,,,,https://www.envoyabio.com/,BioPharmGuy
HELIX NANOTECHNOLOGIES,"RNA, Peptide & Gene Therapy",Ma - Boston,,,,,,https://www.helixnano.com/,BioPharmGuy
KELONIA THERAPEUTICS,"RNA, Peptide & Gene Therapy",Ma - Boston,,,,,,https://keloniatx.com/,BioPharmGuy
MEDERA,"RNA, Peptide & Gene Therapy",Ma - Boston,,,,,,https://www.medera.bio/about-us,BioPharmGuy
ORCHARD THERAPEUTICS,"RNA, Peptide & Gene Therapy",Ma - Boston,,,,,,https://www.orchard-tx.com/,BioPharmGuy
RHYTHM PHARMACEUTICALS,"RNA, Peptide & Gene Therapy",Ma - Boston,,,,,,https://rhythmtx.com/,BioPharmGuy
SARDOCOR,"RNA, Peptide & Gene Therapy",Ma - Boston,,,,,,https://www.sardocor.com/,BioPharmGuy
SPARINGVISION,"RNA, Peptide & Gene Therapy",Ma - Boston,,,,,,https://sparingvision.com/,BioPharmGuy
STRAND THERAPEUTICS,"RNA, Peptide & Gene Therapy",Ma - Boston,,,,,,https://www.strandtx.com/,BioPharmGuy
SYTE.BIO,"RNA, Peptide & Gene Therapy",Ma - Boston,,,,,,https://syte.bio/,BioPharmGuy
TEVARD BIOSCIENCES,"RNA, Peptide & Gene Therapy",Ma - Boston,,,,,,https://tevard.com/,BioPharmGuy
VERVE THERAPEUTICS,"RNA, Peptide & Gene Therapy",Ma - Boston,,,,,,https://www.vervetx.com/,BioPharmGuy
FRACTYL HEALTH,"RNA, Peptide & Gene Therapy",Ma - Burlington,,,,,,https://www.fractyl.com/,BioPharmGuy
ALLTRNA,"RNA, Peptide & Gene Therapy",Ma - Cambridge,,,,,,https://www.alltrna.com/,BioPharmGuy
ALNYLAM PHARMACEUTICALS,"RNA, Peptide & Gene Therapy",Ma - Cambridge,,,,,,https://www.alnylam.com/,BioPharmGuy
ANIMATE BIOSCIENCES,"RNA, Peptide & Gene Therapy",Ma - Cambridge,,,,,,https://animate.bio/,BioPharmGuy
BEACON THERAPEUTICS,"RNA, Peptide & Gene Therapy",Ma - Cambridge,,,,,,https://www.beacontx.com/,BioPharmGuy
BICYCLE THERAPEUTICS,"RNA, Peptide & Gene Therapy",Ma - Cambridge,,,,,,https://www.bicycletherapeutics.com/,BioPharmGuy
BIORCHESTRA,"RNA, Peptide & Gene Therapy",Ma - Cambridge,,,,,,https://biorchestra.com/,BioPharmGuy
CITY THERAPEUTICS,"RNA, Peptide & Gene Therapy",Ma - Cambridge,,,,,,https://www.citytx.com/,BioPharmGuy
INNOVAC THERAPEUTICS,"RNA, Peptide & Gene Therapy",Ma - Cambridge,,,,,,https://www.innovactx.com/,BioPharmGuy
JUDO BIO,"RNA, Peptide & Gene Therapy",Ma - Cambridge,,,,,,https://judo.bio/,BioPharmGuy
KORRO BIO,"RNA, Peptide & Gene Therapy",Ma - Cambridge,,,,,,https://korrobio.com/,BioPharmGuy
LYTICA THERAPEUTICS,"RNA, Peptide & Gene Therapy",Ma - Cambridge,,,,,,https://www.lyticatherapeutics.com/,BioPharmGuy
MODERNA THERAPEUTICS,"RNA, Peptide & Gene Therapy",Ma - Cambridge,,,,,,https://www.modernatx.com/en-US?,BioPharmGuy
OBSIDIAN THERAPEUTICS,"RNA, Peptide & Gene Therapy",Ma - Cambridge,,,,,,https://obsidiantx.com/,BioPharmGuy
ORBITAL THERAPEUTICS,"RNA, Peptide & Gene Therapy",Ma - Cambridge,,,,,,https://www.orbitaltx.com/,BioPharmGuy
PROQR THERAPEUTICS,"RNA, Peptide & Gene Therapy",Ma - Cambridge,,,,,,https://www.proqr.com/,BioPharmGuy
REGEL THERAPEUTICS,"RNA, Peptide & Gene Therapy",Ma - Cambridge,,,,,,https://regeltherapeutics.com/,BioPharmGuy
REPERTOIRE IMMUNE MEDICINES,"RNA, Peptide & Gene Therapy",Ma - Cambridge,,,,,,https://www.repertoire.com/,BioPharmGuy
SERIF BIOMEDICINES,"RNA, Peptide & Gene Therapy",Ma - Cambridge,,,,,,https://serifbiomedicines.com/,BioPharmGuy
SKYLARK BIO,"RNA, Peptide & Gene Therapy",Ma - Cambridge,,,,,,https://www.skylarkbio.com/,BioPharmGuy
STRM.BIO,"RNA, Peptide & Gene Therapy",Ma - Cambridge,,,,,,https://strm.bio/,BioPharmGuy
STYLUS MEDICINE,"RNA, Peptide & Gene Therapy",Ma - Cambridge,,,,,,https://www.stylusmedicine.com/,BioPharmGuy
TYPEWRITER THERAPEUTICS,"RNA, Peptide & Gene Therapy",Ma - Cambridge,,,,,,https://www.typewritertx.com/en/,BioPharmGuy
WAVE LIFE SCIENCES,"RNA, Peptide & Gene Therapy",Ma - Cambridge,,,,,,https://wavelifesciences.com/,BioPharmGuy
COMANCHE BIOPHARMA,"RNA, Peptide & Gene Therapy",Ma - Concord,,,,,,https://comanchebiopharma.com/,BioPharmGuy
EXEGENESIS BIO,"RNA, Peptide & Gene Therapy",Ma - Lexington,,,,,,https://exegenesisbio.com/,BioPharmGuy
GUARDIAN THERAPEUTICS,"RNA, Peptide & Gene Therapy",Ma - Lexington,,,,,,https://www.guardiantherapeutics.com/,BioPharmGuy
VOYAGER THERAPEUTICS,"RNA, Peptide & Gene Therapy",Ma - Lexington,,,,,,https://www.voyagertherapeutics.com/,BioPharmGuy
WAVE LIFE SCIENCES,"RNA, Peptide & Gene Therapy",Ma - Lexington,,,,,,https://wavelifesciences.com/,BioPharmGuy
ALCYONE THERAPEUTICS,"RNA, Peptide & Gene Therapy",Ma - Lowell,,,,,,https://alcyonetx.com/,BioPharmGuy
SOLA BIOSCIENCES,"RNA, Peptide & Gene Therapy",Ma - Natick,,,,,,https://sola-bio.com/,BioPharmGuy
REMEDIUM BIO,"RNA, Peptide & Gene Therapy",Ma - Needham,,,,,,https://www.remedium-bio.com/,BioPharmGuy
COURAGE THERAPEUTICS,"RNA, Peptide & Gene Therapy",Ma - Newton,,,,,,https://www.couragetx.com/,BioPharmGuy
LACTOCORE,"RNA, Peptide & Gene Therapy",Ma - Newton,,,,,,https://lactocore.com/,BioPharmGuy
TRANSCODE THERAPEUTICS,"RNA, Peptide & Gene Therapy",Ma - Newton,,,,,,https://www.transcodetherapeutics.com/,BioPharmGuy
MODERNA THERAPEUTICS,"RNA, Peptide & Gene Therapy",Ma - Norwood,,,,,,https://www.modernatx.com/en-US?,BioPharmGuy
MYRTELLE,"RNA, Peptide & Gene Therapy",Ma - Wakefield,,,,,,https://myrtellegtx.com/,BioPharmGuy
AFFINIA THERAPEUTICS,"RNA, Peptide & Gene Therapy",Ma - Waltham,,,,,,https://affiniatx.com/,BioPharmGuy
APELLIS PHARMACEUTICALS,"RNA, Peptide & Gene Therapy",Ma - Waltham,,,,,,https://apellis.com/,BioPharmGuy
CARBON BIOSCIENCES,"RNA, Peptide & Gene Therapy",Ma - Waltham,,,,,,https://www.carbonbio.com/,BioPharmGuy
KAILERA THERAPEUTICS,"RNA, Peptide & Gene Therapy",Ma - Waltham,,,,,,https://www.kailera.com/,BioPharmGuy
MODALIS THERAPEUTICS,"RNA, Peptide & Gene Therapy",Ma - Waltham,,,,,,https://modalistx.com/en/,BioPharmGuy
AVERNA THERAPEUTICS,"RNA, Peptide & Gene Therapy",Ma - Watertown,,,,,,https://avernatx.com/,BioPharmGuy
FRONTERA THERAPEUTICS,"RNA, Peptide & Gene Therapy",Ma - Watertown,,,,,,https://fronteratherapeutics.com/,BioPharmGuy
ORNA THERAPEUTICS,"RNA, Peptide & Gene Therapy",Ma - Watertown,,,,,,https://www.ornatx.com/,BioPharmGuy
SANEGENEBIO,"RNA, Peptide & Gene Therapy",Ma - Woburn,,,,,,https://www.sanegenebio.com/,BioPharmGuy
LEAL THERAPEUTICS,"RNA, Peptide & Gene Therapy",Ma - Worcester,,,,,,https://lealtx.com/,BioPharmGuy
ZATA PHARMACEUTICALS,"RNA, Peptide & Gene Therapy",Ma - Worcester,,,,,,https://zataweb.wordpress.com/,BioPharmGuy
REJUVE THERAPEUTICS,"RNA, Peptide & Gene Therapy",Md - Beltsville,,,,,,https://rejuvetx.com/,BioPharmGuy
BIOJO SCIENCES,"RNA, Peptide & Gene Therapy",Md - Bethesda,,,,,,https://www.biojosciences.com/,BioPharmGuy
CIVI BIOPHARMA,"RNA, Peptide & Gene Therapy",Md - Chevy Chase,,,,,,https://www.civibio.com/,BioPharmGuy
MIRECULE,"RNA, Peptide & Gene Therapy",Md - Gaithersburg,,,,,,https://mirecule.com/,BioPharmGuy
PRECIGEN,"RNA, Peptide & Gene Therapy",Md - Germantown,,,,,,https://precigen.com/,BioPharmGuy
RNAIMMUNE,"RNA, Peptide & Gene Therapy",Md - Germantown,,,,,,https://www.rnaimmune.com/,BioPharmGuy
SIRNAOMICS,"RNA, Peptide & Gene Therapy",Md - Germantown,,,,,,https://sirnaomics.com/,BioPharmGuy
PINION IMMUNOTHERAPEUTICS,"RNA, Peptide & Gene Therapy",Md - North Bethesda,,,,,,https://www.pinionimt.com/,BioPharmGuy
AAVOGEN,"RNA, Peptide & Gene Therapy",Md - Rockville,,,,,,https://aavogen.com/,BioPharmGuy
ADDIMMUNE,"RNA, Peptide & Gene Therapy",Md - Rockville,,,,,,https://www.addimmune.com/,BioPharmGuy
AMERICAN GENE TECHNOLOGIES,"RNA, Peptide & Gene Therapy",Md - Rockville,,,,,,https://www.americangene.com/,BioPharmGuy
REGENERX BIOPHARMACEUTICALS,"RNA, Peptide & Gene Therapy",Md - Rockville,,,,,,https://www.regenerx.com/,BioPharmGuy
REGENXBIO,"RNA, Peptide & Gene Therapy",Md - Rockville,,,,,,https://www.regenxbio.com/home/,BioPharmGuy
TEAMEDON,"RNA, Peptide & Gene Therapy",Md - Rockville,,,,,,https://www.teamedon.com/,BioPharmGuy
RITHIM BIOLOGICS,"RNA, Peptide & Gene Therapy",Md - Woodbine,,,,,,https://rithimbiologics.com/,BioPharmGuy
DIAPIN THERAPEUTICS,"RNA, Peptide & Gene Therapy",Mi - Ann Arbor,,,,,,https://www.diapin.com/,BioPharmGuy
ONL THERAPEUTICS,"RNA, Peptide & Gene Therapy",Mi - Ann Arbor,,,,,,https://onltherapeutics.com/,BioPharmGuy
CIRCNOVA,"RNA, Peptide & Gene Therapy",Mi - Detroit,,,,,,https://www.circnova.com/,BioPharmGuy
TELOCYTE,"RNA, Peptide & Gene Therapy",Mi - Grand Rapids,,,,,,https://www.telocyte.com/,BioPharmGuy
SORICIMED BIOPHARMA,"RNA, Peptide & Gene Therapy",Nb - Moncton,,,,,,https://www.soricimed.com/,BioPharmGuy
BEDROCK THERAPEUTICS,"RNA, Peptide & Gene Therapy",Nc - Chapel Hill,,,,,,https://bedrocktherapeutics.com/,BioPharmGuy
JAYA BIOSCIENCES,"RNA, Peptide & Gene Therapy",Nc - Chapel Hill,,,,,,https://www.jayabio.com/,BioPharmGuy
NEUROGT,"RNA, Peptide & Gene Therapy",Nc - Chapel Hill,,,,,,https://neurogt.com/,BioPharmGuy
ATSENA THERAPEUTICS,"RNA, Peptide & Gene Therapy",Nc - Durham,,,,,,https://atsenatx.com/,BioPharmGuy
ELDEC PHARMACEUTICALS,"RNA, Peptide & Gene Therapy",Nc - Durham,,,,,,https://eldecpharmaceuticals.com/,BioPharmGuy
TORQUE BIO,"RNA, Peptide & Gene Therapy",Nc - Durham,,,,,,https://torquebio.com/,BioPharmGuy
TUNE THERAPEUTICS,"RNA, Peptide & Gene Therapy",Nc - Durham,,,,,,https://tunetx.com/,BioPharmGuy
KRIYA THERAPEUTICS,"RNA, Peptide & Gene Therapy",Nc - Morrisville,,,,,,https://kriyatherapeutics.com/,BioPharmGuy
GENEVENTIV THERAPEUTICS,"RNA, Peptide & Gene Therapy",Nc - Raleigh,,,,,,https://www.geneventiv.com/,BioPharmGuy
OPUS GENETICS,"RNA, Peptide & Gene Therapy",Nc - Raleigh,,,,,,https://opusgtx.com/,BioPharmGuy
BLACK SWAN PHARMACEUTICALS,"RNA, Peptide & Gene Therapy",Nc - Wake Forest,,,,,,https://www.blackswanpharmaceuticals.com/,BioPharmGuy
UNIQURE,"RNA, Peptide & Gene Therapy",Netherlands - Amsterdam,,,,,,https://www.uniqure.com/,BioPharmGuy
VECTORY THERAPEUTICS,"RNA, Peptide & Gene Therapy",Netherlands - Amsterdam,,,,,,https://www.vectorytx.com/,BioPharmGuy
TEMPLE THERAPEUTICS,"RNA, Peptide & Gene Therapy",Netherlands - Geleen,,,,,,https://templerx.com/,BioPharmGuy
AMARNA THERAPEUTICS,"RNA, Peptide & Gene Therapy",Netherlands - Leiden,,,,,,https://www.amarnatherapeutics.com/,BioPharmGuy
PROQR THERAPEUTICS,"RNA, Peptide & Gene Therapy",Netherlands - Leiden,,,,,,https://www.proqr.com/,BioPharmGuy
VICO THERAPEUTICS,"RNA, Peptide & Gene Therapy",Netherlands - Leiden,,,,,,https://vicotx.com/,BioPharmGuy
PHLOX THERAPEUTICS,"RNA, Peptide & Gene Therapy",Netherlands - Naarden,,,,,,https://phloxtherapeutics.com/,BioPharmGuy
HYBRIDIZE THERAPEUTICS,"RNA, Peptide & Gene Therapy",Netherlands - Oegstgeest,,,,,,https://hybridizetherapeutics.com/,BioPharmGuy
TREEWAY,"RNA, Peptide & Gene Therapy",Netherlands - Tilburg,,,,,,https://treeway.nl/,BioPharmGuy
AMAROQ THERAPEUTICS,"RNA, Peptide & Gene Therapy",New Zealand - Auckland,,,,,,https://www.amaroqtx.com/,BioPharmGuy
CURONZ,"RNA, Peptide & Gene Therapy",New Zealand - Hamilton,,,,,,http://www.curonz.com/,BioPharmGuy
HUBBLE THERAPEUTICS,"RNA, Peptide & Gene Therapy",Nh - Hanover,,,,,,https://hubbletx.com/,BioPharmGuy
ACON PHARMACEUTICALS,"RNA, Peptide & Gene Therapy",Nj - Cranbury,,,,,,https://www.aconpharma.com/,BioPharmGuy
NEUROTEZ,"RNA, Peptide & Gene Therapy",Nj - Jersey City,,,,,,https://neurotez.com/,BioPharmGuy
EOM PHARMACEUTICALS,"RNA, Peptide & Gene Therapy",Nj - Montvale,,,,,,https://eompharma.com/,BioPharmGuy
REGENTREE,"RNA, Peptide & Gene Therapy",Nj - Princeton,,,,,,https://www.regentreellc.com/,BioPharmGuy
PTC THERAPEUTICS,"RNA, Peptide & Gene Therapy",Nj - Warren,,,,,,https://www.ptcbio.com/,BioPharmGuy
CYTOVATION,"RNA, Peptide & Gene Therapy",Norway - Bergen,,,,,,https://www.cytovation.com/,BioPharmGuy
LYTIX BIOPHARMA,"RNA, Peptide & Gene Therapy",Norway - Oslo,,,,,,https://www.lytixbiopharma.com/,BioPharmGuy
NYKODE THERAPEUTICS,"RNA, Peptide & Gene Therapy",Norway - Oslo,,,,,,https://nykode.com/,BioPharmGuy
PCI BIOTECH,"RNA, Peptide & Gene Therapy",Norway - Oslo,,,,,,https://www.pcibiotech.no/,BioPharmGuy
SERODUS,"RNA, Peptide & Gene Therapy",Norway - Oslo,,,,,,https://serodus.com/,BioPharmGuy
APIM THERAPEUTICS,"RNA, Peptide & Gene Therapy",Norway - Rissa,,,,,,https://www.apimtherapeutics.com/,BioPharmGuy
ROSVIVO THERAPEUTICS,"RNA, Peptide & Gene Therapy",Nv - Reno,,,,,,https://rosvivo.com/,BioPharmGuy
PHOENIX NEST,"RNA, Peptide & Gene Therapy",Ny - Brooklyn,,,,,,https://www.phoenixnestbiotech.com/,BioPharmGuy
MIMIVAX,"RNA, Peptide & Gene Therapy",Ny - Buffalo,,,,,,https://www.mimivax.com/,BioPharmGuy
NEPHROGEN,"RNA, Peptide & Gene Therapy",Ny - Long Island,,,,,,https://www.nephrogenbiotech.com/,BioPharmGuy
LIGANDAL,"RNA, Peptide & Gene Therapy",Ny - Long Island City,,,,,,https://ligandal.com/,BioPharmGuy
APERTURA GENE THERAPY,"RNA, Peptide & Gene Therapy",Ny - New York,,,,,,https://aperturagtx.com/,BioPharmGuy
BIONIC SIGHT,"RNA, Peptide & Gene Therapy",Ny - New York,,,,,,https://www.bionicsightllc.com/,BioPharmGuy
CELL BIOENGINES,"RNA, Peptide & Gene Therapy",Ny - New York,,,,,,https://cellbioengines.com/,BioPharmGuy
CHIMERNA THERAPEUTICS,"RNA, Peptide & Gene Therapy",Ny - New York,,,,,,https://www.chimerna.com/,BioPharmGuy
LEXEO THERAPEUTICS,"RNA, Peptide & Gene Therapy",Ny - New York,,,,,,https://www.lexeotx.com/,BioPharmGuy
NEUROGENE,"RNA, Peptide & Gene Therapy",Ny - New York,,,,,,https://www.neurogene.com/,BioPharmGuy
ONCOLYZE,"RNA, Peptide & Gene Therapy",Ny - New York,,,,,,https://oncolyze.com/,BioPharmGuy
PREVAIL THERAPEUTICS,"RNA, Peptide & Gene Therapy",Ny - New York,,,,,,https://prevailtherapeutics.com/,BioPharmGuy
PROTAGENIC THERAPEUTICS,"RNA, Peptide & Gene Therapy",Ny - New York,,,,,,https://protagenic.com/,BioPharmGuy
SCOPUS BIOPHARMA,"RNA, Peptide & Gene Therapy",Ny - New York,,,,,,https://scopusbiopharma.com/,BioPharmGuy
SPINE BIOPHARMA,"RNA, Peptide & Gene Therapy",Ny - New York,,,,,,https://www.spinebiopharma.com/,BioPharmGuy
CHANNAVIX THERAPEUTICS,"RNA, Peptide & Gene Therapy",Ny - Pittsford,,,,,,https://channavix.com/,BioPharmGuy
ALPHA-1 BIOLOGICS,"RNA, Peptide & Gene Therapy",Ny - Stony Brook,,,,,,https://www.alpha1biologics.com/,BioPharmGuy
ICELL GENE THERAPEUTICS,"RNA, Peptide & Gene Therapy",Ny - Stony Brook,,,,,,https://www.icellgene.com/,BioPharmGuy
NEOMATRIX THERAPEUTICS,"RNA, Peptide & Gene Therapy",Ny - Stony Brook,,,,,,https://www.neomatrixtx.com/,BioPharmGuy
SAPIENCE THERAPEUTICS,"RNA, Peptide & Gene Therapy",Ny - Tarrytown,,,,,,https://sapiencetherapeutics.com/,BioPharmGuy
ARMATUS BIO,"RNA, Peptide & Gene Therapy",Oh - Columbus,,,,,,https://armatusbio.com/,BioPharmGuy
BASKING BIOSCIENCES,"RNA, Peptide & Gene Therapy",Oh - Columbus,,,,,,https://www.baskingbiosciences.com/,BioPharmGuy
BIOSORTIA PHARMACEUTICALS,"RNA, Peptide & Gene Therapy",Oh - Columbus,,,,,,https://biosortia.com/,BioPharmGuy
GENOSERA,"RNA, Peptide & Gene Therapy",Oh - Columbus,,,,,,https://www.genosera.com/,BioPharmGuy
PROTOKINETIX,"RNA, Peptide & Gene Therapy",Oh - Dalton,,,,,,https://www.protokinetix.com/,BioPharmGuy
ATORVIA HEALTH TECHNOLOGIES,"RNA, Peptide & Gene Therapy",On - Kanata,,,,,,https://www.atorvia.co/,BioPharmGuy
SYNG PHARMACEUTICALS,"RNA, Peptide & Gene Therapy",On - Kingston,,,,,,https://www.syngpharma.com/,BioPharmGuy
DEEP GENOMICS,"RNA, Peptide & Gene Therapy",On - Toronto,,,,,,https://www.deepgenomics.com/,BioPharmGuy
YOUTHBIO THERAPEUTICS,"RNA, Peptide & Gene Therapy",On - Toronto,,,,,,https://youthbiotx.com/,BioPharmGuy
ZUCARA THERAPEUTICS,"RNA, Peptide & Gene Therapy",On - Toronto,,,,,,https://www.zucara.ca/,BioPharmGuy
13THERAPEUTICS,"RNA, Peptide & Gene Therapy",Or - Portland,,,,,,http://www.13therapeutics.com/,BioPharmGuy
NANOCELL THERAPEUTICS,"RNA, Peptide & Gene Therapy",Pa - Berwyn,,,,,,https://nanocelltx.com/,BioPharmGuy
LADDER BIO,"RNA, Peptide & Gene Therapy",Pa - Blue Bell,,,,,,https://ladderbio.com/,BioPharmGuy
MERLIN BIOTECH,"RNA, Peptide & Gene Therapy",Pa - Doylestown,,,,,,https://www.merlinbiotech.com/,BioPharmGuy
PROLIFAGEN THERAPEUTICS,"RNA, Peptide & Gene Therapy",Pa - Doylestown,,,,,,https://prolifagen.com/,BioPharmGuy
CODE BIOTHERAPEUTICS,"RNA, Peptide & Gene Therapy",Pa - Hatfield,,,,,,https://www.codebiotx.com/,BioPharmGuy
EXEGENESIS BIO,"RNA, Peptide & Gene Therapy",Pa - Horsham,,,,,,https://exegenesisbio.com/,BioPharmGuy
PHIO PHARMACEUTICALS,"RNA, Peptide & Gene Therapy",Pa - King Of Prussia,,,,,,https://phiopharma.com/,BioPharmGuy
XYLOCOR THERAPEUTICS,"RNA, Peptide & Gene Therapy",Pa - King Of Prussia,,,,,,http://xylocor.com/,BioPharmGuy
AVSTERA THERAPEUTICS,"RNA, Peptide & Gene Therapy",Pa - Malvern,,,,,,https://avstera.com/,BioPharmGuy
CHIMERON BIO,"RNA, Peptide & Gene Therapy",Pa - Philadelphia,,,,,,https://www.chimeron.com/,BioPharmGuy
GEMMA BIOTHERAPEUTICS,"RNA, Peptide & Gene Therapy",Pa - Philadelphia,,,,,,https://www.gemmabiotx.com/,BioPharmGuy
LONGEVITY BIOTECH,"RNA, Peptide & Gene Therapy",Pa - Philadelphia,,,,,,https://www.longevitybiotech.com/,BioPharmGuy
NEUEXCELL THERAPEUTICS,"RNA, Peptide & Gene Therapy",Pa - Philadelphia,,,,,,https://neuexcell.com/,BioPharmGuy
PASSAGE BIO,"RNA, Peptide & Gene Therapy",Pa - Philadelphia,,,,,,https://www.passagebio.com/home/default.aspx,BioPharmGuy
PEROXITECH,"RNA, Peptide & Gene Therapy",Pa - Philadelphia,,,,,,http://www.peroxitech.com/,BioPharmGuy
SPIROVANT SCIENCES,"RNA, Peptide & Gene Therapy",Pa - Philadelphia,,,,,,https://spirovant.com/,BioPharmGuy
AVISTA THERAPEUTICS,"RNA, Peptide & Gene Therapy",Pa - Pittsburgh,,,,,,https://www.avistatx.com/,BioPharmGuy
KRYSTAL BIOTECH,"RNA, Peptide & Gene Therapy",Pa - Pittsburgh,,,,,,https://www.krystalbio.com/,BioPharmGuy
PEPTILOGICS,"RNA, Peptide & Gene Therapy",Pa - Pittsburgh,,,,,,https://peptilogics.com/,BioPharmGuy
VERRICA PHARMACEUTICALS,"RNA, Peptide & Gene Therapy",Pa - West Chester,,,,,,https://verrica.com/,BioPharmGuy
EXCELLTHERA,"RNA, Peptide & Gene Therapy",Qc - Montréal,,,,,,https://excellthera.com/,BioPharmGuy
REPLICOR,"RNA, Peptide & Gene Therapy",Qc - Montréal,,,,,,https://replicor.com/,BioPharmGuy
FELDAN THERAPEUTICS,"RNA, Peptide & Gene Therapy",Qc - Quebec City,,,,,,https://www.feldan.com/,BioPharmGuy
FIND THERAPEUTICS,"RNA, Peptide & Gene Therapy",Qc - Saint-Laurent,,,,,,https://www.findtherapeutics.com/,BioPharmGuy
BOLDEN THERAPEUTICS,"RNA, Peptide & Gene Therapy",Ri - Providence,,,,,,https://www.boldentherapeutics.com/,BioPharmGuy
CARMINE THERAPEUTICS,"RNA, Peptide & Gene Therapy",Singapore - Singapore,,,,,,https://www.carminetherapeutics.com/,BioPharmGuy
NUEVOCOR,"RNA, Peptide & Gene Therapy",Singapore - Singapore,,,,,,https://www.nuevocor.com/,BioPharmGuy
BIOINTAXIS,"RNA, Peptide & Gene Therapy",Spain - Barcelona,,,,,,https://www.biointaxis.com/,BioPharmGuy
ESTEVE,"RNA, Peptide & Gene Therapy",Spain - Barcelona,,,,,,https://www.esteve.com/global,BioPharmGuy
PEPTOMYC,"RNA, Peptide & Gene Therapy",Spain - Barcelona,,,,,,https://www.peptomyc.com/,BioPharmGuy
SPLICEBIO,"RNA, Peptide & Gene Therapy",Spain - Barcelona,,,,,,https://splice.bio/,BioPharmGuy
TYRIS THERAPEUTICS,"RNA, Peptide & Gene Therapy",Spain - Barcelona,,,,,,https://tyristx.com/,BioPharmGuy
APTATARGETS,"RNA, Peptide & Gene Therapy",Spain - Madrid,,,,,,https://aptatargets.com/,BioPharmGuy
SYLENTIS,"RNA, Peptide & Gene Therapy",Spain - Madrid,,,,,,https://sylentis.com/,BioPharmGuy
TETRANEURON,"RNA, Peptide & Gene Therapy",Spain - Madrid,,,,,,https://tetraneuron.com/en/,BioPharmGuy
ARTHEX BIOTECH,"RNA, Peptide & Gene Therapy",Spain - Paterna,,,,,,https://www.arthexbiotech.com/,BioPharmGuy
ELICERA THERAPEUTICS,"RNA, Peptide & Gene Therapy",Sweden - Gothenburg,,,,,,https://www.elicera.com/,BioPharmGuy
COEGIN PHARMA,"RNA, Peptide & Gene Therapy",Sweden - Lund,,,,,,https://www.coeginpharma.com/,BioPharmGuy
XINNATE,"RNA, Peptide & Gene Therapy",Sweden - Lund,,,,,,https://xinnate.com/,BioPharmGuy
APTAHEM,"RNA, Peptide & Gene Therapy",Sweden - Malmö,,,,,,https://aptahem.com/en/,BioPharmGuy
RIBOCURE PHARMACEUTICALS,"RNA, Peptide & Gene Therapy",Sweden - Mölndal,,,,,,https://ribocure.com/,BioPharmGuy
SOMAGENETIX,"RNA, Peptide & Gene Therapy",Switzerland - Altendorf,,,,,,https://www.somagenetix.com/,BioPharmGuy
ALTAMIRA THERAPEUTICS,"RNA, Peptide & Gene Therapy",Switzerland - Basel,,,,,,https://altamiratherapeutics.com/,BioPharmGuy
RHYGAZE,"RNA, Peptide & Gene Therapy",Switzerland - Basel,,,,,,https://www.rhygaze.com/,BioPharmGuy
TRANSLATION-X,"RNA, Peptide & Gene Therapy",Switzerland - Basel,,,,,,https://www.trx-therapeutics.com/,BioPharmGuy
VERSAMEB,"RNA, Peptide & Gene Therapy",Switzerland - Basel,,,,,,https://versameb.com/,BioPharmGuy
AVRION THERAPEUTICS,"RNA, Peptide & Gene Therapy",Switzerland - Lausanne,,,,,,https://www.avriontx.com/,BioPharmGuy
HAYA THERAPEUTICS,"RNA, Peptide & Gene Therapy",Switzerland - Lausanne,,,,,,https://www.hayatx.com/,BioPharmGuy
DINAQOR,"RNA, Peptide & Gene Therapy",Switzerland - Schlieren,,,,,,https://www.dinaqor.com/,BioPharmGuy
ALNYLAM PHARMACEUTICALS,"RNA, Peptide & Gene Therapy",Switzerland - Zug,,,,,,https://www.alnylam.com/,BioPharmGuy
APELLIS PHARMACEUTICALS,"RNA, Peptide & Gene Therapy",Switzerland - Zug,,,,,,https://apellis.com/,BioPharmGuy
AMYTRX THERAPEUTICS,"RNA, Peptide & Gene Therapy",Tn - Nashville,,,,,,https://www.amytrx.com/,BioPharmGuy
BIOGENE THERAPEUTICS,"RNA, Peptide & Gene Therapy",Tx - Austin,,,,,,https://www.biogenetherapeutics.com/,BioPharmGuy
GENPREX,"RNA, Peptide & Gene Therapy",Tx - Austin,,,,,,https://www.genprex.com/,BioPharmGuy
BIO-PATH HOLDINGS,"RNA, Peptide & Gene Therapy",Tx - Bellaire,,,,,,https://www.biopathholdings.com/,BioPharmGuy
NANOSCOPE THERAPEUTICS,"RNA, Peptide & Gene Therapy",Tx - Dallas,,,,,,https://nanostherapeutics.com/,BioPharmGuy
TAYSHA GENE THERAPIES,"RNA, Peptide & Gene Therapy",Tx - Dallas,,,,,,https://tayshagtx.com/,BioPharmGuy
VAXXINITY,"RNA, Peptide & Gene Therapy",Tx - Dallas,,,,,,https://vaxxinity.com/,BioPharmGuy
CHRYSALIS BIOTHERAPEUTICS,"RNA, Peptide & Gene Therapy",Tx - Galveston,,,,,,https://chrysbio.com/,BioPharmGuy
MEDLEY THERAPEUTICS,"RNA, Peptide & Gene Therapy",Tx - Houston,,,,,,https://www.medleytx.com/,BioPharmGuy
NEUROGENE,"RNA, Peptide & Gene Therapy",Tx - Houston,,,,,,https://www.neurogene.com/,BioPharmGuy
VELVET THERAPEUTICS,"RNA, Peptide & Gene Therapy",Tx - Houston,,,,,,https://www.velvettherapeutics.com/,BioPharmGuy
RADELLA PHARMACEUTICALS,"RNA, Peptide & Gene Therapy",Uk - Aberdeen,,,,,,https://www.radellapharma.com/,BioPharmGuy
BICYCLE THERAPEUTICS,"RNA, Peptide & Gene Therapy",Uk - Cambridge,,,,,,https://www.bicycletherapeutics.com/,BioPharmGuy
BROKEN STRING BIOSCIENCES,"RNA, Peptide & Gene Therapy",Uk - Cambridge,,,,,,https://www.brokenstringbio.com/,BioPharmGuy
ELEVEN THERAPEUTICS,"RNA, Peptide & Gene Therapy",Uk - Cambridge,,,,,,https://eleventx.com/,BioPharmGuy
HARNESS THERAPEUTICS,"RNA, Peptide & Gene Therapy",Uk - Cambridge,,,,,,https://www.harnesstx.com/,BioPharmGuy
VIROTHERA,"RNA, Peptide & Gene Therapy",Uk - Cambridge,,,,,,https://www.virothera.co.uk/,BioPharmGuy
BLACKFINBIO,"RNA, Peptide & Gene Therapy",Uk - Cheshire,,,,,,https://blackfin.bio/,BioPharmGuy
SENISCA,"RNA, Peptide & Gene Therapy",Uk - Exeter,,,,,,https://www.senisca.com/,BioPharmGuy
CAUSEWAY THERAPEUTICS,"RNA, Peptide & Gene Therapy",Uk - Glasgow,,,,,,https://www.causewaytx.com/,BioPharmGuy
CONCINNITY GENETICS,"RNA, Peptide & Gene Therapy",Uk - Glasgow,,,,,,https://www.concinnitygenetics.com/,BioPharmGuy
ILC THERAPEUTICS,"RNA, Peptide & Gene Therapy",Uk - Glasgow,,,,,,https://www.ilctherapeutics.com/,BioPharmGuy
SISAF,"RNA, Peptide & Gene Therapy",Uk - Guildford,,,,,,https://sisaf.com/,BioPharmGuy
MODERNA THERAPEUTICS,"RNA, Peptide & Gene Therapy",Uk - Harwell,,,,,,https://www.modernatx.com/en-US?,BioPharmGuy
AVIADOBIO,"RNA, Peptide & Gene Therapy",Uk - London,,,,,,https://aviadobio.com/,BioPharmGuy
AXOVIA THERAPEUTICS,"RNA, Peptide & Gene Therapy",Uk - London,,,,,,https://axoviatherapeutics.com/,BioPharmGuy
BEACON THERAPEUTICS,"RNA, Peptide & Gene Therapy",Uk - London,,,,,,https://www.beacontx.com/,BioPharmGuy
CYTOVATION,"RNA, Peptide & Gene Therapy",Uk - London,,,,,,https://www.cytovation.com/,BioPharmGuy
GENFLOW BIOSCIENCES,"RNA, Peptide & Gene Therapy",Uk - London,,,,,,https://genflowbio.com/,BioPharmGuy
MEIRAGTX,"RNA, Peptide & Gene Therapy",Uk - London,,,,,,https://meiragtx.com/,BioPharmGuy
MINA THERAPEUTICS,"RNA, Peptide & Gene Therapy",Uk - London,,,,,,https://minatx.com/,BioPharmGuy
NUNTIUS THERAPEUTICS,"RNA, Peptide & Gene Therapy",Uk - London,,,,,,https://nuntiustx.com/,BioPharmGuy
ORCHARD THERAPEUTICS,"RNA, Peptide & Gene Therapy",Uk - London,,,,,,https://www.orchard-tx.com/,BioPharmGuy
PHAIM PHARMA,"RNA, Peptide & Gene Therapy",Uk - London,,,,,,https://www.phaim.co.uk/,BioPharmGuy
POOLBEG PHARMA,"RNA, Peptide & Gene Therapy",Uk - London,,,,,,https://www.poolbegpharma.com/,BioPharmGuy
PURESPRING THERAPEUTICS,"RNA, Peptide & Gene Therapy",Uk - London,,,,,,https://purespringtx.com/,BioPharmGuy
ALNYLAM PHARMACEUTICALS,"RNA, Peptide & Gene Therapy",Uk - Maidenhead,,,,,,https://www.alnylam.com/,BioPharmGuy
IKAROVEC,"RNA, Peptide & Gene Therapy",Uk - Norwich,,,,,,https://ikarovec.com/,BioPharmGuy
ALVEOGENE,"RNA, Peptide & Gene Therapy",Uk - Oxford,,,,,,https://alveogene.com/,BioPharmGuy
OCHRE BIO,"RNA, Peptide & Gene Therapy",Uk - Oxford,,,,,,https://www.ochre-bio.com/,BioPharmGuy
SYNAPTIXBIO,"RNA, Peptide & Gene Therapy",Uk - Oxford,,,,,,https://www.synaptixbio.com/,BioPharmGuy
NANOGENICS,"RNA, Peptide & Gene Therapy",Uk - Selkirk,,,,,,https://nanogenics.co.uk/en/,BioPharmGuy
PLASTICELL,"RNA, Peptide & Gene Therapy",Uk - Stevenage,,,,,,http://www.plasticell.co.uk/,BioPharmGuy
SPUR THERAPEUTICS,"RNA, Peptide & Gene Therapy",Uk - Stevenage,,,,,,https://spurtherapeutics.com/,BioPharmGuy
EPILEPSYGTX,"RNA, Peptide & Gene Therapy",Uk - Waterbeach,,,,,,https://www.epilepsygtx.com/,BioPharmGuy
PRIMERA THERAPEUTICS,"RNA, Peptide & Gene Therapy",Us - Virtual,,,,,,https://primeratherapeutics.com/,BioPharmGuy
E-STAR BIOTECH,"RNA, Peptide & Gene Therapy",Ut - Salt Lake City,,,,,,https://www.e-star.bio/,BioPharmGuy
SERPIN PHARMA,"RNA, Peptide & Gene Therapy",Va - Manassas,,,,,,https://serpinpharma.com/,BioPharmGuy
REALTA LIFE SCIENCES,"RNA, Peptide & Gene Therapy",Va - Norfolk,,,,,,https://realtalifesciences.com/,BioPharmGuy
XEQUEL BIO,"RNA, Peptide & Gene Therapy",Virtual - Virtual,,,,,,https://xequel.com/,BioPharmGuy
BIOVIVA SCIENCE,"RNA, Peptide & Gene Therapy",Wa - Bainbridge Island,,,,,,https://bioviva-science.com/,BioPharmGuy
ALLYSTA PHARMACEUTICALS,"RNA, Peptide & Gene Therapy",Wa - Bellevue,,,,,,https://www.allysta.com/,BioPharmGuy
PHARMAIN,"RNA, Peptide & Gene Therapy",Wa - Bothell,,,,,,https://pharmain.com/,BioPharmGuy
ALTPEP,"RNA, Peptide & Gene Therapy",Wa - Seattle,,,,,,https://altpep.com/,BioPharmGuy
KINEA BIO,"RNA, Peptide & Gene Therapy",Wa - Seattle,,,,,,https://kineabio.com/,BioPharmGuy
MALARVX,"RNA, Peptide & Gene Therapy",Wa - Seattle,,,,,,https://malarvx.com/,BioPharmGuy
MYOSANA THERAPEUTICS,"RNA, Peptide & Gene Therapy",Wa - Seattle,,,,,,https://www.myosanatherapeutics.com/,BioPharmGuy
NAPAJEN PHARMA,"RNA, Peptide & Gene Therapy",Wa - Seattle,,,,,,https://www.napajen.com/ja/,BioPharmGuy
SANA BIOTECHNOLOGY,"RNA, Peptide & Gene Therapy",Wa - Seattle,,,,,,https://sana.com/,BioPharmGuy
SHAPE THERAPEUTICS,"RNA, Peptide & Gene Therapy",Wa - Seattle,,,,,,https://shapetx.com/,BioPharmGuy
TUNE THERAPEUTICS,"RNA, Peptide & Gene Therapy",Wa - Seattle,,,,,,https://tunetx.com/,BioPharmGuy
ARROWHEAD PHARMACEUTICALS,"RNA, Peptide & Gene Therapy",Wi - Madison,,,,,,https://arrowheadpharma.com/en-us,BioPharmGuy
ENDSULIN,"RNA, Peptide & Gene Therapy",Wi - Madison,,,,,,https://endsulin.com/,BioPharmGuy
ARROWHEAD PHARMACEUTICALS,"RNA, Peptide & Gene Therapy",Wi - Verona,,,,,,https://arrowheadpharma.com/en-us,BioPharmGuy
IGY LIFE SCIENCES,Antibodies,Ab - Airdrie,,,,,,https://igylifesciences.com/,BioPharmGuy
SOUTHERNBIOTECH,Antibodies,Al - Birmingham,,,,,,https://www.southernbiotech.com,BioPharmGuy
ACYTE BIOTECH,Antibodies,Australia - Brisbane,,,,,,http://www.acyte.com/,BioPharmGuy
METAGENE,Antibodies,Australia - Murarrie,,,,,,https://www.metagene.com.au/,BioPharmGuy
OMNIAB,Antibodies,Az - Oro Valley,,,,,,https://www.omniab.com/,BioPharmGuy
ARTRON BIORESEARCH,Antibodies,Bc - Burnaby,,,,,,https://www.artronbioresearch.com/index.php/index_english.html,BioPharmGuy
CYTIVA,Antibodies,Bc - Burnaby,,,,,,https://www.cytivalifesciences.com/en/us,BioPharmGuy
GENOMEME,Antibodies,Bc - Richmond,,,,,,https://www.genomeme.ca/,BioPharmGuy
STEMCELL TECHNOLOGIES,Antibodies,Bc - Vancouver,,,,,,https://www.stemcell.com/,BioPharmGuy
MINDWALK,Antibodies,Bc - Victoria,,,,,,https://www.mindwalkai.com/,BioPharmGuy
SYNABS,Antibodies,Belgium - Gosselies,,,,,,https://www.synabs.be/,BioPharmGuy
ABIOCODE,Antibodies,Ca - Agoura Hills,,,,,,http://www.abiocode.com/,BioPharmGuy
MILTENYI BIOTEC,Antibodies,Ca - Auburn,,,,,,https://www.miltenyibiotec.com/IE-en/,BioPharmGuy
BECKMAN COULTER DIAGNOSTICS,Antibodies,Ca - Brea,,,,,,https://www.beckmancoulter.com,BioPharmGuy
YENZYM ANTIBODIES,Antibodies,Ca - Brisbane,,,,,,https://www.yenzym.com/,BioPharmGuy
PHOENIX PHARMACEUTICALS,Antibodies,Ca - Burlingame,,,,,,https://phoenixpeptide.com/,BioPharmGuy
REVMAB,Antibodies,Ca - Burlingame,,,,,,https://www.revmab.com/,BioPharmGuy
ACTIVE MOTIF,Antibodies,Ca - Carlsbad,,,,,,https://www.activemotif.com/,BioPharmGuy
QOOLABS,Antibodies,Ca - Carlsbad,,,,,,https://www.qoolabs.com/qoolabs2/,BioPharmGuy
THERMO FISHER,Antibodies,Ca - Carlsbad,,,,,,https://www.thermofisher.com/us/en/home.html,BioPharmGuy
ANTIBODIES INCORPORATED,Antibodies,Ca - Davis,,,,,,https://www.antibodiesinc.com/index.html,BioPharmGuy
BIOSPACIFIC,Antibodies,Ca - Emeryville,,,,,,https://www.biospacific.com/,BioPharmGuy
OMNIAB,Antibodies,Ca - Emeryville,,,,,,https://www.omniab.com/,BioPharmGuy
TRIPLEBAR,Antibodies,Ca - Emeryville,,,,,,https://triplebar.com/,BioPharmGuy
ABBIOTEC,Antibodies,Ca - Escondido,,,,,,https://www.abbiotec.com/,BioPharmGuy
ANASPEC,Antibodies,Ca - Fremont,,,,,,https://www.anaspec.com/en/,BioPharmGuy
BIOGENEX,Antibodies,Ca - Fremont,,,,,,https://biogenex.com/,BioPharmGuy
THERMO FISHER,Antibodies,Ca - Fremont,,,,,,https://www.thermofisher.com/us/en/home.html,BioPharmGuy
BIO-RAD,Antibodies,Ca - Hercules,,,,,,https://www.bio-rad.com/,BioPharmGuy
IMAGINAB,Antibodies,Ca - Inglewood,,,,,,https://imaginab.com/,BioPharmGuy
BIO-RAD,Antibodies,Ca - Irvine,,,,,,https://www.bio-rad.com/,BioPharmGuy
GENETEX,Antibodies,Ca - Irvine,,,,,,https://www.genetex.com/,BioPharmGuy
MP BIOMEDICALS,Antibodies,Ca - Irvine,,,,,,https://www.mpbio.com/,BioPharmGuy
SILVER LAKE RESEARCH,Antibodies,Ca - Irwindale,,,,,,https://www.silverlakeresearch.com/,BioPharmGuy
AAA BIOTECH,Antibodies,Ca - La Jolla,,,,,,https://www.aaabiotech.com/,BioPharmGuy
CHANTIBODY,Antibodies,Ca - Menlo Park,,,,,,https://chantibody.com/home,BioPharmGuy
CONFOMETRX,Antibodies,Ca - Mountain View,,,,,,https://www.confometrx.com/,BioPharmGuy
EVEREST BIOTECH,Antibodies,Ca - Newark,,,,,,https://everestbiotech.com/,BioPharmGuy
LIFESPAN BIOSCIENCES,Antibodies,Ca - Newark,,,,,,https://www.lsbio.com/,BioPharmGuy
VECTOR LABORATORIES,Antibodies,Ca - Newark,,,,,,https://vectorlabs.com/,BioPharmGuy
BIOCARE MEDICAL,Antibodies,Ca - Pacheco,,,,,,https://biocare.net/,BioPharmGuy
BOSTER BIO,Antibodies,Ca - Pleasanton,,,,,,https://www.bosterbio.com/,BioPharmGuy
PROSCI,Antibodies,Ca - Poway,,,,,,https://www.prosci-inc.com/,BioPharmGuy
PACIFIC IMMUNOLOGY,Antibodies,Ca - Ramona,,,,,,https://www.pacificimmunology.com/,BioPharmGuy
ACCURUS BIOSCIENCES,Antibodies,Ca - Richmond,,,,,,http://accurusbio.com/web/,BioPharmGuy
BIO-RAD,Antibodies,Ca - Richmond,,,,,,https://www.bio-rad.com/,BioPharmGuy
INNOVEX BIOSCIENCES,Antibodies,Ca - Richmond,,,,,,https://innovexbio.com/,BioPharmGuy
PROMAB BIOTECHNOLOGIES,Antibodies,Ca - Richmond,,,,,,https://www.promab.com/,BioPharmGuy
ALADDIN SCIENTIFIC,Antibodies,Ca - Riverside,,,,,,https://www.aladdinsci.com/,BioPharmGuy
CELL MARQUE,Antibodies,Ca - Rocklin,,,,,,https://www.cellmarque.com/cms/index.php,BioPharmGuy
ABCEPTA,Antibodies,Ca - San Diego,,,,,,https://www.abcepta.com/,BioPharmGuy
ABLEXIS,Antibodies,Ca - San Diego,,,,,,https://www.ablexis.com/,BioPharmGuy
ABTERRA BIOSCIENCES,Antibodies,Ca - San Diego,,,,,,https://abterrabio.com/,BioPharmGuy
ALLELE BIOTECHNOLOGY,Antibodies,Ca - San Diego,,,,,,https://allelebiotech.com/,BioPharmGuy
AVIVA SYSTEMS BIOLOGY,Antibodies,Ca - San Diego,,,,,,https://www.avivasysbio.com/,BioPharmGuy
BIOLEGEND,Antibodies,Ca - San Diego,,,,,,https://www.biolegend.com/,BioPharmGuy
LEVENA BIOPHARMA,Antibodies,Ca - San Diego,,,,,,https://www.levenabiopharma.com/,BioPharmGuy
MILTENYI BIOTEC,Antibodies,Ca - San Diego,,,,,,https://www.miltenyibiotec.com/IE-en/,BioPharmGuy
MOLECULAR DEPOT,Antibodies,Ca - San Diego,,,,,,https://moleculardepot.com/,BioPharmGuy
MYBIOSOURCE,Antibodies,Ca - San Diego,,,,,,https://www.mybiosource.com/,BioPharmGuy
SCRIPPS LABORATORIES,Antibodies,Ca - San Diego,,,,,,https://scrippslabs.com/,BioPharmGuy
ICOSAGEN CELL FACTORY,Antibodies,Ca - San Francisco,,,,,,https://www.icosagen.com/,BioPharmGuy
ABBOMAX,Antibodies,Ca - San Jose,,,,,,https://www.abbomax.com/,BioPharmGuy
ACROBIOSYSTEMS,Antibodies,Ca - San Jose,,,,,,https://acrobiosystems.com.cn/,BioPharmGuy
ASSAY BIOTECHNOLOGY,Antibodies,Ca - San Jose,,,,,,https://assaybiotechnology.com/,BioPharmGuy
SINGLE CELL TECHNOLOGY,Antibodies,Ca - San Jose,,,,,,https://singlecelltechnology.com/,BioPharmGuy
PROMEGA,Antibodies,Ca - San Luis Obispo,,,,,,https://www.promega.com/,BioPharmGuy
ANTIBODY SOLUTIONS,Antibodies,Ca - Santa Clara,,,,,,https://www.antibody.com/,BioPharmGuy
MILLIPORE,Antibodies,Ca - Temecula,,,,,,https://www.sigmaaldrich.com/US/en,BioPharmGuy
MABSWITCH,Antibodies,Ca - Van Nuys,,,,,,https://mabswitch.com/,BioPharmGuy
OYC AMERICAS,Antibodies,Ca - Vista,,,,,,https://www.oycus.com/,BioPharmGuy
ABSEA BIOTECHNOLOGY,Antibodies,China - Beijing,,,,,,https://www.absea.bio/,BioPharmGuy
ACROBIOSYSTEMS,Antibodies,China - Beijing,,,,,,https://acrobiosystems.com.cn/,BioPharmGuy
CORREGENE,Antibodies,China - Beijing,,,,,,https://www.corregene.com/,BioPharmGuy
MABWORKS BIOTECH,Antibodies,China - Beijing,,,,,,https://www.mab-works.com/en/,BioPharmGuy
SINO BIOLOGICAL,Antibodies,China - Beijing,,,,,,https://www.sinobiological.com/,BioPharmGuy
TRANSGEN BIOTECH,Antibodies,China - Beijing,,,,,,https://www.transgenbiotech.com/,BioPharmGuy
BIOSPES,Antibodies,China - Chongqing,,,,,,https://www.biospes.com/,BioPharmGuy
BIO-THERA SOLUTIONS,Antibodies,China - Guangzhou,,,,,,https://www.bio-thera.com/,BioPharmGuy
BIOINTRON,Antibodies,China - Nanjing,,,,,,https://www.biointron.com/,BioPharmGuy
BOAN BIOTECH,Antibodies,China - Nanjing,,,,,,https://www.boan-bio.com/en/,BioPharmGuy
SIGNALWAY ANTIBODY,Antibodies,China - Nanjing,,,,,,https://www.sabbiotech.com/,BioPharmGuy
ACROBIOSYSTEMS,Antibodies,China - Shanghai,,,,,,https://acrobiosystems.com.cn/,BioPharmGuy
BIOINTRON,Antibodies,China - Shanghai,,,,,,https://www.biointron.com/,BioPharmGuy
IMMUNOCAN BIOTECH,Antibodies,China - Shanghai,,,,,,https://immunocan.com/index.php/en-us/,BioPharmGuy
SANGON BIOTECH,Antibodies,China - Shanghai,,,,,,https://www.sangon.com,BioPharmGuy
SANYOU BIOPHARMACEUTICALS,Antibodies,China - Shanghai,,,,,,https://www.sanyoubio.com/,BioPharmGuy
THERMO FISHER,Antibodies,China - Shanghai,,,,,,https://www.thermofisher.com/us/en/home.html,BioPharmGuy
HEAVYBIO,Antibodies,China - Shenzhen,,,,,,https://heavybio.com/en/index.aspx,BioPharmGuy
LEVENA BIOPHARMA,Antibodies,China - Suzhou,,,,,,https://www.levenabiopharma.com/,BioPharmGuy
BIOINTRON,Antibodies,China - Taizhou,,,,,,https://www.biointron.com/,BioPharmGuy
ABBKINE SCIENTIFIC,Antibodies,China - Wuhan,,,,,,https://www.abbkine.com/,BioPharmGuy
AUKER BIOTECH,Antibodies,China - Wuhan,,,,,,https://www.aokebotai.com/,BioPharmGuy
CUSABIO TECHNOLOGY,Antibodies,China - Wuhan,,,,,,https://www.cusabio.com/,BioPharmGuy
FINETEST,Antibodies,China - Wuhan,,,,,,https://www.fn-test.com/,BioPharmGuy
PROTEINTECH,Antibodies,China - Wuhan,,,,,,https://www.ptglab.com/,BioPharmGuy
ORIGENE,Antibodies,China - Wuxi,,,,,,https://www.origene.com/,BioPharmGuy
BOAN BIOTECH,Antibodies,China - Yantai,,,,,,https://www.boan-bio.com/en/,BioPharmGuy
CYTOSKELETON,Antibodies,Co - Denver,,,,,,https://www.cytoskeleton.com/,BioPharmGuy
ENQUIRE BIOREAGENTS,Antibodies,Co - Littleton,,,,,,https://enquirebio.com/,BioPharmGuy
BECKMAN-COULTER,Antibodies,Co - Loveland,,,,,,https://www.beckmancoulter.com,BioPharmGuy
ABBRATECH,Antibodies,Ct - Branford,,,,,,https://abbratech.com/,BioPharmGuy
PROGEN BIOTECHNIK,Antibodies,Ct - East Hartford,,,,,,https://us.progen.com//,BioPharmGuy
THERMO FISHER,Antibodies,Ct - Guilford,,,,,,https://www.thermofisher.com/us/en/home.html,BioPharmGuy
ACROBIOSYSTEMS,Antibodies,De - Newark,,,,,,https://acrobiosystems.com.cn/,BioPharmGuy
BIOMATIK,Antibodies,De - Wilmington,,,,,,https://www.biomatik.com,BioPharmGuy
ICOSAGEN CELL FACTORY,Antibodies,Estonia - Tartu,,,,,,https://www.icosagen.com/,BioPharmGuy
MEDIX BIOCHEMICA,Antibodies,Finland - Espoo,,,,,,https://www.medixbiochemica.com/,BioPharmGuy
HYTEST,Antibodies,Finland - Turku,,,,,,https://hytest.fi/home,BioPharmGuy
ENCOR BIOTECHNOLOGY,Antibodies,Fl - Gainesville,,,,,,https://encorbio.com/,BioPharmGuy
BECKMAN-COULTER,Antibodies,Fl - Miami,,,,,,https://www.beckmancoulter.com,BioPharmGuy
EVQLV,Antibodies,Fl - Surfside,,,,,,https://evqlv.com/,BioPharmGuy
IMMUSMOL,Antibodies,France - Bordeaux,,,,,,https://www.immusmol.com/,BioPharmGuy
MABQI,Antibodies,France - Grabels,,,,,,https://mabqi.com/,BioPharmGuy
PROTEOGENIX,Antibodies,France - Schiltigheim,,,,,,https://www.proteogenix.science/,BioPharmGuy
POLY-DTECH,Antibodies,France - Strasbourg,,,,,,https://poly-dtech.com/,BioPharmGuy
IMMUNDIAGNOSTIK,Antibodies,Germany - Bensheim,,,,,,https://www.immundiagnostik.com/en/home.html,BioPharmGuy
MILTENYI BIOTEC,Antibodies,Germany - Bergisch Gladbach,,,,,,https://www.miltenyibiotec.com/IE-en/,BioPharmGuy
BIOGENES,Antibodies,Germany - Berlin,,,,,,https://www.biogenes.de/,BioPharmGuy
BIOTECHRABBIT,Antibodies,Germany - Berlin,,,,,,https://www.biotechrabbit.com/,BioPharmGuy
SIMRIS BIOLOGICS,Antibodies,Germany - Berlin,,,,,,https://www.simrisbiologics.com/,BioPharmGuy
ABCALIS,Antibodies,Germany - Braunschweig,,,,,,https://abcalis.com/,BioPharmGuy
YUMAB,Antibodies,Germany - Braunschweig,,,,,,https://www.yumab.com/,BioPharmGuy
ACROBIOSYSTEMS,Antibodies,Germany - Frankfurt,,,,,,https://acrobiosystems.com.cn/,BioPharmGuy
SYNAPTIC SYSTEMS,Antibodies,Germany - Goettingen,,,,,,https://www.sysy.com/,BioPharmGuy
NANOTAG BIOTECHNOLOGIES,Antibodies,Germany - Göttingen,,,,,,https://nano-tag.com/,BioPharmGuy
PROGEN BIOTECHNIK,Antibodies,Germany - Heidelberg,,,,,,https://us.progen.com//,BioPharmGuy
VERAXA BIOTECH,Antibodies,Germany - Heidelberg,,,,,,https://www.veraxa.com/,BioPharmGuy
ORIGENE,Antibodies,Germany - Herford,,,,,,https://www.origene.com/,BioPharmGuy
QIAGEN,Antibodies,Germany - Hilden,,,,,,https://www.qiagen.com/us,BioPharmGuy
IMMUNEGLOBE,Antibodies,Germany - Himmelstadt,,,,,,https://www.immunoglobe.com/,BioPharmGuy
EVIDENTIC,Antibodies,Germany - Potsdam,,,,,,https://evidentic.com/,BioPharmGuy
RELIATECH,Antibodies,Germany - Wolfenbüttel,,,,,,https://www.reliatech.de/,BioPharmGuy
GOLD STANDARD DIAGNOSTICS,Antibodies,Hungary - Budapest,,,,,,https://www.goldstandarddiagnostics.com/,BioPharmGuy
PROTEINTECH,Antibodies,Il - Rosemont,,,,,,https://www.ptglab.com/,BioPharmGuy
BECKMAN-COULTER,Antibodies,In - Indianapolis,,,,,,https://www.beckmancoulter.com,BioPharmGuy
XENO DIAGNOSTICS,Antibodies,In - Indianapolis,,,,,,https://xenodiagnostics.com/,BioPharmGuy
ENZYME RESEARCH,Antibodies,In - South Bend,,,,,,https://enzymeresearch.com/,BioPharmGuy
BIOGENEX,Antibodies,India - Hyderabad,,,,,,https://biogenex.com/,BioPharmGuy
ETANA BIOTECHNOLOGIES,Antibodies,Indonesia - Jakarta,,,,,,https://www.id.etanabiotech.com/,BioPharmGuy
ARYOGEN PHARMED,Antibodies,Iran - Tehran,,,,,,https://www.aryogen.com/,BioPharmGuy
ALOMONE LABS,Antibodies,Israel - Jerusalem,,,,,,https://www.alomone.com/,BioPharmGuy
PROSPEC TANY TECHNOGENE,Antibodies,Israel - Rehovot,,,,,,https://prospecbio.com/,BioPharmGuy
DIATHEVA,Antibodies,Italy - Cartoceto,,,,,,https://www.diatheva.com/,BioPharmGuy
REPROCELL,Antibodies,Japan - Kanagawa,,,,,,https://www.reprocell.com/,BioPharmGuy
COGNANO,Antibodies,Japan - Kyoto,,,,,,https://www.cognano.co.jp/,BioPharmGuy
BIOACADEMIA,Antibodies,Japan - Osaka,,,,,,https://www.bioacademia.co.jp/en/,BioPharmGuy
SAMSUNG BIOEPIS,Antibodies,Korea - Incheon,,,,,,https://www.samsungbioepis.com/en/index.do,BioPharmGuy
IMNEWRUN BIOSCIENCE,Antibodies,Korea - Suwon,,,,,,https://www.imnewrun.com/,BioPharmGuy
BIOSYNTH,Antibodies,Ky - Louisville,,,,,,https://www.biosynth.com/,BioPharmGuy
MILLIPORE,Antibodies,Ma - Bedford,,,,,,https://www.sigmaaldrich.com/US/en,BioPharmGuy
WERFEN,Antibodies,Ma - Bedford,,,,,,https://www.werfen.com/na/en,BioPharmGuy
MILLIPORE,Antibodies,Ma - Burlington,,,,,,https://www.sigmaaldrich.com/US/en,BioPharmGuy
ACROBIOSYSTEMS,Antibodies,Ma - Cambridge,,,,,,https://acrobiosystems.com.cn/,BioPharmGuy
NONA BIOSCIENCES,Antibodies,Ma - Cambridge,,,,,,https://nonabio.com/,BioPharmGuy
CELL SIGNALING TECHNOLOGY,Antibodies,Ma - Danvers,,,,,,https://www.cellsignal.com/,BioPharmGuy
MILLIPORE,Antibodies,Ma - Danvers,,,,,,https://www.sigmaaldrich.com/US/en,BioPharmGuy
BIOSYNTH,Antibodies,Ma - Gardner,,,,,,https://www.biosynth.com/,BioPharmGuy
CAPRALOGICS,Antibodies,Ma - Hardwick,,,,,,https://capralogics.com/,BioPharmGuy
SYD LABS,Antibodies,Ma - Hopkinton,,,,,,https://www.sydlabs.com/,BioPharmGuy
CELL SCIENCES,Antibodies,Ma - Newburyport,,,,,,https://www.cellsciences.com/,BioPharmGuy
UNITED STATES BIOLOGICAL,Antibodies,Ma - Salem,,,,,,https://www.usbio.net/,BioPharmGuy
THERMO FISHER,Antibodies,Ma - Tewksbury,,,,,,https://www.thermofisher.com/us/en/home.html,BioPharmGuy
ABCAM,Antibodies,Ma - Waltham,,,,,,https://www.abcam.com/en-us,BioPharmGuy
THERMO FISHER,Antibodies,Ma - Waltham,,,,,,https://www.thermofisher.com/us/en/home.html,BioPharmGuy
ABCLONAL,Antibodies,Ma - Woburn,,,,,,https://abclonal.com/,BioPharmGuy
LEVERAGEN,Antibodies,Ma - Woburn,,,,,,https://leveragen.com/,BioPharmGuy
NOVATEINBIO,Antibodies,Ma - Woburn,,,,,,https://novateinbio.com/,BioPharmGuy
ANTIGEN TARGETING CONSULTING,Antibodies,Ma - Worcester,,,,,,https://www.atcs-incorporated.com/,BioPharmGuy
YUROGEN BIOSYSTEMS,Antibodies,Ma - Worcester,,,,,,https://www.yurogen.com/,BioPharmGuy
THERMO FISHER,Antibodies,Md - Frederick,,,,,,https://www.thermofisher.com/us/en/home.html,BioPharmGuy
CEPHAM LIFE SCIENCES,Antibodies,Md - Fulton,,,,,,https://cephamls.com/,BioPharmGuy
QIAGEN,Antibodies,Md - Germantown,,,,,,https://www.qiagen.com/us,BioPharmGuy
FINA BIOSOLUTIONS,Antibodies,Md - Rockville,,,,,,https://finabio.net/,BioPharmGuy
ORIGENE,Antibodies,Md - Rockville,,,,,,https://www.origene.com/,BioPharmGuy
BBI SOLUTIONS,Antibodies,Me - Portland,,,,,,https://bbisolutions.com/,BioPharmGuy
INNOVATIVE RESEARCH,Antibodies,Mi - Novi,,,,,,https://www.innov-research.com/,BioPharmGuy
BIO-OCEAN,Antibodies,Mn - Arden Hills,,,,,,https://bioocean.com/,BioPharmGuy
BECKMAN COULTER DIAGNOSTICS,Antibodies,Mn - Chaska,,,,,,https://www.beckmancoulter.com,BioPharmGuy
IBL AMERICA,Antibodies,Mn - Minneapolis,,,,,,https://www.ibl-america.com/,BioPharmGuy
R&D SYSTEMS,Antibodies,Mn - Minneapolis,,,,,,https://www.rndsystems.com/,BioPharmGuy
BIOWORLD TECHNOLOGY,Antibodies,Mn - St. Louis,,,,,,https://www.bioworlde.com/,BioPharmGuy
ANTIBODIES.COM,Antibodies,Mo - St. Louis,,,,,,https://www.antibodies.com/,BioPharmGuy
LEINCO TECHNOLOGIES,Antibodies,Mo - St. Louis,,,,,,https://www.leinco.com/,BioPharmGuy
MILLIPORESIGMA,Antibodies,Mo - St. Louis,,,,,,https://www.sigmaaldrich.com/US/en,BioPharmGuy
ANTIBODY RESEARCH,Antibodies,Mo - St. Peters,,,,,,https://antibodyresearch.com/,BioPharmGuy
OMNIAB,Antibodies,Nc - Durham,,,,,,https://www.omniab.com/,BioPharmGuy
CYGNUS TECHNOLOGIES,Antibodies,Nc - Leland,,,,,,https://www.cygnustechnologies.com/,BioPharmGuy
IMMUNOREAGENTS,Antibodies,Nc - Raleigh,,,,,,https://www.immunoreagents.com/,BioPharmGuy
ALDEVRON,Antibodies,Nd - Fargo,,,,,,https://www.aldevron.com/,BioPharmGuy
GENOVAC,Antibodies,Nd - Fargo,,,,,,https://genovac.com/,BioPharmGuy
NORDIC-MUBIO,Antibodies,Netherlands - Susteren,,,,,,https://nordicmubio.com/,BioPharmGuy
HYCULT BIOTECH,Antibodies,Netherlands - Uden,,,,,,https://www.hycultbiotech.com/,BioPharmGuy
SANBIO BV,Antibodies,Netherlands - Uden,,,,,,https://www.sanbio.nl/,BioPharmGuy
THERMO FISHER,Antibodies,New Zealand - Auckland,,,,,,https://www.thermofisher.com/us/en/home.html,BioPharmGuy
AROTEC DIAGNOSTICS,Antibodies,New Zealand - Wellington,,,,,,https://www.arodia.com/,BioPharmGuy
EAGLE BIOSCIENCES,Antibodies,Nh - Amherst,,,,,,https://eaglebio.com/,BioPharmGuy
MILLIPORE,Antibodies,Nh - Jaffrey,,,,,,https://www.sigmaaldrich.com/US/en,BioPharmGuy
ADIMAB,Antibodies,Nh - Lebanon,,,,,,https://adimab.com/,BioPharmGuy
ALPCO DIAGNOSTICS,Antibodies,Nh - Salem,,,,,,https://www.alpco.com/,BioPharmGuy
BIO X CELL,Antibodies,Nh - West Lebanon,,,,,,https://bioxcell.com/,BioPharmGuy
BIOINTRON,Antibodies,Nj - Metuchen,,,,,,https://www.biointron.com/,BioPharmGuy
GENSCRIPT,Antibodies,Nj - Piscataway,,,,,,https://www.genscript.com/,BioPharmGuy
THERMO FISHER,Antibodies,Nj - Raritan,,,,,,https://www.thermofisher.com/us/en/home.html,BioPharmGuy
SANDIA BIOTECH,Antibodies,Nm - Albuquerque,,,,,,https://sandiabio.com/,BioPharmGuy
SPECIFICA,Antibodies,Nm - Santa Fe,,,,,,https://www.specifica.bio/,BioPharmGuy
THERMO FISHER,Antibodies,Norway - Oslo,,,,,,https://www.thermofisher.com/us/en/home.html,BioPharmGuy
ARX SCIENCES,Antibodies,Ny - Buffalo,,,,,,https://arxsciences.com/,BioPharmGuy
ENZO LIFE SCIENCES,Antibodies,Ny - Farmingdale,,,,,,https://www.enzo.com/,BioPharmGuy
THERMO FISHER,Antibodies,Ny - Grand Island,,,,,,https://www.thermofisher.com/us/en/home.html,BioPharmGuy
AMPERSAND BIOSCIENCES,Antibodies,Ny - Lake Clear,,,,,,https://ampersandbio.com/,BioPharmGuy
APHEON BIOSCIENCE,Antibodies,Ny - Rensselaer,,,,,,https://apheonbio.com/,BioPharmGuy
CREATIVE DIAGNOSTICS,Antibodies,Ny - Shirley,,,,,,https://www.creative-diagnostics.com/,BioPharmGuy
AFFINITY BIOSCIENCES,Antibodies,Oh - Cincinnati,,,,,,https://www.affbiotech.com/,BioPharmGuy
MABTECH,Antibodies,Oh - Cincinnati,,,,,,https://www.mabtech.com/,BioPharmGuy
MP BIOMEDICALS,Antibodies,Oh - Solon,,,,,,https://www.mpbio.com/,BioPharmGuy
DIAPHARMA,Antibodies,Oh - West Chester,,,,,,https://diapharma.com/,BioPharmGuy
PURMABIOLOGICS,Antibodies,Ok - Oklahoma City,,,,,,https://purmabiologics.com/,BioPharmGuy
AFFINITY BIOLOGICALS,Antibodies,On - Ancaster,,,,,,https://affinitybiologicals.com/,BioPharmGuy
THERMO FISHER,Antibodies,On - Burlington,,,,,,https://www.thermofisher.com/us/en/home.html,BioPharmGuy
BIOMATIK,Antibodies,On - Kitchener,,,,,,https://www.biomatik.com,BioPharmGuy
ANOGEN,Antibodies,On - Mississauga,,,,,,https://www.anogen.net/,BioPharmGuy
PHENOMIC AI,Antibodies,On - Toronto,,,,,,https://phenomic.ai,BioPharmGuy
THERMO FISHER,Antibodies,On - Whitby,,,,,,https://www.thermofisher.com/us/en/home.html,BioPharmGuy
THERMO FISHER,Antibodies,Or - Eugene,,,,,,https://www.thermofisher.com/us/en/home.html,BioPharmGuy
NEWEAST BIOSCIENCES,Antibodies,Pa - Glenmoore,,,,,,https://neweastbio.com/,BioPharmGuy
ROCKLAND IMMUNOCHEMICALS,Antibodies,Pa - Limerick,,,,,,https://www.rockland.com/,BioPharmGuy
BIO-RAD,Antibodies,Pa - Philadelphia,,,,,,https://www.bio-rad.com/,BioPharmGuy
INTEGRAL MOLECULAR,Antibodies,Pa - Philadelphia,,,,,,https://www.integralmolecular.com/,BioPharmGuy
LAMPIRE BIOLOGICAL LABS,Antibodies,Pa - Pipersville,,,,,,https://www.lampire.com/,BioPharmGuy
HYCULT BIOTECH,Antibodies,Pa - Wayne,,,,,,https://www.hycultbiotech.com/,BioPharmGuy
LIFE DIAGNOSTICS,Antibodies,Pa - West Chester,,,,,,https://lifediagnostics.com/,BioPharmGuy
SOMRU BIOSCIENCE,Antibodies,Pe - Charlottetown,,,,,,https://somrubioscience.com/,BioPharmGuy
AFFINITYIMMUNO,Antibodies,Pe - Charlotttetown,,,,,,https://affinityimmuno.com/,BioPharmGuy
MABION,Antibodies,Poland - Konstantynów,,,,,,https://www.mabion.eu/,BioPharmGuy
SICGEN,Antibodies,Portugal - Cantanhede,,,,,,https://sicgen.pt/,BioPharmGuy
LXBIO PHARMACEUTICALS,Antibodies,Portugal - Lisbon,,,,,,https://www.lxbio.pt/,BioPharmGuy
LANLEYS INTERNATIONAL,Antibodies,Qc - Laval,,,,,,https://www.lanleys.com/en/index.php,BioPharmGuy
IMMUNE BIOSOLUTIONS,Antibodies,Qc - Sherbrooke,,,,,,https://immunebiosolutions.com/,BioPharmGuy
BOAN BIOTECH,Antibodies,Singapore - Singapore,,,,,,https://www.boan-bio.com/en/,BioPharmGuy
CHUGAI PHARMABODY RESEARCH,Antibodies,Singapore - Singapore,,,,,,https://www.chugai-pharmabody.com/,BioPharmGuy
PRESTIGE BIOLOGICS,Antibodies,Singapore - Singapore,,,,,,https://prestigebiologics.com/,BioPharmGuy
DB BIOTECH,Antibodies,Slovakia - Kosice,,,,,,https://www.dbbiotech.com/,BioPharmGuy
BBI SOLUTIONS,Antibodies,South Africa - Cape Town,,,,,,https://bbisolutions.com/,BioPharmGuy
ONA THERAPEUTICS,Antibodies,Spain - Barcelona,,,,,,https://ona-therapeutics.com/,BioPharmGuy
WERFEN,Antibodies,Spain - Barcelona,,,,,,https://www.werfen.com/na/en,BioPharmGuy
REKOM BIOTECH,Antibodies,Spain - Granada,,,,,,https://www.rekombiotech.com/en,BioPharmGuy
ABYNTEK BIOPHARMA,Antibodies,Spain - Vizcaya,,,,,,https://www.abyntek.com/?lang=en,BioPharmGuy
BIOCLONAL,Antibodies,Spain - Zaragoza,,,,,,https://bioclonal.es/,BioPharmGuy
INNOVAGEN,Antibodies,Sweden - Lund,,,,,,https://www.innovagen.com/,BioPharmGuy
MABTECH,Antibodies,Sweden - Nacka Strand,,,,,,https://www.mabtech.com/,BioPharmGuy
AAX BIOTECH,Antibodies,Sweden - Solna,,,,,,https://www.aaxbiotech.com/,BioPharmGuy
ANTIBODIES.COM,Antibodies,Sweden - Stockholm,,,,,,https://www.antibodies.com/,BioPharmGuy
ATLAS ANTIBODIES,Antibodies,Sweden - Stockholm,,,,,,https://www.atlasantibodies.com/,BioPharmGuy
AGRISERA,Antibodies,Sweden - Vännäs,,,,,,https://www.agrisera.com/,BioPharmGuy
ACROBIOSYSTEMS,Antibodies,Switzerland - Basel,,,,,,https://acrobiosystems.com.cn/,BioPharmGuy
CIS PHARMA,Antibodies,Switzerland - Bubendorf,,,,,,https://www.cis-pharma.com/,BioPharmGuy
EXCELLGENE,Antibodies,Switzerland - Monthey,,,,,,https://excellgene.com/,BioPharmGuy
TRINA BIOREACTIVES,Antibodies,Switzerland - Naenikon,,,,,,https://www.trinabio.com/,BioPharmGuy
LUBIOSCIENCE,Antibodies,Switzerland - Zürich,,,,,,https://www.lubio.ch/,BioPharmGuy
GLYCONEX,Antibodies,Taiwan - New Taipei City,,,,,,https://www.glyconex.com.tw/index.php/zh/?lang=en,BioPharmGuy
ABNOVA,Antibodies,Taiwan - Taipei,,,,,,https://www.abnova.com/en-global,BioPharmGuy
MERIDIAN LIFE SCIENCE,Antibodies,Tn - Memphis,,,,,,https://www.meridianbioscience.com/lifescience/,BioPharmGuy
SANTA CRUZ BIOTECHNOLOGY,Antibodies,Tx - Dallas,,,,,,https://www.scbt.com/home,BioPharmGuy
FABGENNIX,Antibodies,Tx - Frisco,,,,,,https://fabgennix.com,BioPharmGuy
ASTERO ERADO,Antibodies,Tx - Houston,,,,,,https://asteroerado.com/,BioPharmGuy
CUSABIO TECHNOLOGY,Antibodies,Tx - Houston,,,,,,https://www.cusabio.com/,BioPharmGuy
BIO-SYNTHESIS,Antibodies,Tx - Lewisville,,,,,,https://www.biosyn.com/index.aspx,BioPharmGuy
ALPHA DIAGNOSTIC INTERNATIONAL,Antibodies,Tx - San Antonio,,,,,,https://www.4adi.com/,BioPharmGuy
FUSION ANTIBODIES,Antibodies,Uk - Belfast,,,,,,https://fusionantibodies.com/,BioPharmGuy
ABCAM,Antibodies,Uk - Cambridge,,,,,,https://www.abcam.com/en-us,BioPharmGuy
ABOLIGO,Antibodies,Uk - Cambridge,,,,,,https://aboligo.com/,BioPharmGuy
ANTIBODIES.COM,Antibodies,Uk - Cambridge,,,,,,https://www.antibodies.com/,BioPharmGuy
CAMBRIDGE BIOSCIENCE,Antibodies,Uk - Cambridge,,,,,,https://www.bioscience.co.uk/home,BioPharmGuy
RXBIOLOGICS,Antibodies,Uk - Cambridge,,,,,,https://rxbiologics.com/,BioPharmGuy
ACROBIOSYSTEMS,Antibodies,Uk - Chessington,,,,,,https://acrobiosystems.com.cn/,BioPharmGuy
ABSOLUTE ANTIBODY,Antibodies,Uk - Cleveland,,,,,,https://absoluteantibody.com/,BioPharmGuy
BBI SOLUTIONS,Antibodies,Uk - Crumlin,,,,,,https://bbisolutions.com/,BioPharmGuy
JACKSON IMMUNORESEARCH LABORATORIES,Antibodies,Uk - Ely,,,,,,https://www.jacksonimmuno.com/,BioPharmGuy
STRATECH,Antibodies,Uk - Ely,,,,,,https://www.stratech.co.uk/,BioPharmGuy
SELBORNE BIOLOGICAL SERVICES,Antibodies,Uk - Hampshire,,,,,,https://selbornebiological.com.au/,BioPharmGuy
BADRILLA,Antibodies,Uk - Leeds,,,,,,https://badrilla.com/,BioPharmGuy
ISOGENICA,Antibodies,Uk - Little Chesterford,,,,,,https://isogenica.com/,BioPharmGuy
PROTEINTECH,Antibodies,Uk - Manchester,,,,,,https://www.ptglab.com/,BioPharmGuy
SOURCE BIOSCIENCE,Antibodies,Uk - Nottingham,,,,,,https://sourcebioscience.com/,BioPharmGuy
MABSOLVE,Antibodies,Uk - Oxford,,,,,,https://mabsolve.com/,BioPharmGuy
BBI SOLUTIONS,Antibodies,Uk - Salisbury,,,,,,https://bbisolutions.com/,BioPharmGuy
ANTIBODY PRODUCTION SERVICES,Antibodies,Uk - Sandy,,,,,,https://antibodyproduction.co.uk/,BioPharmGuy
ICHORBIO,Antibodies,Uk - Wantage,,,,,,https://ichor.bio/,BioPharmGuy
BENTEN BIOTECH,Antibodies,Uruguay - Montevideo,,,,,,https://bentenbiotech.com/en,BioPharmGuy
THERMO FISHER,Antibodies,Ut - Ogden,,,,,,https://www.thermofisher.com/us/en/home.html,BioPharmGuy
THERMO FISHER,Antibodies,Va - Middletown,,,,,,https://www.thermofisher.com/us/en/home.html,BioPharmGuy
GREEN MOUNTAIN ANTIBODIES,Antibodies,Vt - Burlington,,,,,,https://greenmoab.com/,BioPharmGuy
KENT LABORATORIES,Antibodies,Wa - Bellingham,,,,,,https://kentlabs.com/,BioPharmGuy
BIO-RAD,Antibodies,Wa - Redmond,,,,,,https://www.bio-rad.com/,BioPharmGuy
QTONICS,Antibodies,Wa - Seattle,,,,,,https://www.qtonics.com/,BioPharmGuy
CHONDREX,Antibodies,Wa - Woodinville,,,,,,https://www.chondrex.com/,BioPharmGuy
IMMUNOSTAR,Antibodies,Wi - Hudson,,,,,,https://www.immunostar.com/,BioPharmGuy
ALDEVRON,Antibodies,Wi - Madison,,,,,,https://www.aldevron.com/,BioPharmGuy
PROMEGA,Antibodies,Wi - Madison,,,,,,https://www.promega.com/,BioPharmGuy
AMANI THERAPEUTICS,Small Molecules,-,,,,,,https://amanitx.com/,BioPharmGuy
BRIGHT MINDS BIOSCIENCES,Small Molecules,-,,,,,,https://brightmindsbio.com/,BioPharmGuy
CORVENTUM,Small Molecules,-,,,,,,https://corventum.com/,BioPharmGuy
METRO BIOTECH,Small Molecules,-,,,,,,https://www.metrobiotech.com/,BioPharmGuy
NUCORION PHARMACEUTICALS,Small Molecules,-,,,,,,https://www.nucorionpharmax.com/,BioPharmGuy
AVIPERO,Small Molecules,- Virtual,,,,,,https://avipero.com/,BioPharmGuy
MWYNGIL THERAPEUTICS,Small Molecules,- Virtual,,,,,,https://www.mwyngil.com/,BioPharmGuy
MARVEL BIOSCIENCES,Small Molecules,Ab - Calgary,,,,,,https://marvelbiotechnology.com/,BioPharmGuy
RESVERLOGIX,Small Molecules,Ab - Calgary,,,,,,https://www.resverlogix.com/,BioPharmGuy
XORTX THERAPEUTICS,Small Molecules,Ab - Calgary,,,,,,https://www.xortx.com/,BioPharmGuy
AURINIA PHARMACEUTICALS,Small Molecules,Ab - Edmonton,,,,,,https://www.auriniapharma.com/,BioPharmGuy
GILEAD,Small Molecules,Ab - Edmonton,,,,,,https://www.gilead.com/,BioPharmGuy
PACYLEX PHARMACEUTICALS,Small Molecules,Ab - Edmonton,,,,,,https://www.pacylex.com/,BioPharmGuy
BIOCRYST PHARMACEUTICALS,Small Molecules,Al - Birmingham,,,,,,https://www.biocryst.com/,BioPharmGuy
BRIDGE THERAPEUTICS,Small Molecules,Al - Birmingham,,,,,,https://bridgetherapeutics.com/,BioPharmGuy
TIXIMED,Small Molecules,Al - Birmingham,,,,,,https://tiximed.com/,BioPharmGuy
SERINA THERAPEUTICS,Small Molecules,Al - Huntsville,,,,,,https://serinatherapeutics.com/,BioPharmGuy
FORWARDVUE PHARMA,Small Molecules,Al - Mobile,,,,,,https://forwardvuepharma.com/,BioPharmGuy
KOWA PHARMACEUTICALS,Small Molecules,Al - Montgomery,,,,,,https://www.kowapharma.com/,BioPharmGuy
FERRING PHARMACEUTICALS,Small Molecules,Argentina - Buenos Aires,,,,,,https://ferringusa.com/?lang=en,BioPharmGuy
PFIZER,Small Molecules,Argentina - Buenos Aires,,,,,,https://www.pfizer.com/,BioPharmGuy
ARDAN PHARMA,Small Molecules,Argentina - Sunchales,,,,,,https://ardan-pharma.com/,BioPharmGuy
STARPHARMA,Small Molecules,Australia - Abbotsford,,,,,,https://starpharma.com/,BioPharmGuy
LUCIA BIO,Small Molecules,Australia - Brisbane,,,,,,https://lucia.bio/,BioPharmGuy
SNORETOX,Small Molecules,Australia - Bundoora,,,,,,https://snoretox.com/,BioPharmGuy
FILAMON,Small Molecules,Australia - Camberwell,,,,,,https://filamon.com/,BioPharmGuy
PROPANC BIOPHARMA,Small Molecules,Australia - Camberwell,,,,,,https://www.propanc.com/,BioPharmGuy
NOXOPHARM,Small Molecules,Australia - Castle Hill,,,,,,https://www.noxopharm.com/,BioPharmGuy
INOVA PHARMACEUTICALS,Small Molecules,Australia - Chatswood,,,,,,https://inovapharma.com/,BioPharmGuy
CLARITY PHARMACEUTICALS,Small Molecules,Australia - Eveleigh,,,,,,https://www.claritypharmaceuticals.com/,BioPharmGuy
ALTERITY THERAPEUTICS,Small Molecules,Australia - Melbourne,,,,,,https://alteritytx.com/,BioPharmGuy
AXELIA ONCOLOGY,Small Molecules,Australia - Melbourne,,,,,,https://axeliaoncology.com/,BioPharmGuy
CANTHERA DISCOVERY,Small Molecules,Australia - Melbourne,,,,,,https://cantheradiscovery.com/,BioPharmGuy
CERTA THERAPEUTICS,Small Molecules,Australia - Melbourne,,,,,,https://certatherapeutics.com/,BioPharmGuy
CLINUVEL PHARMACEUTICALS,Small Molecules,Australia - Melbourne,,,,,,https://www.clinuvel.com/,BioPharmGuy
EXTERNA,Small Molecules,Australia - Melbourne,,,,,,https://www.externabio.com/,BioPharmGuy
NEUREN PHARMACEUTICALS,Small Molecules,Australia - Melbourne,,,,,,https://www.neurenpharma.com/,BioPharmGuy
NEURIZON THERAPEUTICS,Small Molecules,Australia - Melbourne,,,,,,https://www.neurizon.com/,BioPharmGuy
PARADIGM BIOPHARMACEUTICALS,Small Molecules,Australia - Melbourne,,,,,,https://paradigmbiopharma.com/,BioPharmGuy
PATRYS,Small Molecules,Australia - Melbourne,,,,,,https://patrys.com/,BioPharmGuy
PERCHERON THERAPEUTICS,Small Molecules,Australia - Melbourne,,,,,,https://percherontx.com/,BioPharmGuy
PRESCIENT THERAPEUTICS,Small Molecules,Australia - Melbourne,,,,,,https://ptxtherapeutics.com/,BioPharmGuy
SANOOSA,Small Molecules,Australia - Melbourne,,,,,,https://sanoosa.com/,BioPharmGuy
HAVAH THERAPEUTICS,Small Molecules,Australia - North Adelaide,,,,,,https://havahtx.com/,BioPharmGuy
LAWLEY PHARMACEUTICALS,Small Molecules,Australia - Perth,,,,,,https://www.lawleypharm.com.au/,BioPharmGuy
VECTUS BIOSYSTEMS,Small Molecules,Australia - Rosebery,,,,,,https://vectusbiosystems.com.au/,BioPharmGuy
AKAAL PHARMA,Small Molecules,Australia - Shepparton East,,,,,,https://akaalpharma.com/,BioPharmGuy
BIOMED,Small Molecules,Australia - Sydney,,,,,,https://www.biomedind.com/,BioPharmGuy
BIOTRON,Small Molecules,Australia - Sydney,,,,,,https://www.biotron.com.au/,BioPharmGuy
FIVEPHUSION,Small Molecules,Australia - Sydney,,,,,,https://fivephusion.com/,BioPharmGuy
FOSUN PHARMA,Small Molecules,Australia - Sydney,,,,,,https://www.fosunpharma.com/en/,BioPharmGuy
KAZIA THERAPEUTICS,Small Molecules,Australia - Sydney,,,,,,https://www.kaziatherapeutics.com/site/content/,BioPharmGuy
NYRADA,Small Molecules,Australia - Sydney,,,,,,https://www.nyrada.com/site/content/,BioPharmGuy
RACURA ONCOLOGY,Small Molecules,Australia - Sydney,,,,,,https://racuraoncology.com/,BioPharmGuy
RECCE PHARMACEUTICALS,Small Molecules,Australia - Sydney,,,,,,https://www.recce.com.au/,BioPharmGuy
SYNAPTRA BIO,Small Molecules,Australia - Sydney,,,,,,https://synaptrabio.com.au/,BioPharmGuy
QBIOTICS,Small Molecules,Australia - Toowong,,,,,,https://qbiotics.com/,BioPharmGuy
ACTINOGEN MEDICAL,Small Molecules,Australia - West Perth,,,,,,https://actinogen.com.au/,BioPharmGuy
BOTANIX PHARMACEUTICALS,Small Molecules,Australia - West Perth,,,,,,https://botanixpharma.com/,BioPharmGuy
GEBRO PHARMA,Small Molecules,Austria - Fieberbrunn,,,,,,https://www.gebro.com/en/,BioPharmGuy
SOLGATE,Small Molecules,Austria - Klosterneuburg,,,,,,https://www.solgate.com/,BioPharmGuy
MARINOMED BIOTECH,Small Molecules,Austria - Korneuburg,,,,,,https://www.marinomed.com/en,BioPharmGuy
PELPHARMA HANDELS,Small Molecules,Austria - Tulbingerkogel,,,,,,https://www.pelpharma.at/,BioPharmGuy
ABLEVIA,Small Molecules,Austria - Vienna,,,,,,https://ablevia.com/,BioPharmGuy
AKRIBES BIOMEDICAL,Small Molecules,Austria - Vienna,,,,,,https://akribes-biomedical.com/,BioPharmGuy
CALYXHA BIOTECHNOLOGIES,Small Molecules,Austria - Vienna,,,,,,https://www.calyxha.com/,BioPharmGuy
NORGINE,Small Molecules,Austria - Vienna,,,,,,https://norgine.com/,BioPharmGuy
ONCOONE,Small Molecules,Austria - Vienna,,,,,,https://www.oncoone.com/,BioPharmGuy
PROXYGEN,Small Molecules,Austria - Vienna,,,,,,https://proxygen.com/,BioPharmGuy
QUANTRO THERAPEUTICS,Small Molecules,Austria - Vienna,,,,,,https://quantro-tx.com/,BioPharmGuy
RIANA THERAPEUTICS,Small Molecules,Austria - Vienna,,,,,,https://rianatx.com/,BioPharmGuy
ZYTOPROTEC,Small Molecules,Austria - Vienna,,,,,,https://zytoprotec.com/,BioPharmGuy
PRIZM THERAPEUTICS,Small Molecules,Az - Chandler,,,,,,https://prizmtx.com/,BioPharmGuy
CALVIRI,Small Molecules,Az - Phoenix,,,,,,https://www.calviri.com/,BioPharmGuy
HOPE PHARMACEUTICALS,Small Molecules,Az - Scottsdale,,,,,,https://hopepharm.com/,BioPharmGuy
JOURNEY MEDICAL,Small Molecules,Az - Scottsdale,,,,,,https://journeymedicalcorp.com/,BioPharmGuy
BRANCH THERAPEUTICS,Small Molecules,Az - Tucson,,,,,,https://branch-tx.com/,BioPharmGuy
NEUTHERAPEUTICS,Small Molecules,Az - Tucson,,,,,,https://www.neutherapeutics.com/,BioPharmGuy
NUVOX THERAPEUTICS,Small Molecules,Az - Tucson,,,,,,https://www.nuvoxtherapeutics.com/,BioPharmGuy
SNYDER BIOMEDICAL,Small Molecules,Az - Tucson,,,,,,https://www.snyderbiomedical.com/,BioPharmGuy
VALLEY FEVER SOLUTIONS,Small Molecules,Az - Tucson,,,,,,https://www.valleyfeversolutions.com/,BioPharmGuy
MEDICURE,Small Molecules,Barbados - Holetown,,,,,,https://www.medicure.com/,BioPharmGuy
ALECTOS THERAPEUTICS,Small Molecules,Bc - Burnaby,,,,,,https://alectos.com/,BioPharmGuy
GANDEEVA THERAPEUTICS,Small Molecules,Bc - Burnaby,,,,,,https://gandeeva.com/,BioPharmGuy
XENON PHARMACEUTICALS,Small Molecules,Bc - Burnaby,,,,,,https://xenon-pharma.com/,BioPharmGuy
BIOCIDIUM BIOPHARMACEUTICALS,Small Molecules,Bc - North Vancouver,,,,,,https://biocidium.com/,BioPharmGuy
SIGNALCHEM BIOTECH,Small Molecules,Bc - Richmond,,,,,,https://lifesciences.signalchem.com/,BioPharmGuy
ACHIEVE LIFE SCIENCES,Small Molecules,Bc - Vancouver,,,,,,https://achievelifesciences.com/,BioPharmGuy
ALPHACOGNITION,Small Molecules,Bc - Vancouver,,,,,,https://www.alphacognition.com/,BioPharmGuy
ANDIRA PHARMACEUTICALS,Small Molecules,Bc - Vancouver,,,,,,https://andira.ca/,BioPharmGuy
BIONXT SOLUTIONS,Small Molecules,Bc - Vancouver,,,,,,https://bionxt.com/,BioPharmGuy
BOLD THERAPEUTICS,Small Molecules,Bc - Vancouver,,,,,,https://www.bold-therapeutics.com/,BioPharmGuy
GREY MATTERS HEALTH,Small Molecules,Bc - Vancouver,,,,,,https://www.greymatters-health.com/,BioPharmGuy
INMED PHARMACEUTICALS,Small Molecules,Bc - Vancouver,,,,,,https://www.inmedpharma.com/,BioPharmGuy
MESENTECH,Small Molecules,Bc - Vancouver,,,,,,https://mesentech.com/,BioPharmGuy
NAEGIS PHARMACEUTICALS,Small Molecules,Bc - Vancouver,,,,,,https://naegispharma.com/,BioPharmGuy
PAN-BIOME PHARMACEUTICALS,Small Molecules,Bc - Vancouver,,,,,,https://pan-biomepharmaceuticals.com/,BioPharmGuy
PHOENIX MOLECULAR DESIGNS,Small Molecules,Bc - Vancouver,,,,,,https://phoenixmd.ca/,BioPharmGuy
PRAMANA PHARMACEUTICALS,Small Molecules,Bc - Vancouver,,,,,,https://www.pramanapharma.com/,BioPharmGuy
PREVECEUTICAL MEDICAL,Small Molecules,Bc - Vancouver,,,,,,https://www.preveceutical.com/,BioPharmGuy
RAKOVINA THERAPEUTICS,Small Molecules,Bc - Vancouver,,,,,,https://www.rakovinatherapeutics.com/,BioPharmGuy
RESILIENCE BIOSCIENCES,Small Molecules,Bc - Vancouver,,,,,,https://resiliencebiosciences.com/,BioPharmGuy
SANOTIZE,Small Molecules,Bc - Vancouver,,,,,,https://sanotize.com/,BioPharmGuy
SIRONA BIOCHEM,Small Molecules,Bc - Vancouver,,,,,,https://www.sironabiochem.com/,BioPharmGuy
ANEUROTECH,Small Molecules,Belgium - Alken,,,,,,https://www.aneurotech.com/,BioPharmGuy
JOHNSON AND JOHNSON INNOVATIVE MEDICINE,Small Molecules,Belgium - Beerse,,,,,,https://www.jnj.com/innovativemedicine,BioPharmGuy
LABORATOIRES SMB,Small Molecules,Belgium - Brussels,,,,,,https://www.smblab.be/,BioPharmGuy
OCTIMET ONCOLOGY,Small Molecules,Belgium - Ghent,,,,,,https://www.octimet.com/,BioPharmGuy
COULTREON BIOPHARMA,Small Molecules,Belgium - Heverlee,,,,,,https://www.coultreon.com/,BioPharmGuy
FLEN HEALTH,Small Molecules,Belgium - Kontich,,,,,,https://www.flenhealth.com/,BioPharmGuy
AUGUSTINE THERAPEUTICS,Small Molecules,Belgium - Leuven,,,,,,https://www.augustinetx.com/,BioPharmGuy
OXURION,Small Molecules,Belgium - Leuven,,,,,,https://oxurion.com/,BioPharmGuy
PLEDGE THERAPEUTICS,Small Molecules,Belgium - Leuven,,,,,,https://pledge-tx.com/,BioPharmGuy
REWIND THERAPEUTICS,Small Molecules,Belgium - Leuven,,,,,,https://rwdtx.com/,BioPharmGuy
CONVERT PHARMACEUTICALS,Small Molecules,Belgium - Liège,,,,,,https://www.convertpharma.com/,BioPharmGuy
DEUTERONCOLOGY,Small Molecules,Belgium - Liège,,,,,,https://deuteroncology.com/,BioPharmGuy
HYLORIS PHARMACEUTICALS,Small Molecules,Belgium - Liège,,,,,,https://hyloris.com/,BioPharmGuy
THERATRAME,Small Molecules,Belgium - Liège,,,,,,https://www.theratrame.com/,BioPharmGuy
ACHE LABORATORIOS FARMACEUTICOS,Small Molecules,Brazil - Anápolis,,,,,,https://www.ache.com.br/en/about-us/,BioPharmGuy
ACHE LABORATORIOS FARMACEUTICOS,Small Molecules,Brazil - Guarulhos,,,,,,https://www.ache.com.br/en/about-us/,BioPharmGuy
EMS,Small Molecules,Brazil - Hortolândia,,,,,,https://www.ems.com.br/,BioPharmGuy
ASPEN PHARMACARE,Small Molecules,Brazil - Rio De Janeiro,,,,,,https://www.aspenpharma.com/,BioPharmGuy
APTAH BIO,Small Molecules,Brazil - Santo Antônio De Lisboa,,,,,,https://www.aptah-bio.com/,BioPharmGuy
APSEN FARMACEUTICA,Small Molecules,Brazil - São Paulo,,,,,,https://www.apsen.com.br/,BioPharmGuy
BIOLAB,Small Molecules,Brazil - São Paulo,,,,,,https://www.biolabeco.com.br/en/?,BioPharmGuy
EUROFARMA LABORATÓRIOS,Small Molecules,Brazil - São Paulo,,,,,,https://eurofarma.com.br/home,BioPharmGuy
MICAR INNOVATION,Small Molecules,Bulgaria - Sofia,,,,,,https://micar21.com/,BioPharmGuy
ONCOTELIC THERAPEUTICS,Small Molecules,Ca - Agoura Hills,,,,,,https://www.oncotelic.com/,BioPharmGuy
EXELIXIS,Small Molecules,Ca - Alameda,,,,,,https://www.exelixis.com/,BioPharmGuy
OBJECT PHARMA,Small Molecules,Ca - Aliso Viejo,,,,,,https://objectpharma.com/,BioPharmGuy
SUPERCEDE THERAPEUTICS,Small Molecules,Ca - Belmont,,,,,,https://supercedetherapeutics.com/,BioPharmGuy
AEOVIAN PHARMACEUTICALS,Small Molecules,Ca - Berkeley,,,,,,https://www.aeovian.com/,BioPharmGuy
INAPILL,Small Molecules,Ca - Berkeley,,,,,,https://www.inapill.com/,BioPharmGuy
KIMIA THERAPEUTICS,Small Molecules,Ca - Berkeley,,,,,,https://www.kimiatx.com/,BioPharmGuy
RENASANT BIO,Small Molecules,Ca - Berkeley,,,,,,https://www.renasantbio.com/,BioPharmGuy
CHARACTER BIOSCIENCES,Small Molecules,Ca - Brisbane,,,,,,https://www.characterbio.com/,BioPharmGuy
DAY ONE BIOPHARMACEUTICALS,Small Molecules,Ca - Brisbane,,,,,,https://www.dayonebio.com/,BioPharmGuy
GATE BIOSCIENCE,Small Molecules,Ca - Brisbane,,,,,,https://www.gatebio.com/,BioPharmGuy
NITRASE THERAPEUTICS,Small Molecules,Ca - Brisbane,,,,,,https://nitrasetx.com/,BioPharmGuy
NURIX THERAPEUTICS,Small Molecules,Ca - Brisbane,,,,,,https://www.nurixtx.com/,BioPharmGuy
REVIR THERAPEUTICS,Small Molecules,Ca - Brisbane,,,,,,https://revirtx.com/,BioPharmGuy
TEMPEST THERAPEUTICS,Small Molecules,Ca - Brisbane,,,,,,https://www.tempesttx.com/,BioPharmGuy
TENVIE THERAPEUTICS,Small Molecules,Ca - Brisbane,,,,,,https://tenvie.com/,BioPharmGuy
CORVUS PHARMACEUTICALS,Small Molecules,Ca - Burlingame,,,,,,https://www.corvuspharma.com/,BioPharmGuy
GT APEIRON,Small Molecules,Ca - Burlingame,,,,,,https://www.apeiron-bio.com/,BioPharmGuy
ZENSHINE PHARMACEUTICALS,Small Molecules,Ca - Burlingame,,,,,,http://en.zenshine-pharma.com/,BioPharmGuy
NEONC TECHNOLOGIES,Small Molecules,Ca - Calabasas,,,,,,https://neonc.com/,BioPharmGuy
DYVE BIOSCIENCES,Small Molecules,Ca - Camarillo,,,,,,https://dyvebio.com/,BioPharmGuy
VIVUS,Small Molecules,Ca - Campbell,,,,,,https://vivus.com/,BioPharmGuy
AGASTIYA BIOTECH,Small Molecules,Ca - Carlsbad,,,,,,https://www.agastiyabiotech.com/,BioPharmGuy
ARISAN THERAPEUTICS,Small Molecules,Ca - Carlsbad,,,,,,https://www.arisanthera.com/,BioPharmGuy
DESIGN THERAPEUTICS,Small Molecules,Ca - Carlsbad,,,,,,https://www.designtx.com/,BioPharmGuy
PALISADE BIO,Small Molecules,Ca - Carlsbad,,,,,,https://palisadebio.com/,BioPharmGuy
PRIMMUNE THERAPEUTICS,Small Molecules,Ca - Carlsbad,,,,,,https://www.primmunerx.com/,BioPharmGuy
TYRA BIOSCIENCES,Small Molecules,Ca - Carlsbad,,,,,,https://tyra.bio/,BioPharmGuy
PHORMED,Small Molecules,Ca - Century City,,,,,,https://www.phormed.com/,BioPharmGuy
EICOSIS,Small Molecules,Ca - Covina,,,,,,https://www.eicosis.com/,BioPharmGuy
REVIVA PHARMACEUTICALS,Small Molecules,Ca - Cupertino,,,,,,https://revivapharma.com/,BioPharmGuy
ARIZ PRECISION MEDICINE,Small Molecules,Ca - Davis,,,,,,https://arizbio.com/,BioPharmGuy
BUTO,Small Molecules,Ca - Davis,,,,,,https://butocorp.com/,BioPharmGuy
CELECOR THERAPEUTICS,Small Molecules,Ca - Del Mar,,,,,,https://www.celecor.com/,BioPharmGuy
LENZ THERAPEUTICS,Small Molecules,Ca - Del Mar,,,,,,https://lenz-tx.com/,BioPharmGuy
SELVA THERAPEUTICS,Small Molecules,Ca - Del Mar,,,,,,https://selvarx.com/,BioPharmGuy
SYDNEXIS,Small Molecules,Ca - Del Mar,,,,,,https://sydnexis.com/,BioPharmGuy
FULGENT PHARMA,Small Molecules,Ca - El Monte,,,,,,https://www.fulgentpharma.com/,BioPharmGuy
FAUNA BIO,Small Molecules,Ca - Emeryville,,,,,,https://www.faunabio.com/,BioPharmGuy
HOPO THERAPEUTICS,Small Molecules,Ca - Emeryville,,,,,,https://www.hopotx.com/,BioPharmGuy
OCTANT BIOTECH,Small Molecules,Ca - Emeryville,,,,,,https://www.octant.bio/,BioPharmGuy
RESERVOIR NEUROSCIENCE,Small Molecules,Ca - Emeryville,,,,,,https://www.reservoirneuro.com/,BioPharmGuy
SANTEN,Small Molecules,Ca - Emeryville,,,,,,https://www.santen.com/en,BioPharmGuy
TOTUS MEDICINES,Small Molecules,Ca - Emeryville,,,,,,https://www.totusmedicines.com/,BioPharmGuy
VASA THERAPEUTICS,Small Molecules,Ca - Encinitas,,,,,,https://vasatherapeutics.com/,BioPharmGuy
APOLLOMICS,Small Molecules,Ca - Foster City,,,,,,https://www.apollomicsinc.com/,BioPharmGuy
GERON,Small Molecules,Ca - Foster City,,,,,,https://www.geron.com/,BioPharmGuy
GILEAD,Small Molecules,Ca - Foster City,,,,,,https://www.gilead.com/,BioPharmGuy
MICURX PHARMACEUTICALS,Small Molecules,Ca - Foster City,,,,,,https://www.micurxchina.com/en/home,BioPharmGuy
MIRUM PHARMACEUTICALS,Small Molecules,Ca - Foster City,,,,,,https://mirumpharma.com/,BioPharmGuy
NOWARTA BIOPHARMA,Small Molecules,Ca - Huntington Beach,,,,,,https://nowarta.com/index.html,BioPharmGuy
AEON BIOPHARMA,Small Molecules,Ca - Irvine,,,,,,https://aeonbiopharma.com/,BioPharmGuy
AFECTA PHARMACEUTICALS,Small Molecules,Ca - Irvine,,,,,,https://afectapharm.com/,BioPharmGuy
AMBROS THERAPEUTICS,Small Molecules,Ca - Irvine,,,,,,https://ambrostherapeutics.com/,BioPharmGuy
ELEDON PHARMACEUTICALS,Small Molecules,Ca - Irvine,,,,,,https://eledon.com/,BioPharmGuy
ENDOCYCLIC THERAPEUTICS,Small Molecules,Ca - Irvine,,,,,,https://www.endocyclictherapeutics.com/,BioPharmGuy
NYMOX PHARMACEUTICAL,Small Molecules,Ca - Irvine,,,,,,https://nymox.com/,BioPharmGuy
ASPERA BIOMEDICINES,Small Molecules,Ca - La Jolla,,,,,,https://asperabiomedicines.com/,BioPharmGuy
CALCIMEDICA,Small Molecules,Ca - La Jolla,,,,,,https://calcimedica.com/,BioPharmGuy
CENNA BIOSCIENCES,Small Molecules,Ca - La Jolla,,,,,,https://cennabiosciences.com/,BioPharmGuy
DENOVICON THERAPEUTICS,Small Molecules,Ca - La Jolla,,,,,,https://www.denovicontx.com/,BioPharmGuy
EPICENTRX,Small Molecules,Ca - La Jolla,,,,,,https://www.epicentrx.com/,BioPharmGuy
MEDICINOVA,Small Molecules,Ca - La Jolla,,,,,,https://medicinova.com/,BioPharmGuy
HALLUX,Small Molecules,Ca - Laguna Hills,,,,,,https://halluxinc.com/,BioPharmGuy
AMYGDALA NEUROSCIENCES,Small Molecules,Ca - Los Altos,,,,,,https://amygns.com/,BioPharmGuy
MAXYMUNE THERAPEUTICS,Small Molecules,Ca - Los Altos,,,,,,https://maxymunetx.com/,BioPharmGuy
QUADRIGA BIOSCIENCES,Small Molecules,Ca - Los Altos,,,,,,https://www.quadrigabiosciences.com/,BioPharmGuy
UNICYCIVE THERAPEUTICS,Small Molecules,Ca - Los Altos,,,,,,https://unicycive.com/,BioPharmGuy
AVENZOAR PHARMACEUTICALS,Small Molecules,Ca - Los Angeles,,,,,,https://www.avenzoarpharma.com/,BioPharmGuy
AZORA THERAPEUTICS,Small Molecules,Ca - Los Angeles,,,,,,https://www.azoratherapeutics.com/,BioPharmGuy
HOLOCLARA,Small Molecules,Ca - Los Angeles,,,,,,https://holoclara.com/,BioPharmGuy
IMMIX BIOPHARMA,Small Molecules,Ca - Los Angeles,,,,,,https://immixbio.com/,BioPharmGuy
INDI MOLECULAR,Small Molecules,Ca - Los Angeles,,,,,,https://www.indimolecular.com/,BioPharmGuy
MAX BIOPHARMA,Small Molecules,Ca - Los Angeles,,,,,,https://maxbiopharma.com/,BioPharmGuy
PELAGE PHARMACEUTICALS,Small Molecules,Ca - Los Angeles,,,,,,https://pelagepharma.com/,BioPharmGuy
PUMA BIOTECHNOLOGY,Small Molecules,Ca - Los Angeles,,,,,,https://pumabiotechnology.com/,BioPharmGuy
ALUDA PHARMACEUTICALS,Small Molecules,Ca - Menlo Park,,,,,,https://aludapharm.com/,BioPharmGuy
EDISON ONCOLOGY,Small Molecules,Ca - Menlo Park,,,,,,https://www.edisononcology.com/,BioPharmGuy
ORBUS THERAPEUTICS,Small Molecules,Ca - Menlo Park,,,,,,https://www.orbustherapeutics.com/,BioPharmGuy
SUMMIT THERAPEUTICS,Small Molecules,Ca - Menlo Park,,,,,,https://www.smmttx.com/overview/default.aspx,BioPharmGuy
EIKON THERAPEUTICS,Small Molecules,Ca - Millbrae,,,,,,https://www.eikontx.com/,BioPharmGuy
TERRAY THERAPEUTICS,Small Molecules,Ca - Monrovia,,,,,,https://www.terraytx.ai/,BioPharmGuy
NEUROCARRUS,Small Molecules,Ca - Monterey,,,,,,https://neurocarrus.com/,BioPharmGuy
ADVENCHEN LABORATORIES,Small Molecules,Ca - Moorpark,,,,,,http://advenchen.com/,BioPharmGuy
ALTO NEUROSCIENCE,Small Molecules,Ca - Mountain View,,,,,,https://altoneuroscience.com/,BioPharmGuy
ASTRAEA THERAPEUTICS,Small Molecules,Ca - Mountain View,,,,,,https://www.astraeatherapeutics.com/,BioPharmGuy
EPALEX,Small Molecules,Ca - Mountain View,,,,,,https://www.epalex.com/,BioPharmGuy
KAINOMYX,Small Molecules,Ca - Mountain View,,,,,,https://www.kainomyx.com,BioPharmGuy
NEUCYTE,Small Molecules,Ca - Mountain View,,,,,,https://www.neucyte.com/,BioPharmGuy
TOSK,Small Molecules,Ca - Mountain View,,,,,,https://tosk.com/,BioPharmGuy
ACELINK THERAPEUTICS,Small Molecules,Ca - Newark,,,,,,https://acelinktherapeutics.com/,BioPharmGuy
ARDELYX,Small Molecules,Ca - Newark,,,,,,https://ardelyx.com/,BioPharmGuy
ANVIRON,Small Molecules,Ca - Newport Beach,,,,,,https://www.anviron.com/,BioPharmGuy
GABA THERAPEUTICS,Small Molecules,Ca - Newport Beach,,,,,,https://gabarx.com/,BioPharmGuy
OSTENTUS THERAPEUTICS,Small Molecules,Ca - Newport Beach,,,,,,https://ostentustherapeutics.com/,BioPharmGuy
CYCLARITY THERAPEUTICS,Small Molecules,Ca - Novato,,,,,,https://cyclaritytx.com/,BioPharmGuy
ERMARIS BIO,Small Molecules,Ca - Oakland,,,,,,https://ermarisbio.com/,BioPharmGuy
MOTRIC BIO,Small Molecules,Ca - Oakland,,,,,,https://www.motricbio.com/,BioPharmGuy
VIA NOVA THERAPEUTICS,Small Molecules,Ca - Oakland,,,,,,https://www.vianovatx.com/,BioPharmGuy
GILEAD,Small Molecules,Ca - Oceanside,,,,,,https://www.gilead.com/,BioPharmGuy
AIRNEXIS THERAPEUTICS,Small Molecules,Ca - Palo Alto,,,,,,https://airnexis.com/,BioPharmGuy
ASIERIS PHARMACEUTICALS,Small Molecules,Ca - Palo Alto,,,,,,https://asieris.com/,BioPharmGuy
AURANSA,Small Molecules,Ca - Palo Alto,,,,,,https://www.auransa.com/,BioPharmGuy
BRIDGEBIO PHARMA,Small Molecules,Ca - Palo Alto,,,,,,https://bridgebio.com/,BioPharmGuy
CANTABIO PHARMACEUTICALS,Small Molecules,Ca - Palo Alto,,,,,,https://www.cantabio.com/,BioPharmGuy
GEN1E LIFESCIENCES,Small Molecules,Ca - Palo Alto,,,,,,https://www.gen1e.com/,BioPharmGuy
GONDOLABIO,Small Molecules,Ca - Palo Alto,,,,,,https://gondolabio.com/,BioPharmGuy
HALO BIOSCIENCES,Small Molecules,Ca - Palo Alto,,,,,,https://halobiosciences.com/,BioPharmGuy
JAZZ PHARMACEUTICALS,Small Molecules,Ca - Palo Alto,,,,,,https://www.jazzpharma.com/,BioPharmGuy
MEDIC LIFE SCIENCES,Small Molecules,Ca - Palo Alto,,,,,,https://www.medic-life-sciences.com/,BioPharmGuy
NEUVIVO,Small Molecules,Ca - Palo Alto,,,,,,https://www.neuvivo.com/,BioPharmGuy
ORSOBIO,Small Molecules,Ca - Palo Alto,,,,,,https://orsobio.com/,BioPharmGuy
LIXTE BIOTECHNOLOGY,Small Molecules,Ca - Pasadena,,,,,,https://lixte.com/,BioPharmGuy
NEWAVE PHARMACEUTICAL,Small Molecules,Ca - Pleasanton,,,,,,https://www.newavepharma.com/,BioPharmGuy
SURFACE OPHTHALMICS,Small Molecules,Ca - Pleasanton,,,,,,https://surfaceophthalmics.com/,BioPharmGuy
AFASCI,Small Molecules,Ca - Redwood City,,,,,,https://www.afasci.com/,BioPharmGuy
ANTIVA BIOSCIENCES,Small Molecules,Ca - Redwood City,,,,,,https://antivabio.com/,BioPharmGuy
APPLIED COGNITION,Small Molecules,Ca - Redwood City,,,,,,https://appliedcognition.com/,BioPharmGuy
CORCEPT THERAPEUTICS,Small Molecules,Ca - Redwood City,,,,,,https://corcept.com/,BioPharmGuy
EYCONIS,Small Molecules,Ca - Redwood City,,,,,,https://www.eyconis.com/,BioPharmGuy
FE PHARMACEUTICALS,Small Molecules,Ca - Redwood City,,,,,,https://www.fepharm.com/,BioPharmGuy
KARTOS THERAPEUTICS,Small Molecules,Ca - Redwood City,,,,,,https://www.kartosthera.com/,BioPharmGuy
REVOLUTION MEDICINES,Small Molecules,Ca - Redwood City,,,,,,https://www.revmed.com/,BioPharmGuy
SOLENO THERAPEUTICS,Small Molecules,Ca - Redwood City,,,,,,https://soleno.life/,BioPharmGuy
TELIOS PHARMA,Small Molecules,Ca - Redwood City,,,,,,http://teliospharma.com/,BioPharmGuy
TEON THERAPEUTICS,Small Molecules,Ca - Redwood City,,,,,,https://teontherapeutics.com/,BioPharmGuy
EPIRIUM BIO,Small Molecules,Ca - Sacramento,,,,,,https://epirium.com/,BioPharmGuy
ACUREX BIOSCIENCES,Small Molecules,Ca - San Carlos,,,,,,https://www.acurex.com/,BioPharmGuy
ALTAY THERAPEUTICS,Small Molecules,Ca - San Carlos,,,,,,https://www.altaytherapeutics.com/,BioPharmGuy
APTAH BIO,Small Molecules,Ca - San Carlos,,,,,,https://www.aptah-bio.com/,BioPharmGuy
ATROPOS THERAPEUTICS,Small Molecules,Ca - San Carlos,,,,,,https://www.atroposthera.com/,BioPharmGuy
BIOMEA FUSION,Small Molecules,Ca - San Carlos,,,,,,https://biomeafusion.com/,BioPharmGuy
CAGE BIO,Small Molecules,Ca - San Carlos,,,,,,https://cagebio.com/,BioPharmGuy
CURASEN THERAPEUTICS,Small Molecules,Ca - San Carlos,,,,,,https://www.curasen.com/,BioPharmGuy
CYSTETIC MEDICINES,Small Molecules,Ca - San Carlos,,,,,,https://cysteticmedicines.com/,BioPharmGuy
GLYCOMINE,Small Molecules,Ca - San Carlos,,,,,,https://www.glycomine.com/,BioPharmGuy
INTEGRATED BIOSCIENCES,Small Molecules,Ca - San Carlos,,,,,,https://integratedbio.com/,BioPharmGuy
MAIPL THERAPEUTICS,Small Molecules,Ca - San Diago,,,,,,https://maipltx.com/,BioPharmGuy
858 THERAPEUTICS,Small Molecules,Ca - San Diego,,,,,,https://8five8tx.com/,BioPharmGuy
AARDVARK THERAPEUTICS,Small Molecules,Ca - San Diego,,,,,,https://aardvarktherapeutics.com/,BioPharmGuy
ACADIA PHARMACEUTICALS,Small Molecules,Ca - San Diego,,,,,,https://acadia.com/en-us,BioPharmGuy
AIVO BIOSCIENCES,Small Molecules,Ca - San Diego,,,,,,https://www.aivo.bio/,BioPharmGuy
AMBER OPHTHALMICS,Small Molecules,Ca - San Diego,,,,,,https://www.amberophthalmics.com/,BioPharmGuy
AMPLIFICA,Small Molecules,Ca - San Diego,,,,,,https://amplificabio.com/,BioPharmGuy
ANSUN BIOPHARMA,Small Molecules,Ca - San Diego,,,,,,https://www.ansunbiopharma.com/,BioPharmGuy
APROS THERAPEUTICS,Small Molecules,Ca - San Diego,,,,,,https://www.aprostx.com/,BioPharmGuy
APTOSE BIOSCIENCES,Small Molecules,Ca - San Diego,,,,,,https://www.aptose.com/,BioPharmGuy
ARS PHARMACEUTICALS,Small Molecules,Ca - San Diego,,,,,,https://ars-pharma.com/,BioPharmGuy
ARTHROSI THERAPEUTICS,Small Molecules,Ca - San Diego,,,,,,https://arthrosi.com/,BioPharmGuy
AUBEX THERAPEUTICS,Small Molecules,Ca - San Diego,,,,,,https://aubextherapeutics.com/,BioPharmGuy
BELHARRA THERAPEUTICS,Small Molecules,Ca - San Diego,,,,,,https://belharratx.com/,BioPharmGuy
BELITE BIO,Small Molecules,Ca - San Diego,,,,,,https://belitebio.com/#home,BioPharmGuy
BIOSPLICE THERAPEUTICS,Small Molecules,Ca - San Diego,,,,,,https://www.biosplice.com/default.aspx,BioPharmGuy
BIOTHERYX,Small Molecules,Ca - San Diego,,,,,,https://www.biotheryx.com/,BioPharmGuy
BLACKSMITH MEDICINES,Small Molecules,Ca - San Diego,,,,,,https://blacksmithmedicines.com/,BioPharmGuy
BLOSSOMHILL THERAPEUTICS,Small Molecules,Ca - San Diego,,,,,,https://bhtherapeutics.com/,BioPharmGuy
BOUNDLESS BIO,Small Molecules,Ca - San Diego,,,,,,https://boundlessbio.com/,BioPharmGuy
CAMINO PHARMA,Small Molecules,Ca - San Diego,,,,,,https://www.caminopharma.com/,BioPharmGuy
CARDIFF ONCOLOGY,Small Molecules,Ca - San Diego,,,,,,https://cardiffoncology.com/,BioPharmGuy
CONTINEUM THERAPEUTICS,Small Molecules,Ca - San Diego,,,,,,https://contineum-tx.com/,BioPharmGuy
CRINETICS PHARMACEUTICALS,Small Molecules,Ca - San Diego,,,,,,https://crinetics.com/,BioPharmGuy
CRYSTALYS THERAPEUTICS,Small Molecules,Ca - San Diego,,,,,,https://crystalystx.com/,BioPharmGuy
CULLGEN,Small Molecules,Ca - San Diego,,,,,,https://www.cullgen.com/,BioPharmGuy
DARÉ BIOSCIENCE,Small Molecules,Ca - San Diego,,,,,,https://darebioscience.com/,BioPharmGuy
DELNOVA,Small Molecules,Ca - San Diego,,,,,,https://delnova.net/,BioPharmGuy
EMPIRICO,Small Molecules,Ca - San Diego,,,,,,https://www.empiri.co/,BioPharmGuy
ENDEAVOR BIOMEDICINES,Small Molecules,Ca - San Diego,,,,,,https://endeavorbiomedicines.com/,BioPharmGuy
ENGRAIL THERAPEUTICS,Small Molecules,Ca - San Diego,,,,,,https://www.engrail.com/,BioPharmGuy
ESCIENT PHARMACEUTICALS,Small Molecules,Ca - San Diego,,,,,,https://www.escientpharma.com/,BioPharmGuy
EVOFEM BIOSCIENCES,Small Molecules,Ca - San Diego,,,,,,https://www.evofem.com/,BioPharmGuy
FASCINATE THERAPEUTICS,Small Molecules,Ca - San Diego,,,,,,https://www.fascinatetherapeutics.com/,BioPharmGuy
GLOBAL CANCER TECHNOLOGY,Small Molecules,Ca - San Diego,,,,,,https://globalcancertechnology.com/,BioPharmGuy
GOSSAMER BIO,Small Molecules,Ca - San Diego,,,,,,https://www.gossamerbio.com/,BioPharmGuy
GYRE THERAPEUTICS,Small Molecules,Ca - San Diego,,,,,,https://www.gyretx.com/,BioPharmGuy
HILLHURST BIOPHARMACEUTICALS,Small Molecules,Ca - San Diego,,,,,,https://hillhurstbio.com/,BioPharmGuy
HUYA BIOSCIENCE,Small Molecules,Ca - San Diego,,,,,,https://huyabio.com/,BioPharmGuy
INNOVO THERAPEUTICS,Small Molecules,Ca - San Diego,,,,,,https://innovotherapeutics.com/,BioPharmGuy
KURA ONCOLOGY,Small Molecules,Ca - San Diego,,,,,,https://kuraoncology.com/,BioPharmGuy
LIBRA THERAPEUTICS,Small Molecules,Ca - San Diego,,,,,,https://libratx.com/,BioPharmGuy
LIGHT HORSE THERAPEUTICS,Small Molecules,Ca - San Diego,,,,,,https://lighthorsetx.com/,BioPharmGuy
MAPP BIOPHARMACEUTICAL,Small Molecules,Ca - San Diego,,,,,,https://mappbio.com/,BioPharmGuy
MATRISYS BIOSCIENCE,Small Molecules,Ca - San Diego,,,,,,https://matrisysbio.com/,BioPharmGuy
MINGSIGHT PHARMACEUTICALS,Small Molecules,Ca - San Diego,,,,,,https://mingsight.com/,BioPharmGuy
MITHRADOTE BIO,Small Molecules,Ca - San Diego,,,,,,https://mithradote.com/,BioPharmGuy
MODULO BIO,Small Molecules,Ca - San Diego,,,,,,https://www.modulo.bio/,BioPharmGuy
NEURELIS,Small Molecules,Ca - San Diego,,,,,,https://www.neurelis.com/,BioPharmGuy
NEUROCRINE BIOSCIENCES,Small Molecules,Ca - San Diego,,,,,,https://www.neurocrine.com/,BioPharmGuy
NOVOMEDIX,Small Molecules,Ca - San Diego,,,,,,https://novomedix.com/,BioPharmGuy
ORIGAMI THERAPEUTICS,Small Molecules,Ca - San Diego,,,,,,https://origamitherapeutics.com/,BioPharmGuy
ORPHAGEN PHARMACEUTICALS,Small Molecules,Ca - San Diego,,,,,,https://www.orphagen.com/,BioPharmGuy
PALM THERAPEUTICS,Small Molecules,Ca - San Diego,,,,,,https://www.palmtherapeutics.com/,BioPharmGuy
PLEXIUM,Small Molecules,Ca - San Diego,,,,,,https://plexium.com/,BioPharmGuy
PROTEGO BIOPHARMA,Small Molecules,Ca - San Diego,,,,,,https://www.protegobio.com/,BioPharmGuy
RAMPART HEALTH,Small Molecules,Ca - San Diego,,,,,,https://ramparthealth.com/,BioPharmGuy
RAYTHERA,Small Molecules,Ca - San Diego,,,,,,https://www.raythera.com/,BioPharmGuy
RAYZEBIO,Small Molecules,Ca - San Diego,,,,,,https://rayzebio.com/,BioPharmGuy
RIVA THERAPEUTICS,Small Molecules,Ca - San Diego,,,,,,https://rivatherapeutics.com/,BioPharmGuy
SCHRODINGER,Small Molecules,Ca - San Diego,,,,,,https://www.schrodinger.com/,BioPharmGuy
SENHWA BIOSCIENCES,Small Molecules,Ca - San Diego,,,,,,https://www.senhwabio.com/en,BioPharmGuy
SENTION THERAPEUTICS,Small Molecules,Ca - San Diego,,,,,,https://www.sentiontx.com/,BioPharmGuy
SKYE BIOSCIENCE,Small Molecules,Ca - San Diego,,,,,,https://skyebioscience.com/,BioPharmGuy
SORRENTO THERAPEUTICS,Small Molecules,Ca - San Diego,,,,,,https://sorrentotherapeutics.com/,BioPharmGuy
SPINOGENIX,Small Molecules,Ca - San Diego,,,,,,https://spinogenix.com/,BioPharmGuy
TING THERAPEUTICS,Small Molecules,Ca - San Diego,,,,,,https://tingtherapeutics.com/,BioPharmGuy
TRANSPOSON THERAPEUTICS,Small Molecules,Ca - San Diego,,,,,,https://www.transposonrx.com/,BioPharmGuy
TREFOIL THERAPEUTICS,Small Molecules,Ca - San Diego,,,,,,https://trefoiltherapeutics.com/,BioPharmGuy
VENQUIS THERAPEUTICS,Small Molecules,Ca - San Diego,,,,,,https://venquistx.com/,BioPharmGuy
VERSAPEUTICS,Small Molecules,Ca - San Diego,,,,,,http://www.versapeutics.com/,BioPharmGuy
VERTEX,Small Molecules,Ca - San Diego,,,,,,https://www.vrtx.com/,BioPharmGuy
VIKING THERAPEUTICS,Small Molecules,Ca - San Diego,,,,,,https://vikingtherapeutics.com/,BioPharmGuy
VISCIENT BIOSCIENCES,Small Molecules,Ca - San Diego,,,,,,https://www.viscientbiosciences.com/,BioPharmGuy
VIVIDION THERAPEUTICS,Small Molecules,Ca - San Diego,,,,,,https://vividion.com/,BioPharmGuy
VIVOSIM,Small Molecules,Ca - San Diego,,,,,,https://vivosim.ai/,BioPharmGuy
VIVREON BIOSCIENCES,Small Molecules,Ca - San Diego,,,,,,https://www.vivreonbiosciences.com/,BioPharmGuy
WINSANTOR,Small Molecules,Ca - San Diego,,,,,,https://www.winsantor.com/,BioPharmGuy
ZENTALIS PHARMACEUTICALS,Small Molecules,Ca - San Diego,,,,,,https://zentalis.com/,BioPharmGuy
1CBIO,Small Molecules,Ca - San Francisco,,,,,,https://www.1cbio.com/,BioPharmGuy
ALIXIA,Small Molecules,Ca - San Francisco,,,,,,https://www.alixia.com/,BioPharmGuy
CAPULUS THERAPEUTICS,Small Molecules,Ca - San Francisco,,,,,,https://www.capulustx.com/,BioPharmGuy
CASI PHARMACEUTICALS,Small Molecules,Ca - San Francisco,,,,,,https://www.casipharmaceuticals.com/,BioPharmGuy
COA THERAPEUTICS,Small Molecules,Ca - San Francisco,,,,,,https://coatherapeutics.com/,BioPharmGuy
CONCENTRIC ANALGESICS,Small Molecules,Ca - San Francisco,,,,,,https://www.concentricanalgesics.com/,BioPharmGuy
DEEP APPLE THERAPEUTICS,Small Molecules,Ca - San Francisco,,,,,,https://deepappletx.com/,BioPharmGuy
ENABLED THERAPEUTICS,Small Molecules,Ca - San Francisco,,,,,,https://enabledtherapeutics.com/,BioPharmGuy
ENDURANCE BIO,Small Molecules,Ca - San Francisco,,,,,,https://www.endurance-bio.com/,BioPharmGuy
ENSHO THERAPEUTICS,Small Molecules,Ca - San Francisco,,,,,,https://www.enshorx.com/,BioPharmGuy
ENTHORIN THERAPEUTICS,Small Molecules,Ca - San Francisco,,,,,,https://enthorin.com/,BioPharmGuy
EOLO PHARMA,Small Molecules,Ca - San Francisco,,,,,,https://eolo-pharma.com/,BioPharmGuy
EPIODYNE,Small Molecules,Ca - San Francisco,,,,,,https://epiodyne.com/,BioPharmGuy
EXAVIR THERAPEUTICS,Small Molecules,Ca - San Francisco,,,,,,https://www.exavirtherapeutics.com/,BioPharmGuy
GABAERON,Small Molecules,Ca - San Francisco,,,,,,https://gabaeron.com/,BioPharmGuy
GLYCYX,Small Molecules,Ca - San Francisco,,,,,,https://www.glycyx.com/,BioPharmGuy
GORDIAN BIOTECHNOLOGY,Small Molecules,Ca - San Francisco,,,,,,https://www.gordian.bio/,BioPharmGuy
HEROPHILUS,Small Molecules,Ca - San Francisco,,,,,,https://www.herophilus.com/,BioPharmGuy
IDIENCE,Small Molecules,Ca - San Francisco,,,,,,https://www.idience.com/,BioPharmGuy
INTERDICT,Small Molecules,Ca - San Francisco,,,,,,https://www.interdictbio.com/,BioPharmGuy
LIGHTHOUSE PHARMACEUTICALS,Small Molecules,Ca - San Francisco,,,,,,https://www.lighthousepharma.com/,BioPharmGuy
MELIORA THERAPEUTICS,Small Molecules,Ca - San Francisco,,,,,,https://www.melioratherapeutics.com/,BioPharmGuy
MONTARA THERAPEUTICS,Small Molecules,Ca - San Francisco,,,,,,https://montaratx.com/,BioPharmGuy
NAVIRE PHARMA,Small Molecules,Ca - San Francisco,,,,,,https://navirepharma.com/,BioPharmGuy
NUVATION BIO,Small Molecules,Ca - San Francisco,,,,,,https://nuvationbio.com/,BioPharmGuy
OLEMA ONCOLOGY,Small Molecules,Ca - San Francisco,,,,,,https://olema.com/,BioPharmGuy
OPHIREX,Small Molecules,Ca - San Francisco,,,,,,https://www.ophirex.com/,BioPharmGuy
PRAGMA BIO,Small Molecules,Ca - San Francisco,,,,,,https://www.pragmabio.com/,BioPharmGuy
PROSETTA BIOSCIENCES,Small Molecules,Ca - San Francisco,,,,,,https://prosetta.com/,BioPharmGuy
PULMOSIM THERAPEUTICS,Small Molecules,Ca - San Francisco,,,,,,https://www.pulmosimtx.com/,BioPharmGuy
R1 THERAPEUTICS,Small Molecules,Ca - San Francisco,,,,,,https://r1therapeutics.com/,BioPharmGuy
RESVERLOGIX,Small Molecules,Ca - San Francisco,,,,,,https://www.resverlogix.com/,BioPharmGuy
REVAGENIX,Small Molecules,Ca - San Francisco,,,,,,https://www.revagenix.com/,BioPharmGuy
SYNTHEX,Small Molecules,Ca - San Francisco,,,,,,https://synthexlabs.com/,BioPharmGuy
TELO THERAPEUTICS,Small Molecules,Ca - San Francisco,,,,,,https://telotherapeutics.com/,BioPharmGuy
TIPPINGPOINT BIOSCIENCES,Small Molecules,Ca - San Francisco,,,,,,https://www.tippingpointbiosciences.com/,BioPharmGuy
TOPOS BIO,Small Molecules,Ca - San Francisco,,,,,,https://www.toposbio.ai/,BioPharmGuy
TRILO THERAPEUTICS,Small Molecules,Ca - San Francisco,,,,,,http://trilotherapeutics.com/,BioPharmGuy
VIAGE THERAPEUTICS,Small Molecules,Ca - San Francisco,,,,,,https://www.viagetx.com/,BioPharmGuy
YOURCHOICE THERAPEUTICS,Small Molecules,Ca - San Francisco,,,,,,https://www.yourchoicetx.com/,BioPharmGuy
ZENITH EPIGENETICS,Small Molecules,Ca - San Francisco,,,,,,https://www.zenithepigenetics.com/,BioPharmGuy
BIOMED,Small Molecules,Ca - San Jose,,,,,,https://www.biomedind.com/,BioPharmGuy
BRIDGENE BIOSCIENCES,Small Molecules,Ca - San Jose,,,,,,https://www.bridgenebio.com/,BioPharmGuy
OMRX ONCOLOGY,Small Molecules,Ca - San Jose,,,,,,https://omrxonc.com/,BioPharmGuy
VERSEON,Small Molecules,Ca - San Jose,,,,,,https://www.verseon.com/,BioPharmGuy
ALLEGRO OPHTHALMICS,Small Molecules,Ca - San Juan Capistrano,,,,,,https://www.allegroeye.com/,BioPharmGuy
CLINUVEL PHARMACEUTICALS,Small Molecules,Ca - San Mateo,,,,,,https://www.clinuvel.com/,BioPharmGuy
COTHERA BIOSCIENCE,Small Molecules,Ca - San Mateo,,,,,,https://cotherabio.com/,BioPharmGuy
EICOS SCIENCES,Small Molecules,Ca - San Mateo,,,,,,https://www.eicossciences.com/,BioPharmGuy
SAGIMET BIOSCIENCES,Small Molecules,Ca - San Mateo,,,,,,https://sagimet.com/,BioPharmGuy
SELONTERRA,Small Molecules,Ca - San Mateo,,,,,,https://selonterra.com/,BioPharmGuy
TALPHERA,Small Molecules,Ca - San Mateo,,,,,,https://talphera.com/,BioPharmGuy
SOUTH RAMPART PHARMA,Small Molecules,Ca - San Rafael,,,,,,https://southrampartpharma.com/,BioPharmGuy
METABA,Small Molecules,Ca - Santa Monica,,,,,,https://metaba.us/,BioPharmGuy
TRETHERA,Small Molecules,Ca - Sherman Oaks,,,,,,https://trethera.com/,BioPharmGuy
ARTELO BIOSCIENCES,Small Molecules,Ca - Solana Beach,,,,,,https://artelobio.com/,BioPharmGuy
EUMENTIS THERAPEUTICS,Small Molecules,Ca - Solana Beach,,,,,,https://eumentistx.com/,BioPharmGuy
SENTYNL THERAPEUTICS,Small Molecules,Ca - Solana Beach,,,,,,https://sentynl.com/,BioPharmGuy
APERTOR PHARMACEUTICALS,Small Molecules,Ca - South San Francisco,,,,,,https://apertorpharma.com/,BioPharmGuy
ACELOT,Small Molecules,Ca - South Sf,,,,,,https://www.acelot.com/,BioPharmGuy
AKERO THERAPEUTICS,Small Molecules,Ca - South Sf,,,,,,https://akerotx.com/,BioPharmGuy
ALUMIS,Small Molecules,Ca - South Sf,,,,,,https://www.alumis.com/,BioPharmGuy
ANTARES THERAPEUTICS,Small Molecules,Ca - South Sf,,,,,,https://antaresrx.com/,BioPharmGuy
ASSEMBLY BIOSCIENCES,Small Molecules,Ca - South Sf,,,,,,https://www.assemblybio.com/,BioPharmGuy
BBOT,Small Molecules,Ca - South Sf,,,,,,https://bbotx.com/,BioPharmGuy
CALICO,Small Molecules,Ca - South Sf,,,,,,https://www.calicolabs.com/,BioPharmGuy
CYTOKINETICS,Small Molecules,Ca - South Sf,,,,,,https://cytokinetics.com/,BioPharmGuy
FRONTIER MEDICINES,Small Molecules,Ca - South Sf,,,,,,https://frontiermeds.com/,BioPharmGuy
IDEAYA BIOSCIENCES,Small Molecules,Ca - South Sf,,,,,,https://www.ideayabio.com/,BioPharmGuy
INITIAL THERAPEUTICS,Small Molecules,Ca - South Sf,,,,,,https://initialtx.com/,BioPharmGuy
KARDIGAN,Small Molecules,Ca - South Sf,,,,,,https://www.kardigan.bio/,BioPharmGuy
KEZAR LIFE SCIENCES,Small Molecules,Ca - South Sf,,,,,,https://kezarlifesciences.com/,BioPharmGuy
NINE SQUARE THERAPEUTICS,Small Molecules,Ca - South Sf,,,,,,https://ninesquaretx.com/,BioPharmGuy
NURA BIO,Small Molecules,Ca - South Sf,,,,,,https://nurabio.com/,BioPharmGuy
ORIC PHARMACEUTICALS,Small Molecules,Ca - South Sf,,,,,,https://oricpharma.com/,BioPharmGuy
PLIANT THERAPEUTICS,Small Molecules,Ca - South Sf,,,,,,https://pliantrx.com/,BioPharmGuy
QUANTA THERAPEUTICS,Small Molecules,Ca - South Sf,,,,,,https://www.quantatx.com/,BioPharmGuy
QUINCE THERAPEUTICS,Small Molecules,Ca - South Sf,,,,,,https://quincetx.com/,BioPharmGuy
RAPT THERAPEUTICS,Small Molecules,Ca - South Sf,,,,,,https://rapt.com/,BioPharmGuy
RIGEL PHARMACEUTICALS,Small Molecules,Ca - South Sf,,,,,,https://www.rigel.com/,BioPharmGuy
SEPTERNA,Small Molecules,Ca - South Sf,,,,,,https://www.septerna.com/,BioPharmGuy
SPIRAL THERAPEUTICS,Small Molecules,Ca - South Sf,,,,,,https://www.spiraltx.com/,BioPharmGuy
SPRUCE BIOSCIENCES,Small Molecules,Ca - South Sf,,,,,,https://sprucebio.com/,BioPharmGuy
STRUCTURE THERAPEUTICS,Small Molecules,Ca - South Sf,,,,,,https://structuretx.com/,BioPharmGuy
TERREMOTO BIOSCIENCES,Small Molecules,Ca - South Sf,,,,,,https://terremotobio.com/,BioPharmGuy
THERAVANCE BIOPHARMA,Small Molecules,Ca - South Sf,,,,,,https://www.theravance.com/,BioPharmGuy
ZAI LAB,Small Molecules,Ca - South Sf,,,,,,https://www.zailaboratory.com/,BioPharmGuy
CORSAIR PHARMA,Small Molecules,Ca - Sunnyvale,,,,,,https://www.corsairpharma.com/,BioPharmGuy
RIBOSCIENCE,Small Molecules,Ca - Sunnyvale,,,,,,https://www.riboscience.com/,BioPharmGuy
RUBEDO LIFE SCIENCES,Small Molecules,Ca - Sunnyvale,,,,,,https://www.rubedolife.com/,BioPharmGuy
ALIVEGEN,Small Molecules,Ca - Thousand Oaks,,,,,,https://www.alivegen.com/,BioPharmGuy
BEREN THERAPEUTICS,Small Molecules,Ca - Thousand Oaks,,,,,,https://www.berentx.com/,BioPharmGuy
LATIGO BIOTHERAPEUTICS,Small Molecules,Ca - Thousand Oaks,,,,,,https://latigobio.com/,BioPharmGuy
SENJU PHARMACEUTICAL,Small Molecules,Ca - Torrance,,,,,,https://www.senju.co.jp/english/,BioPharmGuy
SYNCHRONICITY PHARMA,Small Molecules,Ca - Virtual,,,,,,https://synchronicitypharma.com/,BioPharmGuy
NEUROCENTRIA,Small Molecules,Ca - Walnut Creek,,,,,,https://www.neurocentria.com/,BioPharmGuy
AQUR BIOSCIENCES,Small Molecules,Ca - Westlake Village,,,,,,https://aqurbiosciences.com/,BioPharmGuy
ARCUTIS BIOTHERAPEUTICS,Small Molecules,Ca - Westlake Village,,,,,,https://www.arcutis.com/,BioPharmGuy
MANZANITA PHARMACEUTICALS,Small Molecules,Ca - Woodside,,,,,,https://www.manzanitapharmaceuticals.com/,BioPharmGuy
LABORATORIOS SAVAL,Small Molecules,Chile - Renca,,,,,,https://www.savalcorp.com/en/,BioPharmGuy
APPLIED PHARMACEUTICAL SCIENCE,Small Molecules,China - Beijing,,,,,,https://www.apspharm.com/,BioPharmGuy
ASCENTAGE PHARMA,Small Molecules,China - Beijing,,,,,,https://www.ascentage.com/,BioPharmGuy
ASCENTAWITS PHARMACEUTICALS,Small Molecules,China - Beijing,,,,,,https://www.ascentawits.com/,BioPharmGuy
AVISTONE,Small Molecules,China - Beijing,,,,,,https://en.avistonebio.com/,BioPharmGuy
AXTER THERAPEUTICS,Small Molecules,China - Beijing,,,,,,https://www.axtertx.com/?_l=en,BioPharmGuy
BIO GENUINE BIOTECH,Small Molecules,China - Beijing,,,,,,https://en.genuine-bio.com/about.html,BioPharmGuy
BIOSTAR PHARMACEUTICALS,Small Molecules,China - Beijing,,,,,,https://www.biostar-pharm.com/en/about.html,BioPharmGuy
FOSUN PHARMA,Small Molecules,China - Beijing,,,,,,https://www.fosunpharma.com/en/,BioPharmGuy
JACOBIO PHARMACEUTICALS,Small Molecules,China - Beijing,,,,,,https://www.jacobiopharma.com/en/,BioPharmGuy
PYROTECH THERAPEUTICS,Small Molecules,China - Beijing,,,,,,https://www.pyrotech.com/about.html,BioPharmGuy
TAIGEN BIOTECHNOLOGY,Small Molecules,China - Beijing,,,,,,https://www.taigenbiotech.com/en,BioPharmGuy
WISTA PHARMACEUTICAL,Small Molecules,China - Beijing,,,,,,https://www.wistapharma.com/en/,BioPharmGuy
ZAI LAB,Small Molecules,China - Beijing,,,,,,https://www.zailaboratory.com/,BioPharmGuy
ANTICANCER BIOSCIENCE,Small Molecules,China - Chengdu,,,,,,https://anticancerbio.com/,BioPharmGuy
CHENGDU KANGHONG PHARMACEUTICAL GROUP,Small Molecules,China - Chengdu,,,,,,https://www.cnkh.com/,BioPharmGuy
HINOVA PHARMACEUTICALS,Small Molecules,China - Chengdu,,,,,,https://www.hinovapharma.com/,BioPharmGuy
TECHNODERMA MEDICINES,Small Molecules,China - Chengdu,,,,,,http://www.tkskin.com/en/,BioPharmGuy
RESPIRENT PHARMACEUTICALS CO,Small Molecules,China - Chongqing,,,,,,https://respirentpharma.com/,BioPharmGuy
YAO PHARMA,Small Molecules,China - Chongqing,,,,,,https://en.yaopharma.com/,BioPharmGuy
ALLORION THERAPEUTICS,Small Molecules,China - Guangzhou,,,,,,https://alloriontx.com/,BioPharmGuy
ASCENTAGE PHARMA,Small Molecules,China - Guangzhou,,,,,,https://www.ascentage.com/,BioPharmGuy
HIST PHARMA,Small Molecules,China - Guangzhou,,,,,,http://www.histpharma.com/,BioPharmGuy
LEE'S PHARMACEUTICAL,Small Molecules,China - Guangzhou,,,,,,https://www.leespharm.com/,BioPharmGuy
LUPENG PHARMACEUTICAL,Small Molecules,China - Guangzhou,,,,,,https://www.lupengbio.com/,BioPharmGuy
MAGPIE PHARMACEUTICALS,Small Molecules,China - Guangzhou,,,,,,https://www.magpiepharma.com/,BioPharmGuy
RAYNOVENT BIOTECH,Small Molecules,China - Guangzhou,,,,,,https://www.raynovent.com/rayen/index.html,BioPharmGuy
ZHAOKE OPHTHALMOLOGY,Small Molecules,China - Guangzhou,,,,,,https://www.zkoph.com/?lang=en,BioPharmGuy
CHINA PHARMA HOLDINGS,Small Molecules,China - Haikou,,,,,,http://www.chinapharmaholdings.com/,BioPharmGuy
BETTA PHARMACEUTICALS,Small Molecules,China - Hangzhou,,,,,,http://bettapharma.com/en.php,BioPharmGuy
E-NITIATE BIOPHARMACEUTICALS,Small Molecules,China - Hangzhou,,,,,,https://www.enitiatebio.com/en.php,BioPharmGuy
HIGHLIGHTLL PHARMACEUTICAL,Small Molecules,China - Hangzhou,,,,,,https://highlightllpharma.com/en.php,BioPharmGuy
HUADONG MEDICINE,Small Molecules,China - Hangzhou,,,,,,https://www.eastchinapharm.com/en,BioPharmGuy
HUARONG PHARM,Small Molecules,China - Hangzhou,,,,,,https://www.huarongpharm.com/,BioPharmGuy
LYNK PHARMACEUTICALS,Small Molecules,China - Hangzhou,,,,,,https://www.lynkpharma.com/,BioPharmGuy
PEGBIO,Small Molecules,China - Hangzhou,,,,,,https://www.pegbio.com/en,BioPharmGuy
RANOK THERAPEUTICS,Small Molecules,China - Hangzhou,,,,,,https://ranoktherapeutics.com/,BioPharmGuy
YIRUI PHARMA,Small Molecules,China - Hangzhou,,,,,,https://yirui-pharma.com/,BioPharmGuy
ZENSHINE PHARMACEUTICALS,Small Molecules,China - Hangzhou,,,,,,http://en.zenshine-pharma.com/,BioPharmGuy
HASTEN PHARMA,Small Molecules,China - Hefei,,,,,,https://www.hastenpharma.com/en/,BioPharmGuy
LEE'S PHARMACEUTICAL,Small Molecules,China - Hefei,,,,,,https://www.leespharm.com/,BioPharmGuy
APTORUM GROUP,Small Molecules,China - Hong Kong,,,,,,https://www.aptorumgroup.com/index,BioPharmGuy
ESSEX BIO,Small Molecules,China - Hong Kong,,,,,,http://www.essexbio.com/,BioPharmGuy
FOSUN PHARMA,Small Molecules,China - Hong Kong,,,,,,https://www.fosunpharma.com/en/,BioPharmGuy
HUTCHMED,Small Molecules,China - Hong Kong,,,,,,https://www.hutch-med.com/,BioPharmGuy
LEE'S PHARMACEUTICAL,Small Molecules,China - Hong Kong,,,,,,https://www.leespharm.com/,BioPharmGuy
SINO BIOPHARMACEUTICAL,Small Molecules,China - Hong Kong,,,,,,https://www.en.sbpgroup.com/,BioPharmGuy
ZAI LAB,Small Molecules,China - Hong Kong,,,,,,https://www.zailaboratory.com/,BioPharmGuy
CHIA TAI TIANQING PHARMACEUTICAL GROUP,Small Molecules,China - Lianyungang,,,,,,https://www.cttq.com/en/,BioPharmGuy
EISAI,Small Molecules,China - Liaoning,,,,,,https://www.eisai.com/index.html,BioPharmGuy
AOSAIKANG PHARMACEUTICAL,Small Molecules,China - Nanjing,,,,,,https://www.ask-pharm.com/en/,BioPharmGuy
DELOVA BIOTECH,Small Molecules,China - Nanjing,,,,,,https://en.delovabio.com/,BioPharmGuy
HEPAGENE THERAPEUTICS,Small Molecules,China - Nanjing,,,,,,https://www.hepagene.com/,BioPharmGuy
NEURODAWN PHARMACEUTICAL,Small Molecules,China - Nanjing,,,,,,https://www.neurodawn.cn/lxwm,BioPharmGuy
SIMCERE PHARMACEUTICAL GROUP,Small Molecules,China - Nanjing,,,,,,https://en.simcere.com/,BioPharmGuy
TRANSTHERA SCIENCES,Small Molecules,China - Nanjing,,,,,,http://www.transtherabio.com,BioPharmGuy
ZENSHINE PHARMACEUTICALS,Small Molecules,China - Nanjing,,,,,,http://en.zenshine-pharma.com/,BioPharmGuy
UNI BIOSCIENCES,Small Molecules,China - Pak Shek Kok,,,,,,https://www.uni-bioscience.com/en,BioPharmGuy
BIO GENUINE BIOTECH,Small Molecules,China - Pingdingshan,,,,,,https://en.genuine-bio.com/about.html,BioPharmGuy
ABBISKO THERAPEUTICS,Small Molecules,China - Shanghai,,,,,,https://www.abbisko.com/,BioPharmGuy
ACERAND THERAPEUTICS,Small Molecules,China - Shanghai,,,,,,https://www.acerand.com/,BioPharmGuy
ALEBUND PHARMACEUTICALS,Small Molecules,China - Shanghai,,,,,,http://www.alebund.com/,BioPharmGuy
ALPHA BIOPHARMA (2),Small Molecules,China - Shanghai,,,,,,https://www.alphabiopharma.com/?_l=en,BioPharmGuy
AMPHIPROTECH,Small Molecules,China - Shanghai,,,,,,https://www.amphiprotech.com/en/,BioPharmGuy
ARK BIOSCIENCES,Small Molecules,China - Shanghai,,,,,,https://www.arkbiosciences.com/,BioPharmGuy
ASCENTAGE PHARMA,Small Molecules,China - Shanghai,,,,,,https://www.ascentage.com/,BioPharmGuy
BIO GENUINE BIOTECH,Small Molecules,China - Shanghai,,,,,,https://en.genuine-bio.com/about.html,BioPharmGuy
CASCADE PHARMACEUTICALS,Small Molecules,China - Shanghai,,,,,,https://cascadepharm.com/,BioPharmGuy
CONJUSTAR,Small Molecules,China - Shanghai,,,,,,https://conjustar.com/,BioPharmGuy
CORXEL BIO,Small Molecules,China - Shanghai,,,,,,https://www.corxelbio.com/,BioPharmGuy
CREATERNA SCIENCE,Small Molecules,China - Shanghai,,,,,,https://www.createrna.com/en,BioPharmGuy
CULLGEN,Small Molecules,China - Shanghai,,,,,,https://www.cullgen.com/,BioPharmGuy
DAIICHI SANKYO,Small Molecules,China - Shanghai,,,,,,https://daiichisankyo.us/,BioPharmGuy
DIZAL PHARMA,Small Molecules,China - Shanghai,,,,,,https://www.dizalpharma.com/,BioPharmGuy
ECCOGENE,Small Molecules,China - Shanghai,,,,,,https://www.eccogene.com/,BioPharmGuy
EDDING,Small Molecules,China - Shanghai,,,,,,https://www.eddingpharm.com/en/,BioPharmGuy
EISAI,Small Molecules,China - Shanghai,,,,,,https://www.eisai.com/index.html,BioPharmGuy
ETERN BIOPHARMA,Small Molecules,China - Shanghai,,,,,,https://www.eterntx.com/,BioPharmGuy
FOSUN PHARMA,Small Molecules,China - Shanghai,,,,,,https://www.fosunpharma.com/en/,BioPharmGuy
GLUBIO,Small Molecules,China - Shanghai,,,,,,https://www.glubiotx.com/,BioPharmGuy
GREEN VALLEY PHARMACEUTICALS,Small Molecules,China - Shanghai,,,,,,https://www.greenvalleypharma.com/En,BioPharmGuy
GT APEIRON,Small Molecules,China - Shanghai,,,,,,https://www.apeiron-bio.com/,BioPharmGuy
HAIHE BIOPHARMA,Small Molecules,China - Shanghai,,,,,,https://www.haihepharma.com/,BioPharmGuy
HUA MEDICINE,Small Molecules,China - Shanghai,,,,,,https://www.huamedicine.com/,BioPharmGuy
HUYA BIOSCIENCE,Small Molecules,China - Shanghai,,,,,,https://huyabio.com/,BioPharmGuy
IMPACT THERAPEUTICS,Small Molecules,China - Shanghai,,,,,,https://www.impacttherapeutics.com//en/,BioPharmGuy
INVENTISBIO,Small Molecules,China - Shanghai,,,,,,https://www.inventisbio.com/,BioPharmGuy
KANGPU BIOPHARMACEUTICALS,Small Molecules,China - Shanghai,,,,,,https://www.kangpugroup.com/,BioPharmGuy
LAEKNA THERAPEUTICS,Small Molecules,China - Shanghai,,,,,,https://www.laekna.com/,BioPharmGuy
LEADINGTAC PHARMACEUTICAL,Small Molecules,China - Shanghai,,,,,,https://en.leadingtac.com/,BioPharmGuy
LUYE PHARMA,Small Molecules,China - Shanghai,,,,,,https://www.luye.cn/lvye_en/,BioPharmGuy
MICURX PHARMACEUTICALS,Small Molecules,China - Shanghai,,,,,,https://www.micurxchina.com/en/home,BioPharmGuy
MINDRANK,Small Molecules,China - Shanghai,,,,,,https://www.mindrank.ai/en,BioPharmGuy
NUANCE PHARMA,Small Molecules,China - Shanghai,,,,,,https://www.nuancepharma.com/,BioPharmGuy
NUTSHELL THERAPEUTICS,Small Molecules,China - Shanghai,,,,,,http://www.allonutshell.cn/,BioPharmGuy
OCUMENSION THERAPEUTICS,Small Molecules,China - Shanghai,,,,,,https://www.ocumension.com/en/,BioPharmGuy
PEDIATRIX THERAPEUTICS,Small Molecules,China - Shanghai,,,,,,https://www.pediatrixtherapeutics.com/#/index,BioPharmGuy
REGOR THERAPEUTICS,Small Molecules,China - Shanghai,,,,,,https://regor.com/,BioPharmGuy
ROCHE,Small Molecules,China - Shanghai,,,,,,https://www.roche.com/,BioPharmGuy
SCICLONE PHARMACEUTICALS,Small Molecules,China - Shanghai,,,,,,http://www.sciclone.com,BioPharmGuy
SHANTON PHARMA,Small Molecules,China - Shanghai,,,,,,https://www.shantonpharma.com/,BioPharmGuy
SIMR BIOTECH,Small Molecules,China - Shanghai,,,,,,http://www.simrbio.com/en,BioPharmGuy
STRUCTURE THERAPEUTICS,Small Molecules,China - Shanghai,,,,,,https://structuretx.com/,BioPharmGuy
TENACIA BIOTECHNOLOGY,Small Molecules,China - Shanghai,,,,,,https://www.tenacia.com/en/,BioPharmGuy
TYK MEDICINES,Small Molecules,China - Shanghai,,,,,,https://www.tykmedicines.com/en/,BioPharmGuy
TYLIGAND BIOSCIENCE,Small Molecules,China - Shanghai,,,,,,https://en.tyligand.com.cn/,BioPharmGuy
VIATRIS (2),Small Molecules,China - Shanghai,,,,,,https://www.viatris.com/en,BioPharmGuy
VIVAVISION BIOTECH,Small Molecules,China - Shanghai,,,,,,https://www.vivavisionbio.com/en/,BioPharmGuy
WIGEN BIOMEDICINE,Small Molecules,China - Shanghai,,,,,,https://www.wigenbio.com/en/index.aspx,BioPharmGuy
XGENE PHARMACEUTICAL,Small Molecules,China - Shanghai,,,,,,https://xgenepharm.com/,BioPharmGuy
XYNOMIC PHARMACEUTICALS,Small Molecules,China - Shanghai,,,,,,http://xynomicpharma.com/en/506-11/,BioPharmGuy
YINGLI PHARMA,Small Molecules,China - Shanghai,,,,,,http://www.yl-pharma.com/cn/index.html,BioPharmGuy
ZAI LAB,Small Molecules,China - Shanghai,,,,,,https://www.zailaboratory.com/,BioPharmGuy
ZHIMENG BIOPHARMA,Small Molecules,China - Shanghai,,,,,,http://www.core-biopharma.com/,BioPharmGuy
ZHONGZE THERAPEUTICS,Small Molecules,China - Shanghai,,,,,,https://www.zhongzetherapeutics.com/index.php/en/node/26.html,BioPharmGuy
ZION PHARMA,Small Molecules,China - Shanghai,,,,,,https://www.zionpharma.com/,BioPharmGuy
ALPHAMOL SCIENCE,Small Molecules,China - Shenzhen,,,,,,http://alphamol.com/,BioPharmGuy
ARTIVILA THERAPEUTICS,Small Molecules,China - Shenzhen,,,,,,https://artivila.com/en_about.html,BioPharmGuy
ASCENTAWITS PHARMACEUTICALS,Small Molecules,China - Shenzhen,,,,,,https://www.ascentawits.com/,BioPharmGuy
BIO GENUINE BIOTECH,Small Molecules,China - Shenzhen,,,,,,https://en.genuine-bio.com/about.html,BioPharmGuy
CHIPSCREEN BIOSCIENCES,Small Molecules,China - Shenzhen,,,,,,https://www.chipscreen.com/en/,BioPharmGuy
HIGHTIDE THERAPEUTICS,Small Molecules,China - Shenzhen,,,,,,https://www.hightidetx.com/,BioPharmGuy
SIGNET THERAPEUTICS,Small Molecules,China - Shenzhen,,,,,,https://signettx.com/,BioPharmGuy
TARGETRX,Small Molecules,China - Shenzhen,,,,,,https://www.tjrbiosciences.com/en/,BioPharmGuy
ACCRO BIOSCIENCE,Small Molecules,China - Suzhou,,,,,,https://www.accropeutics.com/,BioPharmGuy
ALPHAMA,Small Molecules,China - Suzhou,,,,,,https://www.alphama.com.cn/en/about/,BioPharmGuy
ASCENTAGE PHARMA,Small Molecules,China - Suzhou,,,,,,https://www.ascentage.com/,BioPharmGuy
ATOM THERAPEUTICS,Small Molecules,China - Suzhou,,,,,,https://atomthera.us/,BioPharmGuy
BRIGHTGENE,Small Molecules,China - Suzhou,,,,,,https://www.bright-gene.com/,BioPharmGuy
CHINA CHEMICAL AND PHARMACEUTICAL COMPANY,Small Molecules,China - Suzhou,,,,,,http://www.ccpg.com.tw/english/01_about/01_detail.aspx?ID=10,BioPharmGuy
EISAI,Small Molecules,China - Suzhou,,,,,,https://www.eisai.com/index.html,BioPharmGuy
GENHOUSE BIO,Small Molecules,China - Suzhou,,,,,,https://www.genhousebio.com/en/,BioPharmGuy
PUHE BIOPHARMA,Small Molecules,China - Suzhou,,,,,,https://en.puhebiopharma.com/,BioPharmGuy
SUZHOU TELIGENE,Small Molecules,China - Suzhou,,,,,,https://www.teligenebio.cn/,BioPharmGuy
TENNOR THERAPEUTICS,Small Molecules,China - Suzhou,,,,,,http://www.tennortherapeutics.com/cn/index.html,BioPharmGuy
VIGONVITA,Small Molecules,China - Suzhou,,,,,,https://www.vigonvita.cn/en/about-us,BioPharmGuy
ZAI LAB,Small Molecules,China - Suzhou,,,,,,https://www.zailaboratory.com/,BioPharmGuy
ASCENTAGE PHARMA,Small Molecules,China - Taizhou,,,,,,https://www.ascentage.com/,BioPharmGuy
TASLY PHARMACEUTICAL,Small Molecules,China - Tianjin,,,,,,https://www.taslyus.com/,BioPharmGuy
CREATERNA SCIENCE,Small Molecules,China - Wuhan,,,,,,https://www.createrna.com/en,BioPharmGuy
WATERSTONE PHARMACEUTICALS,Small Molecules,China - Wuhan,,,,,,http://waterstonepharma.com/,BioPharmGuy
XWPHARMA,Small Molecules,China - Wuhan,,,,,,https://www.xwpharma.com/index.html,BioPharmGuy
APOLLOMICS,Small Molecules,China - Xiaoshan,,,,,,https://www.apollomicsinc.com/,BioPharmGuy
ABM THERAPEUTICS,Small Molecules,China - Zhangjiang,,,,,,http://www.abmtx.com/,BioPharmGuy
LIVZON PHARMACEUTICAL,Small Molecules,China - Zhuhai,,,,,,https://www.livzon.com.cn/,BioPharmGuy
REZUBIO,Small Molecules,China - Zhuhai,,,,,,https://www.rezubio.com/,BioPharmGuy
280BIO,Small Molecules,China - Zz,,,,,,https://280bio.com/,BioPharmGuy
KECHOW PHARMA,Small Molecules,China - Zz,,,,,,https://www.kechowpharma.com/#,BioPharmGuy
RIBOPEUTIC,Small Molecules,China - Zz,,,,,,https://www.ribopeutic.com/,BioPharmGuy
EXXEL PHARMA,Small Molecules,Co - Aurora,,,,,,https://exxelpharma.com/,BioPharmGuy
LOHOCLA RESEARCH CORPORATION,Small Molecules,Co - Aurora,,,,,,https://www.lohocla.com/,BioPharmGuy
ONCONAUT THERAPEUTICS,Small Molecules,Co - Aurora,,,,,,https://onconaut.com/,BioPharmGuy
VONA ONCOLOGY,Small Molecules,Co - Aurora,,,,,,https://vonaoncology.com/,BioPharmGuy
AMBROSIA BIOSCIENCES,Small Molecules,Co - Boulder,,,,,,https://ambrosiabiosciences.com/,BioPharmGuy
CIME THERAPEUTICS,Small Molecules,Co - Boulder,,,,,,https://cimetherapeutics.com/,BioPharmGuy
CRESTONE,Small Molecules,Co - Boulder,,,,,,https://crestonepharma.com/,BioPharmGuy
EDGEWISE THERAPEUTICS,Small Molecules,Co - Boulder,,,,,,https://edgewisetx.com/,BioPharmGuy
ENLIVEN THERAPEUTICS,Small Molecules,Co - Boulder,,,,,,https://www.enliventherapeutics.com/,BioPharmGuy
ENVEDA BIOSCIENCES,Small Molecules,Co - Boulder,,,,,,https://enveda.com/,BioPharmGuy
ONKURE THERAPEUTICS,Small Molecules,Co - Boulder,,,,,,https://onkuretherapeutics.com/,BioPharmGuy
SONOMA PHARMACEUTICALS,Small Molecules,Co - Boulder,,,,,,https://sonomapharma.com/,BioPharmGuy
SUVICA,Small Molecules,Co - Boulder,,,,,,https://suvica.com/,BioPharmGuy
CERECIN,Small Molecules,Co - Broomfield,,,,,,https://cerecin.com/,BioPharmGuy
AYTU BIOPHARMA,Small Molecules,Co - Denver,,,,,,https://aytubio.com/,BioPharmGuy
CETYA THERAPEUTICS,Small Molecules,Co - Fort Collins,,,,,,https://cetya-therapeutics.com/,BioPharmGuy
TOLMAR,Small Molecules,Co - Fort Collins,,,,,,https://tolmar.com/,BioPharmGuy
BIOMIMETIX JV,Small Molecules,Co - Greenwood Village,,,,,,https://biomimetixpharma.com/,BioPharmGuy
LABORATORIOS LEGRAND,Small Molecules,Colombia - Bogotá,,,,,,https://www.laboratorioslegrand.com/co,BioPharmGuy
BAXTER,Small Molecules,Costa Rica - Cartago,,,,,,https://www.baxter.com/,BioPharmGuy
THETIS PHARMACEUTICALS,Small Molecules,Ct - Essex,,,,,,https://www.thetispharma.com/,BioPharmGuy
INVEA THERAPEUTICS,Small Molecules,Ct - Guilford,,,,,,https://inveatx.com/,BioPharmGuy
AEROMICS,Small Molecules,Ct - New Haven,,,,,,https://www.aeromics.com/,BioPharmGuy
ALLYX THERAPEUTICS,Small Molecules,Ct - New Haven,,,,,,https://allyxthera.com/,BioPharmGuy
ALPHINA THERAPEUTICS,Small Molecules,Ct - New Haven,,,,,,https://www.alphinatx.com/,BioPharmGuy
ARVINAS,Small Molecules,Ct - New Haven,,,,,,https://www.arvinas.com/,BioPharmGuy
BIOHAVEN,Small Molecules,Ct - New Haven,,,,,,https://www.biohaven.com/,BioPharmGuy
BIOXCEL THERAPEUTICS,Small Molecules,Ct - New Haven,,,,,,https://www.bioxceltherapeutics.com/,BioPharmGuy
CYBREXA THERAPEUTICS,Small Molecules,Ct - New Haven,,,,,,https://www.cybrexa.com/,BioPharmGuy
HALDA THERAPEUTICS,Small Molecules,Ct - New Haven,,,,,,https://haldatx.com/,BioPharmGuy
L2 DIAGNOSTICS,Small Molecules,Ct - New Haven,,,,,,https://l2diagnostics.com/,BioPharmGuy
MEBIAS DISCOVERY,Small Molecules,Ct - New Haven,,,,,,https://mebiasdiscovery.com/,BioPharmGuy
ORPHAI THERAPEUTICS,Small Molecules,Ct - New Haven,,,,,,https://www.orphai-therapeutics.com/,BioPharmGuy
OSMOL THERAPEUTICS,Small Molecules,Ct - New Haven,,,,,,https://www.osmoltherapeutics.com/,BioPharmGuy
QX THERAPEUTICS,Small Molecules,Ct - New Haven,,,,,,https://www.qxtherapeutics.com/,BioPharmGuy
REST THERAPEUTICS,Small Molecules,Ct - New Haven,,,,,,https://www.rest-therapeutics.com/,BioPharmGuy
TREVI THERAPEUTICS,Small Molecules,Ct - New Haven,,,,,,https://www.trevitherapeutics.com/,BioPharmGuy
VERADERMICS,Small Molecules,Ct - New Haven,,,,,,https://www.veradermics.com/,BioPharmGuy
IMBRIUM THERAPEUTICS,Small Molecules,Ct - Stamford,,,,,,https://www.imbriumthera.com/,BioPharmGuy
PURDUE PHARMA,Small Molecules,Ct - Stamford,,,,,,https://www.purduepharma.com/,BioPharmGuy
SPRINGWORKS THERAPEUTICS,Small Molecules,Ct - Stamford,,,,,,https://springworkstx.com/,BioPharmGuy
GENESIS PHARMA,Small Molecules,Cyprus - Engomi,,,,,,https://www.genesispharma.com/,BioPharmGuy
CASINVENT PHARMA,Small Molecules,Czech Republic - Brno,,,,,,https://casinvent.com/,BioPharmGuy
FERRING PHARMACEUTICALS,Small Molecules,Czech Republic - Jesenice,,,,,,https://ferringusa.com/?lang=en,BioPharmGuy
NEUROENE THERAPEUTICS,Small Molecules,Dc - Washington,,,,,,https://neuroenetherapeutics.com/,BioPharmGuy
REMEDY PLAN THERAPEUTICS,Small Molecules,Dc - Washington,,,,,,https://www.remedyplan.com/,BioPharmGuy
SIXTY DEGREES PHARMACEUTICALS,Small Molecules,Dc - Washington,,,,,,https://60degreespharma.com/,BioPharmGuy
VANDA PHARMACEUTICALS,Small Molecules,Dc - Washington,,,,,,https://www.vandapharma.com/,BioPharmGuy
VERIMMUNE,Small Molecules,Dc - Washington,,,,,,https://www.verimmune.com/,BioPharmGuy
ALAW THERAPEUTICS,Small Molecules,De - Dover,,,,,,https://www.alawtx.com/,BioPharmGuy
BRENIG THERAPEUTICS,Small Molecules,De - Dover,,,,,,https://www.brenigther.com/,BioPharmGuy
EILEAN THERAPEUTICS,Small Molecules,De - Dover,,,,,,https://www.eileanther.com/,BioPharmGuy
LOMOND THERAPEUTICS,Small Molecules,De - Dover,,,,,,https://www.lomondther.com/,BioPharmGuy
FORESEE PHARMACEUTICALS,Small Molecules,De - Newark,,,,,,https://www.foreseepharma.com/,BioPharmGuy
AXPLORA,Small Molecules,De - Wilmington,,,,,,https://www.axplora.com/,BioPharmGuy
INCYTE,Small Molecules,De - Wilmington,,,,,,https://incyte.com/,BioPharmGuy
NIKANG THERAPEUTICS,Small Molecules,De - Wilmington,,,,,,https://www.nikangtx.com/,BioPharmGuy
NRX PHARMACEUTICALS,Small Molecules,De - Wilmington,,,,,,https://www.nrxpharma.com/,BioPharmGuy
PRELUDE THERAPEUTICS,Small Molecules,De - Wilmington,,,,,,https://preludetx.com/,BioPharmGuy
SYNNOVATION THERAPEUTICS,Small Molecules,De - Wilmington,,,,,,https://www.synnovationtx.com/,BioPharmGuy
NMD PHARMA,Small Molecules,Denmark - Aarhus,,,,,,https://www.nmdpharma.com/,BioPharmGuy
STIPE THERAPEUTICS,Small Molecules,Denmark - Aarhus,,,,,,https://stipetherapeutics.com/,BioPharmGuy
ACESION PHARMA,Small Molecules,Denmark - Copenhagen,,,,,,https://acesionpharma.com/,BioPharmGuy
BIOMIA,Small Molecules,Denmark - Copenhagen,,,,,,https://www.biomia.com/,BioPharmGuy
DAMORA THERAPEUTICS,Small Molecules,Denmark - Copenhagen,,,,,,https://damoratx.com/,BioPharmGuy
INITIATOR PHARMA,Small Molecules,Denmark - Copenhagen,,,,,,https://www.initiatorpharma.com/en/,BioPharmGuy
KARIYA PHARMACEUTICALS,Small Molecules,Denmark - Copenhagen,,,,,,https://www.kariyapharma.com/,BioPharmGuy
OUSIA PHARMA,Small Molecules,Denmark - Copenhagen,,,,,,https://www.ousiapharma.com/,BioPharmGuy
SCANDION ONCOLOGY,Small Molecules,Denmark - Copenhagen,,,,,,https://scandiononcology.com/,BioPharmGuy
VESPER BIO,Small Molecules,Denmark - Copenhagen,,,,,,https://www.vesperbio.com/,BioPharmGuy
VIPERGEN,Small Molecules,Denmark - Copenhagen,,,,,,https://www.vipergen.com/,BioPharmGuy
DRAUPNIR BIO,Small Molecules,Denmark - Frederiksberg,,,,,,https://draupnir.bio/,BioPharmGuy
MUNA THERAPEUTICS,Small Molecules,Denmark - Frederiksberg,,,,,,https://munatherapeutics.com/,BioPharmGuy
ZEVRA THERAPEUTICS,Small Molecules,Denmark - Frederiksberg,,,,,,https://zevra.com/,BioPharmGuy
SANIONA,Small Molecules,Denmark - Glostrup,,,,,,https://saniona.com/,BioPharmGuy
UNION THERAPEUTICS,Small Molecules,Denmark - Hellerup,,,,,,https://uniontherapeutics.com/,BioPharmGuy
TETRA PHARM TECHNOLOGIES,Small Molecules,Denmark - Hillerød,,,,,,https://www.tetrapharm.eu/,BioPharmGuy
PHARMACOSMOS,Small Molecules,Denmark - Holbaek,,,,,,https://pharmacosmos.com/,BioPharmGuy
ALLARITY THERAPEUTICS,Small Molecules,Denmark - Hørsholm,,,,,,https://allarity.com/,BioPharmGuy
BREYE THERAPEUTICS,Small Molecules,Denmark - Hørsholm,,,,,,https://breye.com/,BioPharmGuy
CONTERA PHARMA,Small Molecules,Denmark - Hørsholm,,,,,,https://conterapharma.com/,BioPharmGuy
KRIPTHONITE THERAPEUTICS,Small Molecules,Denmark - Hørsholm,,,,,,https://www.kripthonite.com/,BioPharmGuy
MIPSALUS,Small Molecules,Denmark - Hørsholm,,,,,,https://www.mipsalus.dk/,BioPharmGuy
MONTA BIOSCIENCES,Small Molecules,Denmark - Kongens Lyngby,,,,,,https://montabiosciences.com/,BioPharmGuy
LUNDBECK,Small Molecules,Denmark - Valby,,,,,,https://www.lundbeck.com/us,BioPharmGuy
GRUNENTHAL,Small Molecules,Ecuador - Quito,,,,,,https://www.grunenthal.com,BioPharmGuy
CHEMESTMED,Small Molecules,Estonia - Tartu,,,,,,https://chemestmed.com/,BioPharmGuy
HERANTIS PHARMA,Small Molecules,Finland - Espoo,,,,,,https://herantis.com/,BioPharmGuy
ERRESQ,Small Molecules,Finland - Helsinki,,,,,,https://erresq.com/,BioPharmGuy
POLKU THERAPEUTICS,Small Molecules,Finland - Helsinki,,,,,,https://www.polkutx.com/,BioPharmGuy
RAPPTA THERAPEUTICS,Small Molecules,Finland - Helsinki,,,,,,https://www.rappta-therapeutics.com/,BioPharmGuy
ARANDA PHARMA,Small Molecules,Finland - Kuopio,,,,,,https://arandapharma.com/index.html,BioPharmGuy
SANTEN,Small Molecules,Finland - Tampere,,,,,,https://www.santen.com/en,BioPharmGuy
NANOPHARMACEUTICS,Small Molecules,Fl - Alachua,,,,,,https://www.nanopharmaceutics.com/,BioPharmGuy
CYPRIUM THERAPEUTICS,Small Molecules,Fl - Bay Harbor Islands,,,,,,https://www.cypriumtx.com/,BioPharmGuy
NUTRA PHARMA,Small Molecules,Fl - Boca Raton,,,,,,https://www.nutrapharma.com/,BioPharmGuy
ZEVRA THERAPEUTICS,Small Molecules,Fl - Celebration,,,,,,https://zevra.com/,BioPharmGuy
CATALYST PHARMACEUTICALS,Small Molecules,Fl - Coral Gables,,,,,,https://www.catalystpharma.com/,BioPharmGuy
RELMADA THERAPEUTICS,Small Molecules,Fl - Coral Gables,,,,,,https://www.relmada.com/,BioPharmGuy
CYRANO THERAPEUTICS,Small Molecules,Fl - Delray Beach,,,,,,https://cyranotherapeutics.com/,BioPharmGuy
KAIDA BIOPHARMA,Small Molecules,Fl - Fort Lauderdale,,,,,,https://kaida-biopharma.com/,BioPharmGuy
VYRAMED,Small Molecules,Fl - Fort Lauderdale,,,,,,https://www.vyramed.com/,BioPharmGuy
KLOCKE GROUP,Small Molecules,Fl - Fort Myers,,,,,,https://www.klocke.com/,BioPharmGuy
CYCLO THERAPEUTICS,Small Molecules,Fl - Gainesville,,,,,,https://cyclotherapeutics.com/,BioPharmGuy
X-TOSIS,Small Molecules,Fl - Gainesville,,,,,,https://www.x-tosis.com/,BioPharmGuy
TRIPPBIO,Small Molecules,Fl - Jacksonville,,,,,,https://trippbio.com/,BioPharmGuy
JUPITER NEUROSCIENCES,Small Molecules,Fl - Jupiter,,,,,,https://jupiterneurosciences.com/,BioPharmGuy
MYOSIN THERAPEUTICS,Small Molecules,Fl - Jupiter,,,,,,https://myosintherapeutics.com/,BioPharmGuy
ADVANTAGE THERAPEUTICS,Small Molecules,Fl - Miami,,,,,,https://advantagetherapeutics.com/,BioPharmGuy
CHS PHARMA,Small Molecules,Fl - Miami,,,,,,https://chspharma.com/,BioPharmGuy
DEMERX,Small Molecules,Fl - Miami,,,,,,https://www.demerx.com/,BioPharmGuy
GIBSON ONCOLOGY,Small Molecules,Fl - Miami,,,,,,https://gibsononcology.com/,BioPharmGuy
MIRA PHARMACEUTICALS,Small Molecules,Fl - Miami,,,,,,https://mirapharmaceuticals.com/,BioPharmGuy
NOVEN PHARMACEUTICALS,Small Molecules,Fl - Miami,,,,,,https://www.noven.com/,BioPharmGuy
RIDGEBACK BIOTHERAPEUTICS,Small Molecules,Fl - Miami,,,,,,https://ridgebackbio.com/,BioPharmGuy
SALVAT,Small Molecules,Fl - Miami,,,,,,https://svt.com/en/,BioPharmGuy
TELOMIR PHARMACEUTICALS,Small Molecules,Fl - Miami,,,,,,https://telomirpharma.com/,BioPharmGuy
VERU,Small Molecules,Fl - Miami,,,,,,https://verupharma.com/,BioPharmGuy
XCOVERY,Small Molecules,Fl - Miami,,,,,,http://xcovery.com/,BioPharmGuy
ALLODYNIC THERAPEUTICS,Small Molecules,Fl - North Miami,,,,,,https://allodynic.com/,BioPharmGuy
FORWARD THERAPEUTICS,Small Molecules,Fl - Palm Beach Gardens,,,,,,https://forward-tx.com/,BioPharmGuy
JUPITER BIOMEDICAL RESEARCH,Small Molecules,Fl - Palm Beach Gardens,,,,,,https://www.jupiterbiomedicalresearch.com/,BioPharmGuy
CADRENAL THERAPEUTICS,Small Molecules,Fl - Ponte Vedra,,,,,,https://www.cadrenal.com/,BioPharmGuy
DALCOR PHARMACEUTICALS,Small Molecules,Fl - Sarasota,,,,,,https://dalcorpharma.com/,BioPharmGuy
PRENA,Small Molecules,Fl - St. Petersburg,,,,,,https://www.prena.life/,BioPharmGuy
STUART THERAPEUTICS,Small Molecules,Fl - Stuart,,,,,,https://stuarttherapeutics.com/,BioPharmGuy
FIRST ATOM THERAPEUTICS,Small Molecules,Fl - Tampa,,,,,,https://www.firstatomtx.com/,BioPharmGuy
INFLAMMX THERAPEUTICS,Small Molecules,Fl - Tampa,,,,,,https://inflammx.com/,BioPharmGuy
INHIBITOR THERAPEUTICS,Small Molecules,Fl - Tampa,,,,,,https://inhibitortx.com/,BioPharmGuy
INTEZYNE,Small Molecules,Fl - Tampa,,,,,,https://www.intezyne.com/,BioPharmGuy
PSILERA BIOSCIENCE,Small Molecules,Fl - Tampa,,,,,,https://www.psilera.com/,BioPharmGuy
ALLARITY THERAPEUTICS,Small Molecules,Fl - Tarpon Springs,,,,,,https://allarity.com/,BioPharmGuy
LAKEWOOD-AMEDEX,Small Molecules,Fl - University Park,,,,,,https://lakewoodamedex.com/,BioPharmGuy
PROCESSA PHARMACEUTICALS,Small Molecules,Fl - Vero Beach,,,,,,https://www.processapharmaceuticals.com/,BioPharmGuy
QOL MEDICAL,Small Molecules,Fl - Vero Beach,,,,,,https://www.qolmed.com/,BioPharmGuy
CANTEX PHARMACEUTICALS,Small Molecules,Fl - Weston,,,,,,https://cantex.com/,BioPharmGuy
ZYVERSA THERAPEUTICS,Small Molecules,Fl - Weston,,,,,,https://www.zyversa.com/,BioPharmGuy
MEDESIS PHARMA,Small Molecules,France - Baillargues,,,,,,https://www.medesispharma.com/,BioPharmGuy
NICOX,Small Molecules,France - Biot,,,,,,https://www.nicox.com/,BioPharmGuy
AELIS FARMA,Small Molecules,France - Bordeaux,,,,,,https://www.aelisfarma.com/,BioPharmGuy
NEUROLIXIS,Small Molecules,France - Castres,,,,,,https://www.neurolixis.com/en/,BioPharmGuy
AXPLORA,Small Molecules,France - Chasse-Sur-Rhône,,,,,,https://www.axplora.com/,BioPharmGuy
DBV TECHNOLOGIES,Small Molecules,France - Châtillon,,,,,,https://dbv-technologies.com/,BioPharmGuy
LABORATOIRES THÉA,Small Molecules,France - Clermont Ferrand,,,,,,https://thea.com/en_WW/,BioPharmGuy
INVENTIVA,Small Molecules,France - Daix,,,,,,https://inventivapharma.com/fr/accueil/,BioPharmGuy
H4 ORPHAN PHARMA,Small Molecules,France - Dijon,,,,,,https://www.h4orphanpharma.com/en/home/,BioPharmGuy
ONCODESIGN PRECISION MEDICINE,Small Molecules,France - Dijon,,,,,,https://www.oncodesign.com/,BioPharmGuy
IPSEN,Small Molecules,France - Dreaux,,,,,,https://www.ipsen.com/,BioPharmGuy
KAINOVA THERAPEUTICS,Small Molecules,France - Illkirch-Strasbourg,,,,,,https://www.kainovatx.com/en/,BioPharmGuy
ANTABIO,Small Molecules,France - Labège,,,,,,https://antabio.com/,BioPharmGuy
AXPLORA,Small Molecules,France - Le Mans,,,,,,https://www.axplora.com/,BioPharmGuy
IPSEN,Small Molecules,France - Les Ulis,,,,,,https://www.ipsen.com/,BioPharmGuy
4MOVING BIOTECH,Small Molecules,France - Lille,,,,,,https://www.4movingbiotech.com/,BioPharmGuy
APTEEUS,Small Molecules,France - Lille,,,,,,https://apteeus.fr/en/welcome/,BioPharmGuy
HEMERION,Small Molecules,France - Lille,,,,,,https://hemerion.com/,BioPharmGuy
ALZPROTECT,Small Molecules,France - Loos,,,,,,https://www.alzprotect.com/,BioPharmGuy
GENFIT,Small Molecules,France - Loos,,,,,,https://www.genfit.com/,BioPharmGuy
ENYO PHARMA,Small Molecules,France - Lyon,,,,,,https://www.enyopharma.com/,BioPharmGuy
POXEL,Small Molecules,France - Lyon,,,,,,https://www.poxelpharma.com/en_us,BioPharmGuy
REVENTUS,Small Molecules,France - Lyon,,,,,,https://reventuspharma.com/,BioPharmGuy
THERAPPI BIOSCIENCE,Small Molecules,France - Lyon,,,,,,https://tppibio.com/,BioPharmGuy
THX PHARMA,Small Molecules,France - Lyon,,,,,,https://www.theranexus.com/en/,BioPharmGuy
GENOSCIENCE PHARMA,Small Molecules,France - Marseille,,,,,,https://www.genosciencepharma.com/,BioPharmGuy
AVEROA,Small Molecules,France - Meylan,,,,,,https://averoa-pharma.org/,BioPharmGuy
BIODOL,Small Molecules,France - Montarnaud,,,,,,https://www.biodol.eu/,BioPharmGuy
BCI PHARMA,Small Molecules,France - Montpellier,,,,,,https://bci-pharma.com/,BioPharmGuy
NANOMEDSYN,Small Molecules,France - Montpellier,,,,,,https://nanomedsyn.com/,BioPharmGuy
NFL BIOSCIENCES,Small Molecules,France - Montpellier,,,,,,https://www.nflbiosciences.com/en/,BioPharmGuy
PHOST'IN THERAPEUTICS,Small Molecules,France - Montpellier,,,,,,https://www.phostin.com/,BioPharmGuy
SENSORION,Small Molecules,France - Montpellier,,,,,,https://www.sensorion.com/,BioPharmGuy
AXPLORA,Small Molecules,France - Mourenx,,,,,,https://www.axplora.com/,BioPharmGuy
PANNTHERAPI,Small Molecules,France - Nimes,,,,,,https://panntherapi.com/,BioPharmGuy
KINNOV THERAPEUTICS,Small Molecules,France - Orléans,,,,,,https://www.kinnov-therapeutics.com/,BioPharmGuy
MELKIN PHARMACEUTICALS,Small Molecules,France - Orléans,,,,,,https://www.melkin-pharma.com/,BioPharmGuy
AB SCIENCE,Small Molecules,France - Paris,,,,,,https://www.ab-science.com/,BioPharmGuy
ADVICENNE,Small Molecules,France - Paris,,,,,,https://advicenne.com,BioPharmGuy
BIOPHYTIS,Small Molecules,France - Paris,,,,,,https://www.biophytis.com/en/,BioPharmGuy
BIOPROJET SCR,Small Molecules,France - Paris,,,,,,https://www.bioprojet.com/,BioPharmGuy
CEPHAGENIX,Small Molecules,France - Paris,,,,,,https://cephagenix.com/,BioPharmGuy
CERES BRAIN THERAPEUTICS,Small Molecules,France - Paris,,,,,,https://www.ceres-brain.com/,BioPharmGuy
CLEVEXEL PHARMA,Small Molecules,France - Paris,,,,,,https://www.clevexelpharma.com/en/,BioPharmGuy
CORTERIA PHARMACEUTICALS,Small Molecules,France - Paris,,,,,,https://corteriapharma.com/,BioPharmGuy
CURIUM PHARMA,Small Molecules,France - Paris,,,,,,https://www.curiumpharma.com/about/who-we-are/,BioPharmGuy
D&A PHARMA,Small Molecules,France - Paris,,,,,,https://www.da-pharma.com/,BioPharmGuy
FINDIMMUNE,Small Molecules,France - Paris,,,,,,https://www.findimmune.com/,BioPharmGuy
FOSUN PHARMA,Small Molecules,France - Paris,,,,,,https://www.fosunpharma.com/en/,BioPharmGuy
JUVISE PHARMACEUTICALS,Small Molecules,France - Paris,,,,,,https://juvisepharmaceuticals.com/,BioPharmGuy
LAVIPHARM,Small Molecules,France - Paris,,,,,,https://lavipharm.com/,BioPharmGuy
MAPREG,Small Molecules,France - Paris,,,,,,https://www.mapreg.com/,BioPharmGuy
NANOBIOTIX,Small Molecules,France - Paris,,,,,,https://nanobiotix.com/,BioPharmGuy
NORDIC PHARMA,Small Molecules,France - Paris,,,,,,https://www.nordicpharma.com/,BioPharmGuy
OREGON THERAPEUTICS,Small Molecules,France - Paris,,,,,,https://oregon-therapeutics.com/,BioPharmGuy
ORPHALAN,Small Molecules,France - Paris,,,,,,https://www.orphalan.com/,BioPharmGuy
REST THERAPEUTICS,Small Molecules,France - Paris,,,,,,https://www.rest-therapeutics.com/,BioPharmGuy
SANOFI,Small Molecules,France - Paris,,,,,,https://www.sanofi.com/en,BioPharmGuy
TRIDEK-ONE,Small Molecules,France - Paris,,,,,,https://www.tridekone.com/,BioPharmGuy
AXPLORA,Small Molecules,France - Pompey,,,,,,https://www.axplora.com/,BioPharmGuy
PERHA PHARMACEUTICALS,Small Molecules,France - Roscoff,,,,,,https://www.perha-pharma.com/,BioPharmGuy
SEABELIFE BIOTECH,Small Molecules,France - Roscoff,,,,,,https://www.seabelife.com/en/,BioPharmGuy
DAIICHI SANKYO,Small Molecules,France - Rueil-Malmasion,,,,,,https://daiichisankyo.us/,BioPharmGuy
NORGINE,Small Molecules,France - Rueil-Malmasion,,,,,,https://norgine.com/,BioPharmGuy
ATLANTHERA,Small Molecules,France - Saint Herblain,,,,,,https://www.atlanthera.com/,BioPharmGuy
ALLECRA THERAPEUTICS,Small Molecules,France - Saint Louis,,,,,,https://allecra.com/,BioPharmGuy
VECTANS PHARMA,Small Molecules,France - Saint-Cloud,,,,,,https://www.vectanspharma.com/,BioPharmGuy
STEP PHARMA,Small Molecules,France - Saint-Genis-Pouilly,,,,,,https://step-ph.com/,BioPharmGuy
SEPTODONT,Small Molecules,France - Saint-Maur-Des-Fosses,,,,,,https://www.septodont.com/,BioPharmGuy
ADVANCED BIODESIGN,Small Molecules,France - Saint-Priest,,,,,,https://a-biodesign.com/,BioPharmGuy
RECORDATI,Small Molecules,France - Saint-Victor,,,,,,https://recordati.com/,BioPharmGuy
IPSEN,Small Molecules,France - Signes,,,,,,https://www.ipsen.com/,BioPharmGuy
BIPER THERAPEUTICS,Small Molecules,France - Strasbourg,,,,,,https://biper-tx.com/,BioPharmGuy
ALGOTX,Small Molecules,France - Suresnes,,,,,,https://algotx.com/,BioPharmGuy
CVASTHERA,Small Molecules,France - Teyssode,,,,,,https://www.cvasthera.com/,BioPharmGuy
IXALTIS,Small Molecules,France - Toulouse,,,,,,http://ixaltis.com/,BioPharmGuy
OT4B,Small Molecules,France - Toulouse,,,,,,https://www.ot4b.com/?lang=en,BioPharmGuy
TEMISIS,Small Molecules,France - Vandoeuvre,,,,,,https://www.temisis.com/,BioPharmGuy
ACCUITIS,Small Molecules,Ga - Alpharetta,,,,,,https://www.accuitis.com/,BioPharmGuy
BRUDER HEALTHCARE,Small Molecules,Ga - Alpharetta,,,,,,https://bruder.com/,BioPharmGuy
CLEARSIDE BIOMEDICAL,Small Molecules,Ga - Alpharetta,,,,,,https://clearsidebio.com/,BioPharmGuy
DOGWOOD THERAPEUTICS,Small Molecules,Ga - Alpharetta,,,,,,https://www.dwtx.com/,BioPharmGuy
NEUROTRAUMA SCIENCES,Small Molecules,Ga - Alpharetta,,,,,,https://neurotraumasciences.com/,BioPharmGuy
CAMBIUM ONCOLOGY,Small Molecules,Ga - Atlanta,,,,,,https://cambiumoncology.com/,BioPharmGuy
GALT PHARMACEUTICALS,Small Molecules,Ga - Atlanta,,,,,,https://galtrx.com/,BioPharmGuy
NEUROP,Small Molecules,Ga - Atlanta,,,,,,https://neuropinc.com/,BioPharmGuy
ALTESA BIOSCIENCES,Small Molecules,Ga - College Park,,,,,,https://www.altesabio.com/,BioPharmGuy
GALECTIN THERAPEUTICS,Small Molecules,Ga - Norcross,,,,,,https://galectintherapeutics.com/,BioPharmGuy
SEBELA PHARMACEUTICALS,Small Molecules,Ga - Roswell,,,,,,https://sebelapharma.com/,BioPharmGuy
ATHENA BIOSCIENCE,Small Molecules,Ga - Watkinsville,,,,,,https://athenabioscience.com/,BioPharmGuy
GRUNENTHAL,Small Molecules,Germany - Aachen,,,,,,https://www.grunenthal.com,BioPharmGuy
PAION,Small Molecules,Germany - Aachen,,,,,,https://www.paion.com/,BioPharmGuy
FRESENIUS KABI,Small Molecules,Germany - Bad Homburg,,,,,,https://www.fresenius-kabi.com/,BioPharmGuy
BAYER,Small Molecules,Germany - Bergkamen,,,,,,https://www.bayer.com/en/,BioPharmGuy
ALBEGA MEDICAL,Small Molecules,Germany - Berlin,,,,,,https://www.albega-medical.com/,BioPharmGuy
APTARION BIOTECH,Small Molecules,Germany - Berlin,,,,,,https://aptarion.com/,BioPharmGuy
AUDIOCURE PHARMA,Small Molecules,Germany - Berlin,,,,,,https://www.audiocure.com/,BioPharmGuy
BERLIN-CHEMIE,Small Molecules,Germany - Berlin,,,,,,https://www.berlin-chemie.de/en.html,BioPharmGuy
BOOSTER THERAPEUTICS,Small Molecules,Germany - Berlin,,,,,,https://www.boostertx.com/,BioPharmGuy
CCRP THERAPEUTICS,Small Molecules,Germany - Berlin,,,,,,https://www.ccrp-therapeutics.com/,BioPharmGuy
ETERNYGEN,Small Molecules,Germany - Berlin,,,,,,https://eternygen.de/en/eternygen-en/,BioPharmGuy
GALIMEDIX THERAPEUTICS,Small Molecules,Germany - Berlin,,,,,,https://galimedix.com/,BioPharmGuy
MERLION PHARMACEUTICALS,Small Molecules,Germany - Berlin,,,,,,https://www.merlionpharma.com/,BioPharmGuy
MYELO THERAPEUTICS,Small Molecules,Germany - Berlin,,,,,,https://www.myelotherapeutics.com/,BioPharmGuy
OMEICOS THERAPEUTICS,Small Molecules,Germany - Berlin,,,,,,https://omeicos.com/,BioPharmGuy
TME PHARMA,Small Molecules,Germany - Berlin,,,,,,https://www.tmepharma.com/,BioPharmGuy
TREAMID THERAPEUTICS,Small Molecules,Germany - Berlin,,,,,,https://www.treamid.com/,BioPharmGuy
XITRA THERAPEUTICS,Small Molecules,Germany - Berlin,,,,,,https://www.xitratherapeutics.com/,BioPharmGuy
BAYER,Small Molecules,Germany - Bitterfeld,,,,,,https://www.bayer.com/en/,BioPharmGuy
SIRTEX MEDICAL,Small Molecules,Germany - Bonn,,,,,,https://www.sirtex.com/eu/,BioPharmGuy
KLOSTERFRAU,Small Molecules,Germany - Cologne,,,,,,https://www.klosterfrau.com/,BioPharmGuy
REFOXY PHARMACEUTICALS,Small Molecules,Germany - Cologne,,,,,,https://www.refoxy.com/,BioPharmGuy
MERCK KGAA,Small Molecules,Germany - Darmstadt,,,,,,https://www.emdgroup.com/en,BioPharmGuy
ZEDIRA,Small Molecules,Germany - Darmstadt,,,,,,https://zedira.com/,BioPharmGuy
KYDO THERAPEUTICS,Small Molecules,Germany - Dortmund,,,,,,https://kydo-tx.com/news.html,BioPharmGuy
QLI5 THERAPEUTICS,Small Molecules,Germany - Dortmund,,,,,,https://qli5tx.com/,BioPharmGuy
APOGEPHA,Small Molecules,Germany - Dresden,,,,,,https://www.apogepha.de/,BioPharmGuy
MENARINI,Small Molecules,Germany - Dresden,,,,,,https://www.menarini.com/en-us.html,BioPharmGuy
PLUSULTRA PHARMA,Small Molecules,Germany - Düsseldorf,,,,,,https://plusultra-pharma.de/en/,BioPharmGuy
CARINOPHARM,Small Molecules,Germany - Eime,,,,,,https://www.carinopharm.de/,BioPharmGuy
ALGIAX PHARMACEUTICALS,Small Molecules,Germany - Erkrath,,,,,,https://www.algiax.com/,BioPharmGuy
MALLIA THERAPEUTICS,Small Molecules,Germany - Erlangen,,,,,,https://mallia.com/therapeutics,BioPharmGuy
FOSUN PHARMA,Small Molecules,Germany - Frankfurt,,,,,,https://www.fosunpharma.com/en/,BioPharmGuy
SANOFI,Small Molecules,Germany - Frankfurt,,,,,,https://www.sanofi.com/en,BioPharmGuy
4HF BIOTEC,Small Molecules,Germany - Freiburg,,,,,,https://www.4hfbiotec.com/,BioPharmGuy
DR. FALK PHARMA,Small Molecules,Germany - Freiburg,,,,,,https://drfalkpharma.com/en,BioPharmGuy
IMMUNIC THERAPEUTICS,Small Molecules,Germany - Grafelfing,,,,,,https://imux.com/,BioPharmGuy
ISARNA THERAPEUTICS,Small Molecules,Germany - Gräfelfing,,,,,,https://isarna-therapeutics.com/,BioPharmGuy
ROCHE,Small Molecules,Germany - Grenzach-Wyhlen,,,,,,https://www.roche.com/,BioPharmGuy
VIVORYON THERAPEUTICS,Small Molecules,Germany - Halle,,,,,,https://www.vivoryon.com/,BioPharmGuy
BREAKPOINT THERAPEUTICS,Small Molecules,Germany - Hamburg,,,,,,https://breakpointtx.com/,BioPharmGuy
SIDANIS PHARMA,Small Molecules,Germany - Hamburg,,,,,,https://sidanis.com/,BioPharmGuy
WALTER RITTER & CO. KG,Small Molecules,Germany - Hamburg,,,,,,https://www.walterritter.com/,BioPharmGuy
EXCIVA,Small Molecules,Germany - Heidelberg,,,,,,https://www.exciva.com/,BioPharmGuy
FUNDAMENTAL PHARMA,Small Molecules,Germany - Heidelberg,,,,,,https://fundamentalpharma.com/,BioPharmGuy
RHINE PHARMA,Small Molecules,Germany - Heidelberg,,,,,,https://rhine-pharma.com/,BioPharmGuy
UMLAUT.BIO,Small Molecules,Germany - Heidelberg,,,,,,https://umlaut.bio/,BioPharmGuy
MEDICE,Small Molecules,Germany - Iserlohn,,,,,,https://medice-health-family.com/global-en/,BioPharmGuy
BIOFRONTERA,Small Molecules,Germany - Leverkusen,,,,,,https://www.biofrontera-us.com/,BioPharmGuy
ABBVIE,Small Molecules,Germany - Ludwigshafen Am Rhein,,,,,,https://www.abbviecontractmfg.com/,BioPharmGuy
ASPEN PHARMACARE,Small Molecules,Germany - Munich,,,,,,https://www.aspenpharma.com/,BioPharmGuy
DAIICHI SANKYO,Small Molecules,Germany - Munich,,,,,,https://daiichisankyo.us/,BioPharmGuy
HMNC BRAIN HEALTH,Small Molecules,Germany - Munich,,,,,,https://www.hmnc-brainhealth.com/,BioPharmGuy
INNOVATIVE MOLECULES,Small Molecules,Germany - Munich,,,,,,https://innovativemolecules.com/,BioPharmGuy
SANTEN,Small Molecules,Germany - Munich,,,,,,https://www.santen.com/en,BioPharmGuy
ABNOBA,Small Molecules,Germany - Niefern-Oeschelbronn,,,,,,https://www.abnoba.de/?lang=en,BioPharmGuy
SMARTBAX,Small Molecules,Germany - Oberschleißheim,,,,,,https://www.smartbax.de/,BioPharmGuy
ATRIVA THERAPEUTICS,Small Molecules,Germany - Planegg,,,,,,https://www.atriva-therapeutics.com/,BioPharmGuy
NEOSPHERE BIOTECHNOLOGIES,Small Molecules,Germany - Planegg,,,,,,https://neospherebiotechnologies.com/,BioPharmGuy
ORIGENIS,Small Molecules,Germany - Planegg,,,,,,https://www.origenis.de/,BioPharmGuy
4SC,Small Molecules,Germany - Planegg-Martinsried,,,,,,https://www.4sc.com/,BioPharmGuy
EISBACH BIO,Small Molecules,Germany - Planegg-Martinsried,,,,,,https://www.eisbach.bio/,BioPharmGuy
SELECTION THERAPEUTICS,Small Molecules,Germany - Planegg-Martinsried,,,,,,https://selectiontherapeutics.com/,BioPharmGuy
ALLERGOPHARMA,Small Molecules,Germany - Reinbek,,,,,,https://allergopharma.dermapharm.com/en-en/,BioPharmGuy
KUPANDO,Small Molecules,Germany - Schönefeld,,,,,,https://www.kupando.com/,BioPharmGuy
ACOUSIA THERAPEUTICS,Small Molecules,Germany - Tübingen,,,,,,https://www.acousia.com/,BioPharmGuy
HEPAREGENIX,Small Molecules,Germany - Tübingen,,,,,,https://www.heparegenix.com/,BioPharmGuy
MIRECA MEDICINES,Small Molecules,Germany - Tübingen,,,,,,https://www.mireca.eu/,BioPharmGuy
SYNOVO,Small Molecules,Germany - Tübingen,,,,,,https://synovo.com/,BioPharmGuy
KLOCKE GROUP,Small Molecules,Germany - Weingarten,,,,,,https://www.klocke.com/,BioPharmGuy
MODAG,Small Molecules,Germany - Wendelsheim,,,,,,https://www.modag.net/en/,BioPharmGuy
VERINOS PHARMA,Small Molecules,Germany - Wuerzburg,,,,,,https://www.verinos-pharma.com/,BioPharmGuy
AICURIS,Small Molecules,Germany - Wuppertal,,,,,,https://www.aicuris.com/,BioPharmGuy
SYNTAB THERAPEUTICS,Small Molecules,Germany - Würselen,,,,,,https://www.syntab-therapeutics.com/,BioPharmGuy
DEMO PHARMACEUTICAL INDUSTRY,Small Molecules,Greece - Athens,,,,,,https://www.demo.gr/,BioPharmGuy
GENESIS PHARMA,Small Molecules,Greece - Athens,,,,,,https://www.genesispharma.com/,BioPharmGuy
LAVIPHARM,Small Molecules,Greece - Peania,,,,,,https://lavipharm.com/,BioPharmGuy
LAVIPHARM,Small Molecules,Greece - Peania Attica,,,,,,https://lavipharm.com/,BioPharmGuy
GENESIS PHARMA,Small Molecules,Greece - Thessaloniki,,,,,,https://www.genesispharma.com/,BioPharmGuy
ALLOS PHARMA,Small Molecules,Hi - Honolulu,,,,,,https://www.allospharma.com/,BioPharmGuy
CARDAX PHARMA,Small Molecules,Hi - Honolulu,,,,,,https://cardaxpharma.com/,BioPharmGuy
CANTABIO PHARMACEUTICALS,Small Molecules,Hungary - Budapest,,,,,,https://www.cantabio.com/,BioPharmGuy
GEDEON RICHTER,Small Molecules,Hungary - Budapest,,,,,,https://www.gedeonrichter.com/en,BioPharmGuy
LIPIDART,Small Molecules,Hungary - Szeged,,,,,,http://www.lipidart.com/,BioPharmGuy
VICHEM CHEMIE RESEARCH,Small Molecules,Hungary - Veszprém,,,,,,https://vichemchemie.com/,BioPharmGuy
CARTILAGEN,Small Molecules,Ia - Iowa City,,,,,,https://www.cartilagen.com/,BioPharmGuy
ASPEN PHARMACARE,Small Molecules,Ia - Sioux City,,,,,,https://www.aspenpharma.com/,BioPharmGuy
3Z PHARMACEUTICALS,Small Molecules,Iceland - Reykjavík,,,,,,https://3z.is/,BioPharmGuy
ARCTIC THERAPEUTICS,Small Molecules,Iceland - Reykjavik,,,,,,https://www.arctictherapeutics.com/,BioPharmGuy
EPIENDO PHARMACEUTICALS,Small Molecules,Iceland - Reykjavík,,,,,,https://www.epiendo.com/,BioPharmGuy
NEPSONE,Small Molecules,Iceland - Reykjavik,,,,,,https://nepsone.com/,BioPharmGuy
PAGARI LIFE SCIENCE,Small Molecules,Il - Bethalto,,,,,,https://pagarilifescience.com/,BioPharmGuy
TOLMAR,Small Molecules,Il - Buffalo Grove,,,,,,https://tolmar.com/,BioPharmGuy
AKAVA THERAPEUTICS,Small Molecules,Il - Chicago,,,,,,https://akavatx.com/,BioPharmGuy
ALTATHERA PHARMACEUTICALS,Small Molecules,Il - Chicago,,,,,,https://altathera.com/,BioPharmGuy
CIRC BIOSCIENCES,Small Molecules,Il - Chicago,,,,,,https://circbiosciences.com/,BioPharmGuy
EMALEX BIOSCIENCES,Small Molecules,Il - Chicago,,,,,,https://emalexbiosciences.com/,BioPharmGuy
PATHOS AI,Small Molecules,Il - Chicago,,,,,,https://www.pathos.com/,BioPharmGuy
PRUNUS THERAPEUTICS,Small Molecules,Il - Chicago,,,,,,https://www.prunustx.com/,BioPharmGuy
VANQUA BIO,Small Molecules,Il - Chicago,,,,,,https://www.vanquabio.com/,BioPharmGuy
VIVACELLE BIO,Small Molecules,Il - Chicago,,,,,,https://vivacellebio.com/,BioPharmGuy
XERIS BIOPHARMA,Small Molecules,Il - Chicago,,,,,,http://xerispharma.com/,BioPharmGuy
BAXTER,Small Molecules,Il - Deerfield,,,,,,https://www.baxter.com/,BioPharmGuy
LUNDBECK,Small Molecules,Il - Deerfield,,,,,,https://www.lundbeck.com/us,BioPharmGuy
TERSERA THERAPEUTICS,Small Molecules,Il - Deerfield,,,,,,https://tersera.com/,BioPharmGuy
JACE BIOMEDICAL,Small Molecules,Il - Des Plaines,,,,,,https://jacebio.com/,BioPharmGuy
NEPHRAEGIS THERAPEUTICS,Small Molecules,Il - Lake Forest,,,,,,https://www.nephraegis.com/,BioPharmGuy
FRESENIUS KABI,Small Molecules,Il - Lake Zurich,,,,,,https://www.fresenius-kabi.com/,BioPharmGuy
OWP PHARMACEUTICALS,Small Molecules,Il - Lisle,,,,,,https://owppharma.com/,BioPharmGuy
ENDEVICA BIO,Small Molecules,Il - Northbrook,,,,,,https://www.endevicabio.com/,BioPharmGuy
TEMPRIAN ONCOLOGY,Small Molecules,Il - Oak Park,,,,,,https://www.temprianonc.com/about,BioPharmGuy
ACURA PHARMACEUTICALS,Small Molecules,Il - Palatine,,,,,,http://acurapharm.com,BioPharmGuy
SAGENT PHARMACEUTICALS,Small Molecules,Il - Schaumburg,,,,,,https://www.sagentpharma.com/,BioPharmGuy
MONOPAR THERAPEUTICS,Small Molecules,Il - Wilmette,,,,,,https://www.monopartx.com/,BioPharmGuy
CONFLUENCE PHARMACEUTICALS,Small Molecules,In - Arcadia,,,,,,http://www.confluencepharma.com/,BioPharmGuy
PARAPRO,Small Molecules,In - Carmel,,,,,,https://www.parapro.com/,BioPharmGuy
SUDO BIOSCIENCES,Small Molecules,In - Carmel,,,,,,https://sudobio.com/,BioPharmGuy
NEURODON,Small Molecules,In - Crown Point,,,,,,https://neurodon.net/,BioPharmGuy
NEURO VIGOR,Small Molecules,In - Hammond,,,,,,https://www.nvtherapeutics.com/,BioPharmGuy
KOVINA THERAPEUTICS,Small Molecules,In - Indianapolis,,,,,,https://www.kovina.com/,BioPharmGuy
NERX BIOSCIENCES,Small Molecules,In - Indianapolis,,,,,,https://www.nerxbiosciences.com/,BioPharmGuy
SYNDEIO BIOSCIENCES,Small Molecules,In - Indianapolis,,,,,,https://www.syndeio.bio/,BioPharmGuy
CURIUM PHARMA,Small Molecules,In - Noblesville,,,,,,https://www.curiumpharma.com/about/who-we-are/,BioPharmGuy
AKANOCURE,Small Molecules,In - West Lafayette,,,,,,https://www.akanocure.com/,BioPharmGuy
ERADIVIR,Small Molecules,In - West Lafayette,,,,,,https://eradivir.com/,BioPharmGuy
AHAMMUNE BIOSCIENCES,Small Molecules,India - Baner,,,,,,https://www.ahammune.com/,BioPharmGuy
AURIGENE ONCOLOGY,Small Molecules,India - Bangalore,,,,,,https://aurigene.com/,BioPharmGuy
EUROFINS ADVINUS,Small Molecules,India - Bangalore,,,,,,https://www.advinus.com/,BioPharmGuy
MESTASTOP SOLUTIONS,Small Molecules,India - Bangalore,,,,,,https://mestastop.com/,BioPharmGuy
RENAISSTHERA,Small Molecules,India - Bangalore,,,,,,https://www.renaissthera.com/index.php,BioPharmGuy
AVAMMUNE THERAPEUTICS,Small Molecules,India - Bengaluru,,,,,,https://www.avammune.com/,BioPharmGuy
AXPLORA,Small Molecules,India - Chennai,,,,,,https://www.axplora.com/,BioPharmGuy
VOPEC PHARMACEUTICALS,Small Molecules,India - Chennai,,,,,,https://www.vopecpharma.com/,BioPharmGuy
VYOME THERAPEUTICS,Small Molecules,India - Delhi,,,,,,https://vyometx.com/,BioPharmGuy
PHARMAZZ,Small Molecules,India - Greater Noida,,,,,,https://www.pharmazz.com/,BioPharmGuy
SENTISS,Small Molecules,India - Gurugram,,,,,,https://sentisspharma.com/,BioPharmGuy
SPHAERA PHARMA,Small Molecules,India - Haryana,,,,,,https://sphaerapharma.com/,BioPharmGuy
GLAND PHARMA,Small Molecules,India - Hyderabad,,,,,,https://glandpharma.com/home,BioPharmGuy
SATYA,Small Molecules,India - Hyderabad,,,,,,https://www.satyarx.com/,BioPharmGuy
VIATRIS (2),Small Molecules,India - Hyderabad,,,,,,https://www.viatris.com/en,BioPharmGuy
CENTAUR PHARMACEUTICALS,Small Molecules,India - Mumbai,,,,,,https://www.centaurpharma.com/,BioPharmGuy
FOSUN PHARMA,Small Molecules,India - Mumbai,,,,,,https://www.fosunpharma.com/en/,BioPharmGuy
HAFFKINE BIOPHARMACEUTICALS,Small Molecules,India - Mumbai,,,,,,https://www.vaccinehaffkine.com/,BioPharmGuy
SATHGEN THERAPEUTICS,Small Molecules,India - Mumbai,,,,,,https://www.sathgentherapeutics.com/,BioPharmGuy
CURADEV,Small Molecules,India - Noida,,,,,,https://www.curadev.in/,BioPharmGuy
EISAI,Small Molecules,India - Parawada,,,,,,https://www.eisai.com/index.html,BioPharmGuy
NOVALEAD PHARMA,Small Molecules,India - Pune,,,,,,https://www.novaleadpharma.com/,BioPharmGuy
SINSAN PHARMACEUTICALS,Small Molecules,India - Pune,,,,,,https://www.sinsanpharma.com/,BioPharmGuy
AXPLORA,Small Molecules,India - Vizag,,,,,,https://www.axplora.com/,BioPharmGuy
EISAI,Small Molecules,Indonesia - Bogor,,,,,,https://www.eisai.com/index.html,BioPharmGuy
EISAI,Small Molecules,Indonesia - Jakarta,,,,,,https://www.eisai.com/index.html,BioPharmGuy
KALBE,Small Molecules,Indonesia - Jakarta,,,,,,https://www.kalbe.co.id/,BioPharmGuy
DEXA MEDICA,Small Molecules,Indonesia - Tangerang,,,,,,https://www.dexagroup.com/dexa-medica/,BioPharmGuy
MSD,Small Molecules,Ireland - Ballydine,,,,,,https://msd-ireland.com/,BioPharmGuy
MSD,Small Molecules,Ireland - Brinny,,,,,,https://msd-ireland.com/,BioPharmGuy
AFIMMUNE,Small Molecules,Ireland - Dublin,,,,,,https://www.afimmune.com/,BioPharmGuy
ALKERMES,Small Molecules,Ireland - Dublin,,,,,,https://www.alkermes.com/,BioPharmGuy
AMARIN,Small Molecules,Ireland - Dublin,,,,,,https://www.amarincorp.com/,BioPharmGuy
ATXA THERAPEUTICS,Small Molecules,Ireland - Dublin,,,,,,https://www.atxatherapeutics.com/,BioPharmGuy
CARRICK THERAPEUTICS,Small Molecules,Ireland - Dublin,,,,,,https://www.carricktherapeutics.com/,BioPharmGuy
CELTIC BIOTECH,Small Molecules,Ireland - Dublin,,,,,,https://celticbiotech.com/,BioPharmGuy
CONSILIENT HEALTH,Small Molecules,Ireland - Dublin,,,,,,https://www.consilienthealth.com/,BioPharmGuy
COSMO,Small Molecules,Ireland - Dublin,,,,,,https://www.cosmohealthconfidence.com/,BioPharmGuy
DS BIOPHARMA,Small Molecules,Ireland - Dublin,,,,,,https://www.dsbiopharma.com/,BioPharmGuy
EMERAMED,Small Molecules,Ireland - Dublin,,,,,,https://emeramed.com/,BioPharmGuy
GH RESEARCH,Small Molecules,Ireland - Dublin,,,,,,https://www.ghres.com/,BioPharmGuy
HELSINN,Small Molecules,Ireland - Dublin,,,,,,https://helsinn.com/,BioPharmGuy
INFLECTION BIOSCIENCES,Small Molecules,Ireland - Dublin,,,,,,https://www.inflectionbio.com/,BioPharmGuy
IPSEN,Small Molecules,Ireland - Dublin,,,,,,https://www.ipsen.com/,BioPharmGuy
JAZZ PHARMACEUTICALS,Small Molecules,Ireland - Dublin,,,,,,https://www.jazzpharma.com/,BioPharmGuy
KEENOVA,Small Molecules,Ireland - Dublin,,,,,,https://www.keenova.com/,BioPharmGuy
KELTIC PHARMA THERAPEUTICS,Small Molecules,Ireland - Dublin,,,,,,https://keltic-pharma.com/,BioPharmGuy
MSD,Small Molecules,Ireland - Dublin,,,,,,https://msd-ireland.com/,BioPharmGuy
PRIOTHERA,Small Molecules,Ireland - Dublin,,,,,,https://priothera.com/,BioPharmGuy
REMEDY BIOLOGICS,Small Molecules,Ireland - Dublin,,,,,,https://remedybiologics.com/,BioPharmGuy
MILLICENT PHARMA,Small Molecules,Ireland - Dundalk,,,,,,https://millicentpharma.com/,BioPharmGuy
MSD,Small Molecules,Ireland - Leopardstown,,,,,,https://msd-ireland.com/,BioPharmGuy
RENEXXION,Small Molecules,Ireland - Limerick,,,,,,https://www.rnexltd.ie/,BioPharmGuy
PFIZER,Small Molecules,Ireland - Newbridge,,,,,,https://www.pfizer.com/,BioPharmGuy
PFIZER,Small Molecules,Ireland - Ringaskiddy,,,,,,https://www.pfizer.com/,BioPharmGuy
RECORDATI,Small Molecules,Ireland - Ringaskiddy,,,,,,https://recordati.com/,BioPharmGuy
AMIVAS,Small Molecules,Ireland - Waterford,,,,,,https://amivas.com/,BioPharmGuy
NEUROMAGEN PHARMA,Small Molecules,Israel - Beer Sheva,,,,,,https://www.neuromagen.com/,BioPharmGuy
PROTEKT THERAPEUTICS,Small Molecules,Israel - Bnei-Brak,,,,,,https://www.protektx.com/,BioPharmGuy
ORASIS PHARMACEUTICALS,Small Molecules,Israel - Herzliya,,,,,,https://www.orasis-pharma.com/,BioPharmGuy
PRILENIA THERAPEUTICS,Small Molecules,Israel - Herzliya,,,,,,https://prilenia.com/,BioPharmGuy
CONCENTER BIOPHARMA,Small Molecules,Israel - Jerusalem,,,,,,https://www.concenterbiopharma.com/,BioPharmGuy
IZUN PHARMACEUTICALS,Small Molecules,Israel - Jerusalem,,,,,,https://www.izunpharma.com/,BioPharmGuy
DIO TREE,Small Molecules,Israel - Nazareth,,,,,,https://www.dio-tree.com/,BioPharmGuy
ELOXX PHARMACEUTICALS,Small Molecules,Israel - Nes Tziona,,,,,,https://www.eloxxpharma.com/,BioPharmGuy
BSENSE BIO THERAPEUTICS,Small Molecules,Israel - Ness Ziona,,,,,,https://www.bsense-bio.com/,BioPharmGuy
IMPACT BIOTECH,Small Molecules,Israel - Ness Ziona,,,,,,https://impactbiotech.com/,BioPharmGuy
ORVIDA PHARMA,Small Molecules,Israel - Ness Ziona,,,,,,https://www.orvidapharma.com/,BioPharmGuy
VIDAC PHARMA,Small Molecules,Israel - Ness Ziona,,,,,,https://vidacpharma.com/en/,BioPharmGuy
VYNE THERAPEUTICS,Small Molecules,Israel - Ness Ziona,,,,,,https://vynetherapeutics.com/,BioPharmGuy
CAN-FITE BIOPHARMA,Small Molecules,Israel - Petach Tikva,,,,,,https://www.canfite.com/,BioPharmGuy
CLEXIO BIOSCIENCES,Small Molecules,Israel - Petach Tikva,,,,,,https://www.clexio.com/,BioPharmGuy
JERUSALEM PHARMACEUTICALS,Small Molecules,Israel - Ramallah,,,,,,https://www.jepharm.ps/,BioPharmGuy
GALMED PHARMACEUTICALS,Small Molecules,Israel - Ramat Gan,,,,,,https://galmedpharma.com/,BioPharmGuy
1E THERAPEUTICS,Small Molecules,Israel - Rehovot,,,,,,https://1etx.com/,BioPharmGuy
FORE BIOTHERAPEUTICS,Small Molecules,Israel - Rehovot,,,,,,https://fore.bio/,BioPharmGuy
NEURODERM,Small Molecules,Israel - Rehovot,,,,,,https://neuroderm.com/,BioPharmGuy
PURPLE BIOTECH,Small Molecules,Israel - Rehovot,,,,,,https://purple-biotech.com/,BioPharmGuy
ANIMA BIOTECH,Small Molecules,Israel - Tel Aviv,,,,,,https://www.animabiotech.com/,BioPharmGuy
AZURA OPHTHALMICS,Small Molecules,Israel - Tel Aviv,,,,,,https://azuraophthalmics.com/,BioPharmGuy
LEVATION PHARMA,Small Molecules,Israel - Tel Aviv,,,,,,https://levationpharma.com/,BioPharmGuy
LUTRIS PHARMA,Small Molecules,Israel - Tel Aviv,,,,,,https://www.lutris-pharma.com/,BioPharmGuy
NEURIM PHARMACEUTICALS,Small Molecules,Israel - Tel Aviv,,,,,,https://neurim.com/,BioPharmGuy
REDHILL BIOPHARMA,Small Molecules,Israel - Tel Aviv,,,,,,https://www.redhillbio.com/home/default.aspx,BioPharmGuy
SYREMIS THERAPEUTICS,Small Molecules,Israel - Tel Aviv,,,,,,https://syremis.com/,BioPharmGuy
MEDIWOUND,Small Molecules,Israel - Yavne,,,,,,https://mediwound.com/,BioPharmGuy
CLEXIO BIOSCIENCES,Small Molecules,Israel - Yokne'Am,,,,,,https://www.clexio.com/,BioPharmGuy
TARSIER PHARMA,Small Molecules,Israel - Zichron Yaacov,,,,,,https://tarsierpharma.com/,BioPharmGuy
NEURONOS,Small Molecules,Israel - Zz,,,,,,https://www.neuro-nos.com/,BioPharmGuy
VIROSTATICS,Small Molecules,Italy - Alghero,,,,,,https://www.virostatics.com/,BioPharmGuy
RECORDATI,Small Molecules,Italy - Aprilia,,,,,,https://recordati.com/,BioPharmGuy
ALFASIGMA,Small Molecules,Italy - Bologna,,,,,,https://www.alfasigmausa.com/,BioPharmGuy
NEWRON PHARMACEUTICALS,Small Molecules,Italy - Bresso,,,,,,https://www.newron.com/,BioPharmGuy
SIBYLLA BIOTECH,Small Molecules,Italy - Bresso,,,,,,https://www.sibyllabiotech.it/,BioPharmGuy
ZAMBON,Small Molecules,Italy - Bresso,,,,,,https://www.zambon.com/en,BioPharmGuy
ABBVIE,Small Molecules,Italy - Campoverde Di Aprilia,,,,,,https://www.abbvie.com/,BioPharmGuy
MENARINI,Small Molecules,Italy - Firenze,,,,,,https://www.menarini.com/en-us.html,BioPharmGuy
IAMA THERAPEUTICS,Small Molecules,Italy - Genoa,,,,,,https://iamatherapeutics.com/,BioPharmGuy
EYE PHARMA,Small Molecules,Italy - Genova,,,,,,https://www.eyepharma.com/en/,BioPharmGuy
AXPLORA,Small Molecules,Italy - Gropello,,,,,,https://www.axplora.com/,BioPharmGuy
BAXTER,Small Molecules,Italy - Grosotto,,,,,,https://www.baxter.com/,BioPharmGuy
MENARINI,Small Molecules,Italy - L'Aquila,,,,,,https://www.menarini.com/en-us.html,BioPharmGuy
BAYER,Small Molecules,Italy - Mailand,,,,,,https://www.bayer.com/en/,BioPharmGuy
FARMAKA,Small Molecules,Italy - Milan,,,,,,https://www.farmaka.com/,BioPharmGuy
NEOPHARMED GENTILI,Small Molecules,Italy - Milan,,,,,,https://neogen.it/en/,BioPharmGuy
NORGINE,Small Molecules,Italy - Milan,,,,,,https://norgine.com/,BioPharmGuy
RECORDATI,Small Molecules,Italy - Milan,,,,,,https://recordati.com/,BioPharmGuy
ROCHE,Small Molecules,Italy - Monza,,,,,,https://www.roche.com/,BioPharmGuy
GRUNENTHAL,Small Molecules,Italy - Origgio,,,,,,https://www.grunenthal.com,BioPharmGuy
ABIOGEN,Small Molecules,Italy - Pisa,,,,,,https://www.abiogen.it/en/,BioPharmGuy
FARMIGEA,Small Molecules,Italy - Pisa,,,,,,https://www.farmigea.it/en/home-2/,BioPharmGuy
OMIKRON ITALIA,Small Molecules,Italy - Rome,,,,,,https://www.omikronitalia.it/en/,BioPharmGuy
VIROSTATICS,Small Molecules,Italy - Sassari,,,,,,https://www.virostatics.com/,BioPharmGuy
MOLTENI FARMACEUTICI,Small Molecules,Italy - Scandicci,,,,,,https://moltenifarma.it/en,BioPharmGuy
RESALIS THERAPEUTICS,Small Molecules,Italy - Torino,,,,,,https://www.resalistherapeutics.com/,BioPharmGuy
DAIICHI SANKYO,Small Molecules,Japan - Akita,,,,,,https://daiichisankyo.us/,BioPharmGuy
CHORDIA THERAPEUTICS,Small Molecules,Japan - Fujisawa,,,,,,https://www.chordiatherapeutics.com/en/index.html,BioPharmGuy
PRISM BIOLABS,Small Molecules,Japan - Fujisawa,,,,,,https://prismbiolab.com/,BioPharmGuy
SCOHIA PHARMA,Small Molecules,Japan - Fujisawa,,,,,,https://www.scohia.com/eng/,BioPharmGuy
DAIICHI SANKYO,Small Molecules,Japan - Fukoroi,,,,,,https://daiichisankyo.us/,BioPharmGuy
SENJU PHARMACEUTICAL,Small Molecules,Japan - Fukusaki,,,,,,https://www.senju.co.jp/english/,BioPharmGuy
DAIICHI SANKYO,Small Molecules,Japan - Fukushima,,,,,,https://daiichisankyo.us/,BioPharmGuy
SEIKAGAKU,Small Molecules,Japan - Ibaraki,,,,,,https://www.seikagaku.co.jp/en/index.html,BioPharmGuy
FIMECS,Small Molecules,Japan - Kanagawa,,,,,,https://www.fimecs.com/en/,BioPharmGuy
GEXVAL,Small Molecules,Japan - Kanagawa,,,,,,https://gexval.com/en/,BioPharmGuy
INTERPROTEIN,Small Molecules,Japan - Kanagawa,,,,,,http://www.interprotein.com/,BioPharmGuy
SEIKAGAKU,Small Molecules,Japan - Kanagawa,,,,,,https://www.seikagaku.co.jp/en/index.html,BioPharmGuy
SENJU PHARMACEUTICAL,Small Molecules,Japan - Karatsu,,,,,,https://www.senju.co.jp/english/,BioPharmGuy
EPIFRONTIER THERAPEUTICS,Small Molecules,Japan - Kyoto,,,,,,https://epifrontiertx.com/,BioPharmGuy
KYOTO PHARMACEUTICAL INDUSTRIES,Small Molecules,Japan - Kyoto,,,,,,https://www.kyoto-pharm.co.jp/en/index.html,BioPharmGuy
RAQUALIA PHARMA,Small Molecules,Japan - Nagoya,,,,,,https://www.raqualia.com/en/index.html,BioPharmGuy
SANWA KAGAKU KENKYUSHO,Small Molecules,Japan - Nagoya,,,,,,https://www.skk-net.com/en/,BioPharmGuy
SANTEN,Small Molecules,Japan - Nara,,,,,,https://www.santen.com/en,BioPharmGuy
DAIICHI SANKYO,Small Molecules,Japan - Odawara,,,,,,https://daiichisankyo.us/,BioPharmGuy
SUMITOMO DAINIPPON PHARMA,Small Molecules,Japan - Oita,,,,,,https://www.sumitomo-pharma.com/index.html,BioPharmGuy
DAIICHI SANKYO,Small Molecules,Japan - Osaka,,,,,,https://daiichisankyo.us/,BioPharmGuy
INTERPROTEIN,Small Molecules,Japan - Osaka,,,,,,http://www.interprotein.com/,BioPharmGuy
MARUHO,Small Molecules,Japan - Osaka,,,,,,https://www.maruho.co.jp/english/,BioPharmGuy
MARUISHI PHARMACEUTICAL,Small Molecules,Japan - Osaka,,,,,,https://www.maruishi-pharm.co.jp/english,BioPharmGuy
MITSUBISHI TANABE PHARMA,Small Molecules,Japan - Osaka,,,,,,https://www.tanabe-pharma.com/ja/index.html,BioPharmGuy
ONO PHARMACEUTICAL,Small Molecules,Japan - Osaka,,,,,,https://www.ono-pharma.com/en,BioPharmGuy
SANTEN,Small Molecules,Japan - Osaka,,,,,,https://www.santen.com/en,BioPharmGuy
SENJU PHARMACEUTICAL,Small Molecules,Japan - Osaka,,,,,,https://www.senju.co.jp/english/,BioPharmGuy
SHIONOGI,Small Molecules,Japan - Osaka,,,,,,https://www.shionogi.com/us/en/,BioPharmGuy
SUMITOMO DAINIPPON PHARMA,Small Molecules,Japan - Osaka,,,,,,https://www.sumitomo-pharma.com/index.html,BioPharmGuy
KOTOBUKI PHARMACEUTICAL,Small Molecules,Japan - Sakaki,,,,,,https://www.kotobuki-pharm.co.jp/en/,BioPharmGuy
OHARA PHARMACEUTICAL,Small Molecules,Japan - Shiga,,,,,,https://www.ohara-ch.co.jp/,BioPharmGuy
DAIICHI SANKYO,Small Molecules,Japan - Shinagawa,,,,,,https://daiichisankyo.us/,BioPharmGuy
CANBAS,Small Molecules,Japan - Shizuoka,,,,,,http://www.canbas.co.jp/eng/,BioPharmGuy
SUMITOMO DAINIPPON PHARMA,Small Molecules,Japan - Suzuka,,,,,,https://www.sumitomo-pharma.com/index.html,BioPharmGuy
OTSUKA,Small Molecules,Japan - Tokushima,,,,,,https://www.otsuka-us.com/,BioPharmGuy
ACULYS PHARMA,Small Molecules,Japan - Tokyo,,,,,,https://aculys.com/,BioPharmGuy
ALIVEXIS,Small Molecules,Japan - Tokyo,,,,,,https://alivexis.com/,BioPharmGuy
ASKA PHARMACEUTICAL,Small Molecules,Japan - Tokyo,,,,,,https://www.aska-pharma.co.jp/english/,BioPharmGuy
CHUGAI PHARMA,Small Molecules,Japan - Tokyo,,,,,,https://www.chugai-pharm.com/,BioPharmGuy
DAIICHI SANKYO,Small Molecules,Japan - Tokyo,,,,,,https://daiichisankyo.us/,BioPharmGuy
DELTA-FLY PHARMA,Small Molecules,Japan - Tokyo,,,,,,https://www.delta-flypharma.co.jp/en/,BioPharmGuy
EISAI,Small Molecules,Japan - Tokyo,,,,,,https://www.eisai.com/index.html,BioPharmGuy
FERROPTOCURE,Small Molecules,Japan - Tokyo,,,,,,https://ferroptocure.com/en/,BioPharmGuy
FOSUN PHARMA,Small Molecules,Japan - Tokyo,,,,,,https://www.fosunpharma.com/en/,BioPharmGuy
HEPALYS,Small Molecules,Japan - Tokyo,,,,,,https://hepalys.com/,BioPharmGuy
KINOPHARMA,Small Molecules,Japan - Tokyo,,,,,,https://www.kinopharma.com/english/,BioPharmGuy
KORTUC,Small Molecules,Japan - Tokyo,,,,,,https://kortuc.com/,BioPharmGuy
KUBOTA PHARMACEUTICAL,Small Molecules,Japan - Tokyo,,,,,,https://www.kubotaholdings.co.jp/en/index.html,BioPharmGuy
KUBOTA VISION,Small Molecules,Japan - Tokyo,,,,,,https://www.kubotavision.com/,BioPharmGuy
KYORIN PHARMACEUTICAL,Small Molecules,Japan - Tokyo,,,,,,https://www.kyorin-pharm.co.jp/en/,BioPharmGuy
MEIJI SEIKA PHARMA,Small Molecules,Japan - Tokyo,,,,,,https://www.meiji.com/global/,BioPharmGuy
MOCHIDA PHARMACEUTICAL,Small Molecules,Japan - Tokyo,,,,,,https://www.mochida.co.jp/english/,BioPharmGuy
NANO MRNA,Small Molecules,Japan - Tokyo,,,,,,https://www.nanomrna.co.jp/en/,BioPharmGuy
NEUSIGNAL THERAPEUTICS,Small Molecules,Japan - Tokyo,,,,,,https://neusignal-tx.com/,BioPharmGuy
NIPPON KAYAKU,Small Molecules,Japan - Tokyo,,,,,,https://www.nipponkayaku.co.jp/english/,BioPharmGuy
NOBELPHARMA,Small Molecules,Japan - Tokyo,,,,,,https://www.nobelpharma.co.jp/en/,BioPharmGuy
NXERA PHARMA,Small Molecules,Japan - Tokyo,,,,,,https://www.nxera.life/,BioPharmGuy
OHARA PHARMACEUTICAL,Small Molecules,Japan - Tokyo,,,,,,https://www.ohara-ch.co.jp/,BioPharmGuy
PRD THERAPEUTICS,Small Molecules,Japan - Tokyo,,,,,,https://prdtherapeutics.com/en/,BioPharmGuy
REQMED COMPANY,Small Molecules,Japan - Tokyo,,,,,,https://www.reqmed.co.jp/,BioPharmGuy
SEIKAGAKU,Small Molecules,Japan - Tokyo,,,,,,https://www.seikagaku.co.jp/en/index.html,BioPharmGuy
SOLASIA PHARMA K.K.,Small Molecules,Japan - Tokyo,,,,,,https://solasia.co.jp/en/,BioPharmGuy
SUMITOMO DAINIPPON PHARMA,Small Molecules,Japan - Tokyo,,,,,,https://www.sumitomo-pharma.com/index.html,BioPharmGuy
SYMBIO PHARMACEUTICALS,Small Molecules,Japan - Tokyo,,,,,,https://www.symbiopharma.com/,BioPharmGuy
TAIHO PHARMA,Small Molecules,Japan - Tokyo,,,,,,https://www.taiho.co.jp/en/,BioPharmGuy
TEIJIN PHARMA,Small Molecules,Japan - Tokyo,,,,,,https://www.teijin-pharma.com/,BioPharmGuy
TORII PHARMACEUTICAL,Small Molecules,Japan - Tokyo,,,,,,https://www.torii.co.jp/en/index.html,BioPharmGuy
ZERIA PHARMACEUTICAL,Small Molecules,Japan - Tokyo,,,,,,https://www.zeria.co.jp/english/,BioPharmGuy
NICHI-IKO PHARMACEUTICAL,Small Molecules,Japan - Toyama-Shi,,,,,,https://www.nichiiko.co.jp/english/,BioPharmGuy
METAGEN THERAPEUTICS,Small Molecules,Japan - Tsuruoka,,,,,,https://www.metagentx.com/,BioPharmGuy
TEIJIN PHARMA,Small Molecules,Japan - Yamaguchi,,,,,,https://www.teijin-pharma.com/,BioPharmGuy
CHUGAI PHARMA,Small Molecules,Japan - Yokohama,,,,,,https://www.chugai-pharm.com/,BioPharmGuy
JPM,Small Molecules,Jordan - Naour,,,,,,https://www.jpm.com.jo/,BioPharmGuy
JPM,Small Molecules,Jordan - Omm Al-Amad,,,,,,https://www.jpm.com.jo/,BioPharmGuy
BIOREVERT,Small Molecules,Korea - Daejeon,,,,,,https://biorevert.com/,BioPharmGuy
DAEHWA PHARMACEUTICAL,Small Molecules,Korea - Gangwon,,,,,,https://www.dhpharm.co.kr/_en/html/dh/DH_intro_overview,BioPharmGuy
JETEMA,Small Molecules,Korea - Gangwon,,,,,,https://www.jetema.com/,BioPharmGuy
KOLON PHARMACEUTICALS,Small Molecules,Korea - Gwacheon,,,,,,https://kolonpharm.co.kr/en/,BioPharmGuy
JD BIOSCIENCE,Small Molecules,Korea - Gwangju,,,,,,http://jdbiosci.com/,BioPharmGuy
PELEMED,Small Molecules,Korea - Gwangju,,,,,,https://www.pelemed.com/,BioPharmGuy
PROABTECH,Small Molecules,Korea - Gwangju,,,,,,https://www.proabtech.com/en/,BioPharmGuy
1ST BIOTHERAPEUTICS,Small Molecules,Korea - Gyeonggi,,,,,,https://www.1stbio.com/,BioPharmGuy
ARIBIO,Small Molecules,Korea - Gyeonggi,,,,,,https://www.aribio.com/,BioPharmGuy
DIGMBIO,Small Molecules,Korea - Gyeonggi,,,,,,https://digmbio.com/,BioPharmGuy
IN THERAPEUTICS,Small Molecules,Korea - Gyeonggi,,,,,,http://www.intherapeutics.com/en,BioPharmGuy
LMITO THERAPEUTICS,Small Molecules,Korea - Gyeonggi,,,,,,https://www.lmito.com/,BioPharmGuy
SK BIOPHARMACEUTICALS,Small Molecules,Korea - Gyeonggi,,,,,,https://www.skbp.com/eng.do,BioPharmGuy
VIVOZON,Small Molecules,Korea - Gyeonggi,,,,,,http://www.vivozon.com/,BioPharmGuy
AMTIXBIO,Small Molecules,Korea - Hanam,,,,,,https://www.amtixbio.com/,BioPharmGuy
DAEWON PHARMA,Small Molecules,Korea - Hwaseong,,,,,,https://www.daewonpharm.com/eng/main/index.jsp,BioPharmGuy
ILEADBMS,Small Molecules,Korea - Hwaseong,,,,,,https://www.ileadbms.com/,BioPharmGuy
YUNOVIA,Small Molecules,Korea - Hwaseong,,,,,,https://www.yunovia.com/eng/main/,BioPharmGuy
VORONOI,Small Molecules,Korea - Incheon,,,,,,https://voronoi.io/,BioPharmGuy
VSPHARMTECH,Small Molecules,Korea - Seagu,,,,,,https://www.vspharmtech.com/,BioPharmGuy
CHONG KUN DANG PHARMACEUTICAL,Small Molecules,Korea - Seodaemun,,,,,,https://www.ckdbio.com/home,BioPharmGuy
HUONS,Small Molecules,Korea - Seongnam,,,,,,https://huonsusa.com/web/home.php,BioPharmGuy
KAINOS MEDICINE,Small Molecules,Korea - Seongnam,,,,,,http://kainosmedicine.com/?c=user&mcd=eng01_01,BioPharmGuy
KINE SCIENCES,Small Molecules,Korea - Seongnam,,,,,,https://kinesciences.com/,BioPharmGuy
NOVOREX,Small Molecules,Korea - Seongnam,,,,,,https://novorex.com/en/,BioPharmGuy
OSCOTEC,Small Molecules,Korea - Seongnam,,,,,,https://oscotec.com/,BioPharmGuy
PIN THERAPEUTICS,Small Molecules,Korea - Seongnam,,,,,,https://www.pintherapeutics.com/eng/main/main.html,BioPharmGuy
SAPIENSBIO,Small Molecules,Korea - Seongnam,,,,,,https://sapiensbio.com/,BioPharmGuy
THERASID BIOSCIENCE,Small Molecules,Korea - Seongnam,,,,,,http://www.therasidbio.com/en/,BioPharmGuy
ABION,Small Molecules,Korea - Seoul,,,,,,https://abionbio.com/,BioPharmGuy
ARBORMED,Small Molecules,Korea - Seoul,,,,,,https://arbormed.com/en/,BioPharmGuy
AUTOTAC BIO,Small Molecules,Korea - Seoul,,,,,,http://autotacbio.com/,BioPharmGuy
AVELOS THERAPEUTICS,Small Molecules,Korea - Seoul,,,,,,http://avelostx.com/en/,BioPharmGuy
BIXINK THERAPEUTICS,Small Molecules,Korea - Seoul,,,,,,http://en.bixink.com/,BioPharmGuy
CK REGEON,Small Molecules,Korea - Seoul,,,,,,http://ckregeon.com/,BioPharmGuy
CURACLE,Small Molecules,Korea - Seoul,,,,,,https://www.curacle.com/?lang=en,BioPharmGuy
DAEHWA PHARMACEUTICAL,Small Molecules,Korea - Seoul,,,,,,https://www.dhpharm.co.kr/_en/html/dh/DH_intro_overview,BioPharmGuy
DAEWON PHARMA,Small Molecules,Korea - Seoul,,,,,,https://www.daewonpharm.com/eng/main/index.jsp,BioPharmGuy
DONG-A ST,Small Molecules,Korea - Seoul,,,,,,https://www.donga-st.com/en/introduction.php,BioPharmGuy
DONGKOO BIO & PHARMA,Small Molecules,Korea - Seoul,,,,,,https://www.dongkoo.com/eng,BioPharmGuy
ELEVAR THERAPEUTICS,Small Molecules,Korea - Seoul,,,,,,https://elevartx.com/,BioPharmGuy
ENZYCHEM LIFESCIENCES,Small Molecules,Korea - Seoul,,,,,,https://www.enzychem.com/,BioPharmGuy
GPCR THERAPEUTICS,Small Molecules,Korea - Seoul,,,,,,http://gpcr.co.kr/,BioPharmGuy
HANLIM PHARM,Small Molecules,Korea - Seoul,,,,,,https://www.hanlim.com/eng/,BioPharmGuy
HYUNDAI PHARMACEUTICAL CO,Small Molecules,Korea - Seoul,,,,,,http://www.hyundaipharm.co.kr/english/index.jsp,BioPharmGuy
IDIENCE,Small Molecules,Korea - Seoul,,,,,,https://www.idience.com/,BioPharmGuy
ILDONG PHARMACEUTICAL,Small Molecules,Korea - Seoul,,,,,,https://www.ildong.com/eng/main/main.id,BioPharmGuy
IMMUSE THERAPEUTICS,Small Molecules,Korea - Seoul,,,,,,http://www.immusetx.com/index_en.php,BioPharmGuy
INNOVO THERAPEUTICS (2),Small Molecules,Korea - Seoul,,,,,,https://www.innovothera.com/en/,BioPharmGuy
J INTS BIO,Small Molecules,Korea - Seoul,,,,,,https://www.jintsbio.com/,BioPharmGuy
JD BIOSCIENCE,Small Molecules,Korea - Seoul,,,,,,http://jdbiosci.com/,BioPharmGuy
JEIL PHARMACEUTICAL,Small Molecules,Korea - Seoul,,,,,,https://www.jeilpharm.co.kr/english/,BioPharmGuy
JW PHARMACEUTICAL,Small Molecules,Korea - Seoul,,,,,,https://www.jw-pharma.co.kr/pharma/en/intro/pharma.jsp,BioPharmGuy
MEDPACTO,Small Molecules,Korea - Seoul,,,,,,http://www.medpacto.com/kor/,BioPharmGuy
MEZZION PHARMACEUTICALS,Small Molecules,Korea - Seoul,,,,,,https://mezzion.com/,BioPharmGuy
MITOIMMUNE THERAPEUTICS,Small Molecules,Korea - Seoul,,,,,,https://mitoimmune.com/,BioPharmGuy
MTHERA PHARMA,Small Molecules,Korea - Seoul,,,,,,http://mtherapharma.com/,BioPharmGuy
NOBO MEDICINE,Small Molecules,Korea - Seoul,,,,,,https://www.nobomedicine.com/,BioPharmGuy
ONCONIC THERAPEUTICS,Small Molecules,Korea - Seoul,,,,,,http://onconic.co.kr/,BioPharmGuy
PELEMED,Small Molecules,Korea - Seoul,,,,,,https://www.pelemed.com/,BioPharmGuy
PHARMBIO KOREA,Small Molecules,Korea - Seoul,,,,,,https://www.pharmbio.co.kr/,BioPharmGuy
PRAZER THERAPEUTICS,Small Molecules,Korea - Seoul,,,,,,http://prazertx.com/,BioPharmGuy
PROABTECH,Small Molecules,Korea - Seoul,,,,,,https://www.proabtech.com/en/,BioPharmGuy
SAMJIN PHARM,Small Molecules,Korea - Seoul,,,,,,https://www.samjinpharm.co.kr//front/kr/main/index.asp,BioPharmGuy
SHIN POONG PHARM,Small Molecules,Korea - Seoul,,,,,,https://www.shinpoong.co.kr/en/main/main.php,BioPharmGuy
SILLAJEN BIOTHERAPEUTICS,Small Molecules,Korea - Seoul,,,,,,http://www.sillajen.com/eng/,BioPharmGuy
SPARK BIOPHARMA,Small Molecules,Korea - Seoul,,,,,,http://sparkbiopharma.com/,BioPharmGuy
TWINPIG BIOLAB,Small Molecules,Korea - Seoul,,,,,,http://www.twinpigbio.com/?ckattempt=1,BioPharmGuy
UBIX THERAPEUTICS,Small Molecules,Korea - Seoul,,,,,,http://www.ubixtrx.com/,BioPharmGuy
VASTHERA,Small Molecules,Korea - Seoul,,,,,,https://www.vasthera.com/,BioPharmGuy
VSPHARMTECH,Small Molecules,Korea - Seoul,,,,,,https://www.vspharmtech.com/,BioPharmGuy
YUYU PHARMA,Small Molecules,Korea - Seoul,,,,,,https://www.yuyu.co.kr/en/,BioPharmGuy
GLACEUM,Small Molecules,Korea - Suwon,,,,,,https://www.glaceum.com/default/eng/index.php,BioPharmGuy
METIMEDI PHARMACEUTICALS,Small Molecules,Korea - Uiwang,,,,,,https://www.metimedi.com/,BioPharmGuy
MOA LIFE PLUS,Small Molecules,Korea - Yongin,,,,,,https://moalifeplus.com/,BioPharmGuy
TXINNO BIOSCIENCE,Small Molecules,Korea - Yongin,,,,,,http://eng.txinno.com/,BioPharmGuy
GENZADA PHARMACEUTICALS,Small Molecules,Ks - Hutchinson,,,,,,https://genzada.com/,BioPharmGuy
CINGULATE THERAPEUTICS,Small Molecules,Ks - Kansas City,,,,,,https://www.cingulate.com/,BioPharmGuy
DECIPHERA PHARMACEUTICALS,Small Molecules,Ks - Lawrence,,,,,,https://www.deciphera.com/,BioPharmGuy
KANPECIA,Small Molecules,Ks - Lawrence,,,,,,https://kanpecia.com/,BioPharmGuy
AVAST THERAPEUTICS,Small Molecules,Ky - Lexington,,,,,,https://avasttherapeutics.com/,BioPharmGuy
US WORLDMEDS,Small Molecules,Ky - Louisville,,,,,,https://usworldmeds.com/,BioPharmGuy
USIL THERAPEUTICS,Small Molecules,Luxembourg - Hollerich,,,,,,https://www.usil-therapeutics.com/,BioPharmGuy
ILIOS THERAPEUTICS,Small Molecules,Ma - Allston,,,,,,https://www.iliostx.com/,BioPharmGuy
MODULATE BIO,Small Molecules,Ma - Allston,,,,,,https://modulatebio.com,BioPharmGuy
PROMAKHOS THERAPEUTICS,Small Molecules,Ma - Allston,,,,,,https://www.promakhos.com/,BioPharmGuy
ANIKA THERAPEUTICS,Small Molecules,Ma - Bedford,,,,,,https://anika.com/,BioPharmGuy
AVETA BIOMICS,Small Molecules,Ma - Bedford,,,,,,https://avetabiomics.com/,BioPharmGuy
LANTHEUS MEDICAL IMAGING,Small Molecules,Ma - Bedford,,,,,,https://www.lantheus.com/,BioPharmGuy
ENDOLYTIX,Small Molecules,Ma - Beverly,,,,,,https://www.endolytx.bio/,BioPharmGuy
GENOSCO,Small Molecules,Ma - Billerica,,,,,,http://genosco.com/,BioPharmGuy
AISA PHARMA,Small Molecules,Ma - Boston,,,,,,https://aisapharma.com/,BioPharmGuy
AKARI THERAPEUTICS,Small Molecules,Ma - Boston,,,,,,https://akaritx.com/,BioPharmGuy
AKTIS ONCOLOGY,Small Molecules,Ma - Boston,,,,,,https://www.aktisoncology.com/,BioPharmGuy
ANTARES THERAPEUTICS,Small Molecules,Ma - Boston,,,,,,https://antaresrx.com/,BioPharmGuy
ARIETIS PHARMA,Small Molecules,Ma - Boston,,,,,,http://www.arietis.org/,BioPharmGuy
ATEA PHARMACEUTICALS,Small Molecules,Ma - Boston,,,,,,https://ateapharma.com/,BioPharmGuy
AVEO ONCOLOGY,Small Molecules,Ma - Boston,,,,,,https://www.aveooncology.com/,BioPharmGuy
AXONIS THERAPEUTICS,Small Molecules,Ma - Boston,,,,,,https://axonis.us/,BioPharmGuy
CENTREXION THERAPEUTICS,Small Molecules,Ma - Boston,,,,,,https://centrexion.com/,BioPharmGuy
CEREVANCE,Small Molecules,Ma - Boston,,,,,,https://www.cerevance.com/,BioPharmGuy
CERVOMED,Small Molecules,Ma - Boston,,,,,,https://www.cervomed.com/,BioPharmGuy
COVANT THERAPEUTICS,Small Molecules,Ma - Boston,,,,,,https://www.covanttx.com/,BioPharmGuy
CURIUM PHARMA,Small Molecules,Ma - Boston,,,,,,https://www.curiumpharma.com/about/who-we-are/,BioPharmGuy
DEEPCURE,Small Molecules,Ma - Boston,,,,,,https://deepcure.com/,BioPharmGuy
DELIX THERAPEUTICS,Small Molecules,Ma - Boston,,,,,,https://www.delixtherapeutics.com/,BioPharmGuy
DIFFERENTIATED THERAPEUTICS,Small Molecules,Ma - Boston,,,,,,https://www.dxtherapeutics.com/,BioPharmGuy
ELION THERAPEUTICS,Small Molecules,Ma - Boston,,,,,,https://eliontx.com/,BioPharmGuy
FEKRA THERAPEUTICS,Small Molecules,Ma - Boston,,,,,,https://fekratx.com/,BioPharmGuy
GLYCOERA,Small Molecules,Ma - Boston,,,,,,https://www.glycoera.com/,BioPharmGuy
HOTSPOT THERAPEUTICS,Small Molecules,Ma - Boston,,,,,,https://www.hotspotthera.com/,BioPharmGuy
IMBRIA PHARMACEUTICALS,Small Molecules,Ma - Boston,,,,,,https://imbria.com/,BioPharmGuy
IMMUNOCODEX,Small Molecules,Ma - Boston,,,,,,https://www.immunocodex.com/,BioPharmGuy
IRONWOOD PHARMACEUTICALS,Small Molecules,Ma - Boston,,,,,,https://ironwoodpharma.com/,BioPharmGuy
ISTERIAN BIOTECH,Small Molecules,Ma - Boston,,,,,,https://www.isterian.com/,BioPharmGuy
JNANA THERAPEUTICS,Small Molecules,Ma - Boston,,,,,,https://www.jnanatx.com/,BioPharmGuy
KINASET THERAPEUTICS,Small Molecules,Ma - Boston,,,,,,https://www.kinasettherapeutics.com/,BioPharmGuy
LAPIX THERAPEUTICS,Small Molecules,Ma - Boston,,,,,,https://lapix.com/,BioPharmGuy
MAGNET BIOMEDICINE,Small Molecules,Ma - Boston,,,,,,https://magnetbio.com/,BioPharmGuy
METAPHORE BIOTECHNOLOGIES,Small Molecules,Ma - Boston,,,,,,https://www.metaphorebio.com/,BioPharmGuy
NEREID THERAPEUTICS,Small Molecules,Ma - Boston,,,,,,https://nereidtx.com/,BioPharmGuy
NEUROCORES,Small Molecules,Ma - Boston,,,,,,https://neurocores.com/,BioPharmGuy
NEWLEOS,Small Molecules,Ma - Boston,,,,,,https://newleos.com/,BioPharmGuy
NFLECTION THERAPEUTICS,Small Molecules,Ma - Boston,,,,,,https://nflection.com/,BioPharmGuy
NIMBUS THERAPEUTICS,Small Molecules,Ma - Boston,,,,,,https://www.nimbustx.com/,BioPharmGuy
NOVABIOTICS,Small Molecules,Ma - Boston,,,,,,https://novabiotics.co.uk/,BioPharmGuy
OVID THERAPEUTICS,Small Molecules,Ma - Boston,,,,,,https://ovidrx.com/,BioPharmGuy
OXEIA BIOPHARMACEUTICALS,Small Molecules,Ma - Boston,,,,,,https://www.oxeiabiopharma.com/,BioPharmGuy
PARATEK PHARMACEUTICALS,Small Molecules,Ma - Boston,,,,,,https://www.paratekpharma.com/,BioPharmGuy
POROSOME THERAPEUTICS,Small Molecules,Ma - Boston,,,,,,https://www.porosome.com/,BioPharmGuy
PRAXIS PRECISION MEDICINES,Small Molecules,Ma - Boston,,,,,,https://praxismedicines.com/,BioPharmGuy
PSY THERAPEUTICS,Small Molecules,Ma - Boston,,,,,,https://www.psythx.com/,BioPharmGuy
RECTIFY PHARMACEUTICALS,Small Molecules,Ma - Boston,,,,,,https://rectifypharma.com/,BioPharmGuy
SEAPORT THERAPEUTICS,Small Molecules,Ma - Boston,,,,,,https://seaporttx.com/,BioPharmGuy
SISU PHARMA,Small Molecules,Ma - Boston,,,,,,https://sisupharma.com/,BioPharmGuy
SKELETALIS,Small Molecules,Ma - Boston,,,,,,https://skeletalis.bio/,BioPharmGuy
SUPERLUMINAL MEDICINES,Small Molecules,Ma - Boston,,,,,,https://www.superluminalrx.com/,BioPharmGuy
VERTEX,Small Molecules,Ma - Boston,,,,,,https://www.vrtx.com/,BioPharmGuy
X4 PHARMACEUTICALS,Small Molecules,Ma - Boston,,,,,,https://www.x4pharma.com/,BioPharmGuy
EDGEWOOD ONCOLOGY,Small Molecules,Ma - Brookline,,,,,,https://www.edgewoodoncology.com/,BioPharmGuy
GENERAL ONCOLOGY,Small Molecules,Ma - Brookline,,,,,,https://www.generaloncology.com/,BioPharmGuy
CARDURION PHARMACEUTICALS,Small Molecules,Ma - Burlington,,,,,,https://cardurion.com/,BioPharmGuy
HYKU BIOSCIENCES,Small Molecules,Ma - Burlington,,,,,,https://www.hykubiosciences.com/,BioPharmGuy
MAK SCIENTIFIC LLC,Small Molecules,Ma - Burlington,,,,,,https://makscientific.com/,BioPharmGuy
MAPLIGHT THERAPEUTICS,Small Molecules,Ma - Burlington,,,,,,https://maplightrx.com/,BioPharmGuy
MINERVA NEUROSCIENCES,Small Molecules,Ma - Burlington,,,,,,https://www.minervaneurosciences.com/,BioPharmGuy
NEUPHORIA THERAPEUTICS,Small Molecules,Ma - Burlington,,,,,,https://www.neuphoriatx.com/,BioPharmGuy
PAQ THERAPEUTICS,Small Molecules,Ma - Burlington,,,,,,https://www.paqtx.com/,BioPharmGuy
AGIOS PHARMACEUTICALS,Small Molecules,Ma - Cambridge,,,,,,https://www.agios.com/,BioPharmGuy
AJAX THERAPEUTICS,Small Molecules,Ma - Cambridge,,,,,,https://www.ajaxtherapeutics.com/,BioPharmGuy
AKEBIA THERAPEUTICS,Small Molecules,Ma - Cambridge,,,,,,https://akebia.com/,BioPharmGuy
ALKEUS PHARMACEUTICALS,Small Molecules,Ma - Cambridge,,,,,,https://alkeuspharma.com/,BioPharmGuy
ALOPEXX,Small Molecules,Ma - Cambridge,,,,,,https://www.alopexx.com/,BioPharmGuy
ALYSSUM THERAPEUTICS,Small Molecules,Ma - Cambridge,,,,,,https://www.alyssumtx.com/,BioPharmGuy
AMYLYX PHARMACEUTICALS,Small Molecules,Ma - Cambridge,,,,,,https://www.amylyx.com/,BioPharmGuy
APNIMED,Small Molecules,Ma - Cambridge,,,,,,https://apnimed.com/,BioPharmGuy
AQUINNAH PHARMACEUTICALS,Small Molecules,Ma - Cambridge,,,,,,https://www.aquinnahpharma.com/,BioPharmGuy
ARTAX BIOPHARMA,Small Molecules,Ma - Cambridge,,,,,,https://artaxbiopharma.com/,BioPharmGuy
ASTROCYTE PHARMACEUTICALS,Small Molecules,Ma - Cambridge,,,,,,https://www.astrocytepharma.com/,BioPharmGuy
ATAVISTIK BIO,Small Molecules,Ma - Cambridge,,,,,,https://atavistikbio.com/,BioPharmGuy
AVALYN PHARMACEUTICALS,Small Molecules,Ma - Cambridge,,,,,,https://www.avalynpharma.com/,BioPharmGuy
BLACK DIAMOND THERAPEUTICS,Small Molecules,Ma - Cambridge,,,,,,https://blackdiamondtherapeutics.com/,BioPharmGuy
BLUEPRINT MEDICINES,Small Molecules,Ma - Cambridge,,,,,,https://www.blueprintmedicines.com/,BioPharmGuy
CASMA THERAPEUTICS,Small Molecules,Ma - Cambridge,,,,,,https://www.casmatx.com/,BioPharmGuy
CLEAR CREEK BIO,Small Molecules,Ma - Cambridge,,,,,,https://clearcreekbio.com/,BioPharmGuy
CLEAR SCIENTIFIC,Small Molecules,Ma - Cambridge,,,,,,https://www.clearsci.com/,BioPharmGuy
DACAPO BRAINSCIENCE,Small Molecules,Ma - Cambridge,,,,,,https://dacapobrain.com/,BioPharmGuy
EIKONIZO THERAPEUTICS,Small Molecules,Ma - Cambridge,,,,,,https://eikonizo.com/,BioPharmGuy
EISAI,Small Molecules,Ma - Cambridge,,,,,,https://www.eisai.com/index.html,BioPharmGuy
EXO THERAPEUTICS,Small Molecules,Ma - Cambridge,,,,,,https://exo-therapeutics.com/,BioPharmGuy
EXPEDITION MEDICINES,Small Molecules,Ma - Cambridge,,,,,,https://expeditionmedicines.com/,BioPharmGuy
FLARE THERAPEUTICS,Small Molecules,Ma - Cambridge,,,,,,https://www.flaretx.com/,BioPharmGuy
FOGHORN THERAPEUTICS,Small Molecules,Ma - Cambridge,,,,,,https://foghorntx.com/,BioPharmGuy
FUJIFILM PHARMA,Small Molecules,Ma - Cambridge,,,,,,https://www.fujifilmpharma.com/,BioPharmGuy
FULCRUM THERAPEUTICS,Small Molecules,Ma - Cambridge,,,,,,https://www.fulcrumtx.com/,BioPharmGuy
GENFIT,Small Molecules,Ma - Cambridge,,,,,,https://www.genfit.com/,BioPharmGuy
HEALIS THERAPEUTICS,Small Molecules,Ma - Cambridge,,,,,,https://www.healisthera.com/,BioPharmGuy
IPSEN,Small Molecules,Ma - Cambridge,,,,,,https://www.ipsen.com/,BioPharmGuy
K36 THERAPEUTICS,Small Molecules,Ma - Cambridge,,,,,,https://www.k36tx.com/,BioPharmGuy
LIFEMINE THERAPEUTICS,Small Molecules,Ma - Cambridge,,,,,,https://lifeminetx.com/,BioPharmGuy
LYSOWAY THERAPEUTICS,Small Molecules,Ma - Cambridge,,,,,,https://www.lysoway.com/,BioPharmGuy
MATCHPOINT THERAPEUTICS,Small Molecules,Ma - Cambridge,,,,,,https://matchpointtx.com/,BioPharmGuy
METAVIA,Small Molecules,Ma - Cambridge,,,,,,https://metaviatx.com/,BioPharmGuy
MICROQUIN,Small Molecules,Ma - Cambridge,,,,,,https://www.microquin.com/,BioPharmGuy
MONTAI THERAPEUTICS,Small Molecules,Ma - Cambridge,,,,,,https://www.montai.com/,BioPharmGuy
NED BIOSYSTEMS,Small Molecules,Ma - Cambridge,,,,,,https://nedbiosystems.com/,BioPharmGuy
NESTED THERAPEUTICS,Small Molecules,Ma - Cambridge,,,,,,https://nestedtx.com/,BioPharmGuy
NEUTROLIS,Small Molecules,Ma - Cambridge,,,,,,https://www.neutrolis.com/,BioPharmGuy
NOVOBIOTIC PHARMACEUTICALS,Small Molecules,Ma - Cambridge,,,,,,https://www.novobiotic.com/,BioPharmGuy
NUVALENT,Small Molecules,Ma - Cambridge,,,,,,https://nuvalent.com/,BioPharmGuy
ORYZON GENOMICS,Small Molecules,Ma - Cambridge,,,,,,https://www.oryzon.com/en,BioPharmGuy
PASSKEY THERAPEUTICS,Small Molecules,Ma - Cambridge,,,,,,https://www.passkeytx.com/,BioPharmGuy
PROGENTOS THERAPEUTICS,Small Molecules,Ma - Cambridge,,,,,,https://www.progentos.com/,BioPharmGuy
QURALIS,Small Molecules,Ma - Cambridge,,,,,,https://www.quralis.com/,BioPharmGuy
RED QUEEN THERAPEUTICS,Small Molecules,Ma - Cambridge,,,,,,https://redqueentx.com/,BioPharmGuy
RELAY THERAPEUTICS,Small Molecules,Ma - Cambridge,,,,,,https://relaytx.com/,BioPharmGuy
REVEAL PHARMACEUTICALS,Small Molecules,Ma - Cambridge,,,,,,http://www.revealpharma.com/,BioPharmGuy
RS ONCOLOGY,Small Molecules,Ma - Cambridge,,,,,,https://www.rsoncology.com/,BioPharmGuy
SCHRODINGER,Small Molecules,Ma - Cambridge,,,,,,https://www.schrodinger.com/,BioPharmGuy
SEYLTX,Small Molecules,Ma - Cambridge,,,,,,https://www.seyltx.com/,BioPharmGuy
SPERO THERAPEUTICS,Small Molecules,Ma - Cambridge,,,,,,https://www.sperotherapeutics.com/,BioPharmGuy
SYNDEVRX,Small Molecules,Ma - Cambridge,,,,,,https://syndevrx.com/,BioPharmGuy
TASCA THERAPEUTICS,Small Molecules,Ma - Cambridge,,,,,,https://www.tascatx.com/,BioPharmGuy
THROMBOLYTIC SCIENCE INTERNATIONAL,Small Molecules,Ma - Cambridge,,,,,,https://www.tsillc.net/,BioPharmGuy
THYMOFOX,Small Molecules,Ma - Cambridge,,,,,,https://thymofox.com/,BioPharmGuy
TISENTO THERAPEUTICS,Small Molecules,Ma - Cambridge,,,,,,https://www.tisentotx.com/,BioPharmGuy
VERTEX,Small Molecules,Ma - Cambridge,,,,,,https://www.vrtx.com/,BioPharmGuy
VIMA THERAPEUTICS,Small Molecules,Ma - Cambridge,,,,,,https://vimatx.com/,BioPharmGuy
VINCERE BIOSCIENCES,Small Molecules,Ma - Cambridge,,,,,,https://vincerebio.com/,BioPharmGuy
VRISE THERAPEUTICS,Small Molecules,Ma - Cambridge,,,,,,https://vrisetx.com/,BioPharmGuy
VYOME THERAPEUTICS,Small Molecules,Ma - Cambridge,,,,,,https://vyometx.com/,BioPharmGuy
ZAI LAB,Small Molecules,Ma - Cambridge,,,,,,https://www.zailaboratory.com/,BioPharmGuy
ORTHOGON THERAPEUTICS,Small Molecules,Ma - Canton,,,,,,https://orthogontherapeutics.com/,BioPharmGuy
PLEDGE THERAPEUTICS,Small Molecules,Ma - Canton,,,,,,https://pledge-tx.com/,BioPharmGuy
ADISO THERAPEUTICS,Small Molecules,Ma - Concord,,,,,,https://adisotx.com/,BioPharmGuy
TREMEAU PHARMACEUTICALS,Small Molecules,Ma - Concord,,,,,,https://tremeau.com/,BioPharmGuy
QLARIS BIO,Small Molecules,Ma - Dedham,,,,,,https://qlaris.bio/,BioPharmGuy
GRANATA BIO,Small Molecules,Ma - Duxbury,,,,,,https://www.granata.bio/,BioPharmGuy
ALZHEON,Small Molecules,Ma - Framingham,,,,,,https://alzheon.com/,BioPharmGuy
KALVISTA PHARMACEUTICALS,Small Molecules,Ma - Framingham,,,,,,https://www.kalvista.com/,BioPharmGuy
SCHRODINGER,Small Molecules,Ma - Framingham,,,,,,https://www.schrodinger.com/,BioPharmGuy
THERACOSBIO,Small Molecules,Ma - Framingham,,,,,,https://theracosbio.com/,BioPharmGuy
TORTUGAS NEUROSCIENCE,Small Molecules,Ma - Framingham,,,,,,https://www.tortugasneuro.com/,BioPharmGuy
HASENTECH,Small Molecules,Ma - Leverett,,,,,,https://www.hasentechbio.com/,BioPharmGuy
ACCENT THERAPEUTICS,Small Molecules,Ma - Lexington,,,,,,https://accenttx.com/,BioPharmGuy
ALDEYRA THERAPEUTICS,Small Molecules,Ma - Lexington,,,,,,https://www.aldeyra.com/,BioPharmGuy
CURIS,Small Molecules,Ma - Lexington,,,,,,https://www.curis.com/,BioPharmGuy
DOUBLERAINBOW BIOSCIENCES,Small Molecules,Ma - Lexington,,,,,,https://www.doublerainbowbio.com/,BioPharmGuy
KSQ THERAPEUTICS,Small Molecules,Ma - Lexington,,,,,,https://ksqtx.com/,BioPharmGuy
CKP THERAPEUTICS,Small Molecules,Ma - Lowell,,,,,,https://www.ckptherapeutics.com/,BioPharmGuy
YOUNG BIOPHARMA,Small Molecules,Ma - Lowell,,,,,,https://www.youngbiopharma.com/,BioPharmGuy
NEURONITY THERAPEUTICS,Small Molecules,Ma - Mansfield,,,,,,https://neuronitytx.com/,BioPharmGuy
ARAMIS BIOSCIENCES,Small Molecules,Ma - Medfield,,,,,,https://aramisbio.com/,BioPharmGuy
MORPHOCEUTICALS,Small Molecules,Ma - Medford,,,,,,https://www.morphoceuticals.com/,BioPharmGuy
MYROBALAN THERAPEUTICS,Small Molecules,Ma - Medford,,,,,,https://myrotx.com/,BioPharmGuy
UNRAVEL BIOSCIENCES,Small Molecules,Ma - Medford,,,,,,https://www.unravel.bio/,BioPharmGuy
ALLORION THERAPEUTICS,Small Molecules,Ma - Natick,,,,,,https://alloriontx.com/,BioPharmGuy
ALLROCK BIO,Small Molecules,Ma - Natick,,,,,,https://allrockbio.com/,BioPharmGuy
ANAGRAM THERAPEUTICS,Small Molecules,Ma - Natick,,,,,,https://anagramtx.com/,BioPharmGuy
CANDEL THERAPEUTICS,Small Molecules,Ma - Needham,,,,,,https://candeltx.com/,BioPharmGuy
STEALTH BIOTHERAPEUTICS,Small Molecules,Ma - Needham,,,,,,https://stealthbt.com/,BioPharmGuy
VERASTEM ONCOLOGY,Small Molecules,Ma - Needham,,,,,,https://www.verastem.com/,BioPharmGuy
AURON THERAPEUTICS,Small Molecules,Ma - Newton,,,,,,https://www.aurontx.com/,BioPharmGuy
INFLAMMASOME THERAPEUTICS,Small Molecules,Ma - Newton,,,,,,https://www.inflam.com/,BioPharmGuy
KARYOPHARM THERAPEUTICS,Small Molecules,Ma - Newton,,,,,,https://www.karyopharm.com/,BioPharmGuy
NUCANA,Small Molecules,Ma - Newton,,,,,,https://www.nucana.com/,BioPharmGuy
CORBUS PHARMACEUTICALS,Small Molecules,Ma - Norwood,,,,,,https://www.corbuspharma.com/,BioPharmGuy
LUCIOLE PHARMACEUTICALS,Small Molecules,Ma - Sherborn,,,,,,https://www.luciolepharma.com/,BioPharmGuy
NOVALEAD PHARMA,Small Molecules,Ma - Shrewsbury,,,,,,https://www.novaleadpharma.com/,BioPharmGuy
SIGNABLOK,Small Molecules,Ma - Shrewsbury,,,,,,https://signablok.com/,BioPharmGuy
INNOVATION PHARMACEUTICALS,Small Molecules,Ma - Wakefield,,,,,,http://www.ipharminc.com/,BioPharmGuy
ALKERMES,Small Molecules,Ma - Waltham,,,,,,https://www.alkermes.com/,BioPharmGuy
ARDELYX,Small Molecules,Ma - Waltham,,,,,,https://ardelyx.com/,BioPharmGuy
ARRAKIS THERAPEUTICS,Small Molecules,Ma - Waltham,,,,,,https://arrakistx.com/,BioPharmGuy
AVILAR THERAPEUTICS,Small Molecules,Ma - Waltham,,,,,,https://avilar-tx.com/,BioPharmGuy
DECIPHERA PHARMACEUTICALS,Small Molecules,Ma - Waltham,,,,,,https://www.deciphera.com/,BioPharmGuy
ENSEM THERAPEUTICS,Small Molecules,Ma - Waltham,,,,,,https://ensemtx.com/,BioPharmGuy
EXPANSION THERAPEUTICS,Small Molecules,Ma - Waltham,,,,,,https://www.expansionrx.com/,BioPharmGuy
INNOVIVA SPECIALTY THERAPEUTICS,Small Molecules,Ma - Waltham,,,,,,https://innovivaspecialtytherapeutics.com/,BioPharmGuy
PHOTYS THERAPEUTICS,Small Molecules,Ma - Waltham,,,,,,https://www.photys.com/,BioPharmGuy
PRETZEL THERAPEUTICS,Small Molecules,Ma - Waltham,,,,,,https://www.pretzeltx.com/,BioPharmGuy
RANOK THERAPEUTICS,Small Molecules,Ma - Waltham,,,,,,https://ranoktherapeutics.com/,BioPharmGuy
SIONNA THERAPEUTICS,Small Molecules,Ma - Waltham,,,,,,https://www.sionnatx.com/,BioPharmGuy
SKYHAWK THERAPEUTICS,Small Molecules,Ma - Waltham,,,,,,https://www.skyhawktx.com/,BioPharmGuy
THEA PHARMA,Small Molecules,Ma - Waltham,,,,,,https://theapharmainc.com/,BioPharmGuy
VENTUS THERAPEUTICS,Small Molecules,Ma - Waltham,,,,,,https://www.ventustx.com/,BioPharmGuy
ACRIVON THERAPEUTICS,Small Molecules,Ma - Watertown,,,,,,https://acrivon.com/,BioPharmGuy
C4 THERAPEUTICS,Small Molecules,Ma - Watertown,,,,,,https://c4therapeutics.com/,BioPharmGuy
EMPRESS THERAPEUTICS,Small Molecules,Ma - Watertown,,,,,,https://www.empresstx.com/,BioPharmGuy
ENANTA PHARMACEUTICALS,Small Molecules,Ma - Watertown,,,,,,https://www.enanta.com/,BioPharmGuy
ENTACT BIO,Small Molecules,Ma - Watertown,,,,,,https://entactbio.com/,BioPharmGuy
KESTREL THERAPEUTICS,Small Molecules,Ma - Watertown,,,,,,https://kestreltherapeutics.com/,BioPharmGuy
KYMERA THERAPEUTICS,Small Molecules,Ma - Watertown,,,,,,https://www.kymeratx.com/,BioPharmGuy
NEUMORA THERAPEUTICS,Small Molecules,Ma - Watertown,,,,,,https://neumoratx.com/,BioPharmGuy
NOCION THERAPEUTICS,Small Molecules,Ma - Watertown,,,,,,https://www.nociontx.com/,BioPharmGuy
OPHTHALMIC THERAPEUTIC INNOVATION,Small Molecules,Ma - Watertown,,,,,,https://ophthalmic-innovation.com/,BioPharmGuy
PITON THERAPEUTICS,Small Molecules,Ma - Watertown,,,,,,https://www.pitontx.com/,BioPharmGuy
PSITHERA,Small Molecules,Ma - Watertown,,,,,,https://psithera.com/,BioPharmGuy
REDONA THERAPEUTICS,Small Molecules,Ma - Watertown,,,,,,https://redonatx.com/,BioPharmGuy
REMIX THERAPEUTICS,Small Molecules,Ma - Watertown,,,,,,https://www.remixtx.com/,BioPharmGuy
TREELINE BIOSCIENCES,Small Molecules,Ma - Watertown,,,,,,https://treeline.bio/,BioPharmGuy
WINDGAP MEDICAL,Small Molecules,Ma - Watertown,,,,,,https://www.windgapmedical.com/,BioPharmGuy
AKIRABIO,Small Molecules,Ma - Wellesley,,,,,,https://akirabio.com/,BioPharmGuy
ATACAMA THERAPEUTICS,Small Molecules,Ma - Wellesley,,,,,,http://www.atacamatherapeutics.com/,BioPharmGuy
SHIELD THERAPEUTICS,Small Molecules,Ma - Wellesley,,,,,,https://shieldtherapeutics.com/,BioPharmGuy
CLIMB BIO,Small Molecules,Ma - Wellesley Hills,,,,,,https://climbbio.com/,BioPharmGuy
AQUILUS PHARMACEUTICALS,Small Molecules,Ma - Winchester,,,,,,https://www.aquiluspharma.com/,BioPharmGuy
APHIOS,Small Molecules,Ma - Woburn,,,,,,https://www.aphios.com/,BioPharmGuy
NEUROGASTRX,Small Molecules,Ma - Woburn,,,,,,https://neurogastrx.com/,BioPharmGuy
NEUROMETRIX,Small Molecules,Ma - Woburn,,,,,,https://www.neurometrix.com/,BioPharmGuy
RGENTA THERAPEUTICS,Small Molecules,Ma - Woburn,,,,,,https://www.rgentatx.com/,BioPharmGuy
MICROBIOTIX,Small Molecules,Ma - Worcester,,,,,,https://www.microbiotix.com/,BioPharmGuy
AURIGENE ONCOLOGY,Small Molecules,Malaysia - Kuala Lumpur,,,,,,https://aurigene.com/,BioPharmGuy
ORPHALAN,Small Molecules,Malta - Birkirkara,,,,,,https://www.orphalan.com/,BioPharmGuy
MEDICURE,Small Molecules,Mb - Winnipeg,,,,,,https://www.medicure.com/,BioPharmGuy
WAVERLEY PHARMA,Small Molecules,Mb - Winnipeg,,,,,,https://www.waverleypharma.com/,BioPharmGuy
ALPHYN BIOLOGICS,Small Molecules,Md - Annapolis,,,,,,https://alphynbiologics.com/,BioPharmGuy
AGENEBIO,Small Molecules,Md - Baltimore,,,,,,https://agenebio.com/,BioPharmGuy
ASKLEPION PHARMACEUTICALS,Small Molecules,Md - Baltimore,,,,,,https://www.asklepionpharm.com/,BioPharmGuy
FLAVOCURE BIOTECH,Small Molecules,Md - Baltimore,,,,,,https://flavocure.com/,BioPharmGuy
MEDREGEN,Small Molecules,Md - Baltimore,,,,,,https://www.medregenco.com/,BioPharmGuy
RAPAFUSYN PHARMACEUTICALS,Small Molecules,Md - Baltimore,,,,,,https://rapafusyn.com/,BioPharmGuy
TNF PHARMACEUTICALS,Small Molecules,Md - Baltimore,,,,,,https://tnfpharma.com/,BioPharmGuy
NOSTOPHARMA,Small Molecules,Md - Bethesda,,,,,,https://nostopharma.com/,BioPharmGuy
NEURONASCENT,Small Molecules,Md - Clarksville,,,,,,https://neuronascent.com/,BioPharmGuy
TONIX PHARMACEUTICALS,Small Molecules,Md - Frederick,,,,,,https://www.tonixpharma.com/,BioPharmGuy
NEURALY,Small Molecules,Md - Gaithersburg,,,,,,https://www.neuralymed.com/,BioPharmGuy
IGC PHARMA,Small Molecules,Md - Potomac,,,,,,https://igcpharma.com/,BioPharmGuy
PEP2TANGO THERAPEUTICS,Small Molecules,Md - Potomac,,,,,,https://www.pep2tango.com/,BioPharmGuy
ANGIMMUNE,Small Molecules,Md - Rockville,,,,,,https://www.angimmune.com/,BioPharmGuy
ASCENTAGE PHARMA,Small Molecules,Md - Rockville,,,,,,https://www.ascentage.com/,BioPharmGuy
EXOLYTICS,Small Molecules,Md - Rockville,,,,,,https://exolytics.com/,BioPharmGuy
LEADIANT BIOSCIENCES,Small Molecules,Md - Rockville,,,,,,https://leadiant.com/,BioPharmGuy
NURRON PHARMACEUTICALS,Small Molecules,Md - Rockville,,,,,,https://nurronpharma.com/,BioPharmGuy
OS THERAPIES,Small Molecules,Md - Rockville,,,,,,https://ostherapies.com/,BioPharmGuy
OTSUKA,Small Molecules,Md - Rockville,,,,,,https://www.otsuka-us.com/,BioPharmGuy
REVERAGEN BIOPHARMA,Small Molecules,Md - Rockville,,,,,,https://reveragen.com/,BioPharmGuy
SUPERNUS PHARMACEUTICALS,Small Molecules,Md - Rockville,,,,,,https://www.supernus.com/,BioPharmGuy
TASLY PHARMACEUTICAL,Small Molecules,Md - Rockville,,,,,,https://www.taslyus.com/,BioPharmGuy
VIRIOM,Small Molecules,Md - Rockville,,,,,,https://www.viriom.com/,BioPharmGuy
CLICBIO,Small Molecules,Md - Salisbury,,,,,,https://clicbiotech.com/,BioPharmGuy
UNITED THERAPEUTICS,Small Molecules,Md - Silver Spring,,,,,,https://www.unither.com/index,BioPharmGuy
ANTIDOTE THERAPEUTICS,Small Molecules,Md - Sykesville,,,,,,https://www.antidotetx.com/,BioPharmGuy
ASPEN PHARMACARE,Small Molecules,Mexico - Mexico City,,,,,,https://www.aspenpharma.com/,BioPharmGuy
BAYER,Small Molecules,Mexico - Mexico City,,,,,,https://www.bayer.com/en/,BioPharmGuy
FERRING PHARMACEUTICALS,Small Molecules,Mexico - Mexico City,,,,,,https://ferringusa.com/?lang=en,BioPharmGuy
GENOMMA LAB INTERNACIONAL,Small Molecules,Mexico - Mexico City,,,,,,https://www.genommalab.com/en/,BioPharmGuy
NEOLPHARMA,Small Molecules,Mexico - Mexico City,,,,,,https://www.neolpharma.com/,BioPharmGuy
STENDHAL,Small Molecules,Mexico - Tlalpan,,,,,,http://www.stendhalpharma.com,BioPharmGuy
NOTA LABS,Small Molecules,Mi - Ann Arbor,,,,,,https://www.notalabs.com/,BioPharmGuy
SLING THERAPEUTICS,Small Molecules,Mi - Ann Arbor,,,,,,https://slingtx.com/,BioPharmGuy
FLIGHTPATH BIOSCIENCES,Small Molecules,Mi - Detroit,,,,,,https://flightpath.bio/,BioPharmGuy
FERNDALE PHARMA GROUP,Small Molecules,Mi - Ferndale,,,,,,https://ferndalepharmagroup.com/,BioPharmGuy
CIRIUS THERAPEUTICS,Small Molecules,Mi - Grand Rapids,,,,,,https://ciriustx.com/,BioPharmGuy
GRAND RIVER ASEPTIC MANUFACTURING,Small Molecules,Mi - Grand Rapids,,,,,,https://www.grandriverasepticmfg.com/,BioPharmGuy
SCITECH DEVELOPMENT,Small Molecules,Mi - Grosse Pointe Farms,,,,,,https://www.scitechdevelopment.com/,BioPharmGuy
ALTERON THERAPEUTICS,Small Molecules,Mi - Kalamazoo,,,,,,https://www.alterontherapeutics.com/,BioPharmGuy
PFIZER,Small Molecules,Mi - Kalamazoo,,,,,,https://www.pfizer.com/,BioPharmGuy
MDI THERAPEUTICS,Small Molecules,Mi - Novi,,,,,,https://mditherapeutics.com/,BioPharmGuy
HOUSEY PHARMACEUTICAL RESEARCH LABORATORIES,Small Molecules,Mi - Southfield,,,,,,https://housey.com/,BioPharmGuy
INTERPLAY BIO,Small Molecules,Mi - Ypsilanti,,,,,,https://interplay.bio/,BioPharmGuy
PURE GREEEN PHARMACEUTICALS,Small Molecules,Mi - Zz,,,,,,https://pgpharma.co/,BioPharmGuy
ANI PHARMACEUTICALS,Small Molecules,Mn - Baudette,,,,,,https://www.anipharmaceuticals.com/,BioPharmGuy
REBASE BIOTECH,Small Molecules,Mn - Duluth,,,,,,https://rebase.bio/,BioPharmGuy
BIRCHWOOD LABORATORIES,Small Molecules,Mn - Eden Prairie,,,,,,https://www.birchlabs.com/,BioPharmGuy
CELCUITY,Small Molecules,Mn - Minneapolis,,,,,,https://www.celcuity.com/,BioPharmGuy
MEKANISTIC THERAPEUTICS,Small Molecules,Mn - Minneapolis,,,,,,https://www.mekanistic.com/,BioPharmGuy
TTC ONCOLOGY,Small Molecules,Mn - Minneapolis,,,,,,https://ttconcology.com/,BioPharmGuy
EMMYON,Small Molecules,Mn - Rochester,,,,,,https://www.emmyon.com/,BioPharmGuy
HIBERCELL,Small Molecules,Mn - Roseville,,,,,,https://hibercell.com/,BioPharmGuy
HUMANETICS CORP.,Small Molecules,Mn - Roseville,,,,,,https://www.humaneticscorp.com/,BioPharmGuy
MYRIEL,Small Molecules,Mn - Saint Paul,,,,,,https://myrielcures.com/,BioPharmGuy
EPIEN MEDICAL,Small Molecules,Mn - St. Paul,,,,,,https://www.epien.com/,BioPharmGuy
PANBELA THERAPEUTICS,Small Molecules,Mn - Waconia,,,,,,https://panbela.com/,BioPharmGuy
HUMANWELL PHARMACEUTICAL,Small Molecules,Mo - Ballwin,,,,,,https://www.humanwellus.com/,BioPharmGuy
KEENOVA,Small Molecules,Mo - Hazelwood,,,,,,https://www.keenova.com/,BioPharmGuy
CURIUM PHARMA,Small Molecules,Mo - Maryland Heights,,,,,,https://www.curiumpharma.com/about/who-we-are/,BioPharmGuy
BOND BIOSCIENCES,Small Molecules,Mo - Parkville,,,,,,https://bond.bio/,BioPharmGuy
LPOXY THERAPEUTICS,Small Molecules,Mo - Platte City,,,,,,https://www.lpoxy.com/,BioPharmGuy
ACLARIS THERAPEUTICS,Small Molecules,Mo - St. Louis,,,,,,https://www.aclaristx.com/,BioPharmGuy
C2N DIAGNOSTICS,Small Molecules,Mo - St. Louis,,,,,,https://c2n.com/,BioPharmGuy
EQUATOR THERAPEUTICS,Small Molecules,Mo - St. Louis,,,,,,https://equatortherapeutics.com/,BioPharmGuy
FIMBRION THERAPEUTICS,Small Molecules,Mo - St. Louis,,,,,,https://www.fimbrion.com/,BioPharmGuy
KINIMMUNE,Small Molecules,Mo - St. Louis,,,,,,https://kinimmune.bio/,BioPharmGuy
M6P THERAPEUTICS,Small Molecules,Mo - St. Louis,,,,,,https://m6ptherapeutics.com/,BioPharmGuy
SEQUOIA VACCINES,Small Molecules,Mo - St. Louis,,,,,,https://www.sequoiavaccines.com/,BioPharmGuy
BESINS HEALTHCARE,Small Molecules,Monaco - Monaco,,,,,,https://www.besins-healthcare.com/,BioPharmGuy
MICROBION,Small Molecules,Mt - Bozeman,,,,,,https://www.microbioncorp.com/,BioPharmGuy
DERMAXON,Small Molecules,Mt - Missoula,,,,,,https://dermaxon.com/,BioPharmGuy
INIMMUNE,Small Molecules,Mt - Missoula,,,,,,https://inimmune.com/,BioPharmGuy
HERON THERAPEUTICS,Small Molecules,Nc - Cary,,,,,,https://www.herontx.com/,BioPharmGuy
MADERA THERAPEUTICS,Small Molecules,Nc - Cary,,,,,,https://maderat.com/,BioPharmGuy
NELUM PHARMA,Small Molecules,Nc - Cary,,,,,,https://www.nelumpharma.com/,BioPharmGuy
VELOXIS PHARMACEUTICALS,Small Molecules,Nc - Cary,,,,,,https://www.veloxis.com/,BioPharmGuy
RENOVION,Small Molecules,Nc - Chapel Hill,,,,,,https://www.renovion.com/,BioPharmGuy
TENAX THERAPEUTICS,Small Molecules,Nc - Chapel Hill,,,,,,https://tenaxthera.com/,BioPharmGuy
THERAVIDA,Small Molecules,Nc - Chapel Hill,,,,,,https://theravida.com/,BioPharmGuy
CORINO THERAPEUTICS,Small Molecules,Nc - Charlottesville,,,,,,http://corinorx.com/,BioPharmGuy
ACHELIOS THERAPEUTICS,Small Molecules,Nc - Durham,,,,,,https://achelios.com/,BioPharmGuy
AER THERAPEUTICS,Small Molecules,Nc - Durham,,,,,,https://aertherapeutics.com/,BioPharmGuy
AESTAS PHARMA,Small Molecules,Nc - Durham,,,,,,https://aestaspharma.com/,BioPharmGuy
AMO PHARMA,Small Molecules,Nc - Durham,,,,,,https://www.amo-pharma.com/,BioPharmGuy
BANTAM PHARMACEUTICAL,Small Molecules,Nc - Durham,,,,,,https://bantampharma.com/,BioPharmGuy
BASE4,Small Molecules,Nc - Durham,,,,,,https://www.base4.bio/,BioPharmGuy
BIOCRYST PHARMACEUTICALS,Small Molecules,Nc - Durham,,,,,,https://www.biocryst.com/,BioPharmGuy
DIGNIFY THERAPEUTICS,Small Molecules,Nc - Durham,,,,,,https://dignifytherapeutics.com/,BioPharmGuy
EMERGO THERAPEUTICS,Small Molecules,Nc - Durham,,,,,,https://emergotherapeutics.com/,BioPharmGuy
ENDACEA,Small Molecules,Nc - Durham,,,,,,https://endacea.com/,BioPharmGuy
EVECXIA THERAPEUTICS,Small Molecules,Nc - Durham,,,,,,https://evecxia.com/,BioPharmGuy
EYDISBIO,Small Molecules,Nc - Durham,,,,,,https://eydisbio.com/,BioPharmGuy
GATEWAY BIOTECHNOLOGY,Small Molecules,Nc - Durham,,,,,,https://www.gtwbio.com/,BioPharmGuy
IMMVENTION THERAPEUTIX,Small Molecules,Nc - Durham,,,,,,https://www.immventionthera.com/,BioPharmGuy
INCYCLIX BIO,Small Molecules,Nc - Durham,,,,,,https://incyclixbio.com/,BioPharmGuy
LAMASSU BIOTECH,Small Molecules,Nc - Durham,,,,,,https://www.lamassubiotech.com/,BioPharmGuy
MYCOVIA PHARMACEUTICALS,Small Molecules,Nc - Durham,,,,,,https://mycovia.com/,BioPharmGuy
NICOX,Small Molecules,Nc - Durham,,,,,,https://www.nicox.com/,BioPharmGuy
PARION SCIENCES,Small Molecules,Nc - Durham,,,,,,https://www.parion.com/,BioPharmGuy
PATHFINDER PHARMACEUTICALS,Small Molecules,Nc - Durham,,,,,,http://www.pathfinderpharma.com/,BioPharmGuy
PELTHOS THERAPEUTICS,Small Molecules,Nc - Durham,,,,,,https://pelthos.com/,BioPharmGuy
PRIOVANT THERAPEUTICS,Small Molecules,Nc - Durham,,,,,,https://priovant.com/,BioPharmGuy
REACTIVE BIOSCIENCES,Small Molecules,Nc - Durham,,,,,,https://www.reactivebio.com/,BioPharmGuy
RIBOMETRIX,Small Molecules,Nc - Durham,,,,,,https://ribometrix.com/,BioPharmGuy
SATSUMA PHARMACEUTICALS,Small Molecules,Nc - Durham,,,,,,https://www.satsumarx.com/,BioPharmGuy
SPRINGWORKS THERAPEUTICS,Small Molecules,Nc - Durham,,,,,,https://springworkstx.com/,BioPharmGuy
T3D THERAPEUTICS,Small Molecules,Nc - Durham,,,,,,https://www.t3dtherapeutics.com/,BioPharmGuy
TELLUS THERAPEUTICS,Small Molecules,Nc - Durham,,,,,,https://www.tellustherapeutics.com/,BioPharmGuy
UNITED THERAPEUTICS,Small Molecules,Nc - Durham,,,,,,https://www.unither.com/index,BioPharmGuy
VIIV HEALTHCARE,Small Molecules,Nc - Durham,,,,,,https://viivhealthcare.com/en-us/,BioPharmGuy
VOGENX,Small Molecules,Nc - Durham,,,,,,https://vogenx.com/,BioPharmGuy
ZYMERON,Small Molecules,Nc - Durham,,,,,,https://zymeron.com/,BioPharmGuy
CMP PHARMA,Small Molecules,Nc - Farmville,,,,,,https://cmppharma.com/,BioPharmGuy
AMALGENT THERAPEUTICS,Small Molecules,Nc - Greenville,,,,,,https://amalgent.com/,BioPharmGuy
CLARADELE PHARMACEUTICALS,Small Molecules,Nc - Greenville,,,,,,https://claradele.com/,BioPharmGuy
FERVENT PHARMACEUTICALS,Small Molecules,Nc - Greenville,,,,,,https://ferventpharma.com/,BioPharmGuy
VTV THERAPEUTICS,Small Molecules,Nc - High Point,,,,,,https://vtvtherapeutics.com/,BioPharmGuy
BAXTER,Small Molecules,Nc - Marion,,,,,,https://www.baxter.com/,BioPharmGuy
KNOW BIO,Small Molecules,Nc - Morrisville,,,,,,https://www.knowbiollc.com/,BioPharmGuy
VAST THERAPEUTICS,Small Molecules,Nc - Morrisville,,,,,,https://www.vasttherapeutics.com/,BioPharmGuy
BIOKIER,Small Molecules,Nc - Raleigh,,,,,,https://www.biokier.com/,BioPharmGuy
FLAG THERAPEUTICS,Small Molecules,Nc - Raleigh,,,,,,https://www.flagtherapeutics.com/,BioPharmGuy
HELIXOMER,Small Molecules,Nc - Raleigh,,,,,,https://www.helixomer.com/,BioPharmGuy
KINVARD BIO,Small Molecules,Nc - Raleigh,,,,,,https://www.kinvardbio.com/,BioPharmGuy
MARIUS PHARMACEUTICALS,Small Molecules,Nc - Raleigh,,,,,,https://mariuspharma.com/,BioPharmGuy
MERZ THERAPEUTICS,Small Molecules,Nc - Raleigh,,,,,,https://merztherapeutics.com/us/,BioPharmGuy
PATHALYS PHARMA,Small Molecules,Nc - Raleigh,,,,,,https://pathalys.com/,BioPharmGuy
REDHILL BIOPHARMA,Small Molecules,Nc - Raleigh,,,,,,https://www.redhillbio.com/home/default.aspx,BioPharmGuy
SPROUT PHARMACEUTICALS,Small Molecules,Nc - Raleigh,,,,,,https://www.sproutpharmaceuticals.com/,BioPharmGuy
ECLIPSE LIFE SCIENCES,Small Molecules,Nc - Research Triangle Park,,,,,,https://www.eclipselifesciences.com/,BioPharmGuy
ISOSCELES PHARMACEUTICALS,Small Molecules,Nc - Wilmington,,,,,,https://isoscelespharma.com/,BioPharmGuy
PURDUE PHARMA,Small Molecules,Nc - Wilson,,,,,,https://www.purduepharma.com/,BioPharmGuy
ARLETTA PHARMA SOLUTIONS,Small Molecules,Netherlands - Amsterdam,,,,,,https://arlettapharmasolutions.com/,BioPharmGuy
MODRA PHARMACEUTICALS,Small Molecules,Netherlands - Amsterdam,,,,,,https://modrapharmaceuticals.com/,BioPharmGuy
NORGINE,Small Molecules,Netherlands - Amsterdam,,,,,,https://norgine.com/,BioPharmGuy
NORTHSEA THERAPEUTICS,Small Molecules,Netherlands - Amsterdam,,,,,,https://northseatherapeutics.com/en/,BioPharmGuy
SCENIC BIOTECH,Small Molecules,Netherlands - Amsterdam,,,,,,https://scenicbiotech.com/,BioPharmGuy
VISUFARMA,Small Molecules,Netherlands - Amsterdam,,,,,,https://www.visufarma.com/,BioPharmGuy
ASPEN PHARMACARE,Small Molecules,Netherlands - Boxtel,,,,,,https://www.aspenpharma.com/,BioPharmGuy
AZAFAROS,Small Molecules,Netherlands - Dc Naarden,,,,,,https://www.azafaros.com/,BioPharmGuy
ORCA THERAPEUTICS,Small Molecules,Netherlands - Den Bosch,,,,,,https://www.orca-therapeutics.nl/,BioPharmGuy
LEAD PHARMA,Small Molecules,Netherlands - Deventer,,,,,,https://leadpharma.com/,BioPharmGuy
AMBAGON THERAPEUTICS,Small Molecules,Netherlands - Eindhoven,,,,,,https://www.ambagontx.com/,BioPharmGuy
MATISSE PHARMACEUTICALS,Small Molecules,Netherlands - Geleen,,,,,,https://www.matissepharmaceuticals.com/,BioPharmGuy
SULFATEQ,Small Molecules,Netherlands - Groningen,,,,,,https://www.sulfateqbv.com/,BioPharmGuy
NORDIC PHARMA,Small Molecules,Netherlands - Hoofddorp,,,,,,https://www.nordicpharma.com/,BioPharmGuy
CFM PHARMA,Small Molecules,Netherlands - Ijsselstein,,,,,,https://cfmpharma.com/,BioPharmGuy
2-BBB MEDICINES,Small Molecules,Netherlands - Leiden,,,,,,https://www.2-bbb.com/,BioPharmGuy
ALESTA THERAPEUTICS,Small Molecules,Netherlands - Leiden,,,,,,https://www.alestatherapeutics.com/,BioPharmGuy
ANAVO THERAPEUTICS,Small Molecules,Netherlands - Leiden,,,,,,https://www.anavotx.com/,BioPharmGuy
BIMINI BIOTECH,Small Molecules,Netherlands - Leiden,,,,,,https://biminibiotech.nl/,BioPharmGuy
PHARVARIS,Small Molecules,Netherlands - Leiden,,,,,,https://pharvaris.com/,BioPharmGuy
KYNEXIS,Small Molecules,Netherlands - Naarden,,,,,,https://www.kynexistx.com/,BioPharmGuy
NEWAMSTERDAM PHARMA,Small Molecules,Netherlands - Naarden,,,,,,https://www.newamsterdampharma.com/,BioPharmGuy
KHONDRION,Small Molecules,Netherlands - Nijmegen,,,,,,https://www.khondrion.com/,BioPharmGuy
PLECO THERAPEUTICS,Small Molecules,Netherlands - Nijmegen,,,,,,https://www.plecotherapeutics.com/,BioPharmGuy
ACERTA PHARMA,Small Molecules,Netherlands - Oss,,,,,,https://www.acerta-pharma.com/,BioPharmGuy
ASPEN PHARMACARE,Small Molecules,Netherlands - Oss,,,,,,https://www.aspenpharma.com/,BioPharmGuy
CANTONI THERAPEUTICS,Small Molecules,Netherlands - Oss,,,,,,https://cantonitx.nl/,BioPharmGuy
FLINDR THERAPEUTICS,Small Molecules,Netherlands - Oss,,,,,,https://flindrtx.com/,BioPharmGuy
NEUROPHYXIA,Small Molecules,Netherlands - S-Hertogenbosch,,,,,,https://www.neurophyxia.com/,BioPharmGuy
AM-PHARMA,Small Molecules,Netherlands - Utrecht,,,,,,https://www.am-pharma.com/,BioPharmGuy
CLEARA BIOTECH,Small Molecules,Netherlands - Utrecht,,,,,,https://www.clearabiotech.com/,BioPharmGuy
ALLOKSYS LIFE SCIENCES,Small Molecules,Netherlands - Wageningen,,,,,,https://alloksys.com/,BioPharmGuy
MICREOS,Small Molecules,Netherlands - Zug,,,,,,https://www.micreos.com/,BioPharmGuy
BIOMED,Small Molecules,New Zealand - Auckland,,,,,,https://www.biomedind.com/,BioPharmGuy
KIMER MED,Small Molecules,New Zealand - Nelson,,,,,,https://www.kimermed.co.nz/,BioPharmGuy
DEUTERX,Small Molecules,Nh - Bedford,,,,,,https://www.deuterx.com/,BioPharmGuy
APONIA LABORATORIES,Small Molecules,Nh - Hampton,,,,,,https://aponialabs.com/,BioPharmGuy
TARGETRNA,Small Molecules,Nh - Zz,,,,,,https://www.targetrna.com/,BioPharmGuy
DAIICHI SANKYO,Small Molecules,Nj - Basking Ridge,,,,,,https://daiichisankyo.us/,BioPharmGuy
INTRA-CELLULAR THERAPIES,Small Molecules,Nj - Bedminster,,,,,,https://www.intracellulartherapies.com/,BioPharmGuy
MATINAS BIOPHARMA,Small Molecules,Nj - Bedminster,,,,,,https://www.matinasbiopharma.com/,BioPharmGuy
CHUGAI PHARMA,Small Molecules,Nj - Berkeley Heights,,,,,,https://www.chugai-pharm.com/,BioPharmGuy
CORMEDIX,Small Molecules,Nj - Berkeley Heights,,,,,,https://cormedix.com/,BioPharmGuy
HIKMA,Small Molecules,Nj - Berkeley Heights,,,,,,https://www.hikma.com/,BioPharmGuy
SECURA BIO,Small Molecules,Nj - Berkeley Heights,,,,,,https://securabio.com/,BioPharmGuy
AMARIN,Small Molecules,Nj - Bridgewater,,,,,,https://www.amarincorp.com/,BioPharmGuy
BAUSCH HEALTH,Small Molecules,Nj - Bridgewater,,,,,,https://www.bauschhealth.com/,BioPharmGuy
INSMED,Small Molecules,Nj - Bridgewater,,,,,,https://insmed.com/,BioPharmGuy
KEENOVA,Small Molecules,Nj - Bridgewater,,,,,,https://www.keenova.com/,BioPharmGuy
SALIX PHARMACEUTICALS,Small Molecules,Nj - Bridgewater,,,,,,https://www.salix.com/,BioPharmGuy
VYLUMA,Small Molecules,Nj - Bridgewater,,,,,,https://vyluma.com/,BioPharmGuy
VYNE THERAPEUTICS,Small Molecules,Nj - Bridgewater,,,,,,https://vynetherapeutics.com/,BioPharmGuy
TONIX PHARMACEUTICALS,Small Molecules,Nj - Chatham,,,,,,https://www.tonixpharma.com/,BioPharmGuy
IVIEW THERAPEUTICS,Small Molecules,Nj - Cranbury,,,,,,https://www.iviewtherapeutics.com/,BioPharmGuy
PALATIN TECHNOLOGIES,Small Molecules,Nj - Cranbury,,,,,,https://palatin.com/,BioPharmGuy
LAVIPHARM,Small Molecules,Nj - East Windsor,,,,,,https://lavipharm.com/,BioPharmGuy
HEPION PHARMACEUTICALS,Small Molecules,Nj - Edison,,,,,,https://hepionpharma.com,BioPharmGuy
MACROPHAGE THERAPEUTICS,Small Molecules,Nj - Englewood Cliffs,,,,,,https://www.macrophagetx.com/,BioPharmGuy
ARSTAT PHARMACEUTICALS,Small Molecules,Nj - Flemington,,,,,,https://www.arstatinfo.com/,BioPharmGuy
BEYONDSPRING PHARMACEUTICALS,Small Molecules,Nj - Florham Park,,,,,,https://beyondspringpharma.com/,BioPharmGuy
CELLECTAR BIOSCIENCES,Small Molecules,Nj - Florham Park,,,,,,https://www.cellectar.com/,BioPharmGuy
PHATHOM PHARMACEUTICALS,Small Molecules,Nj - Florham Park,,,,,,https://www.phathompharma.com/,BioPharmGuy
SHIONOGI,Small Molecules,Nj - Florham Park,,,,,,https://www.shionogi.com/us/en/,BioPharmGuy
ELEVAR THERAPEUTICS,Small Molecules,Nj - Fort Lee,,,,,,https://elevartx.com/,BioPharmGuy
MEZZION PHARMACEUTICALS,Small Molecules,Nj - Fort Lee,,,,,,https://mezzion.com/,BioPharmGuy
NUVECTIS PHARMA,Small Molecules,Nj - Fort Lee,,,,,,https://nuvectis.com/,BioPharmGuy
RESPIRERX PHARMACEUTICALS,Small Molecules,Nj - Glen Rock,,,,,,https://respirerx.com/,BioPharmGuy
LINNAEUS THERAPEUTICS,Small Molecules,Nj - Haddonfield,,,,,,https://linnaeustx.com/,BioPharmGuy
HELSINN,Small Molecules,Nj - Iselin,,,,,,https://helsinn.com/,BioPharmGuy
ORGANON (2),Small Molecules,Nj - Jersey City,,,,,,https://www.organon.com/,BioPharmGuy
SCYNEXIS,Small Molecules,Nj - Jersey City,,,,,,https://www.scynexis.com/,BioPharmGuy
TANABE PHARMA AMERICA,Small Molecules,Nj - Jersey City,,,,,,https://us.tanabe-pharma.com/,BioPharmGuy
IMUNON,Small Molecules,Nj - Lawrenceville,,,,,,https://imunon.com/,BioPharmGuy
APIMEDS,Small Molecules,Nj - Matawan,,,,,,https://www.apimedsus.com/,BioPharmGuy
CORNERSTONE PHARMACEUTICALS (2),Small Molecules,Nj - Monmouth Junction,,,,,,https://cornerstonepharma.com/,BioPharmGuy
TAXIS PHARMACEUTICALS,Small Molecules,Nj - Monmouth Junction,,,,,,https://taxispharma.com/,BioPharmGuy
ALMATICA PHARMA,Small Molecules,Nj - Morristown,,,,,,https://www.almatica.com/,BioPharmGuy
INTERCEPT PHARMACEUTICALS,Small Molecules,Nj - Morristown,,,,,,https://www.interceptpharma.com/,BioPharmGuy
OREXO,Small Molecules,Nj - Morristown,,,,,,https://orexo.com/,BioPharmGuy
WHITEHAWK THERAPEUTICS,Small Molecules,Nj - Morristown,,,,,,https://www.whitehawktx.com/,BioPharmGuy
CHANNEL THERAPEUTICS,Small Molecules,Nj - North Brunswick,,,,,,https://channeltherapeutics.com/,BioPharmGuy
EISAI,Small Molecules,Nj - Nutley,,,,,,https://www.eisai.com/index.html,BioPharmGuy
NS PHARMA,Small Molecules,Nj - Paramus,,,,,,https://www.nspharma.com/,BioPharmGuy
POLARYX THERAPEUTICS,Small Molecules,Nj - Paramus,,,,,,https://polaryx.com/,BioPharmGuy
SK LIFE SCIENCE,Small Molecules,Nj - Paramus,,,,,,https://www.sklifescienceinc.com/,BioPharmGuy
MELINTA THERAPEUTICS,Small Molecules,Nj - Parsippany,,,,,,https://melinta.com/,BioPharmGuy
WOCKHARDT,Small Molecules,Nj - Parsippany,,,,,,http://www.wockhardt.com,BioPharmGuy
ZYDUS THERAPEUTICS,Small Molecules,Nj - Pennington,,,,,,https://zydustx.com/,BioPharmGuy
SPES PHARMACEUTICALS,Small Molecules,Nj - Plainsboro,,,,,,https://www.spespharma.com/,BioPharmGuy
4M THERAPEUTICS,Small Molecules,Nj - Princeton,,,,,,https://www.4mtx.net/,BioPharmGuy
AGILE THERAPEUTICS,Small Molecules,Nj - Princeton,,,,,,https://agiletherapeutics.com/,BioPharmGuy
AKROS PHARMA,Small Molecules,Nj - Princeton,,,,,,https://www.akrospharma.com/,BioPharmGuy
BETA PHARMA,Small Molecules,Nj - Princeton,,,,,,http://betapharma.com/,BioPharmGuy
ELEISON PHARMACEUTICALS,Small Molecules,Nj - Princeton,,,,,,https://eleison-pharma.com/,BioPharmGuy
ENALARE THERAPEUTICS,Small Molecules,Nj - Princeton,,,,,,https://enalare.com/,BioPharmGuy
GRACE THERAPEUTICS (2),Small Molecules,Nj - Princeton,,,,,,https://www.gracetx.com/,BioPharmGuy
IQURE PHARMA,Small Molecules,Nj - Princeton,,,,,,https://www.iqurepharma.com/,BioPharmGuy
KARDIGAN,Small Molecules,Nj - Princeton,,,,,,https://www.kardigan.bio/,BioPharmGuy
MEDICURE,Small Molecules,Nj - Princeton,,,,,,https://www.medicure.com/,BioPharmGuy
MEDUNIK,Small Molecules,Nj - Princeton,,,,,,https://medunikusa.com/,BioPharmGuy
NEMAGEN DISCOVERIES,Small Molecules,Nj - Princeton,,,,,,https://nemagen.com/,BioPharmGuy
OBLATO,Small Molecules,Nj - Princeton,,,,,,https://oblatoinc.com/,BioPharmGuy
PDS BIOTECHNOLOGY,Small Molecules,Nj - Princeton,,,,,,https://www.pdsbiotech.com/,BioPharmGuy
PMV PHARMA,Small Molecules,Nj - Princeton,,,,,,https://www.pmvpharma.com/,BioPharmGuy
QUANTX BIOSCIENCES,Small Molecules,Nj - Princeton,,,,,,https://quantxbio.com/,BioPharmGuy
R-PHARM US,Small Molecules,Nj - Princeton,,,,,,https://rpharm-us.com/,BioPharmGuy
SHANTON PHARMA,Small Molecules,Nj - Princeton,,,,,,https://www.shantonpharma.com/,BioPharmGuy
TAIHO ONCOLOGY,Small Molecules,Nj - Princeton,,,,,,https://www.taihooncology.com/us/,BioPharmGuy
ZENA THERAPEUTICS,Small Molecules,Nj - Princeton,,,,,,https://www.zenatherapeutics.com/,BioPharmGuy
ZYWIE,Small Molecules,Nj - Princeton,,,,,,https://zywiebio.com/,BioPharmGuy
REVISION THERAPEUTICS,Small Molecules,Nj - Ridgewood,,,,,,https://www.revisiontx.com/,BioPharmGuy
NEUMENTUM,Small Molecules,Nj - Summit,,,,,,https://neumentum.com/,BioPharmGuy
PROKARYOTICS,Small Molecules,Nj - Union,,,,,,https://prokaryotics.com/,BioPharmGuy
MEDIMETRIKS PHARMACEUTICALS,Small Molecules,Nj - West Fairfield,,,,,,https://www.medimetriks.com/,BioPharmGuy
SAPIENSBIO,Small Molecules,Nj - Westfield,,,,,,https://sapiensbio.com/,BioPharmGuy
EAGLE PHARMACEUTICALS,Small Molecules,Nj - Woodcliff Lake,,,,,,https://www.eagleus.com/,BioPharmGuy
BIONIKA PHARMACEUTICALS,Small Molecules,North Macedonia - Skopje,,,,,,https://bionikapharm.mk/en/,BioPharmGuy
SOFTOX,Small Molecules,Norway - Lysaker,,,,,,https://soft-ox.com/,BioPharmGuy
HEMISPHERIAN,Small Molecules,Norway - Oslo,,,,,,https://www.hemispherian.com/,BioPharmGuy
NAVAMEDIC,Small Molecules,Norway - Oslo,,,,,,https://navamedic.com/,BioPharmGuy
ONCOINVENT,Small Molecules,Norway - Oslo,,,,,,https://www.oncoinvent.com/,BioPharmGuy
PHARMASUM THERAPEUTICS,Small Molecules,Norway - Oslo,,,,,,https://www.pharmasum.com/,BioPharmGuy
ALGIPHARMA,Small Molecules,Norway - Sandvika,,,,,,https://algipharma.com/,BioPharmGuy
APPILI THERAPEUTICS,Small Molecules,Ns - Halifax,,,,,,https://appilitherapeutics.com/,BioPharmGuy
BIOVIE,Small Molecules,Nv - Carson City,,,,,,https://bioviepharma.com/,BioPharmGuy
GB SCIENCES,Small Molecules,Nv - Las Vegas,,,,,,https://www.gbsciences.com/,BioPharmGuy
SIERRA SCIENCES,Small Molecules,Nv - Reno,,,,,,https://sierrasci.com/,BioPharmGuy
STRYKAGEN,Small Molecules,Nv - Reno,,,,,,https://www.strykagen.com/,BioPharmGuy
YDS PHARMATECH,Small Molecules,Ny - Albany,,,,,,https://www.yds-pharmatech.com/,BioPharmGuy
ONY BIOTECH,Small Molecules,Ny - Amherst,,,,,,https://onybiotech.com/,BioPharmGuy
RYCARMA THERAPEUTICS,Small Molecules,Ny - Ardsley,,,,,,https://rycarma.com/,BioPharmGuy
NEW AMSTERDAM SCIENCES,Small Molecules,Ny - Binghamton,,,,,,https://newamsterdamsciences.com/,BioPharmGuy
DEPYMED,Small Molecules,Ny - Farmingdale,,,,,,https://www.depymed.com/,BioPharmGuy
CURANEX PHARMACEUTICALS,Small Molecules,Ny - Jericho,,,,,,https://www.curanexpharma.com/team-1,BioPharmGuy
ACURX PHARMACEUTICALS,Small Molecules,Ny - New York,,,,,,https://www.acurxpharma.com/,BioPharmGuy
AIKIDO LABS,Small Molecules,Ny - New York,,,,,,https://www.aikidopharma.com/,BioPharmGuy
ALLOSTERIC BIOSCIENCE,Small Molecules,Ny - New York,,,,,,https://allostericbioscience.com/,BioPharmGuy
ANAVEX LIFE SCIENCES,Small Molecules,Ny - New York,,,,,,https://anavex.com/,BioPharmGuy
APPLIED THERAPEUTICS,Small Molecules,Ny - New York,,,,,,https://www.appliedtherapeutics.com/,BioPharmGuy
ASTORIA BIOLOGICA,Small Molecules,Ny - New York,,,,,,https://www.astoriabiologica.com/,BioPharmGuy
AXSOME THERAPEUTICS,Small Molecules,Ny - New York,,,,,,https://www.axsome.com/,BioPharmGuy
CAMBRIAN BIO,Small Molecules,Ny - New York,,,,,,https://www.cambrianbio.com/,BioPharmGuy
CAYUGA BIOTECH,Small Molecules,Ny - New York,,,,,,https://cayugabiotech.com/,BioPharmGuy
DECKTHERAPEUTICS,Small Molecules,Ny - New York,,,,,,https://www.decktherapeutics.com/,BioPharmGuy
DEFINIUM THERAPEUTICS,Small Molecules,Ny - New York,,,,,,https://definiumtx.com/,BioPharmGuy
EMPYREAN NEUROSCIENCE,Small Molecules,Ny - New York,,,,,,https://empyrean.bio/,BioPharmGuy
ENB THERAPEUTICS,Small Molecules,Ny - New York,,,,,,https://enbpharma.com/,BioPharmGuy
EXCELSIOR SCIENCES,Small Molecules,Ny - New York,,,,,,https://excelsiorsci.com/,BioPharmGuy
FOSUN PHARMA,Small Molecules,Ny - New York,,,,,,https://www.fosunpharma.com/en/,BioPharmGuy
GILGAMESH PHARMA,Small Molecules,Ny - New York,,,,,,https://www.gilgameshpharmaceutical.com/,BioPharmGuy
GRIN THERAPEUTICS,Small Molecules,Ny - New York,,,,,,https://grintherapeutics.com/,BioPharmGuy
HOTH THERAPEUTICS,Small Molecules,Ny - New York,,,,,,https://hoththerapeutics.com/,BioPharmGuy
INNOVIMMUNE BIOTHERAPEUTICS,Small Molecules,Ny - New York,,,,,,https://www.innovimmune.com/,BioPharmGuy
KALLYOPE,Small Molecules,Ny - New York,,,,,,https://kallyope.com/,BioPharmGuy
LB PHARMACEUTICALS,Small Molecules,Ny - New York,,,,,,https://lbpharma.us/,BioPharmGuy
MARTIN PHARMACEUTICALS,Small Molecules,Ny - New York,,,,,,https://www.martinpharma.com/,BioPharmGuy
NEUROKINE THERAPEUTICS,Small Molecules,Ny - New York,,,,,,https://www.neurokinetp.com/,BioPharmGuy
NOVITA PHARMACEUTICALS,Small Molecules,Ny - New York,,,,,,https://www.novita-pharm.com/,BioPharmGuy
NULA THERAPEUTICS,Small Molecules,Ny - New York,,,,,,https://nulatx.com/,BioPharmGuy
NUVATION BIO,Small Molecules,Ny - New York,,,,,,https://nuvationbio.com/,BioPharmGuy
OLATEC THERAPEUTICS,Small Molecules,Ny - New York,,,,,,https://www.olatec.com/,BioPharmGuy
OVID THERAPEUTICS,Small Molecules,Ny - New York,,,,,,https://ovidrx.com/,BioPharmGuy
OVIVA THERAPEUTICS,Small Molecules,Ny - New York,,,,,,https://www.ovivatx.com/,BioPharmGuy
OWKIN,Small Molecules,Ny - New York,,,,,,https://www.owkin.com/,BioPharmGuy
PANNEX THERAPEUTICS,Small Molecules,Ny - New York,,,,,,https://pannextherapeutics.com/,BioPharmGuy
PARATUS SCIENCES,Small Molecules,Ny - New York,,,,,,https://paratussciences.com/,BioPharmGuy
PERCEPTION NEUROSCIENCE,Small Molecules,Ny - New York,,,,,,https://www.perceptionns.com/,BioPharmGuy
PETROS PHARMACEUTICALS,Small Molecules,Ny - New York,,,,,,https://petrospharma.com/,BioPharmGuy
PROJENX,Small Molecules,Ny - New York,,,,,,https://projenx.com/,BioPharmGuy
PROLIUM BIOSCIENCE,Small Molecules,Ny - New York,,,,,,https://www.proliumbio.com/,BioPharmGuy
PROMONTORY THERAPEUTICS,Small Molecules,Ny - New York,,,,,,https://promontorytx.com/,BioPharmGuy
Q BIOMED,Small Molecules,Ny - New York,,,,,,https://qbiomed.com/,BioPharmGuy
RECURSION PHARMACEUTICALS,Small Molecules,Ny - New York,,,,,,https://www.recursion.com/,BioPharmGuy
SCHRODINGER,Small Molecules,Ny - New York,,,,,,https://www.schrodinger.com/,BioPharmGuy
SEELOS THERAPEUTICS,Small Molecules,Ny - New York,,,,,,https://seelostherapeutics.com/,BioPharmGuy
SIGA,Small Molecules,Ny - New York,,,,,,https://www.siga.com/,BioPharmGuy
SPARIAN BIOSCIENCES,Small Molecules,Ny - New York,,,,,,https://www.sparianbiosciences.com/,BioPharmGuy
STABLIX THERAPEUTICS,Small Molecules,Ny - New York,,,,,,https://www.stablix.com/,BioPharmGuy
STELEXIS THERAPEUTICS,Small Molecules,Ny - New York,,,,,,https://stelexis.com/,BioPharmGuy
TACTICAL THERAPEUTICS,Small Molecules,Ny - New York,,,,,,https://tacticaltherapeutics.com/,BioPharmGuy
TIKUN THERAPEUTICS,Small Molecules,Ny - New York,,,,,,https://www.tikuntherapeutics.com/,BioPharmGuy
TNA THERAPEUTICS,Small Molecules,Ny - New York,,,,,,https://www.tnatherapeutics.com/,BioPharmGuy
UTR THERAPEUTICS,Small Molecules,Ny - New York,,,,,,https://utrtherapeutics.com/,BioPharmGuy
VOLASTRA THERAPEUTICS,Small Molecules,Ny - New York,,,,,,https://www.volastratx.com/,BioPharmGuy
XRAD THERAPEUTICS,Small Molecules,Ny - New York,,,,,,https://xradtx.com/,BioPharmGuy
DELCATH,Small Molecules,Ny - Queensbury,,,,,,https://delcath.com/,BioPharmGuy
CONSYNANCE THERAPEUTICS,Small Molecules,Ny - Rensselaer,,,,,,https://www.consynance.com/,BioPharmGuy
CUREMARK,Small Molecules,Ny - Rye Brook,,,,,,https://curemark.com/,BioPharmGuy
CMTX BIOTECH,Small Molecules,Ny - Stony Brook,,,,,,https://cmtxbiotech.com/,BioPharmGuy
CYPRIS THERAPEUTICS,Small Molecules,Ny - Syracuse,,,,,,https://cypristx.com/,BioPharmGuy
LENTO BIO,Small Molecules,Ny - Syracuse,,,,,,https://lentobio.com/,BioPharmGuy
RIGHT BRAIN BIO,Small Molecules,Ny - Virtual,,,,,,https://www.rightbrainbio.com/,BioPharmGuy
ELYSIUM THERAPEUTICS,Small Molecules,Oh - Akron,,,,,,https://www.elysiumrx.com/,BioPharmGuy
ALPHYN BIOLOGICS,Small Molecules,Oh - Cincinnati,,,,,,https://alphynbiologics.com/,BioPharmGuy
CINDOME PHARMA,Small Molecules,Oh - Cincinnati,,,,,,https://www.cindome.com/,BioPharmGuy
IPINOVYX BIO,Small Molecules,Oh - Cincinnati,,,,,,https://www.ipinovyx.com/,BioPharmGuy
LIB THERAPEUTICS,Small Molecules,Oh - Cincinnati,,,,,,https://libtherapeutics.com/,BioPharmGuy
MOGLING BIO,Small Molecules,Oh - Cincinnati,,,,,,https://www.moglingbio.com/,BioPharmGuy
ONCONETIX,Small Molecules,Oh - Cincinnati,,,,,,https://www.onconetix.com/,BioPharmGuy
P2D BIOSCIENCE,Small Molecules,Oh - Cincinnati,,,,,,http://www.p2dinc.com/,BioPharmGuy
CELLORAM,Small Molecules,Oh - Cleveland,,,,,,https://www.celloram.com/,BioPharmGuy
CONVELO THERAPEUTICS,Small Molecules,Oh - Cleveland,,,,,,https://convelotx.com/,BioPharmGuy
KOUTIF THERAPEUTICS,Small Molecules,Oh - Cleveland,,,,,,https://koutiftherapeutics.com/,BioPharmGuy
ZEHNA THERAPEUTICS,Small Molecules,Oh - Cleveland,,,,,,https://zehnatx.com/,BioPharmGuy
INVIRSA,Small Molecules,Oh - Columbus,,,,,,https://invirsa.com/,BioPharmGuy
SERMONIX PHARMACEUTICALS,Small Molecules,Oh - Columbus,,,,,,https://sermonixpharma.com/,BioPharmGuy
YAMO PHARMACEUTICALS,Small Molecules,Oh - Columbus,,,,,,https://yamopharma.com/,BioPharmGuy
NEUROTHERAPIA,Small Molecules,Oh - Gates Mills,,,,,,https://www.neurotherapia.com/,BioPharmGuy
BIOMENDICS,Small Molecules,Oh - Rootstown,,,,,,https://biomendics.com/,BioPharmGuy
ALKERMES,Small Molecules,Oh - Wilmington,,,,,,https://www.alkermes.com/,BioPharmGuy
CADENZA BIO,Small Molecules,Ok - Oklahoma City,,,,,,https://www.cadenza.bio/,BioPharmGuy
OTOLOGIC PHARMACEUTICS,Small Molecules,Ok - Oklahoma City,,,,,,https://otologicpharma.com/,BioPharmGuy
BAXTER,Small Molecules,On - Alliston,,,,,,https://www.baxter.com/,BioPharmGuy
SEPTODONT,Small Molecules,On - Cambridge,,,,,,https://www.septodont.com/,BioPharmGuy
HLS THERAPEUTICS,Small Molecules,On - Etobicoke,,,,,,https://www.hlstherapeutics.com/English/overview/default.aspx,BioPharmGuy
FUSION PHARMACEUTICALS INC.,Small Molecules,On - Hamilton,,,,,,https://fusionpharma.com/,BioPharmGuy
EDESA BIOTECH,Small Molecules,On - Markham,,,,,,https://www.edesabiotech.com/,BioPharmGuy
BIOLAB,Small Molecules,On - Mississauga,,,,,,https://www.biolabeco.com.br/en/?,BioPharmGuy
BIOSYENT,Small Molecules,On - Mississauga,,,,,,https://www.biosyent.com/,BioPharmGuy
CANURTA,Small Molecules,On - Mississauga,,,,,,https://www.canurta.com/,BioPharmGuy
CIPHER PHARMACEUTICALS,Small Molecules,On - Mississauga,,,,,,https://www.cipherpharma.com/,BioPharmGuy
GILEAD,Small Molecules,On - Mississauga,,,,,,https://www.gilead.com/,BioPharmGuy
ROCHE,Small Molecules,On - Mississauga,,,,,,https://www.roche.com/,BioPharmGuy
FORUS THERAPEUTICS,Small Molecules,On - Oakville,,,,,,https://forustherapeutics.com/,BioPharmGuy
XEDITON PHARMACEUTICALS,Small Molecules,On - Oakville,,,,,,https://xediton.com/,BioPharmGuy
MEDBIOME,Small Molecules,On - Ottawa,,,,,,https://www.medbiome.ca/,BioPharmGuy
BIRCHBIOMED,Small Molecules,On - Toronto,,,,,,https://birchbiomed.com/,BioPharmGuy
BRIGHT ANGEL THERAPEUTICS,Small Molecules,On - Toronto,,,,,,https://www.brightangeltherapeutics.com/,BioPharmGuy
CRESCITA THERAPEUTICS,Small Molecules,On - Toronto,,,,,,https://www.crescitatherapeutics.com/,BioPharmGuy
DAMONA PHARMACEUTICALS,Small Molecules,On - Toronto,,,,,,https://www.damonapharma.com/,BioPharmGuy
FIBROCOR THERAPEUTICS,Small Molecules,On - Toronto,,,,,,https://fibrocor.com/,BioPharmGuy
FRESENIUS KABI,Small Molecules,On - Toronto,,,,,,https://www.fresenius-kabi.com/,BioPharmGuy
GOODCAP PHARMACEUTICALS,Small Molecules,On - Toronto,,,,,,https://goodcap.com/,BioPharmGuy
HDAX THERAPEUTICS,Small Molecules,On - Toronto,,,,,,https://hdaxtx.com/,BioPharmGuy
IMMVUE THERAPEUTICS,Small Molecules,On - Toronto,,,,,,https://immvue.com/,BioPharmGuy
INTELIGEX,Small Molecules,On - Toronto,,,,,,https://inteligexinc.com/,BioPharmGuy
MANNIN RESEARCH,Small Molecules,On - Toronto,,,,,,https://mannin.ca/,BioPharmGuy
NEUROPEUTICS,Small Molecules,On - Toronto,,,,,,https://www.neuropeutics.ca/,BioPharmGuy
NOA THERAPEUTICS,Small Molecules,On - Toronto,,,,,,https://noatherapeutics.com/,BioPharmGuy
NONO,Small Molecules,On - Toronto,,,,,,https://www.nonoinc.ca/,BioPharmGuy
PATTERN PHARMA,Small Molecules,On - Toronto,,,,,,https://www.patternpharma.com/,BioPharmGuy
PURMINDS NEUROPHARMA,Small Molecules,On - Toronto,,,,,,https://purminds.com/,BioPharmGuy
RIZE ONCOLOGY,Small Molecules,On - Toronto,,,,,,https://rizeoncology.com/,BioPharmGuy
TEVA,Small Molecules,On - Toronto,,,,,,https://www.tevapharm.com/,BioPharmGuy
TREADWELL THERAPEUTICS,Small Molecules,On - Toronto,,,,,,https://treadwelltx.com/,BioPharmGuy
TREVENTIS,Small Molecules,On - Toronto,,,,,,https://treventis.com/,BioPharmGuy
VASOMUNE THERAPEUTICS,Small Molecules,On - Toronto,,,,,,https://vasomune.com/,BioPharmGuy
VIRANO THERAPEUTICS,Small Molecules,On - Toronto,,,,,,https://www.viranotx.com/,BioPharmGuy
SIGA,Small Molecules,Or - Corvallis,,,,,,https://www.siga.com/,BioPharmGuy
CASCADE PRODRUG,Small Molecules,Or - Eugene,,,,,,https://www.cascadeprodrug.com/,BioPharmGuy
ENDECE,Small Molecules,Or - Portland,,,,,,https://endece.com/,BioPharmGuy
NOBILIS THERAPEUTICS,Small Molecules,Or - Portland,,,,,,https://www.nobilistx.com/,BioPharmGuy
SCHRODINGER,Small Molecules,Or - Portland,,,,,,https://www.schrodinger.com/,BioPharmGuy
SENJU PHARMACEUTICAL,Small Molecules,Or - Portland,,,,,,https://www.senju.co.jp/english/,BioPharmGuy
SPARROW PHARMACEUTICALS,Small Molecules,Or - Portland,,,,,,https://sparrowpharma.com/,BioPharmGuy
AMYRIAD THERAPEUTICS,Small Molecules,Or - Sherwood,,,,,,https://amyriadtherapeutics.com/,BioPharmGuy
NEUROPRO THERAPEUTICS,Small Molecules,Or - Yachats,,,,,,https://neuropro.io/,BioPharmGuy
LARIMAR THERAPEUTICS,Small Molecules,Pa - Bala Cynwyd,,,,,,https://larimartx.com/,BioPharmGuy
PERSEVERE THERAPEUTICS,Small Molecules,Pa - Berwyn,,,,,,http://www.perseveretherapeutics.com/panavance-is-now-persevere/,BioPharmGuy
AZEVAN PHARMACEUTICALS,Small Molecules,Pa - Bethlehem,,,,,,https://www.azevan.com/,BioPharmGuy
MITOCHON PHARMACEUTICALS,Small Molecules,Pa - Blue Bell,,,,,,https://www.mitochonpharma.com/,BioPharmGuy
VIATRIS (2),Small Molecules,Pa - Canonsburg,,,,,,https://www.viatris.com/en,BioPharmGuy
TREVENA,Small Molecules,Pa - Chesterbrook,,,,,,https://www.trevena.com/,BioPharmGuy
JABEZ BIOSCIENCES,Small Molecules,Pa - Cranberry Township,,,,,,https://www.jabezbio.com/,BioPharmGuy
IMCARE BIOTECH,Small Molecules,Pa - Doyelstown,,,,,,https://www.imcarebiotech.com/,BioPharmGuy
ADVENT THERAPEUTICS,Small Molecules,Pa - Doylestown,,,,,,https://www.advent-therapeutics.com/,BioPharmGuy
APREA THERAPEUTICS,Small Molecules,Pa - Doylestown,,,,,,https://aprea.com/,BioPharmGuy
EVRYS BIO,Small Molecules,Pa - Doylestown,,,,,,https://www.evrysbio.com/,BioPharmGuy
CASTLE CREEK BIOSCIENCES,Small Molecules,Pa - Exton,,,,,,https://castlecreekbio.com/,BioPharmGuy
EISAI,Small Molecules,Pa - Exton,,,,,,https://www.eisai.com/index.html,BioPharmGuy
MELIOR PHARMACEUTICALS,Small Molecules,Pa - Exton,,,,,,http://meliorpharmaceuticals.com,BioPharmGuy
PRAEVENTIX,Small Molecules,Pa - Exton,,,,,,https://praeventix.com/,BioPharmGuy
APOGEE BIOTECHNOLOGY,Small Molecules,Pa - Hummelstown,,,,,,https://apogee-biotech.com/,BioPharmGuy
ACLIPSE THERAPEUTICS,Small Molecules,Pa - King Of Prussia,,,,,,https://aclipsetherapeutics.com/,BioPharmGuy
PARATEK PHARMACEUTICALS,Small Molecules,Pa - King Of Prussia,,,,,,https://www.paratekpharma.com/,BioPharmGuy
SEPTODONT,Small Molecules,Pa - Lancaster,,,,,,https://www.septodont.com/,BioPharmGuy
ANNOVIS BIO,Small Molecules,Pa - Malvern,,,,,,https://www.annovisbio.com/,BioPharmGuy
AZOME THERAPEUTICS,Small Molecules,Pa - Malvern,,,,,,https://www.azometherapeutics.com/,BioPharmGuy
KEENOVA,Small Molecules,Pa - Malvern,,,,,,https://www.keenova.com/,BioPharmGuy
MAXONA PHARMACEUTICALS,Small Molecules,Pa - Malvern,,,,,,https://www.maxonapharm.com/,BioPharmGuy
PROGENRA,Small Molecules,Pa - Malvern,,,,,,https://progenra.com/,BioPharmGuy
SHIFA BIOMEDICAL,Small Molecules,Pa - Malvern,,,,,,http://shifabiomedical.com/index.html,BioPharmGuy
VENATORX PHARMACEUTICALS,Small Molecules,Pa - Malvern,,,,,,https://venatorx.com/,BioPharmGuy
HSIRI THERAPEUTICS,Small Molecules,Pa - Media,,,,,,https://hsiritherapeutics.com/,BioPharmGuy
TRAWS PHARMA,Small Molecules,Pa - Newtown,,,,,,https://www.trawspharma.com/,BioPharmGuy
AMICUS THERAPEUTICS,Small Molecules,Pa - Philadelphia,,,,,,https://amicusrx.com/,BioPharmGuy
CONTEXT THERAPEUTICS,Small Molecules,Pa - Philadelphia,,,,,,https://www.contexttherapeutics.com/,BioPharmGuy
EPIVARIO,Small Molecules,Pa - Philadelphia,,,,,,https://epivario.com/,BioPharmGuy
FORE BIOTHERAPEUTICS,Small Molecules,Pa - Philadelphia,,,,,,https://fore.bio/,BioPharmGuy
GLYCADIA PHARMACEUTICALS,Small Molecules,Pa - Philadelphia,,,,,,https://www.glycadia.com/,BioPharmGuy
ILLEXCOR THERAPEUTICS,Small Molecules,Pa - Philadelphia,,,,,,https://www.illexcor.com/,BioPharmGuy
JAZZ PHARMACEUTICALS,Small Molecules,Pa - Philadelphia,,,,,,https://www.jazzpharma.com/,BioPharmGuy
NEPHRODI THERAPEUTICS,Small Molecules,Pa - Philadelphia,,,,,,https://nephrodi.com/,BioPharmGuy
NEUROKAPPA THERAPEUTICS,Small Molecules,Pa - Philadelphia,,,,,,https://neurokor.com/,BioPharmGuy
NODTHERA,Small Molecules,Pa - Philadelphia,,,,,,https://www.nodthera.com/,BioPharmGuy
PLEOPHARMA,Small Molecules,Pa - Phoenixville,,,,,,https://www.pleopharma.com/,BioPharmGuy
COGNITION THERAPEUTICS,Small Molecules,Pa - Pittsburgh,,,,,,https://cogrx.com/,BioPharmGuy
CYTOAGENTS,Small Molecules,Pa - Pittsburgh,,,,,,https://cytoagents.com/,BioPharmGuy
GENERIAN PHARMACEUTICALS,Small Molecules,Pa - Pittsburgh,,,,,,https://www.generian.com/,BioPharmGuy
LIPELLA PHARMACEUTICALS,Small Molecules,Pa - Pittsburgh,,,,,,https://lipella.com/,BioPharmGuy
METASTX,Small Molecules,Pa - Pittsburgh,,,,,,https://metastx.com/,BioPharmGuy
OCUGENIX,Small Molecules,Pa - Pittsburgh,,,,,,https://ocugenix.com/,BioPharmGuy
SHARP THERAPEUTICS,Small Molecules,Pa - Pittsburgh,,,,,,https://sharptx.com/,BioPharmGuy
BRAEBURN PHARMACEUTICALS,Small Molecules,Pa - Plymouth Meeting,,,,,,https://braeburnrx.com/,BioPharmGuy
HARMONY BIOSCIENCES,Small Molecules,Pa - Plymouth Meeting,,,,,,https://www.harmonybiosciences.com/,BioPharmGuy
NEXEOS BIO,Small Molecules,Pa - Pottstown,,,,,,https://www.nexeosbio.com/,BioPharmGuy
ASIERIS PHARMACEUTICALS,Small Molecules,Pa - Radnor,,,,,,https://asieris.com/,BioPharmGuy
MINERALYS THERAPEUTICS,Small Molecules,Pa - Radnor,,,,,,https://mineralystx.com/,BioPharmGuy
GALACTICA PHARMACEUTICALS,Small Molecules,Pa - Villanova,,,,,,https://galacticapharma.com/,BioPharmGuy
ACLARIS THERAPEUTICS,Small Molecules,Pa - Wayne,,,,,,https://www.aclaristx.com/,BioPharmGuy
AVALO THERAPEUTICS,Small Molecules,Pa - Wayne,,,,,,https://www.avalotx.com/,BioPharmGuy
BOTANIX PHARMACEUTICALS,Small Molecules,Pa - Wayne,,,,,,https://botanixpharma.com/,BioPharmGuy
PALVELLA THERAPEUTICS,Small Molecules,Pa - Wayne,,,,,,https://palvellatx.com/,BioPharmGuy
TEVA,Small Molecules,Pa - West Chester,,,,,,https://www.tevapharm.com/,BioPharmGuy
MADRIGAL PHARMACEUTICALS,Small Molecules,Pa - West Conshohocken,,,,,,https://www.madrigalpharma.com/,BioPharmGuy
RIBONOVA,Small Molecules,Pa - Wynnewood,,,,,,https://www.ribonova.com/,BioPharmGuy
JUBILANT THERAPEUTICS,Small Molecules,Pa - Yardley,,,,,,https://www.jubilanttx.com/,BioPharmGuy
SAFFRON PHARMA,Small Molecules,Pakistan - Faisalabad,,,,,,https://www.saffronpharma.com/,BioPharmGuy
NOVAMED PHARMACEUTICALS,Small Molecules,Pakistan - Lahore,,,,,,https://novamedpharma.com/,BioPharmGuy
CELON PHARMA,Small Molecules,Poland - Kielpin,,,,,,https://celonpharma.com/en/,BioPharmGuy
RYVU THERAPEUTICS,Small Molecules,Poland - Krakow,,,,,,https://ryvu.com/,BioPharmGuy
SYNTHAVERSE,Small Molecules,Poland - Lublin,,,,,,https://synthaverse.com/en/,BioPharmGuy
MOLECURE,Small Molecules,Poland - Warsaw,,,,,,https://molecure.com/,BioPharmGuy
CAPTOR THERAPEUTICS,Small Molecules,Poland - Wrocław,,,,,,https://captortherapeutics.com/,BioPharmGuy
BIAL,Small Molecules,Portugal - Coronado,,,,,,https://www.bial.com/en,BioPharmGuy
FOSUN PHARMA,Small Molecules,Portugal - Lisbon,,,,,,https://www.fosunpharma.com/en/,BioPharmGuy
NORGINE,Small Molecules,Portugal - Lisbon,,,,,,https://norgine.com/,BioPharmGuy
SEA4US,Small Molecules,Portugal - Sagres,,,,,,https://sea4us.pt/en/,BioPharmGuy
TARGTEX,Small Molecules,Portugal - Torres Vedras,,,,,,https://targtex.com/,BioPharmGuy
MILLICENT PHARMA,Small Molecules,Pr - Fajardo,,,,,,https://millicentpharma.com/,BioPharmGuy
BAXTER,Small Molecules,Pr - Jayuya,,,,,,https://www.baxter.com/,BioPharmGuy
MBQ PHARMA,Small Molecules,Pr - San Juan,,,,,,https://mbqpharma.com/,BioPharmGuy
DUCHESNAY,Small Molecules,Qc - Blainville,,,,,,https://duchesnay.com/en/,BioPharmGuy
VALEO PHARMACEUTICALS,Small Molecules,Qc - Kirkland,,,,,,https://valeopharma.com/,BioPharmGuy
BAUSCH HEALTH,Small Molecules,Qc - Laval,,,,,,https://www.bauschhealth.com/,BioPharmGuy
LIMINAL BIOSCIENCES,Small Molecules,Qc - Laval,,,,,,https://liminalbiosciences.com/,BioPharmGuy
DEVONIAN HEALTH GROUP,Small Molecules,Qc - Montmagny,,,,,,https://groupedevonian.com/,BioPharmGuy
CONGRUENCE THERAPEUTICS,Small Molecules,Qc - Montréal,,,,,,https://congruencetx.com/,BioPharmGuy
CYCLENIUM PHARMA,Small Molecules,Qc - Montréal,,,,,,https://cyclenium.com/home/,BioPharmGuy
DALCOR PHARMACEUTICALS,Small Molecules,Qc - Montréal,,,,,,https://dalcorpharma.com/,BioPharmGuy
GIIANT PHARMA,Small Molecules,Qc - Montreal,,,,,,https://giiant.com/,BioPharmGuy
INNOSPHERA PHARMA,Small Molecules,Qc - Montreal,,,,,,https://www.innospera.com/,BioPharmGuy
LAURENT PHARMACEUTICALS,Small Molecules,Qc - Montréal,,,,,,https://laurentpharma.com/,BioPharmGuy
MILESTONE PHARMACEUTICALS,Small Molecules,Qc - Montréal,,,,,,https://milestonepharma.com/,BioPharmGuy
MONTDOREX,Small Molecules,Qc - Montreal,,,,,,https://montdorex.com/,BioPharmGuy
RAYA THERAPEUTIC,Small Molecules,Qc - Montreal,,,,,,https://www.rayatherapeutic.com/,BioPharmGuy
SEARCHLIGHT PHARMA,Small Molecules,Qc - Montréal,,,,,,https://searchlightpharma.com/,BioPharmGuy
TARGA BIOMEDICAL,Small Molecules,Qc - Montréal,,,,,,https://targabiomedical.com/,BioPharmGuy
THRYV THERAPEUTICS,Small Molecules,Qc - Montreal,,,,,,https://thryvtrx.com/,BioPharmGuy
BIOTWIN,Small Molecules,Qc - Québec,,,,,,https://biotwin.ai/,BioPharmGuy
NEOLYS PHARMA,Small Molecules,Qc - Quebec City,,,,,,https://neolyspharma.ca/en/,BioPharmGuy
NUALTIS,Small Molecules,Qc - Saint-Laurent,,,,,,https://www.nualtis.com/,BioPharmGuy
PALADIN LABS,Small Molecules,Qc - Saint-Laurent,,,,,,https://paladin-pharma.com/,BioPharmGuy
SUNSHINE BIOPHARMA,Small Molecules,Qc - Varennes,,,,,,https://sunshinebiopharma.com/,BioPharmGuy
KNIGHT THERAPEUTICS,Small Molecules,Qc - Westmount,,,,,,https://knighttx.com/,BioPharmGuy
PHARMARON,Small Molecules,Ri - Coventry,,,,,,https://www.pharmaron.com/,BioPharmGuy
MINDIMMUNE THERAPEUTICS,Small Molecules,Ri - Kingston,,,,,,https://www.mindimmune.com/,BioPharmGuy
PHARMASYNTEZ,Small Molecules,Russia - Irkutsk,,,,,,https://pharmasyntez.com/en/,BioPharmGuy
FOSUN PHARMA,Small Molecules,Russia - Moscow,,,,,,https://www.fosunpharma.com/en/,BioPharmGuy
JSC VALENTA PHARMACEUTICALS,Small Molecules,Russia - Moscow,,,,,,https://www.valentapharm.com/eng/,BioPharmGuy
NOVAMEDICA,Small Molecules,Russia - Moscow,,,,,,https://novamedica.com/,BioPharmGuy
PHARM-SINTEZ,Small Molecules,Russia - Moscow,,,,,,https://pharm-sintez.ru/en/,BioPharmGuy
PHARMADIALL,Small Molecules,Russia - Moscow,,,,,,https://www.pharmadiall.com/en/,BioPharmGuy
TABUK PHARMACEUTICALS,Small Molecules,Saudi Arabia - Riyadh,,,,,,https://www.tabukpharmaceuticals.com/,BioPharmGuy
MITOCHEM THERAPEUTICS,Small Molecules,Sc - Charleston,,,,,,https://www.mitocheminc.com/,BioPharmGuy
SENEX BIOTECHNOLOGY,Small Molecules,Sc - Columbia,,,,,,https://senexbio.com/,BioPharmGuy
PARADIGM THERAPEUTICS,Small Molecules,Sc - Mount Pleasant,,,,,,https://www.paradigmtherapeutics.com/,BioPharmGuy
NEPHRON PHARMACEUTICALS,Small Molecules,Sc - West Columbia,,,,,,https://nephronpharm.com/,BioPharmGuy
ABBVIE,Small Molecules,Singapore - Singapore,,,,,,https://www.abbvie.com/,BioPharmGuy
AUM BIOSCIENCES,Small Molecules,Singapore - Singapore,,,,,,https://aumbiosciences.com/,BioPharmGuy
AUTOMERA,Small Molecules,Singapore - Singapore,,,,,,https://automeratx.com/,BioPharmGuy
BAXTER,Small Molecules,Singapore - Singapore,,,,,,https://www.baxter.com/,BioPharmGuy
BIOSENSORS INTERNATIONAL,Small Molecules,Singapore - Singapore,,,,,,https://www.biosensors.com/usa/,BioPharmGuy
BLUMAIDEN BIOSCIENCE,Small Molecules,Singapore - Singapore,,,,,,https://blumaiden.com/,BioPharmGuy
BRANO THERAPEUTICS,Small Molecules,Singapore - Singapore,,,,,,https://www.branotherapeutics.com/,BioPharmGuy
CERECIN,Small Molecules,Singapore - Singapore,,,,,,https://cerecin.com/,BioPharmGuy
CLINUVEL PHARMACEUTICALS,Small Molecules,Singapore - Singapore,,,,,,https://www.clinuvel.com/,BioPharmGuy
EISAI,Small Molecules,Singapore - Singapore,,,,,,https://www.eisai.com/index.html,BioPharmGuy
FOSUN PHARMA,Small Molecules,Singapore - Singapore,,,,,,https://www.fosunpharma.com/en/,BioPharmGuy
MERCK KGAA,Small Molecules,Singapore - Singapore,,,,,,https://www.emdgroup.com/en,BioPharmGuy
MOLEAC,Small Molecules,Singapore - Singapore,,,,,,https://moleac.com/,BioPharmGuy
NANYANG BIOLOGICS,Small Molecules,Singapore - Singapore,,,,,,https://www.nyb.group/,BioPharmGuy
ROCHE,Small Molecules,Singapore - Singapore,,,,,,https://www.roche.com/,BioPharmGuy
TAURX THERAPEUTICS,Small Molecules,Singapore - Singapore,,,,,,https://taurx.com/,BioPharmGuy
MED-LIFE DISCOVERIES,Small Molecules,Sk - Saskatoon,,,,,,https://med-life.ca/,BioPharmGuy
UNIMED PHARMA,Small Molecules,Slovakia - Bratislava,,,,,,https://www.unimedpharma.eu/,BioPharmGuy
AGEPHA PHARMA,Small Molecules,Slovakia - Senec,,,,,,https://agephapharma.com/,BioPharmGuy
COBIK,Small Molecules,Slovenia - Ajdovščina,,,,,,https://www.cobik.si/,BioPharmGuy
ASPEN PHARMACARE,Small Molecules,South Africa - Durban,,,,,,https://www.aspenpharma.com/,BioPharmGuy
ASPEN PHARMACARE,Small Molecules,South Africa - East London,,,,,,https://www.aspenpharma.com/,BioPharmGuy
ASPEN PHARMACARE,Small Molecules,South Africa - Gqerberha,,,,,,https://www.aspenpharma.com/,BioPharmGuy
ASPEN PHARMACARE,Small Molecules,South Africa - Johannesburg,,,,,,https://www.aspenpharma.com/,BioPharmGuy
ACCURE THERAPEUTICS,Small Molecules,Spain - Barcelona,,,,,,https://accure.health/,BioPharmGuy
AFFIRMA BIOTECH,Small Molecules,Spain - Barcelona,,,,,,https://www.affirmabio.com/,BioPharmGuy
AHEAD THERAPEUTICS,Small Molecules,Spain - Barcelona,,,,,,https://aheadtherapeutics.com/,BioPharmGuy
ALMIRALL,Small Molecules,Spain - Barcelona,,,,,,https://www.almirall.com/,BioPharmGuy
AROMICS,Small Molecules,Spain - Barcelona,,,,,,https://www.aromics.es/en/,BioPharmGuy
BAYER,Small Molecules,Spain - Barcelona,,,,,,https://www.bayer.com/en/,BioPharmGuy
BRILL PHARMA,Small Molecules,Spain - Barcelona,,,,,,https://www.brillpharma.com/en/quienes-somos-brillpharma/,BioPharmGuy
CONNECTA THERAPEUTICS,Small Molecules,Spain - Barcelona,,,,,,https://connectatherapeutics.com/,BioPharmGuy
FERRER,Small Molecules,Spain - Barcelona,,,,,,https://www.ferrer.com/en,BioPharmGuy
FREEOX BIOTECH,Small Molecules,Spain - Barcelona,,,,,,https://freeoxbiotech.com/about/,BioPharmGuy
IDP PHARMA,Small Molecules,Spain - Barcelona,,,,,,https://www.idp-pharma.com/,BioPharmGuy
LABORATORIOS RUBIO,Small Molecules,Spain - Barcelona,,,,,,https://www.laboratoriosrubio.com/en/,BioPharmGuy
LACER,Small Molecules,Spain - Barcelona,,,,,,https://www.lacer.com/welcome,BioPharmGuy
MINORYX THERAPEUTICS,Small Molecules,Spain - Barcelona,,,,,,https://www.minoryx.com/,BioPharmGuy
NOUCOR HEALTH,Small Molecules,Spain - Barcelona,,,,,,https://www.noucor.com/,BioPharmGuy
NUAGE THERAPEUTICS,Small Molecules,Spain - Barcelona,,,,,,https://nuagetx.com/,BioPharmGuy
ONCOHEROES BIOSCIENCES,Small Molecules,Spain - Barcelona,,,,,,https://www.oncoheroes.com/,BioPharmGuy
ORYZON GENOMICS,Small Molecules,Spain - Barcelona,,,,,,https://www.oryzon.com/en,BioPharmGuy
OXOLIFE,Small Molecules,Spain - Barcelona,,,,,,https://oxolife.com/,BioPharmGuy
PALO BIOFARMA,Small Molecules,Spain - Barcelona,,,,,,https://www.palobiofarma.com/,BioPharmGuy
SALVAT,Small Molecules,Spain - Barcelona,,,,,,https://svt.com/en/,BioPharmGuy
SOM BIOTECH,Small Molecules,Spain - Barcelona,,,,,,https://sombiotech.com/,BioPharmGuy
ABILITY PHARMA,Small Molecules,Spain - Cerdanyola,,,,,,https://www.abilitypharma.com/,BioPharmGuy
ATLAS MOLECULAR PHARMA,Small Molecules,Spain - Derio,,,,,,https://atlasmolecularpharma.com/,BioPharmGuy
NEURON BIOPHARMA,Small Molecules,Spain - Granada,,,,,,https://www.neuronbio.com/,BioPharmGuy
PHARMAMEL,Small Molecules,Spain - Granada,,,,,,https://pharmameldrugdiscovery.com/en/,BioPharmGuy
FAES FARMA,Small Molecules,Spain - Leioa,,,,,,https://faesfarma.com/en/,BioPharmGuy
ALLINKY BIOPHARMA,Small Molecules,Spain - Madrid,,,,,,https://allinky.com/,BioPharmGuy
FAES FARMA,Small Molecules,Spain - Madrid,,,,,,https://faesfarma.com/en/,BioPharmGuy
LABORATORIOS FARMACEUTICOS ROVI,Small Molecules,Spain - Madrid,,,,,,https://www.rovi.es/en/,BioPharmGuy
NEUROFIX,Small Molecules,Spain - Madrid,,,,,,https://neurofixpharma.com/,BioPharmGuy
NORGINE,Small Molecules,Spain - Madrid,,,,,,https://norgine.com/,BioPharmGuy
PHARMAMAR,Small Molecules,Spain - Madrid,,,,,,https://pharmamar.com/,BioPharmGuy
SALVAT,Small Molecules,Spain - Madrid,,,,,,https://svt.com/en/,BioPharmGuy
ARJUNA THERAPEUTICS,Small Molecules,Spain - Milladoiro,,,,,,https://arjunatherapeutics.com/,BioPharmGuy
PALO BIOFARMA,Small Molecules,Spain - Navarra,,,,,,https://www.palobiofarma.com/,BioPharmGuy
MEDIBIOFARMA,Small Molecules,Spain - Navarrra,,,,,,https://medibiofarma.com/,BioPharmGuy
LAMINAR PHARMACEUTICALS,Small Molecules,Spain - Palma De Mallorca,,,,,,https://laminarpharma.com/,BioPharmGuy
ONCOSTELLAE,Small Molecules,Spain - Santiago De Compostela,,,,,,https://oncostellae.com/,BioPharmGuy
KEYZELL,Small Molecules,Spain - Sevilla,,,,,,https://keyzell.com/en/,BioPharmGuy
NEUROFIX,Small Molecules,Spain - Villamayor,,,,,,https://neurofixpharma.com/,BioPharmGuy
INICURE,Small Molecules,Sweden - Gothenburg,,,,,,https://www.inicure.com/,BioPharmGuy
IRLAB THERAPEUTICS,Small Molecules,Sweden - Gothenburg,,,,,,https://irlab.se/,BioPharmGuy
ISOFOL MEDICAL,Small Molecules,Sweden - Gothenburg,,,,,,https://isofolmedical.com/,BioPharmGuy
SOBRERA PHARMA,Small Molecules,Sweden - Gothenburg,,,,,,https://sobrera.com/,BioPharmGuy
STAYBLE THERAPEUTICS,Small Molecules,Sweden - Gothenburg,,,,,,https://staybletherapeutics.com/,BioPharmGuy
AQILION,Small Molecules,Sweden - Helsingborg,,,,,,https://www.aqilion.com/en/,BioPharmGuy
ALZECURE PHARMA,Small Molecules,Sweden - Huddinge,,,,,,https://www.alzecurepharma.se/en/,BioPharmGuy
MEDIVIR,Small Molecules,Sweden - Huddinge,,,,,,https://www.medivir.com/,BioPharmGuy
SPRINT BIOSCIENCE,Small Molecules,Sweden - Huddinge,,,,,,https://sprintbioscience.com/en/,BioPharmGuy
ABLIVA,Small Molecules,Sweden - Lund,,,,,,https://abliva.com/,BioPharmGuy
ACRIVON THERAPEUTICS,Small Molecules,Sweden - Lund,,,,,,https://acrivon.com/,BioPharmGuy
ANAMAR MEDICAL,Small Molecules,Sweden - Lund,,,,,,https://anamar.com/,BioPharmGuy
CAMURUS,Small Molecules,Sweden - Lund,,,,,,https://www.camurus.com//,BioPharmGuy
HAMLET BIOPHARMA,Small Molecules,Sweden - Lund,,,,,,https://hamletbiopharma.com/,BioPharmGuy
PHARMALUNDENSIS,Small Molecules,Sweden - Lund,,,,,,https://pharmalundensis.se/en/,BioPharmGuy
PHARMNOVO,Small Molecules,Sweden - Lund,,,,,,https://www.pharmnovo.com/,BioPharmGuy
RESPIRATORIUS,Small Molecules,Sweden - Lund,,,,,,https://www.respiratorius.com/,BioPharmGuy
SINNTAXIS,Small Molecules,Sweden - Lund,,,,,,https://www.sinntaxis.com/,BioPharmGuy
SPAGO NANOMEDICAL,Small Molecules,Sweden - Lund,,,,,,https://spagonanomedical.se/,BioPharmGuy
SYNACT PHARMA,Small Molecules,Sweden - Lund,,,,,,https://www.synactpharma.com/en/,BioPharmGuy
PILA PHARMA,Small Molecules,Sweden - Malmö,,,,,,https://pilapharma.com/,BioPharmGuy
CERENO SCIENTIFIC,Small Molecules,Sweden - Mölndal,,,,,,https://www.cerenoscientific.com/en,BioPharmGuy
GABATHER,Small Molecules,Sweden - Södertälje,,,,,,https://www.gabather.com/,BioPharmGuy
ANACARDIO,Small Molecules,Sweden - Solna,,,,,,https://anacardio.com/,BioPharmGuy
ATROGI,Small Molecules,Sweden - Solna,,,,,,https://atrogi.com/,BioPharmGuy
ATTGENO,Small Molecules,Sweden - Solna,,,,,,https://attgeno.com/,BioPharmGuy
BIOSERGEN,Small Molecules,Sweden - Solna,,,,,,https://www.biosergen.net/,BioPharmGuy
NOVAKAND PHARMA,Small Molecules,Sweden - Solna,,,,,,https://novakand.com/en/,BioPharmGuy
THIOREDOXIN SYSTEMS,Small Molecules,Sweden - Solna,,,,,,https://www.txnsystems.com/,BioPharmGuy
UMECRINE COGNITION,Small Molecules,Sweden - Solna,,,,,,https://www.umecrinecognition.com/en/,BioPharmGuy
VIVESTO,Small Molecules,Sweden - Solna,,,,,,https://www.vivesto.com/en/,BioPharmGuy
AVIA PHARMA,Small Molecules,Sweden - Stockholm,,,,,,https://aviapharma.se/,BioPharmGuy
BUZZARD PHARMACEUTICAL,Small Molecules,Sweden - Stockholm,,,,,,https://buzzardpharma.com/,BioPharmGuy
CALLIDITAS THERAPEUTICS,Small Molecules,Sweden - Stockholm,,,,,,https://www.calliditas.se/en/,BioPharmGuy
CINCLUS PHARMA,Small Molecules,Sweden - Stockholm,,,,,,https://cincluspharma.com/,BioPharmGuy
CUROVIR,Small Molecules,Sweden - Stockholm,,,,,,https://www.curovir.com/,BioPharmGuy
EGETIS THERAPEUTICS,Small Molecules,Sweden - Stockholm,,,,,,https://www.egetis.com/,BioPharmGuy
GESYNTA PHARMA,Small Molecules,Sweden - Stockholm,,,,,,https://www.gesynta.se/,BioPharmGuy
ICOAT MEDICAL,Small Molecules,Sweden - Stockholm,,,,,,https://www.icoatmedical.com/en/,BioPharmGuy
MELIUS PHARMA,Small Molecules,Sweden - Stockholm,,,,,,https://www.meliuspharma.com/,BioPharmGuy
MOBERG PHARMA,Small Molecules,Sweden - Stockholm,,,,,,https://www.mobergpharma.com/en,BioPharmGuy
ONCOPEPTIDES,Small Molecules,Sweden - Stockholm,,,,,,https://oncopeptides.com/en/,BioPharmGuy
ONE-CARBON THERAPEUTICS,Small Molecules,Sweden - Stockholm,,,,,,https://one-carbon.com/,BioPharmGuy
SALIPRO BIOTECH,Small Molecules,Sweden - Stockholm,,,,,,https://www.salipro.com/,BioPharmGuy
SIXERA PHARMA,Small Molecules,Sweden - Stockholm,,,,,,https://sixerapharma.com/,BioPharmGuy
TIRMED PHARMA,Small Molecules,Sweden - Stockholm,,,,,,https://www.tirmedpharma.com/,BioPharmGuy
VICORE PHARMA,Small Molecules,Sweden - Stockholm,,,,,,https://vicorepharma.com/,BioPharmGuy
PRONOXIS,Small Molecules,Sweden - Trollhättan,,,,,,https://www.pronoxis.com/,BioPharmGuy
LIPIGON PHARMACEUTICALS,Small Molecules,Sweden - Umeå,,,,,,https://www.lipigon.se/,BioPharmGuy
QURETECH BIO,Small Molecules,Sweden - Umeå,,,,,,https://quretech.com/,BioPharmGuy
GLUCOX BIOTECH,Small Molecules,Sweden - Uppland,,,,,,https://www.glucoxbiotech.com/,BioPharmGuy
BEACTICA THERAPEUTICS,Small Molecules,Sweden - Uppsala,,,,,,https://www.beactica.com/,BioPharmGuy
DEXTECH MEDICAL,Small Molecules,Sweden - Uppsala,,,,,,https://dextechmedical.com/en/,BioPharmGuy
DICOT,Small Molecules,Sweden - Uppsala,,,,,,https://www.dicotpharma.com/en/,BioPharmGuy
DOUBLE BOND PHARMACEUTICAL,Small Molecules,Sweden - Uppsala,,,,,,https://www.doublebp.com/,BioPharmGuy
OREXO,Small Molecules,Sweden - Uppsala,,,,,,https://orexo.com/,BioPharmGuy
TIKOMED,Small Molecules,Sweden - Viken,,,,,,https://www.tikomed.com/,BioPharmGuy
ALPHAMOL SCIENCE,Small Molecules,Switzerland - Allschwil,,,,,,http://alphamol.com/,BioPharmGuy
BASILEA PHARMACEUTICA,Small Molecules,Switzerland - Allschwil,,,,,,https://www.basilea.com/,BioPharmGuy
CAPTOR THERAPEUTICS,Small Molecules,Switzerland - Allschwil,,,,,,https://captortherapeutics.com/,BioPharmGuy
IDORSIA,Small Molecules,Switzerland - Allschwil,,,,,,https://www.idorsia.com/,BioPharmGuy
SAVERNA THERAPEUTICS,Small Molecules,Switzerland - Allschwill,,,,,,https://www.saverna.com/,BioPharmGuy
CLINUVEL PHARMACEUTICALS,Small Molecules,Switzerland - Baar,,,,,,https://www.clinuvel.com/,BioPharmGuy
ABBMIRA THERAPEUTICS,Small Molecules,Switzerland - Basel,,,,,,https://www.abbmira.com/about,BioPharmGuy
AMPORIN PHARMACEUTICALS,Small Molecules,Switzerland - Basel,,,,,,https://www.amporin.com/,BioPharmGuy
AUKERA THERAPEUTICS,Small Molecules,Switzerland - Basel,,,,,,https://www.aukera-tx.com/,BioPharmGuy
BIOVERSYS,Small Molecules,Switzerland - Basel,,,,,,https://www.bioversys.com/,BioPharmGuy
ERACAL THERAPEUTICS,Small Molecules,Switzerland - Basel,,,,,,https://www.eracal.ch/,BioPharmGuy
FIMMCYTE,Small Molecules,Switzerland - Basel,,,,,,https://fimmcyte.com/,BioPharmGuy
FLOBIOTECH,Small Molecules,Switzerland - Basel,,,,,,https://flo-biotech.com/,BioPharmGuy
FORX THERAPEUTICS,Small Molecules,Switzerland - Basel,,,,,,https://www.forxtherapeutics.com/,BioPharmGuy
LUZSANA,Small Molecules,Switzerland - Basel,,,,,,https://www.luzsana.com/,BioPharmGuy
MELODIA THERAPEUTICS,Small Molecules,Switzerland - Basel,,,,,,https://www.melodiatx.com/,BioPharmGuy
MONTE ROSA THERAPEUTICS,Small Molecules,Switzerland - Basel,,,,,,https://www.monterosatx.com/,BioPharmGuy
MOSANNA THERAPEUTICS,Small Molecules,Switzerland - Basel,,,,,,https://mosanna.com/,BioPharmGuy
NOEMA PHARMA,Small Molecules,Switzerland - Basel,,,,,,https://noemapharma.com/,BioPharmGuy
NOVAREMED,Small Molecules,Switzerland - Basel,,,,,,https://www.novaremed.com/,BioPharmGuy
RHIZEN PHARMACEUTICALS,Small Molecules,Switzerland - Basel,,,,,,https://rhizen.com/,BioPharmGuy
ROCHE,Small Molecules,Switzerland - Basel,,,,,,https://www.roche.com/,BioPharmGuy
STRATPHARMA,Small Molecules,Switzerland - Basel,,,,,,https://stratpharma.com/,BioPharmGuy
STROMAL THERAPEUTICS,Small Molecules,Switzerland - Basel,,,,,,https://stromaltherapeutics.ch/,BioPharmGuy
SYNENDOS THERAPEUTICS,Small Molecules,Switzerland - Basel,,,,,,https://www.synendos.com/,BioPharmGuy
TARGIMMUNE THERAPEUTICS,Small Molecules,Switzerland - Basel,,,,,,https://targimmune.com/,BioPharmGuy
TOLREMO THERAPEUTICS,Small Molecules,Switzerland - Basel,,,,,,https://www.tolremo.com/,BioPharmGuy
TORQUR,Small Molecules,Switzerland - Basel,,,,,,https://torqur.com/,BioPharmGuy
VADERIS THERAPEUTICS,Small Molecules,Switzerland - Basel,,,,,,https://vaderis.com/,BioPharmGuy
EPIPHARM,Small Molecules,Switzerland - Binnigen,,,,,,https://epipharm.ch/,BioPharmGuy
EFFRX PHARMACEUTICALS,Small Molecules,Switzerland - Freienbach,,,,,,https://www.effrx.com,BioPharmGuy
ADORAM THERAPEUTICS,Small Molecules,Switzerland - Geneva,,,,,,https://adoram.ch/,BioPharmGuy
GLIAPHARM,Small Molecules,Switzerland - Geneva,,,,,,https://gliapharm.com/,BioPharmGuy
LABATEC PHARMA,Small Molecules,Switzerland - Geneva,,,,,,https://labatecpharma.com/,BioPharmGuy
NEUROSTERIX,Small Molecules,Switzerland - Geneva,,,,,,https://neurosterix.com/,BioPharmGuy
STALICLA,Small Molecules,Switzerland - Geneva,,,,,,https://stalicla.com/,BioPharmGuy
LAEVOROC ONCOLOGY,Small Molecules,Switzerland - Hunenberg,,,,,,https://laevoroc.com/,BioPharmGuy
ASCENEURON,Small Molecules,Switzerland - Lausanne,,,,,,https://asceneuron.com/,BioPharmGuy
BIODELPHIS THERAPEUTICS,Small Molecules,Switzerland - Lausanne,,,,,,https://biodelphis.com/,BioPharmGuy
IMMUNEAGE BIO,Small Molecules,Switzerland - Lausanne,,,,,,https://immuneage.bio/,BioPharmGuy
OCULIS,Small Molecules,Switzerland - Lausanne,,,,,,https://oculis.com/,BioPharmGuy
REPRONOVO,Small Molecules,Switzerland - Lausanne,,,,,,https://repronovo.com/,BioPharmGuy
VANDRIA,Small Molecules,Switzerland - Lausanne,,,,,,https://vandria.com/,BioPharmGuy
SLA PHARMA,Small Molecules,Switzerland - Liestal,,,,,,https://www.slapharma.com/,BioPharmGuy
GAIN THERAPEUTICS,Small Molecules,Switzerland - Lugano,,,,,,https://gaintherapeutics.com/,BioPharmGuy
HELSINN,Small Molecules,Switzerland - Lugano,,,,,,https://helsinn.com/,BioPharmGuy
IBSA INSTITUT BIOCHIMIQUE,Small Molecules,Switzerland - Lugano-Pazzallo,,,,,,https://www.ibsagroup.com/,BioPharmGuy
NORGINE,Small Molecules,Switzerland - Luzern,,,,,,https://norgine.com/,BioPharmGuy
IBSA INSTITUT BIOCHIMIQUE,Small Molecules,Switzerland - Manno,,,,,,https://www.ibsagroup.com/,BioPharmGuy
SINTETICA,Small Molecules,Switzerland - Mendriosi,,,,,,https://sintetica.com/,BioPharmGuy
PHILOCHEM,Small Molecules,Switzerland - Otelfingen,,,,,,https://www.philochem.ch/,BioPharmGuy
KONA PHARMA,Small Molecules,Switzerland - Pratteln,,,,,,https://www.konapharma.ch/en/,BioPharmGuy
SANTHERA PHARMACEUTICALS,Small Molecules,Switzerland - Pratteln,,,,,,https://www.santhera.com/,BioPharmGuy
TILLOTTS PHARMA,Small Molecules,Switzerland - Rheinfelden,,,,,,https://www.tillotts.com/,BioPharmGuy
POLAROID THERAPEUTICS,Small Molecules,Switzerland - Schlieren,,,,,,https://polaroidtherapeutics.com/,BioPharmGuy
ROCHE,Small Molecules,Switzerland - Schlieren,,,,,,https://www.roche.com/,BioPharmGuy
TOPADUR PHARMA,Small Molecules,Switzerland - Schlieren,,,,,,https://topadur.com/,BioPharmGuy
NEURIM PHARMACEUTICALS,Small Molecules,Switzerland - Steinhausen,,,,,,https://neurim.com/,BioPharmGuy
GLYCOERA,Small Molecules,Switzerland - Wädenswil,,,,,,https://www.glycoera.com/,BioPharmGuy
UMLAUT.BIO,Small Molecules,Switzerland - Wilen Bei Wollerau,,,,,,https://umlaut.bio/,BioPharmGuy
SHIELD THERAPEUTICS,Small Molecules,Switzerland - Wollerau,,,,,,https://shieldtherapeutics.com/,BioPharmGuy
QUERCIS PHARMA,Small Molecules,Switzerland - Zug,,,,,,https://www.quercis.com/,BioPharmGuy
FOSUN PHARMA,Small Molecules,Switzerland - Zurich,,,,,,https://www.fosunpharma.com/en/,BioPharmGuy
INTHERA BIOSCIENCE,Small Molecules,Switzerland - Zurich,,,,,,https://intherabio.com/,BioPharmGuy
METRIOPHARM,Small Molecules,Switzerland - Zurich,,,,,,https://www.metriopharm.com/en/,BioPharmGuy
NLS PHARMACEUTICS,Small Molecules,Switzerland - Zurich,,,,,,https://nlspharma.com/,BioPharmGuy
CHINA CHEMICAL AND PHARMACEUTICAL COMPANY,Small Molecules,Taiwan - Hsinchu,,,,,,http://www.ccpg.com.tw/english/01_about/01_detail.aspx?ID=10,BioPharmGuy
GENOVATE BIOTECHNOLOGY,Small Molecules,Taiwan - Hsinchu,,,,,,http://www.genovate-bio.com/?lang=en,BioPharmGuy
SYNCORE BIOTECHNOLOGY,Small Molecules,Taiwan - I-Lan,,,,,,https://www.syncorebio.com/en/,BioPharmGuy
ANHORN MEDICINES,Small Molecules,Taiwan - New Taipei,,,,,,https://www.anhornmed.com/,BioPharmGuy
CHINA CHEMICAL AND PHARMACEUTICAL COMPANY,Small Molecules,Taiwan - New Taipei,,,,,,http://www.ccpg.com.tw/english/01_about/01_detail.aspx?ID=10,BioPharmGuy
CALIWAY BIOPHARMACEUTICALS,Small Molecules,Taiwan - New Taipei City,,,,,,https://www.caliwaybiopharma.com/en/,BioPharmGuy
SENHWA BIOSCIENCES,Small Molecules,Taiwan - New Taipei City,,,,,,https://www.senhwabio.com/en,BioPharmGuy
XWPHARMA,Small Molecules,Taiwan - New Taipei City,,,,,,https://www.xwpharma.com/index.html,BioPharmGuy
CHINA CHEMICAL AND PHARMACEUTICAL COMPANY,Small Molecules,Taiwan - Taichung,,,,,,http://www.ccpg.com.tw/english/01_about/01_detail.aspx?ID=10,BioPharmGuy
CHINA CHEMICAL AND PHARMACEUTICAL COMPANY,Small Molecules,Taiwan - Tainan,,,,,,http://www.ccpg.com.tw/english/01_about/01_detail.aspx?ID=10,BioPharmGuy
MERRY LIFE BIOMEDICAL,Small Molecules,Taiwan - Tainan,,,,,,https://www.tmlbio.com/index.php?lang=en,BioPharmGuy
ALLGENESIS BIOTHERAPEUTICS,Small Molecules,Taiwan - Taipei,,,,,,https://www.allgenesis.com/,BioPharmGuy
DASHER NEUROSCIENCE,Small Molecules,Taiwan - Taipei,,,,,,https://dasherneuroscience.com/,BioPharmGuy
ENERGENESIS BIOMEDICAL,Small Molecules,Taiwan - Taipei,,,,,,https://www.energenesis-biomedical.com/en,BioPharmGuy
FORESEE PHARMACEUTICALS,Small Molecules,Taiwan - Taipei,,,,,,https://www.foreseepharma.com/,BioPharmGuy
FORMOSA PHARMACEUTICALS,Small Molecules,Taiwan - Taipei,,,,,,https://www.formosapharma.com/,BioPharmGuy
GOLDEN BIOTECHNOLOGY,Small Molecules,Taiwan - Taipei,,,,,,https://www.goldenbiotech.com/en,BioPharmGuy
HEALTH EVER BIO-TECH,Small Molecules,Taiwan - Taipei,,,,,,http://www.hebiotech.com/,BioPharmGuy
HOLY STONE HEALTHCARE,Small Molecules,Taiwan - Taipei,,,,,,https://www.hshc.com.tw/en,BioPharmGuy
LIN BIOSCIENCE,Small Molecules,Taiwan - Taipei,,,,,,https://www.linbioscience.com/,BioPharmGuy
LUMOSA THERAPEUTICS,Small Molecules,Taiwan - Taipei,,,,,,https://www.lumosa.com.tw/en,BioPharmGuy
PHARMASAGA,Small Molecules,Taiwan - Taipei,,,,,,https://www.pharmasaga.com/en-us/,BioPharmGuy
REGIMMUNE,Small Molecules,Taiwan - Taipei,,,,,,https://regimmune.com/,BioPharmGuy
SYNEURX,Small Molecules,Taiwan - Taipei,,,,,,https://www.syneurx.com/,BioPharmGuy
TAIGEN BIOTECHNOLOGY,Small Molecules,Taiwan - Taipei,,,,,,https://www.taigenbiotech.com/en,BioPharmGuy
TRITECH BIOPHARMACEUTICALS,Small Molecules,Taiwan - Taipei,,,,,,https://www.tritechbiopharm.com/page/about/index.aspx?kind=32&lang=US,BioPharmGuy
TSH BIOPHARM,Small Molecules,Taiwan - Taipei,,,,,,https://eng.tshbiopharm.com/,BioPharmGuy
XGENE PHARMACEUTICAL,Small Molecules,Taiwan - Taipei,,,,,,https://xgenepharm.com/,BioPharmGuy
ZAI LAB,Small Molecules,Taiwan - Taipei,,,,,,https://www.zailaboratory.com/,BioPharmGuy
ANNJI PHARMACEUTICAL,Small Molecules,Taiwan - Taipei City,,,,,,https://www.ajpharm.com/home,BioPharmGuy
CALGENT BIOTECHNOLOGY,Small Molecules,Taiwan - Taipei City,,,,,,https://www.calgent.com/,BioPharmGuy
NEUCEN BIOMEDICAL,Small Molecules,Taiwan - Taipei City,,,,,,https://neucen.com/en/index.php,BioPharmGuy
PANION & BF BIOTECH,Small Molecules,Taiwan - Taipei City,,,,,,https://en.pbf.com.tw/,BioPharmGuy
TAIWANJ PHARMACEUTICALS,Small Molecules,Taiwan - Zhubei,,,,,,https://www.taiwanj.com/pages/page_index_en,BioPharmGuy
JYONG BIOTECH,Small Molecules,Taiwan - Zz,,,,,,https://www.jyongbio.com/,BioPharmGuy
CURRAX PHARMACEUTICALS,Small Molecules,Tn - Brentwood,,,,,,https://www.curraxpharma.com/,BioPharmGuy
RARE DISEASE THERAPEUTICS,Small Molecules,Tn - Franklin,,,,,,https://www.raretx.com/,BioPharmGuy
PROVECTUS BIOPHARMACEUTICALS,Small Molecules,Tn - Knoxville,,,,,,https://www.provectusbio.com/,BioPharmGuy
HAPTEN SCIENCES,Small Molecules,Tn - Memphis,,,,,,https://www.haptensciences.com/,BioPharmGuy
APPELLO PHARMACEUTICALS,Small Molecules,Tn - Nashville,,,,,,https://appellopharma.com/,BioPharmGuy
BIOCIDIUM BIOPHARMACEUTICALS,Small Molecules,Tn - Nashville,,,,,,https://biocidium.com/,BioPharmGuy
CUMBERLAND PHARMACEUTICALS,Small Molecules,Tn - Nashville,,,,,,https://www.cumberlandpharma.com/,BioPharmGuy
ETHEROS PHARMACEUTICALS,Small Molecules,Tn - Nashville,,,,,,https://etherospharma.com/,BioPharmGuy
RLS THERAPEUTICS,Small Molecules,Tn - Nashville,,,,,,https://www.rlstherapeutics.com/,BioPharmGuy
GEN PHARMACEUTICALS,Small Molecules,Turkey - Ankara,,,,,,https://www.genilac.com.tr/,BioPharmGuy
ABDI IBRAHIM,Small Molecules,Turkey - Istanbul,,,,,,https://www.abdiibrahim.com.tr/en,BioPharmGuy
BILIM PHARMACEUTICALS,Small Molecules,Turkey - Istanbul,,,,,,https://www.bilimilac.com.tr/en/,BioPharmGuy
DEVA HOLDINGS,Small Molecules,Turkey - Istanbul,,,,,,https://deva.com.tr/,BioPharmGuy
AETHER THERAPEUTICS,Small Molecules,Tx - Austin,,,,,,https://aetherthx.com/,BioPharmGuy
AMINEX THERAPEUTICS,Small Molecules,Tx - Austin,,,,,,https://aminextx.com/,BioPharmGuy
ANEBULO PHARMACEUTICALS,Small Molecules,Tx - Austin,,,,,,https://www.anebulo.com/,BioPharmGuy
CURTANA PHARMACEUTICALS,Small Molecules,Tx - Austin,,,,,,https://www.curtanapharma.com/,BioPharmGuy
FILANA THERAPEUTICS,Small Molecules,Tx - Austin,,,,,,https://www.filanatx.com/,BioPharmGuy
INNOVOTEX,Small Molecules,Tx - Austin,,,,,,https://innovotexinc.com/,BioPharmGuy
INTRABIO,Small Molecules,Tx - Austin,,,,,,https://intrabio.com/,BioPharmGuy
LUMOS PHARMA,Small Molecules,Tx - Austin,,,,,,https://lumos-pharma.com/,BioPharmGuy
MAXWELL BIOSCIENCES,Small Molecules,Tx - Austin,,,,,,https://maxwellbiosciences.com/,BioPharmGuy
OTICARA,Small Molecules,Tx - Austin,,,,,,https://oticara.com/,BioPharmGuy
SANO CHEMICALS,Small Molecules,Tx - Bryan,,,,,,https://www.sanochemicals.com/,BioPharmGuy
AROG PHARMACEUTICALS,Small Molecules,Tx - Dallas,,,,,,https://arogpharma.com/,BioPharmGuy
DIALECTIC THERAPEUTICS,Small Molecules,Tx - Dallas,,,,,,https://www.dtsciences.com/,BioPharmGuy
ETIRARX,Small Molecules,Tx - Dallas,,,,,,https://etira.life/,BioPharmGuy
GALDERMA,Small Molecules,Tx - Dallas,,,,,,https://www.galderma.com/us/,BioPharmGuy
IMMUNESENSOR THERAPEUTICS,Small Molecules,Tx - Dallas,,,,,,https://www.immunesensor.com/,BioPharmGuy
LANTERN PHARMA,Small Molecules,Tx - Dallas,,,,,,https://www.lanternpharma.com/,BioPharmGuy
ONCONANO MEDICINE,Small Molecules,Tx - Dallas,,,,,,https://www.onconano.com/,BioPharmGuy
ACTUATE THERAPEUTICS,Small Molecules,Tx - Fort Worth,,,,,,https://actuatetherapeutics.com/,BioPharmGuy
AYUVIS RESEARCH,Small Molecules,Tx - Fort Worth,,,,,,https://www.ayuvis.com/,BioPharmGuy
NACUITY PHARMACEUTICALS,Small Molecules,Tx - Fort Worth,,,,,,https://www.nacuity.com/,BioPharmGuy
GREENFIRE BIO,Small Molecules,Tx - Frisco,,,,,,https://greenfirebio.com/,BioPharmGuy
YASO THERAPEUTICS,Small Molecules,Tx - Frisco,,,,,,https://www.yasotherapeutics.com/,BioPharmGuy
7 HILLS PHARMA,Small Molecules,Tx - Houston,,,,,,https://www.7hillspharma.com/,BioPharmGuy
ACCENDATECH,Small Molecules,Tx - Houston,,,,,,https://www.accendatechusa.com/,BioPharmGuy
BRIMSTALT THERAPEUTICS,Small Molecules,Tx - Houston,,,,,,https://www.brimstalt.com/,BioPharmGuy
CNS PHARMACEUTICALS,Small Molecules,Tx - Houston,,,,,,https://cnspharma.com/,BioPharmGuy
FABRE-KRAMER PHARMACEUTICALS,Small Molecules,Tx - Houston,,,,,,https://fabrekramer.com/,BioPharmGuy
FGH BIOTECH,Small Molecules,Tx - Houston,,,,,,https://fghbiotech.com/,BioPharmGuy
FOSUN PHARMA,Small Molecules,Tx - Houston,,,,,,https://www.fosunpharma.com/en/,BioPharmGuy
IMMUNOGENESIS,Small Molecules,Tx - Houston,,,,,,https://www.immunogenesis.com/,BioPharmGuy
IMMUNOMET THERAPEUTICS,Small Molecules,Tx - Houston,,,,,,https://immunomet.com/,BioPharmGuy
ITERION THERAPEUTICS,Small Molecules,Tx - Houston,,,,,,https://iteriontherapeutics.com/,BioPharmGuy
MOLECULIN BIOTECH,Small Molecules,Tx - Houston,,,,,,https://moleculin.com/,BioPharmGuy
PULMOTECT,Small Molecules,Tx - Houston,,,,,,https://pulmotect.com/,BioPharmGuy
RIDGELINE THERAPEUTICS,Small Molecules,Tx - Houston,,,,,,https://www.ridgelinetherapeutics.com/,BioPharmGuy
SPOROS BIODISCOVERY,Small Molecules,Tx - Houston,,,,,,https://sporosbiodiscovery.com/,BioPharmGuy
STINGRAY THERAPEUTICS,Small Molecules,Tx - Houston,,,,,,https://www.stingraytx.com/,BioPharmGuy
STRAMSEN BIOTECH,Small Molecules,Tx - Houston,,,,,,https://www.stramsenbiotech.com/,BioPharmGuy
NOVATEK PHARMACEUTICALS,Small Molecules,Tx - Pearland,,,,,,https://novatekpharmaceuticals.com/,BioPharmGuy
OKOGEN,Small Molecules,Tx - Plano,,,,,,https://okogen.com/,BioPharmGuy
ORANO MED,Small Molecules,Tx - Plano,,,,,,https://www.oranomed.com/en/orano-med-home,BioPharmGuy
STARLIGHT THERAPEUTICS,Small Molecules,Tx - Plano,,,,,,https://www.starlightthera.com/,BioPharmGuy
EMTORA BIOSCIENCES,Small Molecules,Tx - San Antonio,,,,,,https://emtorabio.com/,BioPharmGuy
MISSION PHARMACAL,Small Molecules,Tx - San Antonio,,,,,,https://missionpharmacal.com/,BioPharmGuy
PHOENIX BIOTECHNOLOGY,Small Molecules,Tx - San Antonio,,,,,,https://phoenixbiotechnology.com/,BioPharmGuy
RENIBUS THERAPEUTICS,Small Molecules,Tx - Southlake,,,,,,https://www.renibus.com/,BioPharmGuy
IO THERAPEUTICS,Small Molecules,Tx - Spring,,,,,,https://io-therapeutics.com/,BioPharmGuy
TVARDI THERAPEUTICS,Small Molecules,Tx - Sugar Land,,,,,,https://tvarditherapeutics.com/,BioPharmGuy
NEWBRIDGE PHARMACEUTICALS,Small Molecules,Uae - Dubai,,,,,,https://nbpharma.com/,BioPharmGuy
NOVABIOTICS,Small Molecules,Uk - Aberdeen,,,,,,https://novabiotics.co.uk/,BioPharmGuy
TAURX THERAPEUTICS,Small Molecules,Uk - Aberdeen,,,,,,https://taurx.com/,BioPharmGuy
PATHIOS THERAPEUTICS,Small Molecules,Uk - Abingdon,,,,,,https://pathiostherapeutics.com/,BioPharmGuy
THIRTYFIVEBIO,Small Molecules,Uk - Abingdon,,,,,,https://www.thirtyfivebio.com/,BioPharmGuy
CV6 THERAPEUTICS,Small Molecules,Uk - Belfast,,,,,,https://cv6t.com/,BioPharmGuy
DIA BETA LABS,Small Molecules,Uk - Belfast,,,,,,https://diabetalabs.com/,BioPharmGuy
NEUROSOLV THERAPEUTICS,Small Molecules,Uk - Belfast,,,,,,https://neurosolvtherapeutics.com/,BioPharmGuy
ACTIMED THERAPEUTICS,Small Molecules,Uk - Berkshire,,,,,,https://actimedtherapeutics.com/,BioPharmGuy
AMR BIO,Small Molecules,Uk - Brighton,,,,,,https://amr-bio.com/,BioPharmGuy
ENTERPRISE THERAPEUTICS,Small Molecules,Uk - Brighton,,,,,,https://enterprisetherapeutics.com/,BioPharmGuy
ARTIOS PHARMA,Small Molecules,Uk - Cambridge,,,,,,https://www.artios.com/,BioPharmGuy
ASTEX PHARMACEUTICALS,Small Molecules,Uk - Cambridge,,,,,,https://astx.com/,BioPharmGuy
CAMALLERGY,Small Molecules,Uk - Cambridge,,,,,,https://www.camallergy.com/,BioPharmGuy
DUNAD THERAPEUTICS,Small Molecules,Uk - Cambridge,,,,,,https://www.dunadtx.com/,BioPharmGuy
EMPYREAN NEUROSCIENCE,Small Molecules,Uk - Cambridge,,,,,,https://empyrean.bio/,BioPharmGuy
FIVE ALARM BIO,Small Molecules,Uk - Cambridge,,,,,,http://fivealarmbio.com/,BioPharmGuy
HEALX,Small Molecules,Uk - Cambridge,,,,,,https://healx.ai/,BioPharmGuy
LOQUS23 THERAPEUTICS,Small Molecules,Uk - Cambridge,,,,,,https://loqus23.com/,BioPharmGuy
MISSION THERAPEUTICS,Small Molecules,Uk - Cambridge,,,,,,http://missiontherapeutics.com/,BioPharmGuy
NAPP PHARMACEUTICAL,Small Molecules,Uk - Cambridge,,,,,,https://napp.co.uk/,BioPharmGuy
ORION,Small Molecules,Uk - Cambridge,,,,,,https://www.orionpharma.com/,BioPharmGuy
PHARMENABLE THERAPEUTICS,Small Molecules,Uk - Cambridge,,,,,,https://pharmenabletx.com/,BioPharmGuy
SAREUM,Small Molecules,Uk - Cambridge,,,,,,https://sareum.com/,BioPharmGuy
SENTINEL ONCOLOGY,Small Molecules,Uk - Cambridge,,,,,,https://www.sentineloncology.com/,BioPharmGuy
SHIFT BIOSCIENCE,Small Molecules,Uk - Cambridge,,,,,,https://shiftbioscience.com/,BioPharmGuy
SITALA BIO,Small Molecules,Uk - Cambridge,,,,,,https://www.sitala.com/,BioPharmGuy
STORM THERAPEUTICS,Small Molecules,Uk - Cambridge,,,,,,https://www.stormtherapeutics.com/,BioPharmGuy
TAILOR BIO,Small Molecules,Uk - Cambridge,,,,,,https://tailor.bio/,BioPharmGuy
TALISMAN THERAPEUTICS,Small Molecules,Uk - Cambridge,,,,,,https://www.talisman-therapeutics.com/,BioPharmGuy
TRIMTECH THERAPEUTICS,Small Molecules,Uk - Cambridge,,,,,,https://trimtechtherapeutics.com/,BioPharmGuy
BIODEXA PHARMACEUTICALS,Small Molecules,Uk - Cardiff,,,,,,https://biodexapharma.com/,BioPharmGuy
DRAIG THERAPEUTICS,Small Molecules,Uk - Cardiff,,,,,,https://draigtherapeutics.com/,BioPharmGuy
PLETHORA SOLUTIONS,Small Molecules,Uk - Chalgrove,,,,,,https://www.plethorasolutions.co.uk/,BioPharmGuy
CENTAURI THERAPEUTICS,Small Molecules,Uk - Cheshire,,,,,,https://www.centauritherapeutics.com/,BioPharmGuy
CLIMB BIO,Small Molecules,Uk - Cheshire,,,,,,https://climbbio.com/,BioPharmGuy
COMPASS PATHWAYS,Small Molecules,Uk - Cheshire,,,,,,https://compasspathways.com/,BioPharmGuy
F2G,Small Molecules,Uk - Cheshire,,,,,,https://f2g.com/,BioPharmGuy
NEOPHORE,Small Molecules,Uk - Cheshire,,,,,,https://www.neophore.com/,BioPharmGuy
OAK HILL BIO,Small Molecules,Uk - Cheshire,,,,,,https://www.oakhillbio.com/,BioPharmGuy
MONUMENT THERAPEUTICS,Small Molecules,Uk - Chester,,,,,,https://monumenttx.com/,BioPharmGuy
TAY THERAPEUTICS,Small Molecules,Uk - Dundee,,,,,,https://taytherapeutics.com/,BioPharmGuy
EXONATE,Small Molecules,Uk - Duxford,,,,,,https://www.exonate.com/,BioPharmGuy
LARIO THERAPEUTICS,Small Molecules,Uk - Edinburgh,,,,,,https://www.lariotx.com/,BioPharmGuy
NODUS ONCOLOGY,Small Molecules,Uk - Edinburgh,,,,,,https://nodusoncology.com/,BioPharmGuy
NUCANA,Small Molecules,Uk - Edinburgh,,,,,,https://www.nucana.com/,BioPharmGuy
PHENO THERAPEUTICS,Small Molecules,Uk - Edinburgh,,,,,,https://phenotherapeutics.com/,BioPharmGuy
SHIELD THERAPEUTICS,Small Molecules,Uk - Gateshead Quays,,,,,,https://shieldtherapeutics.com/,BioPharmGuy
AURUM BIOSCIENCES,Small Molecules,Uk - Glasgow,,,,,,https://www.aurumbiosciences.com/,BioPharmGuy
MIRONID,Small Molecules,Uk - Glasgow,,,,,,https://mironid.com/,BioPharmGuy
CURILEUM DISCOVERY,Small Molecules,Uk - Harrow,,,,,,https://www.curileum.com/,BioPharmGuy
SANOFI,Small Molecules,Uk - Haverhill,,,,,,https://www.sanofi.com/en,BioPharmGuy
NORGINE,Small Molecules,Uk - Hengoed,,,,,,https://norgine.com/,BioPharmGuy
EISAI,Small Molecules,Uk - Hertfordshire,,,,,,https://www.eisai.com/index.html,BioPharmGuy
SLA PHARMA,Small Molecules,Uk - Hertfordshire,,,,,,https://www.slapharma.com/,BioPharmGuy
PFIZER,Small Molecules,Uk - Hurley,,,,,,https://www.pfizer.com/,BioPharmGuy
CURADEV,Small Molecules,Uk - Kent,,,,,,https://www.curadev.in/,BioPharmGuy
SEPTODONT,Small Molecules,Uk - Kent,,,,,,https://www.septodont.com/,BioPharmGuy
MILLICENT PHARMA,Small Molecules,Uk - Larne,,,,,,https://millicentpharma.com/,BioPharmGuy
AMO PHARMA,Small Molecules,Uk - Leeds,,,,,,https://www.amo-pharma.com/,BioPharmGuy
NODTHERA,Small Molecules,Uk - Little Chesterford,,,,,,https://www.nodthera.com/,BioPharmGuy
AETHOX THERAPEUTICS,Small Molecules,Uk - London,,,,,,https://www.aethox-tx.com/,BioPharmGuy
AKARI THERAPEUTICS,Small Molecules,Uk - London,,,,,,https://akaritx.com/,BioPharmGuy
ANTEV,Small Molecules,Uk - London,,,,,,https://antev.co.uk/,BioPharmGuy
ASTRONAUTX,Small Molecules,Uk - London,,,,,,https://astronautx.bio/,BioPharmGuy
BIGESPAS,Small Molecules,Uk - London,,,,,,https://bigespas.com/,BioPharmGuy
CHARM THERAPEUTICS,Small Molecules,Uk - London,,,,,,https://charmtx.com/,BioPharmGuy
DUKE STREET BIO,Small Molecules,Uk - London,,,,,,https://dukestbio.com/,BioPharmGuy
ELEVARA MEDICINES,Small Molecules,Uk - London,,,,,,https://www.elevara.com/,BioPharmGuy
ENDLYZ THERAPEUTICS,Small Molecules,Uk - London,,,,,,https://www.endlyz.com/,BioPharmGuy
FOSUN PHARMA,Small Molecules,Uk - London,,,,,,https://www.fosunpharma.com/en/,BioPharmGuy
HAOMA MEDICA,Small Molecules,Uk - London,,,,,,https://www.haomamedica.com/,BioPharmGuy
HELPERBY THERAPEUTICS,Small Molecules,Uk - London,,,,,,https://www.helperby.com/,BioPharmGuy
HIKMA,Small Molecules,Uk - London,,,,,,https://www.hikma.com/,BioPharmGuy
HORNET THERAPEUTICS,Small Molecules,Uk - London,,,,,,https://www.hornet-tx.com/,BioPharmGuy
IMMUPHARMA,Small Molecules,Uk - London,,,,,,https://www.immupharma.co.uk/,BioPharmGuy
ISTESSO,Small Molecules,Uk - London,,,,,,https://istesso.co.uk/,BioPharmGuy
KADENCE BIO,Small Molecules,Uk - London,,,,,,https://www.kadencebio.com/,BioPharmGuy
KAERUS BIOSCIENCE,Small Molecules,Uk - London,,,,,,https://www.kaerusbio.com/,BioPharmGuy
MEREO BIOPHARMA,Small Molecules,Uk - London,,,,,,https://www.mereobiopharma.com/,BioPharmGuy
MITOTECH,Small Molecules,Uk - London,,,,,,https://www.mitotechpharma.com/,BioPharmGuy
OKYO PHARMA,Small Molecules,Uk - London,,,,,,https://okyopharma.com/,BioPharmGuy
PHARMANOVIA,Small Molecules,Uk - London,,,,,,https://pharmanovia.com/,BioPharmGuy
PULMOCIDE,Small Molecules,Uk - London,,,,,,https://pulmocide.com/,BioPharmGuy
RECEPTOR.AI,Small Molecules,Uk - London,,,,,,https://www.receptor.ai/,BioPharmGuy
SOTERIOS PHARMA,Small Molecules,Uk - London,,,,,,https://www.soteriospharma.com/,BioPharmGuy
TANGRAM THERAPEUTICS,Small Molecules,Uk - London,,,,,,https://tangramtx.com/,BioPharmGuy
TERNARY THERAPEUTICS,Small Molecules,Uk - London,,,,,,https://www.ternarytx.co.uk/,BioPharmGuy
THERAKIND,Small Molecules,Uk - London,,,,,,https://www.therakind.com/,BioPharmGuy
THERAMEX,Small Molecules,Uk - London,,,,,,https://www.theramex.com/,BioPharmGuy
VANTAGE BIOSCIENCES,Small Molecules,Uk - London,,,,,,https://www.vantage-biosciences.com/,BioPharmGuy
VERDIVA BIO,Small Molecules,Uk - London,,,,,,https://verdivabio.com/,BioPharmGuy
VERONA PHARMA,Small Molecules,Uk - London,,,,,,https://www.veronapharma.com/,BioPharmGuy
VIRAMAL,Small Molecules,Uk - London,,,,,,https://viramal.com/,BioPharmGuy
REDX PHARMA,Small Molecules,Uk - Macclesfield,,,,,,https://www.redxpharma.com/,BioPharmGuy
C4X DISCOVERY,Small Molecules,Uk - Manchester,,,,,,https://c4xdiscovery.com/,BioPharmGuy
INCANTHERA,Small Molecules,Uk - Manchester,,,,,,https://www.incanthera.com/,BioPharmGuy
PROVECA PHARMA,Small Molecules,Uk - Manchester,,,,,,https://www.proveca.com/,BioPharmGuy
AMICUS THERAPEUTICS,Small Molecules,Uk - Marlow,,,,,,https://amicusrx.com/,BioPharmGuy
THERACRYF,Small Molecules,Uk - Nether Alderley,,,,,,https://theracryf.com/,BioPharmGuy
SKINBIOTHERAPEUTICS,Small Molecules,Uk - Newcastle,,,,,,https://www.skinbiotherapeutics.com/,BioPharmGuy
EXONATE,Small Molecules,Uk - Nottingham,,,,,,https://www.exonate.com/,BioPharmGuy
VALIRX,Small Molecules,Uk - Nottingham,,,,,,https://valirx.com/,BioPharmGuy
DARK BLUE THERAPEUTICS,Small Molecules,Uk - Oxford,,,,,,https://www.darkbluetx.com/,BioPharmGuy
GREYWOLF THERAPEUTICS,Small Molecules,Uk - Oxford,,,,,,https://www.greywolftherapeutics.com/,BioPharmGuy
INGENEOX THERAPEUTICS,Small Molecules,Uk - Oxford,,,,,,https://ingenox.com/,BioPharmGuy
MITORX THERAPEUTICS,Small Molecules,Uk - Oxford,,,,,,https://www.mitorxtherapeutics.com/,BioPharmGuy
NEURO BIO,Small Molecules,Uk - Oxford,,,,,,https://neuro-bio.com/,BioPharmGuy
OXFORD DRUG DESIGN,Small Molecules,Uk - Oxford,,,,,,https://oxforddrugdesign.com/,BioPharmGuy
SAMSARA THERAPEUTICS,Small Molecules,Uk - Oxford,,,,,,https://samsaratherapeutics.com/,BioPharmGuy
SITRYX,Small Molecules,Uk - Oxford,,,,,,https://www.sitryx.com/,BioPharmGuy
SUMMIT THERAPEUTICS,Small Molecules,Uk - Oxford,,,,,,https://www.smmttx.com/overview/default.aspx,BioPharmGuy
BRITANNIA PHARMACEUTICALS,Small Molecules,Uk - Reading,,,,,,https://www.britannia-pharm.co.uk/,BioPharmGuy
ORION PHARMA,Small Molecules,Uk - Reading,,,,,,https://www.orionpharma.co.uk/,BioPharmGuy
SANOFI,Small Molecules,Uk - Reading,,,,,,https://www.sanofi.com/en,BioPharmGuy
LIMINAL BIOSCIENCES,Small Molecules,Uk - Sawston,,,,,,https://liminalbiosciences.com/,BioPharmGuy
KEAPSTONE THERAPEUTICS,Small Molecules,Uk - Sheffield,,,,,,https://www.keapstone.com/,BioPharmGuy
METALLOBIO,Small Molecules,Uk - Sheffield,,,,,,https://www.metallobio.com/,BioPharmGuy
CURVE THERAPEUTICS,Small Molecules,Uk - Southampton,,,,,,https://www.curvetx.com/,BioPharmGuy
AKL THERAPEUTICS,Small Molecules,Uk - Stevenage,,,,,,https://akltherapeutics.com/,BioPharmGuy
AUTIFONY THERAPEUTICS,Small Molecules,Uk - Stevenage,,,,,,https://autifony.com,BioPharmGuy
NRG THERAPEUTICS,Small Molecules,Uk - Stevenage,,,,,,https://www.nrgtherapeutics.com/,BioPharmGuy
SERNA BIO,Small Molecules,Uk - Stevenage,,,,,,https://www.serna.bio/,BioPharmGuy
CLINUVEL PHARMACEUTICALS,Small Molecules,Uk - Surrey,,,,,,https://www.clinuvel.com/,BioPharmGuy
PFIZER,Small Molecules,Uk - Surrey,,,,,,https://www.pfizer.com/,BioPharmGuy
HOX THERAPEUTICS,Small Molecules,Uk - Thame,,,,,,https://www.hoxtherapeutics.com/,BioPharmGuy
DAIICHI SANKYO,Small Molecules,Uk - Uxbridge,,,,,,https://daiichisankyo.us/,BioPharmGuy
NORGINE,Small Molecules,Uk - Uxbridge,,,,,,https://norgine.com/,BioPharmGuy
ROCHE,Small Molecules,Uk - Welwyn,,,,,,https://www.roche.com/,BioPharmGuy
VERITON PHARMA,Small Molecules,Uk - Weybridge,,,,,,https://www.veritonpharma.com/,BioPharmGuy
ALLIANCE PHARMACEUTICALS,Small Molecules,Uk - Wiltshire,,,,,,https://www.alliancepharmaceuticals.com/,BioPharmGuy
ANGIODESIGN,Small Molecules,Uk - Wiltshire,,,,,,https://angiodesign.com/,BioPharmGuy
CLYWEDOG THERAPEUTICS,Small Molecules,Uk - Zz,,,,,,https://www.clywedogther.com/,BioPharmGuy
KURIA THERAPEUTICS,Small Molecules,Us - Virtual,,,,,,https://www.kuriatx.com/,BioPharmGuy
HALIA THERAPEUTICS,Small Molecules,Ut - Lehi,,,,,,https://haliatx.com/,BioPharmGuy
KINNEAR PHARMACEUTICALS,Small Molecules,Ut - Park City,,,,,,https://www.kinnearpharma.com/,BioPharmGuy
EVOQ NANO,Small Molecules,Ut - Salt Lake City,,,,,,https://evoqnano.com/,BioPharmGuy
PHOENIX PHARMALABS,Small Molecules,Ut - Salt Lake City,,,,,,https://phoenixpharmalabs.com/,BioPharmGuy
Q THERAPEUTICS,Small Molecules,Ut - Salt Lake City,,,,,,https://www.qthera.com/,BioPharmGuy
RECURSION PHARMACEUTICALS,Small Molecules,Ut - Salt Lake City,,,,,,https://www.recursion.com/,BioPharmGuy
NIMMUNE BIOPHARMA,Small Molecules,Va - Blacksburg,,,,,,https://nimmunebio.com/,BioPharmGuy
SYNTHONICS,Small Molecules,Va - Blacksburg,,,,,,https://synthonicsinc.com/,BioPharmGuy
ADOVATE,Small Molecules,Va - Charlottesville,,,,,,https://adovate.com/,BioPharmGuy
KEVIRX,Small Molecules,Va - Charlottesville,,,,,,https://www.kevirx.com/,BioPharmGuy
RIVUS PHARMACEUTICALS,Small Molecules,Va - Charlottesville,,,,,,https://www.rivuspharma.com/,BioPharmGuy
RESPONSE PHARMACEUTICALS,Small Molecules,Va - Falls Church,,,,,,https://www.responsepharmaceuticals.com/,BioPharmGuy
RETENSION PHARMACEUTICALS,Small Molecules,Va - Falls Church,,,,,,https://www.retensionpharmaceuticals.com/,BioPharmGuy
ADIAL PHARMACEUTICALS,Small Molecules,Va - Glen Allen,,,,,,https://www.adial.com/,BioPharmGuy
ASCEND THERAPEUTICS,Small Molecules,Va - Herndon,,,,,,https://www.ascendtherapeutics.com/,BioPharmGuy
KEIFERX,Small Molecules,Va - Mclean,,,,,,https://www.keiferx.com/,BioPharmGuy
INDIVIOR,Small Molecules,Va - North Chesterfield,,,,,,https://www.indivior.com/en,BioPharmGuy
COEURATIVE,Small Molecules,Va - Roanoke,,,,,,https://coeurative.com/,BioPharmGuy
FAR BIOTECH,Small Molecules,Virtual - Virtual,,,,,,https://www.farbiotech.com/,BioPharmGuy
SYNHALE THERAPEUTICS,Small Molecules,Virtual - Virtual,,,,,,https://www.synhale.com/,BioPharmGuy
XYRA,Small Molecules,Virtual - Virtual,,,,,,https://xyra.us/,BioPharmGuy
SYNTRIX PHARMACEUTICALS,Small Molecules,Wa - Auburn,,,,,,https://syntrixbio.com/,BioPharmGuy
INIPHARM,Small Molecules,Wa - Bellevue,,,,,,https://inipharm.com/,BioPharmGuy
ACHIEVE LIFE SCIENCES,Small Molecules,Wa - Bothell,,,,,,https://achievelifesciences.com/,BioPharmGuy
COCRYSTAL PHARMA,Small Molecules,Wa - Bothell,,,,,,https://www.cocrystalpharma.com/,BioPharmGuy
LEONABIO,Small Molecules,Wa - Bothell,,,,,,https://leonabio.com/,BioPharmGuy
ONCOTHERAPY SOLUTIONS,Small Molecules,Wa - Bothell,,,,,,https://oncotherapysolutions.com/,BioPharmGuy
TRANSNEURAL THERAPEUTICS,Small Molecules,Wa - Issaquah,,,,,,https://transneural.com/,BioPharmGuy
ATOSSA THERAPEUTICS,Small Molecules,Wa - Seattle,,,,,,https://atossatherapeutics.com/,BioPharmGuy
AVM BIOTECHNOLOGY,Small Molecules,Wa - Seattle,,,,,,https://avmbiotech.com/,BioPharmGuy
COUNTERX THERAPEUTICS,Small Molecules,Wa - Seattle,,,,,,https://counterxtherapeutics.com/,BioPharmGuy
INTRINSIC MEDICINE,Small Molecules,Wa - Seattle,,,,,,https://www.intrinsicmedicine.com/,BioPharmGuy
KAYOTHERA,Small Molecules,Wa - Seattle,,,,,,https://kayothera.com/,BioPharmGuy
KUBOTA VISION,Small Molecules,Wa - Seattle,,,,,,https://www.kubotavision.com/,BioPharmGuy
KULEON BIOSCIENCE,Small Molecules,Wa - Seattle,,,,,,https://kuleonbio.com/,BioPharmGuy
OMEROS,Small Molecules,Wa - Seattle,,,,,,https://www.omeros.com/,BioPharmGuy
PAULING.AI,Small Molecules,Wa - Seattle,,,,,,https://www.pauling.ai/,BioPharmGuy
PHAIT,Small Molecules,Wa - Seattle,,,,,,https://phait.com/,BioPharmGuy
PRONIRAS,Small Molecules,Wa - Seattle,,,,,,https://proniras.com/,BioPharmGuy
SEAL ROCK THERAPEUTICS,Small Molecules,Wa - Seattle,,,,,,https://www.sealrocktx.com/,BioPharmGuy
SOUND PHARMACEUTICALS,Small Molecules,Wa - Seattle,,,,,,https://soundpharma.com/,BioPharmGuy
GSNO THERAPEUTICS,Small Molecules,Wa - Shelton,,,,,,https://gsnothera.com/,BioPharmGuy
REVALESIO,Small Molecules,Wa - Tacoma,,,,,,https://revalesio.com/,BioPharmGuy
VISIONGATE,Small Molecules,Wa - Woodinville,,,,,,https://www.visiongate3d.com/,BioPharmGuy
ESTRIGENIX THERAPEUTICS,Small Molecules,Wi - Milwaukee,,,,,,https://www.estrigenix.com/,BioPharmGuy
FUNCTION THERAPEUTICS,Small Molecules,Wi - Milwaukee,,,,,,https://www.functiontx.com/,BioPharmGuy
ALS BIOLOGICS,Stem Cells,-,,,,,,https://alsbiologics.com/,BioPharmGuy
BHI THERAPEUTIC SCIENCES,Stem Cells,-,,,,,,https://bhisciences.com/,BioPharmGuy
CELL TECHNOLOGIES,Stem Cells,Ab - Calgary,,,,,,https://www.celltechnologies.net/,BioPharmGuy
HEMOSTEMIX,Stem Cells,Ab - Calgary,,,,,,https://hemostemix.com/,BioPharmGuy
MAGELLAN,Stem Cells,Australia - Braeside,,,,,,https://www.magellanstemcells.com.au/,BioPharmGuy
CHIMERIC THERAPEUTICS,Stem Cells,Australia - Carlton,,,,,,https://www.chimerictherapeutics.com/,BioPharmGuy
CYNATA THERAPEUTICS,Stem Cells,Australia - Cremorne,,,,,,https://cynata.com/,BioPharmGuy
CYTEPH,Stem Cells,Australia - Herston,,,,,,https://www.cyteph.com/,BioPharmGuy
CELLTHERAPIES,Stem Cells,Australia - Melbourne,,,,,,https://celltherapies.com/,BioPharmGuy
CURRUS BIOLOGICS,Stem Cells,Australia - Melbourne,,,,,,https://www.currusbio.com/,BioPharmGuy
CARTHERICS,Stem Cells,Australia - Notting Hill,,,,,,https://cartherics.com/,BioPharmGuy
CYTOIMMUNE THERAPEUTICS,Stem Cells,Australia - Southbank,,,,,,https://www.cytoimmune.com/,BioPharmGuy
SKIN2NEURON,Stem Cells,Australia - Sydney,,,,,,https://www.s2n.bio/,BioPharmGuy
CREATIVE MEDICAL TECHNOLOGY HOLDINGS,Stem Cells,Az - Phoenix,,,,,,https://www.creativemedicaltechnology.com/,BioPharmGuy
REPLICEL LIFE SCIENCES,Stem Cells,Bc - Vancouver,,,,,,https://replicel.com/,BioPharmGuy
REVATIS,Stem Cells,Belgium - Aye,,,,,,https://revatis.com/fr,BioPharmGuy
EPITOPOIETIC RESEARCH CORPORATION (ERC),Stem Cells,Belgium - Gembloux Isnes,,,,,,https://www.erc-immunotherapy.com/,BioPharmGuy
ANTLERON,Stem Cells,Belgium - Leuven,,,,,,https://www.antleron.com/,BioPharmGuy
CELLURIS,Stem Cells,Brazil - São Paulo,,,,,,https://celluris.com/en/home/,BioPharmGuy
ACEPODIA,Stem Cells,Ca - Alameda,,,,,,https://www.acepodia.com/,BioPharmGuy
AZALEA THERAPEUTICS,Stem Cells,Ca - Berkeley,,,,,,https://azaleatx.com/,BioPharmGuy
CARIBOU BIOSCIENCES,Stem Cells,Ca - Berkeley,,,,,,https://www.cariboubio.com/,BioPharmGuy
CYTONUS THERAPEUTICS,Stem Cells,Ca - Carlsbad,,,,,,https://cytonus.com/,BioPharmGuy
INTERNATIONAL STEM CELL,Stem Cells,Ca - Carlsbad,,,,,,https://www.internationalstemcell.com/,BioPharmGuy
MEDICELL TECHNOLOGIES,Stem Cells,Ca - Carlsbad,,,,,,https://www.medicelltech.com/,BioPharmGuy
TARGAZYME,Stem Cells,Ca - Carlsbad,,,,,,https://www.targazyme.com/,BioPharmGuy
RESTEM,Stem Cells,Ca - Corona,,,,,,https://www.restem.com/,BioPharmGuy
CYTOIMMUNE THERAPEUTICS,Stem Cells,Ca - Duarte,,,,,,https://www.cytoimmune.com/,BioPharmGuy
CDR3 THERAPEUTICS,Stem Cells,Ca - El Segundo,,,,,,https://cdr3therapeutics.com/,BioPharmGuy
ESTRELLA IMMUNOPHARMA,Stem Cells,Ca - Emeryville,,,,,,https://www.estrellabio.com/,BioPharmGuy
KYVERNA THERAPEUTICS,Stem Cells,Ca - Emeryville,,,,,,https://kyvernatx.com/,BioPharmGuy
REGCELL,Stem Cells,Ca - Emeryville,,,,,,https://regcellbio.com/,BioPharmGuy
APSTEM THERAPEUTICS,Stem Cells,Ca - Fremont,,,,,,https://apstemtx.com/,BioPharmGuy
AIVITA BIOMEDICAL,Stem Cells,Ca - Irvine,,,,,,http://aivitabiomedical.com/,BioPharmGuy
SAYENZA BIOSCIENCES,Stem Cells,Ca - Irvine,,,,,,https://sayenza.com/,BioPharmGuy
T-CURE BIOSCIENCE,Stem Cells,Ca - Irvine,,,,,,https://t-cure.com/,BioPharmGuy
TECHIMMUNE,Stem Cells,Ca - Irvine,,,,,,https://techimmune.com/,BioPharmGuy
ANKASA REGENERATIVE THERAPEUTICS,Stem Cells,Ca - La Jolla,,,,,,https://ankasaregenerativetherapeutics.com/,BioPharmGuy
INVITRX THERAPEUTICS,Stem Cells,Ca - Lake Forest,,,,,,https://invitrx.com/,BioPharmGuy
ANGELES THERAPEUTICS,Stem Cells,Ca - Los Angeles,,,,,,https://angelestherapeutics.com/,BioPharmGuy
CELLXLIFE,Stem Cells,Ca - Los Angeles,,,,,,https://cellxlife.com/,BioPharmGuy
NEXCELLA,Stem Cells,Ca - Los Angeles,,,,,,https://nexcella.com/,BioPharmGuy
THOMAS ADVANCED MEDICAL,Stem Cells,Ca - Los Angeles,,,,,,https://thomasadvancedmedical.com/,BioPharmGuy
TIDEWAVE BIO,Stem Cells,Ca - Los Angeles,,,,,,https://www.tidewavebio.com/,BioPharmGuy
EMMECELL,Stem Cells,Ca - Menlo Park,,,,,,https://www.emmecell.com/,BioPharmGuy
ENODA CELLWORKS,Stem Cells,Ca - Menlo Park,,,,,,https://www.enoda.bio/,BioPharmGuy
ORCA BIO,Stem Cells,Ca - Menlo Park,,,,,,https://orcabio.com/,BioPharmGuy
REGENERATIVE PATCH TECHNOLOGIES,Stem Cells,Ca - Menlo Park,,,,,,https://regenerativepatch.com/,BioPharmGuy
JCYTE,Stem Cells,Ca - Newport Beach,,,,,,https://www.jcyte.com/,BioPharmGuy
REGENERATION BIOMEDICAL,Stem Cells,Ca - Newport Beach,,,,,,https://www.regenerationbiomedical.com/,BioPharmGuy
MINUTIA,Stem Cells,Ca - Oakland,,,,,,http://minutia.co/,BioPharmGuy
SANBIO CO LTD,Stem Cells,Ca - Oakland,,,,,,https://www.sanbio.com/,BioPharmGuy
PRIMEVAX IMMUNO-ONCOLOGY,Stem Cells,Ca - Orange,,,,,,https://www.primevax.com/,BioPharmGuy
HEPATX,Stem Cells,Ca - Palo Alto,,,,,,https://hepatx.com/,BioPharmGuy
"PERSONALIZED STEM CELLS, INC.",Stem Cells,Ca - Poway,,,,,,https://www.personalizedstemcells.com/,BioPharmGuy
ADICET BIO,Stem Cells,Ca - Redwood City,,,,,,https://www.adicetbio.com/,BioPharmGuy
ANGIOCRINE BIOSCIENCE,Stem Cells,Ca - San Diego,,,,,,https://angiocrinebioscience.com/,BioPharmGuy
ARTIVA BIOTHERAPEUTICS,Stem Cells,Ca - San Diego,,,,,,https://www.artivabio.com/,BioPharmGuy
ASPEN NEUROSCIENCE,Stem Cells,Ca - San Diego,,,,,,https://aspenneuroscience.com/,BioPharmGuy
BIO4T2,Stem Cells,Ca - San Diego,,,,,,https://bio4t2.com/,BioPharmGuy
GIOSTAR,Stem Cells,Ca - San Diego,,,,,,https://www.giostar.com/,BioPharmGuy
IMMUNITYBIO,Stem Cells,Ca - San Diego,,,,,,https://immunitybio.com/,BioPharmGuy
IPS HEART,Stem Cells,Ca - San Diego,,,,,,https://ipsheart.com/,BioPharmGuy
KENAI THERAPEUTICS,Stem Cells,Ca - San Diego,,,,,,https://www.kenaitx.com/,BioPharmGuy
NEUVOGEN,Stem Cells,Ca - San Diego,,,,,,https://neuvogen.com/,BioPharmGuy
PAPILLON THERAPEUTICS,Stem Cells,Ca - San Diego,,,,,,https://papillon-tx.com/,BioPharmGuy
PARACRINE,Stem Cells,Ca - San Diego,,,,,,https://paracrine.com/,BioPharmGuy
RESOLUTE SCIENCE,Stem Cells,Ca - San Diego,,,,,,https://resolutescience.com/,BioPharmGuy
SHORELINE BIOSCIENCES,Stem Cells,Ca - San Diego,,,,,,https://www.shorelinebio.com/,BioPharmGuy
TR1X,Stem Cells,Ca - San Diego,,,,,,https://tr1x.bio/,BioPharmGuy
CELLARES,Stem Cells,Ca - San Francisco,,,,,,https://www.cellares.com/,BioPharmGuy
GIGAMUNE,Stem Cells,Ca - San Francisco,,,,,,https://www.gigamune.com/,BioPharmGuy
INDAPTA THERAPEUTICS,Stem Cells,Ca - San Francisco,,,,,,https://indapta.com/,BioPharmGuy
SHENNON BIOTECHNOLOGIES,Stem Cells,Ca - San Francisco,,,,,,https://www.shennonbio.com/,BioPharmGuy
KHLORIS BIOSCIENCES,Stem Cells,Ca - San Jose,,,,,,https://www.khlorisbiosciences.com/,BioPharmGuy
SMSBIOTECH,Stem Cells,Ca - San Marcos,,,,,,https://www.smsbiotech.com/,BioPharmGuy
BESPOKE BIOTHERAPEUTICS,Stem Cells,Ca - San Mateo,,,,,,https://bespokebiotx.com/,BioPharmGuy
TRIARM THERAPEUTICS,Stem Cells,Ca - San Mateo,,,,,,https://www.triarm.com/,BioPharmGuy
PRIMEGEN US,Stem Cells,Ca - Santa Ana,,,,,,https://primegenus.com/,BioPharmGuy
DENDREON,Stem Cells,Ca - Seal Beach,,,,,,https://www.dendreon.com/,BioPharmGuy
ARSENAL BIOSCIENCES,Stem Cells,Ca - South Sf,,,,,,https://arsenalbio.com/,BioPharmGuy
CERO THERAPEUTICS,Stem Cells,Ca - South Sf,,,,,,https://www.cero.bio/,BioPharmGuy
CHIMERA BIOENGINEERING,Stem Cells,Ca - South Sf,,,,,,https://www.chimera.bio/,BioPharmGuy
LINK CELL THERAPIES,Stem Cells,Ca - South Sf,,,,,,https://linkcelltx.com/,BioPharmGuy
LYELL IMMUNOPHARMA,Stem Cells,Ca - South Sf,,,,,,https://www.lyell.com/,BioPharmGuy
MEDEOR THERAPEUTICS,Stem Cells,Ca - South Sf,,,,,,https://www.medeortx.com/,BioPharmGuy
NEURONA THERAPEUTICS,Stem Cells,Ca - South Sf,,,,,,https://www.neuronatherapeutics.com/,BioPharmGuy
NKARTA THERAPEUTICS,Stem Cells,Ca - South Sf,,,,,,https://www.nkartatx.com/,BioPharmGuy
SONOMA BIOTHERAPEUTICS,Stem Cells,Ca - South Sf,,,,,,https://sonomabio.com/,BioPharmGuy
SYNLICO,Stem Cells,Ca - South Sf,,,,,,https://synlico.com/,BioPharmGuy
VISTAGEN THERAPEUTICS,Stem Cells,Ca - South Sf,,,,,,https://www.vistagen.com/,BioPharmGuy
XYPHOS,Stem Cells,Ca - South Sf,,,,,,https://xyphosinc.com/,BioPharmGuy
BIOCARDIA,Stem Cells,Ca - Sunnyvale,,,,,,https://www.biocardia.com/,BioPharmGuy
GENCYTE THERAPEUTICS,Stem Cells,Ca - Zz,,,,,,https://www.gencytetherapeutics.com/,BioPharmGuy
CELLS FOR CELLS,Stem Cells,Chile - Santiago,,,,,,https://c4c.cl/en/home/?lang=en,BioPharmGuy
BRISTAR IMMUNOTECH,Stem Cells,China - Beijing,,,,,,https://en.bristarimmunotech.com/,BioPharmGuy
DARWIN CELL BIOLOGY,Stem Cells,China - Beijing,,,,,,https://darwinbio.tech/en,BioPharmGuy
EDIGENE (2),Stem Cells,China - Beijing,,,,,,https://www.edigene.com/,BioPharmGuy
JIUZHITANG MAKER CELL TECHNOLOGY,Stem Cells,China - Beijing,,,,,,http://en.jztmaker.com/,BioPharmGuy
LIKANG LIFE SCIENCES,Stem Cells,China - Beijing,,,,,,https://likanglife.com/,BioPharmGuy
ZEPHYRM BIOSCIENCE,Stem Cells,China - Beijing,,,,,,https://zephyrm.com/,BioPharmGuy
UCELLO THERAPEUTICS,Stem Cells,China - Chengdu,,,,,,http://www.ucello.cn/sy,BioPharmGuy
BIO-GENE TECHNOLOGIES,Stem Cells,China - Guangzhou,,,,,,https://gzbiogene.com/,BioPharmGuy
HRYZ BIOTECH,Stem Cells,China - Guangzhou,,,,,,http://www.shhryz.com/,BioPharmGuy
TCRCURE,Stem Cells,China - Guangzhou,,,,,,http://en.tcrcure.com/,BioPharmGuy
XIANGXUE LIFE SCIENCES,Stem Cells,China - Guangzhou,,,,,,http://www.xlifesc.com/en/index.aspx,BioPharmGuy
CELREGEN,Stem Cells,China - Hangzhou,,,,,,https://celregen.com/,BioPharmGuy
HOPSTEM BIOTECHNOLOGY,Stem Cells,China - Hangzhou,,,,,,http://www.hopstem.com/en/,BioPharmGuy
MONONUCLEAR THERAPEUTICS,Stem Cells,China - Hong Kong,,,,,,https://monotx.com/,BioPharmGuy
HEXAELL BIOTECH,Stem Cells,China - Jiading,,,,,,http://www.hexaell.com/sy,BioPharmGuy
HELP THERAPEUTICS,Stem Cells,China - Nanjing,,,,,,https://en.helptherapeutics.com/,BioPharmGuy
LEGEND PHARMACEUTICAL,Stem Cells,China - Nanjing,,,,,,http://www.legendpharm.com/,BioPharmGuy
ABELZETA PHARMA,Stem Cells,China - Shanghai,,,,,,https://www.abelzeta.com/,BioPharmGuy
BASE THERAPEUTICS,Stem Cells,China - Shanghai,,,,,,https://www.basetherapeutics.com/,BioPharmGuy
EXUMA BIOTECHNOLOGY,Stem Cells,China - Shanghai,,,,,,https://exumabio.com/,BioPharmGuy
GRIT BIOTECHNOLOGY,Stem Cells,China - Shanghai,,,,,,https://www.grit-bio.com/,BioPharmGuy
HRYZ BIOTECH,Stem Cells,China - Shanghai,,,,,,http://www.shhryz.com/,BioPharmGuy
IMMUNOFOCO,Stem Cells,China - Shanghai,,,,,,https://www.immunofoco.com/,BioPharmGuy
JW THERAPEUTICS,Stem Cells,China - Shanghai,,,,,,https://www.jwtherapeutics.com/,BioPharmGuy
NEUKIO BIOTHERAPEUTICS,Stem Cells,China - Shanghai,,,,,,https://www.neukio.com/En,BioPharmGuy
NK CELLTECH,Stem Cells,China - Shanghai,,,,,,https://www.nk-celltech.com/,BioPharmGuy
REGEND,Stem Cells,China - Shanghai,,,,,,http://www.regend.cn/,BioPharmGuy
SIMNOVA BIOTHERAPEUTICS,Stem Cells,China - Shanghai,,,,,,https://www.simnovabio.com/,BioPharmGuy
UNIXELL,Stem Cells,China - Shanghai,,,,,,https://www.unixell.com/en/index.aspx,BioPharmGuy
VIVACTA BIO,Stem Cells,China - Shanghai,,,,,,https://vivacta-bio.com/,BioPharmGuy
XELLSMART,Stem Cells,China - Shanghai,,,,,,https://www.xellsmart.com/,BioPharmGuy
BEIKE BIO-TECHNOLOGY,Stem Cells,China - Shenzhen,,,,,,https://beikebiotech.com/,BioPharmGuy
BINDEBIO,Stem Cells,China - Shenzhen,,,,,,http://www.bindebio.com/,BioPharmGuy
HRYZ BIOTECH,Stem Cells,China - Shenzhen,,,,,,http://www.shhryz.com/,BioPharmGuy
WONDERCEL THERAPEUTICS,Stem Cells,China - Shenzhen,,,,,,https://www.wondercel.com/index,BioPharmGuy
XELLSMART,Stem Cells,China - Suzhou,,,,,,https://www.xellsmart.com/,BioPharmGuy
XUEJI BIOTECHNOLOGY,Stem Cells,China - Suzhou,,,,,,https://www.xuejibio.com/,BioPharmGuy
IREGENE THERAPEUTICS,Stem Cells,China - Wuhan,,,,,,https://www.iregene.com/,BioPharmGuy
COREGEN,Stem Cells,Co - Aspen,,,,,,https://www.coregen.com/,BioPharmGuy
TRAMPOLINE PHARMA,Stem Cells,Co - Aurora,,,,,,https://www.trampolinepharma.com/,BioPharmGuy
PHOTONPHARMA,Stem Cells,Co - Fort Collins,,,,,,https://photonpharmaceuticals.com/,BioPharmGuy
GID BIO,Stem Cells,Co - Louisville,,,,,,https://gidbio.com/,BioPharmGuy
IMMUNOFREE,Stem Cells,Ct - Greenwich,,,,,,https://www.immunofree.com/,BioPharmGuy
CELLINFINITY BIO,Stem Cells,Ct - New Haven,,,,,,https://www.cellinfinitybio.com/,BioPharmGuy
BIOINOVA,Stem Cells,Czech Republic - Prague,,,,,,https://bioinova.cz/en/,BioPharmGuy
AVOBIS BIO,Stem Cells,De - Newark,,,,,,https://avobisbio.com/,BioPharmGuy
ESSEN BIOTECH,Stem Cells,De - Newark,,,,,,https://essen-biotech.com/,BioPharmGuy
CELLERGY PHARMA,Stem Cells,De - Wilmington,,,,,,https://cellergypharma.com/,BioPharmGuy
BOOST PHARMA,Stem Cells,Denmark - Copenhagen,,,,,,https://boostpharma.com/,BioPharmGuy
PANCRYOS,Stem Cells,Denmark - Copenhagen,,,,,,https://pancryos.com/,BioPharmGuy
CYTOVAC,Stem Cells,Denmark - Hørsholm,,,,,,http://cytovac.com/,BioPharmGuy
CELL2CURE,Stem Cells,Denmark - Søborg,,,,,,https://celltocure.com/,BioPharmGuy
TILT BIOTHERAPEUTICS,Stem Cells,Finland - Helsinki,,,,,,https://tiltbio.com/,BioPharmGuy
STEMSIGHT,Stem Cells,Finland - Tampere,,,,,,https://www.stemsight.fi/,BioPharmGuy
ALLERGENE AI THERAPEUTICS,Stem Cells,Fl - Miami,,,,,,https://allergene.ai/,BioPharmGuy
CELLVAX THERAPEUTICS,Stem Cells,Fl - Miami,,,,,,https://www.cellvx.com/,BioPharmGuy
IMMORTA BIO,Stem Cells,Fl - Miami,,,,,,https://www.immortabio.com/,BioPharmGuy
ITOLERANCE,Stem Cells,Fl - Miami,,,,,,https://itolerance.com/,BioPharmGuy
LONGEVERON,Stem Cells,Fl - Miami,,,,,,https://longeveron.com/,BioPharmGuy
PROMICELL,Stem Cells,Fl - Miami,,,,,,https://www.promicell.com/,BioPharmGuy
TREGEUTIX,Stem Cells,Fl - Orlando,,,,,,https://www.tregeutix.com/,BioPharmGuy
EXUMA BIOTECHNOLOGY,Stem Cells,Fl - West Palm Beach,,,,,,https://exumabio.com/,BioPharmGuy
ALLOGENICA,Stem Cells,France - Lyon,,,,,,https://www.allogenica.com/,BioPharmGuy
NEUROPLAST,Stem Cells,France - Montpellier,,,,,,https://www.neuroplast.com/,BioPharmGuy
CELLPROTHERA,Stem Cells,France - Mulhouse,,,,,,https://www.cellprothera.com/,BioPharmGuy
GOLIVER THERAPEUTICS,Stem Cells,France - Nantes,,,,,,https://golivertx.com/,BioPharmGuy
ADVESYA,Stem Cells,France - Paris,,,,,,https://advesya.com/,BioPharmGuy
EMERCELL,Stem Cells,France - Paris,,,,,,https://www.emercell.com/,BioPharmGuy
IPSIRIUS,Stem Cells,France - Paris,,,,,,https://ipsirius.co.uk/,BioPharmGuy
KIJI THERAPEUTICS,Stem Cells,France - Paris,,,,,,https://www.kiji-tx.com/,BioPharmGuy
SCARCELL THERAPEUTICS,Stem Cells,France - Paris,,,,,,https://www.scarcell.com/,BioPharmGuy
SIGNADORI BIO,Stem Cells,France - Paris,,,,,,https://www.signadoribio.com/,BioPharmGuy
TREEFROG THERAPEUTICS,Stem Cells,France - Pessac,,,,,,https://treefrog.fr/,BioPharmGuy
STEMINOV,Stem Cells,France - Vandoeuvre-Lès-Nancy,,,,,,https://www.steminov.com/,BioPharmGuy
NEOMICS PHARMACEUTICALS,Stem Cells,France - Zz,,,,,,http://www.neomicsbio.com/,BioPharmGuy
RORABIO,Stem Cells,Ga - Brookhaven,,,,,,https://www.rorabio.com/,BioPharmGuy
DENDREON,Stem Cells,Ga - Union City,,,,,,https://www.dendreon.com/,BioPharmGuy
BLUEROCK THERAPEUTICS,Stem Cells,Germany - Berlin,,,,,,https://www.bluerocktx.com/,BioPharmGuy
CARTEMIS THERAPEUTICS,Stem Cells,Germany - Berlin,,,,,,https://cartemis.de/,BioPharmGuy
CELLBRICKS THERAPEUTICS,Stem Cells,Germany - Berlin,,,,,,https://cellbricks-therapeutics.com/,BioPharmGuy
CELLSERVE,Stem Cells,Germany - Berlin,,,,,,https://www.cellserve.de/,BioPharmGuy
TCBALANCE BIOPHARMACEUTICALS,Stem Cells,Germany - Berlin,,,,,,https://tcbalance-biopharma.com/,BioPharmGuy
CAPTAIN T CELL,Stem Cells,Germany - Berlin-Schönefeld,,,,,,https://www.captaintcell.com/,BioPharmGuy
BRAINREPAIR,Stem Cells,Germany - Bochum,,,,,,https://brainrepair.eu/200-0-About.html#i,BioPharmGuy
SAXOCELL,Stem Cells,Germany - Dresden,,,,,,https://www.saxocell.de/en/home/,BioPharmGuy
TRANSIMMUNE,Stem Cells,Germany - Düsseldorf,,,,,,https://transimmune.com/,BioPharmGuy
RHEACELL,Stem Cells,Germany - Heidelberg,,,,,,https://www.rheacell.com/,BioPharmGuy
TOLEROGENIXX,Stem Cells,Germany - Heidelberg,,,,,,https://www.tolerogenixx.com/,BioPharmGuy
CO.DON,Stem Cells,Germany - Leipzig,,,,,,https://www.codon.de/,BioPharmGuy
ACTITREXX,Stem Cells,Germany - Mainz,,,,,,https://www.actitrexx.de/,BioPharmGuy
IMMATICS BIOTECHNOLOGIES,Stem Cells,Germany - Munich,,,,,,https://immatics.com/,BioPharmGuy
INGENERON,Stem Cells,Germany - Munich,,,,,,https://ingeneron.com/,BioPharmGuy
OXACELL,Stem Cells,Germany - Potsdam,,,,,,http://oxacell.com/,BioPharmGuy
ARTCLINE,Stem Cells,Germany - Rostock,,,,,,https://www.artcline.de/,BioPharmGuy
CD4 THERAPEUTICS,Stem Cells,Germany - Starnberg,,,,,,https://www.cd4therapeutics.com/,BioPharmGuy
CO.DON,Stem Cells,Germany - Teltow,,,,,,https://www.codon.de/,BioPharmGuy
IMMATICS BIOTECHNOLOGIES,Stem Cells,Germany - Tübingen,,,,,,https://immatics.com/,BioPharmGuy
T-CURX,Stem Cells,Germany - Würzburg,,,,,,https://t-curx.com/,BioPharmGuy
CELLTRANS,Stem Cells,Il - Chicago,,,,,,https://www.celltransinc.com/,BioPharmGuy
CTRL THERAPEUTICS,Stem Cells,Il - Chicago,,,,,,https://ctrl-therapeutics.com/,BioPharmGuy
DYSTROGEN THERAPEUTICS,Stem Cells,Il - Chicago,,,,,,https://dystrogen.com/,BioPharmGuy
MAPONOS THERAPEUTICS,Stem Cells,Il - Chicago,,,,,,https://maponostherapeutics.com/,BioPharmGuy
PROGENICYTE THERAPEUTICS,Stem Cells,Il - Chicago,,,,,,https://progenicytetherapeuticsinc.com/,BioPharmGuy
SINGULERA,Stem Cells,Il - Chicago,,,,,,https://www.singulera-tx.com/,BioPharmGuy
SYNTAX BIO,Stem Cells,Il - Chicago,,,,,,https://www.syntax-bio.com/,BioPharmGuy
STEMPEUTICS RESEARCH,Stem Cells,India - Bangalore,,,,,,https://www.stempeutics.com/,BioPharmGuy
IMMUNEEL THERAPEUTICS,Stem Cells,India - Bengaluru,,,,,,https://immuneel.com/,BioPharmGuy
STEMGENN THERAPEUTICS,Stem Cells,India - Delhi,,,,,,https://stemgenn.com/,BioPharmGuy
APAC BIOTECH,Stem Cells,India - Haryana,,,,,,https://apacbiotech.com/,BioPharmGuy
ADVANCELLS,Stem Cells,India - Noida,,,,,,https://www.advancells.com/,BioPharmGuy
DERMAMA BIOTEKNOLOGI LABORATORIUM,Stem Cells,Indonesia - Surakarta,,,,,,https://dermama.co.id/,BioPharmGuy
VASCVERSA,Stem Cells,Ireland - Belfast,,,,,,https://www.vascversa.com/,BioPharmGuy
PROVASCTEC,Stem Cells,Ireland - Cork,,,,,,https://provasctec.com/,BioPharmGuy
HAON LIFE SCIENCES,Stem Cells,Ireland - Dublin,,,,,,https://www.haonco.com/,BioPharmGuy
ONK THERAPEUTICS,Stem Cells,Ireland - Galway,,,,,,https://www.onktherapeutics.com/,BioPharmGuy
ORBSEN THERAPEUTICS,Stem Cells,Ireland - Galway,,,,,,https://orbsentherapeutics.com/,BioPharmGuy
PLURI,Stem Cells,Israel - Haifa,,,,,,https://pluri-biotech.com/,BioPharmGuy
BRAINSTORM CELL THERAPEUTICS,Stem Cells,Israel - Kiryat Aryeh,,,,,,https://brainstorm-cell.com/,BioPharmGuy
GAMIDA CELL,Stem Cells,Israel - Kiryat Gat,,,,,,https://www.gamida-cell.com/,BioPharmGuy
NEWCELX,Stem Cells,Israel - Nes-Ziona,,,,,,https://newcelx.com/,BioPharmGuy
ENLIVEX THERAPEUTICS,Stem Cells,Israel - Ness Ziona,,,,,,https://enlivex.com/,BioPharmGuy
KADIMASTEM,Stem Cells,Israel - Ness Ziona,,,,,,https://www.kadimastem.com/,BioPharmGuy
BIOGENCELL,Stem Cells,Israel - Netanya,,,,,,https://www.biogencell.net/,BioPharmGuy
EDITY THERAPEUTICS,Stem Cells,Israel - Rehovot,,,,,,https://edity-tx.com/,BioPharmGuy
TARGETGENE BIOTECHNOLOGIES,Stem Cells,Israel - Rehovot,,,,,,https://targetgenebio.com/,BioPharmGuy
CELL SOURCE,Stem Cells,Israel - Tel Aviv,,,,,,https://cell-source.com/,BioPharmGuy
MINOVIA THERAPEUTICS,Stem Cells,Israel - Tirat Hacarmel,,,,,,https://minoviatx.com/,BioPharmGuy
CYTORA,Stem Cells,Israel - Yokneam,,,,,,https://www.cytorastem.com/,BioPharmGuy
RHEMASTEM,Stem Cells,Italy - Monza,,,,,,https://rhemastem.com/,BioPharmGuy
PLASFER,Stem Cells,Italy - Perugia,,,,,,https://www.plasfer.bio/,BioPharmGuy
ALKEMIST BIO,Stem Cells,Italy - Turin,,,,,,https://www.alkemistbio.com/,BioPharmGuy
CORION BIOTECH,Stem Cells,Italy - Turin,,,,,,https://www.corionbiotech.com/,BioPharmGuy
ARC THERAPIES,Stem Cells,Japan - Japan,,,,,,https://arctherapies.inc/,BioPharmGuy
METCELA,Stem Cells,Japan - Kanagawa,,,,,,https://www.metcela.com/en/,BioPharmGuy
ORIZURU THERAPEUTICS,Stem Cells,Japan - Kanagawa,,,,,,https://orizuru-therapeutics.com/en/,BioPharmGuy
IHEART JAPAN,Stem Cells,Japan - Kyoto,,,,,,http://www.iheartjapan.jp/,BioPharmGuy
SHINOBI THERAPEUTICS,Stem Cells,Japan - Kyoto,,,,,,https://www.shinobitx.com/,BioPharmGuy
GAIA BIOMEDICINE,Stem Cells,Japan - Maidashi,,,,,,https://gaia-biomed.com/,BioPharmGuy
CELLUSION,Stem Cells,Japan - Tokyo,,,,,,https://cellusion.jp/en/,BioPharmGuy
CUORIPS,Stem Cells,Japan - Tokyo,,,,,,https://cuorips.co.jp/en/,BioPharmGuy
DIOSEVE,Stem Cells,Japan - Tokyo,,,,,,https://dioseve.com/,BioPharmGuy
HUMAN LIFE CORD,Stem Cells,Japan - Tokyo,,,,,,https://humanlifecord.com/en/,BioPharmGuy
IHEART JAPAN,Stem Cells,Japan - Tokyo,,,,,,http://www.iheartjapan.jp/,BioPharmGuy
INNOVACELL BIOTECHNOLOGIE,Stem Cells,Japan - Tokyo,,,,,,https://innovacell.com/,BioPharmGuy
PUREC,Stem Cells,Japan - Tokyo,,,,,,https://www.purec-global.com/,BioPharmGuy
SANBIO CO LTD,Stem Cells,Japan - Tokyo,,,,,,https://www.sanbio.com/,BioPharmGuy
OPTIEUM BIOTECHNOLOGIES,Stem Cells,Japan - Toon-Sh,,,,,,https://optieumbio.com/main-en/,BioPharmGuy
CUROCELL,Stem Cells,Korea - Daejon,,,,,,https://curocellbtx.com/,BioPharmGuy
INGENIUM THERAPEUTICS,Stem Cells,Korea - Daejon,,,,,,https://ingeniumcell.co.kr/en/,BioPharmGuy
VIGENCELL,Stem Cells,Korea - Geumcheon-Gu,,,,,,https://vigencell.com/en/index.asp,BioPharmGuy
MEDINNO PHARMACEUTICAL TECHNOLOGY,Stem Cells,Korea - Gyeonggi,,,,,,http://www.medinno.kr/company/about_us.php,BioPharmGuy
MEDIPOST,Stem Cells,Korea - Gyeonggi,,,,,,https://en.medi-post.co.kr/,BioPharmGuy
VAXCELL BIO,Stem Cells,Korea - Hwasun,,,,,,https://vaxcell-bio.com/en/,BioPharmGuy
CELLATOZ THERAPEUTICS,Stem Cells,Korea - Seongnam,,,,,,https://cellatozrx.com/en/,BioPharmGuy
CHA BIOTECH,Stem Cells,Korea - Seongnam,,,,,,http://en.chabio.com/,BioPharmGuy
CORESTEMCHEMON,Stem Cells,Korea - Seongnam,,,,,,https://www.corestemchemon.com/eng/main/main.html,BioPharmGuy
EXOCOBIO,Stem Cells,Korea - Seoul,,,,,,http://www.exocobio.com/default/,BioPharmGuy
KADISBIO,Stem Cells,Korea - Seoul,,,,,,https://kadisbio.com/,BioPharmGuy
KANGSTEM BIOTECH,Stem Cells,Korea - Seoul,,,,,,https://kangstem.com/?lang=en,BioPharmGuy
MEDINNO PHARMACEUTICAL TECHNOLOGY,Stem Cells,Korea - Seoul,,,,,,http://www.medinno.kr/company/about_us.php,BioPharmGuy
STC-STEM CELL TREATMENT & RESEARCH INSTITUTE (STRI),Stem Cells,Korea - Seoul,,,,,,http://www.stcstri.com/,BioPharmGuy
THERABEST,Stem Cells,Korea - Seoul,,,,,,http://therabest.co.kr/kr/,BioPharmGuy
TICAROS THERAPEUTICS,Stem Cells,Korea - Seoul,,,,,,https://www.ticaros.com/en/,BioPharmGuy
KELI THERAPEUTICS,Stem Cells,Lithuania - Kaunas,,,,,,https://keli.eu/,BioPharmGuy
FROCETH,Stem Cells,Lithuania - Vilnius,,,,,,https://www.froceth.lt/?lang=en,BioPharmGuy
INGEL THERAPEUTICS,Stem Cells,Ma - Allston,,,,,,https://www.ingeltx.com/,BioPharmGuy
KIRAGEN BIO,Stem Cells,Ma - Allston,,,,,,https://www.kiragenbio.com/,BioPharmGuy
ORYON CELL THERAPIES,Stem Cells,Ma - Belmont,,,,,,https://oryoncelltherapies.com/,BioPharmGuy
ALPHAGENERON PHARMACEUTICALS,Stem Cells,Ma - Boston,,,,,,https://alphageneron.com/,BioPharmGuy
ASYMMETREX,Stem Cells,Ma - Boston,,,,,,https://asymmetrex.co/,BioPharmGuy
CELLULAR INTELLIGENCE,Stem Cells,Ma - Boston,,,,,,https://www.cellularintelligence.com/,BioPharmGuy
GUARDIAN BIO,Stem Cells,Ma - Boston,,,,,,https://guardian-bio.com/,BioPharmGuy
BE BIOPHARMA,Stem Cells,Ma - Cambridge,,,,,,https://be.bio/,BioPharmGuy
BLUEROCK THERAPEUTICS,Stem Cells,Ma - Cambridge,,,,,,https://www.bluerocktx.com/,BioPharmGuy
CELLINO BIOTECH,Stem Cells,Ma - Cambridge,,,,,,https://cellinobio.com/,BioPharmGuy
CREATE MEDICINES,Stem Cells,Ma - Cambridge,,,,,,https://createmedicines.com/,BioPharmGuy
DEM BIOPHARMA,Stem Cells,Ma - Cambridge,,,,,,https://dembiopharma.com/,BioPharmGuy
GELMEDIX,Stem Cells,Ma - Cambridge,,,,,,https://www.gelmedix.com/,BioPharmGuy
GENTIBIO,Stem Cells,Ma - Cambridge,,,,,,https://www.gentibio.com/,BioPharmGuy
INNDURA THERAPEUTICS,Stem Cells,Ma - Cambridge,,,,,,https://www.inndura.com/,BioPharmGuy
KYTOPEN,Stem Cells,Ma - Cambridge,,,,,,https://www.kytopen.com/,BioPharmGuy
REGATTA BIO,Stem Cells,Ma - Cambridge,,,,,,https://www.regatta.bio/,BioPharmGuy
STEMCELLERANT,Stem Cells,Ma - Cambridge,,,,,,https://www.stemcellerant.com/,BioPharmGuy
STRATUS THERAPEUTICS,Stem Cells,Ma - Cambridge,,,,,,https://www.stratustx.com/,BioPharmGuy
THYMMUNE THERAPEUTICS,Stem Cells,Ma - Cambridge,,,,,,https://www.thymmune.com/,BioPharmGuy
VERICEL,Stem Cells,Ma - Cambridge,,,,,,https://www.vcel.com/,BioPharmGuy
VOR BIOPHARMA,Stem Cells,Ma - Cambridge,,,,,,https://www.vorbio.com/,BioPharmGuy
ROOTPATH GENOMICS,Stem Cells,Ma - Framingham,,,,,,https://rootpath.com/,BioPharmGuy
AFFYIMMUNE THERAPEUTICS,Stem Cells,Ma - Natick,,,,,,https://affyimmune.com/,BioPharmGuy
ALETA BIOTHERAPEUTICS,Stem Cells,Ma - Natick,,,,,,https://www.aletabio.com/,BioPharmGuy
GENEIUS BIOTECHNOLOGY,Stem Cells,Ma - Natick,,,,,,https://www.geneiusbiotech.com/,BioPharmGuy
HEBECELL,Stem Cells,Ma - Natick,,,,,,https://hebecellcorp.com/,BioPharmGuy
MITOSENSE,Stem Cells,Ma - Plymouth,,,,,,https://www.mitosenseinc.com/,BioPharmGuy
JURA BIO,Stem Cells,Ma - Somerville,,,,,,https://www.jurabio.com/,BioPharmGuy
IMEL BIOTHERAPEUTICS,Stem Cells,Ma - Waltham,,,,,,https://imelbiotx.com/,BioPharmGuy
TSCAN THERAPEUTICS,Stem Cells,Ma - Waltham,,,,,,https://www.tscan.com/,BioPharmGuy
AFFINI-T THERAPEUTICS,Stem Cells,Ma - Watertown,,,,,,https://affinittx.com/,BioPharmGuy
STRATUS THERAPEUTICS,Stem Cells,Ma - Watertown,,,,,,https://www.stratustx.com/,BioPharmGuy
4IMMUNE THERAPEUTICS,Stem Cells,Ma - Westwood,,,,,,https://www.4immunetx.com/,BioPharmGuy
REGENERIS MEDICAL,Stem Cells,Ma - Westwood,,,,,,https://regenerismedical.com/,BioPharmGuy
ALLOPLEX BIOTHERAPEUTICS,Stem Cells,Ma - Woburn,,,,,,https://alloplexbio.com/,BioPharmGuy
CYTOPEUTICS,Stem Cells,Malaysia - Cyberjaya,,,,,,https://www.cytopeutics.com/,BioPharmGuy
ALOE THERAPEUTICS,Stem Cells,Md - Baltimore,,,,,,https://aloetherapeutics.com/,BioPharmGuy
ELIXIRGEN THERAPEUTICS,Stem Cells,Md - Baltimore,,,,,,https://elixirgentx.com/,BioPharmGuy
VITA THERAPEUTICS,Stem Cells,Md - Baltimore,,,,,,https://www.vitatx.com/,BioPharmGuy
AKAN BIOSCIENCES,Stem Cells,Md - Gaithersburg,,,,,,https://akanbio.com/,BioPharmGuy
CARTESIAN THERAPEUTICS,Stem Cells,Md - Gaithersburg,,,,,,https://www.cartesiantherapeutics.com/,BioPharmGuy
NEXIMMUNE,Stem Cells,Md - Gaithersburg,,,,,,https://neximmune.com/,BioPharmGuy
BARINTHUS BIOTHERAPEUTICS,Stem Cells,Md - Germantown,,,,,,https://www.barinthusbio.com/,BioPharmGuy
MYGOGENESIS,Stem Cells,Md - Germantown,,,,,,https://mygogenesis.com/,BioPharmGuy
ORGENESIS,Stem Cells,Md - Germantown,,,,,,https://orgenesis.com/,BioPharmGuy
SERAXIS,Stem Cells,Md - Germantown,,,,,,https://seraxis.com/,BioPharmGuy
ABELZETA PHARMA,Stem Cells,Md - Rockville,,,,,,https://www.abelzeta.com/,BioPharmGuy
INNOVATIVE CELLULAR THERAPEUTICS,Stem Cells,Md - Rockville,,,,,,https://www.ictbio.com/,BioPharmGuy
NEONEURON,Stem Cells,Md - Rockville,,,,,,https://www.neoneuron.org/,BioPharmGuy
VERICEL,Stem Cells,Mi - Ann Arbor,,,,,,https://www.vcel.com/,BioPharmGuy
LUMINARY THERAPEUTICS,Stem Cells,Mn - Minneapolis,,,,,,https://www.luminarytx.com/,BioPharmGuy
MYOGENICA,Stem Cells,Mn - Minneapolis,,,,,,https://www.myogenica.com/,BioPharmGuy
SARCIO,Stem Cells,Mn - Minneapolis,,,,,,https://www.sarcioinc.com/,BioPharmGuy
LIKARDA,Stem Cells,Mo - Kansas City,,,,,,https://likarda.com/,BioPharmGuy
WUGEN,Stem Cells,Mo - St. Louis,,,,,,https://wugen.com/,BioPharmGuy
PHOSPHOGAM,Stem Cells,Nc - Durham,,,,,,https://www.phosphogam.com/,BioPharmGuy
PRECISION BIOSCIENCES,Stem Cells,Nc - Durham,,,,,,https://precisionbiosciences.com/,BioPharmGuy
INCEPTOR BIO,Stem Cells,Nc - Morrisville,,,,,,https://inceptor.bio/,BioPharmGuy
BRESTEM THERAPEUTICS,Stem Cells,Nc - Raleigh,,,,,,https://www.brestem.com/,BioPharmGuy
FASTBACK BIO,Stem Cells,Nc - Raleigh,,,,,,https://www.fastback.bio/,BioPharmGuy
PROKIDNEY,Stem Cells,Nc - Winston-Salem,,,,,,https://prokidney.com/,BioPharmGuy
CIMAAS,Stem Cells,Netherlands - Maastricht,,,,,,https://cimaas.com/,BioPharmGuy
GENEWITY,Stem Cells,Netherlands - Oegstgeest,,,,,,https://www.genewity.tech/,BioPharmGuy
GLYCOSTEM,Stem Cells,Netherlands - Oss,,,,,,https://www.glycostem.com/,BioPharmGuy
PAN CANCER T,Stem Cells,Netherlands - Rotterdam,,,,,,https://pancancer-t.com/,BioPharmGuy
BIOORA,Stem Cells,New Zealand - Wellington,,,,,,https://bioora.com/,BioPharmGuy
CELDARA MEDICAL,Stem Cells,Nh - Lebanon,,,,,,https://celdaramedical.com/,BioPharmGuy
LISATA THERAPEUTICS,Stem Cells,Nj - Basking Ridge,,,,,,https://www.lisata.com/,BioPharmGuy
CENTURY THERAPEUTICS,Stem Cells,Nj - Branchburg,,,,,,https://www.centurytx.com/,BioPharmGuy
LUXA BIOTECHNOLOGY,Stem Cells,Nj - Fort Lee,,,,,,https://www.luxabiotech.com/,BioPharmGuy
AVALON GLOBOCARE,Stem Cells,Nj - Freehold,,,,,,https://www.avalon-globocare.com/,BioPharmGuy
THRONE BIOTECHNOLOGIES,Stem Cells,Nj - Paramus,,,,,,https://www.thronebio.com/,BioPharmGuy
LEGEND BIOTECH,Stem Cells,Nj - Piscataway,,,,,,https://legendbiotech.com/,BioPharmGuy
CARAVAN BIOLOGIX,Stem Cells,Nj - Princeton,,,,,,https://www.caravanbio.com/,BioPharmGuy
HOPSTEM BIOTECHNOLOGY,Stem Cells,Nj - Princeton,,,,,,http://www.hopstem.com/en/,BioPharmGuy
ORCA BIO,Stem Cells,Nj - Princeton,,,,,,https://orcabio.com/,BioPharmGuy
CELULARITY,Stem Cells,Nj - Warren,,,,,,https://celularity.com/,BioPharmGuy
TEVOGEN BIO,Stem Cells,Nj - Warren,,,,,,https://tevogen.com/,BioPharmGuy
AGELESS BIOTECH,Stem Cells,Nv - Las Vegas,,,,,,https://www.agelessbiotech.com/,BioPharmGuy
AVAI BIO,Stem Cells,Nv - Las Vegas,,,,,,https://avaibio.com/,BioPharmGuy
EPIBONE,Stem Cells,Ny - Brooklyn,,,,,,https://www.epibone.com/,BioPharmGuy
ALTUCELL,Stem Cells,Ny - Deer Park,,,,,,https://altucell.com/,BioPharmGuy
PERSISTA BIO,Stem Cells,Ny - Ithaca,,,,,,https://www.persistabio.com/,BioPharmGuy
BIORESTORATIVE THERAPIES,Stem Cells,Ny - Melville,,,,,,https://biorestorative.com/,BioPharmGuy
BLUEROCK THERAPEUTICS,Stem Cells,Ny - New York,,,,,,https://www.bluerocktx.com/,BioPharmGuy
BRAINSTORM CELL THERAPEUTICS,Stem Cells,Ny - New York,,,,,,https://brainstorm-cell.com/,BioPharmGuy
HELOCYTE,Stem Cells,Ny - New York,,,,,,https://helocyte.com/,BioPharmGuy
HEXEMBIO,Stem Cells,Ny - New York,,,,,,https://hexemb.io/,BioPharmGuy
INTIMA BIOSCIENCE,Stem Cells,Ny - New York,,,,,,https://www.intimabioscience.com/,BioPharmGuy
OVERT BIO,Stem Cells,Ny - New York,,,,,,https://www.overt.bio/,BioPharmGuy
PROTARA THERAPEUTICS,Stem Cells,Ny - New York,,,,,,https://protaratx.com/,BioPharmGuy
SARONIC BIOTECHNOLOGY,Stem Cells,Ny - New York,,,,,,https://saronicbiotechnology.com/,BioPharmGuy
STEMLINE THERAPEUTICS,Stem Cells,Ny - New York,,,,,,https://stemline.com/,BioPharmGuy
NEUROGENESIS BIO,Stem Cells,Ny - Rochester,,,,,,https://neurogenesis-cell.com/,BioPharmGuy
REPAIR BIOTECHNOLOGIES,Stem Cells,Ny - Syracuse,,,,,,https://www.repairbiotechnologies.com/,BioPharmGuy
ABEONA THERAPEUTICS,Stem Cells,Oh - Cleveland,,,,,,https://www.abeonatherapeutics.com/,BioPharmGuy
TRIUMVIRA IMMUNOLOGICS,Stem Cells,On - Hamilton,,,,,,https://triumvira.com/,BioPharmGuy
BLUEROCK THERAPEUTICS,Stem Cells,On - Toronto,,,,,,https://www.bluerocktx.com/,BioPharmGuy
INTELLISTEM,Stem Cells,On - Toronto,,,,,,https://www.intellistemtech.com/,BioPharmGuy
NOK THERAPEUTICS,Stem Cells,Pa - Cranberry Township,,,,,,https://www.noktx.com/,BioPharmGuy
IO BIOSCIENCES,Stem Cells,Pa - Doylestown,,,,,,https://iobiosciences.com/,BioPharmGuy
BLUEWHALE BIO,Stem Cells,Pa - Philadelphia,,,,,,https://bluewhale.bio/,BioPharmGuy
CABALETTA BIO,Stem Cells,Pa - Philadelphia,,,,,,https://www.cabalettabio.com/,BioPharmGuy
CENTURY THERAPEUTICS,Stem Cells,Pa - Philadelphia,,,,,,https://www.centurytx.com/,BioPharmGuy
IMVAX,Stem Cells,Pa - Philadelphia,,,,,,https://www.imvax.com/,BioPharmGuy
MONARCH THERAPEUTICS,Stem Cells,Pa - Philadelphia,,,,,,https://monarchtherapeutics.com/,BioPharmGuy
TOLERANCE BIO,Stem Cells,Pa - Philadelphia,,,,,,https://www.tolerancebio.com/,BioPharmGuy
VERISMO THERAPEUTICS,Stem Cells,Pa - Philadelphia,,,,,,https://verismotherapeutics.com/,BioPharmGuy
VIBE PHARMACEUTICALS,Stem Cells,Pa - Philadelphia,,,,,,http://vibepharmaceuticals.weebly.com/,BioPharmGuy
VIRION THERAPEUTICS,Stem Cells,Pa - Philadelphia,,,,,,https://www.viriontx.com/,BioPharmGuy
VITTORIA BIOTHERAPEUTICS,Stem Cells,Pa - Philadelphia,,,,,,https://vittoriabio.com/,BioPharmGuy
BLUESPHERE BIO,Stem Cells,Pa - Pittsburgh,,,,,,https://bluespherebio.com/,BioPharmGuy
COOK MYOSITE,Stem Cells,Pa - Pittsburgh,,,,,,https://www.cookmyosite.com/,BioPharmGuy
LYGENESIS,Stem Cells,Pa - Pittsburgh,,,,,,https://www.lygenesis.com/,BioPharmGuy
REZQ BIO,Stem Cells,Pa - Pittsburgh,,,,,,https://www.rezq.bio/,BioPharmGuy
COEPTIS THERAPEUTICS,Stem Cells,Pa - Wexford,,,,,,https://coeptis.com/,BioPharmGuy
IMMUTHERA,Stem Cells,Poland - Gdansk,,,,,,https://immuthera.bio/,BioPharmGuy
POLTREG,Stem Cells,Poland - Gdańsk,,,,,,https://poltreg.bio/,BioPharmGuy
CYTOIMMUNE THERAPEUTICS,Stem Cells,Pr - Toa Baja,,,,,,https://www.cytoimmune.com/,BioPharmGuy
CORDEX BIOLOGICS,Stem Cells,Qc - Montreal,,,,,,https://cordexbio.com/,BioPharmGuy
MODULARI-T BIOSCIENCES,Stem Cells,Qc - Montréal,,,,,,https://modularit.bio/,BioPharmGuy
KANEQ BIOSCIENCE,Stem Cells,Qc - Quebec,,,,,,https://kanyrpharma.com/,BioPharmGuy
NEUROTECH PHARMACEUTICALS,Stem Cells,Ri - Cumberland,,,,,,https://www.neurotechpharmaceuticals.com/,BioPharmGuy
CELLRESEARCHCORP,Stem Cells,Singapore - Singapore,,,,,,https://www.cellresearchcorp.com/,BioPharmGuy
CYTOMED THERAPEUTICS,Stem Cells,Singapore - Singapore,,,,,,https://w2.cytomed.sg/,BioPharmGuy
LION TCR,Stem Cells,Singapore - Singapore,,,,,,https://www.liontcr.com/,BioPharmGuy
MEDISIX THERAPEUTICS,Stem Cells,Singapore - Singapore,,,,,,https://medisixtx.com/,BioPharmGuy
GYALA THERAPEUTICS,Stem Cells,Spain - Barcelona,,,,,,https://www.gyalatx.com/,BioPharmGuy
ONECHAIN IMMUNOTHERAPEUTICS,Stem Cells,Spain - Barcelona,,,,,,https://www.onechaintx.com/,BioPharmGuy
HISTOCELL,Stem Cells,Spain - Bilbao,,,,,,https://histocell.com/en/,BioPharmGuy
DOBECURE,Stem Cells,Spain - Madrid,,,,,,https://dobecure.com/,BioPharmGuy
XINTELA,Stem Cells,Sweden - Lund,,,,,,https://xintela.se/en/home/,BioPharmGuy
ALDER THERAPEUTICS,Stem Cells,Sweden - Solna,,,,,,https://www.aldertx.com/,BioPharmGuy
CURACELL,Stem Cells,Sweden - Solna,,,,,,https://curacell.se/,BioPharmGuy
STROMABIO,Stem Cells,Sweden - Solna,,,,,,https://stromabio.se/,BioPharmGuy
MENDUS,Stem Cells,Sweden - Stockholm,,,,,,https://mendus.com/,BioPharmGuy
NEOGAP THERAPEUTICS,Stem Cells,Sweden - Stockholm,,,,,,https://neogap.se/,BioPharmGuy
CIMEIO THERAPEUTICS,Stem Cells,Switzerland - Basel,,,,,,https://www.cimeio.com/,BioPharmGuy
ENGIMMUNE THERAPEUTICS,Stem Cells,Switzerland - Basel,,,,,,https://www.engimmune.com/,BioPharmGuy
REGEN LAB,Stem Cells,Switzerland - Le Mont-Sur-Lausanne,,,,,,https://www.regenlab.com/,BioPharmGuy
CELLURIS,Stem Cells,Switzerland - Monthey,,,,,,https://celluris.com/en/home/,BioPharmGuy
HEKETISS,Stem Cells,Switzerland - Plan-Les-Ouates,,,,,,https://www.heketiss.ch/,BioPharmGuy
ELTHERA,Stem Cells,Switzerland - Schlieren,,,,,,https://www.elthera.com/,BioPharmGuy
IMMITRA BIO,Stem Cells,Switzerland - Schlieren,,,,,,https://immitrabio.com/,BioPharmGuy
CELLERYS,Stem Cells,Switzerland - Schlileren,,,,,,https://www.cellerys.com/,BioPharmGuy
CELLIS,Stem Cells,Switzerland - Zug,,,,,,https://cellis.eu/,BioPharmGuy
MUVON THERAPEUTICS,Stem Cells,Switzerland - Zurich,,,,,,https://www.muvon-therapeutics.com/,BioPharmGuy
TRANSWELL BIOTECH,Stem Cells,Taiwan - Hsinchu,,,,,,https://www.tw-bio.com/en-us/,BioPharmGuy
FULLHOPE BIOMEDICAL,Stem Cells,Taiwan - New Taipei City,,,,,,https://fhb.com.tw/en/%E9%97%9C%E6%96%BC%E5%AF%8C%E7%A6%BE/%E5%85%AC%E5%8F%B8%E7%B0%A1%E4%BB%8B/,BioPharmGuy
LOCUS CELL,Stem Cells,Taiwan - New Taipei City,,,,,,https://www.locus-cell.com/,BioPharmGuy
VECTORITE BIOMEDICAL,Stem Cells,Taiwan - New Taipei City,,,,,,https://www.vectorite.com.tw/m/,BioPharmGuy
EVER SUPREME BIOTECHNOLOGY,Stem Cells,Taiwan - Taichung,,,,,,https://en.ever-supreme.com.tw/,BioPharmGuy
STEMINENT BIOTHERAPEUTICS,Stem Cells,Taiwan - Taipei,,,,,,https://steminent.com/,BioPharmGuy
ACEPODIA,Stem Cells,Taiwan - Taipei City,,,,,,https://www.acepodia.com/,BioPharmGuy
PELL BMT,Stem Cells,Taiwan - Taipei City,,,,,,https://www.pellbmt.com/,BioPharmGuy
SAFE SAVE MEDICAL CELL SCIENCES & TECHNOLOGY,Stem Cells,Taiwan - Zhubei,,,,,,https://www.safesavecell.com/,BioPharmGuy
PRECISION LIFE SCIENCES GROUP,Stem Cells,Tn - Nashville,,,,,,https://www.precisionlsg.com/,BioPharmGuy
TRIUMVIRA IMMUNOLOGICS,Stem Cells,Tx - Austin,,,,,,https://triumvira.com/,BioPharmGuy
INSTIL BIO,Stem Cells,Tx - Dallas,,,,,,https://instilbio.com/,BioPharmGuy
TELOS BIOTECH,Stem Cells,Tx - Dallas,,,,,,https://www.telosbio.com/,BioPharmGuy
CELLENKOS,Stem Cells,Tx - Houston,,,,,,https://cellenkosinc.com/,BioPharmGuy
COYA THERAPEUTICS,Stem Cells,Tx - Houston,,,,,,https://coyatherapeutics.com/,BioPharmGuy
DIAKONOS ONCOLOGY,Stem Cells,Tx - Houston,,,,,,https://www.diakonosoncology.com/,BioPharmGuy
FIBROBIOLOGICS,Stem Cells,Tx - Houston,,,,,,https://fibrobiologics.com/,BioPharmGuy
INGENERON,Stem Cells,Tx - Houston,,,,,,https://ingeneron.com/,BioPharmGuy
KUVA LABS,Stem Cells,Tx - Houston,,,,,,https://kuvalabs.com/,BioPharmGuy
MARKER THERAPEUTICS,Stem Cells,Tx - Houston,,,,,,https://markertherapeutics.com/,BioPharmGuy
MONGOOSE BIO,Stem Cells,Tx - Houston,,,,,,https://www.mongoosebio.com/,BioPharmGuy
NKILT THERAPEUTICS,Stem Cells,Tx - Houston,,,,,,https://nkilt.com/,BioPharmGuy
REJENEVIE THERAPEUTICS,Stem Cells,Tx - Houston,,,,,,https://www.rejenevie.com/,BioPharmGuy
SECRETOME THERAPEUTICS,Stem Cells,Tx - Plano,,,,,,https://secretometherapeutics.com/,BioPharmGuy
STEMBIOSYS,Stem Cells,Tx - San Antonio,,,,,,https://www.stembiosys.com/,BioPharmGuy
IMMATICS BIOTECHNOLOGIES,Stem Cells,Tx - Stafford,,,,,,https://immatics.com/,BioPharmGuy
MICREGEN,Stem Cells,Uk - Berkshire,,,,,,https://micregen.com/,BioPharmGuy
SCARLET THERAPEUTICS,Stem Cells,Uk - Bristol,,,,,,https://scarlet-tx.com/,BioPharmGuy
CELLULAR ORIGINS,Stem Cells,Uk - Cambridge,,,,,,https://cellularorigins.com/,BioPharmGuy
INTIMA BIOSCIENCE,Stem Cells,Uk - Cambridge,,,,,,https://www.intimabioscience.com/,BioPharmGuy
MINK THERAPEUTICS,Stem Cells,Uk - Cambridge,,,,,,https://minktherapeutics.com/,BioPharmGuy
MOGRIFY,Stem Cells,Uk - Cambridge,,,,,,https://mogrify.co.uk/,BioPharmGuy
T-THERAPEUTICS,Stem Cells,Uk - Cambridge,,,,,,https://t-therapeutics.com/,BioPharmGuy
RESOLUTION THERAPEUTICS,Stem Cells,Uk - Edinburgh,,,,,,https://resolution-tx.com/,BioPharmGuy
ROSLINCT,Stem Cells,Uk - Edinburgh,,,,,,https://www.roslinct.com/,BioPharmGuy
TROPHICELL,Stem Cells,Uk - Liverpool,,,,,,https://www.trophicell.com/,BioPharmGuy
AUTOLUS THERAPEUTICS,Stem Cells,Uk - London,,,,,,https://www.autolus.com/,BioPharmGuy
LAVEROCK THERAPEUTICS,Stem Cells,Uk - London,,,,,,https://www.laverocktx.com/,BioPharmGuy
LEUCID BIO,Stem Cells,Uk - London,,,,,,https://www.leucid.com,BioPharmGuy
LIFT BIOSCIENCES,Stem Cells,Uk - London,,,,,,https://www.liftbiosciences.com/,BioPharmGuy
NK:IO,Stem Cells,Uk - London,,,,,,https://nk-io.com/,BioPharmGuy
QUELL THERAPEUTICS,Stem Cells,Uk - London,,,,,,https://www.quell-tx.com/,BioPharmGuy
SWARM ONCOLOGY,Stem Cells,Uk - London,,,,,,https://swarmoncology.bio/,BioPharmGuy
TENPOINT THERAPEUTICS,Stem Cells,Uk - London,,,,,,https://tenpointtherapeutics.com/,BioPharmGuy
LOCATE BIO,Stem Cells,Uk - Nottingham,,,,,,https://locatebio.com/,BioPharmGuy
BARINTHUS BIOTHERAPEUTICS,Stem Cells,Uk - Oxford,,,,,,https://www.barinthusbio.com/,BioPharmGuy
SINGULA BIO,Stem Cells,Uk - Oxford,,,,,,https://singulabio.com/,BioPharmGuy
MICREGEN,Stem Cells,Uk - Reading,,,,,,https://micregen.com/,BioPharmGuy
RINRI THERAPEUTICS,Stem Cells,Uk - Sheffield,,,,,,https://www.rinri-therapeutics.com/,BioPharmGuy
RENEURON,Stem Cells,Uk - Surrey,,,,,,https://www.reneuron.com/,BioPharmGuy
MESENBIO,Stem Cells,Uk - York,,,,,,https://www.mesenbio.net/,BioPharmGuy
THUNDER BIOTECH,Stem Cells,Ut - Provo,,,,,,https://thunderbiotech.com/,BioPharmGuy
DISCGENICS,Stem Cells,Ut - Salt Lake City,,,,,,https://www.discgenics.com/,BioPharmGuy
SYMBIOCELLTECH,Stem Cells,Ut - Salt Lake City,,,,,,https://symbiocelltech.com/,BioPharmGuy
QUOIN PHARMACEUTICALS,Stem Cells,Va - Ashburn,,,,,,https://quoinpharma.com/,BioPharmGuy
SLATE BIO,Stem Cells,Va - Charlottesville,,,,,,https://slatebio.com/,BioPharmGuy
LYELL IMMUNOPHARMA,Stem Cells,Wa - Bothell,,,,,,https://www.lyell.com/,BioPharmGuy
DENDREON,Stem Cells,Wa - Seattle,,,,,,https://www.dendreon.com/,BioPharmGuy
DEVERRA THERAPEUTICS,Stem Cells,Wa - Seattle,,,,,,https://www.deverratx.com/,BioPharmGuy
GENTIBIO,Stem Cells,Wa - Seattle,,,,,,https://www.gentibio.com/,BioPharmGuy
IMMUSOFT,Stem Cells,Wa - Seattle,,,,,,https://www.immusoft.com/,BioPharmGuy
LYELL IMMUNOPHARMA,Stem Cells,Wa - Seattle,,,,,,https://www.lyell.com/,BioPharmGuy
MOONLIGHT BIO,Stem Cells,Wa - Seattle,,,,,,https://moonlightbio.us/#Home,BioPharmGuy
OUTPACE BIO,Stem Cells,Wa - Seattle,,,,,,https://www.outpacebio.com/,BioPharmGuy
UMOJA BIOPHARMA,Stem Cells,Wa - Seattle,,,,,,https://www.umoja-biopharma.com/,BioPharmGuy
JANGOBIO,Stem Cells,Wi - Fitchburg,,,,,,https://www.jango.bio/,BioPharmGuy
OPSIS THERAPEUTICS,Stem Cells,Wi - Madison,,,,,,https://opsistx.com/,BioPharmGuy
VASCUGEN,Stem Cells,Wi - Madison,,,,,,https://vascugen.com/,BioPharmGuy
RADIOPHARM THERANOSTICS,Radiopharmaceuticals,Australia - Carlton South,,,,,,https://radiopharmtheranostics.com/,BioPharmGuy
ONCOSIL MEDICAL,Radiopharmaceuticals,Australia - Macquarie Park,,,,,,https://www.oncosil.com/,BioPharmGuy
GT MEDICAL TECHNOLOGIES,Radiopharmaceuticals,Az - Tempe,,,,,,https://gammatile.com/,BioPharmGuy
ALPHA-9 ONCOLOGY,Radiopharmaceuticals,Bc - Vancouver,,,,,,https://www.a9oncology.com/,BioPharmGuy
PANTERA,Radiopharmaceuticals,Belgium - Mol,,,,,,https://pantera-life.com/,BioPharmGuy
REFLEXION MEDICAL,Radiopharmaceuticals,Ca - Hayward,,,,,,https://reflexion.com/,BioPharmGuy
IRONFIST THERAPEUTICS,Radiopharmaceuticals,Ca - Redwood City,,,,,,https://ironfisttx.com/,BioPharmGuy
TWOSTEP THERAPEUTICS,Radiopharmaceuticals,Ca - San Carlos,,,,,,https://twosteptx.com/,BioPharmGuy
RADIONETICS ONCOLOGY,Radiopharmaceuticals,Ca - San Diego,,,,,,https://radionetics.com/,BioPharmGuy
INTRAOP MEDICAL,Radiopharmaceuticals,Ca - Sunnyvale,,,,,,https://intraop.com/,BioPharmGuy
NUSANO,Radiopharmaceuticals,Ca - Valencia,,,,,,https://nusano.com/,BioPharmGuy
C-RAY THERAPEUTICS,Radiopharmaceuticals,China - Beijing,,,,,,https://www.c-raytherapeutics.com/,BioPharmGuy
C-RAY THERAPEUTICS,Radiopharmaceuticals,China - Chengdu,,,,,,https://www.c-raytherapeutics.com/,BioPharmGuy
CHENGDU NEW RADIOMEDICINE,Radiopharmaceuticals,China - Chengdu,,,,,,https://en.nrtmedtech.com/,BioPharmGuy
NEUBORON MEDICAL GROUP,Radiopharmaceuticals,China - Nanjing,,,,,,https://en.neuboron.com/,BioPharmGuy
ALPHAGEN THERAPEUTICS,Radiopharmaceuticals,China - Shanghai,,,,,,https://www.alphagentx.com/,BioPharmGuy
BEBIG MEDICAL,Radiopharmaceuticals,China - Shanghai,,,,,,https://www.bebigmedical.com/,BioPharmGuy
BIVISION PHARMACEUTICALS,Radiopharmaceuticals,China - Shanghai,,,,,,https://www.bivisionpharma.com/,BioPharmGuy
C-RAY THERAPEUTICS,Radiopharmaceuticals,China - Shanghai,,,,,,https://www.c-raytherapeutics.com/,BioPharmGuy
FULL-LIFE TECHNOLOGIES,Radiopharmaceuticals,China - Shanghai,,,,,,https://www.full-life.com/,BioPharmGuy
SMARTNUCLIDE BIOPHARMA,Radiopharmaceuticals,China - Shanghai,,,,,,https://www.smartnucl.com/en/,BioPharmGuy
SMARTNUCLIDE BIOPHARMA,Radiopharmaceuticals,China - Suzhou,,,,,,https://www.smartnucl.com/en/,BioPharmGuy
YANTAI LNC BIOTECHNOLOGY,Radiopharmaceuticals,China - Yantai,,,,,,https://en.dc-lnc.com/,BioPharmGuy
NAMI THERAPEUTICS,Radiopharmaceuticals,Ct - Storrs,,,,,,https://www.namitherapeutics.com/,BioPharmGuy
TEN BORON,Radiopharmaceuticals,Finland - Helsinki,,,,,,https://tenboron.fi/,BioPharmGuy
SENSUS HEALTHCARE,Radiopharmaceuticals,Fl - Boca Raton,,,,,,https://sensushealthcare.com/,BioPharmGuy
CVERGENX,Radiopharmaceuticals,Fl - Tampa,,,,,,https://www.cvergenx.com/,BioPharmGuy
BLUEHAVEN THERAPEUTICS,Radiopharmaceuticals,Germany - Allschwil,,,,,,https://www.bluewavetherapeutics.com/,BioPharmGuy
ARICEUM THERAPEUTICS,Radiopharmaceuticals,Germany - Berlin,,,,,,https://ariceum-therapeutics.com/,BioPharmGuy
BEBIG MEDICAL,Radiopharmaceuticals,Germany - Berlin,,,,,,https://www.bebigmedical.com/,BioPharmGuy
ITM ISOTOPEN TECHNOLOGIEN MÜNCHEN,Radiopharmaceuticals,Germany - Garching,,,,,,https://www.itm-radiopharma.com/home,BioPharmGuy
TRIMT,Radiopharmaceuticals,Germany - Radeberg,,,,,,https://www.trimt.de/,BioPharmGuy
BEBIG MEDICAL,Radiopharmaceuticals,Germany - St. Gangloff,,,,,,https://www.bebigmedical.com/,BioPharmGuy
PENTIXAPHARM,Radiopharmaceuticals,Germany - Würzburg,,,,,,https://www.pentixapharm.com/,BioPharmGuy
PERSPECTIVE THERAPEUTICS,Radiopharmaceuticals,Ia - Coralville,,,,,,https://perspectivetherapeutics.com/,BioPharmGuy
SPECTRONRX,Radiopharmaceuticals,In - Indianapolis,,,,,,https://www.spectronrx.com/,BioPharmGuy
ALPHA TAU MEDICAL,Radiopharmaceuticals,Israel - Jerusalem,,,,,,https://www.alphatau.com/,BioPharmGuy
ISOTOPIA MOLECULAR IMAGING,Radiopharmaceuticals,Israel - Petach Tikva,,,,,,https://isotopia-global.com/,BioPharmGuy
SENSUS HEALTHCARE,Radiopharmaceuticals,Israel - Tel Aviv,,,,,,https://sensushealthcare.com/,BioPharmGuy
STARGET PHARMA,Radiopharmaceuticals,Israel - Zz,,,,,,https://stargetpharma.com/,BioPharmGuy
BETAGLUE THERAPEUTICS,Radiopharmaceuticals,Italy - Milan,,,,,,https://betaglue.com/,BioPharmGuy
LINQMED,Radiopharmaceuticals,Japan - Chiba,,,,,,https://linqmed.net/,BioPharmGuy
RADIO NANOTHERAPEUTICS,Radiopharmaceuticals,Japan - Kyoto,,,,,,https://www.radionano-tx.com/en,BioPharmGuy
ALPHA FUSION,Radiopharmaceuticals,Japan - Tokyo,,,,,,https://alpha-fusion.com/,BioPharmGuy
LINQMED,Radiopharmaceuticals,Japan - Tokyo,,,,,,https://linqmed.net/,BioPharmGuy
MEVION MEDICAL SYSTEMS,Radiopharmaceuticals,Japan - Tokyo,,,,,,https://mevion.com/,BioPharmGuy
PDRADIOPHARMA,Radiopharmaceuticals,Japan - Tokyo,,,,,,https://www.pdradiopharma.com/en/,BioPharmGuy
CURACHEM,Radiopharmaceuticals,Korea - Cheongju,,,,,,https://curachem.com/,BioPharmGuy
CNCURE BIOTECH,Radiopharmaceuticals,Korea - Hwasun-Gun,,,,,,http://cncure.co.kr/,BioPharmGuy
DUCHEMBIO,Radiopharmaceuticals,Korea - Seoul,,,,,,http://www.duchembio.com/en/,BioPharmGuy
FUTURECHEM,Radiopharmaceuticals,Korea - Seoul,,,,,,https://www.futurechem.co.kr/?language=eng,BioPharmGuy
ALPHA CURE THERAPEUTICS,Radiopharmaceuticals,Ma - Boston,,,,,,https://alphacuretx.com/,BioPharmGuy
ALPHA-9 ONCOLOGY,Radiopharmaceuticals,Ma - Boston,,,,,,https://www.a9oncology.com/,BioPharmGuy
ASTA BIO,Radiopharmaceuticals,Ma - Boston,,,,,,https://www.astabiotx.com/,BioPharmGuy
RATIO THERAPEUTICS,Radiopharmaceuticals,Ma - Boston,,,,,,https://ratiotx.com/,BioPharmGuy
ACTITHERA,Radiopharmaceuticals,Ma - Cambridge,,,,,,https://actithera.com/,BioPharmGuy
CONVERGENT THERAPEUTICS,Radiopharmaceuticals,Ma - Cambridge,,,,,,https://convergentrx.com/,BioPharmGuy
ALPHA TAU MEDICAL,Radiopharmaceuticals,Ma - Lawrence,,,,,,https://www.alphatau.com/,BioPharmGuy
MEVION MEDICAL SYSTEMS,Radiopharmaceuticals,Ma - Littleton,,,,,,https://mevion.com/,BioPharmGuy
CURADEL PHARMA,Radiopharmaceuticals,Ma - Natick,,,,,,https://www.curadelpharma.com/,BioPharmGuy
MARIANA ONCOLOGY,Radiopharmaceuticals,Ma - Watertown,,,,,,https://marianaoncology.com/,BioPharmGuy
IONETIX,Radiopharmaceuticals,Mi - Lansing,,,,,,https://ionetix.com/,BioPharmGuy
NIOWAVE,Radiopharmaceuticals,Mi - Lansing,,,,,,https://niowaveinc.com/,BioPharmGuy
EHMET HEALTH,Radiopharmaceuticals,Mi - Plymouth,,,,,,https://www.ehmethealth.com/,BioPharmGuy
NUCLEUS RADIOPHARMA,Radiopharmaceuticals,Nc - Davidson,,,,,,https://nucleusrad.com/,BioPharmGuy
CIVATECH ONCOLOGY,Radiopharmaceuticals,Nc - Morrisville,,,,,,https://civatechoncology.com/,BioPharmGuy
CORTALIX,Radiopharmaceuticals,Netherlands - Groningen,,,,,,https://cortalix.com/,BioPharmGuy
ALPHA TAU MEDICAL,Radiopharmaceuticals,Nh - Hudson,,,,,,https://www.alphatau.com/,BioPharmGuy
JUNIPER BIOSCIENCES,Radiopharmaceuticals,Nj - Bridgewater,,,,,,https://juniperbiosci.com/,BioPharmGuy
ARTBIO,Radiopharmaceuticals,Norway - Oslo,,,,,,https://artbio.com/,BioPharmGuy
THOR MEDICAL,Radiopharmaceuticals,Norway - Oslo,,,,,,https://www.thormedical.com/,BioPharmGuy
BEBIG MEDICAL,Radiopharmaceuticals,Ny - Mount Vernon,,,,,,https://www.bebigmedical.com/,BioPharmGuy
AVIKO RADIOPHARMACEUTICALS,Radiopharmaceuticals,Ny - New York,,,,,,https://avikobnct.com/,BioPharmGuy
NAVIDEA BIOPHARMACEUTICALS,Radiopharmaceuticals,Oh - Columbus,,,,,,https://www.navidea.com/,BioPharmGuy
ATOMVIE GLOBAL RADIOPHARMA,Radiopharmaceuticals,On - Hamilton,,,,,,https://www.atomvie.com/,BioPharmGuy
BWXT MEDICAL,Radiopharmaceuticals,On - Ottawa,,,,,,https://www.bwxtmedical.com/,BioPharmGuy
THERALASE TECHNOLOGIES,Radiopharmaceuticals,On - Toronto,,,,,,https://theralase.com/,BioPharmGuy
CURADH MTR,Radiopharmaceuticals,Pa - Chester Springs,,,,,,https://curadhmtr.com/,BioPharmGuy
JUBILANT RADIOPHARMACIES,Radiopharmaceuticals,Pa - Yardley,,,,,,https://jubilantradiopharmacies.com/,BioPharmGuy
ISOLOGIC INNOVATIVE RADIOPHARMACEUTICALS,Radiopharmaceuticals,Qc - Dorval,,,,,,https://isologicradiopharm.ca/en/,BioPharmGuy
ELEKTA,Radiopharmaceuticals,Sweden - Stockholm,,,,,,https://www.elekta.com/,BioPharmGuy
NUCLIDIUM,Radiopharmaceuticals,Switzerland - Basel,,,,,,https://nuclidium.com/,BioPharmGuy
PRIMO BIOTECHNOLOGY,Radiopharmaceuticals,Taiwan - Taipei,,,,,,https://www.primobt.com/en/,BioPharmGuy
ISOTHERAPEUTICS,Radiopharmaceuticals,Tx - Angleton,,,,,,https://isotherapeutics.com/,BioPharmGuy
PLUS THERAPEUTICS,Radiopharmaceuticals,Tx - Austin,,,,,,https://plustherapeutics.com/,BioPharmGuy
RADIOMEDIX,Radiopharmaceuticals,Tx - Houston,,,,,,https://radiomedix.com/,BioPharmGuy
RADIOMER THERAPEUTICS,Radiopharmaceuticals,Tx - Houston,,,,,,https://www.radiomer.com/,BioPharmGuy
PLUS THERAPEUTICS,Radiopharmaceuticals,Tx - San Antonio,,,,,,https://plustherapeutics.com/,BioPharmGuy
FUZIONAIRE THERANOSTICS,Radiopharmaceuticals,Tx - The Woodlands,,,,,,https://fuzionairetx.com/,BioPharmGuy
BLUE EARTH THERAPEUTICS,Radiopharmaceuticals,Uk - Oxford,,,,,,https://www.blueearththerapeutics.com/,BioPharmGuy
MEVION MEDICAL SYSTEMS,Radiopharmaceuticals,Uk - Surrey,,,,,,https://mevion.com/,BioPharmGuy
SOFIE,Radiopharmaceuticals,Va - Dulles,,,,,,https://sofie.com/,BioPharmGuy
PERSPECTIVE THERAPEUTICS,Radiopharmaceuticals,Wa - Seattle,,,,,,https://perspectivetherapeutics.com/,BioPharmGuy
NORTHSTAR MEDICAL TECHNOLOGIES,Radiopharmaceuticals,Wi - Beloit,,,,,,https://www.northstarnm.com/,BioPharmGuy
ARCHEUS TECHNOLOGIES,Radiopharmaceuticals,Wi - Madison,,,,,,https://www.archeustech.com/,BioPharmGuy
MEABCO,Tissue Engineering,-,,,,,,,BioPharmGuy
ORTHOCELL,Tissue Engineering,Australia - Murdoch,,,,,,https://orthocell.com/,BioPharmGuy
ANTERIS TECHNOLOGIES,Tissue Engineering,Australia - Toowong,,,,,,https://anteristech.com/home.html,BioPharmGuy
BIOLAB HOLDINGS,Tissue Engineering,Az - Mesa,,,,,,https://www.biolabholdings.com/,BioPharmGuy
AVERY THERAPEUTICS,Tissue Engineering,Az - Tucson,,,,,,https://averythera.com/,BioPharmGuy
FRONTIER BIO,Tissue Engineering,Ca - Hayward,,,,,,https://www.frontierbio.com/,BioPharmGuy
CORNEA BIOSCIENCES,Tissue Engineering,Ca - Rancho Santa Margarita,,,,,,https://corneabio.com/,BioPharmGuy
PANDORUM TECHNOLOGIES,Tissue Engineering,Ca - San Carlos,,,,,,https://pandorum.com/,BioPharmGuy
ASCENTX MEDICAL,Tissue Engineering,Ca - San Diego,,,,,,https://ascentxmedical.com/,BioPharmGuy
TRESTLE BIOTHERAPEUTICS,Tissue Engineering,Ca - San Diego,,,,,,https://trestlebio.com/,BioPharmGuy
3-D MATRIX,Tissue Engineering,China - Beijing,,,,,,https://3dmatrix.com/,BioPharmGuy
3-D MATRIX,Tissue Engineering,China - Hong Kong,,,,,,https://3dmatrix.com/,BioPharmGuy
CERAPEDICS,Tissue Engineering,Co - Westminster,,,,,,https://www.cerapedics.com/,BioPharmGuy
GRAFTYS,Tissue Engineering,France - Aix En Provence,,,,,,https://graftys.com/,BioPharmGuy
3-D MATRIX,Tissue Engineering,France - Caluire Et Cuire,,,,,,https://3dmatrix.com/,BioPharmGuy
EPISKIN,Tissue Engineering,France - Lyon,,,,,,https://www.episkin.com/,BioPharmGuy
MEGA BIOPHARMA,Tissue Engineering,France - Paris,,,,,,https://www.megabiopharma.com/,BioPharmGuy
ACS-BIOTECH,Tissue Engineering,France - Villeurbanne,,,,,,https://acsbiotech.com/,BioPharmGuy
POLYMEDICS INNOVATION,Tissue Engineering,Germany - Kirchheim Unter Teck,,,,,,https://polymedics.com/us/,BioPharmGuy
3-D MATRIX,Tissue Engineering,Japan - Tokyo,,,,,,https://3dmatrix.com/,BioPharmGuy
NIBEC,Tissue Engineering,Korea - Seoul,,,,,,https://nibec.co.kr/,BioPharmGuy
ROKIT,Tissue Engineering,Korea - Seoul,,,,,,https://rokithealthcare.com/kr,BioPharmGuy
TEGO SCIENCE,Tissue Engineering,Korea - Seoul,,,,,,http://www.tegoscience.com/eng/main.do,BioPharmGuy
VITAL3D TECHNOLOGIES,Tissue Engineering,Lithuania - Vilnius,,,,,,https://vital3d.eu/,BioPharmGuy
GEL4MED,Tissue Engineering,Ma - Brighton,,,,,,https://www.gelformed.com/,BioPharmGuy
HARVARD APPARATUS REGENERATIVE TECHNOLOGY,Tissue Engineering,Ma - Holliston,,,,,,https://hregen.com/,BioPharmGuy
IVIVA MEDICAL,Tissue Engineering,Ma - Medford,,,,,,https://ivivamedical.com/,BioPharmGuy
3-D MATRIX,Tissue Engineering,Ma - Newton,,,,,,https://3dmatrix.com/,BioPharmGuy
MIROMATRIX,Tissue Engineering,Mn - Eden Prairie,,,,,,https://miromatrix.com,BioPharmGuy
PONTE BIOSCIENCES,Tissue Engineering,Mn - Rochester,,,,,,https://pontebiosciences.com/,BioPharmGuy
VASCUDYNE,Tissue Engineering,Mn - St. Paul,,,,,,https://vascudyne.com/,BioPharmGuy
MAANA DISCOVERIES,Tissue Engineering,Mt - Missoula,,,,,,https://maanadiscoveries.com/,BioPharmGuy
CYTEXORTHO,Tissue Engineering,Nc - Durham,,,,,,https://cytexortho.com/,BioPharmGuy
HUMACYTE,Tissue Engineering,Nc - Durham,,,,,,https://humacyte.com/,BioPharmGuy
3-D MATRIX,Tissue Engineering,Netherlands - Hoofddorp,,,,,,https://3dmatrix.com/,BioPharmGuy
CLEXBIO,Tissue Engineering,Norway - Oslo,,,,,,https://www.clexbio.com/,BioPharmGuy
FESARIUS THERAPEUTICS,Tissue Engineering,Ny - New York,,,,,,https://www.fesariustherapeutics.com/,BioPharmGuy
ATREON ORTHOPEDICS,Tissue Engineering,Oh - Dublin,,,,,,https://atreonortho.com/,BioPharmGuy
GRAFTABLE,Tissue Engineering,Pa - Philadelphia,,,,,,https://graftablebio.com/,BioPharmGuy
MORPHOCELL TECHNOLOGIES,Tissue Engineering,Qc - Laval,,,,,,https://www.morphocell.com/,BioPharmGuy
3-D MATRIX,Tissue Engineering,Singapore - Singapore,,,,,,https://3dmatrix.com/,BioPharmGuy
VERIGRAFT,Tissue Engineering,Sweden - Gothenburg,,,,,,https://verigraft.com/,BioPharmGuy
AKIRA SCIENCE,Tissue Engineering,Sweden - Stockholm,,,,,,https://akirascience.com/,BioPharmGuy
TISSUELABS,Tissue Engineering,Switzerland - Bellinzona,,,,,,https://www.tissuelabs.com/,BioPharmGuy
EPITHELIX SARL,Tissue Engineering,Switzerland - Geneva,,,,,,https://www.epithelix.com/,BioPharmGuy
CELLING BIOSCIENCES,Tissue Engineering,Tx - Austin,,,,,,https://www.cellingbiosciences.com/,BioPharmGuy
GLIALIGN,Tissue Engineering,Uk - London,,,,,,https://glialign.com/,BioPharmGuy
KLONA BIOTECH,Tissue Engineering,Uk - London,,,,,,https://klonabiotech.com/,BioPharmGuy
BLACK CANYON BIO,Vaccines,-,,,,,,https://www.blackcanyonbio.com/,BioPharmGuy
CASTLEVAX,Vaccines,- Virtual,,,,,,https://www.castlevax.com/,BioPharmGuy
GPN VACCINES,Vaccines,Australia - Canberra,,,,,,https://gpnvaccines.com/,BioPharmGuy
SEMENTIS,Vaccines,Australia - Hackney,,,,,,https://sementis.com.au/,BioPharmGuy
GAMMA VACCINES,Vaccines,Australia - Yarralumla,,,,,,https://gammavaccines.com/,BioPharmGuy
AFFIRIS,Vaccines,Austria - Vienna,,,,,,https://affiris.com/,BioPharmGuy
EVELIQURE BIOTECHNOLOGIES,Vaccines,Austria - Vienna,,,,,,https://www.eveliqure.com/,BioPharmGuy
TRIDEM BIOSCIENCE,Vaccines,Austria - Vienna,,,,,,https://www.tridem.at/home,BioPharmGuy
YGION BIOMEDICAL,Vaccines,Austria - Vienna,,,,,,https://www.ygion.bio/,BioPharmGuy
INCEPTA VACCINE,Vaccines,Bangladesh - Dhaka,,,,,,https://inceptavaccine.com/,BioPharmGuy
EYAM VACCINES & IMMUNOTHERAPEUTICS,Vaccines,Bc - New Westminster,,,,,,https://eyamhealth.com/,BioPharmGuy
EPITOPOIETIC RESEARCH,Vaccines,Belgium - Gembloux Isnes,,,,,,http://erc-immunotherapy.com/,BioPharmGuy
ASTRIVAX THERAPEUTICS,Vaccines,Belgium - Heverlee,,,,,,https://astrivax.com/,BioPharmGuy
CURAVAC,Vaccines,Belgium - Rixensart,,,,,,https://www.curavac.com/,BioPharmGuy
ENGEN BIO,Vaccines,Ca - Redwood City,,,,,,https://www.engenbio.com/,BioPharmGuy
VAXCYTE,Vaccines,Ca - San Carlos,,,,,,https://vaxcyte.com/,BioPharmGuy
GENEXGEN,Vaccines,Ca - San Francisco,,,,,,https://www.genexgen.com/,BioPharmGuy
VAXART,Vaccines,Ca - South Sf,,,,,,https://vaxart.com/,BioPharmGuy
INVVAX,Vaccines,Ca - Torrance,,,,,,https://www.inv-vax.com/,BioPharmGuy
LAKESHORE BIOPHARMA,Vaccines,China - Beijing,,,,,,https://lakeshorebio.com/,BioPharmGuy
NEOCURA,Vaccines,China - Beijing,,,,,,https://www.neocura.net/,BioPharmGuy
SINOVAC BIOTECH,Vaccines,China - Beijing,,,,,,http://www.sinovac.com/,BioPharmGuy
MAXVAX BIOTECHNOLOGY,Vaccines,China - Chengdu,,,,,,https://en.maxvax.cn/,BioPharmGuy
OLYMVAX,Vaccines,China - Chengdu,,,,,,http://en.olymvax.com/,BioPharmGuy
NEOCURA,Vaccines,China - Guangzhou,,,,,,https://www.neocura.net/,BioPharmGuy
INNOVAX,Vaccines,China - Haicang District,,,,,,https://www.innovax.cn/,BioPharmGuy
WALVAX BIOTECHNOLOGY,Vaccines,China - Kunming,,,,,,https://en.walvax.com/,BioPharmGuy
GRID BIOSCIENCES,Vaccines,China - New Territories,,,,,,https://www.gridbiosciences.com/,BioPharmGuy
KANGTAI BIOLOGICAL PRODUCTS,Vaccines,China - Shenzhen,,,,,,https://en.biokangtai.com/,BioPharmGuy
NEOCURA,Vaccines,China - Shenzhen,,,,,,https://www.neocura.net/,BioPharmGuy
AB & B BIOTECH,Vaccines,China - Taizhou,,,,,,https://en.abbbio.com/,BioPharmGuy
BRAVOVAX,Vaccines,China - Wuhan,,,,,,https://www.bravovax.com/,BioPharmGuy
HUALAN BIOLOGICAL VACCINE,Vaccines,China - Xinxiang,,,,,,http://hualanbacterin.com/eng/,BioPharmGuy
VIVALDI BIOSCIENCES,Vaccines,Co - Fort Collins,,,,,,https://vivaldibiosciences.com/,BioPharmGuy
AXON NEUROSCIENCE,Vaccines,Cyprus - Larnaca,,,,,,https://www.axon-neuroscience.eu/,BioPharmGuy
UVAX BIO,Vaccines,De - Newark,,,,,,https://www.uvaxbio.com/,BioPharmGuy
AJ VACCINES,Vaccines,Denmark - Copenhagen,,,,,,https://ajvaccines.com/,BioPharmGuy
MINERVAX,Vaccines,Denmark - Copenhagen,,,,,,https://minervax.com/,BioPharmGuy
SYNKLINO,Vaccines,Denmark - Copenhagen,,,,,,https://www.synklino.com/,BioPharmGuy
ADAPTVAC,Vaccines,Denmark - Frederiksberg,,,,,,https://www.adaptvac.com/,BioPharmGuy
EVAXION,Vaccines,Denmark - Hørsholm,,,,,,https://evaxion.ai/,BioPharmGuy
GLYPROVAC,Vaccines,Denmark - Odense,,,,,,https://www.glyprovac.com/,BioPharmGuy
ROKOTE LABORATORIES,Vaccines,Finland - Kuopio,,,,,,https://rokote.com/,BioPharmGuy
ILIAD BIOTECHNOLOGIES,Vaccines,Fl - Weston,,,,,,https://www.iliadbio.com/,BioPharmGuy
KAHIMMUNE THERAPEUTICS,Vaccines,France - Avignon,,,,,,https://kahimmune.com/,BioPharmGuy
VAXINANO,Vaccines,France - Loos,,,,,,https://www.vaxinano.com/,BioPharmGuy
ERVIMMUNE,Vaccines,France - Lyon,,,,,,https://ervimmune.com/,BioPharmGuy
OSIVAX,Vaccines,France - Lyon,,,,,,https://osivax.com/,BioPharmGuy
THERAVECTYS,Vaccines,France - Paris,,,,,,https://theravectys.com/,BioPharmGuy
VAXXEL,Vaccines,France - Villeurbanne,,,,,,https://vaxxel.fr/,BioPharmGuy
BLUE LAKE BIOTECHNOLOGY,Vaccines,Ga - Athens,,,,,,https://www.bluelakebiotechnology.com/,BioPharmGuy
CYANVAC,Vaccines,Ga - Athens,,,,,,https://www.cyanvacllc.com/,BioPharmGuy
GENETIC IMMUNITY,Vaccines,Hungary - Budapest,,,,,,https://geneticimmunity.hu/,BioPharmGuy
BHARAT BIOTECH,Vaccines,India - Hyderabad,,,,,,https://www.bharatbiotech.com/,BioPharmGuy
PANACEA BIOTEC,Vaccines,India - New Delhi,,,,,,https://www.panaceabiotec.com/,BioPharmGuy
GENNOVA BIO,Vaccines,India - Pune,,,,,,https://gennova.bio/,BioPharmGuy
NEOMATRIX,Vaccines,Italy - Rome,,,,,,https://www.neomatrixbiotech.com/index.php,BioPharmGuy
BIOMVIS,Vaccines,Italy - Siena,,,,,,https://www.biomvis.com/,BioPharmGuy
BIKEN GROUP,Vaccines,Japan - Kanonji,,,,,,https://www.biken.or.jp/english/,BioPharmGuy
BIOCOMO,Vaccines,Japan - Mie-Gun,,,,,,https://biocomo.jp/,BioPharmGuy
HANAVAX,Vaccines,Japan - Osaka,,,,,,https://en.hanavax.co.jp/,BioPharmGuy
CELLID,Vaccines,Korea - Seoul,,,,,,http://www.cellid.co.kr/?lang=en,BioPharmGuy
DX&VX,Vaccines,Korea - Seoul,,,,,,https://www.dxvx.com/,BioPharmGuy
EUBIOLOGICS,Vaccines,Korea - Seoul,,,,,,http://www.eubiologics.com/eng/,BioPharmGuy
GIVAX,Vaccines,Ma - Boston,,,,,,https://www.givax.bio/,BioPharmGuy
INHIBIKASE THERAPEUTICS,Vaccines,Ma - Boston,,,,,,https://www.inhibikase.com/,BioPharmGuy
VAXSYNA,Vaccines,Ma - Boston,,,,,,https://www.vaxsyna.com/,BioPharmGuy
PUBLIC HEALTH VACCINES,Vaccines,Ma - Cambridge,,,,,,https://phvaccines.com/,BioPharmGuy
ATTIVARE THERAPEUTICS,Vaccines,Ma - Natick,,,,,,https://attivaretx.com/,BioPharmGuy
RATIONAL VACCINES,Vaccines,Ma - Woburn,,,,,,https://rationalvaccines.com/,BioPharmGuy
LONGHORN VACCINES,Vaccines,Md - Bethesda,,,,,,https://www.lhnvd.com/,BioPharmGuy
BIOLOGICAL MIMETICS,Vaccines,Md - Frederick,,,,,,https://biologicalmimetics.com/,BioPharmGuy
MEDIGEN,Vaccines,Md - Frederick,,,,,,https://medigen-usa.com/,BioPharmGuy
VLP THERAPEUTICS,Vaccines,Md - Gaithersburg,,,,,,https://vlptherapeutics.com/,BioPharmGuy
IMMUNOMIC THERAPEUTICS,Vaccines,Md - Rockville,,,,,,https://immunomix.com/,BioPharmGuy
SANARIA,Vaccines,Md - Rockville,,,,,,https://sanaria.com/,BioPharmGuy
EVOQ THERAPEUTICS,Vaccines,Mi - Ann Arbor,,,,,,https://www.evoqtherapeutics.com/,BioPharmGuy
IASO THERAPEUTICS,Vaccines,Mi - East Lansing,,,,,,https://iasotherapeutics.com/,BioPharmGuy
SYNTIRON,Vaccines,Mn - St. Paul,,,,,,https://syntiron.com/,BioPharmGuy
IMMUNOPHOTONICS,Vaccines,Mo - St. Louis,,,,,,https://immunophotonics.com/,BioPharmGuy
OMNIOSE,Vaccines,Mo - St. Louis,,,,,,https://omniose.com/,BioPharmGuy
CITRANVI BIOSCIENCES,Vaccines,Nc - Chapel Hill,,,,,,https://www.citranvi.com/,BioPharmGuy
TREGTHERAPEUTICS,Vaccines,Nc - Chapel Hill,,,,,,https://tregtherapeutics.com/,BioPharmGuy
CLARUS BIOLOGICS,Vaccines,Nc - Morrisville,,,,,,https://clarusbiologics.com/,BioPharmGuy
CIMCURE,Vaccines,Netherlands - Amsterdam,,,,,,https://cimcure.com/,BioPharmGuy
BILTHOVEN BIOLOGICALS,Vaccines,Netherlands - Bilthoven,,,,,,https://www.bbio.nl/,BioPharmGuy
ADJANE,Vaccines,Netherlands - Delft,,,,,,https://adjane.com/,BioPharmGuy
MCM VACCINES,Vaccines,Netherlands - Leiden,,,,,,https://www.mcmbv.eu/,BioPharmGuy
VIRONOVATIVE,Vaccines,Netherlands - Lelystad,,,,,,https://www.vironovative.com/,BioPharmGuy
CYTUVAX,Vaccines,Netherlands - Maastricht,,,,,,https://www.cytuvax.com/,BioPharmGuy
CALDER BIOSCIENCES,Vaccines,Ny - Brooklyn,,,,,,https://www.calderbiosciences.com/,BioPharmGuy
POP BIOTECHNOLOGIES,Vaccines,Ny - Buffalo,,,,,,https://www.pop.bio/,BioPharmGuy
TECHNOVAX,Vaccines,Ny - Elmsford,,,,,,https://www.technovax.com/,BioPharmGuy
CODAGENIX,Vaccines,Ny - Farmingdale,,,,,,https://codagenix.com/,BioPharmGuy
PYROJAS,Vaccines,Ny - Long Island City,,,,,,https://www.pyrojas.com/,BioPharmGuy
AURO VACCINES,Vaccines,Ny - Pearl River,,,,,,https://aurovaccines.com/,BioPharmGuy
SUMAGEN,Vaccines,On - London,,,,,,https://sumagen.com/,BioPharmGuy
MICROBIX BIOSYSTEMS,Vaccines,On - Mississauga,,,,,,https://microbix.com/,BioPharmGuy
INSPIREVAX,Vaccines,Qc - Kirkland,,,,,,https://www.inspirevax.com/,BioPharmGuy
DEFENCE THERAPEUTICS,Vaccines,Qc - Montréal,,,,,,https://defencetherapeutics.com/,BioPharmGuy
ARAMIS BIOTECHNOLOGIES,Vaccines,Qc - Quebec City,,,,,,https://aramisbiotechnologies.com/,BioPharmGuy
PHLIP,Vaccines,Ri - Kingston,,,,,,https://phlipinc.com/,BioPharmGuy
NANOLEK,Vaccines,Russia - Moscow,,,,,,https://nanolek.ru/en/,BioPharmGuy
ARCHIVEL FARMA,Vaccines,Spain - Barcelona,,,,,,https://archivelfarma.com/,BioPharmGuy
VAXDYN,Vaccines,Spain - Sevilla,,,,,,https://vaxdyn.com/,BioPharmGuy
ARACLON BIOTECH,Vaccines,Spain - Zaragoza,,,,,,https://www.araclon.com/en/home,BioPharmGuy
SCANDINAVIAN BIOPHARMA HOLDING,Vaccines,Sweden - Solna,,,,,,https://scandinavianbiopharma.se/,BioPharmGuy
ABERA BIOSCIENCE,Vaccines,Sweden - Uppsala,,,,,,https://aberabio.com/,BioPharmGuy
ROCKETVAX,Vaccines,Switzerland - Basel,,,,,,https://rocketvax.com/,BioPharmGuy
MV BIOTHERAPEUTICS,Vaccines,Switzerland - Bellinzona,,,,,,https://www.mv-bio.com/,BioPharmGuy
ALPHA-O PEPTIDES,Vaccines,Switzerland - Riehen,,,,,,https://www.aopeptides.com/,BioPharmGuy
VIROMETIX,Vaccines,Switzerland - Schlieren,,,,,,https://virometix.com/,BioPharmGuy
BAXIVA,Vaccines,Switzerland - Zurich,,,,,,https://www.baxiva.com/,BioPharmGuy
ADIMMUNE,Vaccines,Taiwan - Taichung,,,,,,http://www.adimmune.com.tw/en,BioPharmGuy
PAPIVAX,Vaccines,Taiwan - Taipei,,,,,,https://papivax.com/,BioPharmGuy
SEQKER BIOSCIENCES,Vaccines,Thailand - Bangkok,,,,,,https://www.seqker.com/,BioPharmGuy
ELIOS THERAPEUTICS,Vaccines,Tx - Austin,,,,,,https://www.eliostherapeutics.com/,BioPharmGuy
GYLDEN PHARMA,Vaccines,Uk - Abingdon,,,,,,https://www.gyldenpharma.com/,BioPharmGuy
STABLEPHARMA,Vaccines,Uk - Bath,,,,,,https://stablepharma.com/,BioPharmGuy
AILSEBIO,Vaccines,Uk - Belfast,,,,,,https://www.ailsebio.com/,BioPharmGuy
DIOSYNVAX,Vaccines,Uk - Hertford,,,,,,https://diosynvax.com/,BioPharmGuy
BASEIMMUNE,Vaccines,Uk - London,,,,,,https://www.baseimmune.co.uk/,BioPharmGuy
PROKARIUM,Vaccines,Uk - London,,,,,,https://www.prokarium.com/,BioPharmGuy
SPOREGEN,Vaccines,Uk - London,,,,,,http://sporegen.com/,BioPharmGuy
TREOS BIO,Vaccines,Uk - London,,,,,,https://www.treosbio.com/,BioPharmGuy
CSL SEQIRUS,Vaccines,Uk - Maidenhead,,,,,,https://www.csl.com/we-are-csl/our-businesses-and-products/csl-seqirus,BioPharmGuy
INFINITOPES,Vaccines,Uk - Oxford,,,,,,https://www.infinitopes.com/,BioPharmGuy
OXFORD VACMEDIX,Vaccines,Uk - Oxford,,,,,,https://oxfordvacmedix.com/,BioPharmGuy
SCANCELL,Vaccines,Uk - Oxford,,,,,,https://scancell.co.uk/,BioPharmGuy
SPYBIOTECH,Vaccines,Uk - Oxford,,,,,,https://spybiotech.com/,BioPharmGuy
ALLERGY THERAPEUTICS,Vaccines,Uk - West Sussex,,,,,,https://www.allergytherapeutics.com/,BioPharmGuy
DYNPORT VACCINES,Vaccines,Va - Falls Church,,,,,,https://www.gdit.com/dvc/,BioPharmGuy
VABIOTECH,Vaccines,Vietnam - Hanoi,,,,,,https://vabiotech.com.vn/en/home-page/?lang=en,BioPharmGuy
CUREVO VACCINE,Vaccines,Wa - Bothell,,,,,,https://curevovaccine.com/,BioPharmGuy
HEXAMER THERAPEUTICS,Vaccines,Wa - Pullman,,,,,,https://www.hexamertherapeutics.com/,BioPharmGuy
INVENTPRISE,Vaccines,Wa - Redmond,,,,,,https://inventprise.com/,BioPharmGuy
PAI LIFE SCIENCES,Vaccines,Wa - Seattle,,,,,,https://pailifesciences.com/,BioPharmGuy
FLUGEN,Vaccines,Wi - Madison,,,,,,http://flugen.com/,BioPharmGuy
IREPERTOIRE,Genetics & Genomics,Al - Huntsville,,,,,,https://irepertoire.com/,BioPharmGuy
KAILOS GENETICS,Genetics & Genomics,Al - Huntsville,,,,,,https://www.kailosgenetics.com/,BioPharmGuy
BIOMAKERS,Genetics & Genomics,Argentina - Buenos Aires,,,,,,https://biomakers.io/en/,BioPharmGuy
GENOMIQA,Genetics & Genomics,Australia - Herston,,,,,,https://genomiqa.com/,BioPharmGuy
GENEMBRYOMICS,Genetics & Genomics,Australia - Melbourne,,,,,,https://www.genembryomics.com/en,BioPharmGuy
GENETYPE,Genetics & Genomics,Australia - Parkville,,,,,,https://genetype.com/,BioPharmGuy
BIT BIO DISCOVERY,Genetics & Genomics,Austria - Vienna,,,,,,https://bitbiodiscovery.com/,BioPharmGuy
RIBBON BIO,Genetics & Genomics,Austria - Vienna,,,,,,https://ribbonbio.com/,BioPharmGuy
BIOID GENOMICS,Genetics & Genomics,Az - Scottsdale,,,,,,https://bioidgenomics.com/,BioPharmGuy
INANOBIO,Genetics & Genomics,Az - Scottsdale,,,,,,https://inanobio.com/,BioPharmGuy
PATHOGENDX,Genetics & Genomics,Az - Scottsdale,,,,,,https://pathogendx.com/,BioPharmGuy
FUSION GENOMICS,Genetics & Genomics,Bc - Richmond,,,,,,https://fusiongenomics.com/,BioPharmGuy
AMBRY GENETICS,Genetics & Genomics,Ca - Aliso Viejo,,,,,,https://www.ambrygen.com/,BioPharmGuy
NEOGENOMICS,Genetics & Genomics,Ca - Aliso Viejo,,,,,,https://www.neogenomics.com/,BioPharmGuy
NEWOMICS,Genetics & Genomics,Ca - Berkeley,,,,,,https://www.newomics.com/,BioPharmGuy
COLOR,Genetics & Genomics,Ca - Burlingame,,,,,,https://www.color.com/,BioPharmGuy
ARIMA GENOMICS,Genetics & Genomics,Ca - Carlsbad,,,,,,https://arimagenomics.com/,BioPharmGuy
BIOSPYDER TECHNOLOGIES,Genetics & Genomics,Ca - Carlsbad,,,,,,https://www.biospyder.com/,BioPharmGuy
DAISY GENOMICS,Genetics & Genomics,Ca - Carlsbad,,,,,,https://daisygenomics.com/,BioPharmGuy
DNAE,Genetics & Genomics,Ca - Carlsbad,,,,,,https://www.dnae.com/,BioPharmGuy
PREDICTIVE BIOLOGY,Genetics & Genomics,Ca - Carlsbad,,,,,,https://www.predictivebio.com/,BioPharmGuy
PROTILLION BIOSCIENCES,Genetics & Genomics,Ca - Carlsbad,,,,,,https://www.protillion.com/,BioPharmGuy
TWIST BIOSCIENCE,Genetics & Genomics,Ca - Carlsbad,,,,,,https://www.twistbioscience.com/,BioPharmGuy
UNIVERSAL SEQUENCING TECHNOLOGY,Genetics & Genomics,Ca - Carlsbad,,,,,,https://universalsequencing.com/,BioPharmGuy
FULGENT GENETICS,Genetics & Genomics,Ca - El Monte,,,,,,https://www.fulgentgenetics.com/,BioPharmGuy
NANTOMICS,Genetics & Genomics,Ca - El Segundo,,,,,,https://nantomics.com/,BioPharmGuy
ANSA BIOTECHNOLOGIES,Genetics & Genomics,Ca - Emeryville,,,,,,https://ansabio.com/,BioPharmGuy
CELLANOME,Genetics & Genomics,Ca - Foster City,,,,,,https://www.cellanome.com/,BioPharmGuy
ANCHORDX,Genetics & Genomics,Ca - Fremont,,,,,,https://www.anchordx.com/,BioPharmGuy
PARAGON GENOMICS,Genetics & Genomics,Ca - Fremont,,,,,,https://www.paragongenomics.com/,BioPharmGuy
ILLUMINA,Genetics & Genomics,Ca - Hayward,,,,,,https://www.illumina.com/,BioPharmGuy
QUINTARA BIO,Genetics & Genomics,Ca - Hayward,,,,,,https://www.quintarabio.com/,BioPharmGuy
INOCRAS,Genetics & Genomics,Ca - La Jolla,,,,,,https://inocras.com/,BioPharmGuy
PROGENESIS,Genetics & Genomics,Ca - La Jolla,,,,,,https://progenesis.com/,BioPharmGuy
HEXAGON BIO,Genetics & Genomics,Ca - Menlo Park,,,,,,https://www.hexagonbio.com/,BioPharmGuy
INANOBIO,Genetics & Genomics,Ca - Menlo Park,,,,,,https://inanobio.com/,BioPharmGuy
CELLECTA,Genetics & Genomics,Ca - Mountain View,,,,,,https://cellecta.com/,BioPharmGuy
INTELLISEQ,Genetics & Genomics,Ca - Murrieta,,,,,,https://intelliseq.com/,BioPharmGuy
ADVANCED CELL DIAGNOSTICS,Genetics & Genomics,Ca - Newark,,,,,,https://acdbio.com/,BioPharmGuy
ULTIMA GENOMICS,Genetics & Genomics,Ca - Newark,,,,,,https://www.ultimagenomics.com/,BioPharmGuy
BIONEXUS,Genetics & Genomics,Ca - Oakland,,,,,,https://bionexus.net/,BioPharmGuy
FABRIC GENOMICS,Genetics & Genomics,Ca - Oakland,,,,,,https://fabricgenomics.com/,BioPharmGuy
GIRIHLET,Genetics & Genomics,Ca - Oakland,,,,,,https://girihlet.com/,BioPharmGuy
BENTHIC GENOMICS,Genetics & Genomics,Ca - Palo Alto,,,,,,https://www.benthic.bio/,BioPharmGuy
MYOME,Genetics & Genomics,Ca - Palo Alto,,,,,,https://myome.com/,BioPharmGuy
10X GENOMICS,Genetics & Genomics,Ca - Pleasanton,,,,,,https://www.10xgenomics.com/,BioPharmGuy
SEQUILITE GENOMICS,Genetics & Genomics,Ca - Pleasanton,,,,,,https://www.sequlite.com/,BioPharmGuy
CLEAR LABS,Genetics & Genomics,Ca - San Carlos,,,,,,https://www.clearlabs.com/,BioPharmGuy
ELEGEN,Genetics & Genomics,Ca - San Carlos,,,,,,https://elegenbio.com/,BioPharmGuy
EPINOMA,Genetics & Genomics,Ca - San Carlos,,,,,,https://www.epinoma.com/,BioPharmGuy
NAUTILUS BIOTECHNOLOGY,Genetics & Genomics,Ca - San Carlos,,,,,,https://www.nautilus.bio/,BioPharmGuy
ACTIO BIOSCIENCES,Genetics & Genomics,Ca - San Diego,,,,,,https://actiobiosciences.com/,BioPharmGuy
AGENA BIOSCIENCE,Genetics & Genomics,Ca - San Diego,,,,,,https://www.agenabio.com/,BioPharmGuy
ALIDA BIOSCIENCES,Genetics & Genomics,Ca - San Diego,,,,,,https://www.alidabio.com/,BioPharmGuy
CUREMATCH,Genetics & Genomics,Ca - San Diego,,,,,,https://www.curematch.com/,BioPharmGuy
ELEMENT BIOSCIENCES,Genetics & Genomics,Ca - San Diego,,,,,,https://www.elementbiosciences.com/,BioPharmGuy
ETON BIOSCIENCE,Genetics & Genomics,Ca - San Diego,,,,,,https://etonbio.com/,BioPharmGuy
ILLUMINA,Genetics & Genomics,Ca - San Diego,,,,,,https://www.illumina.com/,BioPharmGuy
JUMPCODE GENOMICS,Genetics & Genomics,Ca - San Diego,,,,,,https://www.jumpcodegenomics.com/,BioPharmGuy
MICROPURE GENOMICS,Genetics & Genomics,Ca - San Diego,,,,,,https://micropuregenomics.com/,BioPharmGuy
NAUTILUS BIOTECHNOLOGY,Genetics & Genomics,Ca - San Diego,,,,,,https://www.nautilus.bio/,BioPharmGuy
NEXOVA BIOSCIENCES,Genetics & Genomics,Ca - San Diego,,,,,,https://nexovabio.com/,BioPharmGuy
ONSITEGENE,Genetics & Genomics,Ca - San Diego,,,,,,https://www.onsitegene.com/,BioPharmGuy
RETROGEN,Genetics & Genomics,Ca - San Diego,,,,,,https://retrogen.net/,BioPharmGuy
RYBODYN,Genetics & Genomics,Ca - San Diego,,,,,,https://rybodyn.com/,BioPharmGuy
SINGULAR GENOMICS,Genetics & Genomics,Ca - San Diego,,,,,,https://www.singulargenomics.com/,BioPharmGuy
BLANK BIO,Genetics & Genomics,Ca - San Francisco,,,,,,https://www.blank.bio/,BioPharmGuy
NEBULA GENOMICS,Genetics & Genomics,Ca - San Francisco,,,,,,https://nebula.org/,BioPharmGuy
SCIGENOM,Genetics & Genomics,Ca - San Francisco,,,,,,https://www.scigenom.com/,BioPharmGuy
ALTUS LIFE SCIENCE,Genetics & Genomics,Ca - San Jose,,,,,,https://altuslifescience.com/,BioPharmGuy
CIPHEROME,Genetics & Genomics,Ca - San Jose,,,,,,https://www.cipherome.com/,BioPharmGuy
EDGE BIOSYSTEMS,Genetics & Genomics,Ca - San Jose,,,,,,https://edgebio.com/en,BioPharmGuy
ENGINE BIOSCIENCES,Genetics & Genomics,Ca - San Mateo,,,,,,https://www.enginebio.com/,BioPharmGuy
HELIX,Genetics & Genomics,Ca - San Mateo,,,,,,https://www.helix.com/,BioPharmGuy
MAVERIX BIOMICS,Genetics & Genomics,Ca - San Mateo,,,,,,https://www.maverixbio.com/,BioPharmGuy
PROGNOMIQ,Genetics & Genomics,Ca - San Mateo,,,,,,https://prognomiq.com/,BioPharmGuy
LUMINARY GENETICS,Genetics & Genomics,Ca - Santa Clara,,,,,,https://www.luminarygenetics.com/,BioPharmGuy
REALSEQ BIOSCIENCES,Genetics & Genomics,Ca - Santa Cruz,,,,,,https://www.realseq.com/,BioPharmGuy
CANTATA BIO,Genetics & Genomics,Ca - Scotts Valley,,,,,,https://cantatabio.com/,BioPharmGuy
CLARET BIOSCIENCE,Genetics & Genomics,Ca - Scotts Valley,,,,,,https://www.claretbio.com/,BioPharmGuy
SIMPLIFY GENOMICS,Genetics & Genomics,Ca - Solana Beach,,,,,,https://simplifygenomics.com/,BioPharmGuy
ABIOSCIENCES,Genetics & Genomics,Ca - South Sf,,,,,,https://www.abiosciences.com/,BioPharmGuy
CPTX,Genetics & Genomics,Ca - South Sf,,,,,,https://cptx.bio/,BioPharmGuy
MISSION BIO,Genetics & Genomics,Ca - South Sf,,,,,,https://www.missionbio.com/,BioPharmGuy
NEWLIMIT,Genetics & Genomics,Ca - South Sf,,,,,,https://www.newlimit.com/,BioPharmGuy
TWIST BIOSCIENCE,Genetics & Genomics,Ca - South Sf,,,,,,https://www.twistbioscience.com/,BioPharmGuy
ATILA BIOSYSTEMS,Genetics & Genomics,Ca - Sunnyvale,,,,,,https://atilabiosystems.com/,BioPharmGuy
PHARMOZYME,Genetics & Genomics,Ca - Sunnyvale,,,,,,https://pharmozyme.com/,BioPharmGuy
DXTERITY,Genetics & Genomics,Ca - Torrance,,,,,,https://dxterity.com/,BioPharmGuy
PROGENABIOME,Genetics & Genomics,Ca - Ventura,,,,,,https://progenabiome.com/,BioPharmGuy
ABIOSCIENCES,Genetics & Genomics,China - Beijing,,,,,,https://www.abiosciences.com/,BioPharmGuy
ANNOROAD GENOMICS,Genetics & Genomics,China - Beijing,,,,,,https://www.annoroad.com/en/,BioPharmGuy
BIOCYTOGEN,Genetics & Genomics,China - Beijing,,,,,,https://biocytogen.com/,BioPharmGuy
GRANDOMICS BIOSCIENCES,Genetics & Genomics,China - Beijing,,,,,,https://www.grandomics.com/,BioPharmGuy
QI BIODESIGN,Genetics & Genomics,China - Beijing,,,,,,http://www.qi-biodesign.com/,BioPharmGuy
QITAN TECH,Genetics & Genomics,China - Chengdu,,,,,,https://www.qitantech.com/,BioPharmGuy
ANCHORDX,Genetics & Genomics,China - Guangzhou,,,,,,https://www.anchordx.com/,BioPharmGuy
TWIST BIOSCIENCE,Genetics & Genomics,China - Guangzhou,,,,,,https://www.twistbioscience.com/,BioPharmGuy
BGI,Genetics & Genomics,China - Hong Kong,,,,,,https://www.bgi.com/global,BioPharmGuy
EPIMEDTECHGLOBAL,Genetics & Genomics,China - Hong Kong,,,,,,https://epimedtech.com/,BioPharmGuy
HAPLOX BIOTECHNOLOGY,Genetics & Genomics,China - Hong Kong,,,,,,https://www.haplox.com/,BioPharmGuy
VAZYME,Genetics & Genomics,China - Nanjing,,,,,,https://www.vazyme.us/,BioPharmGuy
AGENA BIOSCIENCE,Genetics & Genomics,China - Shanghai,,,,,,https://www.agenabio.com/,BioPharmGuy
BGI,Genetics & Genomics,China - Shenzhen,,,,,,https://www.bgi.com/global,BioPharmGuy
EPIMEDTECHGLOBAL,Genetics & Genomics,China - Shenzhen,,,,,,https://epimedtech.com/,BioPharmGuy
GENEMIND,Genetics & Genomics,China - Shenzhen,,,,,,https://en.genemind.com/,BioPharmGuy
MGI AMERICAS,Genetics & Genomics,China - Shenzhen,,,,,,https://global-mgitech.com/,BioPharmGuy
MGI TECH,Genetics & Genomics,China - Shenzhen,,,,,,https://global-mgitech.com/,BioPharmGuy
SNIPER MEDICAL TECHNOLOGIES,Genetics & Genomics,China - Suzhou,,,,,,https://sniper-tech.com/,BioPharmGuy
CIRENA,Genetics & Genomics,Co - Boulder,,,,,,https://www.cirena.com/,BioPharmGuy
BIOREALM,Genetics & Genomics,Co - Monument,,,,,,https://www.biorealm.ai/,BioPharmGuy
INTUS BIOSCIENCES,Genetics & Genomics,Ct - Farmington,,,,,,https://www.intusbio.com/,BioPharmGuy
QUANTUM SI,Genetics & Genomics,Ct - Guilford,,,,,,https://www.quantum-si.com/,BioPharmGuy
ATLASXOMICS,Genetics & Genomics,Ct - New Haven,,,,,,https://www.atlasxomics.com/,BioPharmGuy
GENEDX,Genetics & Genomics,Ct - Stamford,,,,,,https://www.genedx.com/,BioPharmGuy
ONE CODEX,Genetics & Genomics,De - Wilmington,,,,,,https://www.onecodex.com/,BioPharmGuy
SAMPLIX,Genetics & Genomics,Denmark - Birkerød,,,,,,https://samplix.com/,BioPharmGuy
LGC BIOSEARCH TECHNOLOGIES,Genetics & Genomics,Denmark - Lystrup,,,,,,https://www.biosearchtech.com/,BioPharmGuy
OMICVISION,Genetics & Genomics,Denmark - Zz,,,,,,https://www.omicvision.com/,BioPharmGuy
BLUEPRINT GENETICS,Genetics & Genomics,Finland - Espoo,,,,,,https://www.blueprintgenetics.com/,BioPharmGuy
EUFORMATICS,Genetics & Genomics,Finland - Espoo,,,,,,https://www.euformatics.com/,BioPharmGuy
SOLU,Genetics & Genomics,Finland - Helsinki,,,,,,https://www.solugenomics.com/,BioPharmGuy
GENOMILL HEALTH,Genetics & Genomics,Finland - Turku,,,,,,https://genomill.com/,BioPharmGuy
NEOGENOMICS,Genetics & Genomics,Fl - Fort Myers,,,,,,https://www.neogenomics.com/,BioPharmGuy
DNA LINK,Genetics & Genomics,Fl - Orlando,,,,,,https://jslinkseqlab.com/,BioPharmGuy
MDNA LIFE SCIENCES,Genetics & Genomics,Fl - West Palm Beach,,,,,,https://mdnalifesciences.com/,BioPharmGuy
DEPIXUS,Genetics & Genomics,France - Courbevoie,,,,,,https://depixus.com/,BioPharmGuy
VAIOMER,Genetics & Genomics,France - Labege,,,,,,https://vaiomer.com/,BioPharmGuy
DNA SCRIPT,Genetics & Genomics,France - Le Kremlin Bicetre,,,,,,https://www.dnascript.com/,BioPharmGuy
SEQONE GENOMICS,Genetics & Genomics,France - Montpellier,,,,,,https://www.seqone.com/,BioPharmGuy
MSINSIGHT,Genetics & Genomics,France - Paris,,,,,,https://www.msinsight.tech/,BioPharmGuy
AMD BIOTECH,Genetics & Genomics,Ga - Tucker,,,,,,https://www.amdbiotech.com/,BioPharmGuy
LUCID GENOMICS,Genetics & Genomics,Germany - Berlin,,,,,,https://www.lucid-genomics.com/,BioPharmGuy
LIFE & BRAIN,Genetics & Genomics,Germany - Bonn,,,,,,https://www.lifeandbrain.com/en/,BioPharmGuy
MOLZYM,Genetics & Genomics,Germany - Bremen,,,,,,https://www.molzym.com/,BioPharmGuy
GENXPRO,Genetics & Genomics,Germany - Frankfurt,,,,,,https://genxpro.net/,BioPharmGuy
BIANOGMP,Genetics & Genomics,Germany - Gera,,,,,,https://bianoscience.com/,BioPharmGuy
GOENOMICS,Genetics & Genomics,Germany - Göttingen,,,,,,https://goenomics.com/,BioPharmGuy
PEPPERPRINT,Genetics & Genomics,Germany - Heidelberg,,,,,,https://www.pepperprint.com/,BioPharmGuy
NANOGAMI,Genetics & Genomics,Germany - Leipzig,,,,,,https://nanogami.bio/,BioPharmGuy
SCIOMICS,Genetics & Genomics,Germany - Neckargemünd,,,,,,https://www.sciomics.de/,BioPharmGuy
MBIOMICS,Genetics & Genomics,Germany - Neuried,,,,,,https://www.mbiomics.com/,BioPharmGuy
CPTX,Genetics & Genomics,Germany - Planegg,,,,,,https://cptx.bio/,BioPharmGuy
CENTOGENE,Genetics & Genomics,Germany - Rostock,,,,,,https://www.centogene.com/,BioPharmGuy
CEGAT,Genetics & Genomics,Germany - Tubingen,,,,,,https://cegat.com/,BioPharmGuy
OMIXON,Genetics & Genomics,Hungary - Budapest,,,,,,https://www.omixon.com/,BioPharmGuy
SEQOMICS,Genetics & Genomics,Hungary - Csongrád,,,,,,http://www.seqomics.hu/,BioPharmGuy
DECODE GENETICS,Genetics & Genomics,Iceland - Reykjavik,,,,,,https://www.decode.com/,BioPharmGuy
BELAY DIAGNOSTICS,Genetics & Genomics,Il - Chicago,,,,,,https://belaydiagnostics.com/,BioPharmGuy
IGENBIO,Genetics & Genomics,Il - Chicago,,,,,,https://www.igenbio.com/,BioPharmGuy
PTM BIO,Genetics & Genomics,Il - Chicago,,,,,,https://ptmbio.com/,BioPharmGuy
ACRANNOLIFE GENOMICS,Genetics & Genomics,India - Chennai,,,,,,https://acrannolife.com/,BioPharmGuy
SCIGENOM,Genetics & Genomics,India - Cochin,,,,,,https://www.scigenom.com/,BioPharmGuy
PHARMANANOAI,Genetics & Genomics,India - Ghaziabad,,,,,,https://pharmananoai.com/,BioPharmGuy
IMPERIAL LIFE SCIENCES,Genetics & Genomics,India - Gurgaon,,,,,,https://www.imperialls.com/,BioPharmGuy
MAPMYGENOME,Genetics & Genomics,India - Hyderabad,,,,,,https://mapmygenome.in/,BioPharmGuy
ERS GENOMICS,Genetics & Genomics,Ireland - Dublin,,,,,,https://www.ersgenomics.com/,BioPharmGuy
GENUITY SCIENCE,Genetics & Genomics,Ireland - Dublin,,,,,,https://genuitysci.com/,BioPharmGuy
GENEYX GENOMEX,Genetics & Genomics,Israel - Herzliya,,,,,,https://geneyx.com/,BioPharmGuy
EMENDO BIOTHERAPEUTICS,Genetics & Genomics,Israel - Rehovot,,,,,,https://www.emendobio.com/,BioPharmGuy
SEQUENTIFY,Genetics & Genomics,Israel - Rehovot,,,,,,https://www.sequentify.com/,BioPharmGuy
TWIST BIOSCIENCE,Genetics & Genomics,Israel - Tel Aviv,,,,,,https://www.twistbioscience.com/,BioPharmGuy
ENGENOME,Genetics & Genomics,Italy - Pavia,,,,,,https://www.engenome.com/,BioPharmGuy
HELYX INDUSTRIES,Genetics & Genomics,Italy - Udine,,,,,,https://helyx.bio/index.php/en,BioPharmGuy
OFFICINAE BIO,Genetics & Genomics,Italy - Venice,,,,,,https://officinae.bio/,BioPharmGuy
BGI,Genetics & Genomics,Japan - Kobe,,,,,,https://www.bgi.com/global,BioPharmGuy
SYNPLOGEN,Genetics & Genomics,Japan - Kobe,,,,,,https://www.synplogen.com/en/,BioPharmGuy
BITBIOME,Genetics & Genomics,Japan - Tokyo,,,,,,https://bitbiome.co.jp/,BioPharmGuy
LOGOMIX,Genetics & Genomics,Japan - Tokyo,,,,,,https://logomix.bio/,BioPharmGuy
INOCRAS,Genetics & Genomics,Korea - Daejeon,,,,,,https://inocras.com/,BioPharmGuy
3BILLION,Genetics & Genomics,Korea - Seoul,,,,,,https://3billion.io/,BioPharmGuy
AHRAM BIOSYSTEMS,Genetics & Genomics,Korea - Seoul,,,,,,http://ahrambio.com/,BioPharmGuy
CJ BIOSCIENCE,Genetics & Genomics,Korea - Seoul,,,,,,https://www.cjbioscience.com/,BioPharmGuy
DNA LINK,Genetics & Genomics,Korea - Seoul,,,,,,https://jslinkseqlab.com/,BioPharmGuy
GENINUS,Genetics & Genomics,Korea - Seoul,,,,,,https://geninustx.com/,BioPharmGuy
INOCRAS,Genetics & Genomics,Korea - Seoul,,,,,,https://inocras.com/,BioPharmGuy
TOOLGEN,Genetics & Genomics,Korea - Seoul,,,,,,http://www.toolgen.com/eng,BioPharmGuy
OPTOLANE TECHNOLOGIES,Genetics & Genomics,Korea - Yongin,,,,,,https://optolane.com/,BioPharmGuy
QUANTABIO,Genetics & Genomics,Ma - Beverly,,,,,,https://www.quantabio.com/,BioPharmGuy
SAGE SCIENCE,Genetics & Genomics,Ma - Beverly,,,,,,https://sagescience.com/,BioPharmGuy
SEQWELL,Genetics & Genomics,Ma - Beverly,,,,,,https://seqwell.com/,BioPharmGuy
DELVE BIO,Genetics & Genomics,Ma - Boston,,,,,,https://www.delve.bio/,BioPharmGuy
ETON BIOSCIENCE,Genetics & Genomics,Ma - Boston,,,,,,https://etonbio.com/,BioPharmGuy
GENOSPACE,Genetics & Genomics,Ma - Boston,,,,,,https://www.genospace.com/,BioPharmGuy
OMIXON,Genetics & Genomics,Ma - Boston,,,,,,https://www.omixon.com/,BioPharmGuy
SOPHIA GENETICS,Genetics & Genomics,Ma - Boston,,,,,,https://www.sophiagenetics.com/,BioPharmGuy
VOLTA LABS,Genetics & Genomics,Ma - Boston,,,,,,https://www.voltalabs.com/,BioPharmGuy
AIXA BIO,Genetics & Genomics,Ma - Cambridge,,,,,,https://www.aixa.bio/,BioPharmGuy
APRIORI BIO,Genetics & Genomics,Ma - Cambridge,,,,,,https://aprioribio.com/,BioPharmGuy
BGI,Genetics & Genomics,Ma - Cambridge,,,,,,https://www.bgi.com/us/,BioPharmGuy
IMMUNEERING,Genetics & Genomics,Ma - Cambridge,,,,,,https://immuneering.com/,BioPharmGuy
NORD BIO,Genetics & Genomics,Ma - Cambridge,,,,,,https://www.nord.bio/,BioPharmGuy
QUINTARA BIO,Genetics & Genomics,Ma - Cambridge,,,,,,https://www.quintarabio.com/,BioPharmGuy
QUIVER BIOSCIENCE,Genetics & Genomics,Ma - Cambridge,,,,,,https://www.quiverbioscience.com/,BioPharmGuy
QUOTIENT THERAPEUTICS,Genetics & Genomics,Ma - Cambridge,,,,,,https://quotient-tx.com/,BioPharmGuy
GATEHOUSE BIO,Genetics & Genomics,Ma - Natick,,,,,,https://gatehousebio.com/,BioPharmGuy
PILLAR BIOSCIENCES,Genetics & Genomics,Ma - Natick,,,,,,https://www.pillarbiosci.com/,BioPharmGuy
BRUKER SPATIAL GENOMICS,Genetics & Genomics,Ma - Newton,,,,,,https://brukerspatialgenomics.com/,BioPharmGuy
TESSERA THERAPEUTICS,Genetics & Genomics,Ma - Somerville,,,,,,https://www.tesseratherapeutics.com/,BioPharmGuy
BIOCYTOGEN,Genetics & Genomics,Ma - Waltham,,,,,,https://biocytogen.com/,BioPharmGuy
FLEXOMICS,Genetics & Genomics,Ma - Waltham,,,,,,https://flexomics.com/,BioPharmGuy
HONEYCOMB BIOTECHNOLOGIES,Genetics & Genomics,Ma - Waltham,,,,,,https://honeycomb.bio/,BioPharmGuy
MOLECULAR LOOP,Genetics & Genomics,Ma - Woburn,,,,,,https://molecularloop.com/,BioPharmGuy
BIOGENES TECHNOLOGIES,Genetics & Genomics,Malaysia - Kuala Lumpur,,,,,,https://www.biogenestech.com/,BioPharmGuy
BIONEXUS GENE LAB,Genetics & Genomics,Malaysia - Kuala Lumpur,,,,,,https://www.bionexusgenelab.com/,BioPharmGuy
GENEDX,Genetics & Genomics,Md - Gaithersburg,,,,,,https://www.genedx.com/,BioPharmGuy
VALTEDSEQ,Genetics & Genomics,Md - Gaithersburg,,,,,,https://www.valtedseq.com/,BioPharmGuy
PSOMAGEN,Genetics & Genomics,Md - Rockville,,,,,,https://www.psomagen.com/,BioPharmGuy
TRIMGEN,Genetics & Genomics,Md - Sparks,,,,,,https://www.trimgen.com/,BioPharmGuy
GENOMENON,Genetics & Genomics,Mi - Ann Arbor,,,,,,https://www.genomenon.com/,BioPharmGuy
BANDIT BIOSYSTEMS,Genetics & Genomics,Mi - Grand Rapids,,,,,,https://banditbio.com/,BioPharmGuy
NXGEN MDX,Genetics & Genomics,Mi - Grand Rapids,,,,,,https://nxgenmdx.com/,BioPharmGuy
PHENOMIX SCIENCES,Genetics & Genomics,Mn - Wayzata,,,,,,https://www.phenomixsciences.com/,BioPharmGuy
MACVECTOR,Genetics & Genomics,Nc - Apex,,,,,,https://macvector.com/,BioPharmGuy
GENETYPE,Genetics & Genomics,Nc - Charlotte,,,,,,https://genetype.com/,BioPharmGuy
ONCOTAB,Genetics & Genomics,Nc - Charlotte,,,,,,https://oncotab.com/,BioPharmGuy
BIOSKYRB GENOMICS,Genetics & Genomics,Nc - Durham,,,,,,https://www.bioskryb.com/,BioPharmGuy
ETON BIOSCIENCE,Genetics & Genomics,Nc - Durham,,,,,,https://etonbio.com/,BioPharmGuy
CODETTA BIOSCIENCES,Genetics & Genomics,Nc - Morrisville,,,,,,https://www.codettabio.com/,BioPharmGuy
FUTURE GENOMICS TECHNOLOGIES,Genetics & Genomics,Netherlands - Leiden,,,,,,https://www.futuregenomics.tech/,BioPharmGuy
TENWISE,Genetics & Genomics,Netherlands - Leiden,,,,,,https://www.tenwise.nl/wp/,BioPharmGuy
ENPICOM,Genetics & Genomics,Netherlands - S-Hertogenbosch,,,,,,https://enpicom.com/,BioPharmGuy
GENDX,Genetics & Genomics,Netherlands - Utrecht,,,,,,https://www.gendx.com/,BioPharmGuy
JETA MOLECULAR,Genetics & Genomics,Netherlands - Utrecht,,,,,,https://www.jetamolecular.com/,BioPharmGuy
SINGLE CELL DISCOVERIES,Genetics & Genomics,Netherlands - Utrecht,,,,,,https://www.scdiscoveries.com/,BioPharmGuy
REAL TIME GENOMICS,Genetics & Genomics,New Zealand - Hamilton,,,,,,https://www.realtimegenomics.com/,BioPharmGuy
DNAITECH,Genetics & Genomics,New Zealand - Marlborough,,,,,,https://www.dnaitech.com/,BioPharmGuy
GENOMIC PREDICTION,Genetics & Genomics,Nj - Hackettstown,,,,,,https://www.lifeview.com/,BioPharmGuy
NINTHBIO,Genetics & Genomics,Nj - Jersey City,,,,,,https://www.ninthbio.com/,BioPharmGuy
SEQUENCE BIO,Genetics & Genomics,Nl - St. John'S,,,,,,https://www.sequencebio.com/,BioPharmGuy
BIO-ME,Genetics & Genomics,Norway - Oslo,,,,,,https://bio-me.com/,BioPharmGuy
GENETIC ANALYSIS,Genetics & Genomics,Norway - Oslo,,,,,,https://www.genetic-analysis.com/,BioPharmGuy
BIOTIA,Genetics & Genomics,Ny - Brooklyn,,,,,,https://www.biotia.io/,BioPharmGuy
MIRIMUS,Genetics & Genomics,Ny - Brooklyn,,,,,,https://www.mirimus.com/about-us,BioPharmGuy
EMPIRE GENOMICS,Genetics & Genomics,Ny - Depew,,,,,,https://empiregenomics.com/,BioPharmGuy
EPIGENTEK,Genetics & Genomics,Ny - Farmingdale,,,,,,https://www.epigentek.com/catalog/,BioPharmGuy
FOLI BIO,Genetics & Genomics,Ny - Long Island City,,,,,,https://foli.bio/,BioPharmGuy
NEOCHROMOSOME,Genetics & Genomics,Ny - Long Island City,,,,,,https://neochromosome.com/,BioPharmGuy
DANTE GENOMICS,Genetics & Genomics,Ny - New York,,,,,,https://dantelabs.com/,BioPharmGuy
EMENDO BIOTHERAPEUTICS,Genetics & Genomics,Ny - New York,,,,,,https://www.emendobio.com/,BioPharmGuy
GLYPHIC BIOTECHNOLOGIES,Genetics & Genomics,Ny - New York,,,,,,https://www.glyphic.bio/,BioPharmGuy
PHARMANANOAI,Genetics & Genomics,Ny - New York,,,,,,https://pharmananoai.com/,BioPharmGuy
LINEARX,Genetics & Genomics,Ny - Stony Brook,,,,,,https://linearxdna.com/,BioPharmGuy
GNOME SCIENCES,Genetics & Genomics,Oh - Powell,,,,,,https://gnomesciences.com/,BioPharmGuy
RANOMICS,Genetics & Genomics,On - Mississauga,,,,,,https://www.ranomics.com/,BioPharmGuy
GENESEEQ TECHNOLOGY,Genetics & Genomics,On - Toronto,,,,,,https://na.geneseeq.com/,BioPharmGuy
FLORAGENEX,Genetics & Genomics,Or - Beaverton,,,,,,https://www.floragenex.com/,BioPharmGuy
TWIST BIOSCIENCE,Genetics & Genomics,Or - Wilsonville,,,,,,https://www.twistbioscience.com/,BioPharmGuy
BIOPHARMASPEC,Genetics & Genomics,Pa - Malvern,,,,,,https://biopharmaspec.com/,BioPharmGuy
BIOMEME,Genetics & Genomics,Pa - Philadelphia,,,,,,https://biomeme.com/,BioPharmGuy
PANORAMA MEDICINE,Genetics & Genomics,Pa - Philadelphia,,,,,,https://www.panoramamedicine.com/,BioPharmGuy
ARIEL PRECISION MEDICINE,Genetics & Genomics,Pa - Pittsburgh,,,,,,https://arielmedicine.com/,BioPharmGuy
INTELLISEQ,Genetics & Genomics,Poland - Kraków,,,,,,https://intelliseq.com/,BioPharmGuy
HEARTGENETICS,Genetics & Genomics,Portugal - Cantanhede,,,,,,https://www.heartgenetics.com/,BioPharmGuy
EPIMEDTECHGLOBAL,Genetics & Genomics,Qc - Pointe-Claire,,,,,,https://epimedtech.com/,BioPharmGuy
NABSYS,Genetics & Genomics,Ri - Providence,,,,,,https://www.nabsys.com/,BioPharmGuy
ENGINE BIOSCIENCES,Genetics & Genomics,Singapore - Singapore,,,,,,https://www.enginebio.com/,BioPharmGuy
NANODIGMBIO,Genetics & Genomics,Singapore - Singapore,,,,,,https://www.nanodigmbio.com/,BioPharmGuy
TWIST BIOSCIENCE,Genetics & Genomics,Singapore - Singapore,,,,,,https://www.twistbioscience.com/,BioPharmGuy
HYRAX BIOSCIENCES,Genetics & Genomics,South Africa - Cape Town,,,,,,https://hyraxbio.com/,BioPharmGuy
FLOMICS,Genetics & Genomics,Spain - Barcelona,,,,,,https://www.flomics.com/,BioPharmGuy
SEQUENTIA BIOTECH,Genetics & Genomics,Spain - Barcelona,,,,,,https://www.sequentiabiotech.com/,BioPharmGuy
SYNGOI TECHNOLOGIES,Genetics & Genomics,Spain - Zamudio,,,,,,https://syngoi.com/,BioPharmGuy
CREDENCE GENOMICS,Genetics & Genomics,Sri Lanka - Kohuwala,,,,,,https://credencegenomics.com/,BioPharmGuy
DEVYSER,Genetics & Genomics,Sweden - Årsta,,,,,,https://devyser.com/,BioPharmGuy
SENZAGEN,Genetics & Genomics,Sweden - Lund,,,,,,https://senzagen.com/,BioPharmGuy
APLEX BIO,Genetics & Genomics,Sweden - Solna,,,,,,https://www.aplex.bio/,BioPharmGuy
BASIC GENOMICS,Genetics & Genomics,Sweden - Solna,,,,,,https://www.basic-genomics.eu/,BioPharmGuy
EPIGENICA,Genetics & Genomics,Sweden - Solna,,,,,,https://www.epigenica.se/,BioPharmGuy
HAGA BIOSCIENCE,Genetics & Genomics,Sweden - Solna,,,,,,https://www.hagabioscience.com/,BioPharmGuy
SINGLE TECHNOLOGIES,Genetics & Genomics,Sweden - Stockholm,,,,,,https://www.singletechnologies.com/,BioPharmGuy
MICROSYNTH,Genetics & Genomics,Switzerland - Balgach,,,,,,https://www.microsynth.com/home-ch.html,BioPharmGuy
CGC GENOMICS,Genetics & Genomics,Switzerland - Basel,,,,,,https://www.qnomx.ai/,BioPharmGuy
ALITHEA GENOMICS,Genetics & Genomics,Switzerland - Epalinges,,,,,,https://alitheagenomics.com/,BioPharmGuy
SAPHETOR,Genetics & Genomics,Switzerland - Lausanne,,,,,,https://www.saphetor.com/,BioPharmGuy
SOPHIA GENETICS,Genetics & Genomics,Switzerland - Rolle,,,,,,https://www.sophiagenetics.com/,BioPharmGuy
BC PLATFORMS,Genetics & Genomics,Switzerland - Zurich,,,,,,https://www.bcplatforms.com/,BioPharmGuy
GENEASIC,Genetics & Genomics,Taiwan - Hsinchu,,,,,,https://geneasic.com.tw/,BioPharmGuy
PERSONAL GENOMICS,Genetics & Genomics,Taiwan - Hsinchu,,,,,,https://www.personalgx.com/,BioPharmGuy
GENOMICS BIOSCI & TECH,Genetics & Genomics,Taiwan - New Taipei City,,,,,,https://www.genomics.com.tw/en,BioPharmGuy
ACT GENOMICS,Genetics & Genomics,Taiwan - Taipei,,,,,,https://www.actgenomics.com/,BioPharmGuy
YD BIOLABS,Genetics & Genomics,Taiwan - Zhubei,,,,,,https://ydbiolabs.com/,BioPharmGuy
NEOGENOMICS,Genetics & Genomics,Tn - Nashville,,,,,,https://www.neogenomics.com/,BioPharmGuy
ARQ GENETICS,Genetics & Genomics,Tx - Bastrop,,,,,,https://arqgenetics.com/,BioPharmGuy
FORM BIO,Genetics & Genomics,Tx - Dallas,,,,,,https://www.formbio.com/,BioPharmGuy
LC SCIENCES,Genetics & Genomics,Tx - Houston,,,,,,https://lcsciences.com/,BioPharmGuy
MICROGENDX,Genetics & Genomics,Tx - Lubbock,,,,,,https://microgendx.com/,BioPharmGuy
REVOLUGEN,Genetics & Genomics,Uk - Berkshire,,,,,,https://www.revolugen.co.uk/,BioPharmGuy
BIOFIDELITY,Genetics & Genomics,Uk - Cambridge,,,,,,https://biofidelity.com/,BioPharmGuy
CAMBRIDGE NUCLEOMICS,Genetics & Genomics,Uk - Cambridge,,,,,,https://www.cambridge-nucleomics.com/,BioPharmGuy
CAMENA BIOSCIENCE,Genetics & Genomics,Uk - Cambridge,,,,,,https://www.camenabio.com/,BioPharmGuy
CARDIATEC,Genetics & Genomics,Uk - Cambridge,,,,,,https://cardiatec.ai/,BioPharmGuy
CONGENICA,Genetics & Genomics,Uk - Cambridge,,,,,,https://www.congenica.com/,BioPharmGuy
CS GENETICS,Genetics & Genomics,Uk - Cambridge,,,,,,https://csgenetics.com/,BioPharmGuy
EAGLE GENOMICS,Genetics & Genomics,Uk - Cambridge,,,,,,https://www.eaglegenomics.com/,BioPharmGuy
ENHANCED GENOMICS,Genetics & Genomics,Uk - Cambridge,,,,,,https://enhancedgenomics.com/,BioPharmGuy
OUTSEE,Genetics & Genomics,Uk - Cambridge,,,,,,https://www.outsee.co.uk/,BioPharmGuy
SANO GENETICS,Genetics & Genomics,Uk - Cambridge,,,,,,https://sanogenetics.com/,BioPharmGuy
TAGOMICS,Genetics & Genomics,Uk - Cambridge,,,,,,https://tagomics.com/,BioPharmGuy
ZETTA GENOMICS,Genetics & Genomics,Uk - Cambridge,,,,,,https://zettagenomics.com/,BioPharmGuy
COMPLEMENT GENOMICS,Genetics & Genomics,Uk - Durham,,,,,,https://compgeno.com/,BioPharmGuy
DESTINA GENOMICS,Genetics & Genomics,Uk - Edinburgh,,,,,,https://destinagenomics.com/,BioPharmGuy
FIOS GENOMICS,Genetics & Genomics,Uk - Edinburgh,,,,,,https://www.fiosgenomics.com/,BioPharmGuy
WOBBLE GENOMICS,Genetics & Genomics,Uk - Edinburgh,,,,,,https://www.wobblegenomics.com/,BioPharmGuy
DNA WORLDWIDE,Genetics & Genomics,Uk - Frome,,,,,,https://www.dna-worldwide.com/,BioPharmGuy
OMECU,Genetics & Genomics,Uk - Glasgow,,,,,,https://omecu.com/,BioPharmGuy
BIOPHARMASPEC,Genetics & Genomics,Uk - Jersey,,,,,,https://biopharmaspec.com/,BioPharmGuy
DNAE,Genetics & Genomics,Uk - London,,,,,,https://www.dnae.com/,BioPharmGuy
LIFEBIT,Genetics & Genomics,Uk - London,,,,,,https://lifebit.ai/,BioPharmGuy
PCR BIOSYSTEMS,Genetics & Genomics,Uk - London,,,,,,https://pcrbio.com/usa/,BioPharmGuy
PORTAL BIOTECH,Genetics & Genomics,Uk - London,,,,,,https://www.portalbiotech.com/,BioPharmGuy
PROMATIX BIOSCIENCES,Genetics & Genomics,Uk - London,,,,,,https://pro-matix.com/,BioPharmGuy
PRECISIONLIFE,Genetics & Genomics,Uk - Long Hanborough,,,,,,https://precisionlife.com/,BioPharmGuy
LGC BIOSEARCH TECHNOLOGIES,Genetics & Genomics,Uk - Middlesex,,,,,,https://www.biosearchtech.com/,BioPharmGuy
GENOMICS,Genetics & Genomics,Uk - Oxford,,,,,,https://www.genomics.com/,BioPharmGuy
GENOMICS PLC,Genetics & Genomics,Uk - Oxford,,,,,,https://www.genomics.com/,BioPharmGuy
YOUSEQ,Genetics & Genomics,Uk - Winchester,,,,,,https://youseq.com/,BioPharmGuy
TOOLBOX GENOMICS,Genetics & Genomics,Ut - Draper,,,,,,https://www.toolboxgenomics.com/,BioPharmGuy
WASATCH BIOLABS,Genetics & Genomics,Ut - Pleasant Grove,,,,,,https://www.wasatchbiolabs.com/,BioPharmGuy
INHERENT BIOSCIENCES,Genetics & Genomics,Ut - Salt Lake City,,,,,,https://www.inherentbio.com/,BioPharmGuy
G3 THERAPEUTICS,Genetics & Genomics,Va - Midlothian,,,,,,https://www.g3therapeutics.com/,BioPharmGuy
PARABON NANOLABS,Genetics & Genomics,Va - Reston,,,,,,https://www.parabon-nanolabs.com/,BioPharmGuy
VIOME LIFE SCIENCES,Genetics & Genomics,Wa - Bellevue,,,,,,https://www.viomelifesciences.com/,BioPharmGuy
NAUTILUS BIOTECHNOLOGY,Genetics & Genomics,Wa - Seattle,,,,,,https://www.nautilus.bio/,BioPharmGuy
PARSE BIOSCIENCES,Genetics & Genomics,Wa - Seattle,,,,,,https://www.parsebiosciences.com/,BioPharmGuy
PHASE GENOMICS,Genetics & Genomics,Wa - Seattle,,,,,,https://phasegenomics.com/,BioPharmGuy
TOPOGENE,Genetics & Genomics,Wa - Seattle,,,,,,https://www.topogene.com/,BioPharmGuy
TWINSTRAND BIOSCIENCES,Genetics & Genomics,Wa - Seattle,,,,,,https://twinstrandbio.com/,BioPharmGuy
VARIANT BIO,Genetics & Genomics,Wa - Seattle,,,,,,https://www.variantbio.com/,BioPharmGuy
TERRA BIOWORKS,Genetics & Genomics,Wi - Middleton,,,,,,https://terrabioforge.com/,BioPharmGuy
RPRD DIAGNOSTICS,Genetics & Genomics,Wi - Milwaukee,,,,,,https://www.rprdx.com/,BioPharmGuy
BIONEXUS GENE LAB,Genetics & Genomics,Wy - Sheridan,,,,,,https://www.bionexusgenelab.com/,BioPharmGuy
ALVEOLUS BIO,Microbiome/Bacteriome,Al - Birmingham,,,,,,https://alveolusbio.com/,BioPharmGuy
BIOMEBANK,Microbiome/Bacteriome,Australia - Adelaide,,,,,,https://www.biomebank.com/,BioPharmGuy
MICROBA LIFE SCIENCES,Microbiome/Bacteriome,Australia - Brisbane,,,,,,https://microba.com/,BioPharmGuy
MICROBIOME INSIGHTS,Microbiome/Bacteriome,Bc - Richmond,,,,,,https://microbiomeinsights.com/,BioPharmGuy
MELIUS MICROBIOMICS,Microbiome/Bacteriome,Bc - Vancouver,,,,,,https://www.mmblivebio.com/,BioPharmGuy
OBULYTIX,Microbiome/Bacteriome,Belgium - Gent,,,,,,https://www.obulytix.com/,BioPharmGuy
MRM HEALTH,Microbiome/Bacteriome,Belgium - Ghent,,,,,,https://mrmhealth.com/,BioPharmGuy
S-BIOMEDIC,Microbiome/Bacteriome,Belgium - Ghent,,,,,,https://www.sbiomedic.com/,BioPharmGuy
ACTYM THERAPEUTICS,Microbiome/Bacteriome,Ca - Berkeley,,,,,,https://www.actymthera.com/,BioPharmGuy
INFINANT HEALTH,Microbiome/Bacteriome,Ca - Davis,,,,,,https://www.infinanthealth.com/,BioPharmGuy
SIOLTA THERAPEUTICS,Microbiome/Bacteriome,Ca - San Carlos,,,,,,https://www.sioltatherapeutics.com/,BioPharmGuy
BLOOM SCIENCE,Microbiome/Bacteriome,Ca - San Diego,,,,,,https://bloomscience.com/,BioPharmGuy
ENDURE BIOTHERAPEUTICS,Microbiome/Bacteriome,Ca - San Diego,,,,,,https://endurebio.com/,BioPharmGuy
JUNO BIO,Microbiome/Bacteriome,Ca - San Francisco,,,,,,https://www.juno.bio/,BioPharmGuy
LAGUNA BIOTHERAPEUTICS,Microbiome/Bacteriome,Ca - San Francisco,,,,,,https://www.lagunabio.com/,BioPharmGuy
FREYA BIOSCIENCES,Microbiome/Bacteriome,Denmark - Copenhagen,,,,,,https://freyabiosciences.com/,BioPharmGuy
BIOM PHARMACEUTICAL,Microbiome/Bacteriome,Fl - Sarasota,,,,,,https://biompharma.com/,BioPharmGuy
ENTEROME,Microbiome/Bacteriome,France - Evry,,,,,,https://www.enterome.com/,BioPharmGuy
BIOCODEX,Microbiome/Bacteriome,France - Gentilly,,,,,,https://www.biocodex.com/en/,BioPharmGuy
ELIGO BIOSCIENCE,Microbiome/Bacteriome,France - Paris,,,,,,https://eligo.bio/,BioPharmGuy
ENTEROME,Microbiome/Bacteriome,France - Paris,,,,,,https://www.enterome.com/,BioPharmGuy
EVERIMMUNE,Microbiome/Bacteriome,France - Villejuif,,,,,,https://www.everimmune.com/,BioPharmGuy
BIOMESENSE,Microbiome/Bacteriome,Il - Chicago,,,,,,https://www.biomesense.com/,BioPharmGuy
CLOSTRABIO,Microbiome/Bacteriome,Il - Chicago,,,,,,http://clostrabio.com/index.html,BioPharmGuy
REALIZE THERAPEUTICS,Microbiome/Bacteriome,Il - Lake Bluff,,,,,,https://realizethera.com/,BioPharmGuy
32 BIOSCIENCES,Microbiome/Bacteriome,Il - North Chicago,,,,,,https://32biosciences.com/,BioPharmGuy
SCIOTO BIOSCIENCES,Microbiome/Bacteriome,In - Indianapolis,,,,,,https://sciotobiosciences.com/,BioPharmGuy
MYBIOTICS,Microbiome/Bacteriome,Israel - Rehovot,,,,,,https://mybiotics-pharma.com/,BioPharmGuy
LISCURE BIOSCIENCES,Microbiome/Bacteriome,Korea - Seongnam,,,,,,https://www.liscure.bio/,BioPharmGuy
GI INNOVATION,Microbiome/Bacteriome,Korea - Seoul,,,,,,https://gi-innovation.com/en/index.asp,BioPharmGuy
LIVEOME,Microbiome/Bacteriome,Korea - Suwon,,,,,,https://liveome.co.kr/en/index.html,BioPharmGuy
DERMBIONT,Microbiome/Bacteriome,Ma - Boston,,,,,,https://www.dermbiont.com/,BioPharmGuy
SIDEKICK BIO,Microbiome/Bacteriome,Ma - Boston,,,,,,https://www.sidekickbio.com/,BioPharmGuy
CONCERTO BIOSCIENCES,Microbiome/Bacteriome,Ma - Cambridge,,,,,,https://www.concertobio.com/,BioPharmGuy
TENZA,Microbiome/Bacteriome,Ma - Somerville,,,,,,https://www.tenza.bio/,BioPharmGuy
SOLARIA BIO,Microbiome/Bacteriome,Ma - Waltham,,,,,,https://solaria.bio/,BioPharmGuy
MARVELBIOME,Microbiome/Bacteriome,Ma - Woburn,,,,,,https://www.marvelbiome.com/,BioPharmGuy
ESPERION THERAPEUTICS (2),Microbiome/Bacteriome,Mi - Ann Arbor,,,,,,https://www.esperion.com/,BioPharmGuy
CAELUS HEALTH,Microbiome/Bacteriome,Netherlands - Amsterdam,,,,,,https://caelushealth.com/,BioPharmGuy
KANVAS BIOSCIENCES,Microbiome/Bacteriome,Nj - Monmouth Junction,,,,,,https://www.kanvasbio.com/,BioPharmGuy
NOTITIA BIOTECHNOLOGIES,Microbiome/Bacteriome,Nj - Monmouth Junction,,,,,,https://notitiabio.com/,BioPharmGuy
NUBIYOTA,Microbiome/Bacteriome,On - Guelph,,,,,,https://nubiyota.com/,BioPharmGuy
OSTIA SCIENCES,Microbiome/Bacteriome,On - Toronto,,,,,,https://ostiasciences.ca/,BioPharmGuy
PULMOBIOTICS,Microbiome/Bacteriome,Spain - Barcelona,,,,,,https://www.pulmobio.com/,BioPharmGuy
MICROVIABLE THERAPEUTICS,Microbiome/Bacteriome,Spain - Gijon,,,,,,https://www.microviable.com/,BioPharmGuy
TELUM THERAPEUTICS,Microbiome/Bacteriome,Spain - Noáin,,,,,,https://telumtherapeutics.com/,BioPharmGuy
ILYA PHARMA,Microbiome/Bacteriome,Sweden - Uppsala,,,,,,https://www.ilyapharma.se/,BioPharmGuy
MYRIA BIOSCIENCES,Microbiome/Bacteriome,Switzerland - Basel,,,,,,https://www.myria.bio/,BioPharmGuy
T3 PHARMACEUTICALS,Microbiome/Bacteriome,Switzerland - Basel,,,,,,https://www.t3pharma.com/,BioPharmGuy
PHARMABIOME,Microbiome/Bacteriome,Switzerland - Schlieren,,,,,,https://www.pharmabiome.com/,BioPharmGuy
AUREALIS THERAPEUTICS,Microbiome/Bacteriome,Switzerland - Zug,,,,,,https://aurealistherapeutics.com/,BioPharmGuy
MICROBIOTICA,Microbiome/Bacteriome,Uk - Cambridge,,,,,,https://microbiotica.com/,BioPharmGuy
NEOBE THERAPEUTICS,Microbiome/Bacteriome,Uk - Cambridge,,,,,,https://www.neobetherapeutics.com/,BioPharmGuy
MYRIA BIOSCIENCES,Microbiome/Bacteriome,Uk - Edinburgh,,,,,,https://www.myria.bio/,BioPharmGuy
ENTEROBIOTIX,Microbiome/Bacteriome,Uk - Lanarkshire,,,,,,https://www.enterobiotix.com/,BioPharmGuy
CHAIN BIOTECH,Microbiome/Bacteriome,Uk - Nottingham,,,,,,https://chainbiotech.com/,BioPharmGuy
OPTIBIOTIX,Microbiome/Bacteriome,Uk - York,,,,,,https://optibiotix.com/,BioPharmGuy
IMMVIRX,Viral Technology,Australia - New Lambton Heights,,,,,,https://www.immvirx.com/,BioPharmGuy
BLUESKY IMMUNOTHERAPIES,Viral Technology,Austria - Vienna,,,,,,https://www.blueskyvaccines.com/,BioPharmGuy
NVECTOR,Viral Technology,Az - Phoenix,,,,,,https://nvector.com/,BioPharmGuy
VIROGIN BIOTECH,Viral Technology,Bc - Richmond,,,,,,https://virogin.com/,BioPharmGuy
AVIRMAX,Viral Technology,Ca - Hayward,,,,,,https://avirmax.com/,BioPharmGuy
OMIOS BIOLOGICS,Viral Technology,Ca - Oakland,,,,,,https://www.omiosbio.com/,BioPharmGuy
ACHELOIS BIOPHARMA,Viral Technology,Ca - Redwood City,,,,,,https://achelois.bio/,BioPharmGuy
ICONOVIR BIO,Viral Technology,Ca - San Diego,,,,,,https://iconovir.com/,BioPharmGuy
JAAN BIOTHERAPEUTICS,Viral Technology,Ca - San Diego,,,,,,https://jaanbio.com/,BioPharmGuy
GENELUX,Viral Technology,Ca - Westlake Village,,,,,,https://genelux.com/,BioPharmGuy
SKYLINE THERAPEUTICS,Viral Technology,China - Shanghai,,,,,,https://www.skytx.com/index.html,BioPharmGuy
EUREKABIO,Viral Technology,China - Shenzhen,,,,,,https://www.eurekabio.com/,BioPharmGuy
IMMVIRA,Viral Technology,China - Shenzhen,,,,,,https://immviragroup.com/,BioPharmGuy
APRILIGEN,Viral Technology,Ct - Greenwich,,,,,,https://apriligen.com/,BioPharmGuy
NANOVIRICIDES,Viral Technology,Ct - Shelton,,,,,,https://www.nanoviricides.com/,BioPharmGuy
AVE MARIA BIOTECH,Viral Technology,Fl - Ave Maria,,,,,,https://avemariabiotech.com/,BioPharmGuy
ADZE BIOTECHNOLOGY,Viral Technology,Fl - Coral Gables,,,,,,https://adzebiotech.com/,BioPharmGuy
NEOVIRTECH,Viral Technology,France - Toulouse,,,,,,https://neovirtech.com/,BioPharmGuy
ABALOS THERAPEUTICS,Viral Technology,Germany - Düsseldorf,,,,,,https://abalos-tx.com/,BioPharmGuy
XVIR THERAPEUTICS,Viral Technology,Germany - Munich,,,,,,https://www.xvir.com/,BioPharmGuy
FUSIX BIOTECH,Viral Technology,Germany - Ünchen,,,,,,https://fusixbiotech.de/,BioPharmGuy
BOREA THERAPEUTICS,Viral Technology,Italy - Milan,,,,,,https://www.boreatherapeutics.com/,BioPharmGuy
NOUSCOM,Viral Technology,Italy - Rome,,,,,,https://nouscom.com/,BioPharmGuy
JOCAVIO,Viral Technology,Japan - Fukuoka,,,,,,https://jocavio.jp/,BioPharmGuy
SURV BIOPHARMA,Viral Technology,Japan - Kagoshima,,,,,,https://www.survbiopharma.co.jp/en/,BioPharmGuy
SURV BIOPHARMA,Viral Technology,Japan - Tokyo,,,,,,https://www.survbiopharma.co.jp/en/,BioPharmGuy
BIONOXX,Viral Technology,Korea - Seongnam,,,,,,http://www.bionoxx.com/,BioPharmGuy
ELISIGEN,Viral Technology,Korea - Seoul,,,,,,https://elisigen.com/,BioPharmGuy
GENEMEDICINE,Viral Technology,Korea - Seoul,,,,,,https://gene-medicine.com/,BioPharmGuy
BIONOXX,Viral Technology,Korea - Yangsan,,,,,,http://www.bionoxx.com/,BioPharmGuy
OXFORD BIOMEDICA,Viral Technology,Ma - Bedford,,,,,,https://oxb.com/,BioPharmGuy
AURA BIOSCIENCES,Viral Technology,Ma - Boston,,,,,,https://www.aurabiosciences.com/,BioPharmGuy
LATUS BIO,Viral Technology,Ma - Boston,,,,,,https://www.latusbio.com/,BioPharmGuy
CIRRUS THERAPEUTICS,Viral Technology,Ma - Cambridge,,,,,,https://cirrustx.com/,BioPharmGuy
CROSSWALK THERAPEUTICS,Viral Technology,Ma - Cambridge,,,,,,https://crosswalktherapeutics.com/,BioPharmGuy
ACCURIUS THERAPEUTICS,Viral Technology,Ma - Lexington,,,,,,https://accurius.com/,BioPharmGuy
DYNO THERAPEUTICS,Viral Technology,Ma - Watertown,,,,,,https://www.dynotx.com/,BioPharmGuy
AAVNERGENE,Viral Technology,Md - Rockville,,,,,,https://aavnergene.com/,BioPharmGuy
THERIVA BIOLOGICS,Viral Technology,Md - Rockville,,,,,,https://therivabio.com/,BioPharmGuy
TYCHON BIOSCIENCE,Viral Technology,Mn - Minneapolis,,,,,,https://www.tychonbio.com/,BioPharmGuy
VYRIAD,Viral Technology,Mn - Rochester,,,,,,https://vyriad.com/,BioPharmGuy
SYNTIV,Viral Technology,Mn - St. Paul,,,,,,https://www.syntiv.tech/,BioPharmGuy
AD-VECTORS BIOTECH,Viral Technology,Nj - Midland Park,,,,,,https://www.ad-vectors.com/,BioPharmGuy
DELVE THERAPEUTICS,Viral Technology,Ny - New York,,,,,,https://delvetx.com/,BioPharmGuy
HUMANE GENOMICS,Viral Technology,Ny - New York,,,,,,https://humanegenomics.com/,BioPharmGuy
SANGRAIL BIOLOGICS,Viral Technology,Oh - Cleveland,,,,,,https://sangrailbiologics.com/,BioPharmGuy
VIRICA BIOTECH,Viral Technology,On - Ottawa,,,,,,https://www.viricabiotech.com/,BioPharmGuy
TAILORED GENES,Viral Technology,On - Toronto,,,,,,https://tailored-genes.com/,BioPharmGuy
VECTOR BIOLABS,Viral Technology,Pa - Malvern,,,,,,https://www.vectorbiolabs.com/,BioPharmGuy
KALIVIR IMMUNOTHERAPEUTICS,Viral Technology,Pa - Pittsburgh,,,,,,https://kalivir.com/,BioPharmGuy
ALGENEX,Viral Technology,Spain - Madrid,,,,,,https://www.algenex.com/,BioPharmGuy
RAAVEN THERAPEUTICS,Viral Technology,Sweden - Lund,,,,,,https://www.raaven.se/,BioPharmGuy
LOKON PHARMA,Viral Technology,Sweden - Uppsala,,,,,,https://www.lokonpharma.com/,BioPharmGuy
CANVIREX,Viral Technology,Switzerland - Basel,,,,,,https://canvirex.com/,BioPharmGuy
NOUSCOM,Viral Technology,Switzerland - Basel,,,,,,https://nouscom.com/,BioPharmGuy
SAIBA,Viral Technology,Switzerland - Pfaeffikon,,,,,,https://www.saiba-biotech.com/,BioPharmGuy
GENEVA BIOTECH,Viral Technology,Switzerland - Pregny-Chambésy,,,,,,https://geneva-biotech.com/,BioPharmGuy
INTERACT THERAPEUTICS,Viral Technology,Tx - Dallas,,,,,,https://www.interacttx.com/,BioPharmGuy
GREFFEX,Viral Technology,Tx - Houston,,,,,,https://www.greffex.com/,BioPharmGuy
VIROVEK,Viral Technology,Tx - Houston,,,,,,https://virovek.com/,BioPharmGuy
TROGENIX,Viral Technology,Uk - Edinburgh,,,,,,https://trogenix.com/,BioPharmGuy
COMBINED THERAPEUTICS,Viral Technology,Uk - London,,,,,,https://www.combinedtx.com/,BioPharmGuy
VACV BIOTHERAPEUTICS,Viral Technology,Uk - London,,,,,,https://vacvbtx.com/,BioPharmGuy
ACCESSION THERAPEUTICS,Viral Technology,Uk - Oxford,,,,,,https://www.accessiontherapeutics.com/,BioPharmGuy
OXFORD BIOMEDICA,Viral Technology,Uk - Oxford,,,,,,https://oxb.com/,BioPharmGuy
THEOLYTICS,Viral Technology,Uk - Oxford,,,,,,https://www.theolytics.com/,BioPharmGuy
STRATOSVIR,Viral Technology,Uk - Stevenage,,,,,,https://stratosvir.com/,BioPharmGuy
VIROMISSILE,Viral Technology,Us - Virtual,,,,,,https://viromissile.com/,BioPharmGuy
VIRONGY,Viral Technology,Va - Manassas,,,,,,https://virongy.com/,BioPharmGuy
AAVOCYTE,Viral Technology,Wa - Seattle,,,,,,https://aavocyte.com/,BioPharmGuy
CAPSIGEN,Viral Technology,Wa - Vancouver,,,,,,https://capsigen.com/,BioPharmGuy
