lab_name,category_focus,city,state,street_address,contact_name,contact_email,phone_number,website_url,source_registry
48HOUR DISCOVERY,Contract Research (Pre-Clinical),Ab - Edmonton,PEPTIDE-BASED RADIOPHARMACEUTICALS FOR THE TREATMENT OF CANCER,,,,,https://48hourdiscovery.com/,BioPharmGuy
CHEMFORCE LABORATORIES,Contract Research (Pre-Clinical),Ab - Edmonton,"SPECIALTY CHEMICALS, CONTRACT RESEARCH, MFG",,,,,http://www.chemforcelabs.com/,BioPharmGuy
FUTURE FIELDS,Contract Research (Pre-Clinical),Ab - Edmonton,CONTRACT PROTEIN RESEARCH,,,,,https://futurefields.io/,BioPharmGuy
INNOVOTECH,Contract Research (Pre-Clinical),Ab - Edmonton,BIOFILM CONTRACT RESEARCH & DEVELOPMENT,,,,,https://innovotech.ca/,BioPharmGuy
PBG BIOPHARMA,Contract Research (Pre-Clinical),Ab - Leduc,CONTRACT RESEARCH & DEVELOPMENT,,,,,https://www.pbgbiopharma.com/,BioPharmGuy
IXPRESSGENES,Contract Research (Pre-Clinical),Al - Huntsville,"PROTEIN SERVICES, CONTRACT RD",,,,,https://www.ixpressgenes.com/,BioPharmGuy
TRIRX PHARMACEUTICAL SERVICES,Contract Research (Pre-Clinical),Al - Huntsville,"R&D, MANUFACTURING, PACKAGING AND WAREHOUSING OF NON-STERILE LIQUIDS AND SEMI-SOLIDS",,,,,https://www.trirx.com/,BioPharmGuy
STATECS,Contract Research (Pre-Clinical),Armenia - Yerevan,"MEDICAL WRITING, CLINICAL DATA, STATISTICAL PROGRAMMING, REGULATORY",,,,,https://www.statecs.com/,BioPharmGuy
CRUX BIOLABS,Contract Research (Pre-Clinical),Australia - Bayswater,"SPECIALIST IMMUNOLOGY CONTRACT RESEARCH. PBMC PROCESSING, FLOW CYTOMETRY, ELISPOT & CUSTOM IMMUNOASSAYS TO ISO 17025.",,,,,https://cruxbiolabs.com/,BioPharmGuy
EPICHEM,Contract Research (Pre-Clinical),Australia - Bentley,SYNTHETIC AND MEDICINAL CHEMISTRY SERVICES. EXTENSIVE REFERENCE STANDARDS CATALOGUE. GLOBAL DELIVERY.,,,,,https://www.epichem.com/,BioPharmGuy
IDT AUSTRALIA,Contract Research (Pre-Clinical),Australia - Boronia,CONTRACT MANUFACTURING,,,,,https://idtaus.com.au/,BioPharmGuy
ACYTE BIOTECH,Contract Research (Pre-Clinical),Australia - Brisbane,DEVELOPMENT OF ANTIBODIES FROM PHAGE DISPLAY DISCOVERY,,,,,http://www.acyte.com/,BioPharmGuy
360BIOLABS,Contract Research (Pre-Clinical),Australia - Melbourne,CONTRACT SERVICE PROVIDER BRINGING TOGETHER VIROLOGY AND IMMUNOLOGY IN A QUALITY-ASSURED ENVIRONMENT,,,,,https://www.360biolabs.com/,BioPharmGuy
PTNG SCIENTIFIC,Contract Research (Pre-Clinical),Australia - Melbourne,PROTEIN OPTIMIZATION,,,,,https://ptngscientific.com/,BioPharmGuy
PCI PHARMA SERVICES,Contract Research (Pre-Clinical),Australia - Moorabbin Airport,"CONTRACT MANUFACTURING, SERVICES",,,,,https://pci.com/,BioPharmGuy
FENIX INNOVATION GROUP,Contract Research (Pre-Clinical),Australia - Mount Waverley,"FULL SPECTRUM RESEARCH, MANUFACTURING, CONSULTING",,,,,https://www.fenixinnovationgroup.com/,BioPharmGuy
FORMULYTICA,Contract Research (Pre-Clinical),Australia - Mulgrave,"FORMULATION, ANALYTICAL",,,,,https://formulytica.com/,BioPharmGuy
SCANTOX NEURO,Contract Research (Pre-Clinical),Austria - Grambach,NEURO CRO,,,,,https://scantox.com/,BioPharmGuy
POLYMUN SCIENTIFIC,Contract Research (Pre-Clinical),Austria - Klosterneuburg,CONTRACT DEVELOPMENT & MANUFACTURING,,,,,http://www.polymun.com/,BioPharmGuy
VALIDOGEN,Contract Research (Pre-Clinical),Austria - Raaba-Grambach,"CONTRACT PROTEIN EXPRESSION, STRAIN DEVELOPMENT, CELL BANKING",,,,,https://www.validogen.com/,BioPharmGuy
ATTOQUANT DIAGNOSTICS,Contract Research (Pre-Clinical),Austria - Vienna,LC-MS/MS BASED PEPTIDE QUANTIFICATION SERVICES,,,,,https://attoquant.com/,BioPharmGuy
NBS-C BIOSCIENCE & CONSULTING,Contract Research (Pre-Clinical),Austria - Vienna,"MOLECULAR INTERACTION ANALYSIS, CONSULTING",,,,,http://www.nbs-c.at/,BioPharmGuy
THE ANTIBODY LAB,Contract Research (Pre-Clinical),Austria - Vienna,CONTRACT ANTIBODY WORK,,,,,https://www.theantibodylab.com/,BioPharmGuy
VELA LABORATORIES,Contract Research (Pre-Clinical),Austria - Vienna,GMP CONTRACT SERVICES,,,,,https://www.vela-labs.at/,BioPharmGuy
VIROSURE,Contract Research (Pre-Clinical),Austria - Vienna,"BIOSAFETY TESTING CRO, CELL & VIRUS BANKING SERVICES",,,,,https://virusure.com/,BioPharmGuy
OMNIAB,Contract Research (Pre-Clinical),Az - Oro Valley,ANTIBODY REPERTOIRES AND HIGH-THROUGHPUT SCREENING TECHNOLOGIES,,,,,https://www.omniab.com/,BioPharmGuy
ABCELLERA,Contract Research (Pre-Clinical),Bc - Vancouver,THERAPEUTIC ANTIBODY DISCOVERY,,,,,https://www.abcellera.com/,BioPharmGuy
ACUITAS THERAPEUTICS,Contract Research (Pre-Clinical),Bc - Vancouver,ACUITAS PROVIDES DELIVERY SOLUTIONS FOR MOLECULAR THERAPEUTICS USING LIPID NANOPARTICLES (LNP),,,,,https://acuitastx.com/,BioPharmGuy
VIEWSML TECHNOLOGIES,Contract Research (Pre-Clinical),Bc - Vancouver,IMMUNOHISTOCHEMISTRY,,,,,https://www.viewsml.com/,BioPharmGuy
STARFISH MEDICAL,Contract Research (Pre-Clinical),Bc - Victoria,CONTRACT MEDICAL DEVICES,,,,,https://starfishmedical.com/,BioPharmGuy
PROTHYA BIOSOLUTIONS,Contract Research (Pre-Clinical),Belgium - Brussels,SERVICES AND PLASMA-DERIVED MEDICINAL PRODUCTS,,,,,https://prothya.com/,BioPharmGuy
IMMUNOCHEM,Contract Research (Pre-Clinical),Belgium - Corroy-Le-Grand,"ANTIBODIES FOR NICHE PARAMETERS, ANTIBODY FRAGMENT GENERATION PLATFORM",,,,,https://www.immunochem.be/,BioPharmGuy
INNOSER,Contract Research (Pre-Clinical),Belgium - Diepenbeek,PRECLINICAL CRO,,,,,https://www.innoserlaboratories.com/,BioPharmGuy
OHMX,Contract Research (Pre-Clinical),Belgium - Evergem,"WET-LAB AND DRY-LAB SERVICE PROVIDER,",,,,,https://ohmx.bio/,BioPharmGuy
VIXEN BIO,Contract Research (Pre-Clinical),Belgium - Gent,ANTIBODY WORK,,,,,https://vixenbio.com/,BioPharmGuy
CERBA RESEARCH,Contract Research (Pre-Clinical),Belgium - Ghent,LAB TESTING,,,,,https://www.cerbaresearch.com/,BioPharmGuy
EUROSCREENFAST,Contract Research (Pre-Clinical),Belgium - Gosselies,GPCR SCREENING,,,,,https://euroscreenfast.com/,BioPharmGuy
SEQALIS,Contract Research (Pre-Clinical),Belgium - Gosselies,"SEQUENCING, PATHOLOGY SERVICES, BIOBANKING, GENOMICS",,,,,https://www.seqalis.com/,BioPharmGuy
REMYND,Contract Research (Pre-Clinical),Belgium - Leuven,PRECLINICAL IN-VIVO ALZHEIMER'S CONTRACT RESEARCH,,,,,https://www.remynd.com/,BioPharmGuy
PURNA PHARMACEUTICALS,Contract Research (Pre-Clinical),Belgium - Puurs,"CONTRACT SERVICES FOR THE DEVELOPMENT AND MANUFACTURING OF SEMI-SOLID, POWDERS AND LIQUID PHARMACEUTICAL PRODUCTS",,,,,https://www.purna.be/,BioPharmGuy
LONZA,Contract Research (Pre-Clinical),Belgium - Verviers,"SMALL MOLECULES, BIOLOGICS",,,,,https://www.lonza.com/,BioPharmGuy
XEDEV,Contract Research (Pre-Clinical),Belgium - Zele,DRUG PRODUCT DEVELOPMENT AND MANUFACTURING FOR SMALL MOLECULES AND BIOLOGICS,,,,,https://xedev.com/,BioPharmGuy
EMERY PHARMA,Contract Research (Pre-Clinical),Ca - Alameda,"CRO SUPPORTING DISCOVERY FOR SMALL MOLECULES, BIOLOGICS (MABS, ADCS, GENE THERAPY, BOTANICALS)",,,,,https://emerypharma.com/,BioPharmGuy
ENSIGNA BIOSYSTEMS,Contract Research (Pre-Clinical),Ca - Alameda,LAB SERVICES,,,,,https://ensigna.com/,BioPharmGuy
GENEFAB,Contract Research (Pre-Clinical),Ca - Alameda,GENE THERAPY SERVICES,,,,,https://www.genefab.com/,BioPharmGuy
AIKIUM,Contract Research (Pre-Clinical),Ca - Berkeley,AI DRUG DISCOVERY,,,,,https://www.aikium.com/,BioPharmGuy
ELEVALUE LABORATORIES,Contract Research (Pre-Clinical),Ca - Berkeley,CONTRACT CELL & GENE THERAPY AND BIOLOGICS,,,,,https://www.elevaluelab.com/,BioPharmGuy
MIRAOMICS,Contract Research (Pre-Clinical),Ca - Berkeley,BIOINFORMATICS SERVICE,,,,,https://miraomics.bio/,BioPharmGuy
WAINAMICS,Contract Research (Pre-Clinical),Ca - Campbell,MICROFLUIDICS SOLUTIONS,,,,,https://wainamics.com/,BioPharmGuy
DCN DX,Contract Research (Pre-Clinical),Ca - Carlsbad,"CDMO, DRY CHEMISTRY, PCR, ELISA, MICROFLUIDICS, LAB-ON-A-CHIP, MICROBIOLOGY, ENGINEERING",,,,,https://dcndx.com/,BioPharmGuy
EXONBIO,Contract Research (Pre-Clinical),Ca - Carlsbad,MONOCLONAL ANTIBODY DISCOVERY WITH SINGLE PLASMA CELL INTERROGATION (SPIN®) TECHNOLOGY FROM IMMUNIZED ANIMALS,,,,,https://exonbio.com/,BioPharmGuy
GENER8,Contract Research (Pre-Clinical),Ca - Carlsbad,"MEDICAL DEVICES PROTOTYPING, ENGINEERING & DESIGN; BIOTECH CONSUMABLES",,,,,https://www.gener8.net/,BioPharmGuy
GILERO,Contract Research (Pre-Clinical),Ca - Carlsbad,"MEDICAL DEVICE DESIGN & DEVELOPMENT, DRUG DELIVERY SYSTEMS DESIGN & DEVELOPMENT",,,,,https://www.gilero.com/,BioPharmGuy
T&L BIOTECHNOLOGY,Contract Research (Pre-Clinical),Ca - Carlsbad,"MAGNETIC BEADS, PROTEIN EXPRESSION, FORMULATION, PROTEIN CHARACTERIZATION, CELL SERVICES",,,,,https://www.tlbiotech.com/,BioPharmGuy
PYRAMID PHARMA SERVICES,Contract Research (Pre-Clinical),Ca - Costa Mesa,"CONTRACT FILLING, LYOPHILIZATION, MANUFACTURING, ANALYTICAL SERVICES",,,,,https://pyramidpharmaservices.com/,BioPharmGuy
ALTASCIENCES,Contract Research (Pre-Clinical),Ca - Cypress,CONTRACT RESEARCH,,,,,https://www.altasciences.com/,BioPharmGuy
OMNIAB,Contract Research (Pre-Clinical),Ca - Emeryville,ANTIBODY REPERTOIRES AND HIGH-THROUGHPUT SCREENING TECHNOLOGIES,,,,,https://www.omniab.com/,BioPharmGuy
BIONOVA SCIENTIFIC,Contract Research (Pre-Clinical),Ca - Fremont,FULL-SERVICE BIOLOGICS CDMO,,,,,https://bionovascientific.com/,BioPharmGuy
INNOVATIVE DEVICE TECHNOLOGIES,Contract Research (Pre-Clinical),Ca - Fremont,PRODUCT DEVELOPMENT,,,,,https://idtechllc.com/,BioPharmGuy
GENNEXT TECHNOLOGIES,Contract Research (Pre-Clinical),Ca - Half Moon Bay,PROTEIN STRUCTURAL ANALYSIS,,,,,https://gnxtech.com/,BioPharmGuy
FRONTAGE,Contract Research (Pre-Clinical),Ca - Hayward,"CONTRACT RESEARCH & DEVELOPMENT, CLINICAL SERVICES, CMC SERVICES",,,,,https://www.frontagelab.com/,BioPharmGuy
MEADOWHAWK BIOLABS,Contract Research (Pre-Clinical),Ca - Hayward,SMALL & LARGE MOLECULE CRO,,,,,https://www.meadowhawkbiolabs.com/,BioPharmGuy
PACIFIC BIOLABS,Contract Research (Pre-Clinical),Ca - Hercules,ANALYTICAL SERVICES,,,,,https://pacificbiolabs.com/,BioPharmGuy
CHARLES RIVER LABORATORIES,Contract Research (Pre-Clinical),Ca - Hollister,RESEARCH ANIMAL MODELS AND PRECLINICAL RESEARCH,,,,,https://www.criver.com/,BioPharmGuy
NAMSA,Contract Research (Pre-Clinical),Ca - Irvine,MEDICAL RESEARCH ORGANIZATION - MEDICAL DEVICES,,,,,https://namsa.com/,BioPharmGuy
NITTO AVECIA PHARMA SERVICES,Contract Research (Pre-Clinical),Ca - Irvine,PHARMA DEVELOPMENT,,,,,https://www.aveciapharma.com/,BioPharmGuy
STASON PHARMACEUTICALS,Contract Research (Pre-Clinical),Ca - Irvine,CDMO,,,,,https://stasonpharma.com/,BioPharmGuy
VICTOGEN,Contract Research (Pre-Clinical),Ca - Irvine,"ANALYTICAL, FORMULATION DEVELOPMENT, REGULATORY",,,,,https://victogenpharma.com/,BioPharmGuy
BEHAVIORAL PHARMA,Contract Research (Pre-Clinical),Ca - La Jolla,PRECLINICAL LAB SERVICES,,,,,https://www.behavioralpharma.com/,BioPharmGuy
BIOSPRING,Contract Research (Pre-Clinical),Ca - La Jolla,MANUFACTURING & ANALYTICAL SERVICES,,,,,https://www.biospring.net/,BioPharmGuy
CELLARCUS BIOSCIENCES,Contract Research (Pre-Clinical),Ca - La Jolla,EXTRACELLULAR VESICLE ANALYSIS ASSAYS,,,,,https://www.cellarcus.com/,BioPharmGuy
JADEBIO,Contract Research (Pre-Clinical),Ca - La Jolla,CONTRACT PROTEIN ANALYSIS,,,,,http://www.jadebio.com/,BioPharmGuy
HTD BIOSYSTEMS,Contract Research (Pre-Clinical),Ca - Livermore,CONTRACT DEVELOPMENT,,,,,https://www.htdcorp.com/,BioPharmGuy
GENZUM LIFE SCIENCES,Contract Research (Pre-Clinical),Ca - Los Angeles,DRUG DEVELOPMENT,,,,,https://genzum.com/,BioPharmGuy
CELLMP,Contract Research (Pre-Clinical),Ca - Menlo Park,"CELL THERAPY SERVICES, CONSULTING",,,,,https://www.cellmp.com/,BioPharmGuy
SRI INTERNATIONAL,Contract Research (Pre-Clinical),Ca - Menlo Park,INDEPENDENT RESEARCH,,,,,https://www.sri.com/,BioPharmGuy
STELLARTECH RESEARCH,Contract Research (Pre-Clinical),Ca - Milpitas,ELECTRONIC DEVICE DEVELOPMENT,,,,,https://www.stellartechresearch.com/,BioPharmGuy
QUICK BIOLOGY,Contract Research (Pre-Clinical),Ca - Monrovia,NEXT-GEN SEQUENCING ANALYSIS,,,,,https://www.quickbiology.com/,BioPharmGuy
ARAGEN LIFE SCIENCES,Contract Research (Pre-Clinical),Ca - Morgan Hill,"CELL LINE DEVELOPMENT, PROTEIN EXPRESSION & PURIFICATION, CELL-BASED & BIOPHYSICAL ASSAYS, AND IN VIVO MODELS OF DISEASE.",,,,,https://www.aragen.com/,BioPharmGuy
CELLECTA,Contract Research (Pre-Clinical),Ca - Mountain View,"CRISPR AND RNAI GENETIC SCREENS, LIBRARIES AND CONSTRUCT; SEQUENCING; RNA EXPRESSION PROFILING; BARCODE LIBRARIES",,,,,https://cellecta.com/,BioPharmGuy
CELLENTIA,Contract Research (Pre-Clinical),Ca - Mountain View,CUSTOM BIOASSAYS,,,,,https://cellentiabio.com/,BioPharmGuy
MURRIETA GENOMICS,Contract Research (Pre-Clinical),Ca - Murrieta,"NGS SERVICES, SAMPLE PREPARATION TECHNOLOGIES, AND GENOMIC ANALYSIS PLATFORMS",,,,,https://www.murrietagenomics.com/,BioPharmGuy
MAXYGEN (2),Contract Research (Pre-Clinical),Ca - Newark,DIRECTED EVOLUTION SERVICES FOR PROTEIN ENGINEERING,,,,,https://www.maxygen.com/,BioPharmGuy
REECHPHARMA,Contract Research (Pre-Clinical),Ca - Newark,CUSTOMIZED FORMULATION SOLUTIONS,,,,,https://reechpharma.com/,BioPharmGuy
ALPHALYSE,Contract Research (Pre-Clinical),Ca - Palo Alto,PROTEIN CHARACTERIZATION SERVICES,,,,,https://alphalyse.com/,BioPharmGuy
AVENUE BIOSCIENCES,Contract Research (Pre-Clinical),Ca - Palo Alto,PROTEIN ENGINEERING,,,,,https://www.avenuebiosciences.com/,BioPharmGuy
INTUNE,Contract Research (Pre-Clinical),Ca - Pasadena,"IVD OR MEDICAL DEVICE PRODUCT DEVELOPMENT, ANALYTICAL & CLINICAL VALIDATION, REGULATORY APPROVAL",,,,,https://www.intune.bio/,BioPharmGuy
DOW DEVELOPMENT LABS,Contract Research (Pre-Clinical),Ca - Petaluma,"FORMULATION DEVELOPMENT, CLINICAL MANUFACTURING, SUPPLIES",,,,,https://www.dowdevelopmentlabs.com/,BioPharmGuy
AAT BIOQUEST,Contract Research (Pre-Clinical),Ca - Pleasanton,BIOANALYTICAL RESEARCH REAGENTS AND KITS; VARIOUS CONTRACT RESEARCH OFFERINGS,,,,,https://www.aatbio.com/,BioPharmGuy
SK PHARMTECO,Contract Research (Pre-Clinical),Ca - Rancho Cordova,SMALL MOLECULE DEVELOPMENT & MANUFACTURING,,,,,https://www.skpharmteco.com/,BioPharmGuy
CODEXIS,Contract Research (Pre-Clinical),Ca - Redwood City,ENZYMATIC MANUFACTURING OF SIRNA THERAPEUTICS,,,,,https://www.codexis.com/,BioPharmGuy
ACCURUS BIOSCIENCES,Contract Research (Pre-Clinical),Ca - Richmond,CELLULAR & ANTIBODY SERVICES,,,,,http://accurusbio.com/web/,BioPharmGuy
JOINN BIOLOGICS,Contract Research (Pre-Clinical),Ca - Richmond,BIOLOGICS CDMO,,,,,https://www.joinnbio.com/,BioPharmGuy
PROMAB BIOTECHNOLOGIES,Contract Research (Pre-Clinical),Ca - Richmond,"SERVICES AND PRODUCTS IN MRNA-LNP, CAR-T/CAR-NK, ANTIBODY & BISPECIFIC ANTIBODY, PROTEINS & CYTOKINES, NANOPARTICLE FORMULATION",,,,,https://www.promab.com/,BioPharmGuy
ACCELERO BIOSTRUCTURES,Contract Research (Pre-Clinical),Ca - San Carlos,HIGH-THROUGHPUT PROTEIN X-RAY CRYSTALLOGRAPHY-DRIVEN DRUG DISCOVERY AND STRUCTURAL BIOLOGY SOLUTIONS,,,,,https://www.accelerobio.com/,BioPharmGuy
FOG CITY BIO,Contract Research (Pre-Clinical),Ca - San Carlos,RAPID ELISA OPTIMIZATION,,,,,https://fogcitybio.com/,BioPharmGuy
ABEOMICS,Contract Research (Pre-Clinical),Ca - San Diego,CONTRACT RESEARCH,,,,,https://www.abeomics.com/,BioPharmGuy
ACCELAGEN,Contract Research (Pre-Clinical),Ca - San Diego,CONTRACT MOLECULAR BIOLOGY WORK,,,,,https://accelagen.com/,BioPharmGuy
ANABIOS,Contract Research (Pre-Clinical),Ca - San Diego,HUMAN TISSUE CLINICAL TESTING,,,,,https://anabios.com/,BioPharmGuy
ARES BIOSCIENCE,Contract Research (Pre-Clinical),Ca - San Diego,"CELL LINE ENGINEERING, ASSAY DEVELOPMENT, IN VIVO SERVICES",,,,,https://acresbiosciences.com/,BioPharmGuy
AVANTGEN,Contract Research (Pre-Clinical),Ca - San Diego,"YEAST-DISPLAY TECHNOLOGY, HUMAN ANTIBODY DISCOVERY",,,,,https://www.avantgen.com/,BioPharmGuy
BIOAGILYTIX,Contract Research (Pre-Clinical),Ca - San Diego,"BIOANALYTICAL SERVICES, IMMUNOASSAYS, CELL-BASED ASSAYS",,,,,https://www.bioagilytix.com/,BioPharmGuy
BIOLEGACY RESEARCH,Contract Research (Pre-Clinical),Ca - San Diego,CONTRACT RESEARCH,,,,,https://biolegacyresearch.com/,BioPharmGuy
BORA BIOLOGICS,Contract Research (Pre-Clinical),Ca - San Diego,CONTRACT BIOLOGICS,,,,,https://www.borabiologics.com/,BioPharmGuy
CALCHEM SYNTHESIS,Contract Research (Pre-Clinical),Ca - San Diego,CONTRACT CHEMISTRY,,,,,https://www.calchemsynthesis.com/,BioPharmGuy
CERTIS ONCOLOGY SOLUTIONS,Contract Research (Pre-Clinical),Ca - San Diego,"CANCER THERAPY RECOMMENDATION PLATFORM, PRECLINICAL CRO",,,,,https://www.certisoncology.com/#drug-development,BioPharmGuy
CHEMDIV,Contract Research (Pre-Clinical),Ca - San Diego,"CONTRACT DEVELOPMENT, CLINICAL TRIAL MONITORING",,,,,https://www.chemdiv.com/,BioPharmGuy
CHEMVEDA LIFE SCIENCES,Contract Research (Pre-Clinical),Ca - San Diego,DRUG DISCOVERY & DEVELOPMENT SERVICES,,,,,https://chemvedals.com/,BioPharmGuy
CROWN BIOSCIENCE,Contract Research (Pre-Clinical),Ca - San Diego,DRUG DEVELOPMENT,,,,,https://www.crownbio.com,BioPharmGuy
ENQUBIO,Contract Research (Pre-Clinical),Ca - San Diego,CONTRACT RESEARCH & SERVICES,,,,,https://www.enqubio.com/,BioPharmGuy
LEARDON SOLUTIONS,Contract Research (Pre-Clinical),Ca - San Diego,DIAGNOSTIC AND DEVICE DEVELOPMENT,,,,,https://www.leardon.com/,BioPharmGuy
MOLECULAR DEPOT,Contract Research (Pre-Clinical),Ca - San Diego,"ANTIBODIES, DEVELOPMENT",,,,,https://moleculardepot.com/,BioPharmGuy
NANOCOMPOSIX,Contract Research (Pre-Clinical),Ca - San Diego,"NANOPARTICLES, CONTRACT WORK",,,,,https://nanocomposix.com/,BioPharmGuy
NEXOVA BIOSCIENCES,Contract Research (Pre-Clinical),Ca - San Diego,"CUSTOM ANTIBODIES, SANGER AND NANOPORE SEQUENCING, HISTOPATHOLOGY AND IN-VIVO STUDIES",,,,,https://nexovabio.com/,BioPharmGuy
PCI PHARMA SERVICES,Contract Research (Pre-Clinical),Ca - San Diego,"CONTRACT MANUFACTURING, SERVICES",,,,,https://pci.com/,BioPharmGuy
POLYPEPTIDE GROUP,Contract Research (Pre-Clinical),Ca - San Diego,POLYPEPTIDE MANUFACTURING,,,,,https://www.polypeptide.com/,BioPharmGuy
SAPIENT BIOANALYTICS,Contract Research (Pre-Clinical),Ca - San Diego,"MULTI-OMICS BIOMARKER DISCOVERY – METABOLOMICS, LIPIDOMICS, PROTEOMICS, BIOINFORMATICS & TRANSLATION",,,,,https://sapient.bio/,BioPharmGuy
THERAPEUTICS INC.,Contract Research (Pre-Clinical),Ca - San Diego,DERMATOLOGY DRUG DEVELOPMENT SERVICES,,,,,https://www.therapeuticsinc.com/,BioPharmGuy
TIOGA RESEARCH,Contract Research (Pre-Clinical),Ca - San Diego,CONTRACT R&D FOR TOPICALS,,,,,https://tiogaresearch.com/,BioPharmGuy
WUXI APPTEC,Contract Research (Pre-Clinical),Ca - San Diego,"ALL TYPES OF CONTRACT WORK FOR SMALL MOLECULES, DEVICES",,,,,https://www.wuxiapptec.com/,BioPharmGuy
XILTRIX,Contract Research (Pre-Clinical),Ca - San Diego,LAB MONITORING SERVICE,,,,,https://www.xiltrixusa.com/,BioPharmGuy
ANTOGEN,Contract Research (Pre-Clinical),Ca - San Francisco,IMMUNOPEPTIDOMICS SERVICES,,,,,https://antogen.com/,BioPharmGuy
BTLABS,Contract Research (Pre-Clinical),Ca - San Francisco,"PEPTIDE, OLIGO, ENZYME TESTING",,,,,https://btlabtesting.com/,BioPharmGuy
ICOSAGEN CELL FACTORY,Contract Research (Pre-Clinical),Ca - San Francisco,"RECOMBINANT ANTIBODIES, PROTEINS FROM MAMMALIAN CELLS",,,,,https://www.icosagen.com/,BioPharmGuy
KLYNEAI,Contract Research (Pre-Clinical),Ca - San Francisco,CRO FOR IN SILICO HIT DISCOVERY,,,,,https://www.klyne.ai/,BioPharmGuy
ACROBIOSYSTEMS,Contract Research (Pre-Clinical),Ca - San Jose,"PROTEINS, ANTIBODIES, KITS, GMP-GRADE REAGENTS, AND CUSTOM SERVICES",,,,,https://acrobiosystems.com.cn/,BioPharmGuy
GENER8,Contract Research (Pre-Clinical),Ca - San Jose,"MEDICAL DEVICES PROTOTYPING, ENGINEERING & DESIGN; BIOTECH CONSUMABLES",,,,,https://www.gener8.net/,BioPharmGuy
AUSTRAL BIOLOGICALS,Contract Research (Pre-Clinical),Ca - San Ramon,"RESEARCH PRODUCT DISTRIBUTOR, CONTRACT SERVICES",,,,,http://www.australbiologicals.com/index.php,BioPharmGuy
CIRTEC MEDICAL,Contract Research (Pre-Clinical),Ca - Santa Clara,CONTRACT MEDICAL DEVICES,,,,,https://www.cirtecmed.com/,BioPharmGuy
CYAGEN BIOSCIENCES,Contract Research (Pre-Clinical),Ca - Santa Clara,"CONTRACT RESEARCH; RODENT MODELS, DNA VECTORS, STEM CELL PRODUCTS",,,,,https://www.cyagen.com/,BioPharmGuy
ABIOSCIENCES,Contract Research (Pre-Clinical),Ca - South Sf,"SINGLE CELL SEQUENCING, BIOINFORMATICS, AI-AIDED MOLECULAR DESIGN",,,,,https://www.abiosciences.com/,BioPharmGuy
CLEO LIFE SCIENCES,Contract Research (Pre-Clinical),Ca - South Sf,"CMC CONSULTING, CONTRACT RESEARCH",,,,,https://www.cleolifesciences.com/,BioPharmGuy
DC3 THERAPEUTICS,Contract Research (Pre-Clinical),Ca - South Sf,PRE-CLINICAL CONTRACT RESEARCH,,,,,https://dc3therapeutics.com/,BioPharmGuy
NEOPEUTICS,Contract Research (Pre-Clinical),Ca - South Sf,DRUG DISCOVERY CONTRACT RESEARCH,,,,,http://www.neopeutics.com/,BioPharmGuy
PLASMIDSAURUS,Contract Research (Pre-Clinical),Ca - South Sf,GENOME SEQUENCING SERVICES,,,,,https://plasmidsaurus.com/,BioPharmGuy
FORMUREX,Contract Research (Pre-Clinical),Ca - Stockton,CONTRACT RESEARCH,,,,,http://www.formurex.com,BioPharmGuy
COMPARATIVE BIOSCIENCES,Contract Research (Pre-Clinical),Ca - Sunnyvale,"GLP AND NON-GLP PRECLINICAL TOXICOLOGY, EFFICACY, PHARMACOLOGY, HISTOPATHOLOGY, AND SAFETY STUDIES ON ALL LABORATORY SPECIES.",,,,,https://www.compbio.com/,BioPharmGuy
FUJIFILM DIOSYNTH,Contract Research (Pre-Clinical),Ca - Thousand Oaks,BIOLOGICS DEVELOPMENT & MANUFACTURING,,,,,https://fujifilmbiotechnologies.fujifilm.com/,BioPharmGuy
POLYPEPTIDE GROUP,Contract Research (Pre-Clinical),Ca - Torrance,POLYPEPTIDE MANUFACTURING,,,,,https://www.polypeptide.com/,BioPharmGuy
MURIGENICS,Contract Research (Pre-Clinical),Ca - Vallejo,IN-VIVO AND IN-VITRO CONTRACT DRUG DISCOVERY AND DEVELOPMENT SERVICES,,,,,https://www.murigenics.com/,BioPharmGuy
ONCOTRACKER,Contract Research (Pre-Clinical),Ca - West Hollywood,DRUG DISCOVERY,,,,,https://oncotracker.com/,BioPharmGuy
ABIOSCIENCES,Contract Research (Pre-Clinical),China - Beijing,"SINGLE CELL SEQUENCING, BIOINFORMATICS, AI-AIDED MOLECULAR DESIGN",,,,,https://www.abiosciences.com/,BioPharmGuy
ACROBIOSYSTEMS,Contract Research (Pre-Clinical),China - Beijing,"PROTEINS, ANTIBODIES, KITS, GMP-GRADE REAGENTS, AND CUSTOM SERVICES",,,,,https://acrobiosystems.com.cn/,BioPharmGuy
ASYMCHEM,Contract Research (Pre-Clinical),China - Beijing,CDMO PROVIDING FULLY INTEGRATED SOLUTIONS IN SMALL MOLECULE DRUG DEVELOPMENT & PRODUCTION FROM CLINICAL STAGE TO COMMERCIALIZATION,,,,,https://www.asymchem.com/,BioPharmGuy
BEIJING DIAGREAT BIOTECHNOLOGY,Contract Research (Pre-Clinical),China - Beijing,"DIAGNOSTIC REAGENTS, DNA SYNTHESIS, RNA SERVICES",,,,,http://en.diagreat.com/,BioPharmGuy
BELLEN CHEMISTRY,Contract Research (Pre-Clinical),China - Beijing,CHEMISTRY CDMO,,,,,https://www.bellenchem.com/en,BioPharmGuy
BROADENBIO,Contract Research (Pre-Clinical),China - Beijing,"ANTIBODIES, ADCS, SMALL MOLECULES, CHEMICAL SYNTHESIS",,,,,http://en.broadenbio.com/,BioPharmGuy
CHARLES RIVER LABORATORIES,Contract Research (Pre-Clinical),China - Beijing,RESEARCH ANIMAL MODELS AND PRECLINICAL RESEARCH,,,,,https://www.criver.com/,BioPharmGuy
CROWN BIOSCIENCE,Contract Research (Pre-Clinical),China - Beijing,DRUG DEVELOPMENT,,,,,https://www.crownbio.com,BioPharmGuy
ECHO BIOTECH,Contract Research (Pre-Clinical),China - Beijing,EXOSOME PRODUCTS & SERVICES,,,,,https://echobiotech.com/,BioPharmGuy
JOINN BIOLOGICS,Contract Research (Pre-Clinical),China - Beijing,BIOLOGICS CDMO,,,,,https://www.joinnbio.com/,BioPharmGuy
KYINNO BIOTECHNOLOGY,Contract Research (Pre-Clinical),China - Beijing,"CRO SPECIALIZING IN TAILORED SERVICES SUCH AS IN VITRO AND IN VIVO PHARMACOLOGY, CELL LINE ENGINEERING, AND THERAPEUTIC TARGET IDENTIFICATION",,,,,https://www.kyinno.com/,BioPharmGuy
PHARMARON,Contract Research (Pre-Clinical),China - Beijing,R&D SERVICES,,,,,https://www.pharmaron.com/,BioPharmGuy
SINO BIOLOGICAL,Contract Research (Pre-Clinical),China - Beijing,REAGENT SUPPLIER AND CONTRACT RESEARCH ORGANIZATION.,,,,,https://www.sinobiological.com/,BioPharmGuy
JIUZHOU PHARMA,Contract Research (Pre-Clinical),China - Changshu,FULLY INTEGRATED SOLUTIONS IN SMALL MOLECULE AND PEPTIDE API DRUG DEVELOPMENT & PRODUCTION FROM CLINICAL STAGE TO COMMERCIALIZATION,,,,,https://en.jiuzhoupharma.com/,BioPharmGuy
SICHUAN PRIMED SHINES BIO-TECH,Contract Research (Pre-Clinical),China - Chengdu,CONTRACT ANIMAL RESEARCH,,,,,https://www.primed.com.cn/,BioPharmGuy
RIBOBAY PHARMA,Contract Research (Pre-Clinical),China - Chuzhou,OLIGONUCLEOTIDE CRDMO SERVICES,,,,,http://www.ribobay.com/en/,BioPharmGuy
VECTORBUILDER,Contract Research (Pre-Clinical),China - Guangzhou,RECOMBINANT VECTORS & VIRUSES,,,,,https://en.vectorbuilder.com/,BioPharmGuy
JIUZHOU PHARMA,Contract Research (Pre-Clinical),China - Hangzhou,FULLY INTEGRATED SOLUTIONS IN SMALL MOLECULE AND PEPTIDE API DRUG DEVELOPMENT & PRODUCTION FROM CLINICAL STAGE TO COMMERCIALIZATION,,,,,https://en.jiuzhoupharma.com/,BioPharmGuy
BGI,Contract Research (Pre-Clinical),China - Hong Kong,GENETIC TESTING,,,,,https://www.bgi.com/global,BioPharmGuy
BIOMED LINKAGE TECH,Contract Research (Pre-Clinical),China - Hong Kong,CDRMO,,,,,https://www.biomedlinkage.com/,BioPharmGuy
RAFFLES PHARMATECH,Contract Research (Pre-Clinical),China - Huizhou,"SMALL MOLECULE KSM/RSM/APIS. SPECIALTIES; LARGE-SCALE HYDROGENATION, CHIRAL, SULFUR, AND TRANSITION METAL-CONTAINING COMPOUNDS",,,,,https://rafflespt.com/,BioPharmGuy
HKEYBIO,Contract Research (Pre-Clinical),China - Jiangsu,ANIMAL MODEL SERVICES,,,,,https://www.hkeybio.com/,BioPharmGuy
LAVIANA PHARMA,Contract Research (Pre-Clinical),China - Jiangyan,"CHEMICAL PRODUCTION AND SERVICES, FORMULATION SERVICES",,,,,https://www.lavianacorp.com/,BioPharmGuy
VIVA BIOTECH,Contract Research (Pre-Clinical),China - Jiaxing,CONTRACT RESEARCH,,,,,https://www.vivabiotech.com/,BioPharmGuy
BIOSYNTH,Contract Research (Pre-Clinical),China - Jinan,"STAAD CHEMICALS CONTRACT MANUFACTURING / RESEARCH. CARBOHYDRATES, NUCLEOSIDES, APIS & ENZYME SUBSTRATES",,,,,https://www.biosynth.com/,BioPharmGuy
AGNO PHARMA,Contract Research (Pre-Clinical),China - Lianyungang,"SMALL MOLECULE CRO, CDMO",,,,,https://agnopharma.com/,BioPharmGuy
JIUZHOU PHARMA,Contract Research (Pre-Clinical),China - Linhai,FULLY INTEGRATED SOLUTIONS IN SMALL MOLECULE AND PEPTIDE API DRUG DEVELOPMENT & PRODUCTION FROM CLINICAL STAGE TO COMMERCIALIZATION,,,,,https://en.jiuzhoupharma.com/,BioPharmGuy
ACCELEDEV,Contract Research (Pre-Clinical),China - Nanjing,"CONTRACT RESEARCH, CDMO",,,,,https://www.acceledev.com/,BioPharmGuy
BIOINTRON,Contract Research (Pre-Clinical),China - Nanjing,"ANTIBODIES, CRO SPECIALIZING IN ANTIBODY DISCOVERY, EXPRESSION, AND OPTIMIZATION SERVICES FOR BIOTECH AND PHARMACEUTICAL COMPANIES",,,,,https://www.biointron.com/,BioPharmGuy
HELP THERAPEUTICS,Contract Research (Pre-Clinical),China - Nanjing,"IPSC THERAPIES, STEM CELL SERVICES",,,,,https://en.helptherapeutics.com/,BioPharmGuy
JIUZHOU PHARMA,Contract Research (Pre-Clinical),China - Nanjing,FULLY INTEGRATED SOLUTIONS IN SMALL MOLECULE AND PEPTIDE API DRUG DEVELOPMENT & PRODUCTION FROM CLINICAL STAGE TO COMMERCIALIZATION,,,,,https://en.jiuzhoupharma.com/,BioPharmGuy
ACCURANT BIOTECH,Contract Research (Pre-Clinical),China - Ningbo,"CMC, BIOANALYSIS, CONSULTING",,,,,https://accurantbiotech.com/,BioPharmGuy
PHARMARON,Contract Research (Pre-Clinical),China - Ningbo,R&D SERVICES,,,,,https://www.pharmaron.com/,BioPharmGuy
MABPLEX,Contract Research (Pre-Clinical),China - Shandong,"BIOLOGICS CMO, CONTRACT RESEARCH",,,,,https://mabplexinc.com/,BioPharmGuy
ACCURANT BIOTECH,Contract Research (Pre-Clinical),China - Shanghai,"CMC, BIOANALYSIS, CONSULTING",,,,,https://accurantbiotech.com/,BioPharmGuy
ACROBIOSYSTEMS,Contract Research (Pre-Clinical),China - Shanghai,"PROTEINS, ANTIBODIES, KITS, GMP-GRADE REAGENTS, AND CUSTOM SERVICES",,,,,https://acrobiosystems.com.cn/,BioPharmGuy
BIOINTRON,Contract Research (Pre-Clinical),China - Shanghai,"ANTIBODIES, CRO SPECIALIZING IN ANTIBODY DISCOVERY, EXPRESSION, AND OPTIMIZATION SERVICES FOR BIOTECH AND PHARMACEUTICAL COMPANIES",,,,,https://www.biointron.com/,BioPharmGuy
BIRDOTECH,Contract Research (Pre-Clinical),China - Shanghai,CDRMO,,,,,https://www.birdotech.com/en/,BioPharmGuy
BRC BIOTECHNOLOGY,Contract Research (Pre-Clinical),China - Shanghai,"MOLECULAR TESTING, CELL BANKS, VIROLOGY, ANIMAL MODELS",,,,,https://www.brcbiotech.com/,BioPharmGuy
CHEMEXPRESS,Contract Research (Pre-Clinical),China - Shanghai,"CRO, CDMO",,,,,https://chemexpress.com/,BioPharmGuy
CHEMPARTNER,Contract Research (Pre-Clinical),China - Shanghai,LIFE SCIENCES CONTRACT RESEARCH,,,,,https://www.chempartner.com/,BioPharmGuy
FRONTAGE,Contract Research (Pre-Clinical),China - Shanghai,"CONTRACT RESEARCH & DEVELOPMENT, CLINICAL SERVICES, CMC SERVICES",,,,,https://www.frontagelab.com/,BioPharmGuy
LINKCHEM,Contract Research (Pre-Clinical),China - Shanghai,CDMO,,,,,https://www.linkchem.cn/,BioPharmGuy
MEDICILON,Contract Research (Pre-Clinical),China - Shanghai,"PRECLINICAL RESEARCH FOR PHARMACEUTICAL ENTERPRISES, RESEARCH INSTITUTIONS, AND SCIENTIFIC RESEARCHERS",,,,,https://medicilon.com/,BioPharmGuy
OPM BIOSCIENCES,Contract Research (Pre-Clinical),China - Shanghai,"CELL CULTURE MEDIA, REAGENTS, SERVICES",,,,,https://opmbiosciences.com/,BioPharmGuy
ORANSSIBIO,Contract Research (Pre-Clinical),China - Shanghai,CELL & GENE THERAPY SERVICES,,,,,https://oranssibio.com/,BioPharmGuy
PHARMALEGACY,Contract Research (Pre-Clinical),China - Shanghai,PRECLINICAL PHARMACOLOGY,,,,,https://www.pharmalegacy.com/,BioPharmGuy
TEXCELL,Contract Research (Pre-Clinical),China - Shanghai,CONTRACT RESEARCH,,,,,https://texcell.com/,BioPharmGuy
VIVA BIOTECH,Contract Research (Pre-Clinical),China - Shanghai,CONTRACT RESEARCH,,,,,https://www.vivabiotech.com/,BioPharmGuy
WUXI APPTEC,Contract Research (Pre-Clinical),China - Shanghai,"ALL TYPES OF CONTRACT WORK FOR SMALL MOLECULES, DEVICES",,,,,https://www.wuxiapptec.com/,BioPharmGuy
BGI,Contract Research (Pre-Clinical),China - Shenzhen,GENETIC TESTING,,,,,https://www.bgi.com/global,BioPharmGuy
GILERO,Contract Research (Pre-Clinical),China - Shenzhen,CONTRACT MANUFACTURING OF MEDICAL DEVICE & DRUG DELIVERY SYSTEMS AND INJECTION MOLD TOOLING,,,,,https://www.gilero.com/,BioPharmGuy
AGNO PHARMA,Contract Research (Pre-Clinical),China - Suzhou,"SMALL MOLECULE CRO, CDMO",,,,,https://agnopharma.com/,BioPharmGuy
CRYSTAL PHARMATECH,Contract Research (Pre-Clinical),China - Suzhou,CONTRACT RESEARCH - MATERIALS SCIENCE AND ENGINEERING FOR DRUG DEVELOPMENT,,,,,https://www.crystalpharmatech.com/,BioPharmGuy
FRONTAGE,Contract Research (Pre-Clinical),China - Suzhou,"CONTRACT RESEARCH & DEVELOPMENT, CLINICAL SERVICES, CMC SERVICES",,,,,https://www.frontagelab.com/,BioPharmGuy
HANDE SCIENCES,Contract Research (Pre-Clinical),China - Suzhou,"CONTRACT RESEARCH & MANUFACTURING, ANALYTICAL, PROCESS DEVELOPMENT",,,,,https://www.handesciences.com/en/,BioPharmGuy
INTELLECTIVE BIOLOGICS,Contract Research (Pre-Clinical),China - Suzhou,WIDE ARRAY OF ANTIBODY AND RESEARCH SERVICES,,,,,https://www.intellectivebio.com/,BioPharmGuy
JIUZHOU PHARMA,Contract Research (Pre-Clinical),China - Suzhou,FULLY INTEGRATED SOLUTIONS IN SMALL MOLECULE AND PEPTIDE API DRUG DEVELOPMENT & PRODUCTION FROM CLINICAL STAGE TO COMMERCIALIZATION,,,,,https://en.jiuzhoupharma.com/,BioPharmGuy
WUXI APPTEC,Contract Research (Pre-Clinical),China - Suzhou,"ALL TYPES OF CONTRACT WORK FOR SMALL MOLECULES, DEVICES",,,,,https://www.wuxiapptec.com/,BioPharmGuy
CROWN BIOSCIENCE,Contract Research (Pre-Clinical),China - Taicang,DRUG DEVELOPMENT,,,,,https://www.crownbio.com,BioPharmGuy
BIOINTRON,Contract Research (Pre-Clinical),China - Taizhou,"ANTIBODIES, CRO SPECIALIZING IN ANTIBODY DISCOVERY, EXPRESSION, AND OPTIMIZATION SERVICES FOR BIOTECH AND PHARMACEUTICAL COMPANIES",,,,,https://www.biointron.com/,BioPharmGuy
JIUZHOU PHARMA,Contract Research (Pre-Clinical),China - Taizhou,FULLY INTEGRATED SOLUTIONS IN SMALL MOLECULE AND PEPTIDE API DRUG DEVELOPMENT & PRODUCTION FROM CLINICAL STAGE TO COMMERCIALIZATION,,,,,https://en.jiuzhoupharma.com/,BioPharmGuy
RAYBOW PHARMACEUTICAL,Contract Research (Pre-Clinical),China - Taizhou,CONTRACT R&D,,,,,https://raybow.com/,BioPharmGuy
ASYMCHEM,Contract Research (Pre-Clinical),China - Tianjin,CDMO PROVIDING FULLY INTEGRATED SOLUTIONS IN SMALL MOLECULE DRUG DEVELOPMENT & PRODUCTION FROM CLINICAL STAGE TO COMMERCIALIZATION,,,,,https://www.asymchem.com/,BioPharmGuy
PHARMARON,Contract Research (Pre-Clinical),China - Tianjin,R&D SERVICES,,,,,https://www.pharmaron.com/,BioPharmGuy
WUXI APPTEC,Contract Research (Pre-Clinical),China - Tianjin,"ALL TYPES OF CONTRACT WORK FOR SMALL MOLECULES, DEVICES",,,,,https://www.wuxiapptec.com/,BioPharmGuy
BINHUI BIOPHARMACEUTICAL,Contract Research (Pre-Clinical),China - Wuhan,"VIRAL VECTORS, NUCLEIC ACIDS, CELL LINE, ANTIBODIES, CONSULTING",,,,,https://www.binhui-bio.com/,BioPharmGuy
GENEVOYAGER,Contract Research (Pre-Clinical),China - Wuhan,"VIRAL, VECTOR CDMO, CRO",,,,,https://www.genevoyager.ltd/,BioPharmGuy
PHARMARON,Contract Research (Pre-Clinical),China - Xi'An,R&D SERVICES,,,,,https://www.pharmaron.com/,BioPharmGuy
JIUZHOU PHARMA,Contract Research (Pre-Clinical),China - Yancheng,FULLY INTEGRATED SOLUTIONS IN SMALL MOLECULE AND PEPTIDE API DRUG DEVELOPMENT & PRODUCTION FROM CLINICAL STAGE TO COMMERCIALIZATION,,,,,https://en.jiuzhoupharma.com/,BioPharmGuy
JIUZHOU PHARMA,Contract Research (Pre-Clinical),China - Zhongshan,FULLY INTEGRATED SOLUTIONS IN SMALL MOLECULE AND PEPTIDE API DRUG DEVELOPMENT & PRODUCTION FROM CLINICAL STAGE TO COMMERCIALIZATION,,,,,https://en.jiuzhoupharma.com/,BioPharmGuy
CORDENPHARMA,Contract Research (Pre-Clinical),Co - Boulder,"CONTRACT PEPTIDES, COMPLEX SMALL MOLECULES, HIGHLY ACTIVE COMPOUNDS",,,,,https://cordenpharma.com/,BioPharmGuy
KBI BIOPHARMA,Contract Research (Pre-Clinical),Co - Boulder,CONTRACT DEVELOPMENT & MANUFACTURING,,,,,https://www.kbibiopharma.com,BioPharmGuy
KROMATID,Contract Research (Pre-Clinical),Co - Boulder,"BIOMARKER DISCOVERY, GENOTOXICITY AND EDITING-ASSOCIATED ERRORS ASSESSMENT, PLASMID MANUFACTURING",,,,,https://kromatid.com/,BioPharmGuy
MEDDUX,Contract Research (Pre-Clinical),Co - Boulder,"MEDICAL DEVICE DESIGN, DEVELOPMENT & MANUFACTURING SERVICES",,,,,https://meddux.com/,BioPharmGuy
WATCHMAKER GENOMICS,Contract Research (Pre-Clinical),Co - Boulder,GENOMICS CONTRACT WORK,,,,,https://www.watchmakergenomics.com/,BioPharmGuy
ALIRI,Contract Research (Pre-Clinical),Co - Colorado Springs,CONTRACT MASS SPEC,,,,,https://aliribio.com/,BioPharmGuy
HEMOGENIX,Contract Research (Pre-Clinical),Co - Colorado Springs,CONTRACT RESEARCH SERVICES MOSTLY FOR IN VITRO TOXICITY TESTING,,,,,https://www.hemogenix.com/,BioPharmGuy
CARE RESEARCH LLC,Contract Research (Pre-Clinical),Co - Fort Collins,PRECLINICAL RESEARCH,,,,,http://www.careresearchllc.com/,BioPharmGuy
INOTIV,Contract Research (Pre-Clinical),Co - Fort Collins,"CONTRACT LAB SERVICES, SCIENTIFIC INSTRUMENTS",,,,,https://www.inotiv.com/,BioPharmGuy
CAMBREX,Contract Research (Pre-Clinical),Co - Longmont,"SMALL MOLECULES RESEARCH, DEVELOPMENT & MANUFACTURING SERVICES",,,,,https://www.cambrex.com/,BioPharmGuy
KBI BIOPHARMA,Contract Research (Pre-Clinical),Co - Louisville,CONTRACT DEVELOPMENT & MANUFACTURING,,,,,https://www.kbibiopharma.com,BioPharmGuy
SUMMIT TOXICOLOGY,Contract Research (Pre-Clinical),Co - Superior,"TOXICOLOGY, RISK ASSESSMENT AND PHARMACEUTICAL CONSULTING FIRM",,,,,http://www.summittoxicology.com/,BioPharmGuy
NEW ENGLAND DRUG DISCOVERY PARTNERS,Contract Research (Pre-Clinical),Ct - Branford,SYNTHETIC ORGANIC AND MEDICINAL CHEMISTRY,,,,,https://nedp.com/,BioPharmGuy
CIRTEC MEDICAL,Contract Research (Pre-Clinical),Ct - Enfield,CONTRACT MEDICAL DEVICES,,,,,https://www.cirtecmed.com/,BioPharmGuy
NORTHEAST BIOLAB,Contract Research (Pre-Clinical),Ct - Hamden,"CLINICAL, PRECLINICAL, AND DISCOVERY BIOANALYSIS. PK, BA/BE, TK, IMMUNOGENICITY (ADA), BIOMARKER, AND CUSTOM ASSAYS.",,,,,https://www.nebiolab.com/,BioPharmGuy
VIRSCIO,Contract Research (Pre-Clinical),Ct - New Haven,CONTRACT RESEARCH & CONSULTING,,,,,https://www.virscio.com/,BioPharmGuy
TRIRX PHARMACEUTICAL SERVICES,Contract Research (Pre-Clinical),Ct - Norwalk,"R&D, MANUFACTURING, PACKAGING AND WAREHOUSING OF NON-STERILE LIQUIDS AND SEMI-SOLIDS",,,,,https://www.trirx.com/,BioPharmGuy
ARVYS PROTEINS,Contract Research (Pre-Clinical),Ct - Trumbull,CUSTOM PROTEIN SERVICES FOR DRUG DISCOVERY AND LIFE SCIENCE RESEARCH.,,,,,https://www.arvysproteins.com/,BioPharmGuy
CHARLES RIVER LABORATORIES,Contract Research (Pre-Clinical),Ct - Willimantic,RESEARCH ANIMAL MODELS AND PRECLINICAL RESEARCH,,,,,https://www.criver.com/,BioPharmGuy
QUINTA-ANALYTICA,Contract Research (Pre-Clinical),Czech Republic - Prague,"CONTRACT RESEARCH, SERVICES",,,,,https://www.quinta.cz/,BioPharmGuy
SCTBIO,Contract Research (Pre-Clinical),Czech Republic - Prague,CELL & GENE THERAPY SERVICES,,,,,https://www.sctbio.com/,BioPharmGuy
SIGUTLABS,Contract Research (Pre-Clinical),Czech Republic - Prague,CHEMICAL SYNTHESIS SERVICES,,,,,https://sigutlabs.com/,BioPharmGuy
NEPHRONOMICS,Contract Research (Pre-Clinical),De - Dover,CARDIO-KIDNEY-METABOLIC DISEASE DRUG DISCOVERY,,,,,https://www.nephronomics.com/,BioPharmGuy
ADESIS,Contract Research (Pre-Clinical),De - New Castle,CUSTOM ORGANIC SYNTHESIS,,,,,https://adesisinc.com/,BioPharmGuy
ACROBIOSYSTEMS,Contract Research (Pre-Clinical),De - Newark,"PROTEINS, ANTIBODIES, KITS, GMP-GRADE REAGENTS, AND CUSTOM SERVICES",,,,,https://acrobiosystems.com.cn/,BioPharmGuy
ANP TECHNOLOGIES,Contract Research (Pre-Clinical),De - Newark,"IMMUNOGENICITY TESTING, BIOTECH REAGENTS, CONTRACT WORK",,,,,https://www.anptinc.com/,BioPharmGuy
CHARLES RIVER LABORATORIES,Contract Research (Pre-Clinical),De - Newark,RESEARCH ANIMAL MODELS AND PRECLINICAL RESEARCH,,,,,https://www.criver.com/,BioPharmGuy
WILMINGTON PHARMATECH,Contract Research (Pre-Clinical),De - Newark,INTEGRATED CRO/CMO CLINICAL DRUG DEVELOPMENT SERVICES,,,,,https://wilmingtonpharmatech.com/,BioPharmGuy
BIOMATIK,Contract Research (Pre-Clinical),De - Wilmington,"ELISA KITS, BIOREAGENTS, CUSTOM GENE, PEPTIDE, PROTEIN, ANTIBODY SERVICES",,,,,https://www.biomatik.com,BioPharmGuy
SEVEN STAR PHARMACEUTICAL,Contract Research (Pre-Clinical),De - Wilmington,SOLID STATE CHEMISTRY/MATERIALS SCIENCE AND ENGINEERING PRINCIPLES,,,,,https://www.sevenstarpharm.com/,BioPharmGuy
CMBIO,Contract Research (Pre-Clinical),Denmark - Aalborg Øst,"OMICS, BIOINFORMATICS, SOFTWARE PLATFORMS",,,,,https://cmbio.io/,BioPharmGuy
BGI,Contract Research (Pre-Clinical),Denmark - Copenhagen,DIAGNOSTICS,,,,,https://www.bgi.com/global,BioPharmGuy
CMBIO,Contract Research (Pre-Clinical),Denmark - Copenhagen,"OMICS, BIOINFORMATICS, SOFTWARE PLATFORMS",,,,,https://cmbio.io/,BioPharmGuy
TACONIC BIOSCIENCES,Contract Research (Pre-Clinical),Denmark - Ejby,GENETICALLY ENGINEERED RODENT MODELS AND SERVICES. SPECIALISTS IN MOUSE MODEL HUMANIZATION AND GEMS MANAGEMENT.,,,,,https://www.taconic.com/,BioPharmGuy
FUJIFILM DIOSYNTH,Contract Research (Pre-Clinical),Denmark - Hillerød,BIOLOGICS DEVELOPMENT & MANUFACTURING,,,,,https://fujifilmbiotechnologies.fujifilm.com/,BioPharmGuy
BIONEER A/S,Contract Research (Pre-Clinical),Denmark - Hørsholm,CRO/CDMO FOR EARLY DRUG DEVELOPMENT WITH PROTEIN AND IN VITRO EXPERTISE,,,,,https://bioneer.dk/,BioPharmGuy
GUBRA,Contract Research (Pre-Clinical),Denmark - Hørsholm,PRECLINICAL CONTRACT RESEARCH,,,,,https://www.gubra.dk/,BioPharmGuy
COMBOTOPE THERAPEUTICS,Contract Research (Pre-Clinical),Denmark - Kongens Lyngby,ANTIBODY DISCOVERY,,,,,https://www.combotopetherapeutics.com/,BioPharmGuy
ALPHALYSE,Contract Research (Pre-Clinical),Denmark - Odense,PROTEIN CHARACTERIZATION SERVICES,,,,,https://alphalyse.com/,BioPharmGuy
QNTM LABS,Contract Research (Pre-Clinical),Denmark - Odense,ANALYTICAL TESTING,,,,,https://www.qntmlabs.com/,BioPharmGuy
BIOTEST FACILITY,Contract Research (Pre-Clinical),Denmark - Trige,CRO - PRECLINICAL PHARMACOLOGY AND XENOGRAFT TUMOR STUDIES,,,,,https://biotestfacility.com/,BioPharmGuy
LONZA,Contract Research (Pre-Clinical),Denmark - Vallensbaek Strand,"CONTRACT MANUFACTURING, DEVELOPMENT; LAB SYSTEMS, RESEARCH PRODUCTS",,,,,https://www.lonza.com/,BioPharmGuy
CMBIO,Contract Research (Pre-Clinical),Denmark - Vedbæk,"OMICS, BIOINFORMATICS, SOFTWARE PLATFORMS",,,,,https://cmbio.io/,BioPharmGuy
CAMBREX,Contract Research (Pre-Clinical),Estonia - Tallinn,"SMALL MOLECULES RESEARCH, DEVELOPMENT & MANUFACTURING SERVICES",,,,,https://www.cambrex.com/,BioPharmGuy
ICOSAGEN CELL FACTORY,Contract Research (Pre-Clinical),Estonia - Tartu,"RECOMBINANT ANTIBODIES, PROTEINS FROM MAMMALIAN CELLS",,,,,https://www.icosagen.com/,BioPharmGuy
PROTHYA BIOSOLUTIONS,Contract Research (Pre-Clinical),Finland - Espoo,SERVICES AND PLASMA-DERIVED MEDICINAL PRODUCTS,,,,,https://prothya.com/,BioPharmGuy
AVENUE BIOSCIENCES,Contract Research (Pre-Clinical),Finland - Helsinki,PROTEIN ENGINEERING,,,,,https://www.avenuebiosciences.com/,BioPharmGuy
CHARLES RIVER LABORATORIES,Contract Research (Pre-Clinical),Finland - Kuopio,RESEARCH ANIMAL MODELS AND PRECLINICAL RESEARCH,,,,,https://www.criver.com/,BioPharmGuy
EXPERIMENTICA,Contract Research (Pre-Clinical),Finland - Kuopio,GLOBAL CONTRACT RESEARCH ORGANIZATION SPECIALIZED IN PRECLINICAL OCULAR MODELS AND R&D SERVICES FOR OPHTHALMIC INDICATIONS,,,,,https://experimentica.com/,BioPharmGuy
PHARMATORY,Contract Research (Pre-Clinical),Finland - Oulu,"SYNTHESIS, CONTRACT MANUFACTURING, ANALYTICAL",,,,,https://www.pharmatory.com/,BioPharmGuy
3PBIOVIAN,Contract Research (Pre-Clinical),Finland - Turku,CONTRACT DEVELOPMENT & MANUFACTURING,,,,,https://3pbiovian.com/,BioPharmGuy
AURLIDE,Contract Research (Pre-Clinical),Finland - Turku,HIGH THROUGHPUT SCREENING,,,,,https://www.aurlide.fi/,BioPharmGuy
PHARMATEST SERVICES,Contract Research (Pre-Clinical),Finland - Turku,CONTRACT RESEARCH - CLINICALLY PREDICTIVE PRECLINICAL EFFICACY SERVICES IN THE THERAPEUTIC AREAS OF ONCOLOGY AND SKELETAL DISEASES,,,,,https://pharmatest.com/,BioPharmGuy
ALCHEM LABORATORIES,Contract Research (Pre-Clinical),Fl - Alachua,DRUG DEVELOPMENT & SYNTHESIS,,,,,https://www.alchem.com/,BioPharmGuy
LGM PHARMA,Contract Research (Pre-Clinical),Fl - Boca Raton,"APIS, CDMO SERVICES",,,,,https://lgmpharma.com/,BioPharmGuy
BEND BIOSCIENCE,Contract Research (Pre-Clinical),Fl - Clearwater,CONTRACT DEVELOPMENT & MANUFACTURING,,,,,https://bendbioscience.com/,BioPharmGuy
KINCELL BIO,Contract Research (Pre-Clinical),Fl - Gainesville,EARLY PHASE CELL THERAPY CONTRACT WORK,,,,,https://kincellbio.com/,BioPharmGuy
ALLAY PHARMACEUTICALS,Contract Research (Pre-Clinical),Fl - Hialeah,"CONTRACT RESEARCH, MANUFACTURING",,,,,http://www.allay.us/,BioPharmGuy
BIOINFORMATICS CRO,Contract Research (Pre-Clinical),Fl - Orlando,CUSTOMIZED COMPUTATIONAL BIOLOGY SERVICES,,,,,https://www.bioinformaticscro.com/,BioPharmGuy
HESPEROS,Contract Research (Pre-Clinical),Fl - Orlando,HUMAN-ON-A-CHIP,,,,,https://hesperosinc.com/,BioPharmGuy
PACE,Contract Research (Pre-Clinical),Fl - Ormond Beach,"ANALYTICAL TESTING, CDMO",,,,,https://www.pacelabs.com/,BioPharmGuy
BIOTOOLS,Contract Research (Pre-Clinical),Fl - Palm Beach,"INSTRUMENTS, SERVICES",,,,,https://biotools.us/,BioPharmGuy
GBI BIOMANUFACTURING,Contract Research (Pre-Clinical),Fl - Plantation,CONTRACT BIOLOGICS MANUFACTURING AND DEVELOPMENT,,,,,https://www.gbibio.com/,BioPharmGuy
CLIANTHA RESEARCH,Contract Research (Pre-Clinical),Fl - Saint Petersburg,CLINICAL RESEARCH & SERVICES,,,,,https://www.cliantha.com/,BioPharmGuy
CATALENT,Contract Research (Pre-Clinical),Fl - St. Petersburg,GELATIN CAPSULE MANUFACTURING,,,,,https://www.catalent.com/,BioPharmGuy
CALLAN PHARMA SERVICES,Contract Research (Pre-Clinical),Fl - Tampa,"OPHTHALMIC AND INJECTABLE FORMULATIONS, DELIVERING INNOVATIVE SOLUTIONS WITH A FOCUS ON CREATIVITY AND STRONG IP PROTECTION.",,,,,https://callanpharma.com/,BioPharmGuy
CATALENT,Contract Research (Pre-Clinical),Fl - Tampa,ORAL DOSAGE MANUFACTURING,,,,,https://www.catalent.com/,BioPharmGuy
IMMUNOLOGIX LABORATORIES,Contract Research (Pre-Clinical),Fl - Tampa,LAB SERVICES,,,,,https://www.immunologixlabs.com/,BioPharmGuy
LONZA,Contract Research (Pre-Clinical),Fl - Tampa,"CONTRACT MANUFACTURING, REAGENTS, STEM CELLS, SERVICES",,,,,https://www.lonza.com/,BioPharmGuy
SAMABRIVA,Contract Research (Pre-Clinical),France - Amiens,PLANT-BASED PHARMACEUTICAL PRODUCTION,,,,,https://samabriva.com/,BioPharmGuy
ERBC,Contract Research (Pre-Clinical),France - Baugy,NON CLINICAL CRO,,,,,https://www.erbc-group.com/,BioPharmGuy
RD BIOTECH,Contract Research (Pre-Clinical),France - Besançon,BIOLOGICS CRO,,,,,https://www.rd-biotech.com/en/,BioPharmGuy
PATHEON,Contract Research (Pre-Clinical),France - Bourgoin-Jallieu,CONTRACT MANUFACTURING AND DEVELOPMENT,,,,,https://www.patheon.com/us/en/home.html,BioPharmGuy
PHYSIOSTIM,Contract Research (Pre-Clinical),France - Castres,PRECLINICAL CARDIOVASCULAR PHARMACOLOGY AND ELECTROPHYSIOLOGY STUDIES FOR PRECLINICAL DRUG DEVELOPMENT,,,,,https://physiostim.com/,BioPharmGuy
NAMSA,Contract Research (Pre-Clinical),France - Chasse-Sur-Rhône,MEDICAL RESEARCH ORGANIZATION - MEDICAL DEVICES,,,,,https://namsa.com/,BioPharmGuy
CHARLES RIVER LABORATORIES,Contract Research (Pre-Clinical),France - Chatillon-Sur-Chalaronne,RESEARCH ANIMAL MODELS AND PRECLINICAL RESEARCH,,,,,https://www.criver.com/,BioPharmGuy
CORDENPHARMA,Contract Research (Pre-Clinical),France - Chenôve,CONTRACT SMALL MOLECULES,,,,,https://cordenpharma.com/,BioPharmGuy
SK PHARMTECO,Contract Research (Pre-Clinical),France - Corbeil-Essonnes,VIRAL VECTORS,,,,,https://www.skpharmteco.com/,BioPharmGuy
ONCODESIGN SERVICES,Contract Research (Pre-Clinical),France - Dijon,PRECLINICAL SERVICES,,,,,https://www.oncodesign-services.com/,BioPharmGuy
PHYSIOGENEX,Contract Research (Pre-Clinical),France - Escalquens,PRECLINICAL CRO & CONSULTING,,,,,https://www.physiogenex.com/,BioPharmGuy
IDD-XPERT,Contract Research (Pre-Clinical),France - Evreux,API FORMULATION,,,,,http://www.idd-xpert.com/,BioPharmGuy
GENOSAFE,Contract Research (Pre-Clinical),France - Evry,"PRECLINICAL, REGULATORY, CLINICAL TRIAL SERVICES",,,,,https://genosafe.com/,BioPharmGuy
TEXCELL,Contract Research (Pre-Clinical),France - Evry,CONTRACT RESEARCH,,,,,https://texcell.com/,BioPharmGuy
NEURO-SYS,Contract Research (Pre-Clinical),France - Gardanne,NEURODEGENERATIVE PRECLINICAL MODELLING SERVICES,,,,,https://www.neuro-sys.com/,BioPharmGuy
MABQI,Contract Research (Pre-Clinical),France - Grabels,ANTIBODY DISCOVERY,,,,,https://mabqi.com/,BioPharmGuy
FIRALIS MOLECULAR PRECISION,Contract Research (Pre-Clinical),France - Huningue,"BIOBANKING, SEQUENCING, MASS SPEC, OMICS, ASSAY DEVELOPMENT",,,,,https://firalismolecularprecision.com/,BioPharmGuy
NEUROFIT,Contract Research (Pre-Clinical),France - Illkirch,PRECLINICAL RESEARCH,,,,,http://www.neurofit.com/,BioPharmGuy
RECIPHARM,Contract Research (Pre-Clinical),France - Kayserberg,CONTRACT DEVELOPMENT AND MANUFACTURING PARTNER TO THE PHARMACEUTICAL AND BIOPHARMACEUTICAL INDUSTRIES.,,,,,https://www.recipharm.com/,BioPharmGuy
IRIS PHARMA,Contract Research (Pre-Clinical),France - La Gaude,CONTRACT RESEARCH - OPHTHALMOLOGY,,,,,https://www.iris-pharma.com/,BioPharmGuy
ENTEROSYS,Contract Research (Pre-Clinical),France - Labege,CRO FOR PRECLINICAL TESTING,,,,,https://www.enterosys.com/,BioPharmGuy
PORSOLT,Contract Research (Pre-Clinical),France - Le Genest-Saint-Isle,CONTRACT RESEARCH,,,,,https://www.porsolt.com/,BioPharmGuy
NEXTPHARMA,Contract Research (Pre-Clinical),France - Limay,CONTRACT RESEARCH & DEVELOPMENT,,,,,https://nextpharma.com/,BioPharmGuy
ALIRI,Contract Research (Pre-Clinical),France - Loos,CONTRACT MASS SPEC,,,,,https://aliribio.com/,BioPharmGuy
ALTRABIO,Contract Research (Pre-Clinical),France - Lyon,DATA ANALYSIS,,,,,https://www.altrabio.com/,BioPharmGuy
MEDDENOVO DRUG DESIGN,Contract Research (Pre-Clinical),France - Lyon,CYCLIC PEPTIDE SERVICES,,,,,https://meddenovo.com/,BioPharmGuy
ADRAGOS PHARMA,Contract Research (Pre-Clinical),France - Maisons-Alfort,"GLOBAL CDMO FOR STERILE INJECTABLES: PFS, VIALS, AMPOULES, IV BAGS, BFS. CLINICAL TO COMMERCIAL.",,,,,https://adragos-pharma.com/,BioPharmGuy
PROVEPHARM LIFE SOLUTIONS,Contract Research (Pre-Clinical),France - Marseille,"CONTRACT WORK, SMALL MOLECULES AND BIOLOGICS",,,,,https://www.provepharm.com/,BioPharmGuy
CILCARE,Contract Research (Pre-Clinical),France - Monpellier,CONTRACT DRUG DEVELOPMENT IN OTIC AND HEARING DISORDERS,,,,,https://www.cilcare.com/,BioPharmGuy
CLEANCELLS,Contract Research (Pre-Clinical),France - Montaigu-Vendée,"SERVICES, CONTRACT RESEARCH",,,,,https://clean-cells.com/,BioPharmGuy
RECIPHARM,Contract Research (Pre-Clinical),France - Monts,CONTRACT DEVELOPMENT AND MANUFACTURING PARTNER TO THE PHARMACEUTICAL AND BIOPHARMACEUTICAL INDUSTRIES.,,,,,https://www.recipharm.com/,BioPharmGuy
CHERRY BIOTECH,Contract Research (Pre-Clinical),France - Paris,ORGANOID CULTURE,,,,,https://www.cherrybiotech.com/,BioPharmGuy
MITOLOGICS,Contract Research (Pre-Clinical),France - Paris,CRO MITOCHONDRIAL EFFECTS OF CHEMICALS OR BIOLOGY,,,,,https://www.mitologics.com/,BioPharmGuy
WHITELAB GENOMICS,Contract Research (Pre-Clinical),France - Paris,CELL & GENE THERAPY SERVICES,,,,,https://whitelabgx.com/,BioPharmGuy
MITOLOGICS,Contract Research (Pre-Clinical),France - Romainville,CRO MITOCHONDRIAL EFFECTS OF CHEMICALS OR BIOLOGY,,,,,https://www.mitologics.com/,BioPharmGuy
SYCOMIA,Contract Research (Pre-Clinical),France - Rosenau,BIOINFORMATICS SERVICES,,,,,https://sycomia.com/,BioPharmGuy
SB-PEPTIDE,Contract Research (Pre-Clinical),France - Saint Egrève,CUSTOM PEPTIDE SYNTHESIS,,,,,https://www.sb-peptide.com/,BioPharmGuy
ATLANCHIM PHARMA,Contract Research (Pre-Clinical),France - Saint Herblain,SYNTHETIC CHEMISTRY,,,,,https://www.atlanchimpharma.com/en/home/,BioPharmGuy
ATLANTIC BONE SCREEN,Contract Research (Pre-Clinical),France - Saint Herblain,PRECLINICAL EVALUATION SERVICES IN THE FIELD OF BONE AND JOINT DISEASES,,,,,https://www.atlantic-bone-screen.com/,BioPharmGuy
CHELATEC,Contract Research (Pre-Clinical),France - Saint-Herblain,PRECLINICAL CRO WITH AN EXPERTISE IN RADIOPHARMACEUTICAL THERAPY,,,,,https://www.chelatec.com/,BioPharmGuy
GALENIX,Contract Research (Pre-Clinical),France - Saint-Jean-D'Illac,SMALL MOLECULES,,,,,https://www.galenix.fr/,BioPharmGuy
PROTEOGENIX,Contract Research (Pre-Clinical),France - Schiltigheim,"CUSTOM PEPTIDE SYNTHESIS, POLYCLONAL AND MONOCLONAL ANTIBODY PRODUCTION, RECOMBINANT PROTEIN PRODUCTION, AND CUSTOM GENE SYNTHESIS",,,,,https://www.proteogenix.science/,BioPharmGuy
TRIRX PHARMACEUTICAL SERVICES,Contract Research (Pre-Clinical),France - Segré-En-Anjou-Bleu,"R&D, MANUFACTURING, PACKAGING AND WAREHOUSING OF NON-STERILE LIQUIDS AND SEMI-SOLIDS",,,,,https://www.trirx.com/,BioPharmGuy
POLYPEPTIDE GROUP,Contract Research (Pre-Clinical),France - Strasbourg,POLYPEPTIDE MANUFACTURING,,,,,https://www.polypeptide.com/,BioPharmGuy
CELL-EASY,Contract Research (Pre-Clinical),France - Toulouse,CDMO CELL THERAPY SERVICES,,,,,https://www.cell-easy.com/,BioPharmGuy
ETAP-LAB,Contract Research (Pre-Clinical),France - Vandoeuvre-Lès-Nancy,PRECLINICAL CRO,,,,,https://www.etap-lab.com/,BioPharmGuy
ONCODESIGN SERVICES,Contract Research (Pre-Clinical),France - Villebon-Sur-Yvette,PRECLINICAL SERVICES,,,,,https://www.oncodesign-services.com/,BioPharmGuy
DRUGABILIS,Contract Research (Pre-Clinical),France - Villejust,DRUGGABILITY SERVICES,,,,,https://drugabilis.com/,BioPharmGuy
RUBHU BIOLOGICS,Contract Research (Pre-Clinical),Ga - Athens,CELL THERAPY SERVICES,,,,,https://rubhubiologics.com/,BioPharmGuy
RADYUS RESEARCH,Contract Research (Pre-Clinical),Ga - Atlanta,CONTRACT RESEARCH,,,,,https://radyusresearch.com/,BioPharmGuy
AALTO SCIENTIFIC,Contract Research (Pre-Clinical),Ga - Eatonton,"CONTRACT REAGENTS, PROTEINS",,,,,https://www.aaltoscientific.com/,BioPharmGuy
BEND BIOSCIENCE,Contract Research (Pre-Clinical),Ga - Gainesville,"CDMO, SOLID ORAL DOSAGE, CONTROLLED SUBSTANCES",,,,,https://bendbioscience.com/,BioPharmGuy
REVVITY,Contract Research (Pre-Clinical),Ga - Kennesaw,"DIAGNOSTICS, SERVICES",,,,,https://www.revvity.com/,BioPharmGuy
AMD BIOTECH,Contract Research (Pre-Clinical),Ga - Tucker,LONG READ SEQUENCING SOLUTIONS,,,,,https://www.amdbiotech.com/,BioPharmGuy
AIX SCIENTIFICS,Contract Research (Pre-Clinical),Germany - Aachen,CONTRACT RESEARCH,,,,,https://www.aix-scientifics.com/,BioPharmGuy
SESAM-BIOTECH,Contract Research (Pre-Clinical),Germany - Aachen,PROTEIN ENGINEERING,,,,,https://www.sesam-biotech.com/,BioPharmGuy
POLYQUANT,Contract Research (Pre-Clinical),Germany - Bad Abbach,"PROTEOMICS SERVICES, PRODUCTS",,,,,https://www.polyquant.de/,BioPharmGuy
AIGNOSTICS,Contract Research (Pre-Clinical),Germany - Berlin,"BIOMARKER DISCOVERY, TRANSLATIONAL RESEARCH, DIGITAL DIAGNOSTICS",,,,,https://www.aignostics.com/,BioPharmGuy
ALPHALYTIK PHARMASERVICE,Contract Research (Pre-Clinical),Germany - Berlin,ANALYTICAL TESTING,,,,,https://alphalytik.com/de,BioPharmGuy
AZ BIOPHARM,Contract Research (Pre-Clinical),Germany - Berlin,CONTRACT ANALYTICAL WORK,,,,,https://www.az-biopharm.de/en/,BioPharmGuy
PROBIOGEN,Contract Research (Pre-Clinical),Germany - Berlin,"THERAPEUTIC PROTEINS, VIRAL VACCINES, CONTRACT DEVELOPMENT AND MANUFACTURING, IMMUNOGENICITY TESTING",,,,,https://www.probiogen.de/,BioPharmGuy
SURFLAY NANOTEC,Contract Research (Pre-Clinical),Germany - Berlin,"PROTEIN INTERACTION MONITORING, CONTRACT RESEARCH",,,,,https://www.surflay.com/en,BioPharmGuy
TGC BIOMICS,Contract Research (Pre-Clinical),Germany - Bingen,"TOXINS, ELISA KITS, ANTIGENS, MOLECULAR BIOLOGY, CELL CULTURE SERVICES",,,,,https://en.tgcbiomics.de/,BioPharmGuy
YUMAB,Contract Research (Pre-Clinical),Germany - Braunschweig,ANTIBODY GENERATION,,,,,https://www.yumab.com/,BioPharmGuy
PRECLINICS,Contract Research (Pre-Clinical),Germany - Bruchhausen-Vilsen,CONTRACT RESEARCH,,,,,https://www.preclinics.com/,BioPharmGuy
ALLUCENT,Contract Research (Pre-Clinical),Germany - Cologne,CLINICAL RESEARCH SOLUTIONS PARTNERING WITH SMALL & MID-SIZED BIOTECHS TO DELIVER NOVEL THERAPIES TO PATIENTS WITH UNMET NEEDS.,,,,,https://www.allucent.com/,BioPharmGuy
CHARLES RIVER LABORATORIES,Contract Research (Pre-Clinical),Germany - Cologne,RESEARCH ANIMAL MODELS AND PRECLINICAL RESEARCH,,,,,https://www.criver.com/,BioPharmGuy
LONZA,Contract Research (Pre-Clinical),Germany - Cologne,"CONTRACT MANUFACTURING, DEVELOPMENT; LAB SYSTEMS, RESEARCH PRODUCTS",,,,,https://www.lonza.com/,BioPharmGuy
VIVACELL BIOTECHNOLOGY,Contract Research (Pre-Clinical),Germany - Denzlingen,IN VITRO AND EX VIVO RESEARCH SERVICES,,,,,https://www.vivacell.de/,BioPharmGuy
ONCOTEC PHARMA PRODUKTION,Contract Research (Pre-Clinical),Germany - Dessau-Roßlau,ASEPTICALLY PRODUCED CYTOSTATICS,,,,,https://www.oncotecpharma.de/en/home,BioPharmGuy
CHIMERA BIOTEC,Contract Research (Pre-Clinical),Germany - Dortmund,"LARGE MOLECULE BIOANALYTICAL SERVICES USING MSD, ELISA, SIMO, AND IMPERACER PLATFORMS",,,,,https://www.chimera-biotec.com/,BioPharmGuy
PROTAGENE,Contract Research (Pre-Clinical),Germany - Dortmund,"ADVANCED, INTEGRATED, AND COMPLETE ANALYTICAL SOLUTIONS AND EXPERT CONSULTATION.",,,,,https://www.protagene.com/,BioPharmGuy
TAROS CHEMICALS,Contract Research (Pre-Clinical),Germany - Dortmund,CRO FOR SMALL MOLECULE DRUG-DISCOVERY AND PERFORMANCE CHEMICALS R&D CHALLENGES IN GERMANY AND INDIA,,,,,https://www.tarosdiscovery.com/,BioPharmGuy
ABX-CRO,Contract Research (Pre-Clinical),Germany - Dresden,CONTRACT PHARMACEUTICAL RESEARCH,,,,,https://www2.abx-cro.com/,BioPharmGuy
MOLGENIUM,Contract Research (Pre-Clinical),Germany - Düsseldorf,"GMP, CMC, REGULATORY AFFAIRS, PHARMACOVIGILANCE, AND PRECLINICAL & CLINICAL STUDIES",,,,,https://www.molgenium.com/,BioPharmGuy
Q-BIOS,Contract Research (Pre-Clinical),Germany - Edingen-Neckarhausen,"PCR REAGENTS, SERVICES",,,,,https://q-bios.com/,BioPharmGuy
CHARLES RIVER LABORATORIES,Contract Research (Pre-Clinical),Germany - Erkrath,RESEARCH ANIMAL MODELS AND PRECLINICAL RESEARCH,,,,,https://www.criver.com/,BioPharmGuy
PRECLINICS,Contract Research (Pre-Clinical),Germany - Eystrup,CONTRACT RESEARCH,,,,,https://www.preclinics.com/,BioPharmGuy
ACROBIOSYSTEMS,Contract Research (Pre-Clinical),Germany - Frankfurt,"PROTEINS, ANTIBODIES, KITS, GMP-GRADE REAGENTS, AND CUSTOM SERVICES",,,,,https://acrobiosystems.com.cn/,BioPharmGuy
BIOSPRING,Contract Research (Pre-Clinical),Germany - Frankfurt,MANUFACTURING & ANALYTICAL SERVICES,,,,,https://www.biospring.net/,BioPharmGuy
4HF BIOTEC,Contract Research (Pre-Clinical),Germany - Freiburg,ANTI-CANCER TREATMENTS,,,,,https://www.4hfbiotec.com/,BioPharmGuy
ELEVA,Contract Research (Pre-Clinical),Germany - Freiburg,MOSS-DERIVED DRUG DISCOVERY PLATFORM,,,,,https://elevabiologics.com/,BioPharmGuy
NEXTPHARMA,Contract Research (Pre-Clinical),Germany - Goettingen,CONTRACT RESEARCH & DEVELOPMENT,,,,,https://nextpharma.com/,BioPharmGuy
CRELUX,Contract Research (Pre-Clinical),Germany - Gräfelfing,DRUG DISCOVERY SERVICES,,,,,https://www.crelux.com/,BioPharmGuy
TEXCELL,Contract Research (Pre-Clinical),Germany - Gronau,CONTRACT RESEARCH,,,,,https://texcell.com/,BioPharmGuy
PCI PHARMA SERVICES,Contract Research (Pre-Clinical),Germany - Großbeeren,"CONTRACT MANUFACTURING, SERVICES",,,,,https://pci.com/,BioPharmGuy
TRIGA-S,Contract Research (Pre-Clinical),Germany - Habach,DIAGNOSTICS SERVICES,,,,,https://www.triga-s.de/en/,BioPharmGuy
BIOAGILYTIX,Contract Research (Pre-Clinical),Germany - Hamburg,"BIOANALYTICAL SERVICES, IMMUNOASSAYS, CELL-BASED ASSAYS",,,,,https://www.bioagilytix.com/,BioPharmGuy
EVOTEC,Contract Research (Pre-Clinical),Germany - Hamburg,CONTRACT DRUG DISCOVERY & DEVELOPMENT OFFERING INTEGRATED SOLUTIONS FROM TARGET ID THROUGH TO CLINIC,,,,,https://www.evotec.com/,BioPharmGuy
RICHTER BIOLOGICS,Contract Research (Pre-Clinical),Germany - Hamburg,BIOLOGICS DEVELOPMENT & MANUFACTURING,,,,,https://www.richterbiologics.eu/,BioPharmGuy
TIEFENBACHER,Contract Research (Pre-Clinical),Germany - Hamburg,CONTRACT SMALL MOLECULES & DEVICES,,,,,https://tiefenbachergroup.com/,BioPharmGuy
PXBIOVISION,Contract Research (Pre-Clinical),Germany - Hannover,BIOANALYTICAL CONTRACT RESEARCH ORGANIZATION (CRO) DEDICATED TO PEPTIDE BIOMARKER DEVELOPMENT,,,,,https://www.pxbiovision.com/,BioPharmGuy
CELONIC,Contract Research (Pre-Clinical),Germany - Heidelberg,BIOLOGICS CONTRACT WORK,,,,,https://www.celonic.com/,BioPharmGuy
PROTAGENE,Contract Research (Pre-Clinical),Germany - Heidelberg,"ADVANCED, INTEGRATED, AND COMPLETE ANALYTICAL SOLUTIONS AND EXPERT CONSULTATION.",,,,,https://www.protagene.com/,BioPharmGuy
VERAXA BIOTECH,Contract Research (Pre-Clinical),Germany - Heidelberg,MICROFLUIDICS-BASED TECHNOLOGIES FOR FUNCTIONAL SCREENING OF ANTIBODIES,,,,,https://www.veraxa.com/,BioPharmGuy
ZENTRIFORCE PHARMA,Contract Research (Pre-Clinical),Germany - Heidelberg,ANALYTICAL SERVICES,,,,,https://zentriforce.com/,BioPharmGuy
PROTAGENE,Contract Research (Pre-Clinical),Germany - Heilbronn,"ADVANCED, INTEGRATED, AND COMPLETE ANALYTICAL SOLUTIONS AND EXPERT CONSULTATION.",,,,,https://www.protagene.com/,BioPharmGuy
INVIVO BIOTECH SERVICES,Contract Research (Pre-Clinical),Germany - Hennigsdorf,"CONTRACT MANUFACTURING ORGANIZATION FOR ANTIBODIES, RECOMBINANT PROTEINS AND FINAL IMMUNOASSAY KITS",,,,,https://www.invivo.de/,BioPharmGuy
UGA BIOPHARMA,Contract Research (Pre-Clinical),Germany - Hennigsdorf,"CELL PRODUCT, CELL DEVELOPMENT, PROCESS DEVELOPMENT, ANALYTICAL",,,,,https://ugabiopharma.com/,BioPharmGuy
IMMUNEGLOBE,Contract Research (Pre-Clinical),Germany - Himmelstadt,ANTIBODIES AND RELATED SERVICES,,,,,https://www.immunoglobe.com/,BioPharmGuy
EXPLICAT PHARMA,Contract Research (Pre-Clinical),Germany - Hohenbrunn,CONTRACT RESEARCH & CONSULTING,,,,,https://explicat.biz/,BioPharmGuy
ALVA GENOMICS,Contract Research (Pre-Clinical),Germany - Jena,"CELLULAR, SEQUENCING DATA ANALYSIS",,,,,https://alva-genomics.com/,BioPharmGuy
SPECTRAL SERVICE,Contract Research (Pre-Clinical),Germany - Köln,SPECTROSCOPY LAB,,,,,https://www.spectralservice.de/en/?lang=en,BioPharmGuy
JIUZHOU PHARMA,Contract Research (Pre-Clinical),Germany - Konstanz,FULLY INTEGRATED SOLUTIONS IN SMALL MOLECULE AND PEPTIDE API DRUG DEVELOPMENT & PRODUCTION FROM CLINICAL STAGE TO COMMERCIALIZATION,,,,,https://en.jiuzhoupharma.com/,BioPharmGuy
TRENZYME,Contract Research (Pre-Clinical),Germany - Konstanz,HIGHLY CUSTOMIZED SERVICES IN CELL LINE DEVELOPMENT AND RECOMBINANT PROTEIN PRODUCTION,,,,,https://trenzyme.com/,BioPharmGuy
AXOLABS,Contract Research (Pre-Clinical),Germany - Kulmbach,CONTRACT OLIGONUCLEOTIDE WORK,,,,,https://www.axolabs.com/,BioPharmGuy
ARTES BIOTECHNOLOGY,Contract Research (Pre-Clinical),Germany - Langenfeld,"CELL LINE DEVELOPMENT, PROCESS DEV, PROTEIN PRODUCTION TECH",,,,,https://artes-biotechnology.biz/,BioPharmGuy
TACONIC BIOSCIENCES,Contract Research (Pre-Clinical),Germany - Leverkusen,GENETICALLY ENGINEERED RODENT MODELS AND SERVICES. SPECIALISTS IN MOUSE MODEL HUMANIZATION AND GEMS MANAGEMENT.,,,,,https://www.taconic.com/,BioPharmGuy
GLYXERA,Contract Research (Pre-Clinical),Germany - Magdeburg,GLYCAN ANALYSIS,,,,,https://www.glyxera.com/,BioPharmGuy
MAINTECT,Contract Research (Pre-Clinical),Germany - Mainz,CONTRACT RESEARCH OPTIONS FOR THE DEVELOPMENT OF RAPID LATERAL FLOW TESTS FOR POINT-OF-CARE DIAGNOSTICS,,,,,https://maintect.com/,BioPharmGuy
RECIPHARM,Contract Research (Pre-Clinical),Germany - Mannheim,CONTRACT DEVELOPMENT AND MANUFACTURING PARTNER TO THE PHARMACEUTICAL AND BIOPHARMACEUTICAL INDUSTRIES.,,,,,https://www.recipharm.com/,BioPharmGuy
PROJECT PHARMACEUTICS,Contract Research (Pre-Clinical),Germany - Martinsried,PROTEIN FORMULATION & PROCESS DEVELOPMENT,,,,,https://project-pharmaceutics.com/,BioPharmGuy
CUBE BIOTECH,Contract Research (Pre-Clinical),Germany - Monheim,MEMBRANE PROTEIN STABILIZATION,,,,,https://cube-biotech.com/,BioPharmGuy
AURIGON LIFE SCIENCE,Contract Research (Pre-Clinical),Germany - MüNchen,"TOXICOLOGY, PHARMACOLOGY, TESTING",,,,,https://aurigon.com/,BioPharmGuy
ADRAGOS PHARMA,Contract Research (Pre-Clinical),Germany - Munich,"GLOBAL CDMO FOR STERILE INJECTABLES: PFS, VIALS, AMPOULES, IV BAGS, BFS. CLINICAL TO COMMERCIAL.",,,,,https://adragos-pharma.com/,BioPharmGuy
NANOANALYTICS,Contract Research (Pre-Clinical),Germany - Münster,ANALYTICAL SERVICES,,,,,https://www.nanoanalytics.com/en/start.html,BioPharmGuy
VECTORBUILDER,Contract Research (Pre-Clinical),Germany - Neu-Isenburg,RECOMBINANT VECTORS & VIRUSES,,,,,https://en.vectorbuilder.com/,BioPharmGuy
NUVISAN,Contract Research (Pre-Clinical),Germany - Neu-Ulm,"DRUG DISCOVERY, PRECLINICAL, CLINICAL DEVELOPMENT,  MANUFACTURING SERVICES",,,,,https://www.nuvisan.com/,BioPharmGuy
NUVISAN PHARMA SERVICES,Contract Research (Pre-Clinical),Germany - Neu-Ulm,CONTRACT RESEARCH & DEVELOPMENT,,,,,https://www.nuvisan.com/home,BioPharmGuy
NAMSA,Contract Research (Pre-Clinical),Germany - Obernburg Am Main,MEDICAL RESEARCH ORGANIZATION - MEDICAL DEVICES,,,,,https://namsa.com/,BioPharmGuy
BICOLL,Contract Research (Pre-Clinical),Germany - Planegg,"PLANT-BASED DRUG DISCOVERY, SYNTHESIS",,,,,https://bicoll-group.com/,BioPharmGuy
INTANA BIOSCIENCE,Contract Research (Pre-Clinical),Germany - Planegg,"ASSAY DEVELOPMENT, SCREENING AND TARGET/HIT VALIDATION USING FLUORESCENCE CROSS-CORRELATION SPECTROSCOPY",,,,,https://intana.de/,BioPharmGuy
OMICSDISCOVERIES,Contract Research (Pre-Clinical),Germany - Planegg,RNA ANALYSIS,,,,,https://www.omicsdiscoveries.com/,BioPharmGuy
CORDENPHARMA,Contract Research (Pre-Clinical),Germany - Plankstadt,CONTRACT SMALL MOLECULES,,,,,https://cordenpharma.com/,BioPharmGuy
MAB DISCOVERY,Contract Research (Pre-Clinical),Germany - Polling,MONOCLONAL ANTIBODY DISCOVERY,,,,,https://www.mabdiscovery.com/,BioPharmGuy
NEW/ERA/MABS,Contract Research (Pre-Clinical),Germany - Potsdam,NEXT-GEN ANTIBODY DISCOVERY,,,,,https://neweramabs.com/,BioPharmGuy
PRECLINICS,Contract Research (Pre-Clinical),Germany - Potsdam,CONTRACT RESEARCH,,,,,https://www.preclinics.com/,BioPharmGuy
METASYSX,Contract Research (Pre-Clinical),Germany - Potsdam-Golm,METABOLICS SERVICE PLATFORMS,,,,,https://metasysx.com/,BioPharmGuy
2BIND,Contract Research (Pre-Clinical),Germany - Regensburg,BIOPHYSICAL ANALYSIS CONTRACT RESEARCH,,,,,https://2bind.com/,BioPharmGuy
NMI TT PHARMASERVICES,Contract Research (Pre-Clinical),Germany - Reutlingen,"PRECLINICAL CONTRACT RESEARCH SERVICES, SPECIALTY: MULTIPLEX PROTEIN PROFILING SERVICES",,,,,https://nmi-tt.de/,BioPharmGuy
SIGNATOPE,Contract Research (Pre-Clinical),Germany - Reutlingen,IMMUNOASSAYS,,,,,https://www.signatope.com/wordpress/,BioPharmGuy
NEUROPROOF,Contract Research (Pre-Clinical),Germany - Rostock,NEUROSCIENCE CRO,,,,,https://neuroproof.com/,BioPharmGuy
HWI PHARMA SERVICES,Contract Research (Pre-Clinical),Germany - Rülzheim,"ANALYTICAL METHODS, BATCH RELEASE, FORMULATION, QUALITY",,,,,https://www.hwi-group.de/en/home,BioPharmGuy
CATALENT,Contract Research (Pre-Clinical),Germany - Schorndorf,DOSAGE FORM DEVELOPMENT,,,,,https://www.catalent.com/,BioPharmGuy
PHARMAPACK STADE,Contract Research (Pre-Clinical),Germany - Stade,BLISTER PACKAGING,,,,,https://www.pharmapack.de/,BioPharmGuy
CHARLES RIVER LABORATORIES,Contract Research (Pre-Clinical),Germany - Sulzfeld,RESEARCH ANIMAL MODELS AND PRECLINICAL RESEARCH,,,,,https://www.criver.com/,BioPharmGuy
RECIPHARM,Contract Research (Pre-Clinical),Germany - Wasserburg,CONTRACT DEVELOPMENT AND MANUFACTURING PARTNER TO THE PHARMACEUTICAL AND BIOPHARMACEUTICAL INDUSTRIES.,,,,,https://www.recipharm.com/,BioPharmGuy
CAMBREX,Contract Research (Pre-Clinical),Germany - Wiesbaden,"SMALL MOLECULES RESEARCH, DEVELOPMENT & MANUFACTURING SERVICES",,,,,https://www.cambrex.com/,BioPharmGuy
RECIPHARM,Contract Research (Pre-Clinical),Germany - Zwickau,CONTRACT DEVELOPMENT AND MANUFACTURING PARTNER TO THE PHARMACEUTICAL AND BIOPHARMACEUTICAL INDUSTRIES.,,,,,https://www.recipharm.com/,BioPharmGuy
BIOEMTECH,Contract Research (Pre-Clinical),Greece - Athens,"PRECLINICAL SERVICES, SCANNERS, SOFTWARE",,,,,https://bioemtech.com/,BioPharmGuy
RAFARM,Contract Research (Pre-Clinical),Greece - Athens,OPHTHALMICS CDMO,,,,,https://www.rafarmgroup.com/,BioPharmGuy
GENEPHARM,Contract Research (Pre-Clinical),Greece - Pallini,PHARMACEUTICAL CONTRACT MANUFACTURING,,,,,https://www.genepharm.com/index.php/en/,BioPharmGuy
PROTHYA BIOSOLUTIONS,Contract Research (Pre-Clinical),Hungary - Budapest,SERVICES AND PLASMA-DERIVED MEDICINAL PRODUCTS,,,,,https://prothya.com/,BioPharmGuy
TURBINE,Contract Research (Pre-Clinical),Hungary - Budapest,SIMULATED CELL TECHNOLOGY FOR PHARMA R&D,,,,,https://turbine.ai/,BioPharmGuy
AURIGON LIFE SCIENCE,Contract Research (Pre-Clinical),Hungary - Dunakeszi,"TOXICOLOGY, PHARMACOLOGY, TESTING",,,,,https://aurigon.com/,BioPharmGuy
TARGETEX BIOSCIENCES,Contract Research (Pre-Clinical),Hungary - Dunakeszi,PROTEIN ENGINEERING AND EXPRESSING GENE SEQUENCES,,,,,https://www.targetex.com/,BioPharmGuy
BIOTALENTUM,Contract Research (Pre-Clinical),Hungary - Gödöllő,STEM CELL RESEARCH & SERVICES,,,,,https://biotalentum.eu/,BioPharmGuy
CAMBREX,Contract Research (Pre-Clinical),Ia - Charles City,"SMALL MOLECULES RESEARCH, DEVELOPMENT & MANUFACTURING SERVICES",,,,,https://www.cambrex.com/,BioPharmGuy
CONTINENTAL MANUFACTURING CHEMIST,Contract Research (Pre-Clinical),Ia - Madrid,"CONTRACT BLENDING, FILLING AND PACKAGING",,,,,https://www.continentalmfgchemist.com/,BioPharmGuy
JMI LABS,Contract Research (Pre-Clinical),Ia - North Liberty,ANTIMICROBIAL THERAPY WORK,,,,,https://www.jmilabs.com/,BioPharmGuy
BOSTON BIOPROCESS,Contract Research (Pre-Clinical),"Il - Champaign,",FERMENTATION & DOWNSTREAM DEVELOPMENT AND OPTIMIZATION,,,,,https://bostonbioprocess.com/,BioPharmGuy
CELLTRANS,Contract Research (Pre-Clinical),Il - Chicago,CELL THERAPY CONTRACT RESEARCH,,,,,https://www.celltransinc.com/,BioPharmGuy
DENOVX,Contract Research (Pre-Clinical),Il - Chicago,CRYSTALLIZATION,,,,,https://denovx.com/,BioPharmGuy
PEAPOD BIO,Contract Research (Pre-Clinical),Il - Chicago,"ASSAY DEVELOPMENT, HTS, AND HIT-TO-LEAD, SMALL MOLECULES AND PEPTIDES, PROPRIETARY MS TECHNOLOGY",,,,,https://peapodbio.com/,BioPharmGuy
VECTORBUILDER,Contract Research (Pre-Clinical),Il - Chicago,RECOMBINANT VECTORS & VIRUSES,,,,,https://en.vectorbuilder.com/,BioPharmGuy
METZ RESEARCH,Contract Research (Pre-Clinical),Il - Gurnee,MOLECULAR MODELING AND COMPUTATIONAL CHEMISTRY,,,,,https://metzresearch.com/,BioPharmGuy
CMIC,Contract Research (Pre-Clinical),Il - Hoffman Estates,BIOANALYTICAL CONTRACT RESEARCH,,,,,https://en.cmicgroup.com/,BioPharmGuy
REGIS TECHNOLOGIES,Contract Research (Pre-Clinical),Il - Morton Grove,SYNTHESIS & SEPARATIONS,,,,,https://www.registech.com/,BioPharmGuy
GENUS BIOSYSTEMS,Contract Research (Pre-Clinical),Il - Northbrook,OPTIMIZATION OF MICROARRAY EXPERIMENTATION AND ANALYSIS,,,,,http://www.genusbiosystems.com/,BioPharmGuy
VELOXITY LABS,Contract Research (Pre-Clinical),Il - Peoria,BIOANALYTICAL CRO FOCUSED ON LC-MS BIOANALYSIS.,,,,,https://veloxitylabs.com/,BioPharmGuy
PCI PHARMA SERVICES,Contract Research (Pre-Clinical),Il - Rockford,"CONTRACT MANUFACTURING, SERVICES",,,,,https://pci.com/,BioPharmGuy
TOXPLUS CONSULTING,Contract Research (Pre-Clinical),Il - Westmont,"PRECLINICAL TOXICOLOGY AND PHARMACOLOGY STRATEGY DEVELOPMENT. SAFETY EVALUATIONS FOR APIS, EXCIPIENTS, IMPURITIES, EXTRACTABLES AND LEACHABLES.",,,,,https://www.toxplus.com/,BioPharmGuy
ACGT PROGENOMICS,Contract Research (Pre-Clinical),Il - Wheeling,DNA SEQUENCING SERVICES,,,,,https://acgtinc.com/,BioPharmGuy
CATALENT,Contract Research (Pre-Clinical),In - Bloomington,BIOLOGICS MANUFACTURING & CELL LINE DEVELOPMENT,,,,,https://www.catalent.com/,BioPharmGuy
LABYRINTH BIOPHARMA,Contract Research (Pre-Clinical),In - Bloomington,"FORMULATION, ANALYTICAL, AND LYOPHILIZATION CYCLE DEVELOPMENT OF SMALL AND LARGE MOLECULES, SUSPENSIONS, EMULSIONS, AND DIAGNOSTIC PRODUCTS",,,,,https://lab-bp.com/,BioPharmGuy
MEGADALTON SOLUTIONS,Contract Research (Pre-Clinical),In - Bloomington,CHARGE DETECTION MASS SPEC ANALYTICAL SERVICES AND INSTRUMENTATION,,,,,https://www.megadaltonsolutions.com/,BioPharmGuy
SINGOTA SOLUTIONS,Contract Research (Pre-Clinical),In - Bloomington,CONTRACT DEVELOPMENT & MANUFACTURING,,,,,https://singota.com/,BioPharmGuy
TACONIC BIOSCIENCES,Contract Research (Pre-Clinical),In - Cambridge City,GENETICALLY ENGINEERED RODENT MODELS AND SERVICES. SPECIALISTS IN MOUSE MODEL HUMANIZATION AND GEMS MANAGEMENT.,,,,,https://www.taconic.com/,BioPharmGuy
SWORD BIO,Contract Research (Pre-Clinical),In - Carmel,"LARGE MOLECULE ASSAY DEVELOPMENT, VALIDATION AND SAMPLE TESTING FOR PK, BIOMARKERS, IMMUNOGENICITY AND NAB ASSAYS",,,,,https://swordbio.com/,BioPharmGuy
B2S LIFE SCIENCES,Contract Research (Pre-Clinical),In - Franklin,"BIOTHERAPEUTIC DRUG DEVELOPMENT COMPANY FOCUSED ON IMPROVING BIOANALYTICAL METHODOLOGY THROUGH REAGENT GENERATION, LIFE-CYCLE MANAGEMENT, ASSAY DEVELOPMENT AND STATISTICAL ANALYTICS",,,,,https://b2slifesciences.com/,BioPharmGuy
GENEZEN,Contract Research (Pre-Clinical),In - Indianapolis,"LENTIVIRAL & RETROVIRAL VECTOR SPECIALIST, GENEZEN, OFFERS EARLY PROCESS DEVELOPMENT, GMP VECTOR PRODUCTION, ANALYTICAL TESTING & ASSAY DEVELOPMENT.",,,,,https://www.genezen.com/,BioPharmGuy
HELIX BIOSTRUCTURES,Contract Research (Pre-Clinical),In - Indianapolis,"CRO OFFERING CRYO-EM, X-RAY CRYSTALLOGRAPHY, PROTEIN PRODUCTION, LNP CHARACTERIZATION AND SAXS",,,,,https://www.helixbiostructures.com/,BioPharmGuy
PACE,Contract Research (Pre-Clinical),In - Indianapolis,"ANALYTICAL TESTING, CDMO",,,,,https://www.pacelabs.com/,BioPharmGuy
VXP BIOLOGICS,Contract Research (Pre-Clinical),In - Indianapolis,BIOLOGICS CONTRACT WORK,,,,,https://vxpbiologics.com/,BioPharmGuy
XENO DIAGNOSTICS,Contract Research (Pre-Clinical),In - Indianapolis,"CUSTOM CELL-BASED ASSAYS, ANTIBODIES",,,,,https://xenodiagnostics.com/,BioPharmGuy
TRICLINIC LABS,Contract Research (Pre-Clinical),In - Lafayette,CONTRACT SMALL MOLECULE DEVELOPMENT SERVICES,,,,,https://tricliniclabs.com/,BioPharmGuy
IMPROVED PHARMA,Contract Research (Pre-Clinical),In - West Lafayette,DRUG DEVELOPMENT,,,,,https://improvedpharma.com/,BioPharmGuy
INOTIV,Contract Research (Pre-Clinical),In - West Lafayette,"CONTRACT LAB SERVICES, SCIENTIFIC INSTRUMENTS",,,,,https://www.inotiv.com/,BioPharmGuy
ACCUPREC RESEARCH LABS,Contract Research (Pre-Clinical),India - Ahmedabad,"CONTRACT RESEARCH, DEVICE TESTING",,,,,https://accuprec.com/,BioPharmGuy
CHARLES RIVER LABORATORIES,Contract Research (Pre-Clinical),India - Ahmedabad,RESEARCH ANIMAL MODELS AND PRECLINICAL RESEARCH,,,,,https://www.criver.com/,BioPharmGuy
CONCORD BIOTECH,Contract Research (Pre-Clinical),India - Ahmedabad,"FERMENTATION-BASED API, DEVELOPMENT",,,,,https://concordbiotech.com/,BioPharmGuy
INTAS PHARMACEUTICALS,Contract Research (Pre-Clinical),India - Ahmedabad,"CONTRACT MANUFACTURING, FORMULATION DEVELOPMENT, GENERICS",,,,,https://www.intaspharma.com/,BioPharmGuy
O2H DISCOVERY,Contract Research (Pre-Clinical),India - Ahmedabad,DRUG DISCOVERY SERVICES,,,,,https://o2h.com/discovery/chemistry/,BioPharmGuy
VEEDA LIFESCIENCES,Contract Research (Pre-Clinical),India - Ahmedabad,PRECLINICAL & CLINICAL RESEARCH,,,,,https://veedalifesciences.com/,BioPharmGuy
ZASYA LIFE SCIENCES,Contract Research (Pre-Clinical),India - Ahmedabad,CDMO,,,,,https://www.zasyalifesciences.com/,BioPharmGuy
ANTHEM BIOSCIENCES,Contract Research (Pre-Clinical),India - Bangalore,CONTRACT RESEARCH,,,,,https://anthembio.com/,BioPharmGuy
BIONEEDS,Contract Research (Pre-Clinical),India - Bangalore,CONTRACT RESEARCH,,,,,https://www.bioneeds.in/,BioPharmGuy
DSK INNOSCIENCES,Contract Research (Pre-Clinical),India - Bangalore,CONTRACT CHEMISTRY SERVICES,,,,,https://dskinnosciences.com/,BioPharmGuy
EUROFINS ADVINUS,Contract Research (Pre-Clinical),India - Bangalore,DRUG DISCOVERY,,,,,https://www.advinus.com/,BioPharmGuy
ICBIO-INITIATIVE,Contract Research (Pre-Clinical),India - Bangalore,FULL-SERVICE CONTRACT RESEARCH ORGANIZATION,,,,,https://www.icbiocro.com/,BioPharmGuy
RECIPHARM,Contract Research (Pre-Clinical),India - Bangalore,CONTRACT DEVELOPMENT AND MANUFACTURING PARTNER TO THE PHARMACEUTICAL AND BIOPHARMACEUTICAL INDUSTRIES.,,,,,https://www.recipharm.com/,BioPharmGuy
SKANDA LIFE SCIENCES,Contract Research (Pre-Clinical),India - Bangalore,"CONTRACT RESEARCH - PHARMACEUTICAL, BIOTECH",,,,,https://skandalifesciences.com/,BioPharmGuy
SYNGENE INTERNATIONAL,Contract Research (Pre-Clinical),India - Bangalore,CONTRACT RESEARCH,,,,,https://www.syngeneintl.com/,BioPharmGuy
SYNGENE INTERNATIONAL,Contract Research (Pre-Clinical),India - Bangalore,"CONTRACT DISCOVERY, BIOLOGY",,,,,https://www.syngeneintl.com/,BioPharmGuy
THERAINDX LIFESCIENCES,Contract Research (Pre-Clinical),India - Bangalore,PRECLINICAL SERVICES,,,,,https://www.theraindx.com/,BioPharmGuy
VIPRAGEN,Contract Research (Pre-Clinical),India - Bengalore,"CRO - DISCOVERY, ANALYTICAL, TOXICOLOGY, ETC",,,,,https://vipragen.com/,BioPharmGuy
CHARLES RIVER LABORATORIES,Contract Research (Pre-Clinical),India - Bengaluru,RESEARCH ANIMAL MODELS AND PRECLINICAL RESEARCH,,,,,https://www.criver.com/,BioPharmGuy
NUWILL RESEARCH & INNOVATIONS,Contract Research (Pre-Clinical),India - Bengaluru,"FORMULATION DEVELOPMENT, ANALYTICAL SERVICES",,,,,https://www.nuwillresearch.com/,BioPharmGuy
SPAAR RESEARCH LABS,Contract Research (Pre-Clinical),India - Chennai,CONTRACT DEVELOPMENT ORGANIZATION,,,,,https://www.spaarresearchlabs.com/,BioPharmGuy
VOPEC PHARMACEUTICALS,Contract Research (Pre-Clinical),India - Chennai,"CONTRACT RESEARCH, SMALL MOLECULE",,,,,https://www.vopecpharma.com/,BioPharmGuy
ENCUBE ETHICALS,Contract Research (Pre-Clinical),India - Dombivli,TOPICAL FORMULATIONS,,,,,https://www.encubeethicals.com/,BioPharmGuy
DABUR RESEARCH FOUNDATION,Contract Research (Pre-Clinical),India - Ghaziabad,PRECLINICAL CONTRACT RESEARCH,,,,,https://daburresearch.in/,BioPharmGuy
ENCUBE ETHICALS,Contract Research (Pre-Clinical),India - Goa,TOPICAL FORMULATIONS,,,,,https://www.encubeethicals.com/,BioPharmGuy
PREMAS BIOTECH,Contract Research (Pre-Clinical),India - Gurugram,"CONTRACT RESEARCH, DEVELOPMENT & MANUFACTURING",,,,,https://www.premasbiotech.com/,BioPharmGuy
ADEPT PHARMA AND BIOSCIENCE EXCELLENCE,Contract Research (Pre-Clinical),India - Hyderabad,CONTRACT PHARMA DEVELOPMENT,,,,,https://www.adeptpharmabio.com/,BioPharmGuy
AGANITHA,Contract Research (Pre-Clinical),India - Hyderabad,IN SILICO DRUG DISCOVERY,,,,,https://www.aganitha.ai/,BioPharmGuy
AIZANT,Contract Research (Pre-Clinical),India - Hyderabad,"DRUG, API R&D AND MANUFACTURING",,,,,https://www.aizant.com/,BioPharmGuy
ARAGEN LIFE SCIENCES,Contract Research (Pre-Clinical),India - Hyderabad,"CELL LINE DEVELOPMENT, PROTEIN EXPRESSION & PURIFICATION, CELL-BASED & BIOPHYSICAL ASSAYS, AND IN VIVO MODELS OF DISEASE.",,,,,https://www.aragen.com/,BioPharmGuy
ARYASTHA LIFE SCIENCES,Contract Research (Pre-Clinical),India - Hyderabad,DRUG DISCOVERY CONTRACT WORK,,,,,https://aryastha.com/,BioPharmGuy
CHARLES RIVER LABORATORIES,Contract Research (Pre-Clinical),India - Hyderabad,RESEARCH ANIMAL MODELS AND PRECLINICAL RESEARCH,,,,,https://www.criver.com/,BioPharmGuy
CHEMVEDA LIFE SCIENCES,Contract Research (Pre-Clinical),India - Hyderabad,DRUG DISCOVERY & DEVELOPMENT SERVICES,,,,,https://chemvedals.com/,BioPharmGuy
COHANCE LIFESCIENCES,Contract Research (Pre-Clinical),India - Hyderabad,"CONTRACT MANUFACTURING, ADC DEVELOPMENT",,,,,https://www.cohance.com/,BioPharmGuy
DEVSYNTHESIS,Contract Research (Pre-Clinical),India - Hyderabad,CHEMISTRY CRO,,,,,https://dev-synthesis.com/,BioPharmGuy
GLOBAL PHARMA TEK,Contract Research (Pre-Clinical),India - Hyderabad,"CONTRACT RESEARCH, CLINICAL RESEARCH, CONSULTING",,,,,https://www.globalpharmatek.com/,BioPharmGuy
LAXAI,Contract Research (Pre-Clinical),India - Hyderabad,"PHARMA, BIOTECH CDMO",,,,,https://laxai.com/,BioPharmGuy
LEXTRO BIO SOLUTIONS,Contract Research (Pre-Clinical),India - Hyderabad,CONTRACT SERVICES,,,,,https://lextrobio.com/,BioPharmGuy
NAYAS LABORATORIES,Contract Research (Pre-Clinical),India - Hyderabad,POLYMER DRUG DELIVERY,,,,,https://www.nayaslabs.com/,BioPharmGuy
POZESCAF,Contract Research (Pre-Clinical),India - Hyderabad,DRUG DISCOVERY CRO,,,,,https://pozescaf.com/,BioPharmGuy
RBG LABORATORY,Contract Research (Pre-Clinical),India - Hyderabad,CHEMISTRY CRO,,,,,https://rbglaboratory.com/,BioPharmGuy
SAMBI PHARMA,Contract Research (Pre-Clinical),India - Hyderabad,PRECLINICAL CONTRACT RESEARCH,,,,,https://sambipharma.com/,BioPharmGuy
SIPRA LABS,Contract Research (Pre-Clinical),India - Hyderabad,"PRODUCT DESIGN, DEVELOPMENT, TESTING, VALIDATION",,,,,http://sipralabs.com/,BioPharmGuy
SORTIS PHARMA,Contract Research (Pre-Clinical),India - Hyderabad,CONTRACT SERVICES,,,,,https://www.sortispharma.com/,BioPharmGuy
SUVEN LIFE SCIENCES,Contract Research (Pre-Clinical),India - Hyderabad,CONTRACT RESEARCH AND MANUFACTURING SERVICES,,,,,http://www.suven.com/,BioPharmGuy
TEADUS PHARMA,Contract Research (Pre-Clinical),India - Hyderabad,CONTRACT RESEARCH,,,,,https://teaduspharma.com/,BioPharmGuy
VAGDEVI INNOSCIENCE,Contract Research (Pre-Clinical),India - Hyderabad,CHEMICAL RESEARCH SERVICES,,,,,http://www.vispl.net/,BioPharmGuy
VIVO BIO TECH,Contract Research (Pre-Clinical),India - Hyderabad,CONTRACT DRUG DEVELOPMENT & DISCOVERY,,,,,http://www.vivobio.com,BioPharmGuy
YAPAN BIO,Contract Research (Pre-Clinical),India - Hyderabad,BIOTECH CDMO,,,,,https://www.yapanbio.com/,BioPharmGuy
TCG LIFESCIENCES,Contract Research (Pre-Clinical),India - Kolkata,CONTRACT MEDICINAL CHEMISTRY,,,,,https://tcgls.com/,BioPharmGuy
AURIGENE PHARMACEUTICAL SERVICES,Contract Research (Pre-Clinical),India - Miyapur,"CONTRACT MANUFACTURING, RESEARCH SMALL & LARGE MOLECULES",,,,,https://www.aurigeneservices.com/,BioPharmGuy
CHARLES RIVER LABORATORIES,Contract Research (Pre-Clinical),India - Mumbai,RESEARCH ANIMAL MODELS AND PRECLINICAL RESEARCH,,,,,https://www.criver.com/,BioPharmGuy
ENCUBE ETHICALS,Contract Research (Pre-Clinical),India - Mumbai,TOPICAL FORMULATIONS,,,,,https://www.encubeethicals.com/,BioPharmGuy
INDOCO REMEDIES,Contract Research (Pre-Clinical),India - Mumbai,CONTRACT SMALL MOLECULES,,,,,https://www.indoco.com/,BioPharmGuy
SOLARA ACTIVE PHARMA SCIENCES,Contract Research (Pre-Clinical),India - Mumbai,"CONTRACT RESEARCH, MANUFACTURING, REGULATORY SERVICES",,,,,https://solara.co.in/,BioPharmGuy
USV BIOLOGICS DIVISION,Contract Research (Pre-Clinical),India - Mumbai,"BIOSIMILARS, CONTRACT BIOLOGICS",,,,,https://www.usvindia.com/,BioPharmGuy
TRANS-GENICA SERVICES,Contract Research (Pre-Clinical),India - Nagardeola,"PRECLINICAL CRO SPECIALIZING IN PHARMACOLOGY, TOXICOLOGY, AND MOLECULAR BIOLOGY RESEARCH.",,,,,https://transgenicaresearch.com/,BioPharmGuy
SA-FORD,Contract Research (Pre-Clinical),India - Navi Mumbai,PRECLINICAL CONTRACT RESEARCH,,,,,https://sa-ford.com/,BioPharmGuy
SITEC LABS,Contract Research (Pre-Clinical),India - Navi Mumbai,ANALYTICAL BIOEQUIVALENCE,,,,,https://siteclabs.com/,BioPharmGuy
ENCUBE ETHICALS,Contract Research (Pre-Clinical),India - Pithampur,TOPICAL FORMULATIONS,,,,,https://www.encubeethicals.com/,BioPharmGuy
RETROSYNTH,Contract Research (Pre-Clinical),India - Pune,RESEARCH PRODUCTS AND SERVICES,,,,,https://retrosynth.co.in/,BioPharmGuy
SEQENS,Contract Research (Pre-Clinical),India - Pune,"ANALYTICAL METHOD VALIDATION, API DEVELOPMENT",,,,,https://www.seqens.com/,BioPharmGuy
SHANTANI,Contract Research (Pre-Clinical),India - Pune,"SMALL MOLECULE TARGET IDENTIFICATION, BIOLOGIC CHARACTERIZATION",,,,,https://shantani.com/,BioPharmGuy
THETAWAVE,Contract Research (Pre-Clinical),India - Pune,"TOXICOLOGY, PHARMA AND DEVICE SERVICE",,,,,https://thetawave.co.in/,BioPharmGuy
POLYPEPTIDE GROUP,Contract Research (Pre-Clinical),India - Thane,POLYPEPTIDE MANUFACTURING,,,,,https://www.polypeptide.com/,BioPharmGuy
LIVEON BIOLABS,Contract Research (Pre-Clinical),India - Tumakuru,CONTRACT PHARMACEUTICAL RESEARCH,,,,,https://liveonbiolabs.com/,BioPharmGuy
JADE BIOSCIENCE,Contract Research (Pre-Clinical),India - Vapi,"CHEMISTRY AND TOXICOLOGY, ECOTOXICOLOGY AND GENOTOXICOLOGY",,,,,https://www.jadebioscience.in/,BioPharmGuy
ACTIMUS BIO,Contract Research (Pre-Clinical),India - Visakhapatnam,CONTRACT RESEARCH SERVICES,,,,,https://actimusbio.com/,BioPharmGuy
CLINISINDO LABORATORIES,Contract Research (Pre-Clinical),Indonesia - Jakarta,"PHARMA TESTING, BIOEQUIVALENCE",,,,,https://clinisindo.com/,BioPharmGuy
CHARLES RIVER LABORATORIES,Contract Research (Pre-Clinical),Ireland - Ballina,RESEARCH ANIMAL MODELS AND PRECLINICAL RESEARCH,,,,,https://www.criver.com/,BioPharmGuy
HITECH HEALTH,Contract Research (Pre-Clinical),Ireland - Ballynahown,BIOPHARM CDMO,,,,,https://hitech-health.com/,BioPharmGuy
GAELIC LABORATORIES,Contract Research (Pre-Clinical),Ireland - Clonmel,"BETA-LACTAM MANUFACTURING, ANALYTICAL TESTING, BATCH RELEASE",,,,,https://gaeliclabs.com/,BioPharmGuy
INOVA PHARMA & LIFE SCIENCE,Contract Research (Pre-Clinical),Ireland - Clonmel,DRUG CDMO,,,,,https://inova.ie/,BioPharmGuy
STERLING PHARMA SOLUTIONS,Contract Research (Pre-Clinical),Ireland - Cork,CONTRACT DEVELOPMENT & MANUFACTURING - APIS,,,,,https://www.sterlingpharmasolutions.com/,BioPharmGuy
ABBVIE,Contract Research (Pre-Clinical),Ireland - Dublin,MEDICAL DEVICES,,,,,https://www.abbvie.com/,BioPharmGuy
CHARLES RIVER LABORATORIES,Contract Research (Pre-Clinical),Ireland - Dublin,RESEARCH ANIMAL MODELS AND PRECLINICAL RESEARCH,,,,,https://www.criver.com/,BioPharmGuy
GENSEQ,Contract Research (Pre-Clinical),Ireland - Dublin,"GENETIC, BIOPHARMA SERVICES",,,,,https://genseqgroup.com/,BioPharmGuy
HITECH HEALTH,Contract Research (Pre-Clinical),Ireland - Dublin,BIOPHARM CDMO,,,,,https://hitech-health.com/,BioPharmGuy
SK PHARMTECO,Contract Research (Pre-Clinical),Ireland - Dublin,SMALL MOLECULE DEVELOPMENT & MANUFACTURING,,,,,https://www.skpharmteco.com/,BioPharmGuy
SEQBIOME,Contract Research (Pre-Clinical),Ireland - Fermoy,MICROBIOME ANALYSIS,,,,,https://seqbiome.com/,BioPharmGuy
CURRAN SCIENTIFIC,Contract Research (Pre-Clinical),Ireland - Limerick,FLUID HANDLING,,,,,https://curranscientific.com/,BioPharmGuy
PCI PHARMA SERVICES,Contract Research (Pre-Clinical),Ireland - Meath,"CONTRACT MANUFACTURING, SERVICES",,,,,https://pci.com/,BioPharmGuy
HITECH HEALTH,Contract Research (Pre-Clinical),Ireland - Spidéal,BIOPHARM CDMO,,,,,https://hitech-health.com/,BioPharmGuy
EIRGEN PHARMA,Contract Research (Pre-Clinical),Ireland - Waterford,CONTRACT SMALL MOLECULE MANUFACTURING & DEVELOPMENT,,,,,https://www.eirgen.com/,BioPharmGuy
LGM PHARMA,Contract Research (Pre-Clinical),Israel - Modiin,"APIS, CDMO SERVICES",,,,,https://lgmpharma.com/,BioPharmGuy
ALLUCENT,Contract Research (Pre-Clinical),Israel - Tel Aviv,CLINICAL RESEARCH SOLUTIONS PARTNERING WITH SMALL & MID-SIZED BIOTECHS TO DELIVER NOVEL THERAPIES TO PATIENTS WITH UNMET NEEDS.,,,,,https://www.allucent.com/,BioPharmGuy
CORDENPHARMA,Contract Research (Pre-Clinical),Italy - Bergamo,CONTRACT SMALL MOLECULES,,,,,https://cordenpharma.com/,BioPharmGuy
RECIPHARM,Contract Research (Pre-Clinical),Italy - Brescia,CONTRACT DEVELOPMENT AND MANUFACTURING PARTNER TO THE PHARMACEUTICAL AND BIOPHARMACEUTICAL INDUSTRIES.,,,,,https://www.recipharm.com/,BioPharmGuy
CHARLES RIVER LABORATORIES,Contract Research (Pre-Clinical),Italy - Calco,RESEARCH ANIMAL MODELS AND PRECLINICAL RESEARCH,,,,,https://www.criver.com/,BioPharmGuy
PROCOS,Contract Research (Pre-Clinical),Italy - Cameri,CONTRACT MANUFACTURING,,,,,https://www.procos.it/,BioPharmGuy
CORDENPHARMA,Contract Research (Pre-Clinical),Italy - Caponago,CONTRACT SMALL MOLECULES,,,,,https://cordenpharma.com/,BioPharmGuy
FLAMMA,Contract Research (Pre-Clinical),Italy - Chignolo Di’Isola,CONTRACT MANUFACTURING & SERVICES,,,,,https://www.flammagroup.com/,BioPharmGuy
PATHEON,Contract Research (Pre-Clinical),Italy - Ferentino,CONTRACT MANUFACTURING AND DEVELOPMENT,,,,,https://www.patheon.com/us/en/home.html,BioPharmGuy
FLAMMA,Contract Research (Pre-Clinical),Italy - Isso,CONTRACT MANUFACTURING & SERVICES,,,,,https://www.flammagroup.com/,BioPharmGuy
BSP PHARMACEUTICALS,Contract Research (Pre-Clinical),Italy - Latina Scalo,CONTRACT DEVELOPMENT & MANUFACTURING,,,,,https://www.bsppharmaceuticals.com/,BioPharmGuy
RECIPHARM,Contract Research (Pre-Clinical),Italy - Masate,CONTRACT DEVELOPMENT AND MANUFACTURING PARTNER TO THE PHARMACEUTICAL AND BIOPHARMACEUTICAL INDUSTRIES.,,,,,https://www.recipharm.com/,BioPharmGuy
LABOSPACE,Contract Research (Pre-Clinical),Italy - Milano,"PATHOLOGY, BIOMARKER ASSAYS, MICROBIOME SERVICES",,,,,https://www.labospace.com/,BioPharmGuy
PATHEON,Contract Research (Pre-Clinical),Italy - Monza,CONTRACT MANUFACTURING AND DEVELOPMENT,,,,,https://www.patheon.com/us/en/home.html,BioPharmGuy
CHEMLECTIVA,Contract Research (Pre-Clinical),Italy - Novara,API R&D,,,,,https://chemelectiva.it/,BioPharmGuy
RECIPHARM,Contract Research (Pre-Clinical),Italy - Paderno Dugnano,CONTRACT DEVELOPMENT AND MANUFACTURING PARTNER TO THE PHARMACEUTICAL AND BIOPHARMACEUTICAL INDUSTRIES.,,,,,https://www.recipharm.com/,BioPharmGuy
PRECLINICS,Contract Research (Pre-Clinical),Italy - Parma,CONTRACT RESEARCH,,,,,https://www.preclinics.com/,BioPharmGuy
CAMBREX,Contract Research (Pre-Clinical),Italy - Paullo,"SMALL MOLECULES RESEARCH, DEVELOPMENT & MANUFACTURING SERVICES",,,,,https://www.cambrex.com/,BioPharmGuy
ADVAXIA BIOLOGICS,Contract Research (Pre-Clinical),Italy - Pomezia,ADENOVIRUS-BASED VACCINE CDMO,,,,,https://advaxia.com/,BioPharmGuy
IRBM,Contract Research (Pre-Clinical),Italy - Pomezia,"DRUG DISCOVERY FOR COMPLEX PEPTIDES/SMS/MABS; DISPLAY TECH, HTS, DMPK, IN VIVO, FUNCTIONAL GENOMICS",,,,,https://www.irbm.com/,BioPharmGuy
PROBIOMICS,Contract Research (Pre-Clinical),Italy - Roma,GENOMICS AND PRECISION MEDICINE SERVICES,,,,,https://probiomics.it/,BioPharmGuy
MAIBE,Contract Research (Pre-Clinical),Italy - Rome,MONOCLONAL ANTIBODIES FOR VIRUSES,,,,,https://www.maibe.eu/,BioPharmGuy
REITHERA,Contract Research (Pre-Clinical),Italy - Rome,CONTRACT RESEARCH & MANUFACTURING,,,,,https://reithera.com/,BioPharmGuy
ANEMOCYTE,Contract Research (Pre-Clinical),Italy - Varese,"PLASMID, MRNA DEVELOPMENT & MANUFACTURING",,,,,https://anemocyte.com/,BioPharmGuy
AXCELEAD,Contract Research (Pre-Clinical),Japan - Kanagawa,PRECLINICAL DRUG DISCOVERY,,,,,https://axcelead-us.com/,BioPharmGuy
JIUZHOU PHARMA,Contract Research (Pre-Clinical),Japan - Kanagawa,FULLY INTEGRATED SOLUTIONS IN SMALL MOLECULE AND PEPTIDE API DRUG DEVELOPMENT & PRODUCTION FROM CLINICAL STAGE TO COMMERCIALIZATION,,,,,https://en.jiuzhoupharma.com/,BioPharmGuy
BIKEN GROUP,Contract Research (Pre-Clinical),Japan - Kanonji,VACCINE DEVELOPER AND PROVIDES LABORATORY DIAGNOSTIC SERVICES,,,,,https://www.biken.or.jp/english/,BioPharmGuy
ADRAGOS PHARMA,Contract Research (Pre-Clinical),Japan - Kawagoe,"GLOBAL CDMO FOR STERILE INJECTABLES: PFS, VIALS, AMPOULES, IV BAGS, BFS. CLINICAL TO COMMERCIAL.",,,,,https://adragos-pharma.com/,BioPharmGuy
BGI,Contract Research (Pre-Clinical),Japan - Kobe,GENETIC TESTING,,,,,https://www.bgi.com/global,BioPharmGuy
SPERA PHARMA,Contract Research (Pre-Clinical),Japan - Osaka,CMC RESEARCH SUPPORT,,,,,https://www.spera-pharma.co.jp/en/,BioPharmGuy
BIOSPRING,Contract Research (Pre-Clinical),Japan - Tokyo,MANUFACTURING & ANALYTICAL SERVICES,,,,,https://www.biospring.net/,BioPharmGuy
CMIC,Contract Research (Pre-Clinical),Japan - Tokyo,PHARMACEUTICAL CONTRACT WORK,,,,,https://en.cmicgroup.com/,BioPharmGuy
LONZA,Contract Research (Pre-Clinical),Japan - Tokyo,"CONTRACT MANUFACTURING, DEVELOPMENT; LAB SYSTEMS, RESEARCH PRODUCTS",,,,,https://www.lonza.com/,BioPharmGuy
NAMSA,Contract Research (Pre-Clinical),Japan - Tokyo,MEDICAL RESEARCH ORGANIZATION - MEDICAL DEVICES,,,,,https://namsa.com/,BioPharmGuy
RHELIXA,Contract Research (Pre-Clinical),Japan - Tokyo,EPIGENOME ANALYSIS,,,,,https://www.rhelixa.com/,BioPharmGuy
SOCIUM,Contract Research (Pre-Clinical),Japan - Tokyo,CONTRACT RESEARCH,,,,,https://socium.co.jp/en/,BioPharmGuy
VECTORBUILDER,Contract Research (Pre-Clinical),Japan - Yokohama,RECOMBINANT VECTORS & VIRUSES,,,,,https://en.vectorbuilder.com/,BioPharmGuy
PRU,Contract Research (Pre-Clinical),Jordan - Amman,"BIOEQUIVALENCE, CLINICAL TRIALS, BIOANALYTICAL",,,,,https://pru.com.jo/,BioPharmGuy
MICROUNI,Contract Research (Pre-Clinical),Korea - Cheongju,"COVID DIAGNOSTIC, RNA SERVICES",,,,,http://microuni.co.kr/index_en.php,BioPharmGuy
DEARGEN,Contract Research (Pre-Clinical),Korea - Daejeon,AI-DRUG DISCOVERY SERVICES,,,,,https://deargen.me/,BioPharmGuy
ENSOL BIOSCIENCES,Contract Research (Pre-Clinical),Korea - Daejeon,IN SILICO DRUG DISCOVERY,,,,,https://www.ensolbio.com/eng/index.html,BioPharmGuy
THERAZYNE,Contract Research (Pre-Clinical),Korea - Daejeon,COMPUTATIONAL PROTEIN DESIGN AND MOLECULAR INTERACTION PREDICTION,,,,,https://www.therazyne.com/,BioPharmGuy
SK PHARMTECO,Contract Research (Pre-Clinical),Korea - Daejon,SMALL MOLECULE DEVELOPMENT & MANUFACTURING,,,,,https://www.skpharmteco.com/,BioPharmGuy
BTGEN BIO,Contract Research (Pre-Clinical),Korea - Incheon,BIOLOGICS CONTRACT WORK,,,,,https://btgen.co.kr/en/,BioPharmGuy
CHARLES RIVER LABORATORIES,Contract Research (Pre-Clinical),Korea - Incheon,RESEARCH ANIMAL MODELS AND PRECLINICAL RESEARCH,,,,,https://www.criver.com/,BioPharmGuy
CELLABMED,Contract Research (Pre-Clinical),Korea - Seoul,"THERAPEUTIC ANTIBODIES, CMO",,,,,https://www.cellabmed.com/eng/,BioPharmGuy
EUBIOLOGICS,Contract Research (Pre-Clinical),Korea - Seoul,VACCINES,,,,,http://www.eubiologics.com/eng/,BioPharmGuy
GENEMEDICINE,Contract Research (Pre-Clinical),Korea - Seoul,"CDMO, ONCOLYTIC VIRUSES",,,,,https://gene-medicine.com/,BioPharmGuy
NAMSA,Contract Research (Pre-Clinical),Korea - Seoul,MEDICAL RESEARCH ORGANIZATION - MEDICAL DEVICES,,,,,https://namsa.com/,BioPharmGuy
YUHAN,Contract Research (Pre-Clinical),Korea - Seoul,"SMALL MOLECULES, BIOLOGICS, CONTRACT WORK",,,,,http://eng.yuhan.co.kr/Main/,BioPharmGuy
PACE,Contract Research (Pre-Clinical),Ks - Frontenac,"ANALYTICAL TESTING, CDMO",,,,,https://www.pacelabs.com/,BioPharmGuy
CRITITECH,Contract Research (Pre-Clinical),Ks - Lawrence,CONTRACT PARTICLE ENGINEERING,,,,,https://crititech.com/,BioPharmGuy
PACE,Contract Research (Pre-Clinical),Ks - Lenexa,"ANALYTICAL TESTING, CDMO",,,,,https://www.pacelabs.com/,BioPharmGuy
VANTAGE MEDTECH,Contract Research (Pre-Clinical),Ks - Lenexa,MEDICAL DEVICE DESIGN & DEVELOPMENT,,,,,https://vantagemedtech.com/,BioPharmGuy
ALTASCIENCES,Contract Research (Pre-Clinical),Ks - Overland Park,CONTRACT RESEARCH,,,,,https://www.altasciences.com/,BioPharmGuy
ATTENTIVE SCIENCE,Contract Research (Pre-Clinical),Ks - Stilwell,"PK, DOSING, FORMULATION, TOXICOLOGY",,,,,https://www.attentivescience.com/,BioPharmGuy
BIOTEST4U,Contract Research (Pre-Clinical),Ky - Covington,NON-GLP PRECLINICAL TESTING OF POTENTIAL ANTI-CANCER DRUGS IN BASIC AND MORE ADVANCED TUMOR MODELS,,,,,https://biotest4u.com/,BioPharmGuy
PHARMARON,Contract Research (Pre-Clinical),Ky - Louisville,R&D SERVICES,,,,,https://www.pharmaron.com/,BioPharmGuy
CATALENT,Contract Research (Pre-Clinical),Ky - Winchester,CONTRACT MANUFACTURING,,,,,https://www.catalent.com/,BioPharmGuy
PACE,Contract Research (Pre-Clinical),La - St. Rose,"ANALYTICAL TESTING, CDMO",,,,,https://www.pacelabs.com/,BioPharmGuy
EXPERIMENTICA,Contract Research (Pre-Clinical),Lithuania - Vilnius,GLOBAL CONTRACT RESEARCH ORGANIZATION SPECIALIZED IN PRECLINICAL OCULAR MODELS AND R&D SERVICES FOR OPHTHALMIC INDICATIONS,,,,,https://experimentica.com/,BioPharmGuy
NORTHWAY BIOTECH,Contract Research (Pre-Clinical),Lithuania - Vilnius,CONTRACT RESEARCH,,,,,https://www.northwaybiotech.com/,BioPharmGuy
CAMBREX,Contract Research (Pre-Clinical),Ma - Agawam,"SMALL MOLECULES RESEARCH, DEVELOPMENT & MANUFACTURING SERVICES",,,,,https://www.cambrex.com/,BioPharmGuy
INTEGRAL BIOSYSTEMS,Contract Research (Pre-Clinical),Ma - Bedford,DRUG DELIVERY SERVICES,,,,,https://integralbiosystems.com/,BioPharmGuy
PEPTECH,Contract Research (Pre-Clinical),Ma - Bedford,CHEMISTRY SERVICES,,,,,https://www.peptechcorp.com/,BioPharmGuy
ELUCIDA RESEARCH,Contract Research (Pre-Clinical),Ma - Beverly,CONSULTING,,,,,https://www.elucidaresearch.com/,BioPharmGuy
SPECTRUS,Contract Research (Pre-Clinical),Ma - Beverly,"END-TO-END MASS SPEC CRO WITH PROJECT CONSULTING, METHOD DESIGN, SAMPLE PROCESSING AND DATA ANALYSIS",,,,,https://spectruscorp.com/,BioPharmGuy
BEANTOWN BIOTECH,Contract Research (Pre-Clinical),Ma - Billerica,"CONTRACT RESEARCH SERVICES. MOLECULAR BIOLOGY, CELL BIOLOGY, BIOCHEMISTRY",,,,,https://www.beantownbiotech.com/,BioPharmGuy
MOMENTUM BIOTECHNOLOGIES,Contract Research (Pre-Clinical),Ma - Billerica,MASS SPEC CRO,,,,,https://momentum.bio/,BioPharmGuy
NEOSOME LIFE SCIENCES,Contract Research (Pre-Clinical),Ma - Billerica,CONTRACT RESEARCH,,,,,https://www.neosomels.com/,BioPharmGuy
NEUROVASC PRECLINICAL SERVICES,Contract Research (Pre-Clinical),Ma - Billerica,PRECLINICAL ANIMAL MODELS & CONTRACT RESEARCH,,,,,http://www.neurovascps.com/,BioPharmGuy
BIOAGILYTIX,Contract Research (Pre-Clinical),Ma - Boston,"BIOANALYTICAL SERVICES, IMMUNOASSAYS, CELL-BASED ASSAYS",,,,,https://www.bioagilytix.com/,BioPharmGuy
FORTIS LIFE SCIENCES,Contract Research (Pre-Clinical),Ma - Boston,"REAGENTS, ANTIBODIES, ENZYMES  AND LATERAL FLOW ASSAY COMPONENTS, PLUS CDMO, CONTRACT R&D SERVICES",,,,,https://www.fortislife.com/,BioPharmGuy
REVVITY,Contract Research (Pre-Clinical),Ma - Boston,"DIAGNOSTICS, SERVICES",,,,,https://www.revvity.com/,BioPharmGuy
VIRTUAL DISCOVERY,Contract Research (Pre-Clinical),Ma - Boston,CUSTOM DISCOVERY SERVICES,,,,,https://www.virtualdiscovery.net/,BioPharmGuy
CHEMVEDA LIFE SCIENCES,Contract Research (Pre-Clinical),Ma - Bridgewater,DRUG DISCOVERY & DEVELOPMENT SERVICES,,,,,https://chemvedals.com/,BioPharmGuy
PCI PHARMA SERVICES,Contract Research (Pre-Clinical),Ma - Bridgewater,"CONTRACT MANUFACTURING, SERVICES",,,,,https://pci.com/,BioPharmGuy
PROTAGENE,Contract Research (Pre-Clinical),Ma - Burlington,"ADVANCED, INTEGRATED, AND COMPLETE ANALYTICAL SOLUTIONS AND EXPERT CONSULTATION.",,,,,https://www.protagene.com/,BioPharmGuy
ACROBIOSYSTEMS,Contract Research (Pre-Clinical),Ma - Cambridge,"PROTEINS, ANTIBODIES, KITS, GMP-GRADE REAGENTS, AND CUSTOM SERVICES",,,,,https://acrobiosystems.com.cn/,BioPharmGuy
AITIA,Contract Research (Pre-Clinical),Ma - Cambridge,ANALYTICS,,,,,https://www.aitia.com/,BioPharmGuy
BGI,Contract Research (Pre-Clinical),Ma - Cambridge,SEQUENCING & BIOINFORMATICS SERVICES,,,,,https://www.bgi.com/us/,BioPharmGuy
BRC BIOTECHNOLOGY,Contract Research (Pre-Clinical),Ma - Cambridge,"MOLECULAR TESTING, CELL BANKS, VIROLOGY, ANIMAL MODELS",,,,,https://www.brcbiotech.com/,BioPharmGuy
CONCERTAI,Contract Research (Pre-Clinical),Ma - Cambridge,ONCOLOGY CONTRACT RESEARCH,,,,,https://www.concertai.com/,BioPharmGuy
FRACTAL THERAPEUTICS,Contract Research (Pre-Clinical),Ma - Cambridge,SMALL MOLECULE RESEARCH,,,,,https://www.fractaltx.com/,BioPharmGuy
FUJIFILM PHARMA,Contract Research (Pre-Clinical),Ma - Cambridge,"INHIBITORS, LNP/LIPOSOME SERVICES",,,,,https://www.fujifilmpharma.com/,BioPharmGuy
PARAZA PHARMA,Contract Research (Pre-Clinical),Ma - Cambridge,"COLLABORATION-BASED RESEARCH MODEL WITH IN-HOUSE CHEMISTRY, BIOLOGY AND DMPK (INCLUDES PROTEOMICS AND SMALL MOLECULE BIOMARKER ANALYSIS) EXPERTISE",,,,,https://parazapharma.com/,BioPharmGuy
REVIVBIO,Contract Research (Pre-Clinical),Ma - Cambridge,BIOINFORMATIC PROTEIN DESIGN,,,,,https://revivbio.com/,BioPharmGuy
STEMCELLERANT,Contract Research (Pre-Clinical),Ma - Cambridge,"STEM CELL CONTRACT RESEARCH & SERVICES, STEM CELL THERAPY",,,,,https://www.stemcellerant.com/,BioPharmGuy
SYGNATURE DISCOVERY,Contract Research (Pre-Clinical),Ma - Cambridge,DRUG DISCOVERY CONTRACT RESEARCH,,,,,https://www.sygnaturediscovery.com/,BioPharmGuy
CROZET BIOPHARMA,Contract Research (Pre-Clinical),Ma - Devens,CONTRACT RESEARCH,,,,,https://www.crozetbiopharma.com/,BioPharmGuy
SEQENS,Contract Research (Pre-Clinical),Ma - Devens,CONTRACT PHARMACEUTICALS,,,,,https://www.seqens.com/,BioPharmGuy
REVVITY,Contract Research (Pre-Clinical),Ma - Hopkinton,"DIAGNOSTICS, SERVICES",,,,,https://www.revvity.com/,BioPharmGuy
HOOKE LABORATORIES,Contract Research (Pre-Clinical),Ma - Lawrence,TISSUES AND RELATED LAB PRODUCTS,,,,,https://hookelabs.com/,BioPharmGuy
RUBIX LIFE SCIENCES,Contract Research (Pre-Clinical),Ma - Lawrence,CONTRACT RESEARCH & SERVICES,,,,,https://www.rubixls.com/,BioPharmGuy
GENEZEN,Contract Research (Pre-Clinical),Ma - Lexington,"LENTIVIRAL & RETROVIRAL VECTOR SPECIALIST, GENEZEN, OFFERS EARLY PROCESS DEVELOPMENT, GMP VECTOR PRODUCTION, ANALYTICAL TESTING & ASSAY DEVELOPMENT.",,,,,https://www.genezen.com/,BioPharmGuy
LONZA,Contract Research (Pre-Clinical),Ma - Lexington,"CONTRACT MANUFACTURING, DEVELOPMENT; LAB SYSTEMS, RESEARCH PRODUCTS",,,,,https://www.lonza.com/,BioPharmGuy
MEDCHEM PARTNERS,Contract Research (Pre-Clinical),Ma - Lexington,CONTRACT RESEARCH,,,,,https://medchempartners.com/,BioPharmGuy
MEADOWHAWK BIOLABS,Contract Research (Pre-Clinical),Ma - Marlborough,SMALL & LARGE MOLECULE CRO,,,,,https://www.meadowhawkbiolabs.com/,BioPharmGuy
PHARMA MODELS,Contract Research (Pre-Clinical),Ma - Marlborough,PRECLINICAL CRO,,,,,https://www.pharmamodels.net/,BioPharmGuy
PEPTIFINDER BIOTECH,Contract Research (Pre-Clinical),Ma - Natick,MRNA DISPLAY,,,,,https://peptifinder.com/,BioPharmGuy
SBH SCIENCES,Contract Research (Pre-Clinical),Ma - Natick,"A PRE-CLINICAL CRO SPECIALIZING IN PROTEIN PRODUCTION, CELL-BASED ASSAYS, AND BIO-MARKER ANALYSIS.",,,,,https://sbhsciences.com/,BioPharmGuy
UFP TECHNOLOGIES,Contract Research (Pre-Clinical),Ma - Newburyport,DEVICE DESIGN & PACKAGING,,,,,https://ufpt.com/,BioPharmGuy
BIOGNOSYS,Contract Research (Pre-Clinical),Ma - Newton,"PROTEIN QUANTIFICATION TECHNOLOGY, CONTRACT PROTEIN ANALYSIS",,,,,https://biognosys.com/,BioPharmGuy
CHARLES RIVER LABORATORIES,Contract Research (Pre-Clinical),Ma - Shrewsbury,RESEARCH ANIMAL MODELS AND PRECLINICAL RESEARCH,,,,,https://www.criver.com/,BioPharmGuy
BOSTON INSTITUTE OF BIOTECHNOLOGY,Contract Research (Pre-Clinical),Ma - Southborough,CONTRACT RESEARCH & DEVELOPMENT,,,,,https://bostonbib.com/,BioPharmGuy
UNICUS PHARMACEUTICALS,Contract Research (Pre-Clinical),Ma - Taunton,"CONTRACT R&D SERVICES; TOPICAL AND ORAL SEMISOLIDS, SOLUTIONS & SUSPENSIONS; DRUG DELIVERY",,,,,https://www.unicuspharma.com/,BioPharmGuy
NORTHEAST BIOMEDICAL,Contract Research (Pre-Clinical),Ma - Tyngsborough,MEDICAL DEVICE DEVELOPMENT,,,,,https://northeastbiomed.com/,BioPharmGuy
ZEA BIOSCIENCES,Contract Research (Pre-Clinical),Ma - Walpole,BIOLOGIC PRODUCTION,,,,,https://www.zeabio.com/,BioPharmGuy
ALLOY THERAPEUTICS,Contract Research (Pre-Clinical),Ma - Waltham,ANTIBODY DISCOVERY PLATFORM & SERVICES,,,,,https://alloytx.com/,BioPharmGuy
BIOMODELS,Contract Research (Pre-Clinical),Ma - Waltham,CONTRACT PRECLINICAL WORK,,,,,https://biomodels.com/,BioPharmGuy
ELEVATEBIO,Contract Research (Pre-Clinical),Ma - Waltham,"CELL & GENE THERAPY CDMO, INCUBATOR",,,,,https://elevate.bio/,BioPharmGuy
NORTHWAY BIOTECH,Contract Research (Pre-Clinical),Ma - Waltham,CONTRACT RESEARCH,,,,,https://www.northwaybiotech.com/,BioPharmGuy
REVVITY,Contract Research (Pre-Clinical),Ma - Waltham,"DIAGNOSTICS, SERVICES",,,,,https://www.revvity.com/,BioPharmGuy
LANDMARK BIO,Contract Research (Pre-Clinical),Ma - Watertown,ADVANCED THERAPY CDMO,,,,,https://landmarkbio.com/,BioPharmGuy
CHARLES RIVER LABORATORIES,Contract Research (Pre-Clinical),Ma - Wilmington,RESEARCH ANIMAL MODELS AND PRECLINICAL RESEARCH,,,,,https://www.criver.com/,BioPharmGuy
CURIRX,Contract Research (Pre-Clinical),Ma - Wilmington,"CRO OFFERING DEVELOPMENT SERVICES FOR UPSTREAM AND DOWNSTREAM BIOPROCESS, FORMULATION, LYOPHILIZATION, ANALYTICAL DEVELOPMENT, ANALYTICAL TESTING SERVICES",,,,,https://curirx.com/,BioPharmGuy
GENER8,Contract Research (Pre-Clinical),Ma - Wilmington,"MEDICAL DEVICES PROTOTYPING, ENGINEERING & DESIGN; BIOTECH CONSUMABLES",,,,,https://www.gener8.net/,BioPharmGuy
ABERJONA LABORATORIES,Contract Research (Pre-Clinical),Ma - Woburn,CONTRACT MEDICINAL CHEMISTRY,,,,,http://www.aberjonalabs.com,BioPharmGuy
ASYMCHEM,Contract Research (Pre-Clinical),Ma - Woburn,CDMO PROVIDING FULLY INTEGRATED SOLUTIONS IN SMALL MOLECULE DRUG DEVELOPMENT & PRODUCTION FROM CLINICAL STAGE TO COMMERCIALIZATION,,,,,https://www.asymchem.com/,BioPharmGuy
BATAVIA BIOSCIENCES,Contract Research (Pre-Clinical),Ma - Woburn,EARLY STAGE PRODUCT DEVELOPMENT SERVICES,,,,,https://bataviabiosciences.com/,BioPharmGuy
CREAGEN,Contract Research (Pre-Clinical),Ma - Woburn,DRUG DISCOVERY SERVICES,,,,,http://www.creagenbio.com,BioPharmGuy
KYINNO BIOTECHNOLOGY,Contract Research (Pre-Clinical),Ma - Woburn,"CRO SPECIALIZING IN TAILORED SERVICES SUCH AS IN VITRO AND IN VIVO PHARMACOLOGY, CELL LINE ENGINEERING, AND THERAPEUTIC TARGET IDENTIFICATION",,,,,https://www.kyinno.com/,BioPharmGuy
NOVATEINBIO,Contract Research (Pre-Clinical),Ma - Woburn,"PROTEINS AND ANTIBODIES, ASSAY KITS, CONTRACT RESEARCH",,,,,https://novateinbio.com/,BioPharmGuy
ORGANIX,Contract Research (Pre-Clinical),Ma - Woburn,CONTRACT RESEARCH & DEVELOPMENT,,,,,https://organixinc.com/,BioPharmGuy
OROGEN THERAPEUTICS,Contract Research (Pre-Clinical),Ma - Woburn,SMALL MOLECULE MACHINE-ASSISTED MOLECULAR INNOVATION,,,,,https://orogentx.com/,BioPharmGuy
ABBVIE,Contract Research (Pre-Clinical),Ma - Worcester,"BIOLOGICS, CONTRACT MANUFACTURING",,,,,https://www.abbviecontractmfg.com/,BioPharmGuy
ADVIRNA,Contract Research (Pre-Clinical),Ma - Worcester,"THERAPEUTIC OLIGONUCLEOTIDE DESIGN, SCREENING, BIODISTRIBUTION STUDIES, AND CUSTOM ASSAY DEVELOPMENT",,,,,https://advirna.com/,BioPharmGuy
BIOMERE,Contract Research (Pre-Clinical),Ma - Worcester,"CONTRACT RESEARCH, DEVELOPMENT, MANUFACTURING",,,,,https://biomere.com/,BioPharmGuy
CONIGEN BIOSCIENCES,Contract Research (Pre-Clinical),Ma - Worcester,PROTEIN DESIGN PLATFORM,,,,,https://www.conigen.com/,BioPharmGuy
PRANA BIOSCIENCES,Contract Research (Pre-Clinical),Ma - Worcester,BIOLOGICS PLATFORM,,,,,https://pranabiosciences.com/,BioPharmGuy
SAUVEBIO,Contract Research (Pre-Clinical),Ma - Worcester,FLOW CYTOMETRY SERVICES,,,,,https://sauvebio.com/,BioPharmGuy
NEOPEUTICS,Contract Research (Pre-Clinical),Malaysia - Penang,DRUG DISCOVERY CONTRACT RESEARCH,,,,,http://www.neopeutics.com/,BioPharmGuy
CDI LABORATORIES,Contract Research (Pre-Clinical),Md - Baltimore,LAB SERVICES,,,,,https://www.cdilabs.com/,BioPharmGuy
INFINITY BIO,Contract Research (Pre-Clinical),Md - Baltimore,REACTOME SERVICES,,,,,https://www.infinitybio.com/,BioPharmGuy
PHARMARON,Contract Research (Pre-Clinical),Md - Baltimore,"CONTRACT LAB RESEARCH, CLINICAL RESEARCH",,,,,https://www.pharmaron.com/,BioPharmGuy
CHARLES RIVER LABORATORIES,Contract Research (Pre-Clinical),Md - Frederick,RESEARCH ANIMAL MODELS AND PRECLINICAL RESEARCH,,,,,https://www.criver.com/,BioPharmGuy
IMQUEST BIOSCIENCES,Contract Research (Pre-Clinical),Md - Frederick,PRECLINICAL CONTRACT RESEARCH & DEVELOPMENT,,,,,https://imquestbio.com/,BioPharmGuy
KEMP PROTEINS,Contract Research (Pre-Clinical),Md - Frederick,MAMMALIAN & INSECT CULTURE SERVICES,,,,,https://kempproteins.com/,BioPharmGuy
MEDIGEN,Contract Research (Pre-Clinical),Md - Frederick,"CANCER & INFECTIOUS DISEASE VACCINES, CONTRACT SERVICES",,,,,https://medigen-usa.com/,BioPharmGuy
TEXCELL,Contract Research (Pre-Clinical),Md - Frederick,CONTRACT RESEARCH,,,,,https://texcell.com/,BioPharmGuy
VALOGIC BIO,Contract Research (Pre-Clinical),Md - Frederick,GXP COMPLIANCE SOLUTIONS FOR LIFE SCIENCES AND BIOTECH COMPANIES,,,,,https://valogicbio.com/,BioPharmGuy
ANILOCUS,Contract Research (Pre-Clinical),Md - Germantown,PRECLINICAL CRO,,,,,https://anilocus.com/,BioPharmGuy
CHARLES RIVER LABORATORIES,Contract Research (Pre-Clinical),Md - Germantown,RESEARCH ANIMAL MODELS AND PRECLINICAL RESEARCH,,,,,https://www.criver.com/,BioPharmGuy
CMBIO,Contract Research (Pre-Clinical),Md - Germantown,"OMICS, BIOINFORMATICS, SOFTWARE PLATFORMS",,,,,https://cmbio.io/,BioPharmGuy
PHARMARON,Contract Research (Pre-Clinical),Md - Germantown,BIOANALYTICAL SERVICES,,,,,https://www.pharmaron.com/,BioPharmGuy
PHARMACEUTICS INTERNATIONAL,Contract Research (Pre-Clinical),Md - Hunt Valley,CONTRACT DEVELOPMENT & MANUFACTURING,,,,,https://www.pharm-int.com/,BioPharmGuy
ASSAYGATE,Contract Research (Pre-Clinical),Md - Ijamsville,"CONTRACT IMMUNOASSAYS, BIOMARKER TESTING",,,,,https://www.assaygate.com/,BioPharmGuy
ADVANCED BIOSCIENCE LABS,Contract Research (Pre-Clinical),Md - Rockville,CONTRACT RESEARCH & MANUFACTURING,,,,,https://ablinc.com/,BioPharmGuy
BIOARK TECHNOLOGIES,Contract Research (Pre-Clinical),Md - Rockville,CRO SPECIALIZING IN GENE EDITING AND DELIVERY,,,,,https://www.bioarktech.com/,BioPharmGuy
BIOINNOVATISE,Contract Research (Pre-Clinical),Md - Rockville,"QUICK TURNAROUND PLASMID DNA SERVICES (CLONING, MUTAGENESIS, PLASMID PREP), VIRAL VECTOR PACKAGING (AAV, ADENOVIRUS, LENTIVIRUS, RETROVIRUS), AND CRISPR-CAS9 SERVICES",,,,,https://bioinnovatise.com/,BioPharmGuy
IBT BIOSERVICES,Contract Research (Pre-Clinical),Md - Rockville,"REAGENTS FOR VIRAL, BACTERIAL RESEARCH, ANTIBODY PRODUCTION",,,,,https://ibtbioservices.com/,BioPharmGuy
LONZA,Contract Research (Pre-Clinical),Md - Walkersville,"CONTRACT MANUFACTURING, REAGENTS, STEM CELLS, SERVICES",,,,,https://www.lonza.com/,BioPharmGuy
NOBLE LIFE SCIENCES,Contract Research (Pre-Clinical),Md - Woodbine,"PRECLINICAL CRO, DRUG, VACCINE & DEVICES, GLP AND NON-GLP, SMALL & LARGE ANIMALS, FDA, OLAW, AAALAC",,,,,https://noblelifesci.com/,BioPharmGuy
INSPHERO,Contract Research (Pre-Clinical),Me - Brunswick,3D-CELL-BASED ASSAY SOLUTIONS AND SCAFFOLD-FREE 3D ORGAN-ON-A-CHIP TECHNOLOGY,,,,,https://insphero.com/,BioPharmGuy
BBI SOLUTIONS,Contract Research (Pre-Clinical),Me - Portland,"ANTIBODIES, SERA, ENZYMES, CONTRACT WORK, ETC.",,,,,https://bbisolutions.com/,BioPharmGuy
LONZA,Contract Research (Pre-Clinical),Me - Rockland,"CONTRACT MANUFACTURING, PRIMARILY BIOLOGICS BUT ALSO OTHERS",,,,,https://www.lonza.com/,BioPharmGuy
AAPHARMASYN,Contract Research (Pre-Clinical),Mi - Ann Arbor,CONTRACT CHEMISTRY,,,,,https://aapharmasyn.com/,BioPharmGuy
ANCHORBIO SOLUTIONS,Contract Research (Pre-Clinical),Mi - Ann Arbor,BIOLOGY-FOCUSED PRECLINICAL CONTRACT SERVICES FOR DRUG DISCOVERY AND DIAGNOSTICS R&D,,,,,https://www.anchorbiosolutions.com/,BioPharmGuy
MS BIOWORKS,Contract Research (Pre-Clinical),Mi - Ann Arbor,PROTEIN MASS SPECTROMETRY CONTRACT RESEARCH,,,,,https://www.msbioworks.com/,BioPharmGuy
FERNDALE PHARMA GROUP,Contract Research (Pre-Clinical),Mi - Ferndale,"SMALL MOLECULES, CONTRACT MANUFACTURING",,,,,https://ferndalepharmagroup.com/,BioPharmGuy
GENEMARKERS LLC,Contract Research (Pre-Clinical),Mi - Kalamazoo,"CLINICAL TESTING, GENOMIC SERVICES",,,,,https://genemarkersllc.com/,BioPharmGuy
PROTEOS,Contract Research (Pre-Clinical),Mi - Kalamazoo,"RECOMBINANT PROTEIN PRODUCTION, PURIFICATION, AND ANALYSIS SERVICES",,,,,https://www.proteos.com/,BioPharmGuy
IMPACT ANALYTICAL,Contract Research (Pre-Clinical),Mi - Midland,CONTRACT TESTING LABORATORY. COMPREHENSIVE ANALYTICAL SERVICES,,,,,https://www.impactanalytical.com/,BioPharmGuy
NORTHERN BIO,Contract Research (Pre-Clinical),Mi - Muskegon,"CRO THAT SPECIALIZES IN TARGETED DRUG DELIVERY, MOLECULAR BIOLOGY, AND BIOANALYSIS",,,,,https://northernbiolab.com/,BioPharmGuy
PHARMOPTIMA,Contract Research (Pre-Clinical),Mi - Portage,"ADME, PK, DMPK, ASSAY DEV., PHARMACOLOGY, PROTEIN CLONING & EXPRESSION, CELL-BASED ASSAYS, BIOMARKERS, AND OCULAR DRUG DISCOVERY MODELS",,,,,https://www.pharmoptima.com/,BioPharmGuy
INNOVATIVE MASS SPECTROMETRY,Contract Research (Pre-Clinical),Mi - Quincy,MASS SPECTROMETRY CRO,,,,,https://www.innovativemassspec.com/,BioPharmGuy
ELBA LABORATORIES,Contract Research (Pre-Clinical),Mi - Troy,CONTRACT FORMULATION,,,,,https://elba-labs.com/,BioPharmGuy
CIRTEC MEDICAL,Contract Research (Pre-Clinical),Mn - Brooklyn Park,CONTRACT MEDICAL DEVICES,,,,,https://www.cirtecmed.com/,BioPharmGuy
LONZA,Contract Research (Pre-Clinical),Mn - Cohasset,"CONTRACT MANUFACTURING, REAGENTS, STEM CELLS, SERVICES",,,,,https://www.lonza.com/,BioPharmGuy
CELL CULTURE COMPANY,Contract Research (Pre-Clinical),Mn - Minneapolis,"MAMMALIAN AND INSECT CELL LINE SERVICES: CUSTOM EXPANSION, BANKING, PROCESSING, PROTEIN PRODUCTION, CELL LINE DEVELOPMENT",,,,,https://cellculturecompany.com/,BioPharmGuy
KORONIS BIOMEDICAL TECHNOLOGIES,Contract Research (Pre-Clinical),Mn - Minneapolis,CONTRACT MEDICAL DEVICE DEVELOPMENT,,,,,http://www.koronisbiotech.com/,BioPharmGuy
NAMSA,Contract Research (Pre-Clinical),Mn - Minneapolis,MEDICAL RESEARCH ORGANIZATION - MEDICAL DEVICES,,,,,https://namsa.com/,BioPharmGuy
PACE,Contract Research (Pre-Clinical),Mn - Minneapolis,"ANALYTICAL TESTING, CDMO",,,,,https://www.pacelabs.com/,BioPharmGuy
NANOCOPOEIA,Contract Research (Pre-Clinical),Mn - New Brighton,MACRO-PARTICLES FOR ORAL-SOLID DRUG DEVELOPMENT,,,,,https://nanocopoeia.com/,BioPharmGuy
OCCHEM LABS,Contract Research (Pre-Clinical),Mn - Oakdale,NON-CLINICAL CUSTOM SYNTHESIS,,,,,https://www.occhem.com/,BioPharmGuy
PACE,Contract Research (Pre-Clinical),Mn - Oakdale,"ANALYTICAL TESTING, CDMO",,,,,https://www.pacelabs.com/,BioPharmGuy
PROMED PHARMA,Contract Research (Pre-Clinical),Mn - Plymouth,CONTRACT MANUFACTURING OF MOLDED DOSAGE FORMS AND COMBINATION PRODUCTS,,,,,https://promedmolding.com/,BioPharmGuy
DATA SCIENCES INTERNATIONAL,Contract Research (Pre-Clinical),Mn - St. Paul,"ANIMAL MONITORING, SERVICES",,,,,https://www.datasci.com/,BioPharmGuy
KINDEVA DRUG DELIVERY,Contract Research (Pre-Clinical),Mn - St. Paul,DRUG DELIVERY CDMO,,,,,https://www.kindevadd.com/,BioPharmGuy
SYNTIV,Contract Research (Pre-Clinical),Mn - St. Paul,SYNTHETIC IMMUNOLOGY AND VIROLOGY,,,,,https://www.syntiv.tech/,BioPharmGuy
KINDEVA DRUG DELIVERY,Contract Research (Pre-Clinical),Mn - Woodbury,DRUG DELIVERY CDMO,,,,,https://www.kindevadd.com/,BioPharmGuy
ALTASCIENCES,Contract Research (Pre-Clinical),Mo - Auxvasse,CONTRACT RESEARCH,,,,,https://www.altasciences.com/,BioPharmGuy
INOVATIA LABORATORIES,Contract Research (Pre-Clinical),Mo - Fayette,CONTRACT CHEMISTRY,,,,,https://www.inovatia.com/,BioPharmGuy
CATALENT,Contract Research (Pre-Clinical),Mo - Kansas City,CATALENT PHARMA SOLUTIONS – BIOANALYTICS IS A GLOBAL CDMO PROVIDING GMP ANALYTICAL SOLUTIONS ACROSS ALL MODALITIES FROM DISCOVERY THROUGH COMMERCIAL ACTIVITIES FOR BIOLOGICS.,,,,,https://www.catalent.com/,BioPharmGuy
WOJTEK MECHANICAL DESIGN ENGINEERING & MACHINE,Contract Research (Pre-Clinical),Mo - Oerman,"MEDICAL & BIOMEDICAL, R&D, AUTOMATING PROCESSES WITH THE NEWEST TECHNOLOGY, AND TOOLING DESIGN.",,,,,https://www.wojtek.solutions/,BioPharmGuy
ALCAMI,Contract Research (Pre-Clinical),Mo - St. Louis,SMALL MOLECULE & BIOLOGICS ANALYTICAL & FORMULATION DEVELOPMENT,,,,,https://www.alcaminow.com,BioPharmGuy
CONFLUENCE DISCOVERY TECHNOLOGIES,Contract Research (Pre-Clinical),Mo - St. Louis,DRUG DISCOVERY CRO,,,,,https://www.confluencediscovery.com/,BioPharmGuy
INOTIV,Contract Research (Pre-Clinical),Mo - St. Louis,"CONTRACT LAB SERVICES, SCIENTIFIC INSTRUMENTS",,,,,https://www.inotiv.com/,BioPharmGuy
MOGENE,Contract Research (Pre-Clinical),Mo - St. Louis,GENOMIC SERVICES,,,,,https://mogene.com/,BioPharmGuy
SUMMIT TOXICOLOGY,Contract Research (Pre-Clinical),Mt - Bozeman,"TOXICOLOGY, RISK ASSESSMENT AND PHARMACEUTICAL CONSULTING FIRM",,,,,http://www.summittoxicology.com/,BioPharmGuy
PACE,Contract Research (Pre-Clinical),Nc - Asheville,"ANALYTICAL TESTING, CDMO",,,,,https://www.pacelabs.com/,BioPharmGuy
RAYBOW USA,Contract Research (Pre-Clinical),Nc - Brevard,FULLY INTEGRATED SOLUTIONS IN SMALL MOLECULE AND PEPTIDE API DRUG DEVELOPMENT & PRODUCTION FROM CLINICAL STAGE TO COMMERCIALIZATION,,,,,https://raybow.com/,BioPharmGuy
ALLUCENT,Contract Research (Pre-Clinical),Nc - Cary,CLINICAL RESEARCH SOLUTIONS PARTNERING WITH SMALL & MID-SIZED BIOTECHS TO DELIVER NOVEL THERAPIES TO PATIENTS WITH UNMET NEEDS.,,,,,https://www.allucent.com/,BioPharmGuy
AVIOR BIO,Contract Research (Pre-Clinical),Nc - Cary,BUCCAL DELIVERY VIA FILM,,,,,https://aviorbio.com/,BioPharmGuy
METALYTICS,Contract Research (Pre-Clinical),Nc - Cary,DIGITAL TWINS FOR CELL CULTURE OPERATIONS,,,,,https://www.metalyticsbio.com/,BioPharmGuy
PHARMADIRECTIONS,Contract Research (Pre-Clinical),Nc - Cary,VIRTUAL DRUG DEVELOPMENT,,,,,https://pharmadirections.com/,BioPharmGuy
STERLING PHARMA SOLUTIONS,Contract Research (Pre-Clinical),Nc - Cary,CONTRACT DEVELOPMENT & MANUFACTURING - APIS,,,,,https://www.sterlingpharmasolutions.com/,BioPharmGuy
ALCAMI,Contract Research (Pre-Clinical),Nc - Durham,SMALL MOLECULE & BIOLOGICS ANALYTICAL & FORMULATION DEVELOPMENT,,,,,https://www.alcaminow.com,BioPharmGuy
ALERA LABS,Contract Research (Pre-Clinical),Nc - Durham,CONTRACT RESEARCH & SERVICES,,,,,https://aleralabs.com/,BioPharmGuy
ALMAC,Contract Research (Pre-Clinical),Nc - Durham,PHARMACEUTICAL SERVICES,,,,,https://www.almacgroup.com/,BioPharmGuy
AVIOQ,Contract Research (Pre-Clinical),Nc - Durham,HIV DIAGNOSTICS,,,,,https://avioq.com/,BioPharmGuy
BIOAGILYTIX,Contract Research (Pre-Clinical),Nc - Durham,"BIOANALYTICAL SERVICES, IMMUNOASSAYS, CELL-BASED ASSAYS",,,,,https://www.bioagilytix.com/,BioPharmGuy
CAMBREX,Contract Research (Pre-Clinical),Nc - Durham,"SMALL MOLECULES RESEARCH, DEVELOPMENT & MANUFACTURING SERVICES",,,,,https://www.cambrex.com/,BioPharmGuy
GILERO,Contract Research (Pre-Clinical),Nc - Durham,"MEDICAL DEVICE DESIGN & DEVELOPMENT, DRUG DELIVERY SYSTEMS DESIGN & DEVELOPMENT, 510K FDA, TESTING, CONTRACT MANUFACTURING",,,,,https://www.gilero.com/,BioPharmGuy
KBI BIOPHARMA,Contract Research (Pre-Clinical),Nc - Durham,CONTRACT DEVELOPMENT & MANUFACTURING,,,,,https://www.kbibiopharma.com,BioPharmGuy
MEDPHARM,Contract Research (Pre-Clinical),Nc - Durham,MEDPHARM IS THE WORLD’S LEADING CONTRACT PROVIDER OF TOPICAL AND TRANSDERMAL PRODUCT DESIGN AND FORMULATION DEVELOPMENT SERVICES,,,,,https://www.medpharm.com/,BioPharmGuy
OMNIAB,Contract Research (Pre-Clinical),Nc - Durham,ANTIBODY REPERTOIRES AND HIGH-THROUGHPUT SCREENING TECHNOLOGIES,,,,,https://www.omniab.com/,BioPharmGuy
PATHEON,Contract Research (Pre-Clinical),Nc - Durham,CONTRACT MANUFACTURING AND DEVELOPMENT,,,,,https://www.patheon.com/us/en/home.html,BioPharmGuy
POWERED RESEARCH,Contract Research (Pre-Clinical),Nc - Durham,PRECLINICAL CRO,,,,,https://www.poweredresearch.com/,BioPharmGuy
SMABIO LABS,Contract Research (Pre-Clinical),Nc - Durham,CONTRACT RESEARCH ORGANIZATION SPECIALIZING IN CHEMISTRY MANUFACTURING AND CONTROL,,,,,https://www.smabiolabs.com/,BioPharmGuy
SYNCHRONY LABS,Contract Research (Pre-Clinical),Nc - Durham,"GLP PRECLINICAL RESEARCH, TAILORED FOR MEDICAL DEVICE & PHARMACEUTICAL",,,,,https://www.synchronylabs.com/,BioPharmGuy
DRUMETIX LABS,Contract Research (Pre-Clinical),Nc - Greensboro,IN VIVO AND IN VITRO DMPK SERVICES AND BIOANALYTICAL SUPPORT,,,,,https://www.drumetix.com/php/home.php,BioPharmGuy
SCOUT SCIENTIFIC,Contract Research (Pre-Clinical),Nc - Greenville,"HPLC METHOD DEVELOPMENT AND OPTIMIZATION, EARLY PRODUCT DEVELOPMENT, FEASIBILITY STUDIES",,,,,https://scoutscientific.com/,BioPharmGuy
CAMBREX,Contract Research (Pre-Clinical),Nc - High Point,"SMALL MOLECULES RESEARCH, DEVELOPMENT & MANUFACTURING SERVICES",,,,,https://www.cambrex.com/,BioPharmGuy
PATHEON,Contract Research (Pre-Clinical),Nc - High Point,CONTRACT MANUFACTURING AND DEVELOPMENT,,,,,https://www.patheon.com/us/en/home.html,BioPharmGuy
BIOCYTICS,Contract Research (Pre-Clinical),Nc - Huntersville,CONTRACT CELLULAR SERVICES,,,,,https://biocytics.com/,BioPharmGuy
PACE,Contract Research (Pre-Clinical),Nc - Huntersville,"ANALYTICAL TESTING, CDMO",,,,,https://www.pacelabs.com/,BioPharmGuy
EREMID GENOMIC SERVICES,Contract Research (Pre-Clinical),Nc - Kannapolis,GENOMICS & BIOINFORMATICS SERVICES,,,,,https://eremid.com/,BioPharmGuy
ALCAMI,Contract Research (Pre-Clinical),Nc - Morrisville,SMALL MOLECULE & BIOLOGICS ANALYTICAL & FORMULATION DEVELOPMENT,,,,,https://www.alcaminow.com,BioPharmGuy
ASYMCHEM,Contract Research (Pre-Clinical),Nc - Morrisville,CDMO PROVIDING FULLY INTEGRATED SOLUTIONS IN SMALL MOLECULE DRUG DEVELOPMENT & PRODUCTION FROM CLINICAL STAGE TO COMMERCIALIZATION,,,,,https://www.asymchem.com/,BioPharmGuy
BA SCIENCES,Contract Research (Pre-Clinical),Nc - Morrisville,ANALYTICAL SERVICES,,,,,https://www.basciences.com/,BioPharmGuy
BRT LABS,Contract Research (Pre-Clinical),Nc - Morrisville,IMMUNOTOXICOLOGY SERVICES,,,,,https://brt-labs.com/,BioPharmGuy
CAROLINA MOLECULAR,Contract Research (Pre-Clinical),Nc - Morrisville,MOLECULAR TESTING SERVICES,,,,,https://carolinamolecular.com/,BioPharmGuy
CATALENT,Contract Research (Pre-Clinical),Nc - Morrisville,"ANALYTICAL SERVICES, INHALATION PRODUCT DEVELOPMENT",,,,,https://www.catalent.com/,BioPharmGuy
CHARLES RIVER LABORATORIES,Contract Research (Pre-Clinical),Nc - Morrisville,RESEARCH ANIMAL MODELS AND PRECLINICAL RESEARCH,,,,,https://www.criver.com/,BioPharmGuy
FUJIFILM DIOSYNTH,Contract Research (Pre-Clinical),Nc - Morrisville,BIOLOGICS DEVELOPMENT & MANUFACTURING,,,,,https://fujifilmbiotechnologies.fujifilm.com/,BioPharmGuy
HELIX3,Contract Research (Pre-Clinical),Nc - Morrisville,CONTRACT RESEARCH LAB,,,,,https://www.helix3inc.com/,BioPharmGuy
PPD,Contract Research (Pre-Clinical),Nc - Morrisville,"CONTRACT R & D, CONSULTING",,,,,https://www.ppd.com/,BioPharmGuy
GILERO,Contract Research (Pre-Clinical),Nc - Pittsboro,CONTRACT MANUFACTURING OF MEDICAL DEVICE & DRUG DELIVERY SYSTEMS,,,,,https://www.gilero.com/,BioPharmGuy
CHARLES RIVER LABORATORIES,Contract Research (Pre-Clinical),Nc - Raleigh,RESEARCH ANIMAL MODELS AND PRECLINICAL RESEARCH,,,,,https://www.criver.com/,BioPharmGuy
ALCAMI,Contract Research (Pre-Clinical),Nc - Wilmington,SMALL MOLECULE & BIOLOGICS ANALYTICAL & FORMULATION DEVELOPMENT,,,,,https://www.alcaminow.com,BioPharmGuy
PORTRETT PHARMACEUTICALS,Contract Research (Pre-Clinical),Nc - Wilmington,"SMALL MOLECULE ANALYTICAL TESTING LABORATORY FOCUSING ON METHOD DEVELOPMENT, METHOD VALIDATION, ROUTINE RELEASE AND STABILITY.",,,,,https://portrett.com/,BioPharmGuy
PPD,Contract Research (Pre-Clinical),Nc - Wilmington,"CONTRACT R & D, CONSULTING",,,,,https://www.ppd.com/,BioPharmGuy
NOVEX INNOVATIONS,Contract Research (Pre-Clinical),Nc - Winston-Salem,"CONTRACT RESEARCH, CLINICAL MANUFACTURING",,,,,https://novexinnovations.com/,BioPharmGuy
ALLUCENT,Contract Research (Pre-Clinical),Netherlands - Amsterdam,CLINICAL RESEARCH SOLUTIONS PARTNERING WITH SMALL & MID-SIZED BIOTECHS TO DELIVER NOVEL THERAPIES TO PATIENTS WITH UNMET NEEDS.,,,,,https://www.allucent.com/,BioPharmGuy
DIGI.BIO,Contract Research (Pre-Clinical),Netherlands - Amsterdam,CELL ANALYSIS & TRACKING TECHNOLOGY,,,,,https://digi.bio/,BioPharmGuy
PROTHYA BIOSOLUTIONS,Contract Research (Pre-Clinical),Netherlands - Amsterdam,SERVICES AND PLASMA-DERIVED MEDICINAL PRODUCTS,,,,,https://prothya.com/,BioPharmGuy
DANNALAB,Contract Research (Pre-Clinical),Netherlands - Enschede,X-RAY CHARACTERIZATION OF PHARMACEUTICALS,,,,,https://www.dannalab.com/,BioPharmGuy
INNOCORE PHARMACEUTICALS,Contract Research (Pre-Clinical),Netherlands - Groningen,POLYMER BASED BIODEGRADABLE DRUG DELIVERY TECHNOLOGIES,,,,,https://innocorepharma.com/,BioPharmGuy
SYMERES,Contract Research (Pre-Clinical),Netherlands - Groningen,DRUG DISCOVERY CONTRACT RESEARCH,,,,,https://symeres.com/,BioPharmGuy
TRACER EUROPE,Contract Research (Pre-Clinical),Netherlands - Groningen,IMAGING CRO,,,,,https://www.tracercro.com/,BioPharmGuy
BATAVIA BIOSCIENCES,Contract Research (Pre-Clinical),Netherlands - Leiden,EARLY STAGE PRODUCT DEVELOPMENT SERVICES,,,,,https://bataviabiosciences.com/,BioPharmGuy
CHARLES RIVER LABORATORIES,Contract Research (Pre-Clinical),Netherlands - Leiden,RESEARCH ANIMAL MODELS AND PRECLINICAL RESEARCH,,,,,https://www.criver.com/,BioPharmGuy
INNOSER,Contract Research (Pre-Clinical),Netherlands - Leiden,PRECLINICAL CRO,,,,,https://www.innoserlaboratories.com/,BioPharmGuy
SYNEXA LIFE SCIENCES,Contract Research (Pre-Clinical),Netherlands - Leiden,BIOMARKER SERVICES,,,,,https://synexagroup.com/,BioPharmGuy
ZOBIO,Contract Research (Pre-Clinical),Netherlands - Leiden,CONTRACT DRUG DISCOVERY,,,,,https://zobio.com/,BioPharmGuy
AVIVIA,Contract Research (Pre-Clinical),Netherlands - Nijmegen,SMALL MOLECULE SERVICES,,,,,https://avivia.nl/,BioPharmGuy
BIOCONNECTION BV,Contract Research (Pre-Clinical),Netherlands - Oss,CONTRACT DEVELOPMENT & MANUFACTURING,,,,,https://bioconnection.eu/,BioPharmGuy
ONCOLINES,Contract Research (Pre-Clinical),Netherlands - Oss,BIOMARKER IDENTIFICATION IN CANCER CELL PROFILES,,,,,https://www.oncolines.com/,BioPharmGuy
RIBOPRO,Contract Research (Pre-Clinical),Netherlands - Oss,MRNA SERVICES,,,,,https://ribopro.eu/,BioPharmGuy
HUB ORGANOIDS,Contract Research (Pre-Clinical),Netherlands - Utrecht,"ORGANOIDS, SERVICES",,,,,https://www.huborganoids.nl/,BioPharmGuy
FUTURE DIAGNOSTICS,Contract Research (Pre-Clinical),Netherlands - Wijchen,DIAGNOSTICS CONTRACT SERVICES,,,,,https://www.future-diagnostics.com/,BioPharmGuy
PCI PHARMA SERVICES,Contract Research (Pre-Clinical),Nh - Bedford,"CONTRACT MANUFACTURING, SERVICES",,,,,https://pci.com/,BioPharmGuy
BIOAI HEALTH,Contract Research (Pre-Clinical),Nh - Manchester,AI BIOMARKER SERVICES,,,,,https://www.bioaihealth.com/,BioPharmGuy
LONZA,Contract Research (Pre-Clinical),Nh - Portsmouth,"CONTRACT MANUFACTURING, REAGENTS, STEM CELLS, SERVICES",,,,,https://www.lonza.com/,BioPharmGuy
BA SCIENCES,Contract Research (Pre-Clinical),Nh - Salem,ANALYTICAL SERVICES,,,,,https://www.basciences.com/,BioPharmGuy
CATALENT,Contract Research (Pre-Clinical),Nj - Bridgewater,ORAL DOSAGE MANUFACTURING,,,,,https://www.catalent.com/,BioPharmGuy
ACCELEDEV,Contract Research (Pre-Clinical),Nj - Cranbury,"CONTRACT RESEARCH, CDMO",,,,,https://www.acceledev.com/,BioPharmGuy
CMIC,Contract Research (Pre-Clinical),Nj - Cranbury,PHARMACEUTICAL CONTRACT WORK,,,,,https://en.cmicgroup.com/,BioPharmGuy
CRYSTAL BIO SOLUTIONS,Contract Research (Pre-Clinical),Nj - Cranbury,"BIOANALYTICAL SERVICES, BIOMARKER DISCOVERY, CMC ANALYTICAL SERVICES, AND QUANTITATIVE CLINICAL PHARMACOLOGY",,,,,https://www.crystalbiosolutions.com/,BioPharmGuy
CRYSTAL NAX,Contract Research (Pre-Clinical),Nj - Cranbury,"R&D SERVICES FOR RNA THERAPEUTICS - NUCLEIC ACID DESIGN, SYNTHESIS, AND DELIVERY USING LIPID NANOPARTICLES",,,,,https://crystalnax.com/,BioPharmGuy
CRYSTAL PHARMATECH,Contract Research (Pre-Clinical),Nj - Cranbury,CONTRACT RESEARCH - MATERIALS SCIENCE AND ENGINEERING FOR DRUG DEVELOPMENT,,,,,https://www.crystalpharmatech.com/,BioPharmGuy
EXEMPLIFY BIOPHARMA,Contract Research (Pre-Clinical),Nj - Cranbury,"CMC LABORATORY AND CONSULTING SERVICES FOR SMALL MOLECULE PROGRAMS - PROCESS, ANALYTICAL, FORMULATION DEVELOPMENT, QA, AND REG AFFAIRS",,,,,https://www.exemplifybiopharma.com/,BioPharmGuy
CAMBREX,Contract Research (Pre-Clinical),Nj - East Rutherford,"SMALL MOLECULES RESEARCH, DEVELOPMENT & MANUFACTURING SERVICES",,,,,https://www.cambrex.com/,BioPharmGuy
GLOBAL PHARMA TEK,Contract Research (Pre-Clinical),Nj - Edison,"CONTRACT RESEARCH, CLINICAL RESEARCH, CONSULTING",,,,,https://www.globalpharmatek.com/,BioPharmGuy
TCG GREENCHEM,Contract Research (Pre-Clinical),Nj - Ewing,,,,,,https://tcggreenchem.com/,BioPharmGuy
GENESIS DRUG DISCOVERY & DEVELOPMENT,Contract Research (Pre-Clinical),Nj - Hamilton,FULLY INTEGRATED FULL SERVICE CRO PROVIDING SERVICES ACROSS THE DRUG DISCOVERY & DEVELOPMENT PIPELINE.,,,,,https://www.gd3services.com/,BioPharmGuy
VENENUM BIODESIGN,Contract Research (Pre-Clinical),Nj - Hamilton,"MOLECULAR & DISCOVERY BIOLOGY, BIOCHEMISTRY, MEDICINAL AND ANALYTICAL CHEMISTRY, ASSAY DEVELOPMENT, PROTEIN ENGINEERING & PRODUCTION, ULTRA-HIGH THROUGHPUT SCREENING",,,,,https://www.venenumbiodesign.com/,BioPharmGuy
BIOINTRON,Contract Research (Pre-Clinical),Nj - Metuchen,"ANTIBODIES, CRO SPECIALIZING IN ANTIBODY DISCOVERY, EXPRESSION, AND OPTIMIZATION SERVICES FOR BIOTECH AND PHARMACEUTICAL COMPANIES",,,,,https://www.biointron.com/,BioPharmGuy
ENAMINE,Contract Research (Pre-Clinical),Nj - Monmouth Junction,MOLECULAR LIBRARY CREATION,,,,,https://enamine.net/,BioPharmGuy
KENOX PHARMACEUTICALS,Contract Research (Pre-Clinical),Nj - Monmouth Junction,AEROSOL DRUG DELIVERY,,,,,https://www.kenoxpharma.us/,BioPharmGuy
PROVID PHARMA,Contract Research (Pre-Clinical),Nj - Monmouth Junction,CONTRACT RESEARCH,,,,,https://provid.com/,BioPharmGuy
SYNBIO TECHNOLOGIES,Contract Research (Pre-Clinical),Nj - Monmouth Junction,"SYNTHETIC BIOLOGY SOLUTIONS, CUSTOM DNA SYNTHESIS, GENE EDITING, PROTEIN EXPRESSION, ANTIBODY SERVICES",,,,,https://www.synbio-tech.com/,BioPharmGuy
INNOVERA PHARMACEUTICALS,Contract Research (Pre-Clinical),Nj - Monroe,"GLOBAL TECHNOLOGY-DRIVEN CDMO PROVIDING END-TO-END TERN KEY SERVICES, FROM PRODUCT DEVELOPMENT THROUGH COMMERCIAL MANUFACTURING AND PACKAGING",,,,,http://innoverapharma.com/,BioPharmGuy
VANTAGE MEDTECH,Contract Research (Pre-Clinical),Nj - Moonachie,MEDICAL DEVICE DESIGN & DEVELOPMENT,,,,,https://vantagemedtech.com/,BioPharmGuy
LONZA,Contract Research (Pre-Clinical),Nj - Morristown,"CONTRACT MANUFACTURING, REAGENTS, STEM CELLS, SERVICES",,,,,https://www.lonza.com/,BioPharmGuy
SYMBIOTIC RESEARCH,Contract Research (Pre-Clinical),Nj - Mount Olive,CONTRACT RESEARCH,,,,,https://www.symbioticresearch.net/,BioPharmGuy
SYENZ LAB,Contract Research (Pre-Clinical),Nj - Norwood,CONTRACT RESEARCH,,,,,http://www.syenzlab.com/,BioPharmGuy
GENSCRIPT,Contract Research (Pre-Clinical),Nj - Piscataway,"GENOMICS, PROTEOMICS, BIOLOGICS",,,,,https://www.genscript.com/,BioPharmGuy
SAMPLED,Contract Research (Pre-Clinical),Nj - Piscataway,BIOLOGICS SERVICES & RESEARCH,,,,,https://sampled.com/,BioPharmGuy
ACCURANT BIOTECH,Contract Research (Pre-Clinical),Nj - Princeton,"CMC, BIOANALYSIS, CONSULTING",,,,,https://accurantbiotech.com/,BioPharmGuy
NJ BIOPHARMACEUTICALS,Contract Research (Pre-Clinical),Nj - Princeton,CONTRACT RESEARCH,,,,,https://njbio.com/,BioPharmGuy
NEXOMICS BIOSCIENCES,Contract Research (Pre-Clinical),Nj - Rocky Hill,PROTEIN & STRUCTURAL BIOLOGY SERVICES,,,,,https://www.nexomics.com/,BioPharmGuy
FRONTAGE,Contract Research (Pre-Clinical),Nj - Secaucus,"CONTRACT RESEARCH & DEVELOPMENT, CLINICAL SERVICES, CMC SERVICES",,,,,https://www.frontagelab.com/,BioPharmGuy
SANNOVA ANALYTICAL,Contract Research (Pre-Clinical),Nj - Somerset,BOUTIQUE CRO FOCUSED ON BIOANALYTICAL AND ANALYTICAL CMC SERVICES FROM CHARACTERIZATION TO COMMERCIALIZATION,,,,,https://www.sannova.net/,BioPharmGuy
J-STAR,Contract Research (Pre-Clinical),Nj - South Plainfield,CONTRACT CHEMISTRY,,,,,https://www.jstar-research.com/,BioPharmGuy
EVERGREEN THERAGNOSTICS,Contract Research (Pre-Clinical),Nj - Springfield,"CSMO, RADIOCHEMISTRY, CLINICAL & COMMERCIAL MANUFACTURING",,,,,https://www.evergreentgn.com/,BioPharmGuy
DAVOSPHARMA,Contract Research (Pre-Clinical),Nj - Upper Saddle River,CONTRACT R & D & MANUFACTURING,,,,,https://www.davos.com/,BioPharmGuy
AXELA BIOSCIENCES,Contract Research (Pre-Clinical),Nj - Whippany,"CELL ASSAYS, IMMUNOASSAYS, FLOW CYTOMETRY, SPATIAL BIOLOGY",,,,,https://axelabio.com/,BioPharmGuy
LOVELACE SCIENTIFIC,Contract Research (Pre-Clinical),Nm - Albuquerque,"TOX, ANALYTICAL, FORMULATION, PK, PHARMACOLOGY",,,,,https://www.lovelacebiomedical.org/,BioPharmGuy
SPECIFICA,Contract Research (Pre-Clinical),Nm - Santa Fe,"ANTIBODY DISCOVERY,  LIBRARIES AND AFFINITY MATURATION",,,,,https://www.specifica.bio/,BioPharmGuy
CURIDA,Contract Research (Pre-Clinical),Norway - Elverum,"CDMO: SMALL MOLECULE AND BIOLOGICS, INCLUDING MONOCLONAL ANTIBODIES",,,,,https://curida.no/,BioPharmGuy
ADRAGOS PHARMA,Contract Research (Pre-Clinical),Norway - Halden,"GLOBAL CDMO FOR STERILE INJECTABLES: PFS, VIALS, AMPOULES, IV BAGS, BFS. CLINICAL TO COMMERCIAL.",,,,,https://adragos-pharma.com/,BioPharmGuy
VECTRON BIOSOLUTIONS,Contract Research (Pre-Clinical),Norway - Trondheim,BIOPROCESSING SERVICES,,,,,https://www.vectronbiosolutions.com/,BioPharmGuy
AGADA BIOSCIENCES,Contract Research (Pre-Clinical),Ns - Halifax,"TISSUE COLLECTION, CLINICAL SERVICES",,,,,https://www.agadabio.com/,BioPharmGuy
SOLID STATE PHARMA,Contract Research (Pre-Clinical),Ns - Halifax,CRYSTALLIZATION SERVICES,,,,,https://solidstatepharma.com/,BioPharmGuy
CHARLES RIVER LABORATORIES,Contract Research (Pre-Clinical),Nv - Reno,RESEARCH ANIMAL MODELS AND PRECLINICAL RESEARCH,,,,,https://www.criver.com/,BioPharmGuy
ALLEGIANT HEALTH,Contract Research (Pre-Clinical),Ny - Deer Park,"CONTRACT MANUFACTURING, GENERICS",,,,,https://allegiant-health.com/,BioPharmGuy
ICON PLC.,Contract Research (Pre-Clinical),Ny - Farmingdale,CLINICAL RESEARCH,,,,,https://www.iconplc.com/,BioPharmGuy
TACONIC BIOSCIENCES,Contract Research (Pre-Clinical),Ny - Germantown,GENETICALLY ENGINEERED RODENT MODELS AND SERVICES. SPECIALISTS IN MOUSE MODEL HUMANIZATION AND GEMS MANAGEMENT.,,,,,https://www.taconic.com/,BioPharmGuy
ALFA CYTOLOGY,Contract Research (Pre-Clinical),Ny - Hauppauge,CANCER THERAPEUTIC DEVELOPMENT AND PRECLINICAL STUDIES,,,,,https://www.alfacytology.com/,BioPharmGuy
AMERIGO SCIENTIFIC,Contract Research (Pre-Clinical),Ny - Hauppauge,"CHROMATOGRAPHY, ELISA, ANTIGENS, PROTEINS, REAGENTS, SERVICES",,,,,https://www.amerigoscientific.com/,BioPharmGuy
ACUTIS BIOSCIENCES,Contract Research (Pre-Clinical),Ny - Hicksville,BIOMARKER DISCOVERY,,,,,https://acutis.com/,BioPharmGuy
IFYBER,Contract Research (Pre-Clinical),Ny - Ithaca,CONTRACT RESEARCH - DEVICE & PHARMA,,,,,https://ifyber.com/,BioPharmGuy
CHARLES RIVER LABORATORIES,Contract Research (Pre-Clinical),Ny - Kingston,RESEARCH ANIMAL MODELS AND PRECLINICAL RESEARCH,,,,,https://www.criver.com/,BioPharmGuy
ICHOR LIFE SCIENCES,Contract Research (Pre-Clinical),Ny - Lafayette,"CONTRACT SMALL MOLECULES, BIOLOGICS, ANIMAL STUDIES",,,,,https://ichorlifesciences.com/,BioPharmGuy
D.E. SHAW RESEARCH,Contract Research (Pre-Clinical),Ny - New York,DRUG DISCOVERY SERVICES,,,,,https://www.deshawresearch.com/,BioPharmGuy
TARA INNOVATIONS,Contract Research (Pre-Clinical),Ny - New York,"CONTRACT R&D, FORMULATION (PROPRIETARY & CONTRACT)",,,,,http://www.tarainnovations.com/,BioPharmGuy
TACONIC BIOSCIENCES,Contract Research (Pre-Clinical),Ny - Rensselaer,GENETICALLY ENGINEERED RODENT MODELS AND SERVICES. SPECIALISTS IN MOUSE MODEL HUMANIZATION AND GEMS MANAGEMENT.,,,,,https://www.taconic.com/,BioPharmGuy
2.0 ANALYTICAL SOLUTIONS,Contract Research (Pre-Clinical),Ny - Sherburne,CHROMATOGRAPHY SERVICES,,,,,https://www.2analytical.com/,BioPharmGuy
L2P RESEARCH LABS,Contract Research (Pre-Clinical),Ny - Stony Brook,PRECLINICAL CONTRACT RESEARCH,,,,,https://www.l2plabs.com/,BioPharmGuy
CEROVENE,Contract Research (Pre-Clinical),Ny - Valley Cottage,OUTSOURCING SERVICES,,,,,https://www.cerovene.com/,BioPharmGuy
SMITHERS,Contract Research (Pre-Clinical),Oh - Akron,CONTRACT RESEARCH,,,,,https://www.smithers.com/industries/bioanalytical,BioPharmGuy
INFINIXBIO,Contract Research (Pre-Clinical),Oh - Athens,CONTRACT BIOLOGIC-RELATED RESEARCH METHODS,,,,,https://www.infinixbio.com/,BioPharmGuy
DG MEDICAL,Contract Research (Pre-Clinical),Oh - Centerville,CONTRACT MEDICAL DEVICE WORK,,,,,https://dg-medical.com/,BioPharmGuy
PATHEON,Contract Research (Pre-Clinical),Oh - Cincinnati,CONTRACT MANUFACTURING AND DEVELOPMENT,,,,,https://www.patheon.com/us/en/home.html,BioPharmGuy
SUS CLINICALS,Contract Research (Pre-Clinical),Oh - Cincinnati,PIG-BASED PRECLINICAL TESTING SERVICES,,,,,https://susclinicals.com/,BioPharmGuy
ANALIZA,Contract Research (Pre-Clinical),Oh - Cleveland,PHYSICOCHEMICAL SERVICES,,,,,https://analiza.com/,BioPharmGuy
LUBRIZOL LIFE SCIENCE HEALTH,Contract Research (Pre-Clinical),Oh - Cleveland,"SPECIALTY CHEMICALS, CONTRACT DEVELOPMENT & MANUFACTURING",,,,,https://www.lubrizol.com/industries/healthcare,BioPharmGuy
APPLIED BIOMOLECULAR TECHNOLOGIES,Contract Research (Pre-Clinical),Oh - Columbus,CONTRACT RESEARCH,,,,,http://www.bioabt.com/,BioPharmGuy
CMD MEDTECH,Contract Research (Pre-Clinical),Oh - Columbus,MEDICAL DEVICE DEVELOPMENT,,,,,https://cmdmedtech.com/,BioPharmGuy
OLON USA,Contract Research (Pre-Clinical),Oh - Concord,CONTRACT RESEARCH,,,,,https://olon-usa.com/,BioPharmGuy
ATHERION BIORESEARCH,Contract Research (Pre-Clinical),Oh - Dublin,FULL-SERVICE CLINICAL RESEARCH ORGANIZATION ESTABLISHED BY DRUG DEVELOPMENT PROFESSIONALS,,,,,https://www.atherion-bioresearch.com/,BioPharmGuy
FORGE BIOLOGICS,Contract Research (Pre-Clinical),Oh - Grove City,BIOLOGICS,,,,,https://www.forgebiologics.com/,BioPharmGuy
NAMSA,Contract Research (Pre-Clinical),Oh - Northwood,MEDICAL RESEARCH ORGANIZATION - MEDICAL DEVICES,,,,,https://namsa.com/,BioPharmGuy
CMC PHARMACEUTICALS,Contract Research (Pre-Clinical),Oh - Solon,"INNOVATIVE FORMULATIONS & DRUG DELIVERY SYSTEMS, PRECISE TESTING, AND EFFICIENT CMC STRATEGIES",,,,,https://www.cmcpharm.com/,BioPharmGuy
CHARLES RIVER LABORATORIES,Contract Research (Pre-Clinical),Oh - Spencerville,RESEARCH ANIMAL MODELS AND PRECLINICAL RESEARCH,,,,,https://www.criver.com/,BioPharmGuy
CYTOVANCE BIOLOGICS,Contract Research (Pre-Clinical),Ok - Oklahoma City,CONTRACT BIOLOGICS DEVELOPMENT & MANUFACTURING,,,,,https://cytovance.com/,BioPharmGuy
EYECRO,Contract Research (Pre-Clinical),Ok - Oklahoma City,"SMALL MOLECULE FOR OPHTHALMIC INDICATIONS, PRECLINICAL SERVICES",,,,,https://eyecro.com/,BioPharmGuy
APROZEN PHARMA,Contract Research (Pre-Clinical),On - Brantford,"MEDICINAL CHEMISTRY, PROCESS DEVELOPMENT, CUSTOM SYNTHESIS",,,,,https://aprozenpharma.com/,BioPharmGuy
JSI RESEARCH CHEMICALS,Contract Research (Pre-Clinical),On - Brantford,"CHEMICAL SYNTHESIS, ANALYTICAL, AND PROCESS DEVELOPMENT",,,,,https://jsiresearch.ca/,BioPharmGuy
PCI PHARMA SERVICES,Contract Research (Pre-Clinical),On - Burlington,"CONTRACT MANUFACTURING, SERVICES",,,,,https://pci.com/,BioPharmGuy
BIOMATIK,Contract Research (Pre-Clinical),On - Kitchener,"ELISA KITS, BIOREAGENTS, CUSTOM GENE, PEPTIDE, PROTEIN, ANTIBODY SERVICES",,,,,https://www.biomatik.com,BioPharmGuy
NEOVENTURES,Contract Research (Pre-Clinical),On - London,CUSTOM APTAMERS,,,,,https://neoaptamers.com/,BioPharmGuy
SHIELDS PHARMA,Contract Research (Pre-Clinical),On - Markham,PSYCHEDELIC ANALYTICAL TESTING AND CONTRACT TESTING LAB,,,,,https://shieldspharma.com/,BioPharmGuy
ACUPHARMA SOLUTIONS,Contract Research (Pre-Clinical),On - Mississauga,"CONTRACT RESEARCH, MANUFACTURING & CONSULTING",,,,,http://acupharmasolutions.com/,BioPharmGuy
DALRIADA DRUG DISCOVERY,Contract Research (Pre-Clinical),On - Mississauga,DRUG DISCOVERY SERVICES,,,,,https://dalriadatx.com/,BioPharmGuy
PATHEON,Contract Research (Pre-Clinical),On - Mississauga,CONTRACT MANUFACTURING AND DEVELOPMENT,,,,,https://www.patheon.com/us/en/home.html,BioPharmGuy
PCI PHARMA SERVICES,Contract Research (Pre-Clinical),On - Mississauga,"CONTRACT MANUFACTURING, SERVICES",,,,,https://pci.com/,BioPharmGuy
LIFE CHEMICALS,Contract Research (Pre-Clinical),On - Niagara-On-The-Lake,"SCREENING LIBRARIES, CHEMICAL SYNTHESIS",,,,,https://lifechemicals.com/,BioPharmGuy
GL CHEMTEC,Contract Research (Pre-Clinical),On - Oakville,DISCOVERY-PHASE CONTRACT RESEARCH,,,,,https://glchemtec.ca/,BioPharmGuy
GENVIRA BIOSCIENCES,Contract Research (Pre-Clinical),On - Ottawa,VIRAL BASED BIOTHERAPEUTICS CONTRACT WORK,,,,,https://genvira.com/,BioPharmGuy
NORGEN BIOTEK,Contract Research (Pre-Clinical),On - Thorold,"PRODUCTS FOR SAMPLE COLLECTION, SAMPLE PREPARATION AND SAMPLE DETECTION. COMPREHENSIVE RESEARCH SERVICES",,,,,https://norgenbiotek.com/,BioPharmGuy
CDI LABORATORIES,Contract Research (Pre-Clinical),On - Toronto,LAB SERVICES,,,,,https://www.cdilabs.com/,BioPharmGuy
CUSTOM BIOLOGICS,Contract Research (Pre-Clinical),On - Toronto,LARGE AND SMALL MOLECULE CONTRACT RESEARCH,,,,,https://www.custombiologics.com/,BioPharmGuy
DALTON PHARMA SERVICES,Contract Research (Pre-Clinical),On - Toronto,"CONTRACT MANUFACTURING, RESEARCH, CHEMICAL SALES",,,,,https://www.dalton.com/,BioPharmGuy
GLOBAL PHARMA TEK,Contract Research (Pre-Clinical),On - Toronto,"CONTRACT RESEARCH, CLINICAL RESEARCH, CONSULTING",,,,,https://www.globalpharmatek.com/,BioPharmGuy
NUCRO-TECHNICS,Contract Research (Pre-Clinical),On - Toronto,CONTRACT TESTING,,,,,https://www.nucro-technics.com/,BioPharmGuy
PATHEON,Contract Research (Pre-Clinical),On - Whitby,CONTRACT MANUFACTURING AND DEVELOPMENT,,,,,https://www.patheon.com/us/en/home.html,BioPharmGuy
CASEBIOSCIENCE,Contract Research (Pre-Clinical),On - Zz,STERILE MEDIA,,,,,https://casebioscience.com/,BioPharmGuy
OFD BIOPHARMA,Contract Research (Pre-Clinical),Or - Albany,LYOPHILIZATION,,,,,https://ofdlifesciences.com/industries/biopharma/,BioPharmGuy
LONZA,Contract Research (Pre-Clinical),Or - Bend,"CONTRACT MANUFACTURING, DEVELOPMENT; LAB SYSTEMS, RESEARCH PRODUCTS",,,,,https://www.lonza.com/,BioPharmGuy
SERÁN BIOSCIENCE,Contract Research (Pre-Clinical),Or - Bend,"CDMO, RECOGNIZED AS A WORLD LEADER IN CONVENTIONAL AND ENABLING DRUG PRODUCT DEVELOPMENT TECHNOLOGIES",,,,,https://www.seranbio.com/,BioPharmGuy
AGNO PHARMA,Contract Research (Pre-Clinical),Or - Eugene,"SMALL MOLECULE CRO, CDMO",,,,,https://agnopharma.com/,BioPharmGuy
SIRONA DX,Contract Research (Pre-Clinical),Or - Portland,SPATIAL BIOLOGY & SINGLE CELL SERVICES CRO,,,,,https://sironadx.com/,BioPharmGuy
AGNO PHARMA,Contract Research (Pre-Clinical),Pa - Bethlehem,"SMALL MOLECULE CRO, CDMO",,,,,https://agnopharma.com/,BioPharmGuy
FRONTAGE,Contract Research (Pre-Clinical),Pa - Exton,"CONTRACT RESEARCH & DEVELOPMENT, CLINICAL SERVICES, CMC SERVICES",,,,,https://www.frontagelab.com/,BioPharmGuy
MELIOR DISCOVERY,Contract Research (Pre-Clinical),Pa - Exton,HIGH THROUGHPUT SCREENING FOR NEW INDICATIONS,,,,,https://www.meliordiscovery.com/,BioPharmGuy
EICARTE LLC,Contract Research (Pre-Clinical),Pa - Gettysburg,TOXICOLOGY AND PRECLINICAL,,,,,http://www.eicarte.com/,BioPharmGuy
PACE,Contract Research (Pre-Clinical),Pa - Greensburg,"ANALYTICAL TESTING, CDMO",,,,,https://www.pacelabs.com/,BioPharmGuy
ALTASCIENCES,Contract Research (Pre-Clinical),Pa - Harleysville,CONTRACT RESEARCH,,,,,https://www.altasciences.com/,BioPharmGuy
AVANTIA LABS,Contract Research (Pre-Clinical),Pa - Horsham,BIOANALYTICAL SOLUTION FOR CELL & GENE THERAPY,,,,,https://avantialabs.com/,BioPharmGuy
CLINCHOICE,Contract Research (Pre-Clinical),Pa - Horsham,"CONTRACT RESEARCH - DATA MANAGEMENT, BIOSTATISTICS, CLINICAL OPERATIONS, REGULATORY, SAFETY, PHARMACOVIGILANCE, TOXICOLOGY, MEDICAL AFFAIRS, MEDICAL WRITING, QUALITY, RISK, AND COMPLIANCE",,,,,https://clinchoice.com/,BioPharmGuy
FRANKLIN BIOLABS,Contract Research (Pre-Clinical),Pa - King Of Prussia,GENETIC MEDICINE CRO,,,,,https://franklinbio.com/,BioPharmGuy
SK PHARMTECO,Contract Research (Pre-Clinical),Pa - King Of Prussia,VIRAL VECTORS,,,,,https://www.skpharmteco.com/,BioPharmGuy
SYNCRO MEDICAL,Contract Research (Pre-Clinical),Pa - Langhorne,SOFTWARE DEVELOPMENT,,,,,https://syncro.com/,BioPharmGuy
BIOPHARMASPEC,Contract Research (Pre-Clinical),Pa - Malvern,"AMINO ACID SEQUENCING, CONTRACT RESEARCH",,,,,https://biopharmaspec.com/,BioPharmGuy
CHARLES RIVER LABORATORIES,Contract Research (Pre-Clinical),Pa - Malvern,"BIOLOGICS DEVELOPMENT, R&D, AND TESTING",,,,,https://www.criver.com/,BioPharmGuy
EUREKA BIOTECHNOLOGY,Contract Research (Pre-Clinical),Pa - Philadelphia,AUTOMATED PLATFORMS AND STABLE PRODUCER CELL LINES FOR LARGE-SCALE LENTIVIRAL AND AAV VECTOR PRODUCTION IN CELL AND GENE THERAPY,,,,,https://eurekabiotechnology.com/,BioPharmGuy
PCI PHARMA SERVICES,Contract Research (Pre-Clinical),Pa - Philadelphia,"CONTRACT MANUFACTURING, SERVICES",,,,,https://pci.com/,BioPharmGuy
LAMPIRE BIOLOGICAL LABS,Contract Research (Pre-Clinical),Pa - Pipersville,ANTIBODY & BIOLOGICS SERVICES,,,,,https://www.lampire.com/,BioPharmGuy
VASCULARSTRATEGIES,Contract Research (Pre-Clinical),Pa - Plymouth Meeting,ASSAYS AND RESEARCH SERVICES FOR PRECLINICAL AND CLINICAL DRUG DEVELOPMENT,,,,,https://vascularstrategy.com/,BioPharmGuy
ALTASCIENCES,Contract Research (Pre-Clinical),Pa - Scott Township,CONTRACT RESEARCH,,,,,https://www.altasciences.com/,BioPharmGuy
ALMAC,Contract Research (Pre-Clinical),Pa - Souderton,PHARMACEUTICAL SERVICES,,,,,https://www.almacgroup.com/,BioPharmGuy
LYOPHILIZATION TECHNOLOGY,Contract Research (Pre-Clinical),Pa - Warminster,CONTRACT LYOPHILIZATION,,,,,https://www.lyotechnology.com/,BioPharmGuy
QRD PHARMA,Contract Research (Pre-Clinical),Pa - Warrington,"BIOANALYTICAL, CHIRAL ANALYSIS, AND DMPK SERVICES",,,,,https://qrdpharma.com/,BioPharmGuy
CHARLES RIVER LABORATORIES,Contract Research (Pre-Clinical),Pa - Wayne,"BIOLOGICS DEVELOPMENT, R&D, AND TESTING",,,,,https://www.criver.com/,BioPharmGuy
BIOVECTRA,Contract Research (Pre-Clinical),Pe - Charlottetown,PHARMACEUTICAL SERVICES,,,,,https://www.biovectra.com/,BioPharmGuy
REZON BIO,Contract Research (Pre-Clinical),Poland - Duchnice,"ANALYTICS, DEVELOPMENT, GMP MANUFACTURING, AND FORMULATION",,,,,https://rezonbio.com/,BioPharmGuy
PIOLIGON,Contract Research (Pre-Clinical),Poland - Lublin,PEPTIDE SERVICES,,,,,https://pioligon.pl/,BioPharmGuy
PURE BIOLOGICS,Contract Research (Pre-Clinical),Poland - Wroclaw,"BIOLOGICS, DEVICES, DIAGNOSTICS",,,,,https://purebiologics.com/,BioPharmGuy
STEMMATTERS,Contract Research (Pre-Clinical),Portugal - Barco,CDMO OFFERING SERVICES IN THE DEVELOPMENT AND MANUFACTURING OF CELL-BASED THERAPIES AND BLOOD-DERIVED BIOLOGICS,,,,,https://stemmatters.com/,BioPharmGuy
LXBIO ANTIBODY DISCOVERY,Contract Research (Pre-Clinical),Portugal - Lisbon,ANTIBODY SERVICES,,,,,https://www.lxbioab.com/,BioPharmGuy
VECTORB2B,Contract Research (Pre-Clinical),Portugal - Lisbon,"CDMO, CRO SERVICES",,,,,https://vectorb2b.com/,BioPharmGuy
RECIPHARM,Contract Research (Pre-Clinical),Portugal - Odivelas,CONTRACT DEVELOPMENT AND MANUFACTURING PARTNER TO THE PHARMACEUTICAL AND BIOPHARMACEUTICAL INDUSTRIES.,,,,,https://www.recipharm.com/,BioPharmGuy
RECIPHARM,Contract Research (Pre-Clinical),Portugal - Queluz,CONTRACT DEVELOPMENT AND MANUFACTURING PARTNER TO THE PHARMACEUTICAL AND BIOPHARMACEUTICAL INDUSTRIES.,,,,,https://www.recipharm.com/,BioPharmGuy
CDI LABORATORIES,Contract Research (Pre-Clinical),Pr - Mayagüez,LAB SERVICES,,,,,https://www.cdilabs.com/,BioPharmGuy
PACE,Contract Research (Pre-Clinical),Pr - San German,"ANALYTICAL TESTING, CDMO",,,,,https://www.pacelabs.com/,BioPharmGuy
NEOPHARM LABS,Contract Research (Pre-Clinical),Qc - Blainville,PHARMACEUTICAL TESTING LAB,,,,,https://www.neopharmlabs.com/,BioPharmGuy
ALTASCIENCES,Contract Research (Pre-Clinical),Qc - Laval,CONTRACT RESEARCH,,,,,https://www.altasciences.com/,BioPharmGuy
BIOTRIAL,Contract Research (Pre-Clinical),Qc - Laval,SMALL AND LARGE MOLECULE BIOANALYSIS IN GLP ENVIRONMENT,,,,,https://www.biotrial.com/,BioPharmGuy
ALTASCIENCES,Contract Research (Pre-Clinical),Qc - Montréal,CONTRACT RESEARCH,,,,,https://www.altasciences.com/,BioPharmGuy
BIOAUXILIUM,Contract Research (Pre-Clinical),Qc - Montréal,"CONTRACT RESEARCH, SPECIALIZED IN CUSTOM ASSAY DEVELOPMENT AND IMMUNOASSAY KIT GENERATION",,,,,https://bioauxilium.com/,BioPharmGuy
GROUPE PARIMA,Contract Research (Pre-Clinical),Qc - Montréal,"CDMO SPECIALIZED IN THE DEVELOPMENT & MANUFACTURING OF LIQUIDS, SUSPENSIONS, & SEMI-SOLID PRODUCTS",,,,,https://www.groupeparima.com/,BioPharmGuy
MEDILUMINE,Contract Research (Pre-Clinical),Qc - Montréal,"IMAGING AGENTS, RECEPTOR MODULATORS FOR RESEARCH, FORMULATION SERVICES",,,,,https://medilumine.com/,BioPharmGuy
PARAZA PHARMA,Contract Research (Pre-Clinical),Qc - Montréal,"COLLABORATION-BASED RESEARCH MODEL WITH IN-HOUSE CHEMISTRY, BIOLOGY AND DMPK (INCLUDES PROTEOMICS AND SMALL MOLECULE BIOMARKER ANALYSIS) EXPERTISE",,,,,https://parazapharma.com/,BioPharmGuy
CHARLES RIVER LABORATORIES,Contract Research (Pre-Clinical),Qc - Saint-Constant,RESEARCH ANIMAL MODELS AND PRECLINICAL RESEARCH,,,,,https://www.criver.com/,BioPharmGuy
ALLUCENT,Contract Research (Pre-Clinical),Qc - Saint-Laurent,CLINICAL RESEARCH SOLUTIONS PARTNERING WITH SMALL & MID-SIZED BIOTECHS TO DELIVER NOVEL THERAPIES TO PATIENTS WITH UNMET NEEDS.,,,,,https://www.allucent.com/,BioPharmGuy
CHARLES RIVER LABORATORIES,Contract Research (Pre-Clinical),Qc - Senneville,RESEARCH ANIMAL MODELS AND PRECLINICAL RESEARCH,,,,,https://www.criver.com/,BioPharmGuy
CHARLES RIVER LABORATORIES,Contract Research (Pre-Clinical),Qc - Sherbrooke,RESEARCH ANIMAL MODELS AND PRECLINICAL RESEARCH,,,,,https://www.criver.com/,BioPharmGuy
IPS THERAPEUTIQUE,Contract Research (Pre-Clinical),Qc - Sherbrooke,CARDIAC SAFETY EVALUATION OF DRUGS,,,,,https://www.ipstherapeutique.com/,BioPharmGuy
CONFAB,Contract Research (Pre-Clinical),Qc - St-Hubert,CONTRACT MANUFACTURING & SERVICES,,,,,https://confab.com/,BioPharmGuy
VIROGEN BIOTECHNOLOGY,Contract Research (Pre-Clinical),Ri - Newport,ANTIGENS AND ANTIBODIES,,,,,https://www.virogen.com/,BioPharmGuy
ALCAMI,Contract Research (Pre-Clinical),Sc - Charleston,SMALL MOLECULE & BIOLOGICS ANALYTICAL & FORMULATION DEVELOPMENT,,,,,https://www.alcaminow.com,BioPharmGuy
CHARLES RIVER LABORATORIES,Contract Research (Pre-Clinical),Sc - Charleston,RESEARCH ANIMAL MODELS AND PRECLINICAL RESEARCH,,,,,https://www.criver.com/,BioPharmGuy
PHI LIFE SCIENCES,Contract Research (Pre-Clinical),Sc - Charleston,MOLECULAR DIAGNOSTIC AND LABORATORY SERVICES,,,,,https://www.philifesciences.com/,BioPharmGuy
PATHEON,Contract Research (Pre-Clinical),Sc - Florence,CONTRACT MANUFACTURING AND DEVELOPMENT,,,,,https://www.patheon.com/us/en/home.html,BioPharmGuy
ALPHA GENESIS,Contract Research (Pre-Clinical),Sc - Yemassee,"NONHUMAN PRIMATE BREEDING, SALES, BIOPRODUCTS, AND GLP TOXICOLOGY RESEARCH SERVICES",,,,,https://www.alphagenesisinc.com/,BioPharmGuy
ESCO ASTER,Contract Research (Pre-Clinical),Singapore - Singapore,BIOLOGICS CDMO,,,,,https://www.escoaster.com/,BioPharmGuy
ESCO VACCIXCELL,Contract Research (Pre-Clinical),Singapore - Singapore,CONTRACT BIOLOGICS MANUFACTURING,,,,,https://escovaccixcell.com/,BioPharmGuy
JN MEDSYS,Contract Research (Pre-Clinical),Singapore - Singapore,"DIGITAL PCR SYSTEMS, RT-QPCR KITS, MOLECULAR DIAGNOSTIC ASSAYS, AND DNA/RNA QUANTIFICATION SERVICES",,,,,https://www.jnmedsys.com/,BioPharmGuy
BIOSYNTH,Contract Research (Pre-Clinical),Slovakia - Bratislava,"STAAD CHEMICALS CONTRACT MANUFACTURING / RESEARCH. CARBOHYDRATES, NUCLEOSIDES, APIS & ENZYME SUBSTRATES",,,,,https://www.biosynth.com/,BioPharmGuy
SANECA PHARMACEUTICALS,Contract Research (Pre-Clinical),Slovakia - Hlohovec,"CONTRACT APIS, FORMULATION",,,,,https://saneca.com/,BioPharmGuy
COBIK,Contract Research (Pre-Clinical),Slovenia - Ajdovščina,"CONTRACT WORK, DRUG DISCOVERY",,,,,https://www.cobik.si/,BioPharmGuy
BBI SOLUTIONS,Contract Research (Pre-Clinical),South Africa - Cape Town,"ANTIBODIES, SERA, ENZYMES, CONTRACT WORK, ETC.",,,,,https://bbisolutions.com/,BioPharmGuy
ACELLERA,Contract Research (Pre-Clinical),Spain - Barcelona,SIMULATIONS & AI FOR SMALL-MOLECULE DRUG DISCOVERY,,,,,https://www.acellera.com/,BioPharmGuy
CHARLES RIVER LABORATORIES,Contract Research (Pre-Clinical),Spain - Barcelona,RESEARCH ANIMAL MODELS AND PRECLINICAL RESEARCH,,,,,https://www.criver.com/,BioPharmGuy
DEVSYNTHESIS,Contract Research (Pre-Clinical),Spain - Barcelona,CHEMISTRY CRO,,,,,https://dev-synthesis.com/,BioPharmGuy
ENANTIA,Contract Research (Pre-Clinical),Spain - Barcelona,"R&D PROCESS CHEMISTRY, SOLID FORM DEVELOPMENT, AND MEDICINAL CHEMISTRY",,,,,https://enantia.com/,BioPharmGuy
PANGAEA ONCOLOGY,Contract Research (Pre-Clinical),Spain - Barcelona,DRUG DISCOVERY SERVICES,,,,,https://panoncology.com/,BioPharmGuy
SOLITEK - SOLID TECHNOLOGIES,Contract Research (Pre-Clinical),Spain - Barcelona,SOLID STATE AND PRECLINICAL FORMULATION DEVELOPMENT,,,,,https://solitekpharma.com/,BioPharmGuy
ZECLINICS,Contract Research (Pre-Clinical),Spain - Barcelona,CONTRACT DRUG DISCOVERY RESEARCH USING ZEBRAFISH MODELS,,,,,https://www.zeclinics.com/,BioPharmGuy
RECIPHARM,Contract Research (Pre-Clinical),Spain - Leganés,CONTRACT DEVELOPMENT AND MANUFACTURING PARTNER TO THE PHARMACEUTICAL AND BIOPHARMACEUTICAL INDUSTRIES.,,,,,https://www.recipharm.com/,BioPharmGuy
PCI PHARMA SERVICES,Contract Research (Pre-Clinical),Spain - León,"CONTRACT MANUFACTURING, SERVICES",,,,,https://pci.com/,BioPharmGuy
COCOON BIOSCIENCE,Contract Research (Pre-Clinical),Spain - Madrid,CUSTOM BIOLOGICS DEVELOPMENT,,,,,https://cocoonbio.com/,BioPharmGuy
GEISTEK,Contract Research (Pre-Clinical),Spain - Madrid,PHARMA CONTRACT RESEARCH,,,,,https://geistek.com/,BioPharmGuy
VIVOTECNIA,Contract Research (Pre-Clinical),Spain - Madrid,TOXICOLOGY CONTRACT RESEARCH,,,,,https://www.vivotecnia.com/,BioPharmGuy
3PBIOVIAN,Contract Research (Pre-Clinical),Spain - Navarra,CONTRACT DEVELOPMENT & MANUFACTURING,,,,,https://3pbiovian.com/,BioPharmGuy
LONZA,Contract Research (Pre-Clinical),Spain - Porriño,"CONTRACT MANUFACTURING, DEVELOPMENT; LAB SYSTEMS, RESEARCH PRODUCTS",,,,,https://www.lonza.com/,BioPharmGuy
GALCHIMIA,Contract Research (Pre-Clinical),Spain - Touro. A Coruña,CHEMISTRY CRO,,,,,https://www.galchimia.com/,BioPharmGuy
COCOON BIOSCIENCE,Contract Research (Pre-Clinical),Spain - Vizcaya,CUSTOM BIOLOGICS DEVELOPMENT,,,,,https://cocoonbio.com/,BioPharmGuy
OCCAM DESIGN,Contract Research (Pre-Clinical),Ss - Louisville,MEDICAL DEVICE DEVELOPMENT,,,,,https://occamdesign.com/,BioPharmGuy
SIMSEN DIAGNOSTICS,Contract Research (Pre-Clinical),Sweden - Göteborg,CTDNA ANALYSIS,,,,,https://simsendiagnostics.com/,BioPharmGuy
TATAA BIOCENTER,Contract Research (Pre-Clinical),Sweden - Gothenburg,BIOANALYTICAL SERVICES,,,,,https://tataa.com/,BioPharmGuy
RECIPHARM,Contract Research (Pre-Clinical),Sweden - Höganäs,CONTRACT DEVELOPMENT AND MANUFACTURING PARTNER TO THE PHARMACEUTICAL AND BIOPHARMACEUTICAL INDUSTRIES.,,,,,https://www.recipharm.com/,BioPharmGuy
CAMBREX,Contract Research (Pre-Clinical),Sweden - Karlskoga,"SMALL MOLECULES RESEARCH, DEVELOPMENT & MANUFACTURING SERVICES",,,,,https://www.cambrex.com/,BioPharmGuy
RECIPHARM,Contract Research (Pre-Clinical),Sweden - Karlskoga,CONTRACT DEVELOPMENT AND MANUFACTURING PARTNER TO THE PHARMACEUTICAL AND BIOPHARMACEUTICAL INDUSTRIES.,,,,,https://www.recipharm.com/,BioPharmGuy
POLYPEPTIDE GROUP,Contract Research (Pre-Clinical),Sweden - Limhamn,POLYPEPTIDE MANUFACTURING,,,,,https://www.polypeptide.com/,BioPharmGuy
INNOVAGEN,Contract Research (Pre-Clinical),Sweden - Lund,CUSTOM ANTIBODY DEVELOPMENT,,,,,https://www.innovagen.com/,BioPharmGuy
RED GLEAD DISCOVERY,Contract Research (Pre-Clinical),Sweden - Lund,DRUG DISCOVERY SERVICES,,,,,https://rgdiscovery.com/,BioPharmGuy
REDOXIS,Contract Research (Pre-Clinical),Sweden - Lund,DRUG DEVELOPMENT CRO,,,,,https://www.redoxis.se/,BioPharmGuy
TRULY LABS,Contract Research (Pre-Clinical),Sweden - Lund,"PRE-CLINICAL CRO PROVIDING CUSTOMIZED IN VITRO, IN VIVO, AND CONSULTANCY SERVICES",,,,,https://www.trulytranslational.com/,BioPharmGuy
NORTHX BIOLOGICS,Contract Research (Pre-Clinical),Sweden - Matfors,"ADVANCED MODALITIES INCLUDING RECOMBINANT PROTEINS, VIRAL VACCINES AND CELL THERAPY",,,,,https://www.nxbio.com/,BioPharmGuy
OFFSPRING BIOSCIENCES,Contract Research (Pre-Clinical),Sweden - Södertälje,CELL & TISSUE IMAGING,,,,,https://www.offspringbiosciences.com/,BioPharmGuy
RECIPHARM,Contract Research (Pre-Clinical),Sweden - Solna,CONTRACT DEVELOPMENT AND MANUFACTURING PARTNER TO THE PHARMACEUTICAL AND BIOPHARMACEUTICAL INDUSTRIES.,,,,,https://www.recipharm.com/,BioPharmGuy
XPRESS GENOMICS,Contract Research (Pre-Clinical),Sweden - Solna,SINGLE-CELL RNA-SEQUENCING AND BULK RNA-SEQUENCING SERVICES,,,,,https://xpress-genomics.com/,BioPharmGuy
BRAINZELL,Contract Research (Pre-Clinical),Sweden - Stockholm,HUMAN BRAIN CELL MODELS,,,,,https://www.brainzell.com/,BioPharmGuy
RECIPHARM,Contract Research (Pre-Clinical),Sweden - Stockholm,CONTRACT DEVELOPMENT AND MANUFACTURING PARTNER TO THE PHARMACEUTICAL AND BIOPHARMACEUTICAL INDUSTRIES.,,,,,https://www.recipharm.com/,BioPharmGuy
RECIPHARM,Contract Research (Pre-Clinical),Sweden - Strangnas,CONTRACT DEVELOPMENT AND MANUFACTURING PARTNER TO THE PHARMACEUTICAL AND BIOPHARMACEUTICAL INDUSTRIES.,,,,,https://www.recipharm.com/,BioPharmGuy
MERCODIA,Contract Research (Pre-Clinical),Sweden - Uppsala,"BIOANALYTICAL SERVICES, CONTRACT MANUFACTURING, IMMUNOASSAYS",,,,,https://www.mercodia.com/,BioPharmGuy
NAVINCI DIAGNOSTICS,Contract Research (Pre-Clinical),Sweden - Uppsala,BIOMARKER SERVICES,,,,,https://navinci.se/,BioPharmGuy
RECIPHARM,Contract Research (Pre-Clinical),Sweden - Uppsala,CONTRACT DEVELOPMENT AND MANUFACTURING PARTNER TO THE PHARMACEUTICAL AND BIOPHARMACEUTICAL INDUSTRIES.,,,,,https://www.recipharm.com/,BioPharmGuy
CARBOGEN AMCIS,Contract Research (Pre-Clinical),Switzerland - Aarau,DRUG DEVELOPMENT & COMMERCIALIZATION,,,,,https://www.carbogen-amcis.com/,BioPharmGuy
PRIOSH PHARMACHEM,Contract Research (Pre-Clinical),Switzerland - Baar,"DRUG DISCOVERY, FORMULATION DEVELOPMENT, CLINICAL RESEARCH, APIS",,,,,https://priosh.ch/,BioPharmGuy
ACROBIOSYSTEMS,Contract Research (Pre-Clinical),Switzerland - Basel,"PROTEINS, ANTIBODIES, KITS, GMP-GRADE REAGENTS, AND CUSTOM SERVICES",,,,,https://acrobiosystems.com.cn/,BioPharmGuy
BIOCOPY,Contract Research (Pre-Clinical),Switzerland - Basel,"T-CELL THERAPY LEAD DISCOVERY, VACCINE DEVELOPMENT",,,,,https://www.biocopy.com/,BioPharmGuy
CELONIC,Contract Research (Pre-Clinical),Switzerland - Basel,BIOLOGICS CONTRACT WORK,,,,,https://www.celonic.com/,BioPharmGuy
LONZA,Contract Research (Pre-Clinical),Switzerland - Basel,"CONTRACT MANUFACTURING, DEVELOPMENT; LAB SYSTEMS, RESEARCH PRODUCTS",,,,,https://www.lonza.com/,BioPharmGuy
TEN23 HEALTH,Contract Research (Pre-Clinical),Switzerland - Basel,"STERILE DRUG PRODUCT SERVICES: CONTRACT DEVELOPMENT, MANUFACTURING AND TESTING",,,,,https://www.ten23.health/,BioPharmGuy
CARBOGEN AMCIS,Contract Research (Pre-Clinical),Switzerland - Bubendorf,API DELIVERY GEL,,,,,https://www.carbogen-amcis.com/,BioPharmGuy
SENN CHEMICALS,Contract Research (Pre-Clinical),Switzerland - Dielsdorf,"CONTRACT MFG - PEPTIDES, AMINO ACID DERIVATIVES, CARBOHYDRATES, SMALL MOLECULES, ETC.",,,,,https://www.sennchem.com/,BioPharmGuy
BIOLYTIX,Contract Research (Pre-Clinical),Switzerland - Dittingen,MOLECULAR & MICROBIOLOGY SERVICES,,,,,https://www.biolytix.ch/en/,BioPharmGuy
CARBOGEN AMCIS,Contract Research (Pre-Clinical),Switzerland - Hunzenschwil,DRUG DEVELOPMENT & COMMERCIALIZATION,,,,,https://www.carbogen-amcis.com/,BioPharmGuy
ADRAGOS PHARMA,Contract Research (Pre-Clinical),Switzerland - Jura,"GLOBAL CDMO FOR STERILE INJECTABLES: PFS, VIALS, AMPOULES, IV BAGS, BFS. CLINICAL TO COMMERCIAL.",,,,,https://adragos-pharma.com/,BioPharmGuy
CORDENPHARMA,Contract Research (Pre-Clinical),Switzerland - Liestal,API MANUFACTURING,,,,,https://cordenpharma.com/,BioPharmGuy
EXCELLGENE,Contract Research (Pre-Clinical),Switzerland - Monthey,CELL LINE DEVELOPMENT & ENGINEERING. PROTEIN ENGINEERING. GMP-PROCESS DEVELOPMENT (USP&DSP).,,,,,https://excellgene.com/,BioPharmGuy
FASTERIS,Contract Research (Pre-Clinical),Switzerland - Plan-Les-Ouates,"NGS, SANGER SERVICES",,,,,https://www.fasteris.com/en-us/Company,BioPharmGuy
KBI BIOPHARMA,Contract Research (Pre-Clinical),Switzerland - Plan-Les-Ouates,CONTRACT DEVELOPMENT & MANUFACTURING,,,,,https://www.kbibiopharma.com,BioPharmGuy
SWISS BIOQUANT,Contract Research (Pre-Clinical),Switzerland - Reinach,BIOANALYSIS CRO,,,,,https://swissbioquant.com/,BioPharmGuy
BIOGNOSYS,Contract Research (Pre-Clinical),Switzerland - Schlieren,"PROTEIN QUANTIFICATION TECHNOLOGY, CONTRACT PROTEIN ANALYSIS",,,,,https://biognosys.com/,BioPharmGuy
INSPHERO,Contract Research (Pre-Clinical),Switzerland - Schlieren,3D-CELL-BASED ASSAY SOLUTIONS AND SCAFFOLD-FREE 3D ORGAN-ON-A-CHIP TECHNOLOGY,,,,,https://insphero.com/,BioPharmGuy
BIOSYNTH,Contract Research (Pre-Clinical),Switzerland - Staad,"STAAD CHEMICALS CONTRACT MANUFACTURING / RESEARCH. CARBOHYDRATES, NUCLEOSIDES, APIS & ENZYME SUBSTRATES",,,,,https://www.biosynth.com/,BioPharmGuy
LEADXPRO,Contract Research (Pre-Clinical),Switzerland - Villigen,CONTRACT DRUG DISCOVERY,,,,,https://leadxpro.com/,BioPharmGuy
CURIO BIOTECH,Contract Research (Pre-Clinical),Switzerland - Visp,SCIENTIFIC SERVICES,,,,,https://curiobiotech.com/,BioPharmGuy
EVITRIA,Contract Research (Pre-Clinical),Switzerland - Zurich,CHO CELL SERVICES,,,,,https://www.evitria.com/,BioPharmGuy
LUBIOSCIENCE,Contract Research (Pre-Clinical),Switzerland - Zürich,LAB PRODUCTS AND SERVICES,,,,,https://www.lubio.ch/,BioPharmGuy
YUGACELL,Contract Research (Pre-Clinical),Switzerland - Zurich,"SINGLE CELL ANALYTICS, IMMUNOINFORMATICS, AI, MACHINE LEARNING",,,,,http://yugacell.com/,BioPharmGuy
EIRGENIX,Contract Research (Pre-Clinical),Taiwan - New Taipei City,BIOLOGICS CONTRACT DEVELOPMENT & MANUFACTURING,,,,,https://www.eirgenix.com/,BioPharmGuy
LEARDON SOLUTIONS,Contract Research (Pre-Clinical),Taiwan - New Taipei City,DIAGNOSTIC AND DEVICE DEVELOPMENT,,,,,https://www.leardon.com/,BioPharmGuy
BORA PHARMACEUTICALS,Contract Research (Pre-Clinical),Taiwan - Taipei,"CDMO PROVIDING DEVELOPMENT AND MANUFACTURING SOLUTIONS FOR A WIDE RANGE OF DOSAGE FORMS, FROM CLINICAL TO COMMERCIAL SUPPLY.",,,,,https://bora-corp.com/,BioPharmGuy
MYCENAX BIOTECH,Contract Research (Pre-Clinical),Taiwan - Zhubei,"CDMO, BIOSIMILARS",,,,,https://www.mycenax.com/,BioPharmGuy
QUARK BIOSCIENCES,Contract Research (Pre-Clinical),Taiwan - Zhubei,"THYROID DIAGNOSTIC, CANCER DIAGNOSTIC, SERVICES",,,,,https://www.quarkbiosciences.com/,BioPharmGuy
SEQKER BIOSCIENCES,Contract Research (Pre-Clinical),Thailand - Bangkok,PERSONALIZED CANCER VACCINES,,,,,https://www.seqker.com/,BioPharmGuy
UPM PHARMACEUTICALS,Contract Research (Pre-Clinical),Tn - Bristol,"FORMULATION DEVELOPMENT, CONTRACT MANUFACTURING",,,,,http://www.upm-inc.com,BioPharmGuy
AUGUST BIOSERVICES,Contract Research (Pre-Clinical),Tn - Nashville,RESEARCH & DEVELOPMENT SERVICES,,,,,https://www.augustbio.com/,BioPharmGuy
ISOTHERAPEUTICS,Contract Research (Pre-Clinical),Tx - Angleton,RADIOPHARMACEUTICALS,,,,,https://isotherapeutics.com/,BioPharmGuy
ALTOGEN LABS,Contract Research (Pre-Clinical),Tx - Austin,GLP-COMPLIANT LABORATORY THAT PROVIDES PRECLINICAL RESEARCH SERVICES,,,,,https://altogenlabs.com/,BioPharmGuy
DEVSYNTHESIS,Contract Research (Pre-Clinical),Tx - Austin,CHEMISTRY CRO,,,,,https://dev-synthesis.com/,BioPharmGuy
MACROMOLTEK,Contract Research (Pre-Clinical),Tx - Austin,ANTIBODY DESIGN SERVICES,,,,,https://www.macromoltek.com/,BioPharmGuy
RARELABS,Contract Research (Pre-Clinical),Tx - Austin,RARE MEDICINE LAB,,,,,https://hopeatrarelabs.com/,BioPharmGuy
FUJIFILM DIOSYNTH,Contract Research (Pre-Clinical),Tx - College Station,BIOLOGICS DEVELOPMENT & MANUFACTURING,,,,,https://fujifilmbiotechnologies.fujifilm.com/,BioPharmGuy
DALLAS TISSUE RESEARCH,Contract Research (Pre-Clinical),Tx - Farmers Branch,"NON-CLINICAL, NON-GLP, CONTRACT  LAB. HISTOLOGY, ADVANCED STAINING, SLIDE SCANNING, IMAGE ANALYSIS, AND PATHOLOGY SERVICES",,,,,https://www.dtr-labs.com/,BioPharmGuy
CEUTICAL LABORATORIES,Contract Research (Pre-Clinical),Tx - Flower Mound,"CONTRACT RESEARCH - CHEMISTRY, MICROBIOLOGY, SYNTHESIS, FORMULATION DEVELOPMENT, AND PRODUCT DEVELOPMENT LABORATORIES",,,,,https://ceuticallabs.com/,BioPharmGuy
AVANCE BIOSCIENCES,Contract Research (Pre-Clinical),Tx - Houston,"CRO PROVIDING GLP/GMP-COMPLIANT ASSAY DEVELOPMENT, ASSAY VALIDATION, AND SAMPLE TESTING SERVICES",,,,,https://www.avancebio.com/,BioPharmGuy
BIOSTATE AI,Contract Research (Pre-Clinical),Tx - Houston,AI-ENHANCED RNA SEQUENCING,,,,,https://www.biostate.ai/,BioPharmGuy
K2BIO,Contract Research (Pre-Clinical),Tx - Houston,PRECLINICAL CRO,,,,,https://www.k2-biolabs.com/,BioPharmGuy
MEDICAL METRICS,Contract Research (Pre-Clinical),Tx - Houston,IMAGING SERVICES & SOLUTIONS,,,,,https://medicalmetrics.com/,BioPharmGuy
OCLAD ENGINEERING,Contract Research (Pre-Clinical),Tx - Houston,"LIFE SCIENCE ENGINEERING AND BUSINESS INTELLIGENCE, OUTSOURCING AND CONTRACT SERVICES",,,,,https://www.ocladengineering.com/,BioPharmGuy
PACKGENE BIOTECH,Contract Research (Pre-Clinical),Tx - Houston,CUSTOMIZED AAV VECTOR CLONING/PACKAGING SERVICES,,,,,https://www.packgene.com/,BioPharmGuy
VIROVEK,Contract Research (Pre-Clinical),Tx - Houston,AAV PRODUCTION,,,,,https://virovek.com/,BioPharmGuy
SK PHARMTECO,Contract Research (Pre-Clinical),Tx - La Porte,SMALL MOLECULE DEVELOPMENT & MANUFACTURING,,,,,https://www.skpharmteco.com/,BioPharmGuy
BIO-SYNTHESIS,Contract Research (Pre-Clinical),Tx - Lewisville,"CONTRACT RESEARCH; CUSTOM SYNTHESIS, PEPTIDES, ANTIBODIES, BIOCONJUGATION, ORGANIC SYNTHESIS",,,,,https://www.biosyn.com/index.aspx,BioPharmGuy
RTLGENOMICS,Contract Research (Pre-Clinical),Tx - Lubbock,GENOMIC SERVICES,,,,,https://rtlgenomics.com/,BioPharmGuy
LONZA,Contract Research (Pre-Clinical),Tx - Pearland,"CONTRACT MANUFACTURING, DEVELOPMENT; LAB SYSTEMS, RESEARCH PRODUCTS",,,,,https://www.lonza.com/,BioPharmGuy
VELENTIUM MEDICAL,Contract Research (Pre-Clinical),Tx - Richmond,DESIGN AND MANUFACTURING OF THERAPEUTIC AND DIAGNOSTIC ACTIVE MEDICAL DEVICES,,,,,https://velentiummedical.com/,BioPharmGuy
DPT LABORATORIES,Contract Research (Pre-Clinical),Tx - San Antonio,"SEMI-SOLID & LIQUIDS - CONTRACT DEVELOPMENT, MFG",,,,,https://www.dptlabs.com/,BioPharmGuy
BIONOVA SCIENTIFIC,Contract Research (Pre-Clinical),Tx - The Woodlands,FULL-SERVICE BIOLOGICS CDMO,,,,,https://bionovascientific.com/,BioPharmGuy
EVOTEC,Contract Research (Pre-Clinical),Uk - Abingdon,CONTRACT DRUG DISCOVERY & DEVELOPMENT OFFERING INTEGRATED SOLUTIONS FROM TARGET ID THROUGH TO CLINIC,,,,,https://www.evotec.com/,BioPharmGuy
APEX MOLECULAR,Contract Research (Pre-Clinical),Uk - Alderley Edge,CONTRACT CHEMISTRY,,,,,https://apexmolecular.com/,BioPharmGuy
FUSION ANTIBODIES,Contract Research (Pre-Clinical),Uk - Belfast,WORLD LEADING ANTIBODY SERVICES. SPECIALISTS IN DISCOVERY TO CLINICAL SUPPLY.,,,,,https://fusionantibodies.com/,BioPharmGuy
FUJIFILM DIOSYNTH,Contract Research (Pre-Clinical),Uk - Billingham,BIOLOGICS DEVELOPMENT & MANUFACTURING,,,,,https://fujifilmbiotechnologies.fujifilm.com/,BioPharmGuy
CELENTYX,Contract Research (Pre-Clinical),Uk - Birmingham,"CLRO ASSAY SERVICES FOR IMMUNO-ONCOLOGY, AUTOIMMUNITY & INFLAMMATION, NEUROINFLAMMATION, AND FIBROSIS",,,,,https://celentyx.com/index.html,BioPharmGuy
GIFFORD BIOSCIENCE,Contract Research (Pre-Clinical),Uk - Birmingham,PRECLINICAL CRO SPECIALIZING IN RECEPTOR-LIGAND INTERACTIONS.,,,,,https://www.giffordbioscience.com/,BioPharmGuy
HYDROGEL HEALTHCARE,Contract Research (Pre-Clinical),Uk - Birmingham,HYDROGEL SERVICES,,,,,https://hydrogel-healthcare.com/,BioPharmGuy
PCI PHARMA SERVICES,Contract Research (Pre-Clinical),Uk - Bridgend,"CONTRACT MANUFACTURING, SERVICES",,,,,https://pci.com/,BioPharmGuy
NEXUS BIOQUEST,Contract Research (Pre-Clinical),Uk - Bristol,IMMUNOLOGY CRO,,,,,https://www.nexusbioquest.com/,BioPharmGuy
CAMBRIDGE NUCLEOMICS,Contract Research (Pre-Clinical),Uk - Cambridge,RNA QUANTIFICATION,,,,,https://www.cambridge-nucleomics.com/,BioPharmGuy
ISOMERASE THERAPEUTICS,Contract Research (Pre-Clinical),Uk - Cambridge,BIOSYNTHETIC MEDICINAL CHEMISTRY SERVICES,,,,,https://isomerase.com/,BioPharmGuy
METRION BIOSCIENCES,Contract Research (Pre-Clinical),Uk - Cambridge,"ION CHANNEL DRUG DISCOVERY SERVICES, CARDIAC SAFETY SCREENING AND TRANSLATIONAL NEUROSCIENCE ASSAYS",,,,,https://metrionbiosciences.com/,BioPharmGuy
O2H DISCOVERY,Contract Research (Pre-Clinical),Uk - Cambridge,DRUG DISCOVERY SERVICES,,,,,https://o2h.com/discovery/chemistry/,BioPharmGuy
RXBIOLOGICS,Contract Research (Pre-Clinical),Uk - Cambridge,ANTIBODY DISCOVERY,,,,,https://rxbiologics.com/,BioPharmGuy
RXCELERATE,Contract Research (Pre-Clinical),Uk - Cambridge,CONTRACT SERVICES,,,,,https://www.rxcelerate.com/,BioPharmGuy
VERNALIS RESEARCH,Contract Research (Pre-Clinical),Uk - Cambridge,CONTRACT DRUG DISCOVERY & DEVELOPMENT OFFERING INTEGRATED SOLUTIONS FROM TARGET ID THROUGH TO CLINIC,,,,,https://www.vernalis.com/,BioPharmGuy
ANTIVERSE,Contract Research (Pre-Clinical),Uk - Cardiff,COMPUTATIONAL ANTIBODY DRUG DISCOVERY PLATFORM,,,,,https://www.antiverse.io/,BioPharmGuy
CATSCI,Contract Research (Pre-Clinical),Uk - Cardiff,CONTRACT RESEARCH,,,,,https://catsci.com/,BioPharmGuy
PHARMARON,Contract Research (Pre-Clinical),Uk - Cardiff,R&D SERVICES,,,,,https://www.pharmaron.com/,BioPharmGuy
ALDERLEY ANALYTICAL,Contract Research (Pre-Clinical),Uk - Cheshire,BIOANALYTICAL SERVICES,,,,,https://alderleyanalytical.com/,BioPharmGuy
APCONIX,Contract Research (Pre-Clinical),Uk - Cheshire,TOXICOLOGY & DMPK CONSULTANCY,,,,,https://www.apconix.com/,BioPharmGuy
SYGNATURE DISCOVERY,Contract Research (Pre-Clinical),Uk - Cheshire,DRUG DISCOVERY CONTRACT RESEARCH,,,,,https://www.sygnaturediscovery.com/,BioPharmGuy
ACROBIOSYSTEMS,Contract Research (Pre-Clinical),Uk - Chessington,"PROTEINS, ANTIBODIES, KITS, GMP-GRADE REAGENTS, AND CUSTOM SERVICES",,,,,https://acrobiosystems.com.cn/,BioPharmGuy
BIOSYNTH,Contract Research (Pre-Clinical),Uk - Compton,"STAAD CHEMICALS CONTRACT MANUFACTURING / RESEARCH. CARBOHYDRATES, NUCLEOSIDES, APIS & ENZYME SUBSTRATES",,,,,https://www.biosynth.com/,BioPharmGuy
J C ANALYTICAL,Contract Research (Pre-Clinical),Uk - Cornwall,"CHEMISTRY, MICROBIOLOGY, STABILITY, METHOD DEVELOPMENT & VALIDATION",,,,,https://www.jcanalytical.co.uk/,BioPharmGuy
NEUROSOLUTIONS,Contract Research (Pre-Clinical),Uk - Coventry,TRANSLATIONAL PRECLINICAL NEUROSCIENCE RESEARCH SERVICES,,,,,https://nsolns.com/,BioPharmGuy
ALMAC,Contract Research (Pre-Clinical),Uk - Craigavon,PHARMACEUTICAL SERVICES,,,,,https://www.almacgroup.com/,BioPharmGuy
STERLING PHARMA SOLUTIONS,Contract Research (Pre-Clinical),Uk - Cramlington,CONTRACT DEVELOPMENT & MANUFACTURING - APIS,,,,,https://www.sterlingpharmasolutions.com/,BioPharmGuy
BBI SOLUTIONS,Contract Research (Pre-Clinical),Uk - Crumlin,"ANTIBODIES, SERA, ENZYMES, CONTRACT WORK, ETC.",,,,,https://bbisolutions.com/,BioPharmGuy
STERLING PHARMA SOLUTIONS,Contract Research (Pre-Clinical),Uk - Deeside,CONTRACT DEVELOPMENT & MANUFACTURING - APIS,,,,,https://www.sterlingpharmasolutions.com/,BioPharmGuy
TENTAMUS PHARMA,Contract Research (Pre-Clinical),Uk - Derby,PHARMACEUTICAL TESTING,,,,,https://www.tentamus.com/,BioPharmGuy
BIOTOOLOMICS,Contract Research (Pre-Clinical),Uk - Durham,"CHROMATOGRAPHY MEDIA, COLUMN PACKING",,,,,https://www.biotoolomics.com/,BioPharmGuy
CHARLES RIVER LABORATORIES,Contract Research (Pre-Clinical),Uk - East Lothian,RESEARCH ANIMAL MODELS AND PRECLINICAL RESEARCH,,,,,https://www.criver.com/,BioPharmGuy
CUSTOM PHARMA SERVICES,Contract Research (Pre-Clinical),Uk - East Sussex,"CRO, CDMO",,,,,https://www.custompharma.co.uk/,BioPharmGuy
CAMBREX,Contract Research (Pre-Clinical),Uk - Edinburgh,"SMALL MOLECULES RESEARCH, DEVELOPMENT & MANUFACTURING SERVICES",,,,,https://www.cambrex.com/,BioPharmGuy
FIOS GENOMICS,Contract Research (Pre-Clinical),Uk - Edinburgh,"BIOINFORMATICS AND STATISTICAL ANALYSIS TO SUPPORT DRUG DISCOVERY, CLINICAL TRIALS & RESEARCH STUDIES WORLDWIDE.",,,,,https://www.fiosgenomics.com/,BioPharmGuy
BDD PHARMA,Contract Research (Pre-Clinical),Uk - Glasgow,DEVELOPMENT AND CLINICAL TESTING OF INNOVATIVE PHARMACEUTICAL PRODUCTS.,,,,,https://www.bddpharma.com/,BioPharmGuy
MEDPHARM,Contract Research (Pre-Clinical),Uk - Guildford,MEDPHARM IS THE WORLD’S LEADING CONTRACT PROVIDER OF TOPICAL AND TRANSDERMAL PRODUCT DESIGN AND FORMULATION DEVELOPMENT SERVICES,,,,,https://www.medpharm.com/,BioPharmGuy
PEPLOBIO,Contract Research (Pre-Clinical),Uk - Guildford,DIAGNOSTICS CONTRACT WORK,,,,,https://www.peplobio.com/,BioPharmGuy
WICKHAM MICRO,Contract Research (Pre-Clinical),Uk - Hampshire,SPECIALIZED PHARMACEUTICAL AND MEDICAL DEVICE TESTING IN THE FIELDS OF MICROBIOLOGY,,,,,https://wickhammicro.co.uk/,BioPharmGuy
TOUCHLIGHT,Contract Research (Pre-Clinical),Uk - Hampton,"RAPID, ENZYMATIC GMP DNA MANUFACTURING FOR ADVANCED THERAPEUTICS",,,,,https://touchlight.com/,BioPharmGuy
CHARLES RIVER LABORATORIES,Contract Research (Pre-Clinical),Uk - Harlow,RESEARCH ANIMAL MODELS AND PRECLINICAL RESEARCH,,,,,https://www.criver.com/,BioPharmGuy
PCI PHARMA SERVICES,Contract Research (Pre-Clinical),Uk - Hay-On-Wye,"CONTRACT MANUFACTURING, SERVICES",,,,,https://pci.com/,BioPharmGuy
PHARMARON,Contract Research (Pre-Clinical),Uk - Hertfordshire,R&D SERVICES,,,,,https://www.pharmaron.com/,BioPharmGuy
CONCEPT LIFE SCIENCES,Contract Research (Pre-Clinical),Uk - High Peak,"DISCOVERY CHEMISTRY, IMMUNOLOGY, IMMUNO-ONCOLOGY & NEUROSCIENCE, ANALYTICAL SERVICES, PROCESS R&D, GMP MANUFACTURING",,,,,https://www.conceptlifesciences.com/,BioPharmGuy
BESPAK,Contract Research (Pre-Clinical),Uk - Holmes Chapel,CDMO FOCUSED ON INHALED AND NASAL DRUG DELIVERY DEVICES AND DRUG-DEVICE COMBINATION PRODUCTS,,,,,https://bespak.com/,BioPharmGuy
BIOPHARMASPEC,Contract Research (Pre-Clinical),Uk - Jersey,"AMINO ACID SEQUENCING, CONTRACT RESEARCH",,,,,https://biopharmaspec.com/,BioPharmGuy
TETRAD DISCOVERY,Contract Research (Pre-Clinical),Uk - Kent,BESPOKE BIO-ANALYSIS SOLUTIONS AND DRUG DISCOVERY SUPPORT,,,,,https://www.t4bio.com/,BioPharmGuy
VIROLOGY RESEARCH SERVICES,Contract Research (Pre-Clinical),Uk - Kent,VIROLOGY CONTRACT RESEARCH,,,,,https://virologyresearchservices.com/,BioPharmGuy
BESPAK,Contract Research (Pre-Clinical),Uk - King'S Lynn,CDMO FOCUSED ON INHALED AND NASAL DRUG DELIVERY DEVICES AND DRUG-DEVICE COMBINATION PRODUCTS,,,,,https://bespak.com/,BioPharmGuy
BIOASCENT,Contract Research (Pre-Clinical),Uk - Lanarkshire,DRUG DISCOVERY SERVICE,,,,,https://www.bioascent.com/,BioPharmGuy
CLYDE BIOSCIENCES,Contract Research (Pre-Clinical),Uk - Lanarkshire,CRO FOCUSED ON SAFETY PHARMACOLOGY AND SCREENING FOR CARDIAC LIABILITIES,,,,,https://www.clydebio.com/,BioPharmGuy
BIOAPP SOLUTIONS,Contract Research (Pre-Clinical),Uk - Leeds,CONTRACT RESEARCH SERVICES,,,,,https://www.bioappsolutions.co.uk/,BioPharmGuy
MYOMAKER BIO,Contract Research (Pre-Clinical),Uk - Leicestershire,CRO SPECIALIZING IN MUSCLE BIOLOGY,,,,,https://myomakers.com/,BioPharmGuy
LONZA,Contract Research (Pre-Clinical),Uk - Little Chesterford,"CONTRACT MANUFACTURING, DEVELOPMENT; LAB SYSTEMS, RESEARCH PRODUCTS",,,,,https://www.lonza.com/,BioPharmGuy
5 D HEALTH PROTECTION GROUP,Contract Research (Pre-Clinical),Uk - Liverpool,CONTRACT RESEARCH,,,,,https://www.5dhpg.com/,BioPharmGuy
ANALYTICAL SERVICES INTERNATIONAL,Contract Research (Pre-Clinical),Uk - London,"BIOANALYTICS, TOXICOLOGY, CLINICAL SERVICES",,,,,https://www.bioanalytics.co.uk/,BioPharmGuy
CORMICA,Contract Research (Pre-Clinical),Uk - London,"ANALYTICAL AND TESTING SERVICES FOR MEDICAL DEVICES, COMBINATION PRODUCTS, PHARMACEUTICAL",,,,,https://www.cormica.com/,BioPharmGuy
NEXTPHARMA,Contract Research (Pre-Clinical),Uk - London,CONTRACT RESEARCH & DEVELOPMENT,,,,,https://nextpharma.com/,BioPharmGuy
PHARMIDEX,Contract Research (Pre-Clinical),Uk - London,"DRUG DISCOVERY CRO. GLP/NON-GLP SERVICES, DMPK STUDIES, THERAPEUTIC MODELS AND GLP TOXICOLOGY",,,,,https://www.pharmidex.com/,BioPharmGuy
SEQUOIA GENETICS,Contract Research (Pre-Clinical),Uk - London,GENETIC RESEARCH TO HELP INFORM DRUG DISCOVERY AND DEVELOPMENT,,,,,https://sequoiagenetics.com/,BioPharmGuy
TRANSPHARMATION,Contract Research (Pre-Clinical),Uk - London,PRECLINICAL IN VIVO CRO,,,,,https://www.transpharmation.com/,BioPharmGuy
CROWN BIOSCIENCE,Contract Research (Pre-Clinical),Uk - Loughborough,DRUG DEVELOPMENT,,,,,https://www.crownbio.com,BioPharmGuy
KINDEVA DRUG DELIVERY,Contract Research (Pre-Clinical),Uk - Loughborough,DRUG DELIVERY CDMO,,,,,https://www.kindevadd.com/,BioPharmGuy
ALMAC,Contract Research (Pre-Clinical),Uk - Macclesfield,PHARMACEUTICAL SERVICES,,,,,https://www.almacgroup.com/,BioPharmGuy
MALVERN PANALYTICAL,Contract Research (Pre-Clinical),Uk - Malvern,PRECLINICAL CRO,,,,,https://www.malvernpanalytical.com/en,BioPharmGuy
APIS ASSAY TECHNOLOGIES,Contract Research (Pre-Clinical),Uk - Manchester,"ONCOLOGY AND INFECTIOUS DISEASE PRODUCTS, CONTRACT ASSAY R&D, BIOINFORMATICS SERVICES, CLICKMERS",,,,,https://www.apisassay.com/,BioPharmGuy
CARBOGEN AMCIS,Contract Research (Pre-Clinical),Uk - Manchester,DRUG DEVELOPMENT & COMMERCIALIZATION,,,,,https://www.carbogen-amcis.com/,BioPharmGuy
IMMUNOSIG,Contract Research (Pre-Clinical),Uk - Manchester,PEPTIDE AND PROTEIN MICROARRAY IMMUNOPROFILING,,,,,https://www.immunosig.com/,BioPharmGuy
MOTAC NEUROSCIENCE,Contract Research (Pre-Clinical),Uk - Manchester,PRECLINICAL SERVICES FOR NEUROLOGIC AND PSYCHIATRIC DISORDERS,,,,,https://motac.com/,BioPharmGuy
SEDA,Contract Research (Pre-Clinical),Uk - Manchester,PHARMACEUTICAL DEVELOPMENT AND CLINICAL PHARMACOLOGY,,,,,https://www.sedapds.com/,BioPharmGuy
CHARLES RIVER LABORATORIES,Contract Research (Pre-Clinical),Uk - Margate,RESEARCH ANIMAL MODELS AND PRECLINICAL RESEARCH,,,,,https://www.criver.com/,BioPharmGuy
ROUKEN BIO,Contract Research (Pre-Clinical),Uk - Motherwell,"DISCOVERY SERVICES. PRIMARILY IN VITRO SYSTEMS WHICH MODEL IN VIVO INTERACTIONS, PATHWAYS AND EFFECTOR FUNCTIONS.",,,,,https://rouken.bio/,BioPharmGuy
STERLING PHARMA SOLUTIONS,Contract Research (Pre-Clinical),Uk - Newcastle,CONTRACT DEVELOPMENT & MANUFACTURING - APIS,,,,,https://www.sterlingpharmasolutions.com/,BioPharmGuy
AEIRTEC,Contract Research (Pre-Clinical),Uk - Newcastle Upon Tyne,"BIOMARKERS, BIOSTATISTICS, GENE EXPRESSION",,,,,https://www.aeirtec.com/,BioPharmGuy
BDD PHARMA,Contract Research (Pre-Clinical),Uk - Newhouse,DEVELOPMENT AND CLINICAL TESTING OF INNOVATIVE PHARMACEUTICAL PRODUCTS.,,,,,https://www.bddpharma.com/,BioPharmGuy
AEIRTEC,Contract Research (Pre-Clinical),Uk - North Shields,"BIOMARKERS, BIOSTATISTICS, GENE EXPRESSION",,,,,https://www.aeirtec.com/,BioPharmGuy
PHARMARON,Contract Research (Pre-Clinical),Uk - Northamptonshire,R&D SERVICES,,,,,https://www.pharmaron.com/,BioPharmGuy
CELLOMATICS BIOSCIENCES,Contract Research (Pre-Clinical),Uk - Nottingham,"CONTRACT LAB RESEARCH - ONCOLOGY, RESPIRATORY, IMMUNOLOGY",,,,,https://cellomaticsbio.com/,BioPharmGuy
FORGE GENETICS,Contract Research (Pre-Clinical),Uk - Nottingham,GENE EDITING SERVICES,,,,,https://www.forgegenetics.com/,BioPharmGuy
INAPHAEA,Contract Research (Pre-Clinical),Uk - Nottingham,"CELL-BASED ASSAY PLATFORMS FOR ADVANCED DRUG DISCOVERY, SPECIALIZING IN ONCOLOGY",,,,,https://inaphaea.com/,BioPharmGuy
INTELLIGENT OMICS,Contract Research (Pre-Clinical),Uk - Nottingham,OMIC ANALYSIS,,,,,https://www.intellomx.com/,BioPharmGuy
REACH SEPARATIONS,Contract Research (Pre-Clinical),Uk - Nottingham,PURIFICATION SERVICES,,,,,https://www.reachseparations.com/,BioPharmGuy
SYGNATURE DISCOVERY,Contract Research (Pre-Clinical),Uk - Nottingham,DRUG DISCOVERY CONTRACT RESEARCH,,,,,https://www.sygnaturediscovery.com/,BioPharmGuy
UPPERTON PHARMA SOLUTIONS,Contract Research (Pre-Clinical),Uk - Nottingham,"FORMULATION DEVELOPMENT, CLINICAL MANUFACTURING, ANALYTICAL SERVICES",,,,,https://upperton.com/,BioPharmGuy
CELENTYX,Contract Research (Pre-Clinical),Uk - Oxford,"CLRO ASSAY SERVICES FOR IMMUNO-ONCOLOGY, AUTOIMMUNITY & INFLAMMATION, NEUROINFLAMMATION, AND FIBROSIS",,,,,https://celentyx.com/index.html,BioPharmGuy
NATIVE ANTIGEN COMPANY,Contract Research (Pre-Clinical),Uk - Oxford,DEVELOPMENT AND MANUFACTURE OF NATIVE VIRAL AND BACTERIAL ANTIGENS,,,,,https://thenativeantigencompany.com/,BioPharmGuy
OXFORD EXPRESSION TECHNOLOGIES,Contract Research (Pre-Clinical),Uk - Oxford,"INSECT, MAMMALIAN, BACTERIAL EXPRESSION EXPERTS",,,,,https://www.oetltd.com/,BioPharmGuy
ALMAC,Contract Research (Pre-Clinical),Uk - Penicuik,PHARMACEUTICAL SERVICES,,,,,https://www.almacgroup.com/,BioPharmGuy
RSSL,Contract Research (Pre-Clinical),Uk - Reading,ANALYTICAL SERVICES,,,,,https://www.rssl.com/,BioPharmGuy
PHARMAGENE DISCOVERY SERVICES,Contract Research (Pre-Clinical),Uk - Royston,TRANSLATIONAL RESEARCH SERVICES USING HUMAN TISSUE AND CELLULAR MODELS,,,,,https://www.pharmagene.com/,BioPharmGuy
CHARLES RIVER LABORATORIES,Contract Research (Pre-Clinical),Uk - Saffron Walden,RESEARCH ANIMAL MODELS AND PRECLINICAL RESEARCH,,,,,https://www.criver.com/,BioPharmGuy
BBI SOLUTIONS,Contract Research (Pre-Clinical),Uk - Salisbury,"ANTIBODIES, SERA, ENZYMES, CONTRACT WORK, ETC.",,,,,https://bbisolutions.com/,BioPharmGuy
NORTHUMBRIA PHARMA,Contract Research (Pre-Clinical),Uk - Sedgefield,"GENERICS, REGULATORY/QUALITY SERVICES",,,,,https://northumbriapharma.com/,BioPharmGuy
NAMSA,Contract Research (Pre-Clinical),Uk - Selby,MEDICAL RESEARCH ORGANIZATION - MEDICAL DEVICES,,,,,https://namsa.com/,BioPharmGuy
LONZA,Contract Research (Pre-Clinical),Uk - Slough,"CONTRACT MANUFACTURING, DEVELOPMENT; LAB SYSTEMS, RESEARCH PRODUCTS",,,,,https://www.lonza.com/,BioPharmGuy
IMMUONE,Contract Research (Pre-Clinical),Uk - Stevenage,"ORGAN MODELS, SERVICES",,,,,https://immuone.com/,BioPharmGuy
PATHEON,Contract Research (Pre-Clinical),Uk - Swindon,CONTRACT MANUFACTURING AND DEVELOPMENT,,,,,https://www.patheon.com/us/en/home.html,BioPharmGuy
CHARLES RIVER LABORATORIES,Contract Research (Pre-Clinical),Uk - Tranent,RESEARCH ANIMAL MODELS AND PRECLINICAL RESEARCH,,,,,https://www.criver.com/,BioPharmGuy
PCI PHARMA SERVICES,Contract Research (Pre-Clinical),Uk - Tredegar,"CONTRACT MANUFACTURING, SERVICES",,,,,https://pci.com/,BioPharmGuy
OZ-UK,Contract Research (Pre-Clinical),Uk - Wiltshire,PRESSURIZED METERED DOSE INHALER (PMDI) AND LIQUID AEROSOL RESEARCH AND DEVELOPMENT,,,,,https://www.oz-uk-labs.com/,BioPharmGuy
BIOPHARMA GROUP,Contract Research (Pre-Clinical),Uk - Winchester,BIOPHARMA GROUP ARE A GLOBAL CDMO WHO SPECIALIZES IN LIQUID AND DRYING TECHNOLOGIES.,,,,,https://biopharmagroupcdmo.com/,BioPharmGuy
RSSL,Contract Research (Pre-Clinical),Uk - Wokingham,ANALYTICAL SERVICES,,,,,https://www.rssl.com/,BioPharmGuy
ABINGDON HEALTH,Contract Research (Pre-Clinical),Uk - York,LATERAL FLOW IMMUNOASSAY AND READER RAPID DIAGNOSTICS CONTRACT MANUFACTURING,,,,,https://www.abingdonhealth.com/,BioPharmGuy
BIOASSAY SCIENCES,Contract Research (Pre-Clinical),Ut - Highland,RAPID BIOASSAY DEVELOPMENT,,,,,https://bioassaysciences.com/,BioPharmGuy
AXCEND,Contract Research (Pre-Clinical),Ut - Lehi,CHROMATOGRAPHY SERVICES,,,,,https://axcendcorp.com/,BioPharmGuy
IBEX PRECLINICAL RESEARCH,Contract Research (Pre-Clinical),Ut - Logan,PRECLINICAL RESEARCH,,,,,https://ibexresearch.com/,BioPharmGuy
ALIRI,Contract Research (Pre-Clinical),Ut - Salt Lake City,CONTRACT MASS SPEC,,,,,https://aliribio.com/,BioPharmGuy
T3S TECHNOLOGIES,Contract Research (Pre-Clinical),Ut - Salt Lake City,EXPRESSION AND OPTIMIZATION OF  DIFFICULT TO EXPRESS RECOMBINANT PROTEIN PRODUCTS,,,,,http://www.t3sbio.com/,BioPharmGuy
ZIEN MEDICAL TECHNOLOGIES,Contract Research (Pre-Clinical),Ut - Salt Lake City,CONTRACT MEDICAL DEVICE WORK,,,,,https://zienmedical.com/,BioPharmGuy
PROLYTIX,Contract Research (Pre-Clinical),Vt - Essex Junction,CONTRACT BIOLOGICS RESEARCH & DEVELOPMENT,,,,,https://www.goprolytix.com/,BioPharmGuy
ALTASCIENCES,Contract Research (Pre-Clinical),Wa - Everett,CONTRACT RESEARCH,,,,,https://www.altasciences.com/,BioPharmGuy
DSK INNOSCIENCES,Contract Research (Pre-Clinical),Wa - Newcastle,CONTRACT CHEMISTRY SERVICES,,,,,https://dskinnosciences.com/,BioPharmGuy
EVOTEC,Contract Research (Pre-Clinical),Wa - Seattle,CONTRACT DRUG DISCOVERY & DEVELOPMENT OFFERING INTEGRATED SOLUTIONS FROM TARGET ID THROUGH TO CLINIC,,,,,https://www.evotec.com/,BioPharmGuy
GMJ TECHNOLOGIES,Contract Research (Pre-Clinical),Wa - Seattle,PROTEOMICS SERVICES,,,,,https://gmjtechs.com/,BioPharmGuy
HEMATOLOGICS,Contract Research (Pre-Clinical),Wa - Seattle,CONTRACT MOLECULAR ANALYSIS STUDIES,,,,,https://www.hematologics.com/,BioPharmGuy
OLYMPIC PROTEIN TECHNOLOGIES,Contract Research (Pre-Clinical),Wa - Seattle,CUSTOM RECOMBINANT PROTEINS,,,,,https://opt.bio/,BioPharmGuy
PLUREXA,Contract Research (Pre-Clinical),Wa - Seattle,SERVICES RELATED TO THE USE OF HUMAN PLURIPOTENT STEM CELLS AND DERIVED ORGANOIDS OR CELL TYPES,,,,,https://plurexa.com/,BioPharmGuy
PLURISTYX,Contract Research (Pre-Clinical),Wa - Seattle,"RESEARCH & CLINICAL GRADE IPSCS PRODUCTS & SERVICES, WITH UNIQUE & EFFECTIVE GENE EDITING TECHNOLOGIES.",,,,,https://pluristyx.com/,BioPharmGuy
SCISCO GENETICS,Contract Research (Pre-Clinical),Wa - Seattle,HIGH RESOLUTION GENOTYPING OF COMPLEX IMMUNE REGIONS,,,,,https://www.sciscogenetics.com/,BioPharmGuy
STERLING PHARMA SOLUTIONS,Contract Research (Pre-Clinical),Wi - Germantown,CONTRACT DEVELOPMENT & MANUFACTURING - APIS,,,,,https://www.sterlingpharmasolutions.com/,BioPharmGuy
PACE,Contract Research (Pre-Clinical),Wi - Green Bay,"ANALYTICAL TESTING, CDMO",,,,,https://www.pacelabs.com/,BioPharmGuy
CATALENT,Contract Research (Pre-Clinical),Wi - Madison,BIOLOGICS MANUFACTURING & CELL LINE DEVELOPMENT,,,,,https://www.catalent.com/,BioPharmGuy
PCI PHARMA SERVICES,Contract Research (Pre-Clinical),Wi - Madison,"CONTRACT MANUFACTURING, SERVICES",,,,,https://pci.com/,BioPharmGuy
STEMINA BIOMARKER DISCOVERY,Contract Research (Pre-Clinical),Wi - Madison,DRUG SCREENING & DEVELOPMENT,,,,,https://stemina.com/,BioPharmGuy
PPD,Contract Research (Pre-Clinical),Wi - Middleton,"CONTRACT R & D, CONSULTING",,,,,https://www.ppd.com/,BioPharmGuy
MOLECULAR BIOLOGY RESOURCES,Contract Research (Pre-Clinical),Wi - Milwaukee,"MOLECULAR BIOLOGY KITS, SERVICES",,,,,https://www.molbiores.com/,BioPharmGuy
