ACCESSIONNUMBER,ENTITYNAME,CIK,STREET1,STREET2,CITY,STATEORCOUNTRY,ZIPCODE,TOTALAMOUNTSOLD,TOTALOFFERINGAMOUNT,FILING_DATE,source_quarter
0001558525-23-000001,"Serina Therapeutics, Inc.",0001558525,601 GENOME WAY,SUITE 2001,HUNTSVILLE,AL,35806,10000000,10000000,30-MAR-2023,2023Q1
0001062993-23-007888,IntelGenx Technologies Corp.,0001098880,6420 ABRAMS,,VILLE SAINT LAURENT,A8,H4S 1Y2,763000,2000000,28-MAR-2023,2023Q1
0001670639-23-000001,"RENOVION, INC.",0001670639,900 MLK JR. BLVD,SUITE A,CHAPEL HILL,NC,27514,15017305,15048489,28-MAR-2023,2023Q1
0000897069-23-000189,"ThermoGenesis Holdings, Inc.",0000811212,2711 CITRUS ROAD,,RANCHO CORDOVA,CA,95742,3000001,3000001,28-MAR-2023,2023Q1
0001439430-23-000001,CUREMARK LLC,0001439430,800 WESTCHESTER AVENUE,,RYE BROOK,NY,10573,1295000,15000000,27-MAR-2023,2023Q1
0001958190-23-000001,Myosin Therapeutics Inc.,0001958190,"130 SCRIPPS WAY, 3B3",,JUPITER,FL,33458,2999986,2999986,24-MAR-2023,2023Q1
0001014100-23-000020,"NEXGEN FORENSIC SCIENCES, INC.",0001757348,10241 BRADLEY LANE,,COLUMBIA,MD,21044,450319,750000,24-MAR-2023,2023Q1
0001104659-23-036444,Santiste Medical Inc.,0001830849,307 WENDOVER DRIVE,,PRINCETON,NJ,08549,89000,Indefinite,24-MAR-2023,2023Q1
0001802806-23-000006,Orchard Therapeutics plc,0001748907,245 HAMMERSMITH ROAD,,LONDON,X0,W6 8PW,34000140,Indefinite,23-MAR-2023,2023Q1
0001758846-23-000001,Empirico Inc.,0001758846,"4660 LA JOLLA VILLAGE DRIVE, SUITE 100",,SAN DIEGO,CA,92122,45222197,55222199,23-MAR-2023,2023Q1
0001757728-23-000001,"C16 Biosciences, Inc.",0001757728,"619 W 54th Street, 7th Floor",,New York,NY,10019,4984415,10244013,22-MAR-2023,2023Q1
0001722760-23-000001,"Phase Genomics, Inc.",0001722760,1617 8th Ave. North,,SEATTLE,WA,98109,4754364,6579358,21-MAR-2023,2023Q1
0001969987-23-000002,"Rebase Biotech, Inc",0001969987,1936 CHINOOK DR,,DULUTH,MN,55811,400000,1000000,21-MAR-2023,2023Q1
0001745734-23-000001,"Serotiny, Inc.",0001745734,329 Oyster Point Boulevard,3rd Floor South,SAN FRANCISCO,CA,94080,4000000,4500000,20-MAR-2023,2023Q1
0001961891-23-000001,"Mimio Health, Inc",0001961891,95 3RD STREET,,SAN FRANCISCO,CA,94103,2500000,2500000,20-MAR-2023,2023Q1
0001096906-23-000564,"Abilita Bio, Inc.",0001960998,6888 NANCY RIDGE DR,,SAN DIEGO,CA,92121,7500000,7500000,17-MAR-2023,2023Q1
0001567619-23-005217,"AION Healthspan, Inc.",0001969476,550 BAY POINT ROAD,,MIAMI,FL,33137,2912827,6931673,17-MAR-2023,2023Q1
0001836597-23-000002,Early Detection Inc.,0001836597,732 THIMBLE SHOALS,STE 302A #1051,NEWPORT NEWS,VA,23606,25000,2000000,17-MAR-2023,2023Q1
0001961082-23-000002,Shennon Biotechnologies Inc.,0001961082,953 INDIANA STREET,,SAN FRANCISCO,CA,94107,7299925,7299925,16-MAR-2023,2023Q1
0001962473-23-000001,Presa Solutions Inc,0001962473,511 E JOHN CARPENTER FWY,SUITE 500,LAS COLINAS,TX,75062,110000,Indefinite,14-MAR-2023,2023Q1
0001567619-23-004949,"LEAP THERAPEUTICS, INC.",0001509745,47 THORNDIKE STREET,SUITE B1-1,CAMBRIDGE,MA,02142,77219193,77219193,13-MAR-2023,2023Q1
0001445815-23-000006,"BIOXYTRAN, INC",0001445815,"C/O BIOXYTRAN, INC.","75 2ND AVE, SUITE 605 STE 605",NEEDHAM,MA,02494,130000,6000000,13-MAR-2023,2023Q1
0001099910-23-000045,Artin Bioscience Inc.,0001968329,700 WEST 11TH STREET,,DENVER,CO,80204,482500,482500,13-MAR-2023,2023Q1
0001752445-23-000001,"SEngine Precision Medicine, Inc.",0001752445,401 TERRY AVE N.,,SEATTLE,WA,98109,600000,3577538,10-MAR-2023,2023Q1
0001014100-23-000017,"AGI Scientific, LLC",0001967574,701 E. PRATT STREET,SUITE 4016,BALTIMORE,MD,21202,10000000,10000000,10-MAR-2023,2023Q1
0001678518-23-000001,"Lenz Therapeutics, Inc.",0001678518,"445 MARINE VIEW AVE., SUITE #320",,DEL MAR,CA,92014,83499961,83499961,10-MAR-2023,2023Q1
0001744231-23-000001,"DIVERSE BIOTECH, INC.",0001744231,1951 NW 7th Ave,Suite 600,MIAMI,FL,33136,0,950000,10-MAR-2023,2023Q1
0001876967-23-000002,"Unravel Biosciences, Inc.",0001876967,100 WILLIAM T. MORRISSEY BLVD.,VENTURE DEVELOPMENT CENTER,BOSTON,MA,02125,500000,2000000,09-MAR-2023,2023Q1
0001966964-23-000001,"SNC Therapeutics, Inc.",0001966964,1801 Maple Avenue,"Querrey InQbation Lab, Suite 1400",Evanston,IL,60201,249999,4999999,08-MAR-2023,2023Q1
0001968644-23-000001,"Duet Therapeutics, Inc.",0001968644,23 Southern Hills Dr.,,Skillman,NJ,08558,200000,1000000,08-MAR-2023,2023Q1
0001674834-23-000001,"Notable Labs, Inc.",0001674834,320 HATCH DRIVE,,FOSTER CITY,CA,94404,10336259,10336259,08-MAR-2023,2023Q1
0001968687-23-000001,"Amplfied Sciences, Inc.",0001968687,1281 WIN HENTSCHEL BOULEVARD,SUITE 2132,WEST LAFAYETTE,IN,47906,1500006,3500000,08-MAR-2023,2023Q1
0001821392-23-000001,"Enveda Therapeutics, Inc.",0001821392,1880 S Flatiron Ct. Ste. K,,Boulder,CO,80301,62459761,62459761,07-MAR-2023,2023Q1
0001952064-23-000003,"Oxygen4Life, Inc.",0001952064,30 N GOULD,SUITE 6994,SHERIDAN,WY,82801,5000,1000000,07-MAR-2023,2023Q1
0001967784-23-000001,Ethicann Pharmaceuticals Inc. / DE,0001967784,7710 WOODMONT AVE,SUITE 910,BETHESDA,MD,20814,0,Indefinite,06-MAR-2023,2023Q1
0001833483-23-000001,Photomedics Inc.,0001833483,245 FIRST STREET,17TH FLOOR,CAMBRIDGE,MA,02142,1159500,2319000,03-MAR-2023,2023Q1
0001679363-23-000017,"Morphic Holding, Inc.",0001679363,35 GATEHOUSE DRIVE A2,,WALTHAM,MA,02451,99999755,100000000,01-MAR-2023,2023Q1
0001966494-23-000001,"CARGO Therapeutics, Inc.",0001966494,1900 ALAMEDA DE LAS PULGAS SUITE 350,,SAN MATEO,CA,94403,68832003,200760000,01-MAR-2023,2023Q1
0001712390-23-000001,"Cadence Neuroscience, Inc.",0001712390,2036 223RD PLACE NE,,SAMMAMISH,WA,98074,26029994,26029994,28-FEB-2023,2023Q1
0001515971-23-000017,Causeway Therapeutics Ltd,0001966914,C/O IMAGING CENTRE OF EXCELLENCE,QUEEN ELIZABETH UNIVERSITY HOSPITAL,GLASGOW,X0,G51 4TF,14263627,14263627,28-FEB-2023,2023Q1
0001967374-23-000001,GENLEAP AI INC.,0001967374,1712 PIONEER AVE STE 500,,CHEYENNE,WY,82001,0,100000000,27-FEB-2023,2023Q1
0001567619-23-003847,Codagenix Inc.,0001967165,3 BIOSCIENCE PARK DR.,,FARMINGDALE,NY,11735,25005232,25005232,27-FEB-2023,2023Q1
0001804492-23-000001,"MITOSENSE, INC.",0001804492,18 Main Street Extension,Suite 202,Plymouth,MA,02360,435000,7370000,27-FEB-2023,2023Q1
0001965249-23-000001,X-Sight Inc,0001965249,492B CAMBRIDGE SREET,,CAMBRIDGE,MA,02141,130000,130000,27-FEB-2023,2023Q1
0001104659-23-024550,"Lirum Therapeutics, Inc.",0001965411,590 MADISON AVENUE,21ST FLOOR,NEW YORK,NY,10022,6300000,10000000,23-FEB-2023,2023Q1
0001766205-23-000003,"Tellus Therapeutics, Inc.",0001766205,8 DAVIS DRIVE,SUITE 220,DURHAM,NC,27709,15999999,35000000,21-FEB-2023,2023Q1
0001964363-23-000001,"Sensible Biotechnologies, Inc.",0001964363,2093 Philadelphia Pike #3008,,Claymont,DE,19703,1829000,3000000,21-FEB-2023,2023Q1
0001964755-23-000001,"Stitchlock, Inc.",0001964755,575 EAST MEDICAL CENTER BLVD,,WEBSTER,TX,77598,25000,4000000,21-FEB-2023,2023Q1
0001437749-23-003840,"VistaGen Therapeutics, Inc.",0001411685,343 Allerton Avenue,,South San Francisco,CA,94080,0,2798415,21-FEB-2023,2023Q1
0001960653-23-000001,Myodenovo Inc.,0001960653,2735 HIDDEN WATERS CIR.,,RALEIGH,NC,27614,105000,2000000,16-FEB-2023,2023Q1
0001104659-23-020903,"AVENUE THERAPEUTICS, INC.",0001644963,"1111 KANE CONCOURSE, SUITE 301",,BAY HARBOR ISLANDS,FL,33154,242537,242537,14-FEB-2023,2023Q1
0001947761-23-000001,"Apexigen, Inc.",0001814140,"75 SHOREWAY ROAD, SUITE C",,SAN CARLOS,CA,94070,5587982,5587982,14-FEB-2023,2023Q1
0001437749-23-003187,"76Bio, Inc.",0001903465,40 Guest Street,,Boston,MA,01235,12220600,12220600,13-FEB-2023,2023Q1
0001963883-23-000001,"OncoXome, Inc.",0001963883,10824 BLOOMFIELD STREET,#207,NORTH HOLLYWOOD,CA,91602,170500,1000000,13-FEB-2023,2023Q1
0001762917-23-000001,"Alloplex Biotherapeutics, Inc.",0001762917,300 Trade Center Drive,Suite 6580,Woburn,MA,01801,20670582,25000000,13-FEB-2023,2023Q1
0001836740-23-000001,"Avilar Therapeutics, Inc.",0001836740,400 TOTTEN POND ROAD,SUITE 110,WALTHAM,MA,02451,75276164,75276164,13-FEB-2023,2023Q1
0001965520-23-000001,Stemtrix Corp.,0001965520,8 THE GREEN,STE A,DOVER,DE,19901,0,20000000,10-FEB-2023,2023Q1
0001961558-23-000001,"EOLO USA, Inc.",0001961558,1209 ORANGE STREET,,WILMINGTON,DE,19801,1799999,2999999,08-FEB-2023,2023Q1
0001786205-23-000001,"Arcellx, Inc.",0001786205,25 WEST WATKINS MILL ROAD,SUITE A,GAITHERSBURG,MD,20878,100000003,100000003,06-FEB-2023,2023Q1
0001960079-23-000001,"Innovative Display Systems, LLC",0001960079,15 WHATNEY,,IRVINE,CA,92618,4620000,Indefinite,03-FEB-2023,2023Q1
0001810918-23-000001,Dimension Inx Corp.,0001832381,3440 SOUTH DEARBORN STREET,SUITE 142S,CHICAGO,IL,60616,11999993,15000000,03-FEB-2023,2023Q1
0001961833-23-000001,"Secretome Therapeutics, Inc.",0001961833,3060 PEGASUS PARK DR,BUILDING 6,DALLAS,TX,75247,6854247,10888098,02-FEB-2023,2023Q1
0001963621-23-000001,"SunnyBay BioTech, Inc.",0001963621,46283 WARM SPRINGS BLVD.,,FREMONT,CA,94539,2230915,5980914,27-JAN-2023,2023Q1
0001493152-23-002625,"Cytovia, Inc.",0001936927,18851 NE 29TH AVENUE,2ND FLOOR,AVENTURA,FL,33180,1195000,5000000,26-JAN-2023,2023Q1
0001922447-23-000001,"OXOS Series #7 Holdings, LLC",0001922447,1230 PEACHTREE ST NE,SUITE 300,ATLANTA,GA,30309,7753500,10000000,26-JAN-2023,2023Q1
0001963361-23-000001,MONARCH CO LLC,0001963361,4000 EAGLE POINT CORPORATE DRIVE,,BIRMINGHAM,AL,35242,1033010,1033010,25-JAN-2023,2023Q1
0001963471-23-000001,"Pepper Bio, Inc.",0001963471,19 DEMETRA TER.,,DEDHAM,MA,02026,1000000,1000000,25-JAN-2023,2023Q1
0001961889-23-000001,"Byonyks Medical Devices, Inc.",0001961889,550 EAST DEVON AVENUE,SUITE 140,ITASCA,IL,60143,1000000,Indefinite,24-JAN-2023,2023Q1
0001962460-23-000001,AMORPHEX THERAPEUTICS HOLDINGS INC.,0001962460,1 DUNDEE PARK,SUITE 8,ANDOVER,MA,01810,265000,265000,20-JAN-2023,2023Q1
0001213900-23-003895,"Emmaus Life Sciences, Inc.",0000822370,21250 HAWTHORNE BLVD.,SUITE 800,TORRANCE,CA,90503,0,34000000,20-JAN-2023,2023Q1
0001962783-23-000001,Thylacine Biotherapeutics Inc,0001962783,6899 COLLINS AVE,SUITE 2604,MIAMI BEACH,FL,33141,476000,1000000,19-JAN-2023,2023Q1
0001493152-23-001806,Soricimed Biopharma Inc.,0001532755,18 BOTSFORD STREET,SUITE 201,MONCTON,A3,E1C 4W7,2775233,3732179,19-JAN-2023,2023Q1
0001787617-23-000001,"InDevR, Inc.",0001787617,2100 CENTRAL AVENUE,SUITE 105,BOULDER,CO,80301,5999975,9000000,18-JAN-2023,2023Q1
0001960587-23-000001,"Capacity Bio, Inc.",0001960587,3175 HANOVER ST.,,PALO ALTO,CA,94304,19210937,35329982,18-JAN-2023,2023Q1
0001493152-23-001704,Curative Biotechnology Inc,0001400271,1825 NW CORPORATE BLVD,SUITE 110,BOCA RATON,FL,33431,146000,919000,18-JAN-2023,2023Q1
0001962036-23-000001,"Perceive Biotherapeutics, Inc.",0001962036,"6000 SHORELINE DRIVE, SUITE 206",ATTN: CEO,SOUTH SAN FRANCISCO,CA,94080,39999986,77999974,13-JAN-2023,2023Q1
0001824483-23-000001,"OrthoFundamentals, LLC",0001824483,303 Wyman Street,Suite 300,Waltham,MA,02451,599647,599647,12-JAN-2023,2023Q1
0001961831-23-000001,"PhenoVista BioSciences, Inc.",0001961831,6195 CORNERSTONE COURT EAST,SUITE #114,SAN DIEGO,CA,92121,3000000,3000000,11-JAN-2023,2023Q1
0001785279-23-000001,"Metagenomi Technologies, LLC",0001785279,1545 Park Avenue,,Emeryville,CA,94608,95790739,99999964,11-JAN-2023,2023Q1
0001837999-23-000001,"IMMvention Therapeutix, Inc.",0001837999,9 Laboratory Drive,Suite 264,DURHAM,NC,27709,1999999,3999999,10-JAN-2023,2023Q1
0001567619-23-000625,"Mytide Therapeutics, Inc.",0001905245,451 D STREET SUITE 707,,BOSTON,MA,02210,1164111,2500000,06-JAN-2023,2023Q1
0001526054-23-000001,"Mosaic Biosciences, Inc.",0001526054,2830 Wilderness Place,,BOULDER,CO,80301,11382997,11383000,06-JAN-2023,2023Q1
0001838073-23-000003,"XENTER, INC.",0001838073,"344 WEST 13800 SOUTH, STE. 400",,DRAPER,UT,84020,1131800,40000000,06-JAN-2023,2023Q1
0001748206-23-000002,Xeno Biosciences Inc.,0001748206,"1770 Massachusetts Avenue, Suite 224",,CAMBRIDGE,MA,02140,1500000,1500000,05-JAN-2023,2023Q1
0001682338-23-000001,Grid Therapeutics LLC,0001682338,"THE IMPERIAL BUILDING, 215 MORRIS ST",SUITE 300,DURHAM,NC,27701,1740000,1740000,05-JAN-2023,2023Q1
0001959861-23-000001,"Urica Therapeutics, Inc.",0001959861,1111 KANE CONCOURSE,SUITE 301,BAY HARBOR ISLANDS,FL,33154,2533350,5000000,05-JAN-2023,2023Q1
0001213900-23-000912,"Hoth Therapeutics, Inc.",0001711786,1 ROCKEFELLER PLAZA,SUITE 1039,NEW YORK,NY,10020,10000000,10000000,04-JAN-2023,2023Q1
0001956680-23-000001,"Ribonaut Therapeutics, Inc.",0001956680,492 PEACOCK LN N,,JUPITER,FL,33458,6917854,25999994,04-JAN-2023,2023Q1
0001863177-23-000001,"PROXIMITY THERAPEUTICS, INC.",0001863177,139 MAIN STREET,,CAMBRIDGE,MA,02142,11000001,11000001,04-JAN-2023,2023Q1
0001567619-23-000019,"Neumora Therapeutics, Inc.",0001885522,"490 Arsenal Way, Suite 200",,Watertown,MA,02472,474356988,474356988,03-JAN-2023,2023Q1
0001117480-23-000020,"NanoCellect Biomedical, Inc.",0001658031,"9525 Towne Centre Drive, #150",,SAN DIEGO,CA,92121,28929239,38504239,30-JUN-2023,2023Q2
0001709409-23-000007,"Calidi Biotherapeutics, Inc.",0001758478,"4475 Executive Drive, Suite 200",,San Diego,CA,92121,4999975,25000000,29-JUN-2023,2023Q2
0001679733-23-000001,"LUMINOPIA, INC.",0001679733,625 MASSACHUSETTS AVENUE,Floor 2,CAMBRIDGE,MA,02139,15811759,16811759,29-JUN-2023,2023Q2
0001980943-23-000001,"Cytosolix, Inc.",0001980943,97 ROBBIE ROAD,,TOLLAND,CT,06084,6605171,6605171,28-JUN-2023,2023Q2
0001009448-23-000001,Kellbenx Inc.,0001515776,3500 SUNRISE HIGHWAY,"BUILDING 200, SUITE 111",GREAT RIVER,NY,11739,0,2500000,28-JUN-2023,2023Q2
0001877769-23-000001,Opus Genetics Inc.,0001877769,8 DAVIS DRIVE,SUITE 220,DURHAM,NC,27709,4501972,20000000,27-JUN-2023,2023Q2
0001983127-23-000001,"GENOME INSIGHT, INC.",0001983127,6330 NANCY RIDGE DRIVE SUITE 106,,SAN DIEGO,CA,92121,4500001,25000000,27-JUN-2023,2023Q2
0001506492-23-000001,"Nuwellis, Inc.",0001506492,12988 VALLEY VIEW ROAD,,EDEN PRAIRIE,MN,55344,0,Indefinite,26-JUN-2023,2023Q2
0001096906-23-001335,"PERSOWN, Inc.",0001826054,9143 PHILIPS HWY,SUITE 390,JACKSONVILLE,FL,32256,25000,1000000,23-JUN-2023,2023Q2
0001674941-23-000002,"Resolys Bio, Inc.",0001674941,545 WESTFALL ROAD,,DELANSON,NY,12053,50000,5000000,21-JUN-2023,2023Q2
0001777474-23-000001,Veralox Therapeutics Inc.,0001777474,4539 METROPOLITAN COURT,,FREDERICK,MD,21704,24013521,24999971,21-JUN-2023,2023Q2
0001982335-23-000001,"Nu-Tek BioSciences, LLC",0001982335,5400 OPPORTUNITY COURT,SUITE 120,MINNETONKA,MN,55343,1680000,3000000,21-JUN-2023,2023Q2
0001639681-23-000003,BIOCURITY PHARMACEUTICALS INC.,0001639681,7750 OKEECHOBEE BLVD,STE 4 MB 3058,WEST PALM BEACH,FL,33411,16900,650000,21-JUN-2023,2023Q2
0001982113-23-000001,"MicroNeb, Inc.",0001982113,7127 1ST AVENUE SOUTH,,ST. PETERSBURG,FL,33707,150000,1250000,20-JUN-2023,2023Q2
0001861147-23-000002,"Vernal Biosciences, Inc.",0001861147,261 Mountain View Drive,,Colchester,VT,05461,40998390,40998390,16-JUN-2023,2023Q2
0001792612-23-000001,"Avenzoar Pharmaceuticals, Inc.",0001792612,1819 Outpost Dr.,,Los Angeles,CA,90089,899748,2970000,16-JUN-2023,2023Q2
0001981924-23-000001,COSMICA Inc.,0001981924,350 TOWNSEND STREET #575,,SAN FRANCISCO,CA,94107,200000,2000000,16-JUN-2023,2023Q2
0001758320-23-000002,"Efemoral Medical, Inc.",0001758320,2300 DEODARA DRIVE,,LOS ALTOS,CA,94024,525000,3000000,16-JUN-2023,2023Q2
0001981580-23-000001,PanCryos ApS,0001981580,OLE MAALOES VEJ 3,,COPENHAGEN,G7,2200,0,5000000,15-JUN-2023,2023Q2
0001231457-23-000005,GENELUX Corp,0001231457,"2625 TOWNSGATE ROAD, SUITE 230",,WESTLAKE VILLAGE,CA,91361,18304319,33304319,15-JUN-2023,2023Q2
0001493152-23-021329,"Ocean Biomedical, Inc.",0001869974,55 CLAVERICK STREET,ROOM 325,PROVIDENCE,RI,02903,7560000,27000000,15-JUN-2023,2023Q2
0001783776-23-000001,"Visgenx, Inc.",0001783776,3210 Merryfield Row,,San Diego,CA,92121,2763915,3497724,14-JUN-2023,2023Q2
0001358856-23-000001,"SWAN VALLEY MEDICAL, INC",0001358856,HARBOR VILLAGE,301 EAGLE BEND DRIVE,BIGFORK,MT,59911-3005,100000,6000000,13-JUN-2023,2023Q2
0001387131-23-007495,Adamis Pharmaceuticals Corp,0000887247,11682 EL CAMINO REAL,SUITE 300,SAN DIEGO,CA,92130,0,Indefinite,12-JUN-2023,2023Q2
0001778959-23-000001,Revere Pharmaceuticals Inc.,0001778959,36 ORVIS ROAD,,ARLINGTON,MA,02474,1622604,3559612,12-JUN-2023,2023Q2
0001567619-23-006334,"Lyra Therapeutics, Inc.",0001327273,480 Arsenal Way,,Watertown,MA,02472,50000008,50000008,09-JUN-2023,2023Q2
0001979814-23-000002,"Adaptive Phage Therapeutics, Inc.",0001701259,708 Quince Orchard Road,,GAITHERSBURG,MD,20878,11999999,30000000,09-JUN-2023,2023Q2
0001980623-23-000001,S1P Therapeutics Inc.,0001980623,501 WILDFLOWER LANE,,BLACKSBURG,VA,24060,2016999,3000000,09-JUN-2023,2023Q2
0001978799-23-000001,"Curza, Inc.",0001978799,650 KOMAS DR,STE 202,SALT LAKE CITY,UT,84108,367233,1750000,07-JUN-2023,2023Q2
0001934002-23-000001,"Tangen Biosciences, Inc.",0001661955,20 COMMERCIAL STREET,,BRANFORD,CT,06405,464767,2500000,06-JUN-2023,2023Q2
0001490109-23-000002,Carmot Therapeutics Inc.,0001490109,740 HEINZ AVENUE,,BERKELEY,CA,94710,149999802,149999802,06-JUN-2023,2023Q2
0001976533-23-000001,"EnGraft Technologies, Inc.",0001976533,4337 MARINA CITY DRIVE,UNIT 527,MARINA DEL REY,CA,90292,1000000,Indefinite,06-JUN-2023,2023Q2
0001980232-23-000001,Qidni Labs Inc.,0001980232,"151 CHARLES STREET WEST, SUITE 199",,KITCHENER,A6,N2G 1H6,730000,780000,05-JUN-2023,2023Q2
0001978956-23-000002,"Artelon, Inc.",0001978956,"2150 NW PARKWAY SE, SUITE G",,MARIETTA,GA,30067,19999998,30000004,02-JUN-2023,2023Q2
0001759355-23-000001,"Pluton Biosciences, Inc.",0001759355,11754 WESTLINE INDUSTRIAL DRIVE,,ST. LOUIS,MO,63146,17579071,17579071,02-JUN-2023,2023Q2
0001834664-23-000002,"SURGE Therapeutics, Inc.",0001834664,"ONE BROADWAY, 14TH FLOOR",,CAMBRIDGE,MA,02142,32003969,49999998,02-JUN-2023,2023Q2
0001667561-23-000004,"Inscripta, Inc.",0001667561,5720 Stoneridge Drive,,Pleasanton,CA,94588,1855000,1855000,01-JUN-2023,2023Q2
0001977505-23-000001,"Inherent Biosciences, Inc.",0001977505,26 S RIO GRANDE STREET #2072,,SALT LAKE CITY,UT,84101,1513869,Indefinite,31-MAY-2023,2023Q2
0001979609-23-000001,"Arc Techtonics, Inc.",0001979609,18 ALEXANDER DRIVE,,HAMPTON,NH,03842,1000000,1000000,31-MAY-2023,2023Q2
0001979470-23-000001,ReNewVax Ltd,0001979470,RONALD ROSS BUILDING,8 WEST DERBY STREET,LIVERPOOL,X0,L69 7BE,0,3000000,31-MAY-2023,2023Q2
0001979322-23-000001,"Lento Bio, Inc",0001979322,2561 US 11,,LAFAYETTE,NY,13084,0,5000000,31-MAY-2023,2023Q2
0001920476-23-000003,"Ray Therapeutics, Inc.",0001920476,"ONE SANSOME STREET, SUITE 3500",,SAN FRANCISCO,CA,94104,13999986,99999956,26-MAY-2023,2023Q2
0001978396-23-000001,JW Celtics Investment Corp.,0001978396,1820 CALISTOGA ROAD,,SANTA ROSA,CA,95404,10999980,Indefinite,26-MAY-2023,2023Q2
0001140361-23-026623,"Cyclerion Therapeutics, Inc.",0001755237,"245 First Street, 18th Floor",,CAMBRIDGE,MA,02142,5000000,5000000,25-MAY-2023,2023Q2
0001787133-23-000004,Bloonics Holding B.V.,0001787133,DAALAKKERSWEG 6,UNIT 12,EINDHOVEN,P7,5641 JA,125000,275000,24-MAY-2023,2023Q2
0001978510-23-000001,"Pupil Bio, Inc.",0001978510,2730 WERLEIN AVENUE,,HOUSTON,TX,77005,500000,2000000,23-MAY-2023,2023Q2
0001846902-23-000002,"Ensoma, Inc.",0001846902,"451 D Street, Suite 600",,Boston,MA,02210,129000467,129000467,23-MAY-2023,2023Q2
0001977784-23-000002,"Key Proteo, Inc.",0001977784,720 BROADWAY,,SEATTLE,WA,98122,3028381,5000000,19-MAY-2023,2023Q2
0001782224-23-000001,ARTERICA INC.,0001782224,3617 Westwind Blvd,,SANTA ROSA,CA,95403,2500000,5000000,17-MAY-2023,2023Q2
0001683168-23-003492,"Sunshine Biopharma, Inc",0001402328,6500 TRANS-CANADA HIGHWAY,4TH FLOOR,POINTE-CLAIRE,A8,H9R 0A5,4996497,4996497,17-MAY-2023,2023Q2
0001386560-23-000001,"Eureka Therapeutics, Inc.",0001386560,5858 HORTON ST STE 370,,Emeryville,CA,94608,0,20000000,17-MAY-2023,2023Q2
0001977656-23-000001,"B11, LLC",0001977656,3068 HOWLETT DRIVE SE,,ADA,MI,49301,670000,750000,15-MAY-2023,2023Q2
0001968417-23-000002,NOVAI LTD,0001968417,"THE WHITE BUILDING, WORKLIFE",33 KING'S ROAD,READING,X0,RG1 3AR,1131702,1131702,15-MAY-2023,2023Q2
0001567619-23-006053,"SunBird Bio, Inc.",0001749272,35 CAMBRIDGEPARK DR.,SUITE 100,CAMBRIDGE,MA,02140,23239099,23239099,12-MAY-2023,2023Q2
0001422861-23-000005,Integrated Biotherapeutics LLC,0001422861,4 RESEARCH CT,SUITE 300,ROCKVILLE,MD,20850,1000000,1000000,10-MAY-2023,2023Q2
0001786236-23-000013,"MARIZYME, INC.",0001413754,555 HERITAGE DRIVE,SUITE 205,JUPITER,FL,33458,265216,265216,10-MAY-2023,2023Q2
0001840347-23-000001,"Greyledge Technologies, Inc.",0001840347,10101 RIDGEGATE PARKWAY,SUITE G-01,LONE TREE,CO,80124,4336052,4336100,09-MAY-2023,2023Q2
0001827990-23-000001,"Correlia Biosystems, Inc.",0001827990,626 BANCROFT WAY,SUITE A,BERKELEY,CA,94710,1254212,3250000,09-MAY-2023,2023Q2
0001140361-23-023670,Tensor Ltd,0001975851,"2nd Floor, Palmerston House",Denzille Lane,Dublin,L2,D02 WD37,0,Indefinite,09-MAY-2023,2023Q2
0001745603-23-000002,Theromics Inc.,0001745603,375 WEST STREET,,WEST BRIDGEWATER,MA,02379,1077000,2000000,09-MAY-2023,2023Q2
0001785502-23-000003,"Bone Health Technologies, Inc.",0001785502,370 Convention Way,,Redwood City,CA,94063,3157086,4157084,09-MAY-2023,2023Q2
0001567619-23-005926,"PTC THERAPEUTICS, INC.",0001070081,100 CORPORATE COURT,,SOUTH PLAINFIELD,NJ,07080-2449,35897425,35897425,08-MAY-2023,2023Q2
0001975776-23-000001,"Ancilia Biosciences, Inc.",0001975776,"3960 BROADWAY, 6TH FLOOR",,NEW YORK,NY,10032,1000000,5000000,04-MAY-2023,2023Q2
0001934197-23-000002,Xsphera Biosciences Inc,0001934197,6 TIDE STREET,,BOSTON,MA,02110,12600067,19899952,04-MAY-2023,2023Q2
0001863161-23-000004,IMAGINE PHARMA LLC,0001863161,1401 FORBES AVE,SUITE 310,PITTSBURGH,PA,15219,350000,Indefinite,04-MAY-2023,2023Q2
0001841331-23-000001,Avotres Inc.,0001841331,"140 EAST HANOVER AVE., STE. 140",,Hanover,NJ,07927,4000000,4500000,04-MAY-2023,2023Q2
0001974464-23-000001,"SignalRX Pharmaceuticals, Inc",0001974464,2215 PILGRIM MILL CIRCLE,,CUMMING,GA,30041,250000,485000,03-MAY-2023,2023Q2
0001801963-23-000001,NeuroDex Inc,0001801963,27 STRATHMORE RD.,,NATICK,MA,01760,60000,750000,02-MAY-2023,2023Q2
0001368148-23-000044,"ATHERSYS, INC / NEW",0001368148,3201 CARNEGIE AVENUE,,CLEVELAND,OH,44115-2634,3537600,3537600,01-MAY-2023,2023Q2
0001231919-23-000026,Legend Biotech Corp,0001801198,2101 COTTONTAIL LANE,,SOMERSET,NJ,08873,200000005,200000005,28-APR-2023,2023Q2
0001975410-23-000001,"SENDERO BIOTECHNOLOGY, INC.",0001975410,303 E. THIRD STREET,SUITE 300,ROCHESTER,MI,48307,7336954,7336954,28-APR-2023,2023Q2
0001639824-23-000002,"GRI BIO OPERATIONS, INC.",0001639824,"2223 AVENIDA DE LA PLAYA, SUITE 208",,LA JOLLA,CA,92037,15583333,15583333,28-APR-2023,2023Q2
0001720959-23-000002,"Neumentum, Inc.",0001720959,350 SPRINGFIELD AVENUE,SUITE 200,SUMMIT,NJ,07901,16559757,20000000,28-APR-2023,2023Q2
0001658324-23-000001,"Hallux, Inc.",0001658324,23052 ALCALDE DRIVE,SUITE A,LAGUNA HILLS,CA,92653,10709025,11043445,26-APR-2023,2023Q2
0001726091-23-000001,"Quadric BioMed, LLC",0001726091,"1755 Telstar Drive, Suite 300",,Colorado Springs,CO,80920,550290,750000,25-APR-2023,2023Q2
0001477845-23-000001,"Annovis Bio, Inc.",0001477845,"1055 WESTLAKES DRIVE, SUITE 300",,BERWYN,PA,19312,1064952,1064952,25-APR-2023,2023Q2
0001493152-23-013387,ONCOSEC MEDICAL Inc,0001444307,820 BEAR TAVERN ROAD,,EWING,NJ,08628,0,Indefinite,24-APR-2023,2023Q2
0001974261-23-000001,Persist AI Formulations Corp,0001974261,1100 MAIN STREET,SUITE 300-PB,WOODLAND,CA,95695,4888484,5470484,24-APR-2023,2023Q2
0001974518-23-000002,"MDCalc Ltd, Inc.",0001974518,93 4th Ave #19,,New York,NY,10003,30800,30800,24-APR-2023,2023Q2
0001631834-23-000001,"Alucent Biomedical, Inc.",0001631834,"675 ARAPEEN DRIVE, SUITE 102",,SALT LAKE CITY,UT,84108,11200000,11200000,20-APR-2023,2023Q2
0001973995-23-000002,NovaDerm Aid Fund XII L.L.C.,0001974001,"4514 COLE AVENUE, SUITE 600",,DALLAS,TX,75205,2877000,2877000,17-APR-2023,2023Q2
0001973995-23-000001,NovaDerm Aid Fund XI L.L.C.,0001973995,"4514 COLE AVENUE, SUITE 600",,DALLAS,TX,75205,1998625,1998625,17-APR-2023,2023Q2
0001973761-23-000008,NovaDerm Aid Fund Iota LLC,0001973755,"4514 COLE AVENUE, SUITE 600",,DALLAS,TX,75205,2000000,2000000,17-APR-2023,2023Q2
0001973759-23-000001,"NovaDerm Aid Fund Beta, L.L.C.",0001973759,4514 COLE AVENUE,SUITE 600,DALLAS,TX,75205,2000000,2000000,17-APR-2023,2023Q2
0001973761-23-000009,NovaDerm Aid Fund Kappa LLC,0001973679,"4514 COLE AVENUE, SUITE 600",,DALLAS,TX,75205,1600000,1600000,17-APR-2023,2023Q2
0001973761-23-000010,NovaDerm Aid Fund Lamda LLC,0001973756,"4514 COLE AVENUE, SUITE 600",,DALLAS,TX,75205,1600000,1600000,17-APR-2023,2023Q2
0001973761-23-000011,NovaDerm Aid Fund Mi LLC,0001973857,"4514 COLE AVENUE, SUITE 600",,DALLAS,TX,75205,2000000,2000000,17-APR-2023,2023Q2
0001973761-23-000012,NovaDerm Aid Fund Ni LLC,0001973856,"4514 COLE AVENUE, SUITE 600",,DALLAS,TX,75205,2015000,2015000,17-APR-2023,2023Q2
0001973757-23-000001,NovaDerm Aid Fund Delta LLC,0001973757,4514 COLE AVENUE,SUITE 600,DALLAS,TX,75205,1470000,1470000,17-APR-2023,2023Q2
0001973761-23-000013,NovaDerm Aid Fund Theta LLC,0001973760,"4514 COLE AVENUE, SUITE 600",,DALLAS,TX,75205,2000000,2000000,17-APR-2023,2023Q2
0001973761-23-000004,NovaDerm Aid Fund VIII L.L.C.,0001973754,"4514 COLE AVENUE, SUITE 600",,DALLAS,TX,75205,2000000,2000000,17-APR-2023,2023Q2
0001973602-23-000001,"NovaDerm Aid Fund II, L.L.C.",0001973602,"4514 COLE AVENUE, SUITE 600",,DALLAS,TX,75205,1995000,2000000,17-APR-2023,2023Q2
0001973761-23-000005,NovaDerm Aid Fund IX L.L.C.,0001973584,"4514 COLE AVENUE, SUITE 600",,DALLAS,TX,75205,2000000,2000000,17-APR-2023,2023Q2
0001973761-23-000002,NovaDerm Aid Fund VI L.L.C.,0001973765,"4514 COLE AVENUE, SUITE 600",,DALLAS,TX,75205,1998000,1998000,17-APR-2023,2023Q2
0001973689-23-000001,"NovaDerm Aid Fund I, L.L.C.",0001973689,4514 COLE AVENUE,SUITE 600,DALLAS,TX,75205,2000000,2000000,17-APR-2023,2023Q2
0001973600-23-000001,"NovaDerm Aid Fund IV, L.L.C.",0001973600,"4514 COLE AVENUE, SUITE 600",,DALLAS,TX,75205,2000000,2000000,17-APR-2023,2023Q2
0001973761-23-000007,"NovaDerm Aid Fund V, L.L.C.",0001973599,"4514 COLE AVENUE, SUITE 600",,DALLAS,TX,75205,1990000,1990000,17-APR-2023,2023Q2
0001973601-23-000001,"NovaDerm Aid Fund III, L.L.C.",0001973601,"4514 COLE AVENUE, SUITE 600",,DALLAS,TX,75205,2000000,2000000,17-APR-2023,2023Q2
0001973761-23-000006,NovaDerm Aid Fund X L.L.C.,0001973619,"4514 COLE AVENUE, SUITE 600",,DALLAS,TX,75205,2000000,2000000,17-APR-2023,2023Q2
0001973826-23-000001,"NovaDerm Aid Fund Gamma, L.L.C.",0001973826,4514 COLE AVENUE,SUITE 600,DALLAS,TX,75205,2000005,2000005,17-APR-2023,2023Q2
0001973741-23-000001,NovaDerm Aid Fund Eta LLC,0001973741,4514 COLE AVENUE,SUITE 600,DALLAS,TX,75205,2000000,2000000,17-APR-2023,2023Q2
0001973761-23-000003,NovaDerm Aid Fund VII L.L.C.,0001973751,"4514 COLE AVENUE, SUITE 600",,DALLAS,TX,75205,2000000,2000000,17-APR-2023,2023Q2
0001973761-23-000014,NovaDerm Aid Fund Zeta LLC,0001973758,"4514 COLE AVENUE, SUITE 600",,DALLAS,TX,75205,2002000,2002000,17-APR-2023,2023Q2
0001973827-23-000001,NovaDerm Aid Fund Epsilon LLC,0001973827,4514 COLE AVENUE,SUITE 600,DALLAS,TX,75205,2000000,2000000,17-APR-2023,2023Q2
0001973761-23-000001,"NovaDerm Aid Fund Alpha, L.L.C.",0001973761,4514 COLE AVENUE,SUITE 600,DALLAS,TX,75205,1995000,1995000,14-APR-2023,2023Q2
0001972886-23-000001,"Trilinear BioVentures, LLC",0001972886,601 GENOME WAY,SUITE 2003,HUNTSVILLE,AL,35806,6000,5000000,14-APR-2023,2023Q2
0001890185-23-000001,"OUROTECH, INC.- PEAR BIO",0001890185,84 WOOD LANE,,LONDON,X0,W12 0BZ,14151725,16135194,14-APR-2023,2023Q2
0001909093-23-000001,"Delex Healthcare Group, Inc.",0001909093,800 THIRD AVENUE SUITE A #1359,,NEW YORK,NY,10022,0,Indefinite,14-APR-2023,2023Q2
0001973285-23-000001,"NKore Biotherapeutics, LLC",0001973285,2309 DUNTREATH RD,,GERMANTOWN,TN,38139,250000,3000000,13-APR-2023,2023Q2
0001681407-23-000001,"NEUROPRO THERAPEUTICS, INC.",0001681407,18 Basalt Loop,,Yachats,OR,97498,5092696,5092696,13-APR-2023,2023Q2
0001231919-23-000017,Addex Therapeutics Ltd.,0001574232,CHEMIN DES MINES 9,,GENEVA,V8,CH-1202,3733334,3733334,13-APR-2023,2023Q2
0001769177-23-000001,"GENEOS Therapeutics, Inc.",0001769177,660 WEST GERMANTOWN PIKE,SUITE LL110,PLYMOUTH MEETING,PA,19462,4999998,9999996,13-APR-2023,2023Q2
0001209191-23-023829,ALIMERA SCIENCES INC,0001267602,6310 Town Square,Suite 400,Alpharetta,GA,30005,12000000,27000000,07-APR-2023,2023Q2
0001955728-23-000003,ACESIS HOLDINGS CORP.,0001955728,9233 PARK MEADOWS DRIVE,SUITE 108,LONE TREE,CO,80124,1260000,1500000,07-APR-2023,2023Q2
0001944210-23-000002,VeraMorph Inc.,0001944210,C/O MANSFIELD-BIO,241 FRANCIS AVENUE,MANSFIELD,MA,02048,40000,500000,06-APR-2023,2023Q2
0001654954-23-004468,"Ra Medical Systems, Inc.",0001716621,1670 Highway 160 West,Suite 205,Fort Mill,SC,29708,7999798,7999798,06-APR-2023,2023Q2
0001947954-23-000002,"Werewool, Inc.",0001947954,710 PARKSIDE AVENUE,,BROOKLYN,NY,11226,3249999,3249999,06-APR-2023,2023Q2
0001877104-23-000001,BioRegenx Inc.,0001877104,7407 ZIEGLER ROAD,,CHATTANOOGA,TN,37421,183000,3600000,04-APR-2023,2023Q2
0001921043-23-000002,"CalciMedica, Inc.",0001534133,505 COAST BOULEVARD SOUTH,SUITE 307,LA JOLLA,CA,92037,9109912,9109912,04-APR-2023,2023Q2
0001921043-23-000001,"CalciMedica Subsidiary, Inc.",0001385359,505 COAST BOULEVARD SOUTH,SUITE 307,LA JOLLA,CA,92037,10340663,10340663,04-APR-2023,2023Q2
0001971360-23-000001,Immunaeon Inc.,0001971360,701 ELLICOTT STREET,,BUFFALO,NY,14203,250000,Indefinite,04-APR-2023,2023Q2
0001104659-23-041280,"Lennham Pharmaceuticals, Inc.",0001853301,53 MAIN STREET,SUITE 206,CONCORD,MA,01742,1200000,1200000,04-APR-2023,2023Q2
0001971101-23-000002,"Encentrio Therapeutics, Inc.",0001971101,1800 OWENS ST.,,SAN FRANCISCO,CA,94158,400000,400000,03-APR-2023,2023Q2
0000897069-23-000196,"Telomir Pharmaceuticals, Inc.",0001971532,"900 WEST PLATT STREET, SUITE 200",,TAMPA,FL,33606,1000000,1000000,03-APR-2023,2023Q2
0001533914-23-000001,"OnKure, Inc.",0001533914,6707 WINCHESTER CIRCLE,SUITE 400,BOULDER,CO,80301,53783369,60000000,03-APR-2023,2023Q2
0001992942-23-000001,Controlled Delivery Systems Inc.,0001992942,"416 N. Bedford Dr., Suite 306",,Beverly Hills,CA,90210,690000,690000,29-SEP-2023,2023Q3
0001811288-23-000001,"Evozyne, Inc.",0001811288,330 N. WABASH AVENUE,SUITE 3500,CHICAGO,IL,60611,81000122,100000001,29-SEP-2023,2023Q3
0001995302-23-000001,MAPS Public Benefit Corp,0001995302,3141 STEVENS CREEK BLVD,#40547,SAN JOSE,CA,95117,215099807,Indefinite,29-SEP-2023,2023Q3
0001993436-23-000001,"Lila Biologics, Inc.",0001993436,"1616 Eastlake Ave East, Suite 208",,SEATTLE,WA,98102,9537323,10557318,28-SEP-2023,2023Q3
0001956434-23-000003,"Aperiam Bio, Inc.",0001911739,2205 NORTH LAMAR BLVD. UNIT 511,,AUSTIN,TX,78705,3999996,Indefinite,27-SEP-2023,2023Q3
0001994336-23-000001,"Hillhurst Biopharmaceuticals, Inc.",0001994336,"2029 VERDUGO BOULEVARD, #125",,MONTROSE,CA,91020,1837500,1837500,26-SEP-2023,2023Q3
0001995095-23-000001,"MINTECH-BIO, INC.",0001995095,1986 NW 167TH AVE,,PEMBROKE PINES,FL,33028,945000,Indefinite,26-SEP-2023,2023Q3
0001779238-23-000001,Trait Biosciences Inc.,0001779238,1600 - 1111 West Georgia St.,,VANCOUVER,A1,V6E 4G2,3687316,3687316,25-SEP-2023,2023Q3
0001993519-23-000001,Next Science Ltd,0001993519,10550 DEERWOOD PARK BLVD #300,,JACKSONVILLE,FL,32256,807474,807474,25-SEP-2023,2023Q3
0001994769-23-000001,"APERTURE BIO, INC.",0001994769,127 WESTERN AVE,,ALLSTON,MA,02134,20000,20000,25-SEP-2023,2023Q3
0001990922-23-000001,Mintech Bio Angels LLC,0001990922,1986 NW 167TH AVE,,PEMBROKE PINES,FL,33028,945000,Indefinite,22-SEP-2023,2023Q3
0001104659-23-103209,"Cellectar Biosciences, Inc.",0001279704,100 CAMPUS DRIVE,SUITE 207,FLORHAM PARK,NJ,07932,24500000,24500000,22-SEP-2023,2023Q3
0001326110-23-000133,"ImmunityBio, Inc.",0001326110,3530 JOHN HOPKINS COURT,,SAN DIEGO,CA,92121,469986600,469986600,22-SEP-2023,2023Q3
0001671248-23-000005,"Theratome Bio, Inc.",0001671248,9128 Lakes at 610 Drive,,Houston,TX,77054,28500,950000,21-SEP-2023,2023Q3
0001214659-23-012427,"Pulsario Enterprise Holdings, Inc",0001910208,5000 AMBASSADOR PARKWAY,,LAFAYETTE,LA,70508,0,20000000,18-SEP-2023,2023Q3
0001822782-23-000003,"Deverra Therapeutics, Inc.",0001822782,1600 FAIRVIEW AVENUE EAST,SUITE 300,SEATTLE,WA,98102,2388889,2388889,18-SEP-2023,2023Q3
0001589470-23-000001,"LumaCyte, Inc.",0001589470,1145 RIVER ROAD,SUITE 1,CHARLOTTESVILLE,VA,22901,9999994,12999991,14-SEP-2023,2023Q3
0001993350-23-000001,"Balto Pharmaceuticals, Inc.",0001993350,99 PASADENA AVENUE,SUITE 5,SOUTH PASADENA,CA,91030,2000000,2000000,14-SEP-2023,2023Q3
0001883978-23-000001,"VISUM PHARMA, INC.",0001883978,48 GURLEY ROAD,,STAMFORD,CT,06902,50000,300000,13-SEP-2023,2023Q3
0001493152-23-032499,"NanoVibronix, Inc.",0001326706,525 EXECUTIVE BLVD.,,ELMSFORD,NY,10523,13546513,13546513,13-SEP-2023,2023Q3
0001993415-23-000001,Analytica Biosciences Corp.,0001993415,16 RAILROAD PLACE,SUITE 1021,WESTPORT,CT,06880,10000,1000000,13-SEP-2023,2023Q3
0001567619-23-007157,"GLO Pharma, Inc.",0001832546,2810 Caribou Court #130,,Carlsbad,CA,92010,53000000,53000000,11-SEP-2023,2023Q3
0001943550-23-000001,"Saccharo, Inc.",0001943550,6401 CHELTON DRIVE,,OAKLAND,CA,94611,7377002,10629329,08-SEP-2023,2023Q3
0001794183-23-000001,WaveFront Dynamics Inc.,0001794183,"2420 COMANCHE RD NE, SUITE D-3",,ALBUQUERQUE,NM,87107,5000000,7183000,08-SEP-2023,2023Q3
0001991318-23-000002,"ABL BIO USA, Inc.",0001991318,3223 HANOVER ST,SUITE 110,PALO ALTO,CA,94304,2999900,2999900,07-SEP-2023,2023Q3
0001878646-23-000027,Zena Therapeutics Inc.,0001992540,155 VILLAGE BLVD,SUITE 130,PRINCETON,NJ,08540,500000,500000,07-SEP-2023,2023Q3
0001822549-23-000002,"Tentarix Biotherapeutics, LP",0001822549,10355 Science Center Drive,Suite 120,San Diego,CA,92121,34999997,34999997,07-SEP-2023,2023Q3
0001966378-23-000002,"Jellatech, Inc.",0001966378,617 HUTTON STREET,SUITE 112,RALEIGH,NC,27606,100000,100000,07-SEP-2023,2023Q3
0001991551-23-000001,"Geminii, Inc.",0001991551,25 S. GRAND AVE.,2192 MEDICAL LABORATORIES,IOWA CITY,IA,52242,2099999,3014998,01-SEP-2023,2023Q3
0001802806-23-000011,"Chroma Medicine, Inc.",0001967386,201 BROOKLINE AVE,SUITE 1101,BOSTON,MA,02215,135000000,135000000,01-SEP-2023,2023Q3
0001588301-23-000001,"Mellitus, LLC",0001588301,"CIC Boston, 16th Floor",50 Milk Street,Boston,MA,02109,90000,750000,31-AUG-2023,2023Q3
0001739614-23-000064,"Inhibrx, Inc.",0001739614,"11025 N. TORREY PINES ROAD, SUITE 200",,LA JOLLA,CA,92037,200000633,200000633,31-AUG-2023,2023Q3
0001739426-23-000003,RVL Pharmaceuticals plc,0001739426,400 CROSSING BOULEVARD,,BRIDGEWATER,NJ,08807,5000000,5000000,31-AUG-2023,2023Q3
0001991666-23-000001,NovaDerm Aid Fund Omega LLC,0001991666,4514 COLE AVENUE,SUITE 600,DALLAS,TX,75205,675000,2000000,30-AUG-2023,2023Q3
0001914950-23-000001,"PhotonPharma, Inc.",0001914950,3185 RAMPART ROAD,,FORT COLLINS,CO,80521,2907823,3907835,29-AUG-2023,2023Q3
0001085037-23-000101,ME THERAPEUTICS HOLDINGS INC.,0001990555,177 ROBSON STREET,,VANCOUVER,A1,V6B 0N3,3350,3350,29-AUG-2023,2023Q3
0001781008-23-000001,"Cell Microsystems, Inc.",0001781008,801 CAPITOLA DRIVE,SUITE 10,DURHAM,NC,27713,6500000,13000668,28-AUG-2023,2023Q3
0001567619-23-007024,"Rebalance Health, Inc.",0001869786,1855 57th Court South,,Boulder,CO,80301,7371448,9999998,28-AUG-2023,2023Q3
0001716382-23-000001,"Twister Biotech, Inc.",0001716382,"4108 LILLIAN ST., UNIT B",,HOUSTON,TX,77007,500000,2000000,28-AUG-2023,2023Q3
0001579613-23-000001,"Regenerative Medical Solutions, Inc.",0001579613,"505 S. Rosa Road, #26",,Madison,WI,53719,5000000,Indefinite,28-AUG-2023,2023Q3
0001710229-23-000001,"Suono Bio, Inc.",0001710229,200 FOXBOROUGH BLVD,SUITE 100,FOXBOROUGH,MA,02035,500000,3000000,28-AUG-2023,2023Q3
0001991151-23-000001,"SprinTech, LLC",0001991151,1570 TAMARISK DR,,SAINT GEORGE,UT,84790,0,500000,25-AUG-2023,2023Q3
0001231919-23-000063,"Taysha Gene Therapies, Inc.",0001806310,3000 PEGASUS PARK DRIVE,SUITE 1430,DALLAS,TX,75247,149952767,149997018,25-AUG-2023,2023Q3
0001775819-23-000002,"Genesis Therapeutics, Inc.",0001775819,1440 CHAPIN AVE,SUITE 385,BURLINGAME,CA,94010,224025681,224025681,25-AUG-2023,2023Q3
0001991242-23-000002,"Microstructure Imaging, Inc.",0001991242,600 THIRD AVENUE,SECOND FLOOR,NEW YORK,NY,10016,590000,Indefinite,24-AUG-2023,2023Q3
0001990885-23-000001,"DJIT MEDTECH, INC.",0001990885,1628 BOLTON STREET,,BALTIMORE,MD,21217,140000,150000,23-AUG-2023,2023Q3
0001988832-23-000001,Xenon Ophthalmics Inc,0001988832,55 SALTER PLACE,,BELLEVILLE,NJ,07109,2365500,Indefinite,22-AUG-2023,2023Q3
0001863013-23-000006,"Cellebration Life Sciences, Inc.",0001863013,"12601 N. CAVE CREEK ROAD, SUITE 111",,PHOENIX,AZ,85022,2804527,20000000,21-AUG-2023,2023Q3
0001980213-23-000003,"Biophysical Therapeutics, Inc.",0001980213,"CSC, 251 LITTLE FALLS DR",,WILMINGTON,DE,19808,35000,Indefinite,21-AUG-2023,2023Q3
0001373175-23-000002,"NanoSpot.ai, Inc.",0001988927,48 S Rio Grande Street,,SALT LAKE CITY,UT,84101,624999,1500000,21-AUG-2023,2023Q3
0001493152-23-029466,Evergreen Theragnostics Inc.,0001816034,27 COMMERCE ST,,SPRINGFIELD,NJ,07081,15461652,15461652,18-AUG-2023,2023Q3
0001085037-23-000095,SAVICELL Corp,0001498380,"10 STEVENS STREET, PO BOX 1080",,ANDOVER,MA,01810-3572,224000,224000,18-AUG-2023,2023Q3
0001986599-23-000005,"Bell Pharmacy Holdings, LLC",0001986599,5313 COTTONWOOD TREE CIRCLE,,VALRICO,FL,33596,286000,400000,17-AUG-2023,2023Q3
0001567619-23-006953,"CytomX Therapeutics, Inc.",0001501989,151 OYSTER POINT BLVD.,SUITE 400,SOUTH SAN FRANCISCO,CA,94080,30000000,30000000,17-AUG-2023,2023Q3
0001895465-23-000002,"EXCELLOS, Inc",0001895465,"1155 ISLAND AVE, SUITE 250",,SAN DIEGO,CA,92101,4999999,7000000,16-AUG-2023,2023Q3
0001990163-23-000001,"Phytest Diagnostics, LLC",0001990163,"5909 PEACHTREE DUNWOODY ROAD, SUITE 900",,ATLANTA,GA,30328,330000,330000,15-AUG-2023,2023Q3
0001989944-23-000001,New Day Diagnostics LLC,0001989944,"6701 BAUM DRIVE, SUITE 110",,KNOXVILLE,TN,37919,0,15000000,15-AUG-2023,2023Q3
0001989304-23-000001,"Radionetics Oncology, Inc.",0001989304,70 WILLOW STREET,SUITE 200,MENLO PARK,CA,94025,54211759,68711758,15-AUG-2023,2023Q3
0001567619-23-006940,"Boundless Bio, Inc.",0001782303,9880 Campus Point Drive,Suite 120,San Diego,CA,92121,100000000,100000000,15-AUG-2023,2023Q3
0001668243-23-000001,UroGen Pharma Ltd.,0001668243,400 Alexander Park Drive,4th Floor,Princeton,NJ,08540,120000000,120000000,14-AUG-2023,2023Q3
0001812191-23-000005,"Alphageneron Pharmaceuticals, Inc.",0001812191,"1441 BROADWAY, 3RD FLOOR",STE #3159,NEW YORK,NY,10018,250000,250000,14-AUG-2023,2023Q3
0001661460-23-000003,"Poseida Therapeutics, Inc.",0001661460,9390 TOWNE CENTRE DRIVE,SUITE 200,SAN DIEGO,CA,92121,24999999,24999999,11-AUG-2023,2023Q3
0001716747-23-000001,"Nivagen Pharmaceuticals, Inc.",0001716747,3100 FITE CIRCLE,SUITE 100,SACRAMENTO,CA,95827,5000005,5000005,11-AUG-2023,2023Q3
0001099910-23-000154,"VitalPoint Technologies, Inc.",0001989795,5318 WESTLAYAN ST.,#152,HOUSTON,TX,77005,0,300000,11-AUG-2023,2023Q3
0001981188-23-000002,"Remedy Plan, Inc.",0001757460,704 Quince Orchard Rd,Suite 220,Gaithersburg,MD,20878,19069387,19579386,10-AUG-2023,2023Q3
0001832335-23-000002,"Aulos Bioscience, Inc.",0001832335,700 LARKSPUR LANDING CIR,STE 108,LARKSPUR,CA,94939,5000000,20000000,10-AUG-2023,2023Q3
0001802369-23-000002,"ADARx Pharmaceuticals, Inc.",0001802369,"5871 Oberlin Drive, Suite 200",,San Diego,CA,92121,200000012,200000012,10-AUG-2023,2023Q3
0001728955-23-000001,"Dracen Pharmaceuticals, Inc.",0001728955,9276 Scranton Road #200,,San Diego,CA,92121,2285000,2785000,10-AUG-2023,2023Q3
0001989653-23-000001,"Syrna Therapeutics, Inc.",0001989653,13759 PINE NEEDLES DRIVE,,DEL MAR,CA,92014,10884674,10884674,10-AUG-2023,2023Q3
0001771706-23-000001,"Goodness Growth Holdings, Inc.",0001771706,207 SOUTH 9TH STREET,,MINNEAPOLIS,MN,55402,0,10000000,10-AUG-2023,2023Q3
0001567619-23-006844,"Azora Therapeutics, Inc.",0001866534,4267 Valley Meadow Road,,Encino,CA,91436,581449,596426,09-AUG-2023,2023Q3
0001419041-23-000001,"Forte Biosciences, Inc.",0001419041,3060 PEGASUS PARK DRIVE,BUILDING 6,DALLAS,TX,75247,25009981,25009981,09-AUG-2023,2023Q3
0001209191-23-044918,Nevakar Inc.,0001677308,"1019 US Highway 202-206, Building K",New Jersey Center of Excellence,Bridgewater,NJ,08807,4585000,12000000,08-AUG-2023,2023Q3
0001493152-23-027073,ORAGENICS INC,0001174940,"4902 EISENHOWER BOULEVARD, SUITE 125",,TAMPA,FL,33634,850000,850000,08-AUG-2023,2023Q3
0001567619-23-006809,"Gossamer Bio, Inc.",0001728117,3013 SCIENCE PARK,,SAN DIEGO,CA,92121,212102057,212102057,07-AUG-2023,2023Q3
0001790058-23-000001,"MediSix Therapeutics, Inc.",0001790058,"500 BOYLSTON STREET, SUITE 1380",,BOSTON,MA,02116,22500000,22500000,04-AUG-2023,2023Q3
0001988791-23-000001,NovaDerm Aid Fund Ksi LLC,0001988791,4514 COLE AVENUE,SUITE 600,DALLAS,TX,75205,1100000,2000000,04-AUG-2023,2023Q3
0001859506-23-000001,"Bilayer Therapeutics, Inc.",0001859506,"ONE BROADWAY, 14TH FLOOR",,CAMBRIDGE,MA,02142,300000,1000000,04-AUG-2023,2023Q3
0001567619-23-006748,"Elucida Oncology, Inc.",0001704594,1 Deer Park Drive,,Monmouth Junction,NJ,08852,22284600,22284600,03-AUG-2023,2023Q3
0001538762-23-000007,"Io Therapeutics, Inc.",0001538762,"9450 PINECROFT DR., SUITE 9497",,SPRING,TX,77387,4158000,4158000,03-AUG-2023,2023Q3
0001986429-23-000002,"ORI, Inc. / UT",0001986429,1064 S. NORTH COUNTY BOULEVARD,,PLEASANT GROVE,UT,84062,1125000,4000000,03-AUG-2023,2023Q3
0001437749-23-021870,Sonablate Corp.,0001987408,10130 Perimeter Parkway,Suite 410,Charlotte,NC,28226,377000,60000000,03-AUG-2023,2023Q3
0000939798-23-000001,GB SCIENCES INC,0001165320,9205 W. Russell Road,Suite 240,LAS VEGAS,NV,89148,75000,1000000,02-AUG-2023,2023Q3
0001710475-23-000003,"COFACTOR GENOMICS, INC.",0001710475,300 Brannan St,Ste 410,San Francisco,CA,94107,1174682,2000000,02-AUG-2023,2023Q3
0001567619-23-006723,"K2 Biolabs, Inc.",0001848448,"2710 Reed Road , Ste. 160",,Houston,TX,77051,615522,3000000,02-AUG-2023,2023Q3
0001250853-23-000046,"LIXTE BIOTECHNOLOGY HOLDINGS, INC.",0001335105,680 East Colorado Boulevard,Suite 180,Pasadena,CA,11733,3500000,3500000,01-AUG-2023,2023Q3
0001209191-23-043921,"HERON THERAPEUTICS, INC. /DE/",0000818033,4242 Campus Point Court,Suite 200,San Diego,CA,92121,30000000,30000000,01-AUG-2023,2023Q3
0001888810-23-000004,We Are the New Farmers Inc.,0001888810,80 58TH STREET,,BROOKLYN,NY,11220,500000,2000000,31-JUL-2023,2023Q3
0001209191-23-043826,"Molecular Templates, Inc.",0001183765,9301 Amberglen Blvd,Suite 100,Austin,TX,78729,19999998,90738000,31-JUL-2023,2023Q3
0001751998-23-000002,"Redona Therapeutics, Inc.",0001751998,490 ARSENAL WAY,SUITE 100B,WATERTOWN,MA,02472,5953898,11907796,31-JUL-2023,2023Q3
0001946887-23-000001,"PulseGraft, Inc.",0001946887,3334 E. COAST HWY #408,,CORONA DEL MAR,CA,92625,0,Indefinite,31-JUL-2023,2023Q3
0001987206-23-000001,Cytotest Inc.,0001987206,1395 PICCARD DRIVE,SUITE 308,ROCKVILLE,MD,20850,839300,839300,27-JUL-2023,2023Q3
0001853367-23-000001,"Endolytix Technology, Inc.",0001853367,5850 Dunham Ridge Road,Suite 550,BEVERLY,MA,01915,2000000,4300000,27-JUL-2023,2023Q3
0001567619-23-006698,"2A Biosciences, Inc.",0001968754,"2A Biosciences, Inc.",1714 BRYN MAWR,SANTA MONICA,CA,90405,3779777,5500000,27-JUL-2023,2023Q3
0001985017-23-000001,Microplate Dx,0001985017,WOLFSON CENTRE,106 ROTTENROW,GLASGOW,X0,G4 0NW,1424227,Indefinite,27-JUL-2023,2023Q3
0001477932-23-005552,Cosmos Health Inc.,0001474167,"141 West Jackson Blvd, Suite 4236",,Chicago,IL,60604,5250000,5250000,27-JUL-2023,2023Q3
0001104659-23-083066,"Petros Pharmaceuticals, Inc.",0001815903,1185 AVENUE OF THE AMERICAS,3RD FLOOR,NEW YORK,NY,10036,30000006,30000006,21-JUL-2023,2023Q3
0001694227-23-000001,"NFlection Therapeutics, Inc.",0001694227,"867 BOYLSTON STREET, 5TH FLOOR",#1116,BOSTON,MA,02116,4000000,4000000,21-JUL-2023,2023Q3
0001736525-23-000002,"EIP Pharma, Inc.",0001736525,"20 PARK PLAZA, SUITE 424",,BOSTON,MA,02116,810000,810000,20-JUL-2023,2023Q3
0001978698-23-000001,CHOCOLATE RESCUE FOR DOGS CO,0001978698,N110W16583 KINGS WAY,,GERMANTOWN,WI,53022,0,155000,17-JUL-2023,2023Q3
0001654954-23-009275,"Zivo Bioscience, Inc.",0001101026,21 E. Long Lake Road,Suite 100,Bloomfield Hills,MI,48304,3999960,3999960,17-JUL-2023,2023Q3
0001856247-23-000001,"Sarcio, Inc.",0001856247,13675 GURNEY PATH,,Apple Valley,MN,55124,607503,750000,17-JUL-2023,2023Q3
0001821223-23-000001,"Kinaset Therapeutics, Inc.",0001821223,10 KNOLLWOOD ROAD,,MEDFIELD,MA,02052,28500000,41000000,17-JUL-2023,2023Q3
0001855431-23-000001,"Verismo Therapeutics, Inc.",0001855431,"3675 Market St., Ste. 200",,Philadelphia,PA,19104,19150012,Indefinite,14-JUL-2023,2023Q3
0001907465-23-000001,"Maxwell Biosciences, Inc.",0001907465,3809 Juniper Trace,#101,Austin,TX,78738,0,25000000,14-JUL-2023,2023Q3
0001806270-23-000002,"ImCare Biotech, Inc.",0001806270,3805 OLD EASTON ROAD,,DOYLESTOWN,PA,18902,153402,153402,14-JUL-2023,2023Q3
0001567619-23-006589,"Groff North America, LLC",0001985457,100 REDCO AVE,SUITE A,RED LION,PA,17356,13098333,17598333,14-JUL-2023,2023Q3
0001806270-23-000001,"Venatorx Pharmaceuticals, Inc.",0001590501,30 SPRING MILL DRIVE,,MALVERN,PA,19355,35008357,48246230,13-JUL-2023,2023Q3
0001706975-23-000001,TearClear Corp.,0001706975,"3495 US Hwy 1, 34 Ste1164",,Princeton,NJ,08540,11764262,15961748,13-JUL-2023,2023Q3
0001984086-23-000001,"Septerna, Inc.",0001984086,"250 EAST GRAND AVENUE, SUITE 65",,SOUTH SAN FRANCISCO,CA,94080,73499988,149999989,13-JUL-2023,2023Q3
0001493152-23-024442,"Vicapsys Life Sciences, Inc.",0001468639,7778 MCGINNIS FERRY RD. #270,,SAWANEE,GA,30024,330000,330000,13-JUL-2023,2023Q3
0001567619-23-006568,"Ocelot Bio, Inc.",0001856030,12670 High Bluff Drive,,San Diego,CA,92130,3000000,12000000,13-JUL-2023,2023Q3
0001984545-23-000001,"Epoch Biotech, LLC",0001984545,3 CREST DRIVE,,DOVER,MA,02030,720000,1500000,12-JUL-2023,2023Q3
0001753926-23-000917,"Redwood Scientific Technologies, Inc.",0001634394,418 BROADWAY,SUITE 4872,ALBANY,NY,12207,1140000,1140000,11-JUL-2023,2023Q3
0000025743-23-000001,"TherapeuticsMD, Inc.",0000025743,"951 YAMATO ROAD, SUITE 220",,BOCA RATON,FL,33431,1149998,5000000,11-JUL-2023,2023Q3
0001861955-23-000001,"AssayQuant Technologies, Inc.",0001861955,260 CEDAR HILL STREET,,Marlborough,MA,01752,5122385,12000000,10-JUL-2023,2023Q3
0001569047-23-000003,"HDL THERAPEUTICS, INC.",0001569047,601 21ST STREET,SUITE 300,VERO BEACH,FL,32960,1270074,7000000,10-JUL-2023,2023Q3
0001812857-23-000005,"Willow Neuroscience, Inc.",0001701524,c/o Alexandria Launch Labs,3160 Porter Dr.,Palo Alto,CA,94304,2074500,3250000,10-JUL-2023,2023Q3
0001104659-23-079123,"NeuBase Therapeutics, Inc.",0001173281,350 TECHNOLOGY DRIVE,,PITTSBURGH,PA,15219,5000002,5000002,07-JUL-2023,2023Q3
0001983631-23-000001,"IGM Biosciences, Inc.",0001496323,325 E MIDDLEFIELD ROAD,,MOUNTAIN VIEW,CA,94043,22500000,22500000,07-JUL-2023,2023Q3
0001852724-23-000003,S4 Medical Corp.,0001852724,"34 SOUTH MAIN, SUITE 200",,CHAGRIN FALLS,OH,44022,5762025,7762026,07-JUL-2023,2023Q3
0001808722-23-000001,"Actym Therapeutics, Inc.",0001808722,626 BANCROFT WAY,SUITE A,BERKELEY,CA,94710,11238333,27539376,06-JUL-2023,2023Q3
0001842853-23-000001,"Ampel, LLC",0001842853,250 WEST MAIN STREET,SUITE 300,CHARLOTTESVILLE,VA,22902,1800000,5000000,06-JUL-2023,2023Q3
0001791787-23-000001,"TrueBinding, Inc.",0001791787,300 Lincoln Centre Dr.,Suite 200,Foster City,CA,94404,57712530,78198692,06-JUL-2023,2023Q3
0001981956-23-000002,"Synthetica Bio, Inc.",0001981956,1950 Corporate Way,#12489,Anaheim,CA,92801,2500000,3000000,05-JUL-2023,2023Q3
0001982918-23-000002,Healix Clinical Laboratory LLC,0001982918,4800 FOURNACE PLACE,SUITE BW3,BELLAIRE,TX,77401,2000000,2750000,05-JUL-2023,2023Q3
0001231919-23-000043,"Minerva Neurosciences, Inc.",0001598646,1500 District Avenue,,Burlington,MA,01803,0,19999994,03-JUL-2023,2023Q3
0001667144-23-000001,"Eosera, Inc.",0001667144,5000 South Freeway,Suite 110,FORT WORTH,TX,76115,1318772,5000000,29-DEC-2023,2023Q4
0001679037-23-000002,"Lyndra Therapeutics, Inc.",0001679037,"65 GROVE STREET, SUITE 301",,WATERTOWN,MA,02472,122749667,206055340,29-DEC-2023,2023Q4
0001551289-23-000001,"Zurex Pharma, Inc.",0001551289,2113 EAGLE DRIVE,,MIDDLETON,WI,53562,3779232,4000000,29-DEC-2023,2023Q4
0001606055-23-000002,"IMBED BIOSCIENCES, INC",0001606055,2241 Pinehurst Drive,,Middleton,WI,53562,3500000,3600000,29-DEC-2023,2023Q4
0002005438-23-000001,Aviv Pharma Inc.,0002005438,401 RYLAND STREET,SUITE 200A,RENO,NV,89502,2252517,4000000,28-DEC-2023,2023Q4
0001924488-23-000001,"Amydis, Inc.",0001924488,1901 Avenue of the Stars,SUITE 200,LOS ANGELES,CA,90067,3000000,6000000,28-DEC-2023,2023Q4
0002006018-23-000001,AdvanCell Isotopes Pty Ltd,0002006018,LEVEL 7/167 MACQUAIRE ST,,SYDNEY NSW,C3,2000,5000000,10000000,28-DEC-2023,2023Q4
0000897069-23-001844,"TuHURA Biosciences, Inc.",0001252142,10500 University Center Drive,,TAMPA,FL,33612,1665000,15000000,27-DEC-2023,2023Q4
0001867989-23-000003,"Abata Therapeutics, Inc.",0001867989,100 FORGE ROAD,SUITE 200,WATERTOWN,MA,02472,15332894,Indefinite,27-DEC-2023,2023Q4
0001209191-23-059745,"Spyre Therapeutics, Inc.",0001636282,221 Crescent Street,"Building 23, Unit 105",Waltham,MA,02453,180000000,180000000,27-DEC-2023,2023Q4
0001213900-23-098453,Temple Therapeutics Holdings Ltd,0001896459,"URMONDERBAAN 22, GATE 2",,GELEEN,P7,6167 RD,100000,3500000,26-DEC-2023,2023Q4
0001969222-23-000002,INSAMO INC.,0001969222,1441 JOSEPHINE ST.,,BERKELEY,CA,94703,2300000,2300000,22-DEC-2023,2023Q4
0001854843-23-000003,SeQure Dx Inc.,0001854843,1440 MAIN STREET,,WALTHAM,MA,02451,2612903,8000000,22-DEC-2023,2023Q4
0001788508-23-000005,Unnatural Products Inc.,0001788508,2161 DELAWARE AVENUE,SUITE A,SANTA CRUZ,CA,95060,24974312,32730960,22-DEC-2023,2023Q4
0002004792-23-000001,"Ratio Therapeutics, Inc.",0002004792,ONE DESIGN CENTER PLACE,SUITE 19-601,BOSTON,MA,02210,50675000,50675000,21-DEC-2023,2023Q4
0001950454-23-000001,MaskZero LLC,0001950454,1550 LARIMER STREET,SUITE 634,DENVER,CO,80202,1010000,1500000,20-DEC-2023,2023Q4
0001724287-23-000002,"Bridge Therapeutics, Inc.",0001724287,"217 COUNTRY CLUB PARK, STE",SUITE 325,BIRMINGHAM,AL,35213,321000,1500000,18-DEC-2023,2023Q4
0002004852-23-000001,VILLYA LLC,0002004852,6300 N. WICKHAM ROAD,SUITE 130 - #194,MELBOURNE,FL,32940,250000,10000000,18-DEC-2023,2023Q4
0001062993-23-022719,Proteocyte Diagnostics Inc.,0001987946,"MARS CENTRE, SOUTH TOWER","101 COLLEGE STREET, SUITE 200",TORONTO,A6,M5G 1L7,36925,36925,18-DEC-2023,2023Q4
0002004133-23-000001,Trinity Nuclein Rd III QP Investors LLC,0002004133,2102 E STATE HWY 114,SUITE #300,SOUTHLAKE,TX,76092,2901272,15000000,15-DEC-2023,2023Q4
0002003771-23-000001,Trinity Nuclein Rd III Investors LLC,0002003771,2102 E STATE HWY 114,SUITE #300,SOUTHLAKE,TX,76092,1394728,15000000,15-DEC-2023,2023Q4
0001889137-23-000003,"SYNNOVATION THERAPEUTICS, INC.",0001889137,200 POWDER MILL ROAD,E500-1801,WILMINGTON,DE,19803,69874993,102499995,14-DEC-2023,2023Q4
0001493152-23-044874,"PD Theranostics, Inc.",0001830286,12 E 49TH STREET,11TH FLOOR,NEW YORK,NY,10017,150000,1000000,14-DEC-2023,2023Q4
0002004491-23-000001,"Irazu Oncology, LLC",0002004491,801 W. BALTIMORE STREET,SUITE 518,BALTIMORE,MD,21201,2601180,3900000,14-DEC-2023,2023Q4
0002004372-23-000001,Gong Sheng Yuan Biotechnology Corp,0002004372,626 SCIENCE MUSEUM STREET,,HANGZHOU,F4,310051,0,10000000,14-DEC-2023,2023Q4
0001470264-23-000002,CHITOGEN INC,0001470264,12805 HWY 55,SUITE 202,PLYMOUTH,MN,55441-3880,0,1050000,13-DEC-2023,2023Q4
0002003996-23-000001,"Laza Medical, Inc.",0002003996,590 Division Street,,Campbell,CA,95008,25463112,38255533,13-DEC-2023,2023Q4
0001847243-23-000001,"Droplet Biosciences, Inc.",0001847243,750 Main Street,,Cambridge,MA,02139,7613974,14113973,13-DEC-2023,2023Q4
0001213900-23-095184,Tractus Corp,0002003155,1710 #1 ROCKMOOR AVENUE,,AUSTIN,TX,78703,865000,1000000,13-DEC-2023,2023Q4
0002003070-23-000001,"Synvivia, Inc.",0002003070,2865 7TH ST.,,BERKELEY,CA,94710,54096,54096,11-DEC-2023,2023Q4
0001893069-23-000003,"Deka Biosciences, Inc.",0001893069,20378 SENECA MEADOWS PKWY,,GERMANTOWN,MD,20876,29851474,41386483,08-DEC-2023,2023Q4
0001673503-23-000001,"Gila Therapeutics, Inc.",0001673503,5420 Highwood Drive West,,Edina,MN,55436,399572,10000000,06-DEC-2023,2023Q4
0001999494-23-000001,AbbraTech Holdings LLC,0001999494,"25 BUSINESS PARK DRIVE, SUITE C",,BRANFORD,CT,06405,8505834,9970834,06-DEC-2023,2023Q4
0001878646-23-000036,"Enterin, Inc.",0001711351,2005 MARKET STREET,SUITE 3125,PHILADELPHIA,PA,19103,5099772,19999973,06-DEC-2023,2023Q4
0001612348-23-000001,"Avicena, LLC",0001612348,117 E Colorado Blvd.,Ste 510,Pasadena,CA,91105,0,10000000,06-DEC-2023,2023Q4
0000897069-23-001721,"ViruTech Systems, Inc.",0001834041,1415 WEST RIVER ROAD NORTH,,MINNEAPOLIS,MN,55411,0,7500000,05-DEC-2023,2023Q4
0001087376-23-000002,MINERVA BIOTECHNOLOGIES Corp,0001087376,40 BEAR HILL ROAD,,WALTHAM,MA,02451,4515000,8000000,05-DEC-2023,2023Q4
0001932050-23-000001,"Vetmab Biosciences, Inc.",0001932050,3639 Midway Drive,Suite B#292,SAN Diego,CA,92110,575000,5000000,05-DEC-2023,2023Q4
0001994868-23-000002,"Avalor Therapeutics, Inc.",0001994868,"6700 NE 181st St., #82506",,Kenmore,WA,98028,335000,800000,05-DEC-2023,2023Q4
0002002604-23-000001,"AlmataBio, Inc.",0002002604,"650 PONCE DE LEON AVE, STE. 300 #3315",,ATLANTA,GA,30308,2129502,3999998,04-DEC-2023,2023Q4
0002002222-23-000001,"VentSafe, Inc.",0002002222,90 URBANO DRIVE,,SAN FRANCISCO,CA,94127,20000,500000,01-DEC-2023,2023Q4
0001919892-23-000003,TPEG NANO QP INVESTORS LLC,0001853083,2102 E State Hwy 114,STE 300,SOUTHLAKE,TX,76092,2170000,10000000,30-NOV-2023,2023Q4
0001437749-23-033249,"Pneumeric, Inc.",0001892733,823 4th Street SW,,Rochester,MN,55902,0,3500000,30-NOV-2023,2023Q4
0001949231-23-000001,"Keliomics, Inc.",0001949231,4640 S. MACADAM AVENUE,SUITE 270,PORTLAND,OR,97239,2275000,7000000,30-NOV-2023,2023Q4
0001615594-23-000060,"3Helix, Inc.",0002001622,"675 ARAPEEN DR., STE. 302",,SALT LAKE CITY,UT,84108,3749987,6000000,29-NOV-2023,2023Q4
0001493152-23-043017,Bone Biologics Corp,0001419554,2 BURLINGTON WOODS DRIVE,STE 100,BURLINGTON,MA,01803,729000,729000,29-NOV-2023,2023Q4
0001674649-23-000001,"Arrivo BioVentures, LLC",0001674649,3000 RDU Center Drive,Suite 130,MORRISVILLE,NC,27560,43194016,45250000,29-NOV-2023,2023Q4
0001170022-23-000009,"TOMI Environmental Solutions, Inc.",0000314227,8430 SPIRES WAY,,FREDERICK,MD,21701,2600000,5000000,28-NOV-2023,2023Q4
0001644516-23-000018,"MHR Acquisitions, Inc.",0001644516,One World Trade Center,85th floor,New York,NY,10038,0,300000,24-NOV-2023,2023Q4
0002001661-23-000002,Avantia Labs Inc.,0002001661,323 Daniel Rd,,Ambler,PA,19002,1700000,1700000,21-NOV-2023,2023Q4
0001992222-23-000001,"MEDPhlow, LLC",0001992222,424 Hull Street,Suite 400,RICHMOND,VA,23224,1000000,1500000,17-NOV-2023,2023Q4
0001939276-23-000001,"Certis Oncology Solutions, Inc.",0001939276,5626 OBERLIN DRIVE,SUITE 110,SAN DIEGO,CA,92121,3653090,10000000,17-NOV-2023,2023Q4
0001987607-23-000002,"GENIE Therapeutics, Inc.",0001987607,1207 DELAWARE AVENUE #1118,,WILMINGTON,DE,19806,0,Indefinite,17-NOV-2023,2023Q4
0001856578-23-000002,"AMPHP, INC.",0001856578,1090 Center Drive,,PARK CITY,UT,84098,32114924,32499999,16-NOV-2023,2023Q4
0001231919-23-000071,VYNE Therapeutics Inc.,0001566044,"685 ROUTE 202/206 N., SUITE 301",,BRIDGEWATER,NJ,08807,88151508,88151508,16-NOV-2023,2023Q4
0001420565-23-000002,AILERON THERAPEUTICS INC,0001420565,738 MAIN STREET,UNIT 398,WALTHAM,MA,02451,18254247,18254247,16-NOV-2023,2023Q4
0002000807-23-000001,Bondwell Technologies LP,0002000807,415 GRAHAM ROAD,,COLLEGE STATION,TX,77845,450756,450756,16-NOV-2023,2023Q4
0001864817-23-000001,"AmplifyBio, LLC",0001864817,1425 PLAIN CITY-GEORGESVILLE ROAD,BLDG JM-10,WEST JEFFERSON,OH,43162,49750000,100000000,15-NOV-2023,2023Q4
0001104659-23-118639,Serimmune Inc.,0001693808,"150 CASTILIAN DRIVE, SUITE 100",,GOLETA,CA,93117,11512176,16500000,15-NOV-2023,2023Q4
0001999472-23-000002,"Biowise Capital II, LLC",0001844785,"100 CRESCENT COURT,",#700,DALLAS,TX,75201,1100000,10000000,15-NOV-2023,2023Q4
0001846099-23-000001,"HEMOSHEAR THERAPEUTICS, INC.",0001846099,"501 LOCUST AVENUE, SUITE 301",,CHARLOTTESVILLE,VA,22902,3500000,8000000,14-NOV-2023,2023Q4
0001140361-23-052961,"GYRE THERAPEUTICS, INC.",0001124105,12770 High Bluff Drive,Suite 150,SAN DIEGO,CA,92130,5000000,5000000,13-NOV-2023,2023Q4
0001104659-23-117175,KORTUC INC.,0001976145,"545 MIDDLEFIELD ROAD, SUITE 205",,MENLO PARK,CA,94025,2783,2783,13-NOV-2023,2023Q4
0001999089-23-000001,Project Samri Inc.,0001999089,"6 LIBERTY SQUARE, #405",,BOSTON,MA,02109,10500001,10500001,13-NOV-2023,2023Q4
0001608318-23-000003,"NantBio, Inc.",0001608318,450 Duley Road,,El Segundo,CA,90245,75073925,75073925,13-NOV-2023,2023Q4
0001493152-23-040030,"Voltron Therapeutics, Inc.",0001835742,12 E 49TH STREET,11TH FLOOR,NEW YORK,NY,10017,3210680,Indefinite,09-NOV-2023,2023Q4
0001905406-23-000003,Goodsprout Co LLC,0001905406,2733 CULLEN ST.,,FORT WORTH,TX,76107,50000,Indefinite,09-NOV-2023,2023Q4
0001834504-23-000001,"BRAINBOX SOLUTIONS, INC.",0001834504,737 N 5th St.,Ste 304,RICHMOND,VA,23219,7089159,18499976,07-NOV-2023,2023Q4
0001602708-23-000001,"Foldax, Inc.",0001602708,825 N 300 W,,SALT LAKE CITY,UT,84103,7000000,Indefinite,07-NOV-2023,2023Q4
0001994702-23-000001,"Kyverna Therapeutics, Inc.",0001994702,5980 HORTON STREET,SUITE 550,EMERYVILLE,CA,94608,151999981,151999981,07-NOV-2023,2023Q4
0001825955-23-000003,"SONALASENSE, INC.",0001825955,1111 BROADWAY,SUITE 2040,OAKLAND,CA,94607,9765000,15000000,06-NOV-2023,2023Q4
0001761468-23-000001,"Cytonus Therapeutics, Inc.",0001761468,3280 Grey Hawk Ct.,,Carlsbad,CA,92010,11703095,21603089,06-NOV-2023,2023Q4
0001644600-23-000181,Quadrant Biosciences Inc,0001651239,505 IRVING AVENUE,SUITE 3100 A-B,SYRACUSE,NY,13210,0,25425000,02-NOV-2023,2023Q4
0000929638-23-002985,"Ayala Pharmaceuticals, Inc.",0001100397,9 DEER PARK DRIVE,SUITE K-1,MONMOUTH JUNCTION,NJ,08852,433825,433825,02-NOV-2023,2023Q4
0001493152-23-038912,"Aspire BioPharma, Inc.",0001995528,"194 CANDELERO DRIVE, #223",,HUMACAO,PR,00797,0,10000000,01-NOV-2023,2023Q4
0001668934-23-000001,"Opus KSD, Inc.",0001668934,50 Corporate Park Drive,,Pembroke,MA,02359,300000,1000000,31-OCT-2023,2023Q4
0001938187-23-000001,"Harpoon Therapeutics, Inc.",0001708493,"611 GATEWAY BOULEVARD, SUITE 400",,SOUTH SAN FRANCISCO,CA,94080,100162467,100162467,31-OCT-2023,2023Q4
0001801202-23-000001,"AmpSport, Inc.",0001801202,1208 Conway Road,,Decatur,GA,30030,500000,500000,30-OCT-2023,2023Q4
0001080368-23-000040,"Access Vascular, Inc.",0001714846,"175 MIDDLESEX TURNPIKE, SUITE 1A",,BEDFORD,MA,01730,20646440,31596440,30-OCT-2023,2023Q4
0000898432-23-000737,BIOLIFE SOLUTIONS INC,0000834365,3303 MONTE VILLA PARKWAY,,BOTHELL,WA,98021,10374976,10374976,27-OCT-2023,2023Q4
0001998307-23-000001,"Ilico Genetics, Inc.",0001998307,116 RESEARCH DRIVE,SUITE 141,BETHLEHEM,PA,18015,457735,Indefinite,27-OCT-2023,2023Q4
0001493152-23-038382,"Propanc Biopharma, Inc.",0001517681,"302, 6 BUTLER STREET",,"CAMBERWELL, VIC",C3,3124,61000,61000,26-OCT-2023,2023Q4
0001998555-23-000001,"TripleBar Bio, Inc.",0001998555,1250 45TH ST STE 315,,EMERYVILLE,CA,94608,19763632,20524996,25-OCT-2023,2023Q4
0001997857-23-000001,"ManaT Bio, Inc.",0001997857,1300 THAMES STREET,SUITE 20,BALTIMORE,MD,21231,72147626,152960126,25-OCT-2023,2023Q4
0001997276-23-000001,"BrightHorse Equine Performance, Inc.",0001997276,420 NORTH TWIN OAKS VALLEY ROAD,#2277,SAN MARCOS,CA,92069,200000,2500000,24-OCT-2023,2023Q4
0001567619-23-007572,"Mongoose Bio, Inc.",0001998401,609 MAIN STREET,SUITE 4200,HOUSTON,TX,77002,1000000,3000000,24-OCT-2023,2023Q4
0001104659-23-110750,"Aquyre Biosciences, Inc.",0001887377,133 BOSTON POST ROAD,,WESTON,MA,02493,3220502,10000000,23-OCT-2023,2023Q4
0001997642-23-000001,"PinkDx, Inc.",0001997642,ONE INDIANA SQUARE,SUITE 3500,INDIANAPOLIS,IN,46204,16984994,40000048,20-OCT-2023,2023Q4
0001630212-23-000003,Avalon GloboCare Corp.,0001630212,4400 ROUTE 9,SUITE 3100,FREEHOLD,NJ,07728,700000,700000,20-OCT-2023,2023Q4
0001983609-23-000004,"KINETA, INC./DE",0001445283,219 TERRY AVE. N.,SUITE 300,SEATTLE,WA,98109,0,2893176,20-OCT-2023,2023Q4
0001995076-23-000001,"Scion Neurostim, Inc.",0001995076,3225 SURREY ROAD,,DURHAM,NC,27707,9999978,10000000,19-OCT-2023,2023Q4
0001932193-23-000003,RS BioTherapeutics Inc.,0001932193,157 BALTIMORE STREET,,CUMBERLAND,MD,21502,1105000,5000000,19-OCT-2023,2023Q4
0001634457-23-000001,"Entopsis, Inc.",0001634457,7600 NW 69TH AVENUE,,MEDLEY,FL,33166,0,6000000,19-OCT-2023,2023Q4
0001782226-23-000001,"i2O Therapeutics, Inc.",0001782226,610 Main Street,,Cambridge,MA,02139,3500000,3987042,18-OCT-2023,2023Q4
0001080368-23-000039,"Rejoni, Inc.",0001824241,201 BURLINGTON RD.,,BEDFORD,MA,01730,26250000,26250000,18-OCT-2023,2023Q4
0001865086-23-000004,"Advanced Development of Additive Manufacturing, Inc.",0001865086,700 Canal St.,1st Floor,Stamford,CT,06902,200000,200000,18-OCT-2023,2023Q4
0001013762-23-004487,"Origin Life Sciences, Inc.",0001573901,2 RESEARCH WAY,THIRD FLOOR,PRINCETON,NJ,08540,51000,5000000,17-OCT-2023,2023Q4
0001997658-23-000001,Novastream Therapeutics Inc.,0001997658,5595 WASHINGTON STREET,,DENVER,CO,80216,50000,250000,17-OCT-2023,2023Q4
0001878646-23-000034,"AMICUS THERAPEUTICS, INC.",0001178879,47 Hulfish Street,,Princeton,NJ,08542,29999985,29999985,16-OCT-2023,2023Q4
0001876860-23-000003,"Apothewell, Inc.",0001876860,417 MAIN STREET,,LITTLE ROCK,AR,72201,45000,75000,13-OCT-2023,2023Q4
0001997408-23-000001,"Window Therapeutics, Inc.",0001997408,VENTURE DEVELOPMENT CENTER,100 MORRISSEY BOULEVARD,BOSTON,MA,02125-3393,7550000,7550000,13-OCT-2023,2023Q4
0001996977-23-000001,iQure Pharma Inc.,0001996977,3 KITTANSETT COURT,,SKILLMAN,NJ,08558,1500000,2000000,11-OCT-2023,2023Q4
0001416162-23-000001,"PanTheryx, Inc.",0001416162,4845 Pearl East Circle,Suite 101,Boulder,CO,80301,52289052,60000000,11-OCT-2023,2023Q4
0001789541-23-000002,"GABA Therapeutics, Inc.",0001789541,"5000 BIRCH STREET, WEST TOWER,",SUITE 3000,NEWPORT BEACH,CA,92660,500000,1000000,10-OCT-2023,2023Q4
0001540171-23-000001,Avalyn Pharma Inc.,0001540171,701 PIKE STREET,SUITE 1500,SEATTLE,WA,98101,189182622,189182622,10-OCT-2023,2023Q4
0001493152-23-036455,"Cell Source, Inc.",0001569340,"57 WEST 57TH STREET, SUITE 400",,NEW YORK,NY,10019,3905134,Indefinite,06-OCT-2023,2023Q4
0001484565-23-000001,SOLENO THERAPEUTICS INC,0001484565,203 REDWOOD SHORES PARKWAY,SUITE 500,REDWOOD CITY,CA,94065,59988250,59988250,04-OCT-2023,2023Q4
0001753420-23-000001,"ENB Therapeutics, Inc.",0001753420,C/O LAUNCHLABS,"430 E 29th St., 14TH Floor",NEW YORK,NY,10016,225000,1000000,03-OCT-2023,2023Q4
0001878281-23-000001,Avstera Therapeutics Corp.,0001878281,365 PHOENIXVILLE PIKE,,MALVERN,PA,19355,5000000,5000000,03-OCT-2023,2023Q4
0001752992-23-000001,"Euphrates Vascular, Inc.",0001752992,8460 Watson Road,Suite 112,St. Louis,MO,63119,9084802,9084802,03-OCT-2023,2023Q4
0001708527-23-000004,ELUTIA INC.,0001708527,12510 PROSPERITY DRIVE,SUITE 370,SILVER SPRING,MD,20904,10500000,10500000,03-OCT-2023,2023Q4
0001390478-24-000006,"SELLAS Life Sciences Group, Inc.",0001390478,7 TIMES SQUARE,SUITE 2503,NEW YORK,NY,10036,18371336,18371336,29-MAR-2024,2024Q1
0001722926-24-000001,ASLAN Pharmaceuticals Ltd,0001722926,3 TEMASEK AVENUE,Level 18 Centennial Tower,SINGAPORE,U0,039190,5000000,5000000,28-MAR-2024,2024Q1
0001104659-24-039702,"Certara, Inc.",0001827090,100 OVERLOOK CENTER,SUITE 101,PRINCETON,NJ,08540,0,Indefinite,27-MAR-2024,2024Q1
0001231919-24-000041,"DELCATH SYSTEMS, INC.",0000872912,566 QUEENSBURY AVENUE,,QUEENSBURY,NY,12804,7001113,7001113,26-MAR-2024,2024Q1
0001872608-24-000001,"Allevion Therapeutics, Inc.",0001872608,"18001 Cowan, Suite L",,IRVINE,CA,92614,1475000,1475000,26-MAR-2024,2024Q1
0002006498-24-000001,"Firefly Bio, Inc.",0002006498,2 TOWER PLACE UNIT 14A,,SOUTH SAN FRANCISCO,CA,94080,39999997,72000000,26-MAR-2024,2024Q1
0001730493-24-000002,IntraBio Inc.,0001730493,"201 W 5th Street, Suite 1100",,Austin,TX,78701,40267575,40999990,25-MAR-2024,2024Q1
0001445789-24-000001,"LungLife AI, Inc.",0001445789,"2545 W. HILLCREST DRIVE, SUITE 140",,THOUSAND OAKS,CA,91320,315780,315780,22-MAR-2024,2024Q1
0002016438-24-000001,"Chrysalis Biotherapeutics, Inc.",0002016438,"2200 MARKET ST, SUITE 606",,GALVESTON,TX,77550,515000,3000000,22-MAR-2024,2024Q1
0000950123-24-002952,GlycosBio Inc.,0001427515,2450 Holcombe,Suite J,Houston,TX,77021,1125000,5000000,21-MAR-2024,2024Q1
0001013594-24-000290,Paterna BioSciences HoldCo Inc.,0001989862,1865 West 2100 South,Suite 100,SALT LAKE CITY,UT,84119,2000000,9949122,21-MAR-2024,2024Q1
0001213900-24-024422,"Unicycive Therapeutics, Inc.",0001766140,"4300 EL CAMINO REAL, SUITE 210",,LOS ALTOS,CA,94022,50000000,50000000,20-MAR-2024,2024Q1
0001104659-24-036473,"Holobiome, Inc.",0001763027,650 ALBANY STREET,STE 127,BOSTON,MA,02118,6590554,9361054,20-MAR-2024,2024Q1
0002015437-24-000003,"Capstan Therapeutics, Inc.",0002015437,"9880 CAMPUS POINT DRIVE, SUITE 220",,SAN DIEGO,CA,92121,87499982,174999964,20-MAR-2024,2024Q1
0001599901-24-000045,"Avidity Biosciences, Inc.",0001599901,"10578 Science Center Drive, Suite 125",,San Diego,CA,92121,400208765,400208765,19-MAR-2024,2024Q1
0000950123-24-002925,NEKTAR THERAPEUTICS,0000906709,455 Mission Bay Boulevard South,,San Francisco,CA,94158,30000000,30000000,19-MAR-2024,2024Q1
0001731038-24-000001,"Lindy Biosciences, Inc.",0001731038,627 Davis Drive,Suite 400,Morrisville,NC,27560,1709637,2500000,19-MAR-2024,2024Q1
0002009614-24-000001,Aloe Therapeutics Inc.,0002009614,14517 BROOKMEAD DRIVE,,DARNESTOWN,MD,20874,100000,100000,18-MAR-2024,2024Q1
0001923417-24-000003,"GREENLAB, INC.",0001923417,2713 PAULA DRIVE,SUITE B,JONESBORO,AR,72404,1611006,2100000,18-MAR-2024,2024Q1
0001490953-24-000001,"Immunophotonics, Inc.",0001490953,4340 Duncan Ave.,Suite 212,St. Louis,MO,63110,1516746,4000000,15-MAR-2024,2024Q1
0001813688-24-000002,"Tempo Therapeutics, Inc.",0001813688,3030 BUNKER HILL STREET,SUITE 104,SAN DIEGO,CA,92109,16327664,16793660,15-MAR-2024,2024Q1
0002014349-24-000001,"FORAY bioscience, Inc.",0002014349,750 MAIN ST.,,CAMBRIDGE,MA,02139,3413246,3913246,14-MAR-2024,2024Q1
0001460602-24-000002,Orgenesis Inc.,0001460602,20271 GOLDENROD LANE,,GERMANTOWN,MD,20876,2340903,2340903,14-MAR-2024,2024Q1
0000950172-24-000045,"Applied Therapeutics, Inc.",0001697532,"545 FIFTH AVENUE, SUITE 1400",,NEW YORK,NY,10017,99997998,99997998,13-MAR-2024,2024Q1
0001915384-24-000001,"Zephyr AI, Inc.",0001915384,"1800 Tysons Blvd, Suite 901",,McLean,VA,22102,111354487,120663249,13-MAR-2024,2024Q1
0001913179-24-000002,"PiroGon, Inc.",0001913179,"154 STATE STREET, SUITE 106",,NORTH HAVEN,CT,06473,1335000,1335000,12-MAR-2024,2024Q1
0000925421-24-000002,"Crinetics Pharmaceuticals, Inc.",0001658247,6055 LUSK BOULEVARD,,SAN DIEGO,CA,92121,350000028,350000028,11-MAR-2024,2024Q1
0002014918-24-000001,Neurock Pharmaceuticals Inc.,0002014918,"302 CARNEGIE CENTER, SUITE 100",,PRINCETON,NJ,08540,10000000,10000000,11-MAR-2024,2024Q1
0001893252-24-000002,X-Therma Inc.,0001893252,625 ALFRED NOBEL DR.,,HERCULES,CA,945471815,22378696,22378696,08-MAR-2024,2024Q1
0001659031-24-000001,"Bugworks Research, Inc.",0001659031,13962 Pierce Road,,Saratoga,CA,95070,6779976,15779970,08-MAR-2024,2024Q1
0001429819-24-000004,"CALOSYN PHARMA, INC.",0001429819,2031 Kings Highway,,Shreveport,LA,71103,750000,2000000,07-MAR-2024,2024Q1
0000945621-24-000282,vTv Therapeutics Inc.,0001641489,3980 PREMIER DR,SUITE 310,HIGH POINT,NC,27265,50961457,50961457,07-MAR-2024,2024Q1
0002013357-24-000002,"Vytala, Inc.",0002013357,603 ONEIDA LANE,,DOWNINGTOWN,PA,19335,805000,1500000,07-MAR-2024,2024Q1
0002014586-24-000001,"Remunix, Inc.",0002014586,564 FIRST AVE.,APT. 21 H,NEW YORK,NY,10016,15700000,16000000,06-MAR-2024,2024Q1
0001716170-24-000001,"Expanesthetics, Inc",0001716170,1450 DREW AVE.,SUITE 100,DAVIS,X1,95618,372300,372300,04-MAR-2024,2024Q1
0001831601-24-000002,"Focal Medical, Inc.",0001831601,111 James Jackson Avenue,SUITE 131,Cary,NC,27513,950000,950000,04-MAR-2024,2024Q1
0001678766-24-000004,"InGeneron, Inc.",0001678766,8205 EL RIO,,HOUSTON,TX,77054,1749181,1749181,04-MAR-2024,2024Q1
0001714899-24-000088,Denali Therapeutics Inc.,0001714899,161 OYSTER POINT BLVD.,,SOUTH SAN FRANCISCO,CA,94080,499732711,499732711,01-MAR-2024,2024Q1
0001938657-24-000001,RYNE Biotechnology Inc.,0001938657,ONE BROADWAY,14TH FLOOR KENDALL SQUARE,CAMBRIDGE,MA,02142,30000000,81832753,01-MAR-2024,2024Q1
0002013787-24-000001,"M Chest Institutional Pharmacy Group, LLC",0002013787,3160 PARK CENTER DR.,,TYLER,TX,75701,3700000,Indefinite,01-MAR-2024,2024Q1
0001953909-24-000001,"Cybele Microbiome, Inc.",0001953909,3210 MERRYFIELD ROW,,SAN DIEGO,CA,92121,252000,500000,01-MAR-2024,2024Q1
0002013052-24-000003,"Radiance Biopharma, Inc.",0002013052,ONE BOSTON PLACE,SUITE 2600,BOSTON,MA,02108,250000,30000000,28-FEB-2024,2024Q1
0001869472-24-000002,Fidelis Animal Health Inc.,0001869472,"685 US HIGHWAY ONE, SUITE 265",,NORTH BRUNSWICK,NJ,08902,1000017,2000001,28-FEB-2024,2024Q1
0001682809-24-000001,"eGenesis, Inc.",0001682809,"101 CAMBRIDGEPARK DR., SUITE 200",,CAMBRIDGE,MA,02140,25419995,28719296,27-FEB-2024,2024Q1
0001707315-24-000001,"Thunder Biotech, Inc.",0001707315,395 Cougar Blvd.,SUITE 103,PROVO,UT,84604,100000,2500000,26-FEB-2024,2024Q1
0002010585-24-000002,"Adverum Biotechnologies, Inc.",0001501756,100 CARDINAL WAY,,REDWOOD CITY,CA,94063,127800000,127800000,21-FEB-2024,2024Q1
0002012473-24-000001,Keraplast Manufacturing,0002012473,CORNER OF SPRINGS ROAD AND GERALD ST.,,LINCOLN,Q2,7608,1264782,1264782,21-FEB-2024,2024Q1
0000946644-24-000001,AIM ImmunoTech Inc.,0000946644,2117 SW HIGHWAY 484,,OCALA,FL,32801,3301250,3301250,20-FEB-2024,2024Q1
0001956083-24-000001,NeuroX Innovations Inc.,0001956083,8480 E ORCHARD ROAD,SUITE 4900,GREENWOOD VILLAGE,CO,80111,995000,2500000,20-FEB-2024,2024Q1
0001732150-24-000001,"Vektor Medical, Inc.",0001732150,9255 Towne Centre Drive,Suite 750,San Diego,CA,92121,28898880,37498887,20-FEB-2024,2024Q1
0002011516-24-000001,"Glyphic Biotechnologies, Inc.",0002011516,169 MADISON AVENUE,#2216,NEW YORK,NY,10016,33179812,52917435,16-FEB-2024,2024Q1
0001062993-24-003280,MyndTec Inc.,0001777607,"1900 Minnesota Court, Suite 122",,Mississauga,A6,L5N 3C9,100000,220000,15-FEB-2024,2024Q1
0001231919-24-000017,Graviton BioScience Corp,0001847048,125 West End Ave,Suite 301,New York,NY,10023,24999996,24999996,14-FEB-2024,2024Q1
0001592082-24-000001,"Provell Pharmaceuticals, LLC",0001592082,1801 HORESHOE PIKE,,HONEY BROOK,PA,19341,600000,600000,14-FEB-2024,2024Q1
0002004651-24-000001,Seedling Biosystems Inc.,0002004651,4967 10TH STREET,,BOULDER,CO,80304,150000,150000,14-FEB-2024,2024Q1
0001959209-24-000001,"NextPoint Therapeutics, Inc.",0001959209,238 MAIN STREET,,CAMBRIDGE,MA,02142,42479388,42479388,14-FEB-2024,2024Q1
0002002037-24-000001,"Companion Spine, LLC",0002002037,505 PARK AVE.,14TH FLOOR,NEW YORK,NY,10022,8500000,20000000,14-FEB-2024,2024Q1
0001944599-24-000001,"Tyra Biosciences, Inc.",0001863127,2656 STATE STREET,,CARLSBAD,CA,92008,199999934,199999934,13-FEB-2024,2024Q1
0001736293-24-000001,"SeLux Diagnostics, Inc.",0001736293,56 ROLAND STREET,SUITE 206,CHARLESTOWN,MA,02129,40000000,45000000,13-FEB-2024,2024Q1
0001709941-24-000002,"BioAge Labs, Inc.",0001709941,1445A SOUTH 50TH STREET,,RICHMOND,CA,94804,194390799,194390799,13-FEB-2024,2024Q1
0002006708-24-000001,Seren Bio Corp.,0002006708,541 GARDENA CT,,ENCINITAS,CA,92024,55000,490000,12-FEB-2024,2024Q1
0001756982-24-000003,"Octagon Therapeutics, Inc.",0001756982,225 DYER ST.,,PROVIDENCE,RI,02903,10970135,12410030,12-FEB-2024,2024Q1
0001516551-24-000003,"Skye Bioscience, Inc.",0001516551,"11250 EL CAMINO REAL, SUITE 100",,SAN DIEGO,CA,92130,49991010,49991010,12-FEB-2024,2024Q1
0000897069-24-000295,"BlueWillow Biologics, Inc.",0001172083,2311 GREEN ROAD,SUITE A,ANN ARBOR,MI,48105,850000,3000000,12-FEB-2024,2024Q1
0001797582-24-000002,"Attralus, Inc.",0001797582,337 C Beach Road,,Burlingame,CA,94010,55999931,55999931,09-FEB-2024,2024Q1
0002010931-24-000001,iLumisAR Inc.,0002010931,"114 BARRINGTON TOWN SQUARE, SUITE 225",,AURORA,OH,44202,3199999,3199999,07-FEB-2024,2024Q1
0001213900-24-010974,Clearmind Medicine Inc.,0001892500,101 - 1220 WEST 6TH AVENUE,,VANCOUVER,A1,V6H1A5,2400000,2400000,07-FEB-2024,2024Q1
0001936994-24-000001,Novasenta Inc.,0001936994,350 TECHNOLOGY DRIVE,SUITE 501,PITTSBURGH,PA,15219,15000000,30000000,06-FEB-2024,2024Q1
0001486189-24-000008,"Cardio Diagnostics Holdings, Inc.",0001870144,311 W. SUPERIOR STREET,SUITE 444,CHICAGO,IL,60645,1000000,1000000,06-FEB-2024,2024Q1
0001862032-24-000002,"Seranova Bio, Inc.",0001862032,329 OYSTER POINT Boulevard,3FL,SOUTH SAN FRANCISCO,CA,94080,9999995,9999995,05-FEB-2024,2024Q1
0001178913-24-000357,RedHill Biopharma Ltd.,0001553846,21 HA'ARBA'A STREET,,TEL AVIV,L3,6473921,10000000,10000000,05-FEB-2024,2024Q1
0001845459-24-000001,"Kura Oncology, Inc.",0001422143,"12730 HIGH BLUFF DRIVE, SUITE 400",,SAN DIEGO,CA,92130,150000808,150000808,05-FEB-2024,2024Q1
0001213900-24-009722,"Allarity Therapeutics, Inc.",0001860657,"24 SCHOOL ST., 2ND FLOOR",,BOSTON,MA,02108,400000,1400000,02-FEB-2024,2024Q1
0001785410-24-000001,"Solenic Medical, Inc.",0001785410,4275 Kellway Cir.,Ste. 146,Addison,TX,75001,2195000,4000000,02-FEB-2024,2024Q1
0001649024-24-000001,"Amytrx Therapeutics, Inc.",0001649024,40 Burton Hills Boulevard,Suite 200,NASHVILLE,TN,37215,725000,6000000,31-JAN-2024,2024Q1
0002010024-24-000001,"resistanceBio, Inc.",0002010024,980 O'BRIEN DR,,MENLO PARK,CA,94025,12776288,12776288,31-JAN-2024,2024Q1
0002009791-24-000001,"BioNADrx Holdings, Inc.",0002009791,"207 N. BOONE STREET, SUITE 15",,JOHNSON CITY,TN,37604,125000,10000000,30-JAN-2024,2024Q1
0001938281-24-000001,"CorriXR Therapeutics, Inc.",0001938281,"550 S. College Avenue, Suite 107",,Newark,DE,19713,6525179,8028610,29-JAN-2024,2024Q1
0001830351-24-000001,"Dome Therapeutics, LLC",0001830351,7280 OAKMONT COURT,,PORTE VEDRA BEACH,FL,32082,100007,300023,29-JAN-2024,2024Q1
0001879148-24-000002,Jnana Therapeutics Inc.,0001879148,One Design Center Place,Suite 19-400,BOSTON,MA,02210,106999997,106999997,26-JAN-2024,2024Q1
0002009723-24-000001,"SingleTimeMicroneedles, Inc.",0002009723,400 FARMINGTON AVE.,RM 1844,FARMINGTON,CT,06032,350000,350000,26-JAN-2024,2024Q1
0001927878-24-000001,"Ora Biomedical, Inc.",0001927878,12101 Tukwila International Blvd,Suite 210,Tukwila,WA,98168,720000,1020000,26-JAN-2024,2024Q1
0002001594-24-000002,"PurCell Bio, Inc",0002001594,770 OSTERMAN DRIVE,UNIT B,BOZEMAN,MT,59715,695000,1300000,25-JAN-2024,2024Q1
0000932352-24-000002,"Vaneltix Pharma, Inc.",0000932352,317 GEORGE STREET,SUITE 400,NEW BRUNSWICK,NJ,08901,1000000,5000000,24-JAN-2024,2024Q1
0002009058-24-000002,"Myrobalan Therapeutics Holding, Inc.",0002009058,"200 BOSTON AVENUE, SUITE G750",,MEDFORD,MA,02155,24049258,24049258,24-JAN-2024,2024Q1
0002005998-24-000001,"Vista Biomedical, Inc.",0002005998,5217 RIM VIEW LANE,,LAS VEGAS,NV,89130,0,500000,24-JAN-2024,2024Q1
0001832415-24-000001,"Better Therapeutics, Inc.",0001832415,548 MARKET ST. #49404,,SAN FRANCISCO,CA,94101,250000,250000,23-JAN-2024,2024Q1
0001878989-24-000001,Circular Genomics Inc.,0001878989,5901 INDIAN SCHOOL RD NE,,ALBUQUERQUE,NM,87110,8300000,15000000,23-JAN-2024,2024Q1
0001213900-24-005754,"Aditxt, Inc.",0001726711,737 N. FIFTH STREET,SUITE 200,RICHMOND,VA,23219,6000000,6000000,23-JAN-2024,2024Q1
0001783986-24-000001,"View Point Medical, Inc.",0001783986,6451 EL CAMINO REAL,,CARLSBAD,CA,92009,3758000,7000000,23-JAN-2024,2024Q1
0001104659-24-005581,"Intrommune Therapeutics, Inc.",0001736977,20 W 125TH ST. UNIT #1,,NEW YORK,NY,10027,3278840,3278840,22-JAN-2024,2024Q1
0001437749-24-001858,"Perspective Therapeutics, Inc.",0000728387,2401 Elliott Avenue,Suite 320,Seattle,WA,98121,20846671,20846671,22-JAN-2024,2024Q1
0002008752-24-000001,"Clarametyx Biosciences, Inc.",0002008752,1275 KINNEAR ROAD,,COLUMBUS,OH,43212,27524145,33124959,19-JAN-2024,2024Q1
0002004745-24-000001,Aether Therapeutics Inc.,0002004745,4200 MARATHON BOULEVARD,SUITE 200,AUSTIN,TX,78756,4078010,6580866,19-JAN-2024,2024Q1
0002008794-24-000003,"Helicore Bioventures I, Inc.",0002008794,"619 W 54TH STREET, SUITE 702",,NEW YORK,NY,10019,14999997,65000000,19-JAN-2024,2024Q1
0001640266-24-000001,"Voyager Therapeutics, Inc.",0001640266,75 HAYDEN AVENUE,,LEXINGTON,MA,02421,19999999,19999999,17-JAN-2024,2024Q1
0001873062-24-000001,Comanche Biopharma Corp.,0001873062,50 Beharrell Street,#50-B,CONCORD,MA,01742,37500000,75000000,17-JAN-2024,2024Q1
0001815322-24-000001,Circinus Medical Technology LLC,0001815322,100-7 Domino Dr.,,Concord,MA,01742,5825586,6925563,17-JAN-2024,2024Q1
0002008220-24-000003,"RHF IV Holding Company, LLC",0002008220,8 KNOB HILL,,PARK CITY,UT,84098,34940000,35000000,17-JAN-2024,2024Q1
0002007816-24-000001,Sano Chemicals Inc,0002007816,905 INNOVATION DRIVE,,BRYAN,TX,77808,710000,710000,17-JAN-2024,2024Q1
0001213900-24-003937,"Precise Bio, Inc.",0001904090,"111 NORTH CHESTNUT STREET, SUITE 103",,WINSTON-SALEM,NC,27101-4054,12000000,25000000,17-JAN-2024,2024Q1
0001935963-24-000002,RevivBio Inc.,0001935963,750 MAIN STREET,,CAMBRIDGE,MA,02139,2954976,3153975,16-JAN-2024,2024Q1
0001905496-24-000001,EpiVario Inc.,0001753351,3401 GRAYS FERRY AVENUE BUILDING 176,Suite 1020,PHILADELPHIA,PA,19146,125000,1500000,16-JAN-2024,2024Q1
0002007476-24-000001,Systems Biology Research Group LLC,0002007476,6702 N. Sheridan Road,#2N,Chicago,IL,60626,190000,5000000,16-JAN-2024,2024Q1
0001905806-24-000004,"Grannus Therapeutics, Inc.",0001905806,7210 N. PENNSYLVANIA STREET,,INDIANAPOLIS,IN,46240,800000,800000,12-JAN-2024,2024Q1
0001213900-24-003112,Scinai Immunotherapeutics Ltd.,0001611747,"JERUSALEM BIOPARK, 2ND FLOOR,",HADASSAH EIN KEREM CAMPUS,JERUSALEM,L3,9112001,1694259,1694259,12-JAN-2024,2024Q1
0001892756-24-000001,"Eutropics Pharmaceuticals, Inc.",0001892756,767 CONCORD AVENUE,,CAMBRIDGE,MA,02138,0,350000,11-JAN-2024,2024Q1
0002007850-24-000001,Brain Code Inc,0002007850,"1 BROADWAY, 14TH FLOOR",C/O GREAT PRODUCT,CAMBRIDGE,MA,02142,0,5000000,11-JAN-2024,2024Q1
0001699260-24-000002,"SyntheX,Inc.",0001699260,409 Illinois Street,,SAN FRANCISCO,CA,94158,5175000,5175000,11-JAN-2024,2024Q1
0001691082-24-000001,LB PHARMACEUTICALS INC,0001691082,575 MADISON AVENUE,,NEW YORK,NY,10022,110730354,110730354,10-JAN-2024,2024Q1
0001802806-24-000003,"Relay Therapeutics, Inc.",0001812364,399 BINNEY STREET,2ND FLOOR,CAMBRIDGE,MA,02139,30000000,30000000,10-JAN-2024,2024Q1
0001592052-24-000003,Centrexion Therapeutics Corp,0001592052,200 STATE STREET,6TH FLOOR,BOSTON,MA,02109,3255467,12859762,08-JAN-2024,2024Q1
0001458729-24-000001,"MBF Therapeutics, Inc.",0001458729,640 WOODBROOK DRIVE,,AMBLER,PA,19002,105000,500000,08-JAN-2024,2024Q1
0001907685-24-000001,"Comera Life Sciences Holdings, Inc.",0001907685,12 GILL STREET,SUITE 4650,WOBURN,MA,01801,1500000,1500000,08-JAN-2024,2024Q1
0001140361-24-001004,"Elicio Therapeutics, Inc.",0001601485,451 D Street,5th Floor,Boston,MA,02210,7047530,7047530,05-JAN-2024,2024Q1
0001437749-24-000715,"Panbela Therapeutics, Inc.",0001029125,712 Vista Blvd #305,,Waconia,MN,55387,2000000,Indefinite,05-JAN-2024,2024Q1
0002005309-24-000002,Wobble Genomics Ltd,0002005309,"SUITE 2, GROUND FLOOR ORCHARD BRAE HOUSE",30 QUEENSFERRY ROAD,EDINBURGH,X0,EH4 2HS,254296,254296,05-JAN-2024,2024Q1
0002006953-24-000002,"Remix Therapeutics, Inc.",0002006953,100 FORGE ROAD,,WATERTOWN,MA,02472,13740355,90000000,04-JAN-2024,2024Q1
0002006819-24-000001,PranaX Corp,0002006819,742 MAJESTIC SHORE LANE,,PINEHURST,TX,77362,10000000,15000000,03-JAN-2024,2024Q1
0001937653-24-000002,Zymeworks Inc.,0001937653,"108 PATRIOT DRIVE, SUITE A",,MIDDLETOWN,DE,19709,49999993,50000502,03-JAN-2024,2024Q1
0002005309-24-000001,Carcinotech Ltd.,0002005300,ROSLIN INNOVATION CENTRE,"EASTER BUSH CAMPUS, EDINBURGH MIDLOTHIAN",SCOTLAND,X0,EH25 9RG,508454,508454,03-JAN-2024,2024Q1
0001178913-24-000023,Entera Bio Ltd.,0001638097,"KIRYAT HADASSAH, MINRAV BUILDING",FIFTH FLOOR,JERUSALEM,L3,9112002,6610604,6610604,02-JAN-2024,2024Q1
0002004362-24-000001,"Moonwalk Biosciences, Inc.",0002004362,"2 TOWER PLACE, 17TH FLOOR",,SOUTH SAN FRANCISCO,CA,94080,49574983,56824978,02-JAN-2024,2024Q1
0001976713-24-000001,"Omnipulse Biosciences, Inc.",0001976713,238 Main Street,,Cambridge,MA,02142,6999999,12500000,02-JAN-2024,2024Q1
0001913970-24-000001,"Response Pharmaceuticals, Inc.",0001913970,1104 WEST BROAD STREET #1064,,FALLS CHURCH,VA,22046,3898385,5000000,28-JUN-2024,2024Q2
0001756608-24-000001,Navrogen Inc.,0001756608,1837 University Circle,Science Building Rm 209,Cheyney,PA,19319,542000,1000000,27-JUN-2024,2024Q2
0001797915-24-000001,"Hexamer Therapeutics, Inc",0001797915,2345 NE HOPKINS CT,,PULLMAN,WA,99163,651265,6640000,27-JUN-2024,2024Q2
0001778492-24-000001,"Phi Therapeutics, Inc.",0001778492,1250 PETALUMA BLVD N,,PETALUMA,CA,94952,7655830,7655830,26-JUN-2024,2024Q2
0001823359-24-000002,"Eumentis Therapeutics, Inc.",0001823359,508 DUDLEY ROAD,SUITE 105,NEWTON,MA,02459,765000,2000000,26-JUN-2024,2024Q2
0002028346-24-000001,"Elion Therapeutics, Inc.",0002028346,C/O DEERFIELD MANAGEMENT COMPANY LP,345 PARK AVENUE SOUTH,NEW YORK,NY,10010,25436790,83835000,26-JUN-2024,2024Q2
0001293610-24-000001,Cerecin Inc.,0001293610,44 COOK STREET,SUITE 100-71,DENVER,CO,80206,3740000,7000000,25-JUN-2024,2024Q2
0001807001-24-000001,"Otologic Technologies, Inc.",0001807001,887 NORTH HIGH POINT ROAD,,MADISON,WI,53717,0,190000,25-JUN-2024,2024Q2
0001656957-24-000001,"Amend Surgical, Inc.",0001656957,5134 SW 106th Way,,Gainesville,FL,32608,1049473,3500000,25-JUN-2024,2024Q2
0002027714-24-000001,"Marea Therapeutics, Inc.",0002027714,135 MISSISSIPPI STREET,,SAN FRANCISCO,CA,94107,65418629,160418629,24-JUN-2024,2024Q2
0001437749-24-021059,Nexsis Biosciences LLC,0002028035,186 Silver Sage Lane,,St. Augustine,FL,32095,725000,725000,24-JUN-2024,2024Q2
0001104659-24-074044,"MUSTANG BIO, INC.",0001680048,377 PLANTATION STREET,,WORCESTER,MA,01605,2513139,2513139,24-JUN-2024,2024Q2
0001789232-24-000003,Ingenia Therapeutics Inc.,0001796831,134 COOLIDGE AVENUE,BIOLABS 2ND FLOOR,WATERTOWN,MA,02472,5000000,25000000,21-JUN-2024,2024Q2
0001840655-24-000002,"NephroDI Therapeutics, Inc.",0001840655,2200 32ND AVE W,,SEATTLE,WA,98199,2000000,3999999,18-JUN-2024,2024Q2
0002027215-24-000001,"Kern Australis, LLC",0002027215,60 EAST SIR FRANCIS DRAKE,SUITE 302,LARKSPUR,CA,94939,6120000,6120000,18-JUN-2024,2024Q2
0002027206-24-000001,"MicroMed, LLC",0002027206,8730 COMMERCE PARK PLACE,SUITE E,INDIANAPOLIS,IN,46268,300000,300000,18-JUN-2024,2024Q2
0001493152-24-024203,"Greenwich LifeSciences, Inc.",0001799788,3992 BLUEBONNET DR,BUILDING 14,STAFFORD,TX,77477,2500000,2500000,18-JUN-2024,2024Q2
0001870548-24-000001,Alida Biosciences Inc.,0001870548,14813 PRISCILLA STREET,,SAN DIEGO,CA,92129,7520384,8520384,17-JUN-2024,2024Q2
0001864492-24-000001,"Santa Ana Bio, Inc.",0001864492,1105 Atlantic Ave.,Suite 104,Alameda,CA,94501,19999998,125000000,17-JUN-2024,2024Q2
0001761612-24-000003,BICYCLE THERAPEUTICS PLC,0001761612,"BLOCKS A & B, PORTWAY BUILDING","GRANTA PARK, GREAT ABINGTON",CAMBRIDGE,X0,CB21 6GS,555499983,555499983,12-JUN-2024,2024Q2
0002026135-24-000001,"OLFAX, LLC",0002026135,16 BILTMORE AVE,STE 300,ASHEVILLE,NC,28801,110000,600000,11-JUN-2024,2024Q2
0002025644-24-000001,"Astrin Biosciences, Inc.",0002025644,"1000 WESTGATE DR, STE 1009",,SAINT PAUL,MN,55114,22948872,22948872,11-JUN-2024,2024Q2
0002026546-24-000001,"Perlumi Chemicals, Inc.",0002026546,2625 DURANT AVE,"#122, 2.5-7",BERKELEY,CA,94720,4515899,4515899,11-JUN-2024,2024Q2
0001900590-24-000002,AJNA BioSciences PBC,0001900590,"8022 Southpark Circle, Suite 500",,LITTLETON,CO,80120,2105106,2105106,10-JUN-2024,2024Q2
0001723458-24-000001,"Purinomia Biotech, Inc.",0001723458,2-E GILL STREET,,WOBURN,MA,01801,1000000,2000000,07-JUN-2024,2024Q2
0001855485-24-000006,"Calidi Biotherapeutics, Inc.",0001855485,4475 EXECUTIVE DRIVE,SUITE 200,SAN DIEGO,CA,92121,5549588,5549588,06-JUN-2024,2024Q2
0001326507-24-000001,"Kolon TissueGene, Inc.",0001326507,9713 KEY WEST AVENUE,SUITE 300,ROCKVILLE,MD,20850,34999709,34999709,05-JUN-2024,2024Q2
0000898432-24-000462,Island Pharmaceuticals Ltd,0002012855,"SUITE 201, 697 BURKE ROAD",,CAMBERWELL,C3,3124,1224405,1224405,05-JUN-2024,2024Q2
0001616308-24-000001,"Reiley Pharmaceuticals, Inc.",0001616308,3749 BUCHANAN STREET,SUITE 475745,SAN FRANCISCO,CA,94147,97655,247132,05-JUN-2024,2024Q2
0001437749-24-019217,"IconOVir Bio, Inc.",0001834886,689 Fifth Avenue,12th Floor,New York,NY,10022,20230000,20230000,04-JUN-2024,2024Q2
0001750149-24-000002,"Inhibikase Therapeutics, Inc.",0001750149,"3350 RIVERWOOD PARKWAY SE, SUITE 1900",,Atlanta,GA,30339,0,7999999,04-JUN-2024,2024Q2
0000950123-24-006105,"AskY Therapeutics, Inc.",0001962108,12405 Hunters Glen,,Owings Mills,MD,21117,460000,1500000,04-JUN-2024,2024Q2
0002016790-24-000001,"SystImmune, Inc.",0002016790,15318 NE 95TH ST,,REDMOND,WA,98052,7176168,7176168,04-JUN-2024,2024Q2
0001807811-24-000001,"Interius BioTherapeutics, Inc.",0001807811,3401 GRAYS FERRY AVENUE,"BUILDING 200, SUITE 300",PHILADELPHIA,PA,19146,51432536,82509197,03-JUN-2024,2024Q2
0001444477-24-000001,GENE SOLUTIONS LLC,0001444477,123 E. Main Street,Suite 5,CHARLOTTESVILLE,VA,22902,5330000,5330000,03-JUN-2024,2024Q2
0002020332-24-000001,"32 Biosciences, Inc.",0002020332,3333 GREEN BAY RD,SUITE 210,ILLINOIS,IL,60064,160000,6000000,31-MAY-2024,2024Q2
0002025035-24-000001,"RTT Medical, Inc.",0002025035,6200 LEE VISTA BLVD,SUITE 250,ORLANDO,FL,32822,200200,1000000,30-MAY-2024,2024Q2
0002025011-24-000001,"Havah Therapeutics, Inc.",0002025011,2112 ANDREW ALDEN ST,,LONGMONT,CO,80504,507434,507434,30-MAY-2024,2024Q2
0001742172-24-000002,Arizona Isotopes Science Research Corp.,0001742172,7796 SOUTH INNOVATION WAY,,BUNKER HILL,IN,46914,58330980,Indefinite,29-MAY-2024,2024Q2
0001213900-24-047099,"ABVC BIOPHARMA, INC.",0001173313,44370 OLD WARM SPRINGS BLVD.,,FREMONT,CA,94538,750000,750000,28-MAY-2024,2024Q2
0001973963-24-000002,Accipiter Biosciences Inc.,0001973963,1616 EASTLAKE AVE E.,,SEATTLE,WA,98102,7919997,13690000,28-MAY-2024,2024Q2
0001950773-24-000001,"Sunflower Therapeutics, PBC",0001950773,"18 Shipyard Dr., Ste. 2A",,Hingham,MA,02043,2030000,3000000,24-MAY-2024,2024Q2
0001937883-24-000001,Aurita Corp,0001937883,107 SW 7TH STREET,,GAINESVILLE,FL,32601,180491,400000,24-MAY-2024,2024Q2
0002022439-24-000002,Sesh Inc,0002022439,150 I STREET SE,APT 1228,WASHINGTON DC,DC,20003,20000,Indefinite,23-MAY-2024,2024Q2
0001404281-24-000002,"Eledon Pharmaceuticals, Inc.",0001404281,19800 MACARTHUR BLVD.,SUITE 250,IRVINE,CA,92612,49999010,Indefinite,23-MAY-2024,2024Q2
0001823546-24-000002,IGH Naturals Inc,0001823546,4465 GRANITE DRIVE,SUITE 700,ROCKLIN,CA,95677,50000,250000,22-MAY-2024,2024Q2
0000929638-24-001860,"Couragene, Inc.",0001945169,46 DALE DRIVE,,EDISON,NJ,08820,1000000,1000000,22-MAY-2024,2024Q2
0001747083-24-000001,"Reglagene, Inc.",0001747083,"3320 N. CAMPBELL AVE., SUITE 201",,TUCSON,AZ,85719,766655,2500000,21-MAY-2024,2024Q2
0001901599-24-000001,"SANIA THERAPEUTICS, INC.",0001901599,"C/O SANIA RX LTD, WATERFRONT BUILDING",MANBRE WHARF,LONDON,X0,W6 9RH,4999995,7500000,21-MAY-2024,2024Q2
0001099910-24-000237,"Stramsen Biotech, Inc.",0001943948,5718 WESTHEIMER ROAD,10TH FLOOR -SUITE # 1000,HOUSTON,TX,77057,0,5000000,20-MAY-2024,2024Q2
0001493152-24-020784,"Immix Biopharma, Inc.",0001873835,11400 W OLYMPIC BLVD,SUITE 200,LOS ANGELES,CA,90064,0,Indefinite,20-MAY-2024,2024Q2
0002022798-24-000003,TSP Therapeutics Inc.,0002022798,2014 20TH AVENUE PARKWAY,,INDIAN ROCKS BEACH,FL,33785,0,Indefinite,20-MAY-2024,2024Q2
0001123292-24-000145,"OptiNose, Inc.",0001494650,1020 Stony Hill Road,Suite 300,Yardley,PA,19067,4680000,4680000,20-MAY-2024,2024Q2
0002023721-24-000001,Kano Therapeutics Inc.,0002023721,238 MAIN STREET,,CAMBRIDGE,MA,02142,5050000,5050000,20-MAY-2024,2024Q2
0001213900-24-044858,Eye Care International LLC,0001969977,700 MAIN STREET,,CAMBRIDGE,MA,02139,710000,2500000,20-MAY-2024,2024Q2
0001842952-24-000037,Context Therapeutics Inc.,0001842952,2001 MARKET STREET,SUITE 3915 UNIT #15,PHILADELPHIA,PA,19103,99992767,99998250,16-MAY-2024,2024Q2
0002017198-24-000001,Phythera Therapeutics Inc.,0002017198,103 ROCKVIEW,,IRVINE,CA,92612,468,468,16-MAY-2024,2024Q2
0002023675-24-000001,"STABILUX BIOSCIENCES, INC.",0002023675,600 S WAGNER ROAD,,ANN ARBOR,MI,48103,554381,3000000,16-MAY-2024,2024Q2
0001650557-24-000001,"Genomenon, Inc.",0001650557,206 E. HURON STREET,SUITE 114,ANN ARBOR,MI,48104,5461759,6000000,16-MAY-2024,2024Q2
0001774857-24-000001,"Aardvark Therapeutics, Inc.",0001774857,4747 Executive Drive,SUITE 1020,San Diego,CA,92121,84999982,84999982,15-MAY-2024,2024Q2
0002022953-24-000002,"TheRas, Inc.",0002022953,3160 PORTER DRIVE SUITE 250,,PALO ALTO,CA,94304,200000000,200000000,15-MAY-2024,2024Q2
0001953926-24-000001,"Zenas BioPharma, Inc.",0001953926,"1000 WINTER ST, SUITE 1200",,WALTHAM,MA,02451,200145732,200145732,14-MAY-2024,2024Q2
0001807983-24-000001,Medicenna Therapeutics Corp.,0001807983,"2 BLOOR ST W., 7TH FLOOR",,TORONTO,A6,M4W 3E2,14550000,14587404,14-MAY-2024,2024Q2
0001759143-24-000002,"Stingray Therapeutics, Inc.",0001759143,HEALTH WILDCATTERS INCUBATOR,"3000 PEGASUS PARK DR., SUITE 1330",DALLAS,TX,75247,25000,5000000,14-MAY-2024,2024Q2
0001613810-24-000001,"Oculogica, Inc.",0001613810,1477 S. Knowles Ave. #110F,,New Richmond,WI,54017,7569130,17952926,13-MAY-2024,2024Q2
0001140361-24-025616,Virica Biotech Inc.,0001892496,7 BAYVIEW STATION ROAD,,OTTAWA,A6,K1Y 2C5,60000,Indefinite,13-MAY-2024,2024Q2
0001780490-24-000001,"Ajax Therapeutics, Inc.",0001780490,"275 MADISON AVE, 39TH FLOOR",,NEW YORK,NY,10016,95000000,95000000,13-MAY-2024,2024Q2
0001213900-24-041832,MAINZ BIOMED N.V.,0001874252,ROBERT KOCH STRASSE 50,,MAINZ,2M,55129,14300000,50000000,10-MAY-2024,2024Q2
0001493152-24-018667,"PALISADE BIO, INC.",0001357459,7750 EL CAMINO REAL,SUITE 2A,CARLSBAD,CA,92009,3999942,3999942,10-MAY-2024,2024Q2
0001810951-24-000001,Nectero Medical Inc,0001810951,2343 W. University Drive,Suite D103,Tempe,AZ,85281,32791551,96636154,10-MAY-2024,2024Q2
0002021888-24-000001,Refuge Capital Fund,0002021888,127 N HIGGINS,STE 307D #254,MISSOULA,MT,59802,1200100,27600000,10-MAY-2024,2024Q2
0001973901-24-000001,"OverT Bio, Inc.",0001973901,430 E 29TH ST 14FL,,NEW YORK,NY,10016,15989924,17014920,09-MAY-2024,2024Q2
0001140361-24-025085,"Penderia Technologies, Inc.",0002022700,6231 UNIVERSITY OF OREGON,,EUGENE,OR,97403,65000,1000000,09-MAY-2024,2024Q2
0001493152-24-018244,"GlucoTrack, Inc.",0001506983,301 ROUTE 17 NORTH SUITE 800,,RUTHERFORD,NJ,07070,500000,500000,08-MAY-2024,2024Q2
0000950123-24-003890,"Endo, Inc.",0002008861,1400 Atwater Drive,,Malvern,PA,19355,170574224,170574224,06-MAY-2024,2024Q2
0001231919-24-000046,Zura Bio Ltd,0001855644,1489 W. Warm Springs Road,Suite 110,Henderson,NV,89014,112499985,112516087,06-MAY-2024,2024Q2
0001610618-24-000069,"Cidara Therapeutics, Inc.",0001610618,6310 NANCY RIDGE DRIVE,SUITE 101,SAN DIEGO,CA,92121,240000000,240000000,06-MAY-2024,2024Q2
0001909364-24-000001,"Endeavor Biomedicines, Inc.",0001909364,"12707 High Bluff Drive, Suite 300",,San Diego,CA,92130,132583908,132583908,03-MAY-2024,2024Q2
0001782250-24-000002,"Lucy Therapeutics, Inc.",0001782250,"21 Hickory Drive, Suite 2B",,Waltham,MA,02451,10552797,10552797,02-MAY-2024,2024Q2
0001878646-24-000014,JelliSee Ophthalmics Inc.,0002006388,8414 HOLLY LEAF DR.,,MCLEAN,VA,22102,3725000,10000000,30-APR-2024,2024Q2
0001697751-24-000003,"AsclepiX Therapeutics, Inc.",0001697751,5237 River Road,#334,Bethesda,MD,20816,10044498,12544498,26-APR-2024,2024Q2
0001012975-24-000183,Benitec Biopharma Inc.,0001808898,3940 TRUST WAY,,HAYWARD,CA,94545,40000018,40000018,25-APR-2024,2024Q2
0001723008-24-000001,"Amicrobe, Inc.",0001513330,3142 TIGER RUN COURT,SUITE 101,CARLSBAD,CA,92010,5000003,5000003,25-APR-2024,2024Q2
0001288320-24-000002,"EpiBiologics, Inc.",0001968158,1900 ALAMEDA DE LAS PULGAS,SUITE 250,SAN MATEO,CA,94403,73050000,73050000,25-APR-2024,2024Q2
0001541582-24-000001,"Carterra, Inc.",0001541582,"825 NORTH 300 WEST, SUITE C309",,SALT LAKE CITY,UT,84103,5000000,5000000,24-APR-2024,2024Q2
0001972861-24-000001,"Acta Pharmaceuticals, Inc.",0001972861,292 NEWBURY STREET,,BOSTON,MA,02115,13400781,17500000,22-APR-2024,2024Q2
0001739410-24-000047,Rallybio Corp,0001739410,234 CHURCH STREET,SUITE 1020,NEW HAVEN,CT,06510,6600000,6600000,22-APR-2024,2024Q2
0001980584-24-000006,"GreenJay Therapeutics, Inc.",0001980584,9128 LAKES AT 610 DRIVE,,HOUSTON,TX,77054,0,1000000,22-APR-2024,2024Q2
0001942495-24-000001,"Skylark Bio, Inc.",0001942495,325 VASSAR STREET,2A,CAMBRIDGE,MA,02139,40889315,40889315,19-APR-2024,2024Q2
0001733718-24-000003,"Flagship Biosciences, Inc.",0001733718,11800 RIDGE PARKWAY,SUITE 450,BROOMFIELD,CO,80021,5000000,6369795,18-APR-2024,2024Q2
0000899797-24-000004,ImmVue Therapeutics Inc.,0002009514,252 RUSSELL HILL RD,,TORONTO,A6,M4V 2T2,529300,529300,18-APR-2024,2024Q2
0001942974-24-000001,"RheumaGen, Inc.",0001942974,200 QUEBEC ST.,"BLDG. 600, STE. 205",DENVER,CO,80230,4906587,15000000,17-APR-2024,2024Q2
0001797180-24-000003,TORL Biotherapeutics LLC,0001797180,6100 Bristol Parkway,,Culver City,CA,90230,158300000,158300000,17-APR-2024,2024Q2
0001853949-24-000002,"Kubanda Cryotherapy, Inc.",0001853949,3600 CLIPPER MILL ROAD,SUITE 310,BALTIMORE,MD,21202,725000,2200000,17-APR-2024,2024Q2
0002019979-24-000001,Life Adapt Inc.,0002019979,1625 VISTA LUNA,,SAN CLEMENTE,CA,92673,700,700,17-APR-2024,2024Q2
0000929638-24-001481,"Traws Pharma, Inc.",0001130598,12 Penns Trail,,Newtown,PA,18940,14000000,14000000,16-APR-2024,2024Q2
0001787260-24-000001,"Asher Biotherapeutics, Inc.",0001787260,"650 GATEWAY BLVD., SUITE 100",,SOUTH SAN FRANCISCO,CA,94080,54999990,54999990,16-APR-2024,2024Q2
0002019360-24-000001,"Pierrepont Therapeutics, Inc.",0002019360,"DOWNSTATE TECHNOLOGY CENTER, SUITE 327A",760 PARKSIDE AVENUE,BROOKLYN,NY,11203,2109876,5859876,15-APR-2024,2024Q2
0001802325-24-000001,"Alphyn Biologics, Inc.",0001802325,3724 THOMAS POINT ROAD,,ANNAPOLIS,MD,21403,5172484,5172484,15-APR-2024,2024Q2
0001932949-24-000002,Bio-AI Health Inc.,0001932949,105 MAPLE AVENUE,,GOFFSTOWN,NH,03045,500000,2750000,12-APR-2024,2024Q2
0001493152-24-014408,"Algorithm Sciences, Inc.",0001776575,575 5TH AVENUE,14TH FLOOR,NEW YORK,NY,10017,350000,23500000,12-APR-2024,2024Q2
0001183740-24-000036,Algernon Pharmaceuticals Inc.,0001642178,400 - 601 WEST BROADWAY,,VANCOUVER,A1,V5Z 4C2,12558,12558,10-APR-2024,2024Q2
0002019097-24-000001,BioMedInnovations LLC,0002019097,771 CROSSPOINT DRIVE,,DENVER,NC,28037,100000,9000000,10-APR-2024,2024Q2
0001493152-24-014098,BIOTRICITY INC.,0001630113,203 REDWOOD SHORES PARKWAY,SUITE 600,REDWOOD CITY,CA,94065,1000000,1000000,09-APR-2024,2024Q2
0001578563-24-000186,"Avalo Therapeutics, Inc.",0001534120,540 GAITHER ROAD,SUITE 400,ROCKVILLE,MD,20850,130601986,199976986,09-APR-2024,2024Q2
0001841595-24-000001,"Turn Medical, LLC",0001841595,1160 ARION PARKWAY,SUITE 102,SAN ANTONIO,TX,78216,1040000,1040000,09-APR-2024,2024Q2
0001012975-24-000159,Envision Life Labs LLC,0001974864,399 Binney Street,Floor 3,Cambridge,MA,02141,0,Indefinite,09-APR-2024,2024Q2
0001767398-24-000004,"Melt Pharmaceuticals, Inc.",0001767398,5511 VIRGINIA WAY,SUITE 300,BRENTWOOD,TN,37027,42292450,47763600,08-APR-2024,2024Q2
0002016056-24-000003,"NovaBay Pharmaceuticals, Inc.",0001389545,"2000 POWELL STREET, SUITE 1150",,EMERYVILLE,CA,94608,665000,665000,05-APR-2024,2024Q2
0001140361-24-017909,Pacylex Pharmaceuticals Inc.,0001866841,400 3rd Avenue SW,Suite 3700,Calgary,A0,T2P 4H2,75000,75000,04-APR-2024,2024Q2
0000905729-24-000061,"Anchor Balloon, Inc.",0001800912,7462 OAK SHORE DR.,,PORTAGE,MI,49024,1545000,1545000,04-APR-2024,2024Q2
0001903127-24-000001,"AI Proteins, Inc.",0001903127,20 OVERLAND STREET,,BOSTON,MA,02215,4995000,10000000,04-APR-2024,2024Q2
0002017897-24-000001,"Enliven Therapeutics, Inc.",0001672619,6200 LOOKOUT ROAD,,BOULDER,CO,80301,90001086,90001086,03-APR-2024,2024Q2
0001915302-24-000001,Addiction Cure Therapeutic Sciences Inc,0001915302,"6305 Summerport Village Parkway, #815",,Windermere,FL,34786,0,1000000,03-APR-2024,2024Q2
0001926434-24-000001,"CESSATION THERAPEUTICS, INC.",0001926434,12200 Stemmons Freeway,Suite 100,Dallas,TX,75234,1000000,1000000,03-APR-2024,2024Q2
0001213900-24-029354,"TFF Pharmaceuticals, Inc.",0001733413,1751 RIVER RUN,SUITE 400,FORT WORTH,TX,76107,0,1180000,02-APR-2024,2024Q2
0001807373-24-000002,"Swan NeuroTech, Inc.",0001807373,1007 FAWN VALLEY DRIVE,,CANONSBURG,PA,15317,95000,Indefinite,02-APR-2024,2024Q2
0001577355-24-000001,"Coeurative, Inc.",0001577355,"201 MCCLANAHAN STREET, SW",,ROANOKE,VA,24014,300000,3700000,02-APR-2024,2024Q2
0002014066-24-000002,CeraRoot USA Inc,0002014066,2800 NEILSON WAY,SUITE 2,SANTA MONICA,CA,90405,300000,5000000,02-APR-2024,2024Q2
0001820064-24-000001,ImmPACT Bio USA Inc.,0001820064,8501 Fallbrook Avenue,Suite 200,West Hills,CA,91304,139855923,141755472,02-APR-2024,2024Q2
0000912282-24-000338,Gemina Laboratories Ltd.,0001940016,"3600 Gilmore Way, Suite 302",,Burnaby,A1,V5G 4R8,302784,302784,01-APR-2024,2024Q2
0001096906-24-001930,"Mid-Atlantic BioTherapeutics, Inc.",0001755678,3805 OLD EASTON ROAD,,DOYLESTOWN,PA,18902,0,5000000,30-SEP-2024,2024Q3
0001792669-24-000001,"ShiraTronics, Inc",0001792669,9210 WYOMING AVE N,SUITE 275,Brooklyn Park,MN,55445,37396117,66008867,30-SEP-2024,2024Q3
0001123292-24-000293,"VACCINEX, INC.",0001205922,1895 Mount Hope Avenue,,Rochester,NY,14620,200155,9224732,27-SEP-2024,2024Q3
0002038521-24-000001,"Revitalize Energy, Inc.",0002038521,6401 PENN AVE.,SUITE 300,PITTSBURGH,PA,15206,100000,500000,27-SEP-2024,2024Q3
0002038768-24-000001,"CTRL Therapeutics USA, Inc.",0001951690,655 SHERIDAN RD,,GLENCOE,IL,60022,9135991,9999998,27-SEP-2024,2024Q3
0001599298-24-000142,Summit Therapeutics Inc.,0001599298,601 Brickell Key Drive,SUITE 1000,Miami,FL,33131,234999889,234999889,26-SEP-2024,2024Q3
0002035421-24-000003,Microterra Biotec Inc.,0002035421,Amsterdam 316,"Hipodromo, Cuauhtemoc",Mexico City,O5,06100,4619156,5697115,25-SEP-2024,2024Q3
0001937140-24-000002,"Amprion, Inc.",0001937140,"149 NEW MONTGOMERY STREET, 4TH FLOOR",,SAN FRANCISCO,CA,94105,3761381,15000000,25-SEP-2024,2024Q3
0001903915-24-000002,"VerImmune, Inc.",0001903915,7200 WISCONSIN AVE,SUITE 500,BETHESDA,MD,20814,4495354,8000000,25-SEP-2024,2024Q3
0001685325-24-000001,Hunterian Medicine LLC,0001685325,2401 WEST BELVEDERE AVE.,LAB 200B,BALTIMORE,MD,21215,4595000,Indefinite,25-SEP-2024,2024Q3
0001958173-24-000001,"Orion Therapeutics, Inc.",0001958173,2641 OSPREY VISTA WAY,LAB 150A,KNOXVILLE,TN,37920,85000,250000,25-SEP-2024,2024Q3
0001962718-24-000001,"PBS Biotech, Inc.",0001962718,4721 Calle Carga,,Camarillo,CA,93012,8499999,16999997,24-SEP-2024,2024Q3
0001878646-24-000026,"Metabolics Pharma, Inc.",0002037862,2005 MARKET STREET,SUITE 3125,PHILADELPHIA,PA,19103,5526626,6299989,19-SEP-2024,2024Q3
0001765883-24-000002,"CuraSen Therapeutics, Inc.",0001765883,733 Industrial Road,,San Carlos,CA,94070,5785019,45690305,18-SEP-2024,2024Q3
0002037945-24-000001,"Maximum Fidelity Surgical Simulations, Inc.",0002037945,4340 DUNCAN AVE.,,ST. LOUIS,MO,63110,2249998,2249998,18-SEP-2024,2024Q3
0001200876-24-000022,"EndoTheia, Inc.",0002037317,1720 WEST END AVE.,SUITE 520,NASHVILLE,TN,37203,500000,500000,18-SEP-2024,2024Q3
0001437749-24-029390,"507 Capital Fund I, LLC",0002037771,22855 505th Lane,,Lake Crystal,MN,56055,765000,10000000,17-SEP-2024,2024Q3
0001722397-24-000001,"STAQ Pharma, Inc.",0001722397,14135 E. 42ND AVE.,UNIT 50,DENVER,CO,80239,11400001,30000000,16-SEP-2024,2024Q3
0001611793-24-000002,"ONL Therapeutics, Inc.",0001611793,524 S. Main St,Suite 110,Ann Arbor,MI,48104,59999998,65000002,16-SEP-2024,2024Q3
0001975400-24-000005,Solaxa Inc.,0001975400,7272 WISCONSIN AVE,FLOOR 9,BETHESDA,MD,20814,305000,6000000,13-SEP-2024,2024Q3
0001183740-24-000070,SERNOVA CORP.,0001491434,"700 Collip Circle, Suite 114",,LONDON,A6,N6G 4X8,473128,1040881,11-SEP-2024,2024Q3
0001756479-24-000001,"Rhoshan Pharmaceuticals, Inc.",0001756479,19 Colonnade Way,"Suite 117, Box 141",State College,PA,16803,1699986,1758793,11-SEP-2024,2024Q3
0001810011-24-000003,"Strella Biotechnology, Inc.",0001810011,119 Pine Street Ste. 305,,Seattle,WA,98101,5602000,5602000,10-SEP-2024,2024Q3
0002036620-24-000001,BioSuccess Investment LLC,0002036620,C/O ATW PARTNERS OPPORTUNITY MANAGEMENT,"ONE PENN, 1 PENNSYLVANIA PLAZA, 48TH FL",NEW YORK,NY,10119,1042187,1042187,10-SEP-2024,2024Q3
0002036392-24-000001,"Renova Therapeutics, Inc.",0002036392,701 PALOMAR AIRPORT ROAD,SUITE 300,CARLSBAD,CA,92011,166500,500000,09-SEP-2024,2024Q3
0001200876-24-000020,"Pulmotect, Inc.",0001673929,3900 ESSEX LANE,SUITE 575,HOUSTON,TX,77027,10280435,Indefinite,09-SEP-2024,2024Q3
0002010058-24-000002,NBOT Labs LLC,0002010058,875 WALT MILLER ST.,SUITE B,MT. PLEASANT,SC,29464,1000000,1000000,09-SEP-2024,2024Q3
0001823195-24-000001,"CoapTech, Inc.",0001823195,101 West Dickman Street,,BALTIMORE,MD,21230,7072474,13500000,09-SEP-2024,2024Q3
0001989178-24-000002,RheoTek Medical LLC,0001989178,"376 BLEECKER ST, UNIT 2",,NEW YORK,NY,10014,1085000,4000000,06-SEP-2024,2024Q3
0000929638-24-003098,"RenBio, Inc.",0001840723,30-02 48th Avenue,,Long Island City,NY,11101,5250000,6000000,06-SEP-2024,2024Q3
0002036372-24-000001,"OptoVista Holdings, LLC",0002036372,"1200 G STREET, NW",Suite 800,WASHINGTON,DC,20005,6978813,13978813,06-SEP-2024,2024Q3
0002035715-24-000002,"Navigator Medicines, Inc.",0002035715,2525 SMITH STREET,,SCOTCH PLAINS,NJ,07076,49999998,99999993,05-SEP-2024,2024Q3
0001945638-24-000001,"Arsenal Biosciences, Inc.",0001945638,329 Oyster Point Blvd,,South San Francisco,CA,94080,325352578,325352578,04-SEP-2024,2024Q3
0001732517-24-000001,Savran Technologies Inc.,0001732517,90 BRIDGE STREET,,NEWTON,MA,02458,424696,2000000,03-SEP-2024,2024Q3
0002034656-24-000001,"EBS ACQ, LLC",0002034656,29 ROYAL COURT,SUITE 100,NORWOOD,MA,02062,1800000,1800000,30-AUG-2024,2024Q3
0001774275-24-000005,TendoNova Corp,0001774275,"75 Fifth Street NW, Suite 2106",,Atlanta,GA,30308,270000,400000,29-AUG-2024,2024Q3
0002024217-24-000002,PRANA BIOSCIENCES INC.,0002024217,17 BRIDEN ST,STE 204,WORCESTER,MA,01605-2662,175000,175000,29-AUG-2024,2024Q3
0001922279-24-000001,"Modifi Biosciences, Inc.",0001922279,55 CHURCH STREET,,NEW HAVEN,CT,06510,995503,1000000,29-AUG-2024,2024Q3
0002000354-24-000001,"OrsoBio, Inc.",0002000354,101 JEFFERSON DR 1ST FLOOR STE 124,,MENLO PARK,CA,94025,40000000,67000000,28-AUG-2024,2024Q3
0001990502-24-000001,Oncotect Inc.,0001990502,5113 BELLA RIDGE DR.,,RALEIGH,NC,27615,125000,500000,27-AUG-2024,2024Q3
0001759778-24-000001,Pattern Pharma Inc.,0001759778,199 Bay Street,Suite 4000,TORONTO,A6,M5L 1A9,275000,275000,27-AUG-2024,2024Q3
0002034888-24-000001,Urolution Medical Inc.,0002034888,3925 CARVER CIR.,,CHASKA,MN,55318,200000,1500000,27-AUG-2024,2024Q3
0001672953-24-000001,Ionetix Corp,0001672953,3130 Sovereign Drive,,Lansing,MI,48911,0,15427000,26-AUG-2024,2024Q3
0001578563-24-000391,"TENAX THERAPEUTICS, INC.",0000034956,101 GLEN LENNOX DRIVE,SUITE 300,CHAPEL HILL,NC,27517,99681169,174999993,23-AUG-2024,2024Q3
0001785987-24-000001,"JumpCode Genomics, Inc.",0001698131,10055 Barnes Canyon Rd Suite 400,,San Diego,CA,92121,3458827,11458827,22-AUG-2024,2024Q3
0001796802-24-000001,"Pictor Labs, Inc.",0001796802,"11390 W Olympic Blvd., Suite 250",,LOS ANGELES,CA,90064,20586916,29999993,21-AUG-2024,2024Q3
0001781303-24-000001,"Human Longevity, Inc.",0001781303,4570 EXECUTIVE DRIVE,,SAN DIEGO,CA,92121,31999999,31999999,21-AUG-2024,2024Q3
0001096906-24-001787,"PERSOWN Diagnostics, Inc.",0002034304,10151 DEERWOOD PARK BLVD,"BUILDING 200, SUITE 250",JACKSONVILLE,FL,32256,10000,480000,21-AUG-2024,2024Q3
0001705381-24-000001,"CeleCor Therapeutics, Inc.",0001705381,1155 CAMINO DEL MAR,SUITE 481,DEL MAR,CA,92014,45500000,45500000,21-AUG-2024,2024Q3
0001935521-24-000001,"Drug Delivery Company, LLC",0001935521,6511 DEER POINTE DRIVE,,SALISBURY,MD,21804,75000,Indefinite,19-AUG-2024,2024Q3
0001955569-24-000002,Judo Bio Inc.,0001955569,300 TECHNOLOGY SQUARE,8TH FLOOR,CAMBRIDGE,MA,02139,25000000,Indefinite,16-AUG-2024,2024Q3
0002033993-24-000001,"FYR Diagnostics, Inc.",0002033993,1121 E BROADWAY STREET,,MISSOULA,MT,59802,8002176,12002173,16-AUG-2024,2024Q3
0001213900-24-070034,NEUROONE MEDICAL TECHNOLOGIES Corp,0001500198,7599 ANAGRAM DR,,EDEN PRAIRIE,MN,55344,276043,276043,16-AUG-2024,2024Q3
0002033833-24-000001,Moonlight Therapeutics Inc.,0002033833,2785 STONE HALL DR.,,MARIETTA,GA,30062,2419000,3354054,16-AUG-2024,2024Q3
0001974107-24-000001,"Acenxion Biosytems, Inc.",0001974107,2029 BECKER DRIVE,SUITES 225 & 227,LAWRENCE,KS,66047,1070000,1070000,14-AUG-2024,2024Q3
0002033324-24-000002,"Exa Biosciences, Inc.",0002033324,867 BOYLSTON STREET 5TH FLOOR 1827,,BOSTON,MA,02116,50000,400000,14-AUG-2024,2024Q3
0000898432-24-000707,"Impact Proteomics, LLC",0001804332,1406 BROWNING ROAD,,PITTSBURGH,PA,15206,50000,1000000,14-AUG-2024,2024Q3
0001944644-24-000001,Noetik Inc.,0001944644,"2 TOWER PLACE, 17TH FLOOR",,SOUTH SAN FRANCISCO,CA,94080,39999981,40000000,13-AUG-2024,2024Q3
0001978126-24-000001,"Convergent Therapeutics, Inc.",0001978126,ONE BROADWAY,14TH FLOOR,CAMBRIDGE,MA,02142,22222220,39999996,13-AUG-2024,2024Q3
0002032894-24-000001,"Sapere Bio, Inc.",0002032894,"400 PARK OFFICES DR., SUITE 113",,DURHAM,NC,27709,500000,2000000,12-AUG-2024,2024Q3
0001918153-24-000001,Linus Biotechnology Inc.,0001918153,675 US 1,,North Brunswick,NJ,08902,6149995,9999998,12-AUG-2024,2024Q3
0001231919-24-000064,Chemomab Therapeutics Ltd.,0001534248,"KIRYAT ATIDIM, BUILDING 7",,TEL AVIV,L3,6158002,10000000,10000000,09-AUG-2024,2024Q3
0002032945-24-000001,"KALM Therapeutics, Inc.",0002032945,6820 MOQUIN DRIVE NW,,HUNTSVILLE,AL,35806,590380,590380,09-AUG-2024,2024Q3
0001835753-24-000001,"Switchback Systems, Inc.",0001835753,207 McPherson St Suite F,,Santa Cruz,CA,95060,10088281,14999996,08-AUG-2024,2024Q3
0001930227-24-000001,SurgiBox Inc.,0001930227,1035 CAMBRIDGE ST. #1,,CAMBRIDGE,MA,02141,167484,1000000,08-AUG-2024,2024Q3
0002033011-24-000001,"TracerDX, Inc.",0002033011,"180 VARICK ST., FLOOR 6",,NEW YORK,NY,10014,7894996,9044994,08-AUG-2024,2024Q3
0001478304-24-000001,"Noveome Biotherapeutics, Inc.",0001478304,100 TECHNOLOGY DRIVE,SUITE 200,PITTSBURGH,PA,15219,36184531,51270077,08-AUG-2024,2024Q3
0002027042-24-000002,Kate Therapeutics Inc.,0002032702,"10675 SORRENTO VALLEY ROAD, SUITE 150",,SAN DIEGO,CA,92121,16000000,16000000,07-AUG-2024,2024Q3
0002032941-24-000001,Ambrosia Biosciences Inc.,0002032941,1941 PEARL STREET,SUITE 300,BOULDER,CO,80302,12500000,25000000,07-AUG-2024,2024Q3
0002015593-24-000005,"BioDynamik, Inc.",0002015593,11 ORCHARD RD.,SUITE 107,LAKE FOREST,CA,92630,1000000,3000000,07-AUG-2024,2024Q3
0001677878-24-000001,"VEDANTA BIOSCIENCES, INC.",0001677878,19 BLACKSTONE STREET,,CAMBRIDGE,MA,02139,118500000,118500000,05-AUG-2024,2024Q3
0001948469-24-000001,"Diceros Therapeutics, Inc.",0001948469,"275 GROVE STREET, 2-400",,NEWTON,MA,02466,12609962,18069960,05-AUG-2024,2024Q3
0001852708-24-000001,Spear Bio Inc.,0001852708,"100 Tradecenter Dr., Suite 510",,Woburn,MA,01801,44999997,44999997,05-AUG-2024,2024Q3
0002031988-24-000001,Amlogenyx Inc.,0002031988,"77 DIGITAL DRIVE, SUITE 200",,NOVATO,CA,94949,13999989,13999989,02-AUG-2024,2024Q3
0002031964-24-000001,"NILO Therapeutics, Inc.",0002031964,"430 E 29th St, Suite 625",,New York,NY,10016,9600002,101000002,02-AUG-2024,2024Q3
0001213900-24-064557,"Silo Pharma, Inc.",0001514183,677 N. WASHINGTON BOULEVARD,,SARASOTA,FL,34236,2296880,2296880,02-AUG-2024,2024Q3
0001815098-24-000003,"Autobahn Therapeutics, Inc.",0001815098,9880 CAMPUS POINT DRIVE,SUITE 370,SAN DIEGO,CA,92121,100825289,120000000,01-AUG-2024,2024Q3
0001732825-24-000001,"Flow Pharma, Inc.",0001732825,4829 GALAXY PARKWAY,SUITE K,WARRENSVILLE HEIGHTS,OH,94596,50000,40000000,01-AUG-2024,2024Q3
0001643918-24-000002,Biodexa Pharmaceuticals Plc,0001643918,1 CASPIAN POINT,CASPIAN WAY,CARDIFF,X0,CF10 4DQ,5009968,5009968,01-AUG-2024,2024Q3
0002032467-24-000001,"Third Arc Bio, Inc.",0002032467,"727 NORRISTOWN ROAD, BLDG 8 SUITE 320",,LOWER GWYNEDD,PA,19002,72499974,164999939,01-AUG-2024,2024Q3
0002031531-24-000001,"Outpace Bio, Inc.",0002031531,"700 Dexter Ave N, Suite 300",,SEATTLE,WA,98109,55999992,144235245,01-AUG-2024,2024Q3
0002029689-24-000001,"Mimerigen, Inc.",0002029689,351 TANNER MARSH ROAD,,GUILFORD,CT,06437,105000,700000,31-JUL-2024,2024Q3
0000904454-24-000437,Scipher Medicine Corp,0001658821,"500 TOTTEN POND ROAD, 6TH FLOOR",,WALTHAM,MA,02451,5849013,5849013,30-JUL-2024,2024Q3
0001104659-24-083980,"SEELOS THERAPEUTICS, INC.",0001017491,300 PARK AVENUE,2ND FLOOR,NEW YORK,NY,10022,0,1146481,30-JUL-2024,2024Q3
0002030788-24-000001,"Brenig Therapeutics, Inc.",0002030788,"8 THE GREEN, SUITE 8235",,DOVER,DE,19901,30000000,65000000,30-JUL-2024,2024Q3
0000912282-24-000550,ImmunoPrecise Antibodies Ltd.,0001715925,3204 - 4464 Markham Street,,Victoria,A1,V8Z 7X8,2000000,3000000,30-JUL-2024,2024Q3
0001975017-24-000001,Centaur Bio Inc.,0001975017,7805 PEMSWOOD STREET,,CHARLOTTE,NC,28277,471000,1000000,30-JUL-2024,2024Q3
0002009739-24-000001,"Avant Sciences, Inc.",0002009739,201 E. 86TH STREET,STE 7D,NEW YORK,NY,10028,175000,300000,29-JUL-2024,2024Q3
0002031497-24-000001,"Kinemo, Inc.",0002031497,1406 CENTRA VILLA DRIVE SW,,ATLANTA,GA,30311,5000,5000,26-JUL-2024,2024Q3
0001651511-24-000001,"Ultivue, Inc.",0001651511,763D CONCORD AVE.,,CAMBRIDGE,MA,02138,3324270,14999962,25-JUL-2024,2024Q3
0000929638-24-002581,SEN-JAM PHARMACEUTICAL INC.,0001802249,"223 WALL STREET, #130",,HUNTINGTON,NY,11743,295000,10000000,25-JUL-2024,2024Q3
0002031257-24-000001,SirnaMed Therapeutics Inc.,0002031257,1707 DAWN DR.,,SEWICKLEY,PA,15143,1250000,1500000,25-JUL-2024,2024Q3
0001288320-24-000003,ALUMIS INC.,0001847367,280 EAST GRAND AVENUE,,SOUTH SAN FRANCISCO,CA,94080,40000000,40000000,24-JUL-2024,2024Q3
0001702453-24-000001,"Cardurion Pharmaceuticals, Inc.",0001702453,"78 BLANCHARD ROAD, SUITE 200",,BURLINGTON,MA,01803,260410720,260410720,24-JUL-2024,2024Q3
0002030783-24-000001,"Valora Therapeutics, Inc.",0002030783,11099 N. TORREY PINES ROAD,SUITE 290,LA JOLLA,CA,92037,13039726,29185231,24-JUL-2024,2024Q3
0002031626-24-000001,"A.P. Gilfoyle & Co. (II), Inc.",0002031626,"45 ROCKEFELLER PLAZA, FLOOR 20",,NEW YORK,NY,10111,0,Indefinite,24-JUL-2024,2024Q3
0001494461-24-000003,"InCellDx, Inc.",0001494461,30920 Huntwood Avenue,,Hayward,CA,94544,500000,13500000,23-JUL-2024,2024Q3
0002031477-24-000001,"Alixia, Inc.",0002031477,953 INDIANA STREET,,SAN FRANCISCO,CA,94107,1825445,3465450,23-JUL-2024,2024Q3
0001378325-24-000001,"CapsoVision, Inc",0001378325,18805 COX AVENUE SUITE 250,,SARATOGA,CA,95070,64828822,64828840,23-JUL-2024,2024Q3
0000929638-24-002548,"Lazzaro Medical, Inc.",0002014886,1215 SPRUCE STREET,,BOULDER,CO,80302,4920000,7520000,22-JUL-2024,2024Q3
0002029240-24-000001,"Prana Therapies, Inc.",0002029240,"162 S. RANCHO SANTA FE RD, STE E70, #225",,ENCINITAS,CA,92024,5000000,9000000,19-JUL-2024,2024Q3
0002019882-24-000003,"Intellistem, Inc.",0002019882,440 DAVIS COURT #901,,SAN FRANCISCO,CA,94111,0,5000000,18-JUL-2024,2024Q3
0001493152-24-028163,"PROVECTUS BIOPHARMACEUTICALS, INC.",0000315545,800 S. GAY STREET,SUITE 1610,KNOXVILLE,TN,37929,0,10000000,17-JUL-2024,2024Q3
0002030720-24-000001,"Aakha Biologics, Inc.",0002030720,5680 FRISCO SQ. BLVD.,SUITE 2100,FRISCO,TX,75034,750000,5000000,17-JUL-2024,2024Q3
0002030700-24-000001,7 Hills Pharma Inc.,0002030700,"2450 HOLCOMBE BLVD., SUITE J.",,HOUSTON,TX,77021-2041,1000000,5000000,17-JUL-2024,2024Q3
0001453687-24-000096,"Cartesian Therapeutics, Inc.",0001453687,704 QUINCE ORCHARD RD,,GAITHERSBURG,MD,20878,130023000,130023000,17-JUL-2024,2024Q3
0001877990-24-000003,"Praesidia Biotherapeutics, Inc.",0001877990,1167 MASSACHUSETTS AVE.,,ARLINGTON,MA,02476,7420000,15000000,17-JUL-2024,2024Q3
0000929638-24-002501,"Primrose Bio, Inc.",0002030669,10790 ROSELLE STREET,,SAN DIEGO,CA,92121,14999999,22999995,17-JUL-2024,2024Q3
0001969871-24-000001,"Meadowhawk Biolabs, Inc.",0001969871,33 LOCKE DRIVE,SUITE 102,MARLBOROUGH,MA,01752,5000000,5000000,16-JUL-2024,2024Q3
0001481933-24-000004,"C4 Imaging, LLC",0001481933,"6575 West Loop South, Suite 500",,BELLAIRE,TX,77401,1500000,1500000,16-JUL-2024,2024Q3
0000950123-24-006593,"Scorpion Therapeutics, Inc.",0001811858,1  Winthrop Square,Suite 400,Boston,MA,02110,125694186,150000002,16-JUL-2024,2024Q3
0001810705-24-000001,"Transposon Therapeutics, Inc.",0001810705,4660 La Jolla Village Drive,Suites 100 & 200,San Diego,CA,92112,4679395,20000000,15-JUL-2024,2024Q3
0001213900-24-061353,PURPLE BIOTECH LTD.,0001614744,4 OPPENHEIMER STREET,SCIENCE PARK,REHOVOT,L3,7670104,4506807,4506807,15-JUL-2024,2024Q3
0000950123-24-006515,Aspira Women's Health Inc.,926617,12117 Bee Caves Road,"Building III, Suite 100",Austin,TX,78738,1910250,1910250,12-JUL-2024,2024Q3
0001213900-24-061018,"Virpax Pharmaceuticals, Inc.",0001708331,"1055 WESTLAKES DRIVE, SUITE 300",,BERWYN,PA,19312,2500000,2500000,12-JUL-2024,2024Q3
0002027238-24-000005,MIMIVAX INC.,0002027238,ELM & CARLTON STREETS,,BUFFALO,NY,14263,5781000,5781000,12-JUL-2024,2024Q3
0001801885-24-000001,"Oisin Biotechnologies, Inc.",0001801885,"800 5TH AVENUE, SUITE 4100",,SEATTLE,WA,98104,5380000,17879999,12-JUL-2024,2024Q3
0002030065-24-000001,Panacent Bio Inc.,0002030065,666 GREENWICH STREET 744,,NEW YORK,NY,10014,13,13,12-JUL-2024,2024Q3
0001727689-24-000082,BioVaxys Technology Corp.,0001882559,"146 THIRTIETH STREET, SUITE 100",,ETOBICOKE,A6,M8W 3D4,52324,173071,12-JUL-2024,2024Q3
0001806356-24-000001,"858 Therapeutics, Inc.",0001806356,3115 Merryfield Row,Suite 110,SAN DIEGO,CA,92121,25175501,50350497,11-JUL-2024,2024Q3
0001571691-24-000004,"EPICYPHER, INC.",0001571691,6 DAVIS DRIVE,,DURHAM,NC,27709,3300000,3300000,11-JUL-2024,2024Q3
0002029215-24-000001,"WiTii Pharmaceuticals, Inc.",0002029215,1499 W. 120TH AVENUE,SUITE 110,DENVER,CO,80234,125000,500000,11-JUL-2024,2024Q3
0001104659-24-078936,"Checkpoint Therapeutics, Inc.",0001651407,95 SAWYER ROAD,SUITE 110,WALTHAM,MA,02453,0,Indefinite,10-JUL-2024,2024Q3
0001411690-24-000041,"Bionano Genomics, Inc.",0001411690,9540 TOWNE CENTRE DRIVE,SUITE 100,SAN DIEGO,CA,92121,20000001,20000001,10-JUL-2024,2024Q3
0002029914-24-000001,"Growth Curve Bio, LLC",0002029914,9 KIMBERLY DR,,DURHAM,NC,27707,3485001,3485001,10-JUL-2024,2024Q3
0001716053-24-000002,"Promaxo, Inc.",0001716053,"70 WASHINGTON ST, STE 407",,OAKLAND,CA,94607,41939728,57304100,10-JUL-2024,2024Q3
0001888808-24-000001,Mahzi Therapeutics Inc.,0001888808,"470 Noor Ave, STE B, #1036",,South San Francisco,CA,94080,52586424,52586424,08-JUL-2024,2024Q3
0001790072-24-000001,"VANQUA BIO, INC.",0001790072,1375 W Fulton Street,STE. 600,CHICAGO,IL,60607,44979987,44979987,05-JUL-2024,2024Q3
0002028122-24-000001,"TrialSpark, Inc.",0002028122,16 E 34TH ST,FL 10,NEW YORK,NY,10016-4411,372249945,512000000,02-JUL-2024,2024Q3
0001140361-24-032144,"SANUWAVE Health, Inc.",0001417663,11495 Valley View Road,,Eden Prairie,MN,55344,1800000,1800000,02-JUL-2024,2024Q3
0001789232-24-000004,"Naveris, Inc.",0001789232,21 HICKORY DRIVE,,WALTHAM,MA,02451-1034,17491836,27200000,02-JUL-2024,2024Q3
0001591185-24-000001,Oleander Medical Technologies LLC,0001591185,LOUISIANA EMERGING TECHNOLOGY CENTER,340 E PARKER BLVD.,BATON ROUGE,LA,70808,500000,5000000,01-JUL-2024,2024Q3
0002028853-24-000001,Gnosko Bio Inc.,0002028853,256 UPPER GULPH ROAD,,WAYNE,PA,19087,100000,1700000,01-JUL-2024,2024Q3
0002048552-24-000001,"REVNA BIOSCIENCES, INC.",0002048552,300 WELSH ROAD,"BUILDING ONE, SUITE 100",HORSHAM,PA,19044,0,1900000,31-DEC-2024,2024Q4
0001668333-24-000002,"ResQ Pharma, Inc.",0001668333,2516 Waukegan Road,Suite 375,Glenview,IL,60025,99999,100000,31-DEC-2024,2024Q4
0001493152-24-052571,"Anebulo Pharmaceuticals, Inc.",0001815974,1017 RANCH ROAD 620 SOUTH,SUITE 107,LAKEWAY,TX,78734,15000000,15000000,31-DEC-2024,2024Q4
0001773867-24-000001,GRANATA BIO Corp,0001773867,289 ST GEORGE STREET,SUITE 209,DUXBURY,MA,02332,13765000,14999999,31-DEC-2024,2024Q4
0001595806-24-000003,"Clear Labs, Inc.",0001595806,1559 Industrial Road,,San Carlos,CA,94070,29062615,50000000,30-DEC-2024,2024Q4
0001104659-24-132525,"Marker Therapeutics, Inc.",0001094038,2450 HOLCOMBE BLVD,"SUITE BCM-A, MS: BCM251",HOUSTON,TX,77021,16100000,16100000,30-DEC-2024,2024Q4
0001794705-24-000003,"Cyclarity Therapeutics, Inc.",0001794705,8001 Redwood Blvd,,Novato,CA,94945,10288140,12800267,30-DEC-2024,2024Q4
0002049947-24-000001,"Topo Therapeutics, Inc.",0002049947,ONE KENDALL SQUARE,"BUILDING 1400, SUITE 14-101",CAMBRIDGE,MA,02139,10555558,95000000,30-DEC-2024,2024Q4
0001123292-24-000416,"Salarius Pharmaceuticals, Inc.",0001615219,2540 Holcombe Blvd.,Suite X,Houston,TX,77021,0,10000000,27-DEC-2024,2024Q4
0001946593-24-000001,EnPlusOne Biosciences Inc.,0001946593,313 PLEASANT STREET,4W,WATERTOWN,MA,02472,12896707,12896707,26-DEC-2024,2024Q4
0001819730-24-000001,"Mythic Therapeutics, Inc.",0001819730,"100 BEAVER ST., STE 303",,WALTHAM,MA,02453,29868794,30444124,26-DEC-2024,2024Q4
0000945621-24-001032,"Micron Biomedical, Inc.",0001957384,"575 Fourteenth Street, NW",Suite 100,ATLANTA,GA,30318,14999983,16249998,26-DEC-2024,2024Q4
0001493152-24-051820,"Sonnet BioTherapeutics Holdings, Inc.",0001106838,100 OVERLOOK CETNER,SUITE 102,PRINCETON,NJ,08540,3918000,3918000,23-DEC-2024,2024Q4
0001725755-24-000001,Sprout2 Inc.,0001725755,4350 Lassiter at North Hills Ave.,Suite 260,Raleigh,NC,27609,10557600,12000000,23-DEC-2024,2024Q4
0001477932-24-008269,Lupvindol Biosciences LTD,0002047889,30 N Gould St,Ste R,Sheridan,WY,82801,2200000,12000000,23-DEC-2024,2024Q4
0002037456-24-000001,Rowan Scientific Corp,0002037456,121 FRANKLIN STREET,#1,ALLSTON,MA,02134,2168480,Indefinite,20-DEC-2024,2024Q4
0001986763-24-000010,"GLOBAL EAGLE CHINA LIFE TECHNOLOGY CO.,LIMITED",0001986763,RM 517 NEW CITY CTR2 LEI YUE,,HONG KONG,K3,999077,0,5000000,20-DEC-2024,2024Q4
0002046119-24-000002,"Chorda Pharma, Inc.",0001906254,709 S JEFFERSON STREET,SUITE 301,ROANOKE,VA,24016,200000,600000,20-DEC-2024,2024Q4
0002049446-24-000001,"EditPep, Inc.",0002049446,2330 ROSE STREET,,BERKELEY,CA,94708,8200000,8200000,19-DEC-2024,2024Q4
0001493152-24-050754,"AstralBio, Inc.",0002048715,867 BOYLSTON STREET,5TH FLOOR #1833,BOSTON,MA,02116,957408,957408,19-DEC-2024,2024Q4
0001972911-24-000004,"One Health Group, Inc.",0001972911,3053 WEST LAKE ROAD,,CAZENOVIA,NY,13035,0,5000000,18-DEC-2024,2024Q4
0001697666-24-000002,"Xcell Biosciences, Inc.",0001697666,"455 Mission Bay Blvd S, Suite 124",,San Francisco,CA,94158,1400000,3500000,17-DEC-2024,2024Q4
0001858277-24-000001,"Promedix, Inc.",0001858277,4640 SW MACADAM AVENUE,SUITE 200,PORTLAND,OR,97239,200000,200000,17-DEC-2024,2024Q4
0002048335-24-000002,Collage Bioscience Corp,0002048335,325 POTRERO AVE APT 3,,SAN FRANCISCO,CA,94103-4883,150000,5000000,16-DEC-2024,2024Q4
0001868564-24-000002,PEPTINOVO BIOPHARMA INC.,0001868564,600 S. WAGNER ROAD,,ANN ARBOR,MI,48103,1297885,10000000,16-DEC-2024,2024Q4
0001807738-24-000001,ProteoWise Inc.,0001807738,85 Willow Street,,New Haven,CT,06511,2306020,10000000,13-DEC-2024,2024Q4
0001104659-24-128019,"Transcode Therapeutics, Inc.",0001829635,"6 LIBERTY SQUARE, #2382",,BOSTON,MA,02109,8000000,8000000,12-DEC-2024,2024Q4
0001213900-24-108346,NeuroSense Therapeutics Ltd.,0001875091,"11 HAMENOFIM STREET, BUILDING B",,HERZLIYA,L3,4672562,5000000,5000000,12-DEC-2024,2024Q4
0001836461-24-000002,"Resilient Biotics, Inc.",0001836461,2 DAVIS DRIVE,,RESEARCH TRIANGLE PARK,NC,27709,3862000,4600000,12-DEC-2024,2024Q4
0001243233-24-000002,"Olema Pharmaceuticals, Inc.",0001750284,780 BRANNAN STREET,,SAN FRANCISCO,CA,94103,249999225,249999986,12-DEC-2024,2024Q4
0002048350-24-000001,"ORF Biologics, Inc.",0002048350,2875 ASH ST.,,CORALVILLE,IA,52241,0,2500000,12-DEC-2024,2024Q4
0001823434-24-000003,"ADIPO THERAPEUTICS, LLC",0001823434,1210 Waterway Blvd.,,Indianapolis,IN,46202,4717337,14717337,11-DEC-2024,2024Q4
0001881431-24-000001,"Aarvik Therapeutics, Inc.",0001881431,31363 Medallion Drive,,Hayward,CA,94544,1165000,15000000,11-DEC-2024,2024Q4
0001123292-24-000385,"OncoVerity, Inc.",0001943593,12635 E Montview Blvd.,,Aurora,CO,80045,14000000,42000000,10-DEC-2024,2024Q4
0001760644-24-000001,"Memgen, Inc.",0001760644,12 GREENWAY PLAZA,SUITE 1100,HOUSTON,TX,77046,950002,10000000,10-DEC-2024,2024Q4
0002047967-24-000001,Mist Inhalation Wellness Technology Ltd,0002047967,"4TH FLOOR, HARBOUR PLACE, 103 SOUTH","CHURCH STREET, P.O. BOX 10240",GRAND CAYMAN,E9,KY1-1002,0,40000000,10-DEC-2024,2024Q4
0001777611-24-000002,"XiltriX North America, LLC",0001777611,"4660 LA JOLLA VILLAGE DR., SUITE 100",,SAN DIEGO,CA,92122,2110653,2110653,09-DEC-2024,2024Q4
0001094891-24-000001,Lucid Diagnostics Inc.,0001799011,360 MADISON AVENUE,25TH FLOOR,NEW YORK,NY,10017,21950000,21950000,06-DEC-2024,2024Q4
0001543843-24-000001,"Oligomerix, Inc.",0001543843,2 WESTCHESTER PARK DRIVE,SUITE 208,WHITE PLAINS,NY,10604,75000,650000,06-DEC-2024,2024Q4
0002047647-24-000001,"65 Therapeutics, Inc.",0002047647,399 REVOLUTION DRIVE,,SOMERVILLE,MA,02145,4500000,5500000,06-DEC-2024,2024Q4
0001567264-24-000054,"INTENSITY THERAPEUTICS, INC.",0001567264,"1 ENTERPRISE DRIVE, SUITE 430",,SHELTON,CT,06484,3649483,3649483,05-DEC-2024,2024Q4
0001231919-24-000093,"Aclaris Therapeutics, Inc.",0001557746,701 LEE ROAD,SUITE 103,WAYNE,PA,19087,79999999,79999999,04-DEC-2024,2024Q4
0001820326-24-000002,"Manifold Biotechnologies, Inc.",0001820326,201 BROOKLINE AVENUE,SUITE 902,BOSTON,MA,02215,32784801,32784801,03-DEC-2024,2024Q4
0001780605-24-000001,Gemelli Biotech Corp.,0001780605,2009 Fairview Rd. #6099,,Raleigh,NC,27628,21176893,23910940,02-DEC-2024,2024Q4
0002046638-24-000001,"Exxel Pharma, INC.",0002046638,12635 East Montview Blvd,Suite 134,Aurora,CO,80045,600000,600000,02-DEC-2024,2024Q4
0001437749-24-036419,"Xella Health, PBC",0002045840,501 Seaport Court,Suite 204,Redwood City,CA,94063,600000,600000,02-DEC-2024,2024Q4
0001753668-24-000002,"Ambient Biosciences, Inc.",0001753668,1600 HURON PARKWAY,"BLDG 520, RM 2390",ANN ARBOR,MI,48109,4160002,5000000,02-DEC-2024,2024Q4
0001178913-24-003875,"Somnum Pharma, Inc.",0002046710,"4 EAST 70TH STREET, 9A",,NEW YORK,NY,10021,2000000,2000000,29-NOV-2024,2024Q4
0001974021-24-000005,Smart Health Diagnostics Co,0001974021,5151 CALIFORNIA AVENUE,#150,IRVINE,CA,92617,300000,10000000,29-NOV-2024,2024Q4
0001661181-24-000001,Organogenesis Holdings Inc.,0001661181,85 DAN ROAD,,CANTON,MA,02021,130000000,130000000,27-NOV-2024,2024Q4
0002046270-24-000002,TRex Holdings Inc.,0002046270,"681 GATEWAY BLVD., 4TH FLOOR",,SOUTH SAN FRANCISCO,CA,94080,42279369,85000000,26-NOV-2024,2024Q4
0001744491-24-000001,NeuraMedica Inc.,0001744491,402 BEAVERCREEK RD,STE 110,OREGON CITY,OR,97045,709622,1000000,26-NOV-2024,2024Q4
0002045193-24-000001,"Objective Biotechnology, Inc.",0002045193,"126 N. THIRD STREET, SUITE 540",,MINNEAPOLIS,MN,55401,714984,1000000,26-NOV-2024,2024Q4
0000892712-24-000139,"HJARTA CARE, LLC",0002045209,4617 W. SLEEPY HOLLOW LANE,,MEQUON,WI,53092,850000,1000000,26-NOV-2024,2024Q4
0002046254-24-000001,Avenacy Inc.,0002046254,10 N MARTINGALE RD,SUITE 225,SCHAUMBURG,IL,60173,26030368,34030368,26-NOV-2024,2024Q4
0002045956-24-000001,"Drizzle Health, LLC",0002045956,3107 TILDEN DRIVE,,BALTIMORE,MD,21211,500000,Indefinite,26-NOV-2024,2024Q4
0001493152-24-047445,"Dare Bioscience, Inc.",0001401914,3655 NOBEL DRIVE,SUITE 260,SAN DIEGO,CA,92122,0,15000000,22-NOV-2024,2024Q4
0001213900-24-101639,"NuvOx Therapeutics, Inc.",0001966126,1635 E. 18TH STREET,,TUCSON,AZ,85719,235000,7000000,22-NOV-2024,2024Q4
0002040766-24-000001,"Pep2Tango Therapeutics, Inc.",0002040766,12050 WETHERFIELD LANE,,POTOMAC,MD,20854,16700000,16700000,21-NOV-2024,2024Q4
0001966691-24-000001,Panome Bio Inc.,0001966691,4340 DUNCAN AVENUE,,SAINT LOUIS,MO,63110,6000000,6000000,21-NOV-2024,2024Q4
0001867562-24-000001,"MODULO BIO, INC.",0001867562,1525 KENSINGTON,,LOS ALTOS,CA,94024,5845788,7500000,20-NOV-2024,2024Q4
0001062993-24-019393,IM Cannabis Corp.,0001792030,KIBBUTZ GLIL YAM,,CENTRAL DISTRICT,L3,4690500,26893,67234,20-NOV-2024,2024Q4
0002040807-24-000003,"Metsera, Inc.",0002040807,3 World Trade Center,175 Greenwich Street,New York,NY,10007,214999939,214999939,20-NOV-2024,2024Q4
0001645892-24-000001,"Sonavex, Inc.",0001645892,2835 O'Donnell Street,Suite 200,BALTIMORE,MD,21224,15000004,15000004,19-NOV-2024,2024Q4
0002010788-24-000001,Invizyne Technologies Inc,0002010788,750 ROYAL OAKS DR,,MONROVIA,CA,91016,11718,11718,19-NOV-2024,2024Q4
0001937230-24-000001,"Phagos, Inc.",0001937230,1 rue Jean-Jacques Rousseau,F2-112-5,Ivry-sur-Seine,I0,94200,0,7624421,18-NOV-2024,2024Q4
0001984052-24-000001,MI:RNA Ltd,0001984052,SCOTLAND'S RURAL COLLEGE ROOM 16,PETER WILSON BUILDING BASEMENT,EDINBURGH,X0,EH9 3JG,4433698,4433698,18-NOV-2024,2024Q4
0001685567-24-000002,EdenRoc Sciences LLC,0001685567,100 Barber Avenue,,Worcester,MA,01606,2750000,50000000,15-NOV-2024,2024Q4
0001779253-24-000001,"DermBiont, Inc.",0001779253,75 KNEELAND ST FL 14,,BOSTON,MA,02111,32697081,45312683,13-NOV-2024,2024Q4
0001940918-24-000001,"Qnovia, Inc.",0001940918,2920 WEST BROAD ST.,SUITE 243,RICHMOND,VA,23230,14210860,16000000,12-NOV-2024,2024Q4
0001763612-24-000002,CALVIRI INC,0001763612,850 N 5TH ST.,,PHOENIX,AZ,85004,785004,5000000,12-NOV-2024,2024Q4
0002043558-24-000001,"Senseonics Holdings, Inc.",0001616543,20451 SENECA MEADOWS PARKWAY,,GERMANTOWN,MD,20876,16000000,16000000,08-NOV-2024,2024Q4
0001581178-24-000001,EUPRAXIA PHARMACEUTICALS INC.,0001581178,201-2067 CADBORO BAY RD.,,VICTORIA,A1,V8R 5G4,1894413,1894413,08-NOV-2024,2024Q4
0001939796-24-000001,"RevOpsis Therapeutics, Inc.",0001939796,4109 CHANDLERWOOD,,SPRINGFIELD,IL,62711,575000,Indefinite,07-NOV-2024,2024Q4
0001140361-24-045485,"Opus Genetics, Inc.",0001228627,37000 Grand River Avenue,Suite 120,Farmington Hills,MI,48335,25778641,25778641,07-NOV-2024,2024Q4
0002041640-24-000001,"Med Aditus Pharmaceuticals, Inc.",0002041640,"800 Park Offices Drive, Suite 3604",,RTP,NC,27709,0,5000000,06-NOV-2024,2024Q4
0002043834-24-000001,"Revalia Bio, Inc.",0002043834,55 CHURCH STREET,#400,NEW HAVEN,CT,06510,12294616,16996251,06-NOV-2024,2024Q4
0001547577-24-000006,Kiyatec Inc.,0001547577,2 N MAIN STREET,,GREENVILLE,SC,29601,250000,5412500,06-NOV-2024,2024Q4
0002043713-24-000001,"TIXiMED, Inc.",0002043713,1927 1ST AVENUE NORTH,SIXTH FLOOR,BIRMINGHAM,AL,35203,550000,550000,05-NOV-2024,2024Q4
0001655808-24-000001,"SeqOnce BioSciences, Inc.",0001655808,2265 E. FOOTHILL BOULEVARD,,PASADENA,CA,91107,881831,881831,05-NOV-2024,2024Q4
0002043521-24-000003,"CrossBridge Bio, Inc.",0002043521,"2450 HOLCOMBE BLVD, SUITE X",,HOUSTON,TX,77021,10818821,17019978,04-NOV-2024,2024Q4
0001493152-24-043506,"Mach5 Therapeutics, Inc.",0002018014,650 PONCE DE LEON AVE,STE. 300 #2347,ATLANTA,GA,30308,19179509,19929508,04-NOV-2024,2024Q4
0002042684-24-000001,"Onconaut Therapeutics, Inc.",0002042684,27604 E. EUCLID DRIVE,,AURORA,CO,80016,125000,125000,04-NOV-2024,2024Q4
0001584693-24-000002,Healthcare Integrated Technologies Inc.,0001584693,311 S. WEISGARBER ROAD,,KNOXVILLE,TN,37919,2552000,Indefinite,04-NOV-2024,2024Q4
0001799828-24-000001,"EvolveImmune Therapeutics Holding Company, LLC",0001799828,23 Business Park Drive,,Branford,CT,06405,20000003,20000003,01-NOV-2024,2024Q4
0002043170-24-000001,"Axonis Therapeutics, Inc.",0002043170,"75 KNEELAND STREET, 14 FL",,BOSTON,MA,02111,46000000,115000000,01-NOV-2024,2024Q4
0002043239-24-000001,"Opprtna Therapeutics, Inc.",0002043239,241 FRANCIS AVENUE,,MANSFIELD,MA,02048,125000,500000,31-OCT-2024,2024Q4
0001884363-24-000001,"Garuda Therapeutics, Inc.",0001884363,215 First Street,Suite 340-350,Cambridge,MA,02142,47709955,Indefinite,31-OCT-2024,2024Q4
0002042347-24-000001,"Seaport Therapeutics, Inc.",0002042347,6 TIDE STREET,SUITE 400,BOSTON,MA,02110,225899940,225999937,31-OCT-2024,2024Q4
0002042692-24-000001,"Sethera Therapeutics, Inc",0002042692,48 SOUTH RIO GRANDE STREET,,SALT LAKE CITY,UT,84101,1949463,3000000,30-OCT-2024,2024Q4
0002025372-24-000002,Codetta Bio Inc.,0002025372,140 SOUTHCENTER CT.,SUITE 200,MORRISVILLE,NC,27560,12280996,26437838,30-OCT-2024,2024Q4
0001493152-24-042805,"bioAffinity Technologies, Inc.",0001712762,3300 NACOGDOCHES ROAD,SUITE 216,SAN ANONIO,TX,78217,0,3994173,29-OCT-2024,2024Q4
0002024197-24-000002,"Nodal Therapeutics, Inc.",0002024197,1804 EDGEWATER PARKWAY,,SILVER SPRING,MD,20903,250000,250000,29-OCT-2024,2024Q4
0001493152-24-042710,"Coya Therapeutics, Inc.",0001835022,5850 SAN FELIPE ST.,SUITE 500,HOUSTON,TX,77057,10000026,10000026,28-OCT-2024,2024Q4
0001811355-24-000001,"VITARA BIOMEDICAL, INC.",0001811355,2301 Chestnut Street,4th Floor,PHILADELPHIA,PA,19103,9999840,49999190,28-OCT-2024,2024Q4
0001824293-24-000144,"GRI BIO, Inc.",0001824293,2223 AVENIDA DE LA PLAYA,SUITE 208,LA JOLLA,CA,92037,762236,762236,25-OCT-2024,2024Q4
0002027042-24-000005,"Pharma Solutions USA, Inc. DBA LighthouseAI",0001887135,"705 MONTGOMERY AVE, SUITE 200",,PENN VALLEY,PA,19072,6749994,6949994,25-OCT-2024,2024Q4
0001920890-24-000004,"Transition Bio, Inc.",0001920890,"ONE MIFFLIN PLACE, SUITE 400",,CAMBRIDGE,MA,02138,13265426,21265426,25-OCT-2024,2024Q4
0001809914-24-000001,"FlightPath Biosciences, Inc.",0001809914,15 Fairfax Street,,Birmingham,MI,48009,8064826,9000000,24-OCT-2024,2024Q4
0001493152-24-042246,"Earth Science Tech, Inc.",0001538495,8950 SW 74TH CT,SUITE 1401,MIAMI,FL,33156,674200,700000,23-OCT-2024,2024Q4
0002040026-24-000001,"Renosome Bio, Inc.",0002040026,69 COUGAR DR.,,MANCHESTER,CT,06040,150000,1000000,23-OCT-2024,2024Q4
0001684470-24-000003,"Pharmaceutics International, Inc.",0001684470,10819 GILROY ROAD,,HUNT VALLEY,MD,21030,11249998,11249998,23-OCT-2024,2024Q4
0001123292-24-000314,"March Biosciences, Inc.",0001965802,7255 Helix Park,Suite 300,HOUSTON,TX,77030,22140942,22140942,22-OCT-2024,2024Q4
0001446472-24-000009,"BIO-PATH HOLDINGS, INC.",0001133818,4710 BELLAIRE BOULEVARD,SUITE 210,BELLAIRE,TX,77401,3995403,3995403,22-OCT-2024,2024Q4
0001743192-24-000001,Starton Therapeutics Inc.,0001743192,"215 COLLEGE ROAD, SUITE #300",,PARAMUS,NJ,07652,2126035,2126035,22-OCT-2024,2024Q4
0001960015-24-000001,Vistim Labs Inc.,0001960015,2093 Philadelphia Pike #3690,,Claymont,DE,19703,125000,1200000,22-OCT-2024,2024Q4
0001183740-24-000085,BRIGHT MINDS BIOSCIENCES INC.,0001827401,19 VESTRY STREET,,NEW YORK,NY,10013,0,12186,22-OCT-2024,2024Q4
0001532854-24-000004,"Blaze Bioscience, Inc.",0001532854,530 FAIRVIEW AVENUE N.,SUITE 1400,SEATTLE,WA,98109,10000000,10000000,21-OCT-2024,2024Q4
0001748961-24-000002,"OnKure Therapeutics, Inc.",0001637715,"6707 WINCHESTER CIRCLE, SUITE 400",,BOULDER,CO,80301,65000000,65000000,21-OCT-2024,2024Q4
0002038883-24-000001,"Hubble Therapeutics, LLC",0002038883,35 SOUTH MAIN STREET,,HANOVER,NH,03755,9807697,11107697,21-OCT-2024,2024Q4
0001493152-24-041515,"CancerVAX, Inc.",0001905495,351 PASEO NUEVO,FLOOR 2,SANTA BARBARA,CA,93101,1000000,10000000,18-OCT-2024,2024Q4
0001992812-24-000001,Automera US Inc.,0001992812,2815 EASTLAKE AVE E #300,,SEATTLE,WA,98102,12199998,20649999,17-OCT-2024,2024Q4
0002040814-24-000001,"Fulmer Instruments, Inc.",0002040814,811 5th Avenue North,,BIRMINGHAM,AL,35203,3095000,4500000,16-OCT-2024,2024Q4
0000929638-24-003518,"Elektrofi, Inc.",0001932688,"25 DRYDOCK AVENUE, SECOND FLOOR",,BOSTON,MA,02210,112250024,112250024,15-OCT-2024,2024Q4
0001682585-24-000002,"SciTech Development, Inc.",0001682585,281 KERCHEVAL AVE.,,GROSSE POINTE FARMS,MI,48236,240000,3000000,15-OCT-2024,2024Q4
0002036455-24-000001,"Affini-T Therapeutics, Inc.",0002036455,"100 Forge Road, Suite 900",,Watertown,MA,02472,17617952,17617952,15-OCT-2024,2024Q4
0001171843-24-005607,Brainsway Ltd.,0001505065,16 HARTUM STREET,"RAD TOWER, 14TH FLOOR, HAR HAHOTZVIM",JERUSALEM,L3,9777516,20000009,20000009,15-OCT-2024,2024Q4
0001683168-24-007114,"Model Medicines, Inc.",0001892786,1268 PROSPECT STREET,,LA JOLLA,CA,92037,14754032,Indefinite,15-OCT-2024,2024Q4
0001563355-24-000001,"Antiva Biosciences, Inc.",0001563355,"555 Twin Dolphin Drive, Suite 620",,Redwood City,CA,94065,38535985,52999990,11-OCT-2024,2024Q4
0001641631-24-000001,"Beyond Air, Inc.",0001641631,900 STEWART AVENUE,SUITE 301,GARDEN CITY,NY,11530,20600000,20600000,11-OCT-2024,2024Q4
0000898432-24-000826,LyGenesis Inc.,0001739872,1710 Murray Ave,Suite 200,PITTSBURGH,PA,15217,17764699,20000000,11-OCT-2024,2024Q4
0002034567-24-000001,Evida Biosciences Inc.,0002034567,9410 Carroll Park Dr.,,San Diego,CA,92121,42000000,42000000,11-OCT-2024,2024Q4
0002040940-24-000001,"Amplifyer Bio, Inc.",0002040940,10 SHERMAN STREET,,LEXINGTON,MA,02420,7078494,7078494,11-OCT-2024,2024Q4
0002040568-24-000001,"GoDaveyGo, LLC",0002040568,5318 E. SECOND ST. #337,,LONG BEACH,CA,90803,0,250000,10-OCT-2024,2024Q4
0002040392-24-000001,"AkriVita, Inc.",0002040392,26 HOLLYBERRY COURT,,ROCKVILLE,MD,20852,0,1200000,10-OCT-2024,2024Q4
0001871302-24-000001,"Invectys, Inc.",0001871302,2415 WEST ALABAMA,SUITE 220,HOUSTON,TX,77098,4000000,4000000,10-OCT-2024,2024Q4
0000912282-24-000697,Alpha Cognition Inc.,0001655923,1200 - 750 West Pender Street,,Vancouver,A1,V6C 2T8,4545000,11143857,09-OCT-2024,2024Q4
0001822791-24-000002,Clene Inc.,0001822791,"6550 SOUTH MILLROCK DRIVE, SUITE G50",,SALT LAKE CITY,UT,84121,7310060,7310060,09-OCT-2024,2024Q4
0001600905-24-000001,"G.I. Windows, Inc.",0001600905,381 University Avenue,,Westwood,MA,02090,34136664,44999994,09-OCT-2024,2024Q4
0001781232-24-000003,"Cellibre, Inc.",0001781232,6825 FLANDERS DRIVE,,SAN DIEGO,CA,92121,6707314,23215672,09-OCT-2024,2024Q4
0001677664-24-000002,"Otolith Sound, Inc.",0001677664,"200 MASSACHUSETTS AVE NW, FL7",,WASHINGTON,DC,20001,4899055,8917717,09-OCT-2024,2024Q4
0000929638-24-003461,"Torch Therapeutics, Inc.",0002040433,2729 WALTHAM CROSS STREET,,BELMONT,CA,94002,4025000,15275000,08-OCT-2024,2024Q4
0002038107-24-000001,"Recourse Biologics, Inc.",0002038107,3737 BUFFALO SPEEDWAY,STE 1750,HOUSTON,TX,77098,2786350,4300000,08-OCT-2024,2024Q4
0001834514-24-000004,"CIRC Biosciences, Inc.",0001834514,"400 N. ABERDEEN, SUITE 900",,CHICAGO,IL,60642,250000,250000,07-OCT-2024,2024Q4
0000897069-24-001927,"Morphoceuticals, Inc.",0001962989,200 Boston Avenue,Suite G-725,Medford,MA,02155,3500000,5500000,07-OCT-2024,2024Q4
0002039520-24-000001,MaraBio Systems Inc.,0002039520,"26 S RIO GRANDE ST., STE 2072",,SALT LAKE CITY,UT,84101,19058971,28958242,07-OCT-2024,2024Q4
0000897069-24-001918,"22nd Century Group, Inc.",0001347858,321 Farmington Road,,Mocksville,NC,27028,1200000,1200000,04-OCT-2024,2024Q4
0002039192-24-000001,Arc Endosurgery Inc.,0002039192,9800 PYRAMID CT,SUITE 400,ENGLEWOOD,CO,80112,1470000,1500000,03-OCT-2024,2024Q4
0002035832-24-000001,"Aktis Oncology, Inc.",0002035832,17 DRYDOCK AVENUE,SUITE #17-401,BOSTON,MA,02210,175000000,175000000,02-OCT-2024,2024Q4
0001903317-24-000002,"Arda Therapeutics, Inc.",0001903317,930 Brittan Ave,,San Carlos,CA,94070,43303366,43438362,02-OCT-2024,2024Q4
0001791779-24-000001,Ophidion Inc.,0001791779,116 Research Dr,Suite 223,Bethlehem,PA,18015,655166,1200000,01-OCT-2024,2024Q4
0002038848-24-000001,Radiant Biotherapeutics Inc.,0002038848,"3, Place Ville-Marie",Suite 12350,Montreal QC,Z4,H2B 0E7,34299986,34299986,01-OCT-2024,2024Q4
0001471618-24-000001,"Synedgen, Inc.",0001471618,1420 N. CLAREMONT BOULEVARD,SUITE 105D,CLAREMONT,CA,91711,1750000,2000000,01-OCT-2024,2024Q4
0001782084-25-000001,Hilltop Biosciences Inc.,0001782084,"320 Norwood Park, S",,Norwood,MA,02062,5303565,5500000,31-MAR-2025,2025Q1
0002063378-25-000001,"PRG FlowChem, Inc.",0002063378,880 ENTERPRISE DRIVE,,ROYERSFORD,PA,19468,825000,1666800,28-MAR-2025,2025Q1
0002063071-25-000001,Autonomy Bio Inc.,0002063071,512 2ND STREET,FLOOR 3,SAN FRANCISCO,CA,94107,16999990,16999990,27-MAR-2025,2025Q1
0002062029-25-000001,"VQ Biomedical, Inc.",0002062029,5448 APEX PEAKWAY,SUITE 171,APEX,NC,27502,1650000,1650000,27-MAR-2025,2025Q1
0002045855-25-000001,"Assurtek Surgical, Inc.",0002045855,16 CAVENDISH COURT,,LEBANON,NH,03766,370000,370000,25-MAR-2025,2025Q1
0002062605-25-000001,"Topaz Biosciences, Inc.",0002062605,"1250 45th Street, Suite 320",,Emeryville,CA,94608,1434996,3159994,25-MAR-2025,2025Q1
0002061516-25-000001,Comend Inc.,0002061516,1176 DREAM CREST ROAD,,MISSISSAUGA,A6,L5V 1N6,50000,50000,24-MAR-2025,2025Q1
0002063191-25-000001,"Illexcor Holdings, LLC",0002063191,3300 PEMBERTON CREEK COURT,,HENRICO,PA,23233,1000000,2000000,24-MAR-2025,2025Q1
0002041826-25-000001,Voxcell BioInnovation Inc.,0002041826,300-637 BAY STREET,,VICTORIA,A1,V8T 5L2,1733264,1733282,24-MAR-2025,2025Q1
0002062575-25-000001,Cime Therapeutics Inc.,0002062575,110 16TH STREET,SUITE 1460,DENVER,CO,80202,2100000,2500000,21-MAR-2025,2025Q1
0001685406-25-000001,Biolinq Inc,0001685406,10260 SORRENTO VALLEY ROAD,,SAN DIEGO,CA,92121,90000000,100000000,21-MAR-2025,2025Q1
0002062835-25-000001,"Blue water biotechnology engineering (macau) co., ltd",0002062835,"BUILDING G, 14TH FLOOR, CHINA PLAZA,","762-804 NAM WAN AVENUE, MACAU",MACAU,N5,999078,0,5000000,21-MAR-2025,2025Q1
0001963569-25-000002,"OraLiva, Inc.",0001963569,2 Davis Drive,,DURHAM,NC,27709,1500000,2250000,21-MAR-2025,2025Q1
0002062787-25-000001,"Foment Bio, Inc.",0002062787,148 WICK WILLOW RD,,MONTGOMERY,TX,77356,542550,1000000,21-MAR-2025,2025Q1
0002062359-25-000001,Bench7 Inc.,0002062359,929 PARKVIEW DRIVE,,BISMARCK,ND,58501,100000,100000,20-MAR-2025,2025Q1
0001213900-25-025074,Pluri Inc.,0001158780,MATAM ADVANCED TECHNOLOGY PARK,BUILDING NO. 5,HAIFA,L3,3508409,3500000,3500000,19-MAR-2025,2025Q1
0001734691-25-000001,"Aveta Biomics, Inc.",0001734691,"110 GREAT ROAD, SUITE 302",,BEDFORD,MA,01730,4455040,8000000,19-MAR-2025,2025Q1
0001800623-25-000002,"Capsulomics, Inc.",0001800623,1450 S ROLLING ROAD,SUITE 3 013,HALETHORPE,MD,21227,2392270,3000000,19-MAR-2025,2025Q1
0002040413-25-000002,Eonn Corp.,0002040413,1019 S Heatherwilde Blvd,,Pflugerville,TX,78660,300000,300000,19-MAR-2025,2025Q1
0001962684-25-000001,Pharmesol Inc.,0001962684,412 CEDAR CREST DRIVE,,COPPELL,TX,75019,0,1300000,18-MAR-2025,2025Q1
0001903219-25-000002,"Curevo, Inc.",0001903219,"18911 NORTH CREEK PKWY, SUITE 150",,BOTHELL,WA,98011,42414174,84828349,18-MAR-2025,2025Q1
0002018445-25-000002,"Aadi Bioscience, Inc.",0001422142,2 HEADQUARTERS PLAZA,"EAST BUILDING, 11TH FLOOR",MORRISTOWN,NJ,07960,100002392,100002392,18-MAR-2025,2025Q1
0001919709-25-000004,Phantom Neuro Inc.,0001919709,"507 SOUTH PARK DRIVE, UNIT 1",,AUSTIN,TX,78704,12097140,19297142,18-MAR-2025,2025Q1
0001960745-25-000002,"RNAV8 BIO, INC.",0001960745,29851 WEATHERWOOD,,LAGUNA NIGUEL,CA,92677,2013880,3000000,17-MAR-2025,2025Q1
0001477932-25-001742,"Pharmaceutical Resource Technology, Inc.",0001865759,"1 Kaki Bukit Ave 3, #09-11, KB-1",,Singapore,U0,416087,0,10000000,17-MAR-2025,2025Q1
0001873875-25-000003,Incannex Healthcare Inc.,0001873875,8 CENTURY CIRCUIT,STE 105,NORWEST NSW,C3,2153,12499825,12499825,17-MAR-2025,2025Q1
0001450737-25-000003,NEUROLUTIONS INC,0001450737,7033 HAYVENHURST AVE,,VAN NUYS,CA,91406,26549999,42800000,17-MAR-2025,2025Q1
0002060901-25-000001,Syndex Bio Inc.,0002060901,"2632 WILSHIRE BOULEVARD, SUITE 83",,SANTA MONICA,CA,90403,15506942,15506942,14-MAR-2025,2025Q1
0002059432-25-000001,"Surgical Training Simulators, Inc.",0002059432,257 EAGLE DRIVE,,CHAPEL HILL,NC,27517,200000,200000,14-MAR-2025,2025Q1
0001871154-25-000004,"VAIL SCIENTIFIC, INC.",0001871154,"7800 Metro Parkway, Suite 105",,Bloomington,MN,55425,7000000,7000000,13-MAR-2025,2025Q1
0002008775-25-000001,"Montara Therapeutics, Inc.",0002008775,135 MISSISSIPPI STREET,,SAN FRANCISCO,CA,94107,19999995,19999995,13-MAR-2025,2025Q1
0001630575-25-000001,"Vivace Therapeutics, Inc.",0001630575,"1510 Fashion Island Blvd., Suite 310",,San Mateo,CA,94404,17499997,34999993,12-MAR-2025,2025Q1
0001999360-25-000001,"Long Bridge Medical, Inc.",0001999360,6000 SHORELINE CT,SUITE 206,SOUTH SAN FRANCISCO,CA,94080,999992,999999,12-MAR-2025,2025Q1
0001876657-25-000001,"BobcatBio, Inc.",0001876657,"1214 RESEARCH BOULEVARD, SUITE 2010",,HUMMELSTOWN,PA,17036,5340751,15000000,12-MAR-2025,2025Q1
0001848350-25-000001,"Elastrin Therapeutics, Inc.",0001848350,200C PATEWOOD DR.,,GREENVILLE,SC,29615,500000,500000,11-MAR-2025,2025Q1
0001982572-25-000001,"Infinity Bio, Inc.",0001982572,6200 SEAFORTH ST.,,BALTIMORE,MD,21224,2000000,5000000,11-MAR-2025,2025Q1
0002058969-25-000001,"Lyora Therapeutics, Inc.",0002058969,118 GODEN STREET,,BELMONT,MA,02478,525000,2000000,11-MAR-2025,2025Q1
0002059674-25-000001,SENSEARLY INC.,0002059674,2671 MARSHALL DRIVE,,PALO ALTO,CA,94303,1700000,1700000,11-MAR-2025,2025Q1
0001713945-25-000001,"UBIVAC, INC.",0001713945,18183 S.W. BOONES FERRY ROAD,,PORTLAND,OR,97224,35000,4450000,11-MAR-2025,2025Q1
0001902402-25-000001,"Episteme Prognostics, Inc.",0001902402,760 Parkside Avenue,Suite 227C,Brooklyn,NY,11226,550000,2500000,10-MAR-2025,2025Q1
0002024431-25-000004,"Intrigue Health, Inc.",0002024431,13532 RUSSET LEAF LN,,SAN DIEGO,CA,92129,25000,200000,10-MAR-2025,2025Q1
0001437749-25-006621,"NRX Pharmaceuticals, Inc.",0001719406,1201 ORANGE STREET,SUITE 600,WILMINGTON,DE,19801,3500000,3500000,07-MAR-2025,2025Q1
0001939123-25-000002,"StimuSIL, Inc.",0001939123,"2810 Church Street, PMB 78535",,WILMINGTON,DE,19802,599988,599988,07-MAR-2025,2025Q1
0001823293-25-000001,Impulse Dynamics plc,0001823293,70 SIR JOHN ROGERSONS QUAY,,DUBLIN 2,L2,D02 R296,84130000,140000000,06-MAR-2025,2025Q1
0002059295-25-000002,Zucara Therapeutics Inc.,0002059295,1300-661 UNIVERSITY AVENUE,,TORONTO,A6,M5G 0B7,4999978,4999978,06-MAR-2025,2025Q1
0001767312-25-000001,"Native Cardio, Inc.",0001767312,868 106TH AVENUE N,SUITE 8,NAPLES,FL,34108,150000,1000000,05-MAR-2025,2025Q1
0001880432-25-000001,"MDC - Verte Fund, LLC",0001880432,300 W PRATT ST,STE 200,BALTIMORE,MD,21201,1027000,Indefinite,04-MAR-2025,2025Q1
0002058983-25-000001,"MB Holdings 2025, Inc.",0002058983,5413 CRENSHAW ROAD,,PASADENA,TX,77505,6165322,6165322,04-MAR-2025,2025Q1
0002028496-25-000001,"Veronica Holdings, LLC",0002028496,c/o SLR Capital Partners,"500 Park Avenue, 3rd Floor",NEW YORK,NY,10022,142311559,142311559,03-MAR-2025,2025Q1
0001213900-25-019384,SciSparc Ltd.,0001611746,"20 RAUL WALLENBERG STREET, TOWER A",,TEL AVIV,L3,6971916,4200000,4200000,03-MAR-2025,2025Q1
0001879785-25-000012,Chimeron Bio Corp,0001837360,"601 WALNUT STREET, SUITE 715",,PHILADELPHIA,PA,19106,13736689,Indefinite,03-MAR-2025,2025Q1
0002057459-25-000001,"GNT Pharmaceuticals, Inc.",0002057459,3711 QUAIL HOLLOW COURT,,LOUISVILLE,KY,40241,0,150000,03-MAR-2025,2025Q1
0000950123-25-002925,"Aligos Therapeutics, Inc.",0001799448,"One Corporate Dr., 2nd Floor",,South San Francisco,CA,94080,105003206,105003206,28-FEB-2025,2025Q1
0001861123-25-000001,"Eikon Therapeutics, Inc.",0001861123,3929 POINT EDEN WAY,,HAYWARD,CA,94545,350700037,399999934,28-FEB-2025,2025Q1
0002058374-25-000001,KKR FlowMod Aggregator LLC,0002058374,"650 LIVE OAK AVENUE, SUITE 200",,MENLO PARK,CA,94025,15650000,26450000,27-FEB-2025,2025Q1
0001786236-25-000007,"20/20 GeneSystems, Inc.",0001139685,"15810 Gaither Road, Suite 235",,Gaithersburg,MD,20877,70000,3000000,26-FEB-2025,2025Q1
0002034038-25-000001,MASLOW HEALTH INC.,0002034038,141 SOUTH RD,SUITE 104E,CHAPEL HILL,NC,27514,20000,700000,26-FEB-2025,2025Q1
0001756702-25-000001,"Castle Creek Biosciences, Inc.",0001756702,405 Eagleview Boulevard,,Exton,PA,19341,75000000,75000000,25-FEB-2025,2025Q1
0001140361-25-005827,"Grace Therapeutics, Inc.",0001444192,103 Carnegie Center,Suite 300,Princeton,NJ,08540,14999985,30000203,25-FEB-2025,2025Q1
0001880583-25-000001,Synlico Inc.,0001880583,329 Oyster Point Blvd Fl 3,,South San Francisco,CA,94080,3000000,3000000,25-FEB-2025,2025Q1
0002057800-25-000001,"Newleos Therapeutics, Inc.",0002057800,"C/O NEWLEOS THERAPEUTICS, INC.","800 BOYLSTON STREET, SUITE 1715",BOSTON,MA,02199,93449993,93449993,24-FEB-2025,2025Q1
0001493152-25-007952,Oncocyte Corp,0001642380,15 CUSHING,,IRVINE,CA,92618,21743597,21743597,24-FEB-2025,2025Q1
0002057402-25-000001,"Quarry Thera, LLC",0002057402,286 LIVINGSTON STREET,,NEW HAVEN,CT,06511,5000000,5000000,21-FEB-2025,2025Q1
0001937542-25-000001,"Areteia Therapeutics, Inc.",0001937542,101 GLEN LENNOX DR.,SUITE 300,CHAPEL HILL,NC,27517,360000020,445000000,21-FEB-2025,2025Q1
0001683168-25-001151,"Flavocure Biotech, Inc.",0001960342,701 E PRATT ST,STE 2033,BALTIMORE,MD,21202,215000,2000000,21-FEB-2025,2025Q1
0000905729-25-000043,"Patensee, Inc.",0002057317,407 EAST FORT STREET,SUITE 205,DETROIT,MI,48226,1600000,2000000,20-FEB-2025,2025Q1
0000929638-25-000827,Kytopen Corp.,0001777277,750 MAIN STREET,,CAMBRIDGE,MA,02139-4018,7082651,15000107,20-FEB-2025,2025Q1
0002056818-25-000001,Pairidex Inc.,0002056818,4340 DUNCAN AVE.,SUITE 213,ST. LOUIS,MO,63110,1090000,1090000,20-FEB-2025,2025Q1
0001798553-25-000002,"Ibex Biosciences, Inc.",0001798553,9610 Medical Center Drive,,Rockville,MD,20850,70000,12500000,20-FEB-2025,2025Q1
0001493152-25-007569,"Matinas BioPharma Holdings, Inc.",0001582554,1545 ROUTE 206 SOUTH,SUITE 302,BEDMINSTER,NJ,07921,1650000,3300000,19-FEB-2025,2025Q1
0001940250-25-000001,"Biolog, Inc. /DE/",0001940250,21124 CABOT BLVD.,,HAYWARD,CA,94545,16122991,17122980,19-FEB-2025,2025Q1
0001692147-25-000003,"Abcuro, Inc.",0001692147,55 CHAPEL ST SUITE 200,,NEWTON,MA,02458,79999955,199999869,19-FEB-2025,2025Q1
0000929638-25-000820,"Vitalis Therapeutics, Inc.",0002026886,"93 4TH AVENUE, #19",,NEW YORK,NY,10003,1954956,3004968,19-FEB-2025,2025Q1
0001820532-25-000003,Nanocan Therapeutics Corp,0001820532,137 NATIONAL PLZ STE 300,,NATIONAL HARBOR,MD,20745,5059984,6457220,18-FEB-2025,2025Q1
0001960774-25-000002,Neuro-Innovators LLC,0001960774,804 PERSIMMON RD.,,SEWICKLEY,PA,15143,540183,3390172,18-FEB-2025,2025Q1
0001829126-25-001006,"Cyclacel Pharmaceuticals, Inc.",0001130166,"200 CONNELL DRIVE, SUITE 1500",,BERKELEY HEIGHTS,NJ,07922,0,0,14-FEB-2025,2025Q1
0001231919-25-000022,"Tectonic Therapeutic, Inc.",0001681087,490 ARSENAL WAY,SUITE 210,WATERTOWN,MA,02472,185027642,185027642,14-FEB-2025,2025Q1
0001832917-25-000001,Phlow Corp.,0001832917,424 HULL STREET,SUITE 400,RICHMOND,VA,23224,30527397,40000000,14-FEB-2025,2025Q1
0002056611-25-000001,"Latigo Biotherapeutics, Inc.",0002056611,1300 RANCHO CONEJO BLVD. SUITE 305,,THOUSAND OAKS,CA,91320,49999995,149999990,13-FEB-2025,2025Q1
0001079973-25-000195,"Scorpius Holdings, Inc.",0001476963,627 DAVIS DRIVE,SUITE 300,MORRISVILLE,NC,27560,600000,600000,12-FEB-2025,2025Q1
0001946563-25-000001,"60 DEGREES PHARMACEUTICALS, INC.",0001946563,1025 CONNECTICUT AVENUE NW,SUITE 1000,WASHINGTON,DC,20036,1043002,1043002,11-FEB-2025,2025Q1
0001691625-25-000001,"AXIAL THERAPEUTICS, INC.",0001691625,"400 TRADECENTER DRIVE, SUITE 6990",,WOBURN,MA,01801,19379799,22000000,11-FEB-2025,2025Q1
0001493152-25-005840,RetinalGenix Technologies Inc.,0001836295,409 APOLLO BEACH BLVD,SUITE 6,APOLLO BEACH,FL,33572-2281,653089,5000000,11-FEB-2025,2025Q1
0002055270-25-000001,Renthera Corp,0002055270,800 BRAZOS ST.,SUITE 703,AUSTIN,TX,78701,0,25000000,11-FEB-2025,2025Q1
0001213900-25-011898,"Lomond Therapeutics Holdings, Inc.",0001900520,"8 THE GREEN, SUITE 8490",,DOVER,DE,19901,53915492,63915492,11-FEB-2025,2025Q1
0001947620-25-000001,Lapix Therapeutics Inc.,0001947620,75 KNEELAND STREET,14TH FLOOR,BOSTON,MA,02111,5520946,6000000,10-FEB-2025,2025Q1
0001766366-25-000001,"Allay Therapeutics, Inc.",0001766366,2720 ZANKER ROAD,,SAN JOSE,CA,95134,44999997,59999995,10-FEB-2025,2025Q1
0001778151-25-000001,"Seneca Therapeutics, Inc.",0001778151,202 ST. ANDREWS COURT,,BLUE BELL,PA,19422,1636582,8000000,07-FEB-2025,2025Q1
0001819934-25-000001,Ambagon Therapeutics Inc.,0001819934,"De Lismortel 31, Catalyst Business Ctr",,Eindhoven,P7,5612 AR,5000000,12000000,07-FEB-2025,2025Q1
0001998609-25-000004,"Aer Therapeutics, Inc.",0001959576,400 W NORTH STREET,SUITE 112,RALEIGH,NC,27603,5000000,5000000,07-FEB-2025,2025Q1
0001723176-25-000001,"Second Heart Assist, Inc.",0001723176,340 E 400 S,Suite 225,SALT LAKE CITY,UT,84111,16978238,Indefinite,07-FEB-2025,2025Q1
0001465704-25-000001,"BIOPOLY, LLC",0001465704,7136 GETTYSBURG PIKE,,FORT WAYNE,IN,46804,1096500,4000000,06-FEB-2025,2025Q1
0002054472-25-000002,Nanopath Inc,0001940981,750 MAIN STREET,,CAMBRIDGE,MA,02139,5341000,6000000,06-FEB-2025,2025Q1
0001704675-25-000002,"ChromaCode, Inc.",0001704675,"2292 FARADAY AVENUE, SUITE 110",,CARLSBAD,CA,92008,3849998,4999997,05-FEB-2025,2025Q1
0001594078-25-000001,NanoPharmaceuticals LLC,0001594078,185 Jordan Road,Suite 4,Troy,NY,12180,622500,2400000,04-FEB-2025,2025Q1
0001878646-25-000003,"Cupron Performance Additives, Inc.",0002054678,4329 NOVEMBER AVENUE,,RICHMOND,VA,23231,4400000,7503360,03-FEB-2025,2025Q1
0001892288-25-000002,Oral Genome Corp.,0001892288,"7720 RANCHO SANTA FE RD., SUITE 225",,CARLSBAD,CA,92009,3107595,5107595,31-JAN-2025,2025Q1
0001811553-25-000001,"Inceptor Bio, LLC",0001811553,2450 PERIMETER PARK DR.,SUITE 200,MORRISVILLE,NC,27560,3275000,3400000,31-JAN-2025,2025Q1
0002054406-25-000001,"MH3D, Inc.",0002054406,3050 UNION LAKE ROAD,#8F-178,COMMERCE TOWNSHIP,MI,48382,3313000,5000000,30-JAN-2025,2025Q1
0002050545-25-000001,"BioPhoundry, Inc.",0002050545,1521 E FRANKLIN ST,C212,CHAPEL HILL,NC,27514,1145098,1244100,29-JAN-2025,2025Q1
0001493152-25-003984,"Kairos Pharma, LTD.",0001962011,"2355 WESTWOOD BLVD., #139",,LOS ANGELES,CA,90064,3497500,8750000,28-JAN-2025,2025Q1
0001935303-25-000001,"Syenex, Inc.",0001935303,"1801 Maple Ave, Suite 6210",,Evanston,IL,60201,8662428,8662428,27-JAN-2025,2025Q1
0002051396-25-000001,"Precision Genetics, Inc.",0002051396,430 ROPER MOUNTAIN ROAD,SUITE B,GREENVILLE,SC,29615,1000000,1000000,27-JAN-2025,2025Q1
0002053139-25-000001,"Tune Therapeutics, Inc.",0002053139,"1930 Boren Avenue, Floor 5",,SEATTLE,WA,98101,182414405,208045929,24-JAN-2025,2025Q1
0002015543-25-000001,Pi Health Inc.,0002015543,55 CAMBRIDGE PARKWAY,SUITE 700,CAMBRIDGE,MA,02142,28725,28725,23-JAN-2025,2025Q1
0002052714-25-000001,Valid Inc.,0002052714,8 SPRINGHILL ROAD,,WAYLAND,MA,01778,6861790,6861790,22-JAN-2025,2025Q1
0001231919-25-000012,"Immunovant, Inc.",0001764013,320 WEST 37TH STREET,,NEW YORK,NY,10018,450000000,450000000,21-JAN-2025,2025Q1
0002051096-25-000001,Scudo Biosciences Inc,0002051096,11002 W OCEAN AIR DRIVE,#3122,SAN DIEGO,X1,92130,50000,500000,16-JAN-2025,2025Q1
0001773293-25-000002,"Rivus Pharmaceuticals, Inc.",0001773293,"501 LOCUST AVENUE, SUITE 301",,CHARLOTTESVILLE,VA,22902,56979133,56979133,16-JAN-2025,2025Q1
0002049625-25-000001,"Gulf Sterilization, Inc.",0002049625,4345 HALLS MILL ROAD SUITE A,,MOBILE,AL,36693,100000,Indefinite,16-JAN-2025,2025Q1
0001804959-25-000001,"Hinge Bio, Inc.",0001804959,"863 MITTEN ROAD, SUITE 100L",,BURLINGAME,CA,94010,30596388,40800009,15-JAN-2025,2025Q1
0002018057-25-000001,"ImmunoGenesis, Inc.",0002018057,"263 North Main St., Apt 417",,Doylestown,PA,18901,5749998,24999999,15-JAN-2025,2025Q1
0002046652-25-000001,Cubed Biotech Inc.,0002046652,275 KESMARK STREET,,DOLLARD-DES ORMEAUX,A8,H9B 3J1,500000,1000000,15-JAN-2025,2025Q1
0002051755-25-000001,"Larmor Biosystems, Inc.",0002051755,65 ENTERPRISE,,ALISO VIEJO,CA,92656,242000,500000,14-JAN-2025,2025Q1
0001904252-25-000001,"Normunity Holding Company, LLC",0001904252,One Beacon Street,15th Floor,Boston,MA,02108,37500000,75000000,14-JAN-2025,2025Q1
0001963808-25-000002,Concord Medical Technology Corp,0001963808,4200 James Ray Drive,,GRAND FORKS,ND,58202,1500,17500,14-JAN-2025,2025Q1
0000897069-25-000101,Cambrian BioPharma Inc,0001797409,228 PARK AVENUE S.,#66643,NEW YORK,NY,10003,23022065,37602297,13-JAN-2025,2025Q1
0000950123-25-000248,"Galera Therapeutics, Inc.",0001563577,45 Liberty Boulevard,SUITE 230,MALVERN,PA,19355,2738355,2738355,13-JAN-2025,2025Q1
0001824762-25-000001,"Aviceda Therapeutics, Inc.",0001824762,"ONE BROADWAY, 14TH FLOOR",,CAMBRIDGE,MA,02142,74999940,207499882,13-JAN-2025,2025Q1
0001943908-25-000001,"Cytex Therapeutics, Inc.",0001943908,2609 N. DUKE STREET,SUITE 303A,DURHAM,NC,27704,125000,2000000,10-JAN-2025,2025Q1
0001437749-25-000805,"Peytant Solutions, Inc.",0001652372,3650 Annapolis Lane,#180,Plymouth,MN,55447,2890724,5000000,10-JAN-2025,2025Q1
0002010025-25-000001,"DermOQ, Inc.",0002010025,"14930 VENTURA BLVD, STE 325",,SHERMAN OAKS,CA,91403,8352108,12359189,08-JAN-2025,2025Q1
0001833506-25-000003,"Heligenics, Inc.",0001833506,10530 DISCOVERY DR,,LAS VEGAS,NV,89135,2631775,2631775,08-JAN-2025,2025Q1
0002044950-25-000001,"Bambusa Therapeutics, Inc.",0002044950,"ONE MARINA PARK DRIVE, SUITE 1410",,BOSTON,MA,02210,5099997,5099997,08-JAN-2025,2025Q1
0000950157-25-000049,Orcosa Inc.,0001852165,7 Graphics Drive,,Ewing,NJ,08628,7275000,15521640,07-JAN-2025,2025Q1
0001213900-25-001622,Inspira Technologies OXY B.H.N. Ltd,0001837493,2 HA-TIDHAR ST.,,RA'ANANA,L3,4366504,8295686,8295686,07-JAN-2025,2025Q1
0001104659-25-001659,PSYENCE BIOMEDICAL LTD.,0001985062,121 RICHMOND STREET WEST PENTHOUSE,SUITE 1300,TORONTO,A6,M5H 2K1,2000000,2000000,07-JAN-2025,2025Q1
0002051104-25-000001,Land Medicine Inc.,0002051104,21 PIER 7,,CHARLESTOWN,MA,02129,16911616,88301893,07-JAN-2025,2025Q1
0002051051-25-000001,"Rila Therapeutics, Inc.",0002051051,280 UTAH AVENUE,SUITE 250,SOUTH SAN FRANCISCO,CA,94080,6978195,10759378,07-JAN-2025,2025Q1
0001759213-25-000003,"SimBioSys, Inc.",0001759213,"320 N. SANGAMON STREET, 7TH FLOOR",,CHICAGO,IL,60607,5246777,8000000,06-JAN-2025,2025Q1
0001421642-25-000001,Satellos Bioscience Inc.,0001421642,"ROYAL BANK PLAZA, S. TOWER, 200 BAY ST.",SUITE 2800,TORONTO,A6,M5J 2J1,25016264,25016264,03-JAN-2025,2025Q1
0001673772-25-000001,"RAPT Therapeutics, Inc.",0001673772,561 ECCLES AVENUE,,SOUTH SAN FRANCISCO,CA,94080,149984200,149984200,03-JAN-2025,2025Q1
0001582636-25-000001,"ALZHEON, INC.",0001582636,111 SPEEN STREET,SUITE 306,FRAMINGHAM,MA,01701,125000031,125000031,02-JAN-2025,2025Q1
0001873404-25-000002,"Savanna Biotherapeutics, Inc.",0001873404,"C/O UNIVERSITY LAB PARTNERS, CURIE HALL",1 UNIVERSITY DRIVE,ALISO VIEJO,CA,92656,12999997,59999993,30-JUN-2025,2025Q2
0002074283-25-000001,"iXpressGenes, Inc.",0002074283,601 GENOME WAY NORTHWEST,,HUNTSVILLE,AL,35806,2370000,4184000,26-JUN-2025,2025Q2
0002041370-25-000002,"Dash Bio, Inc.",0002041370,56 BROAD STREET,STE 14011,BOSTON,MA,02109,10999976,Indefinite,26-JUN-2025,2025Q2
0002069482-25-000001,"BiomEdit, Inc.",0002069482,"10100 LANTERN ROAD, SUITE 150",,FISHERS,IN,46037,16043999,19999999,26-JUN-2025,2025Q2
0001464449-25-000003,"Corvia Medical, Inc.",0001464449,"1 Highwood Drive, Suite 300",,Tewksbury,MA,01876,8860552,11087670,25-JUN-2025,2025Q2
0001096906-25-001016,Precision Sensing SPC,0002015621,700 ELM ST,,EDMONDS,WA,98020,204900,Indefinite,24-JUN-2025,2025Q2
0001741062-25-000002,"Arthrosi Therapeutics, Inc.",0001741062,"23052 ALCALDE DRIVE, SUITE A",,LAGUNA HILLS,CA,92653,60869972,153110000,24-JUN-2025,2025Q2
0001213900-25-056753,Fleming Holding LLC,0002074285,228 E 45TH STREET,RM 9E,NEW YORK,NY,10017,0,Indefinite,23-JUN-2025,2025Q2
0001104659-25-061665,"Synaptogenix, Inc.",0001571934,1185 AVENUE OF THE AMERICAS,3RD FLOOR,NEW YORK,NY,10036,5500000,5500000,23-JUN-2025,2025Q2
0001213900-25-056691,PolyPid Ltd.,0001611842,18 HASIVIM STREET,,PETACH TIKVA,L3,495376,26692799,26692799,23-JUN-2025,2025Q2
0002073396-25-000002,Bodark Investment Group LP,0002073396,6601 HILLCREST AVENUE,#E-373,DALLAS,TX,75205,3250000,27500000,23-JUN-2025,2025Q2
0001641172-25-015841,"Indaptus Therapeutics, Inc.",0001857044,3 COLUMBUS CIRCLE,,NEW YORK,NY,10019,2314800,5000000,20-JUN-2025,2025Q2
0001746685-25-000002,"Simcha Therapeutics Holding Company, LLC",0001746685,157 Church Street,19th Floor,NEW HAVEN,CT,06510,7110934,10000000,20-JUN-2025,2025Q2
0001214659-25-009397,GOLDEN SUNRISE NUTRACEUTICAL INC,0001705521,219 NORTH E STREET,,PORTERVILLE,CA,93257,0,Indefinite,20-JUN-2025,2025Q2
0001529224-25-000001,"GeneCentric Therapeutics, Inc.",0001529224,100 CAPITOLA DRIVE,SUITE 275,DURHAM,NC,27713,1999967,5000000,20-JUN-2025,2025Q2
0002069952-25-000001,Lumina Pharmaceuticals Inc.,0002069952,1 HUNTINGTON AVE. #1802,,BOSTON,MA,02116,2000000,2000000,20-JUN-2025,2025Q2
0001626370-25-000002,"Inomagen Therapeutics, Inc.",0001626370,1375 W Fulton Street,Ste 650,CHICAGO,IL,60607,140000,3778984,20-JUN-2025,2025Q2
0002073451-25-000001,Koyo Sciences Inc.,0002073451,146 WINTHROP ROAD,,BROOKLINE,MA,02445,1278225,20366531,18-JUN-2025,2025Q2
0002072571-25-000001,"Oro Muscles, Inc.",0002072571,2412 Irwin Street,,Melbourne,FL,32901,1575000,2600000,18-JUN-2025,2025Q2
0001231919-25-000075,"EPOCH Epigenetics, Inc.",0002068186,4 N. MARTIN LUTHER KING JR. BLVD.,FLOOR 3,BALTIMORE,MD,21201,72500,3000000,16-JUN-2025,2025Q2
0001080368-25-000012,"AltrixBio, Inc.",0002040517,110 Canal Street,4th Floor,Lowell,MA,01852,1150015,10000000,13-JUN-2025,2025Q2
0001857448-25-000002,"Maxona Pharmaceuticals, Inc.",0001857448,101 Lindenwood Drive,Suite 225,Malvern,PA,19355,900163,5000000,13-JUN-2025,2025Q2
0002071109-25-000001,Enquyst Technologies Inc.,0002071109,"600 SUFFOLK STREET, 2ND FLOOR",,LOWELL,MA,01854,6000000,20300000,13-JUN-2025,2025Q2
0001787792-25-000005,"Fisher Wallace Laboratories, Inc.",0001787792,"630 FLUSHING AVENUE, BOX 104",,BROOKLYN,NY,11206,0,5000000,13-JUN-2025,2025Q2
0002072544-25-000001,"BioCurie, Inc.",0002072544,112 SOUTH FRENCH STREET,,WILMINGTON,DE,19801,500000,3000000,12-JUN-2025,2025Q2
0001708503-25-000003,Neuralink Corp.,0001708503,7400 PASEO PADRE PARKWAY,,FREMONT,CA,94555,649000093,649000093,12-JUN-2025,2025Q2
0001118679-25-000004,TARGEPEUTICS INC,0001118679,1214 RESEARCH BLVD.,SUITE 1011,HUMMELSTOWN,PA,17036,200000,2300000,12-JUN-2025,2025Q2
0001457915-25-000003,"GRADALIS, INC.",0001457915,2545 Golden Bear Drive,Suite 110,Carrollton,TX,75006,12725000,30000000,12-JUN-2025,2025Q2
0002065988-25-000001,Aevumed Inc.,0002065988,109 GREAT VALLEY PARKWAY,,MALVERN,PA,19355,305000,305000,12-JUN-2025,2025Q2
0001703427-25-000001,"OneSkin, Inc.",0001703427,953 INDIANA STREET,,SAN FRANCISCO,CA,94107,20359280,20359280,12-JUN-2025,2025Q2
0001641172-25-014683,"Vitro Biopharma, Inc.",0000793171,4621 TECHNOLOGY DR.,,GOLDEN,CO,80403,100000,15000000,11-JUN-2025,2025Q2
0001729963-25-000002,"Pharmazz, Inc.",0001729963,50 W 75TH ST,STE 105,WILLOWBROOK,IL,60527,10037500,25037500,11-JUN-2025,2025Q2
0001999371-25-007554,Etheros Pharmaceuticals Corp.,0002005132,111 10TH AVE S,STE 110,NASHVILLE,TN,37203,600000,600000,10-JUN-2025,2025Q2
0002039132-25-000001,Origin Endoscopy Inc.,0002039132,9800 PYRAMID CT,SUITE 400,ENGLEWOOD,CO,80112,2340326,2639279,10-JUN-2025,2025Q2
0001848749-25-000003,"IVIEW Therapeutics, Inc.",0001848749,5 Cedar Brook Drive,,Cranbury,NJ,08512,9177371,15000000,10-JUN-2025,2025Q2
0002071840-25-000001,Valorem Biotech LLC,0002071840,3616 PAWNEE PASS S.,,AUSTIN,TX,78738,141150,141150,10-JUN-2025,2025Q2
0002068909-25-000001,X-Tension Inc,0002068909,100 POPULATIC STREET,,FRANKLIN,MA,02038,2250002,2250002,09-JUN-2025,2025Q2
0001715931-25-000002,Cristcot LLC,0001715931,9 DAMONMILL SQUARE,SUITE 4A,CONCORD,MA,01742,10473043,55000000,06-JUN-2025,2025Q2
0001796280-25-000001,"Oric Pharmaceuticals, Inc.",0001796280,240 E. GRAND AVE.,2ND FLOOR,SOUTH SAN FRANCISCO,CA,94080,125000000,125000000,06-JUN-2025,2025Q2
0001576423-25-000004,Fedora Pharmaceuticals Inc.,0001576423,11629 105 AVENUE NW,,EDMONTON,A0,T5H 092,895076,7239326,06-JUN-2025,2025Q2
0002071358-25-000001,"Gateway Biotechnology, Inc.",0002071358,3805 STONEY BROOK DRIVE,,DURHAM,NC,27705,633000,2400000,05-JUN-2025,2025Q2
0001865556-25-000001,"ClearNote Health, Inc.",0001865556,10578 SCIENCE CENTER DRIVE,SUITE 210,SAN DIEGO,CA,92121,21784827,60534812,05-JUN-2025,2025Q2
0001855888-25-000001,"ASCENDIA PHARMACEUTICALS, INC.",0001855888,661 US HIGHWAY ONE,UNIT B,NEW BRUNSWICK,NJ,08902,2500000,2500000,04-JUN-2025,2025Q2
0000892712-25-000073,"TUNDRA TARGETED THERAPEUTICS, INC.",0002070659,503 S PROSPECT AVE,,MADISON,WI,53711,443500,3000000,03-JUN-2025,2025Q2
0001772435-25-000003,Betaliq Inc,0001772435,905 E Martin Luther King Jr. Drive,Suite 240,Tarpon Springs,FL,34689,416270,5000000,02-JUN-2025,2025Q2
0001543256-25-000002,"Immunomic Therapeutics, Inc.",0001543256,"ATTN: Erin Duffy, 15010 BROSCHART RD.",SUITE 250,ROCKVILLE,MD,20850,6500000,16000000,02-JUN-2025,2025Q2
0001735726-25-000005,"OncoNano Medicine, Inc.",0001735726,3060 Pegasus Park Drive,,Dallas,TX,75247,12698061,12698061,02-JUN-2025,2025Q2
0001288320-25-000004,"Vascular Perfusion Solutions, Inc.",0001779735,"8647 WURZBACH ROAD, SUITE J-200",,SAN ANTONIO,TX,78240,147017491,343766315,30-MAY-2025,2025Q2
0001913044-25-000002,"Macrotope, Inc.",0001913044,158 SPRINGDALE ROAD,,PRINCETON,NJ,08540,400000,1000000,30-MAY-2025,2025Q2
0002021597-25-000002,"C2N Diagnostics, LLC",0002021597,4340 DUNCAN AVENUE,,ST. LOUIS,MO,63110,9999891,9999891,30-MAY-2025,2025Q2
0001641172-25-012694,"Imunon, Inc.",0000749647,997 LENOX DRIVE,SUITE 100,LAWRENCEVILLE,NJ,08648-2311,3250001,3250001,28-MAY-2025,2025Q2
0001887812-25-000002,Liquet Medical Inc.,0001887812,5619 COUNTRY HILLS LANE,,GLEN ALLEN,VA,23059,1058000,1500000,28-MAY-2025,2025Q2
0001641172-25-012480,"GT Biopharma, Inc.",0000109657,505 MONTGOMERY STREET,10TH FLOOR,SAN FRANCISCO,CA,94111,5950000,5950000,27-MAY-2025,2025Q2
0001977463-25-000003,"Hoofprint Biome, Inc.",0001977463,840 OVAL DRIVE,,RALEIGH,NC,27606,15029995,16000000,27-MAY-2025,2025Q2
0001664615-25-000003,"Intus Biosciences, LLC",0001664615,400 FARMINGTON AVENUE,,FARMINGTON,CT,06032,1089996,3000000,27-MAY-2025,2025Q2
0002067625-25-000001,"Branch Therapeutics, Inc.",0002067625,2450 HOLCOMBE BLVD,TMCI PARTNERS OFFICE 1.319,HOUSTON,TX,77021,3999994,3999994,23-MAY-2025,2025Q2
0001750036-25-000002,"iOncologi, Inc.",0001750036,2534 SW 115th Drive,,GAINESVILLE,FL,32608,250000,12000000,23-MAY-2025,2025Q2
0002069873-25-000001,"COURAGE THERAPEUTICS, INC.",0002069873,64 HOMER STREET,,NEWTON,MA,02459,4510963,10485718,22-MAY-2025,2025Q2
0001657701-25-000002,"Mitotherapeutix, LLC",0001657701,4 Research Drive,,Woodbridge,CT,06525,2967643,2967643,22-MAY-2025,2025Q2
0001807161-25-000003,"AutoIVF, Inc.",0001807161,"22 STRATHMORE ROAD, SUITE 317",,NATICK,MA,01760,5000000,5000000,22-MAY-2025,2025Q2
0002069497-25-000002,"Aloft Biotechnologies, Inc.",0002069497,"12085 RESEARCH DRIVE, LAB 185",,ALACHUA,FL,32615,130000,300000,21-MAY-2025,2025Q2
0001752530-25-000003,"ReAlta Life Sciences, Inc.",0001752530,"5665 LOWERY ROAD, SUITE 100",,NORFOLK,VA,23502,25000141,25000141,21-MAY-2025,2025Q2
0002066102-25-000002,"NeuroQuest Development Center, Inc.",0002066102,2032 COSGROVE AVE.,,NORTH CHARLESTON,SC,29405,750000,2000000,19-MAY-2025,2025Q2
0001939582-25-000002,"MSKAi, LLC",0001939582,"1779 Kirby Parkway, Suite 1-208",,MEMPHIS,TN,38138,375000,650000,19-MAY-2025,2025Q2
0001816168-25-000003,"ENCOMPASS TECHNOLOGIES, INC.",0001816168,2730 N. Deer Run Rd,,Carson City,NV,89701,40251391,60251387,19-MAY-2025,2025Q2
0002059043-25-000002,"Antares Therapeutics, Inc.",0002059043,"ONE WINTHROP SQUARE, SUITE 400",,BOSTON,MA,02110,30000000,136650000,15-MAY-2025,2025Q2
0001990659-25-000002,FORE US Bio Inc.,0001990659,3675 MARKET STREET,SUITE 200,PHILADELPHIA,PA,19104,37443239,46024857,15-MAY-2025,2025Q2
0001104659-25-049376,MetaVia Inc.,0001638287,545 CONCORD AVENUE,SUITE 210,CAMBRIDGE,MA,02138,10000000,10000000,15-MAY-2025,2025Q2
0001977037-25-000002,"NewLimit, Inc.",0001977037,901 Gateway Boulevard,,South San Francisco,CA,94080,129799764,129999762,15-MAY-2025,2025Q2
0002067583-25-000002,Crosslink Therapeutics Inc.,0002067583,349-351 NEWBURY STREET,,BOSTON,MA,02115,4250000,8000000,15-MAY-2025,2025Q2
0002068220-25-000001,Mind Pharmaceuticals Corp,0002068220,"12-R, 100 YORK STREET",,NEW HAVEN,CT,06511,50000,8000000,15-MAY-2025,2025Q2
0002067960-25-000002,Frontier Health LLC,0002067960,1350 EAST FLAMINGO ROAD #67,,LAS VEGAS,NV,89119,1900000,Indefinite,14-MAY-2025,2025Q2
0000935836-25-000325,"Vesicor Therapeutics, Inc.",0001993074,"207 S. SANTA ANITA STREET, SUITE P-15",,SAN GABRIEL,CA,91776,515000,3000000,14-MAY-2025,2025Q2
0002019000-25-000002,"Orthopedic Driven Imaging, LLC",0002019000,9575 NEVADA TRAIL,,MISSOULA,MT,59808,0,2750000,13-MAY-2025,2025Q2
0002060458-25-000001,"Arthrotak, LLC",0002060458,9575 NEVADA TRAIL,,MISSOULA,MT,59808,0,1500000,13-MAY-2025,2025Q2
0001814509-25-000002,Trailhead Biosystems Inc.,0001814509,23215 COMMERCE PARK ROAD,,BEACHWOOD,OH,44122,20000000,20500000,12-MAY-2025,2025Q2
0002039609-25-000001,"Sentonix, Inc.",0002039609,1167 MASSACHUSETTS AVE,,ARLINGTON,MA,02476,6499590,10500000,12-MAY-2025,2025Q2
0001709409-25-000006,"VuEssence, Inc.",0001675398,17633 GUNN HIGHWAY,STE 107,ODESSA,FL,33556,47500,250000,12-MAY-2025,2025Q2
0001990762-25-000001,"Biostate AI, Inc",0001990762,"7505 Fannin St., Suite 610",,Houston,TX,77054,4178899,13000000,12-MAY-2025,2025Q2
0001705898-25-000002,"PATH EX, Inc.",0001705898,"2450 HOLCOMBE BLVD., STE J",,HOUSTON,TX,77021,8208948,8208948,09-MAY-2025,2025Q2
0002067551-25-000001,Anavatos Bio Inc.,0002067551,2314 NORTH 46TH STREET,,SEATTLE,WA,98103,42500,Indefinite,09-MAY-2025,2025Q2
0001626533-25-000003,Stimcell Energetics Inc.,0001493712,"820 - 1130 PENDER STREET, WEST",,VANCOUVER,A1,V6E 4A4,15000,15000,09-MAY-2025,2025Q2
0001231919-25-000045,"TriSalus Life Sciences, Inc.",0001826667,6272 WEST 91ST AVENUE,,WESTMINSTER,CO,80031,22000000,22000000,08-MAY-2025,2025Q2
0002059988-25-000001,"Stork Therapeutics, Inc.",0002059988,325 15TH AVENUE,,SAN FRANCISCO,CA,94118,1345000,2725000,08-MAY-2025,2025Q2
0001691855-25-000002,"Trefoil Therapeutics, Inc.",0001691855,c/o Dodson and Dodson,14417 Ranch Trail Drive,El Cajon,CA,92021,4559996,5000000,07-MAY-2025,2025Q2
0001521898-25-000001,"LUMICELL, INC.",0001521898,275 WASHINGTON STREET,STE. 200,NEWTON,MA,02458,198128718,Indefinite,06-MAY-2025,2025Q2
0001123292-25-000198,"OncoResponse, Inc",0001655774,609 MAIN STREET,SUITE 4200,HOUSTON,TX,77002,5999138,Indefinite,06-MAY-2025,2025Q2
0002002988-25-000002,"Retension Pharmaceuticals, Inc.",0002002988,"C/O REDUX THERAPEUTICS, LLC",902 TURKEY RUN ROAD,MCLEAN,VA,22101,12288567,20000000,06-MAY-2025,2025Q2
0001470831-25-000015,"CERO THERAPEUTICS HOLDINGS, INC.",0001870404,201 HASKINS WAY,SUITE 230,SOUTH SAN FRANCISCO,CA,94080,5000000,8000000,06-MAY-2025,2025Q2
0001123292-25-000190,Mind Medicine (MindMed) Inc.,0001813814,One World Trade Center,Suite 8500,New York,NY,10007,7000000,7000000,05-MAY-2025,2025Q2
0002066789-25-000001,Belakin Health Technology Ltd,0002066789,"RM D07,8/F KAI TAK FTY BLDG NO. 99",KING FUK ST SAN PO KONG HONG KONG,HONGKONG,K3,999077,0,5000000,05-MAY-2025,2025Q2
0001639837-25-000001,Trethera Corp,0001639837,13547 Ventura Blvd.,Suite 363,Sherman Oaks,CA,91423-3825,250000,5000000,02-MAY-2025,2025Q2
0002065545-25-000001,"Salve Therapeutics, Inc.",0002065545,461 W 6TH ST,SUITE 201,SAN PEDRO,CA,90731,12500,687500,02-MAY-2025,2025Q2
0002052216-25-000001,Red Sky Health Corp,0002052216,30405 SOLON ROAD,SUITE 14,SOLON,OH,44139,3459838,3459838,02-MAY-2025,2025Q2
0001967854-25-000001,"Pathos AI, Inc.",0001967854,600 W. CHICAGO AVE.,SUITE 510,CHICAGO,IL,60654,282999950,399999933,01-MAY-2025,2025Q2
0002065976-25-000001,"Axitan Holdings, Inc.",0002065976,25 MADICO DR.,,COMER,GA,30629,500000,500000,29-APR-2025,2025Q2
0002066011-25-000001,"Florey Biosciences, Inc.",0002066011,160 ALEWIFE BROOK PKWY #1378,,CAMBRIDGE,MA,02138,1400000,4400000,29-APR-2025,2025Q2
0001797256-25-000002,"BigHat Biosciences, Inc.",0001797256,1900 ALAMEDA DE LAS PULGAS,SUITE 300,SAN MATEO,CA,94403,124105981,124105981,28-APR-2025,2025Q2
0001972498-25-000001,"Astek Diagnostics, Inc.",0001972498,1450 S. Rolling Road,Suite 3.019,Halethorpe,MD,21227,750000,1500000,28-APR-2025,2025Q2
0002065903-25-000002,JoJo Biotechnologies Co Ltd,0002065903,"RM D07,8/F KAI TAK FTY BLDG NO. 99",KING FUK ST SAN PO KONG HONG KONG,HONGKONG,K3,999077,0,5000000,28-APR-2025,2025Q2
0001104659-25-039335,DepYmed Inc.,0001851177,3 BIOSCIENCE PARK DRIVE,,FARMINGDALE,NY,11735,250000,250000,25-APR-2025,2025Q2
0001622872-25-000002,"AKADEUM LIFE SCIENCES, INC.",0001622872,674 S WAGNER RD.,,ANN ARBOR,MI,48103,5633565,7150000,25-APR-2025,2025Q2
0001231919-25-000033,"Xilis, Inc.",0001796056,31 ALEXANDRIA WAY,,DURHAM,NC,27713,19405205,19405205,25-APR-2025,2025Q2
0001998847-25-000002,"Centerline Biomedical, Inc.",0001998847,4535 Renaissance Parkway,,Warrensville Heights,OH,44128,10784000,15000000,25-APR-2025,2025Q2
0001788081-25-000002,Aufbau Holdings Ltd,0001788081,PALMERSTON HOUSE,FENIAN STREET,DUBLIN 2,L2,D02 WD37,6099912,20000000,25-APR-2025,2025Q2
0001595931-25-000001,PhAST Corp.,0001887754,38 WAREHAM STREET,FLOOR 2,BOSTON,MA,02118,3474946,7999934,24-APR-2025,2025Q2
0001213900-25-033930,Neurotrigger Ltd.,0001987476,3 HATAMAR STREET,,EVEN YEHUDA,L3,4050003,520000,520000,22-APR-2025,2025Q2
0001974798-25-000002,"ViroMissile, Inc.",0001974798,"505 COAST BLVD SOUTH, SUITE 208",,LA JOLLA,CA,92037,200000,4000000,22-APR-2025,2025Q2
0001042167-25-000022,CardioMech AS,0001768128,Udbyes Gate 3a,,Trondheim,Q8,7030,17560063,17560063,21-APR-2025,2025Q2
0001671584-25-000001,Aptevo Therapeutics Inc.,0001671584,2401 4TH AVE.,SUITE 1050,SEATTLE,WA,98121,2100004,2100004,18-APR-2025,2025Q2
0001231919-25-000030,DBV Technologies S.A.,0001613780,107 AVENUE DE LA REPUBLIQUE,,CHATILLON,I0,92320,306900000,306900000,17-APR-2025,2025Q2
0002054934-25-000002,"Zero Point Five Therapeutics, Inc.",0001985295,915 S. EATON STREET,,BALTIMORE,MD,21224,4299420,5333250,17-APR-2025,2025Q2
0002058683-25-000002,"Cynaptec Pharmaceuticals, Inc.",0002058683,4244 SE CENTERBOARD LANE,,STUART,FL,34997,6000000,26000000,17-APR-2025,2025Q2
0002064257-25-000002,Biomark Diagnostics Inc.,0002064257,130 - 3851 SHELL RD,,RICHMOND,A1,V6X 2W2,2491954,2491954,14-APR-2025,2025Q2
0001641172-25-003937,Pulmotherapeutics Inc,0002064557,714 HUNTWICK LN,,TYLER,TX,75703,500000,Indefinite,14-APR-2025,2025Q2
0001641172-25-003828,Ernexa Therapeutics Inc.,0000748592,1035 CAMBRIDGE STREET,SUITE 18A,CAMBRIDGE,MA,02141,7249999,7249999,11-APR-2025,2025Q2
0001688621-25-000001,"Cellular Logistics, Inc.",0001688621,504 S. ROSA ROAD,SUITE 200,MADISON,WI,53719,50000,350000,11-APR-2025,2025Q2
0002015049-25-000003,"Lytica Therapeutics, Inc.",0002015049,840 MEMORIAL DRIVE,,CAMBRIDGE,MA,02139,6000000,Indefinite,11-APR-2025,2025Q2
0001811468-25-000001,"Atsena Therapeutics, Inc.",0001811468,"8 DAVIS DRIVE, SUITE 300",,DURHAM,NC,27709,89999975,150000000,11-APR-2025,2025Q2
0002053118-25-000002,FirstVitals Inc.,0002053118,2605 CAMINO TASSAJARA,UNIT 2500,DANVILLE,CA,94526,250000,250000,10-APR-2025,2025Q2
0002043905-25-000003,Endless Corp,0002043905,10026 S. Mingo Rd.,#232,TULSA,OK,74133,0,75000000,09-APR-2025,2025Q2
0001824893-25-000001,"Surrozen, Inc./DE",0001824893,171 OYSTER POINT BLVD,SUITE 400,SOUTH SAN FRANCISCO,CA,94080,76402277,174999955,08-APR-2025,2025Q2
0001497705-25-000001,Aponia Laboratories Inc,0001497705,9 CAROLAN AVE,,HAMPTON,NH,03842,507484,507484,08-APR-2025,2025Q2
0002037797-25-000002,"REVI LIFE SCIENCES, INC.",0002037797,6101 HIGHLAND CAMPUS DR,"BLDG 4000, STE 2250",AUSTIN,TX,78752,40000,Indefinite,07-APR-2025,2025Q2
0001799892-25-000001,"Altis Biosystems, Inc.",0001799892,6 DAVIS DRIVE,SUITE 159,DURHAM,NC,27709,2126307,2250000,07-APR-2025,2025Q2
0001755876-25-000003,"Epicore Biosystems, Inc.",0001755876,410 MEMORIAL DRIVE,SUITE 100,CAMBRIDGE,MA,02139,25686104,35000000,07-APR-2025,2025Q2
0001443321-25-000001,"NEURONA THERAPEUTICS, INC",0001443321,170 HARBOR WAY,,SOUTH SAN FRANCISCO,CA,94080,101711423,101711423,04-APR-2025,2025Q2
0001492534-25-000001,"Delphinus Medical Technologies, Inc.",0001492534,45525 GRAND RIVER AVENUE,,NOVI,MI,48374,27602177,27602177,03-APR-2025,2025Q2
0001380771-25-000001,Virtual Incision Corp,0001380771,1501 OLD CHENEY RD,,LINCOLN,NE,68512,5524166,25000000,03-APR-2025,2025Q2
0001644045-25-000003,"PanTher Therapeutics, Inc.",0001644045,7000 Bee Caves Road,Suite 300,Austin,TX,78746,3021707,5000000,03-APR-2025,2025Q2
0002054636-25-000001,Bariendo Inc.,0002054636,945 MARKET STREET,SUITE 501,SAN FRANCISCO,CA,94103,11097932,11097932,03-APR-2025,2025Q2
0001916528-25-000002,CRISPRQC INC.,0001916528,8949 KENAMAR DR,STE 101,SAN DIEGO,CA,92121,3890632,10000000,02-APR-2025,2025Q2
0001960306-25-000003,ImmuneBridge Inc.,0001960306,2122 BRYANT ST,,SAN FRANCISCO,CA,94110,5632000,7132000,02-APR-2025,2025Q2
0001933700-25-000002,"Ordaos, Inc.",0001933700,228 Park Avenue S,#60684,NEW YORK,NY,10003,337705,2000000,01-APR-2025,2025Q2
0001031309-25-000003,HYDROCISION INC,0001031309,267 BOSTON ROAD,SUITE 28,NORTH BILLERICA,MA,01862,2530912,3850000,01-APR-2025,2025Q2
0001703612-25-000002,"Lumen Bioscience, Inc.",0001703612,"1441 NORTH 34TH STREET, SUITE 300",,SEATTLE,WA,98103,0,23000000,01-APR-2025,2025Q2
0001753926-25-000541,LIPELLA PHARMACEUTICALS INC.,0001347242,7800 SUSQUEHANNA ST.,SUITE 505,PITTSBURGH,PA,15208,9000,9000,01-APR-2025,2025Q2
0000905148-25-003444,"Crossbow Therapeutics, Inc.",0001972912,"1030 Massachusetts Ave, Suite 210",,Cambridge,MA,02138,30250000,80000000,30-SEP-2025,2025Q3
0001493152-25-016081,Microbot Medical Inc.,0000883975,288 GROVE STREET,SUITE 388,BRAINTREE,MA,02184,25244903,25244903,30-SEP-2025,2025Q3
0001904161-25-000002,"Adolore Biotherapeutics, Inc.",0001904161,13685 WHISTLER MOUNTAIN ROAD,,DELRAY BEACH,FL,33446,25000,1000000,29-SEP-2025,2025Q3
0001736859-25-000002,"Evecxia, Inc.",0001736859,2 DAVIS DRIVE,,RESEARCH TRIANGLE PARK,NC,27709,4613213,8000000,29-SEP-2025,2025Q3
0002080144-25-000001,"NeuroQore, Inc.",0002080144,201 JASON WAY,,MOUNTAIN VIEW,CA,94043,1513123,1813124,29-SEP-2025,2025Q3
0002087206-25-000001,Kilele Health Seed Investors LLC,0002087206,201 E. Dixon Ave,,Oakwood,OH,45419,75000,2000000,26-SEP-2025,2025Q3
0002088183-25-000001,Factor Bioscience LLC,0002088183,"1035 CAMBRIDGE ST., STE. 17B",,CAMBRIDGE,MA,02141,1000000,5000000,25-SEP-2025,2025Q3
0002088065-25-000001,"Cellerate Technologies, LLC",0002088065,780 FIFTH AVENUE SOUTH,SUITE 200,NAPLES,FL,34102,1000000,1000000,24-SEP-2025,2025Q3
0001831293-25-000002,"Hera Biotech, Inc.",0001831293,"4725 COLLEGE PARK, SUITE 200",,SAN ANTONIO,TX,78249,796328,5000000,23-SEP-2025,2025Q3
0001493152-25-014642,Celcuity Inc.,0001603454,16305 36TH AVENUE NORTH,SUITE 100,MINNEAPOLIS,MN,55446,130000000,352700000,23-SEP-2025,2025Q3
0001062993-25-015757,Precision Epigenomics Inc,0002017642,630 N. ALVERNON WAY,SUITE 280B,TUCSON,AZ,85711,265000,2000000,23-SEP-2025,2025Q3
0001838860-25-000007,Balanced Pharma Inc,0001838860,18204 MAINSAIL POINTE,,CORNELIUS,NC,28031,3200000,3200000,23-SEP-2025,2025Q3
0001968822-25-000002,"Volastra Therapeutics, Inc.",0001968822,1361 AMSTERDAM AVENUE,SUITE 520,NEW YORK,NY,10027,30099998,30099998,23-SEP-2025,2025Q3
0001828893-25-000002,"Dewpoint Therapeutics, Inc.",0001828893,"451 D Street, Suite 104",,Boston,MA,02210,59124298,59124298,23-SEP-2025,2025Q3
0002086999-25-000001,"Prolifagen, Inc.",0002086999,3805 OLD EASTON ROAD,SUITE 2242,DOYLESTOWN,PA,18902,3026864,Indefinite,23-SEP-2025,2025Q3
0002086858-25-000001,"Tropogenix, Inc.",0002086858,4725 COLLEGE PARK,SUITE 200,SAN ANTONIO,TX,78249,250000,2500000,22-SEP-2025,2025Q3
0002086856-25-000001,Tropoflex Inc.,0002086856,4725 COLLEGE PARK,SUITE 200,SAN ANTONIO,TX,78249,250000,2500000,22-SEP-2025,2025Q3
0001726572-25-000002,"Deep Blue Medical Advances, Inc.",0001726572,701 W. Main St,Suite 410,Durham,NC,27701,5261533,5650000,22-SEP-2025,2025Q3
0001620524-25-000007,"NeXtGen Biologics, INC",0001620524,13800 Tech City Circle,Suite 200,Alachua,FL,32615,130000,5000000,22-SEP-2025,2025Q3
0001809726-25-000004,"Claris Biotherapeutics, Inc.",0001809726,299 PAVONIA AVENUE 3-8,,JERSEY CITY,NJ,07302,2300000,2300000,22-SEP-2025,2025Q3
0002085151-25-000001,TELEIOS ANALYTICAL SERVICES INC.,0002085151,241 FRANCIS AVE,,MANSFIELD,MA,02048,500000,500000,18-SEP-2025,2025Q3
0001123292-25-000444,AlphaTON Capital Corp,0001095435,"Clarence Thomas Building, PO Box 4649",,"Road Town, Tortola",D8,VG1110,36081418,36081418,17-SEP-2025,2025Q3
0002066192-25-000003,"Character Biosciences, Inc.",0002066192,"3 2nd Street, Suite 302",,JERSEY CITY,NJ,07311-4056,8855499,19649993,17-SEP-2025,2025Q3
0002085969-25-000001,"SiVEC Biotechnologies, Inc.",0002085969,1505 WEST MULBERRY STREET,,FORT COLLINS,CO,80521,3299994,5800000,17-SEP-2025,2025Q3
0001888891-25-000003,"ResBiotic Nutrition, Inc.",0001888891,"1500 1ST AVENUE NORTH, H102",,BIRMINGHAM,AL,35203,2499977,4500000,17-SEP-2025,2025Q3
0001836562-25-000003,"Hopewell Therapeutics, Inc.",0001836562,216 WEST CUMMINGS PARK,,WOBURN,MA,01801,2499999,3499999,17-SEP-2025,2025Q3
0001427925-25-000006,"TALPHERA, INC.",0001427925,1850 GATEWAY DRIVE,SUITE 175,SAN MATEO,CA,94404,16984999,28969997,15-SEP-2025,2025Q3
0001777508-25-000002,"selectIon, Inc.",0001777508,655 India Street,Suite 204,San Diego,CA,92101,5430646,20000022,15-SEP-2025,2025Q3
0001946011-25-000002,Perspective Medical LLC,0001946011,2945 NEEDLECONE LANE,,COLORADO SPRINGS,CO,80919,107500,107500,12-SEP-2025,2025Q3
0001410578-25-002156,"Psy Therapeutics, Inc.",0001788222,"28 ATLANTIC AVE, SUITE 222",,BOSTON,MA,02110,6762848,20400000,12-SEP-2025,2025Q3
0001231919-25-000186,"Enlaza Therapeutics, Inc.",0001852950,"11099 NORTH TORREY PINES ROAD, STE. 280",,LA JOLLA,CA,92037,15000000,15000000,11-SEP-2025,2025Q3
0001659073-25-000001,"Galvanize Therapeutics, Inc.",0001659073,3200 Bridge Parkway,,Redwood City,CA,94065,96130465,141066486,11-SEP-2025,2025Q3
0001846253-25-000067,"OmniAb, Inc.",0001846253,5980 HORTON STREET,SUITE 600,EMERYVILLE,CA,94608,29998991,29998991,10-SEP-2025,2025Q3
0001790340-25-000105,Immuneering Corp,0001790340,"245 MAIN STREET, SECOND FLOOR",,CAMBRIDGE,MA,02142,24998919,24998919,09-SEP-2025,2025Q3
0002037010-25-000001,"OWP PHARMACEUTICALS, INC.",0002037010,701 WARRENVILLE ROAD,SUITE 200,LISLE,IL,60532,2405000,2405000,09-SEP-2025,2025Q3
0002007993-25-000004,"Reunion Neuroscience, Inc.",0002007993,1 HIGH STREET COURT,,MORRISTOWN,NJ,07960,119850000,119850000,09-SEP-2025,2025Q3
0002084568-25-000001,"FLXION MEDICAL, INC.",0002084341,31923 EDGEWATER DR,,MAGNOLIA,TX,77354,21000,Indefinite,09-SEP-2025,2025Q3
0001794240-25-000002,Compact Medical Inc.,0001794240,525 S. MERIDIAN ST.,,INDIANAPOLIS,IN,46225,199999,4500000,09-SEP-2025,2025Q3
0002016687-25-000001,"CardioWise, Inc.",0001560519,535 W. RESEARCH CENTER BOULEVARD,SUITE 135,FAYETTEVILLE,AR,72701,0,3000000,08-SEP-2025,2025Q3
0001776935-25-000003,"Therini Bio, Inc.",0001776935,2108 N STREET,SUITE 4963,SACRAMENTO,CA,95816,74870150,80781009,08-SEP-2025,2025Q3
0002054329-25-000005,Predictive Oncology Inc.,0001446159,91 43RD STREET,SUITE 110,PITTSBURGH,PA,15201,413093,413093,08-SEP-2025,2025Q3
0001641172-25-026761,"TNF Pharmaceuticals, Inc.",0001321834,1185 AVENUE OF THE AMERICAS,SUITE 249,NEW YORK,NY,10036,7000000,7000000,05-SEP-2025,2025Q3
0000929638-25-003405,QurAlis Corp,0001811817,35 CAMBRIDGE PARK DRIVE,,CAMBRIDGE,MA,02140,19952387,24921734,05-SEP-2025,2025Q3
0002083970-25-000001,"Surebion, Inc.",0002083970,7938 READING AVENUE,,LOS ANGELES,CA,90045,35,35,05-SEP-2025,2025Q3
0001231919-25-000185,"Avenzo Therapeutics, Inc.",0001947742,"12707 High Bluff Drive, Suite 200",,SAN DIEGO,CA,92130,47230787,75000000,05-SEP-2025,2025Q3
0002083767-25-000001,Dev4 LLC,0002083767,"1002 GEMINI STREET, SUITE 129",,HOUSTON,TX,77058,1547500,2000000,05-SEP-2025,2025Q3
0001569052-25-000002,"Angiocrine Bioscience, Inc.",0001569052,"11585 SORRENTO VALLEY RD, STE 109",,SAN DIEGO,CA,92121,2100000,3000000,05-SEP-2025,2025Q3
0001214659-25-013371,Enhanced Fusion Technologies L.L.C.,0002080043,9830 CORSINI COURT,,VIENNA,VA,22182,480000,640000,04-SEP-2025,2025Q3
0001683168-25-006676,"PharmaCyte Biotech, Inc.",0001157075,3960 HOWARD HUGHES PARKWAY,SUITE 500,LAS VEGAS,NV,89169,7000000,7000000,04-SEP-2025,2025Q3
0001856619-25-000002,"Treeline Biosciences, Inc.",0001856619,500 ARSENAL ST.,,WATERTOWN,MA,02472,200099964,249999967,04-SEP-2025,2025Q3
0001998501-25-000002,Oncobiomix Inc.,0001998501,8703 LEDGE RUN,,SAN ANTONIO,TX,78255,500000,1000000,02-SEP-2025,2025Q3
0002082685-25-000001,ARMR Sciences Inc.,0002082685,12 E 49TH ST,,NEW YORK,NY,10017,0,30000000,29-AUG-2025,2025Q3
0001214659-25-013120,"TM Holding Companies, Inc.",0002076174,"51 GERMANTOWN COURT, SUITE 200",,MEMPHIS,TN,38018,5859500,5859500,29-AUG-2025,2025Q3
0002083917-25-000001,"Petal Surgical, Inc.",0002083917,1470 INDUSTRIAL WAY,,REDWOOD CITY,CA,94063,17679379,17679379,29-AUG-2025,2025Q3
0001528248-25-000005,"SISCAPA Assay Technologies, Inc.",0001528248,1759 WILLARD ST NW,,WASHINGTON,DC,20009,1999940,1999940,28-AUG-2025,2025Q3
0002083534-25-000001,"Cadenza Bio, Inc.",0002083534,14504 CHAMBORD DRIVE,,YUKON,OK,73099,2440000,2440000,28-AUG-2025,2025Q3
0002083820-25-000001,"Rudhira Biosciences, Inc.",0002083820,1146 KINGSTON GROVE DRIVE,,CARY,NC,27519,80000,500000,28-AUG-2025,2025Q3
0002082940-25-000001,Promptus LLC,0002082940,6400 S FIDDLERS GREEN CIR,STE 1400,GREENWOOD VILLAGE,CO,80111,100000,1000000,27-AUG-2025,2025Q3
0002023557-25-000004,"Absco Therapeutics, Inc.",0002023557,127 WESTERN AVENUE,,ALLSTON,MA,02134,5000000,5000000,27-AUG-2025,2025Q3
0000929638-25-003261,"Xanadu Bio, Inc.",0001946059,980 IDLEWILD ROAD,,GLADWYNE,PA,19035,10999994,10999994,27-AUG-2025,2025Q3
0001231919-25-000167,"Inversion Therapeutics, Inc.",0002077706,1341 COLUMBUS AVENUE,,BURLINGAME,CA,94010,6910684,11110779,27-AUG-2025,2025Q3
0001989478-25-000001,"Superluminal Medicines, Inc.",0001989478,15 NECCO ST.,"LILLY GATEWAY LABS, 4TH FLOOR",BOSTON,MA,02110,5000000,5000000,26-AUG-2025,2025Q3
0002082677-25-000001,"Yuko Project, LLC",0002082677,530 CHURCH ST STE B1,,NASHVILLE,TN,37219,0,10000000,26-AUG-2025,2025Q3
0001901628-25-000003,"Gameto, Inc.",0001901628,12117 Bee Caves Road,Suite 160,Bee Cave,TX,78738,43999930,43999930,26-AUG-2025,2025Q3
0001770413-25-000001,Orion Biotechnology Canada Ltd.,0001827388,"343 PRESTON STREET, 11TH FLOOR",,"OTTAWA, ONTARIO",Z4,K1S1N4,6809726,15000000,26-AUG-2025,2025Q3
0001470831-25-000145,"X4 Pharmaceuticals, Inc",0001501697,61 NORTH BEACON STREET,4TH FLOOR,BOSTON,MA,02134,84999985,84999985,25-AUG-2025,2025Q3
0002082715-25-000001,"Plexium, Inc.",0002082715,"9330 SCRANTON ROAD, SUITE 500",,SAN DIEGO,CA,92121,60115703,60115703,25-AUG-2025,2025Q3
0000887762-25-000005,"Brickell Intellectual Property Fund, LLC",0001943924,171 Church Street,Suite 150,Charleston,SC,29401,0,Indefinite,25-AUG-2025,2025Q3
0001231919-25-000162,"Cascade Biocatalysts, Inc.",0002083126,3960 NIAGARA STREET,SUITE B,DENVER,CO,80207,5441785,5616959,25-AUG-2025,2025Q3
0002080801-25-000001,Eli Science Inc.,0002080801,1001 RUE LENOIR,SUITE B520,MONTREAL,A8,H4C2Z6,1064967,Indefinite,22-AUG-2025,2025Q3
0001916275-25-000001,"Incyclix Bio, LLC",0001916275,600 PARK OFFICES DRIVE,Suite 355,Durham,NC,27713,11249977,20000000,22-AUG-2025,2025Q3
0001437749-25-027519,"Medical 21, Inc.",0001673688,3700 Annapolis Lane North,Suite 105,Plymouth,MN,55447,10017500,20000000,21-AUG-2025,2025Q3
0001411569-25-000002,Gliknik Inc,0001411569,801 WEST BALTIMORE STREET,SUITE 501A,BALTIMORE,MD,21201,11000000,15000000,21-AUG-2025,2025Q3
0001829982-25-000003,"Iantrek, Inc.",0001829982,151 EAST POST ROAD,SUITE 111,WHITE PLAINS,NY,10601,34748596,41986763,21-AUG-2025,2025Q3
0002077997-25-000001,"Decade, Inc.",0002082045,800 W EL CAMINO REAL,SUITE 180-47,MOUNTAIN VIEW,CA,94040,7999997,7999997,21-AUG-2025,2025Q3
0001814554-25-000086,"ROC Holdings SPV II, LP",0002082735,"1630 COLUMBIA ROAD NW, APT. 418",,WASHINGTON,DC,20009,3650000,Indefinite,21-AUG-2025,2025Q3
0002029079-25-000002,"Continuity Biosciences, LLC",0002029079,8476 LINDRICK LANE,,BRADENTON,FL,34202,8424490,12000000,19-AUG-2025,2025Q3
0001853446-25-000004,"Rezo Therapeutics, Inc.",0001956559,455 MISSION BAY BOULEVARD SOUTH,SUITE 525,SAN FRANCISCO,CA,94158,68066039,80129936,18-AUG-2025,2025Q3
0001735812-25-000002,"Pattern Bioscience, Inc.",0001735812,9600 GREAT HILLS TR,SUITE 160E,AUSTIN,TX,78759,44221343,61221338,18-AUG-2025,2025Q3
0001969039-25-000002,"Illudent, Inc.",0001969039,6181 CORNERSTONE COURT E,SUITE 104,SAN DIEGO,CA,92121,3174994,4000000,15-AUG-2025,2025Q3
0001811209-25-000002,"Kriya Therapeutics, Inc.",0001811209,4105 HOPSON ROAD,,MORRISVILLE,NC,27560,313297440,313297440,15-AUG-2025,2025Q3
0002076219-25-000001,"Elastro, Inc.",0002076219,94 UNION ST,,WATERTOWN,MA,02472,2325000,2325000,15-AUG-2025,2025Q3
0001979820-25-000002,ValCor Cath Inc.,0001979820,4146 HALIFAX ROAD,,OTTAWA HILLS,OH,43606,4250000,4250000,14-AUG-2025,2025Q3
0001710380-25-000003,"Angiex, Inc.",0001710380,"150 Cambridge Park Drive, 5th Floor",,CAMBRIDGE,MA,02140,10980030,20284497,14-AUG-2025,2025Q3
0002080322-25-000008,"SRT Therapeutics, Inc.",0002080322,"5601 Oberlin Drive, Suite 100",,San Diego,CA,92121,47399588,47510731,14-AUG-2025,2025Q3
0001641172-25-023575,"Qualigen Therapeutics, Inc.",0001460702,5857 OWENS AVENUE,SUITE 300,CARLSBAD,CA,92008,4500000,4500000,13-AUG-2025,2025Q3
0002080787-25-000001,"Sower Solas I Sidecar III, LLC",0002080787,920 S 107TH AVENUE,SUITE 250,OMAHA,NE,68114,3500000,3700000,12-AUG-2025,2025Q3
0001853373-25-000003,Kestrel Therapeutics Inc.,0001853373,Attn: Pagliuca Harvard Life Lab,127 Western Ave.,Boston,MA,02134,5000000,10000000,12-AUG-2025,2025Q3
0001178913-25-002710,Silexion Therapeutics Corp,0002022416,12 ABBA HILLEL ROAD,,RAMAT GAN,L3,5250606,3597662,3597662,11-AUG-2025,2025Q3
0002080802-25-000001,Biomimetics Innovations Ltd,0002080802,UNIT 4D WESTERN BUSINESS PARK,,CLARE,L2,V14 RW92,342000,11400228,08-AUG-2025,2025Q3
0001801323-25-000003,"PLEOPHARMA, INC.",0001801323,518 KIMBERTON RD.,SUITE 339,PHOENIXVILLE,PA,19460,6150000,36240000,08-AUG-2025,2025Q3
0002080382-25-000001,Rhinal Therapeutics Inc.,0002080382,732 S 6TH ST,4248,LAS VEGAS,NV,89101,20000,1000000,07-AUG-2025,2025Q3
0001437749-25-025327,"Axelyf, Inc.",0002078406,33 Glenland Road,Unit 2,Chestnut Hill,MA,02467,4842133,6342133,07-AUG-2025,2025Q3
0001683168-25-005718,"Coeptis Therapeutics Holdings, Inc.",0001759186,105 BRADFORD ROAD,SUITE 420,WEXFORD,PA,15090,4000000,5000000,07-AUG-2025,2025Q3
0001474720-25-000003,"Neuros Medical, Inc.",0001474720,"26800 Aliso Viejo Pkwy, Suite 250",,Aliso Viejo,CA,92656,55999997,64999994,06-AUG-2025,2025Q3
0002079558-25-000001,"C2N JMK, Inc.",0002079558,4340 DUNCAN AVENUE,,ST. LOUIS,MO,63110,9999891,9999891,06-AUG-2025,2025Q3
0001836108-25-000002,"Invirsa, Inc.",0001836108,1275 KINNEAR ROAD,,COLUMBUS,OH,43212,2832000,2832000,06-AUG-2025,2025Q3
0000950123-25-007031,"SAB Biotherapeutics, Inc.",0001833214,777 W 41st St,Suite 401,Miami Beach,FL,33140,175000000,175000000,05-AUG-2025,2025Q3
0001004878-25-000006,"SpotitEarly, Inc.",0002077992,61 W. PALISADE AVE.,,ENGLEWOOD,NJ,07631,10000,20000000,05-AUG-2025,2025Q3
0001783904-25-000003,"Trevarx Biomedical, Inc.",0001783904,"2929 ARCH STREET, 3RD FLOOR",,PHILADELPHIA,PA,19104,350000,750000,04-AUG-2025,2025Q3
0002078199-25-000001,Brainmark Health Inc.,0002078199,11022 N 28TH DR.,SUITE 195,PHOENIX,AZ,85029,0,Indefinite,04-AUG-2025,2025Q3
0002077939-25-000001,D&D Pharmatech Inc.,0002077939,"4TH FLOOR, 27, GEUMTO-RO 80BEON-GIL",SUJEONG-GU,SEONGNAM-SI,M5,13454,10800000,10800000,01-AUG-2025,2025Q3
0001641172-25-021856,"Scienture Holdings, Inc.",0001382574,20 AUSTIN BLVD.,,COMMACK,NY,11725,1300000,3000000,01-AUG-2025,2025Q3
0001739698-25-000003,"CryOSA, Inc.",0001739698,1265 Grey Fox Rd.,Suite 5,Arden Hills,MN,55112,5990056,15000000,01-AUG-2025,2025Q3
0001213900-25-070080,Anya Holding LLC,0002079053,228 E 45TH STREET,RM 9E,NEW YORK,NY,10017,0,Indefinite,31-JUL-2025,2025Q3
0001507286-25-000002,"Spinal Simplicity, LLC",0001507286,6363 College Blvd,Suite 320,Overland Park,KS,66211,6100183,10000000,31-JUL-2025,2025Q3
0001805698-25-000002,"EIKONOKLASTES THERAPEUTICS, INC.",0001805698,2356 PARK AVENUE,UNIT 17,CINCINNATI,OH,45206,13555109,15764780,29-JUL-2025,2025Q3
0001899355-25-000005,Creative BioTherapeutics LLC,0001899355,200 SOUTH GREENLEAF ST,SUITE J,GURNEE,IL,60031,947000,10000000,29-JUL-2025,2025Q3
0002058369-25-000002,"Orbit Genomics, Inc.",0002058369,4665 NAUTILUS CT S,STE 300,BOULDER,CO,80301,780000,2000000,28-JUL-2025,2025Q3
0001231919-25-000129,"MapLight Therapeutics, Inc.",0001770069,800 CHESAPEAKE DRIVE,,REDWOOD CITY,CA,94063,188187915,372449989,28-JUL-2025,2025Q3
0000929638-25-002712,"Medcura, Inc.",0001672180,"5650 RIVERTECH COURT, SUITE S",,RIVERDALE,MD,20737,28548588,38286410,25-JUL-2025,2025Q3
0002060893-25-000001,"34 Lives, PBC",0002060893,1281 WIN HENTSCHEL BLVD.,STE. 2528,WEST LAFAYETTE,IN,47906,0,Indefinite,25-JUL-2025,2025Q3
0001437749-25-023439,DiaMedica Therapeutics Inc.,0001401040,301 CARLSON PARKWAY,SUITE 210,MINNEAPOLIS,MN,55305,30100000,30100000,25-JUL-2025,2025Q3
0002078271-25-000001,"CapeHaven Holding Company, LLC",0002078271,55 CHURCH STREET,,NEW HAVEN,CT,06510,1430000,4950001,24-JUL-2025,2025Q3
0002078308-25-000001,Adora Animal Health Corp,0002078308,"2020 FIELDSTONE PARKWAY, SUITE 900-200",,FRANKLIN,TN,37069,1000000,10000000,23-JUL-2025,2025Q3
0001104659-25-069564,"HYPERION DEFI, INC.",0001682639,"23461 SOUTH POINTE DRIVE, SUITE 390",,LAGUNA HILLS,CA,92653,49999999,49999999,22-JUL-2025,2025Q3
0001096906-25-001170,"Solo-Dex, Inc.",0001816580,1576 MT HIGHWAY 434,,WOLF CREEK,MT,59648,35199,3600000,22-JUL-2025,2025Q3
0001797306-25-000004,"Durin Life Sciences, Inc.",0001797306,2 MEDICAL CENTER DR #213A,,STRATFORD,NJ,08084,6200000,10000000,21-JUL-2025,2025Q3
0001930994-25-000002,"CARI Health, Inc.",0001930994,"4653 CARMEL MOUNTAIN RD., S 308/260",,SAN DIEGO,CA,92130,100000,1000000,21-JUL-2025,2025Q3
0002042777-25-000002,"Gibson Oncology, LLC",0002042777,7772 FISHER ISLAND DRIVE,,MIAMI,FL,33109,250000,1500000,21-JUL-2025,2025Q3
0001470831-25-000095,"Ikena Oncology, Inc.",0001835579,"645 Summer Street, Suite 101",,BOSTON,MA,02210,0,75000000,18-JUL-2025,2025Q3
0002048968-25-000001,Plexiform Bioscience Inc.,0002048968,8 THE GREEN NO 19634,,DOVER,DE,19901,1340000,2200000,18-JUL-2025,2025Q3
0001231919-25-000123,"Pahr Therapeutics, Inc.",0002077159,"200 BERKELEY STREET, 18TH FLOOR",,BOSTON,MA,02116,4666668,14000002,18-JUL-2025,2025Q3
0001667699-25-000002,"Renibus Therapeutics, Inc.",0001667699,"181 GRAND AVE., SUITE 225",,SOUTHLAKE,TX,76092,110895239,110895239,17-JUL-2025,2025Q3
0001829255-25-000001,"Halia Therapeutics, Inc.",0001829255,3900 N. Traverse Mountain Blvd,Suite 100,Lehi,UT,84043,336833,19999996,16-JUL-2025,2025Q3
0002074140-25-000001,OrisDx Inc.,0002074140,363 E WACKER DRIVE,UNIT 2703,CHICAGO,IL,60601,2844388,4000000,16-JUL-2025,2025Q3
0002066039-25-000002,RevOpsis Holdings LLC,0002066039,"10006 CROSS CREEK BLVD, STE 219",,TAMPA,FL,33647,1,Indefinite,15-JUL-2025,2025Q3
0002075590-25-000001,"TopoDx, Inc.",0002075590,101 NEREM ST. NW,SUITE 1000,ATLANTA,GA,30313,1125000,2000000,15-JUL-2025,2025Q3
0001874823-25-000002,"Sensorium Therapeutics, Inc.",0001874823,47 HIGH ST. #513,,MEDFORD,MA,02155,26763207,58496525,15-JUL-2025,2025Q3
0000929638-25-002591,NEUTROLIS INC.,0001788926,"1 BROADWAY, FLOOR 14",,CAMBRIDGE,MA,02142,3500000,10000000,15-JUL-2025,2025Q3
0002053723-25-000002,"Toby, Inc.",0002053723,1207 DELAWARE AVE,,WILMINGTON,DE,19806,814990,814990,15-JUL-2025,2025Q3
0001079973-25-001142,"Decoy Therapeutics, Inc.",0002065438,1 BROADWAY,14TH FLOOR,CAMBRIDGE,MA,02142,1200000,1200000,14-JUL-2025,2025Q3
0001099910-25-000190,"Afaxys, Inc.",0001503981,701 E. BAY STREET,SUITE 402,CHARLESTON,SC,29403,0,5000000,14-JUL-2025,2025Q3
0001717797-25-000002,"CoreMap, Inc.",0001717797,"55 Cambridge Street, Suite 101",,Burlington,MA,01803,6817466,30000000,14-JUL-2025,2025Q3
0001231919-25-000108,"Renasant Bio, Inc.",0002075979,2630 BANCROFT WAY #507,,BERKELEY,CA,94704,25461184,25461184,14-JUL-2025,2025Q3
0001641172-25-018817,Biofrontera Inc.,0001858685,"120 PRESIDENTIAL WAY, SUITE 330",,WOBURN,MA,01801,11000000,11000000,11-JUL-2025,2025Q3
0001710677-25-000004,"Lodestone Biomedical, Inc.",0001710677,10 WATER STREET,SUITE 265,LEBANON,NH,03766,75000,2000000,09-JUL-2025,2025Q3
0002076042-25-000001,Aevum Longevity Corp.,0002076042,2501 - 550 BURRARD STREET,,VANCOUVER,A1,V6C 2B5,2251,2251,09-JUL-2025,2025Q3
0001749990-25-000003,"Paragon Biosciences Emalex Capital, Inc.",0001749990,303 N WABASH AVE,SUITE # 3500,CHICACO,IL,60611,270000000,270000000,08-JUL-2025,2025Q3
0000892712-25-000081,PHOENIX-AID INC.,0002076154,3311 MOCKINGBIRD WAY,,OSHKOSH,WI,54904,539996,750000,08-JUL-2025,2025Q3
0001696893-25-000003,"LifeBridge Innovations, PBC",0001696893,862 E. WILDMERE AVENUE,,LONGWOOD,FL,32750,215000,5000000,08-JUL-2025,2025Q3
0001780356-25-000002,"Insigna, Inc.",0001780356,"2109 S. Oak St, Suite 100A",,CHAMPAIGN,IL,61820,4000032,Indefinite,08-JUL-2025,2025Q3
0001094891-25-000013,Veris Health Inc.,0002074979,360 MADISON AVENUE,25TH FLOOR,NEW YORK,NY,10017,2500000,2500000,08-JUL-2025,2025Q3
0002075735-25-000001,4DMedical Ltd,0002075735,Level 7,700 Swanston Street,Carlton,C3,VIC 3053,14964623,14964623,07-JUL-2025,2025Q3
0001683168-25-004957,"ACTUATE THERAPEUTICS, INC.",0001652935,1751 RIVER RUN,SUITE 400,FORT WORTH,TX,76107,4665479,9330958,07-JUL-2025,2025Q3
0001641172-25-017941,"ProPhase Labs, Inc.",0000868278,"626 RXR PLAZA, 6TH FLOOR",,UNIONDALE,NY,11556,1000000,1000000,07-JUL-2025,2025Q3
0002002648-25-000001,"Bright Uro, Inc.",0002002648,3 Goddard,,Irvine,CA,92618,31024760,32053460,03-JUL-2025,2025Q3
0001943061-25-000005,"SYNTIS BIO, INC.",0001943061,135 MORRISSEY BLVD,SUITE 101A,BOSTON,MA,02125,24983429,26483445,02-JUL-2025,2025Q3
0001366325-25-000001,INANOVATE INC,0001366325,2329 N. CAREER AVENUE STE 113.,,SIOUX FALLS,SD,57107,808000,808000,02-JUL-2025,2025Q3
0001641172-25-017535,"Evofem Biosciences, Inc.",0001618835,7770 REGENTS ROAD,SUITE 113-618,SAN DIEGO,CA,92122,925000,925000,02-JUL-2025,2025Q3
0001904099-25-000002,"OrthoBio Therapeutics, Inc.",0001904099,"1300 N. Frontage Road, #5937",,Vail,CO,81657,31449768,31449768,02-JUL-2025,2025Q3
0001973076-25-000001,"EMIT IMAGING, INC.",0001973076,12 Michigan Drive,,Natick,MA,01760,7100292,12600293,02-JUL-2025,2025Q3
0001786949-25-000002,"Sparrow Pharmaceuticals, Inc.",0001786949,1050 Southwest 6th Street,Suite 1100,PORTLAND,OR,97204,61841225,121400027,01-JUL-2025,2025Q3
0002060132-25-000001,"Arialys Therapeutics, Inc.",0001956823,"11099 NORTH TORREY PINES ROAD, SUITE 290",,LA JOLLA,CA,92037,14800017,24800006,01-JUL-2025,2025Q3
0001948756-25-000002,"Genialis, Inc.",0001948756,68 HARRISON AVE #605,PMB 29417,BOSTON,MA,02111,700000,3000000,31-DEC-2025,2025Q4
0002103021-25-000002,"Digital Biotechnologies, Inc.",0002103021,1551 Eastlake Avenue East,,SEATTLE,WA,98102,12274922,14999998,31-DEC-2025,2025Q4
0001231919-25-000676,"IN8BIO, INC.",0001740279,EMPIRE STATE BUILDING,"350 5TH AVENUE, SUITE 5330",NEW YORK,NY,10118,20119049,40239043,30-DEC-2025,2025Q4
0001231919-25-000671,"DMC Biotechnologies, Inc.",0001728411,"2477 55TH STREET, SUITE 120",,BOULDER,CO,80301,904500,1658250,30-DEC-2025,2025Q4
0001690279-25-000002,"Nacuity Pharmaceuticals, Inc.",0001690279,FORT WORTH CLUB BLDG.,"306 W. 7TH STREET, SUITE 310",FORT WORTH,TX,76102,8393350,30000000,30-DEC-2025,2025Q4
0001683168-25-009394,"Tivic Health Systems, Inc.",0001787740,47685 LAKEVIEW BLVD,,FREMONT,CA,94538,16253147,16253147,29-DEC-2025,2025Q4
0001983523-25-000004,"SLAM BioTherapeutics, Inc.",0001983523,"2945 TOWNSGATE RD., SUITE 200",,WESTLAKE VILLAGE,CA,91361,1000000,4000000,29-DEC-2025,2025Q4
0001781983-25-000003,"Aprea Therapeutics, Inc.",0001781983,3805 OLD EASTON ROAD,,DOYLESTOWN,PA,18902,3055822,5783766,29-DEC-2025,2025Q4
0001752886-25-000002,GEN1E LIFESCIENCES INC.,0001752886,1895 El Camino Real,,Palo Alto,CA,94306,5520803,11887377,29-DEC-2025,2025Q4
0001213900-25-125478,Myrtelle Inc.,0001868532,17 STATE STREET,"FL3, SUITE 350",NEW YORK,NY,10004,30531749,55162634,23-DEC-2025,2025Q4
0000882291-25-000004,AETHLON MEDICAL INC,0000882291,"11555 SORRENTO VALLEY ROAD, SUITE 203",Suite 203,SAN DIEGO,CA,92121,2153700,2153700,23-DEC-2025,2025Q4
0001764417-25-000003,"Koios Medical, Inc.",0001764417,242 W. 38TH STREET,14TH FLOOR,NEW YORK,NY,10018,0,Indefinite,23-DEC-2025,2025Q4
0001746139-25-000003,"Auron Therapeutics, Inc.",0001746139,55 CHAPEL STREET,SUITE 100,NEWTON,MA,02458,27289180,42289180,23-DEC-2025,2025Q4
0001766784-25-000002,"Mediar Therapeutics, Inc.",0001766784,20 OVERLAND STREET,SUITE 520,BOSTON,MA,02215,37849815,75699630,23-DEC-2025,2025Q4
0002100765-25-000001,"Sift Biosciences, Inc.",0002100765,7333 INDUSTRIAL ROAD,,SAN CARLOS,CA,94070,3792999,3792999,22-DEC-2025,2025Q4
0002100035-25-000001,"PROSPER WITH POSTURE, LLC",0002100035,2210 UNIVERSITY CLUB DRIVE,UNIT 8A,AUSTIN,TX,78732,25000,200000,22-DEC-2025,2025Q4
0002100031-25-000002,"PRO-LINE HEALTH PRODUCTS, Ltd LIABILITY Co",0002100031,2210 UNIVERSITY CLUB DRIVE,UNIT 8A,AUSTIN,TX,78732,110000,200000,22-DEC-2025,2025Q4
0002102340-25-000001,"Addition Therapeutics, Inc.",0002102340,"201 HASKINS WAY, SUITE 300",,SOUTH SAN FRANCISCO,CA,94080,28000000,28000000,22-DEC-2025,2025Q4
0000905148-25-004456,"Aeovian Pharmaceuticals, Inc.",0001710088,"2930 Domingo Ave., Suite 145",,Berkeley,CA,94705,54999996,54999996,22-DEC-2025,2025Q4
0001952808-25-000002,"Avana Health, Inc.",0001952808,1537 BULL LEE ROAD,SUITE 200,LEXINGTON,KY,40511,2774997,4000000,19-DEC-2025,2025Q4
0002101704-25-000001,"Amphix Bio, Inc.",0002101704,400 N. ABERDEEN ST.,SUITE 900,CHICAGO,IL,60642,10300000,12500000,19-DEC-2025,2025Q4
0001723443-25-000003,"InSitu Biologics, Inc",0001723443,3510 Hopkins Place N.,Building 4,Oakdale,MN,55128,3950000,8000000,18-DEC-2025,2025Q4
0001493152-25-028344,Paulex Bio Inc.,0002071082,6083 OAKGATE ROW,,LA JOLLA,CA,92037,18516040,22500000,18-DEC-2025,2025Q4
0001470831-25-000435,KAZIA THERAPEUTICS LTD,0001075880,"THREE INTERNATIONAL TOWERS LEVEL 24,",300 BARANGAROO AVENUE,SYDNEY NSW,C3,2000,55251088,55251088,18-DEC-2025,2025Q4
0000905148-25-004422,"Delfi Diagnostics, Inc.",0001783735,1810 Embarcadero Road,Suite 100,Palo Alto,CA,94303,34333315,60000000,18-DEC-2025,2025Q4
0001193125-25-323885,Virax Biolabs Group Ltd,0001885827,"BioCity Glasgow, Bo'Ness Road Newhouse",,Lanarkshire,X0,ML1 SUH,5000000,5000000,18-DEC-2025,2025Q4
0001884863-25-000004,"Ceretype Neuromedicine, Inc.",0001884863,"1 Broadway, 14th Floor",,Cambridge,MA,02142,400000,400000,18-DEC-2025,2025Q4
0001753878-25-000002,INNOVAPREP INC.,0001753878,132 EAST MAIN STREET,,DREXEL,MO,64742,100000,1000000,17-DEC-2025,2025Q4
0001845848-25-000003,LivFul Inc.,0001845848,"6 S. 1ST STREET, SUITE 225",,TEMPLE,TX,76501,250000,26000000,16-DEC-2025,2025Q4
0001552377-25-000005,Revalesio Corp,0001552377,1202 E. D ST,,TACOMA,WA,98421,38877508,40300000,16-DEC-2025,2025Q4
0001104659-25-121539,"Imbria Pharmaceuticals, Inc.",0001745672,265 FRANKLIN STREET,SUITE #1702,BOSTON,MA,02110,66695817,144195814,16-DEC-2025,2025Q4
0001832591-25-000004,"Mel-Mont Medical, Inc.",0001832591,11467 NW 34TH STREET,,DORAL,FL,33178,6902021,7500000,16-DEC-2025,2025Q4
0001850261-25-000002,"Novilytic, LLC",0001850261,1281 WIN HENTSCHEL BLVD,,WEST LAFAYETTE,IN,47906,530800,1000000,15-DEC-2025,2025Q4
0001815708-25-000002,Telos Biotech Inc.,0001815708,3060 Pegasus Park Dr,Building 6,Dallas,TX,75247,724999,2250000,12-DEC-2025,2025Q4
0001493152-25-027270,"Oncotelic Therapeutics, Inc.",0000908259,29397 AGOURA ROAD,SUITE 107,AGOURA HILLS,CA,91301,275000,12500000,11-DEC-2025,2025Q4
0002099643-25-000001,ClearDynamic Inc.,0002099643,"1344 SUMMER STREET, SUITE 212",,HALIFAX,A5,B3H 0A8,1999999,1999999,11-DEC-2025,2025Q4
0001815181-25-000002,"Cellphire, Inc.",0001815181,"9430 KEY WEST AVENUE, SUITE 250",,ROCKVILLE,MD,20850,3000000,3000000,11-DEC-2025,2025Q4
0001231919-25-000594,Verrica Pharmaceuticals Inc.,0001660334,"44 W. Gay St., Suite 400",,WEST CHESTER,PA,19380,50017383,50017383,10-DEC-2025,2025Q4
0001231919-25-000592,"BlossomHill Therapeutics, Inc.",0001839970,10255 SCIENCE CENTER DRIVE,SUITE 200,SAN DIEGO,CA,92121,84152909,84152909,10-DEC-2025,2025Q4
0001104659-25-119801,"NextCure, Inc.",0001661059,9000 VIRGINIA MANOR ROAD,SUITE 200,BELTSVILLE,MD,20705,21500000,21500000,10-DEC-2025,2025Q4
0001906425-25-000004,"Invea Therapeutics, Inc",0001906425,"2614 BOSTON POST ROAD, SUITE 33B",,GUILFORD,CT,06437,120250,120250,10-DEC-2025,2025Q4
0001876828-25-000003,Relation Therapeutics Inc.,0001876828,1000 South Pointe Dr.,PH 1605,Miami Beach,FL,33319,36175000,36175000,09-DEC-2025,2025Q4
0001714729-25-000002,"Armonica Technologies, Inc.",0001714729,5901 INDIAN SCHOOL RD NE,,ALBUQUERQUE,NM,87110,4214700,5714702,08-DEC-2025,2025Q4
0002099357-25-000001,"Medicovestor, Inc.",0002099357,17 STATE STREET,40TH FLOOR,NEW YORK,NY,10004,3164834,4064834,05-DEC-2025,2025Q4
0001829126-25-009746,"Zeo ScientifiX, Inc.",0001557376,3321 COLLEGE AVENUE,SUITE 246,DAVIE,FL,33314,500000,5000000,05-DEC-2025,2025Q4
0001470831-25-000383,"Aminex Therapeutics, Inc.",0001613386,6830 NE Bothell Way Ste C139,,Kenmore,WA,98028,15084670,30000030,05-DEC-2025,2025Q4
0001104659-25-118426,"Odyssey Therapeutics, Inc.",0001882782,51 SLEEPER STREET,,BOSTON,MA,02210,214025200,214025200,04-DEC-2025,2025Q4
0002097084-25-000001,"Medici Therapeutics, Inc.",0002097084,230 COMMONWEALTH AVENUE,APT. 4,BOSTON,MA,02116,14791454,14791454,04-DEC-2025,2025Q4
0001815337-25-000003,"Triana Biomedicines, Inc.",0001815337,1050 WALTHAM STREET,SUITE 301,LEXINGTON,MA,02421,120061960,120061960,04-DEC-2025,2025Q4
0002099347-25-000001,Mantis Biotechnology Corp,0002099347,576 EUREKA STREET,,SAN FRANCISCO,CA,94114,4824999,5500000,03-DEC-2025,2025Q4
0001213900-25-117804,"ADIAL PHARMACEUTICALS, INC.",0001513525,4870 SADLER ROAD,SUITE 300,GLEN ALLEN,VA,23060,4285289,4285289,03-DEC-2025,2025Q4
0001829551-25-000002,"WAVECLEAR, INC.",0001829551,1001 STATE STREET,SUITE 907,ERIE,PA,16501,3500000,5000000,03-DEC-2025,2025Q4
0000935836-25-000713,"Pneuma Respiratory, Inc.",0001701794,"870 STATE FARM ROAD, SUITE 103-B",,BOONE,NC,28607,2996000,2996000,03-DEC-2025,2025Q4
0002098204-25-000001,Ophthalmic Therapeutic Innovation LLC,0002098204,155 Arlington St,,Watertown,MA,02472,100000,300000,02-DEC-2025,2025Q4
0001848527-25-000002,BioSynchronicity Corp,0001848527,REGISTERED AGENTS INC.,"100 N. HOWARD ST, STE R",SPOKANE,WA,99201,0,1000000,02-DEC-2025,2025Q4
0002046762-25-000005,Tasca Therapeutics Corp,0002046762,55 SPINELLI PLACE,,CAMBRIDGE,MA,02138,48099985,70199981,01-DEC-2025,2025Q4
0001676647-25-000002,"MuscleSound, Inc.",0001676647,6355 EAST TUFTS AVENUE,,ENGLEWOOD,CO,80111,425000,425000,01-DEC-2025,2025Q4
0002055053-25-000003,"BTB Therapeutics, Inc.",0002055053,26281 WYNDEMERE COURT,,ESCONDIDO,CA,92026,3402704,7402704,01-DEC-2025,2025Q4
0002098562-25-000001,"CoFlo Medical, Inc.",0002098562,135 Mississippi Street,,San Francisco,CA,94107,500000,6000000,28-NOV-2025,2025Q4
0001835188-25-000005,"TYBR Health, Inc.",0001835188,2450 Holcombe Blvd,,HOUSTON,TX,77021,7142974,7918951,26-NOV-2025,2025Q4
0001931770-25-000002,ENRICH BIOSYSTEMS INC.,0001931770,"21 BUSINESS PARK DRIVE, SUITE 4",,BRANFORD,CT,06405,1450000,1500000,26-NOV-2025,2025Q4
0001897840-25-000003,NanoMosaic Inc.,0001897840,600 Winter St.,,Waltham,MA,02451,3020599,5000000,26-NOV-2025,2025Q4
0001193125-25-296931,"Par Health, Inc.",0002096530,675 James S. McDonnell Blvd.,,St. Louis,MO,63042,763000000,763000000,25-NOV-2025,2025Q4
0001750699-25-000002,"Repair Biotechnologies, Inc.",0001750699,841 E Fayette Street,,Syracuse,NY,13210,5258906,11000000,25-NOV-2025,2025Q4
0002096367-25-000001,"Regenimo Biosciences, Inc.",0002096367,3262 WESTHEIMER RD. #762,,HOUSTON,TX,77098,2000000,2000000,25-NOV-2025,2025Q4
0001231919-25-000548,"Solve Therapeutics, Inc.",0001905252,"1025 ALAMEDA DE LAS PULGAS, SUITE 122",,BELMONT,CA,94002,48214232,120535618,25-NOV-2025,2025Q4
0001982875-25-000002,"Pelage Pharmaceuticals, Inc.",0001982875,907 WESTWOOD BLVD #384,,LOS ANGELES,CA,90024,119999987,119999987,24-NOV-2025,2025Q4
0002097591-25-000001,PreventiveHealth.ai,0002097591,25252 W FREMONT ROAD,,LOS ALTOS HILLS,CA,94022,1275000,1275000,24-NOV-2025,2025Q4
0002097458-25-000001,"XTRESSE, LLC",0002097458,3801 AVALON PARK E. BLVD,SUITE 350A,ORLANDO,FL,32828,2691250,10000000,24-NOV-2025,2025Q4
0001880064-25-000004,"Kamal Therapeutics, Inc.",0001880064,66 CLUBHOUSE DRIVE,,HINGHAM,MA,02043,13807138,17307138,24-NOV-2025,2025Q4
0001193125-25-291332,"Galecto, Inc.",0001800315,75 State Street,Suite 100,Boston,MA,02109,285000000,285000000,21-NOV-2025,2025Q4
0001889938-25-000002,"Anuncia Medical, Inc.",0001889938,6908 E Thomas Rd.,Suite 302,Scottsdale,AZ,85251,13908008,16442486,21-NOV-2025,2025Q4
0000892712-25-000163,"RPT Labworks, Inc.",0002097608,4000 WILNOR DRIVE,,OREGON,WI,53575,689966,3000000,21-NOV-2025,2025Q4
0001791860-25-000003,"RCE Technologies, Inc.",0001791860,2292 FARADAY AVE. #19,,CARLSBAD,CA,92008,2137000,2137000,20-NOV-2025,2025Q4
0001881936-25-000002,"ECLIPSE BIOINNOVATIONS, INC.",0001881936,5770 Oberlin Dr.,,SAN DIEGO,CA,92121,4905886,7235074,20-NOV-2025,2025Q4
0001823902-25-000002,"Solarea Bio, Inc.",0001823902,100 BEAVER STREET,SUITE 308,WALTHAM,MA,02453,9910397,Indefinite,20-NOV-2025,2025Q4
0001919246-25-000006,Pelthos Therapeutics Inc.,0001919246,4020 STIRRUP CREEK DRIVE,SUITE 110,DURHAM,NC,27703,18000000,18000000,19-NOV-2025,2025Q4
0001231919-25-000517,"Dualitas Therapeutics, Inc.",0002091994,"681 GATEWAY BOULEVARD, SUITE 411",,SOUTH SAN FRANCISCO,CA,94080,32599997,66599990,18-NOV-2025,2025Q4
0001437749-25-035552,"Pleural Dynamics, Inc.",0001812981,952 Medina Road,,Wayzata,MN,55391,618000,4000000,18-NOV-2025,2025Q4
0002096610-25-000001,Quarry Glue Holding Co LLC,0002096610,55 CHURCH ST SUITE 800,,NEW HAVEN,CT,06510,19635474,33635474,18-NOV-2025,2025Q4
0001586824-25-000004,AMERICAN GENE TECHNOLOGIES INTERNATIONAL INC.,0001586824,"199 East Montgomery Ave., Suite 100",,ROCKVILLE,MD,20850,0,10000000,18-NOV-2025,2025Q4
0001787508-25-000004,Adze Biotechnology Inc,0001787508,"2332 GALIANO STREET, 2ND FL",,CORAL GABLES,FL,33134,6150005,15000000,17-NOV-2025,2025Q4
0001455364-25-000002,SYNDEVRX INC,0001455364,ONE BROADWAY,14TH FLOOR,CAMBRIDGE,MA,02142,6467100,12000000,17-NOV-2025,2025Q4
0001965109-25-000002,"VitriVax, Inc.",0001965109,5500 Central Avenue,,BOULDER,CO,80301,29430356,37148654,17-NOV-2025,2025Q4
0001615999-25-000003,"NEUROPATHIX, INC.",0001615999,3805 OLD EASTON ROAD,,DOYLESTOWN,PA,18902,0,50000000,17-NOV-2025,2025Q4
0000945621-25-001138,FEMASYS INC,0001339005,3950 JOHNS CREEK COURT,SUITE 100,SUWANEE,GA,30024,8025000,12000000,14-NOV-2025,2025Q4
0002096871-25-000002,Milestone Gynomics Corp.,0002096871,20425 VIA PAVISO APT. D27,,CUPERTINO,CA,95014,34000,Indefinite,14-NOV-2025,2025Q4
0002096691-25-000001,Carolina Molecular Inc.,0002096691,133 SOUTHCENTER COURT STE 400,,MORRISVILLE,NC,27560,1125000,1700000,13-NOV-2025,2025Q4
0001744333-25-000004,"ELIXIRGEN THERAPEUTICS, INC.",0001744333,855 N. WOLFE ST.,SUITE 624,BALTIMORE,MD,21205,4000000,4000000,13-NOV-2025,2025Q4
0001123292-25-000633,Phio Pharmaceuticals Corp.,0001533040,411 SWEDELAND ROAD,SUITE 23-1080,KING OF PRUSSIA,PA,19406,1415796,25931342,12-NOV-2025,2025Q4
0002096383-25-000001,AecorBio Inc.,0002096383,1455 ADAMS DRIVE,SUITE 2043,MENLO PARK,CA,94025,2532988,2532988,12-NOV-2025,2025Q4
0001730728-25-000003,"ZETAGEN THERAPEUTICS, INC.",0001730728,841 EAST FAYETTE STREET,,SYRACUSE,NY,13210,12908022,12999998,12-NOV-2025,2025Q4
0001687466-25-000004,"PIPr Therapeutics, Inc.",0001687466,280 S. MANGUM ST.,SUITE 350,DURHAM,NC,27701,1499995,2499992,12-NOV-2025,2025Q4
0001613926-25-000002,"Pinteon Therapeutics, Inc.",0001613926,1188 CENTRE STREET,,NEWTON CENTRE,MA,02459,29185713,32085710,12-NOV-2025,2025Q4
0001894153-25-000004,"Metallomix, Inc",0001894153,175 SW 7TH ST,SUITE 1702,MIAMI,FL,33130,1158060,10000000,10-NOV-2025,2025Q4
0001498382-25-000004,"TuHURA Biosciences, Inc./NV",0001498382,10500 UNIVERSITY CENTER DR.,SUITE 110,TAMPA,FL,33612,1500000,3000000,10-NOV-2025,2025Q4
0001755010-25-000003,EPALEX Corp,0001755010,"1049 EL MONTE AVENUE, SUITE C 585",,MOUNTAIN VIEW,CA,94040,1200000,3199991,10-NOV-2025,2025Q4
0001477932-25-008012,"TearSolutions, Inc.",0001611687,315 Old Ivy Way,Suite 301,Charlottesville,VA,22903,517000,517000,10-NOV-2025,2025Q4
0001231919-25-000450,"Rani Therapeutics Holdings, Inc.",0001856725,2051 RINGWOOD AVENUE,,SAN JOSE,CA,95131,60255052,60255052,10-NOV-2025,2025Q4
0001140361-25-041161,Anteris Technologies Global Corp.,0002011514,"Toowong Tower, Level 3, Suite 302",9 Sherwood Road,"Toowong, QLD",C3,4066,11499987,11499987,07-NOV-2025,2025Q4
0001924441-25-000002,"Perimetrics, Inc.",0001924441,"8441 154TH AVENUE NE, BLDG H-210",,REDMOND,WA,98052,9427041,17514686,07-NOV-2025,2025Q4
0001757499-25-000003,"Shuttle Pharmaceuticals Holdings, Inc.",0001757499,401 PROFESSIONAL DRIVE,SUITE 260,GAITHERSBURG,MD,20879,2499998,2500624,07-NOV-2025,2025Q4
0001780775-25-000004,"Protein Dynamic Solutions, Inc.",0001780775,251 Little Falls Drive,,Wilmington,DE,19808,1772369,Indefinite,07-NOV-2025,2025Q4
0001699031-25-000183,"GRAIL, Inc.",0001699031,1525 O'Brien Drive,,Menlo Park,CA,94025,324997989,324997989,07-NOV-2025,2025Q4
0002093430-25-000001,HarmonIQ Biosciences Inc.,0002093430,2918 RM 620 N #239,,AUSTIN,TX,78734,30000,1500000,06-NOV-2025,2025Q4
0001996678-25-000002,Gut-Brain-Axis Therapeutics Inc.,0001996678,1340 E VINEDO LANE,,TEMPE,AZ,85284,1965000,20000000,06-NOV-2025,2025Q4
0001669317-25-000002,Prelude Corp,0001669317,26051 MERIT CIRCLE,SUITE 102,LAGUNA HILLS,CA,92653,5000000,7500000,06-NOV-2025,2025Q4
0001231919-25-000432,"Osteal Therapeutics, Inc.",0001735936,4835 LYNDON B. JOHNSON FWY STE 635,,DALLAS,TX,75244,15602151,26702156,05-NOV-2025,2025Q4
0001437749-25-033325,"Luminary Therapeutics, Inc.",0001793860,1200 Washington Avenue South,Suite 260,Minneapolis,MN,55415,1406112,12388157,05-NOV-2025,2025Q4
0001746381-25-000002,"Gregor Diagnostics, Inc.",0001746381,5910 N. Central Expressway,Suite 1400,Dallas,TX,75206,242034,250000,04-NOV-2025,2025Q4
0001966428-25-000002,Medsyn Biopharma LLC,0001966428,120 W Main St.,Ste 300,Northville,MI,48167-1584,11499999,11500000,04-NOV-2025,2025Q4
0002094894-25-000001,Neo Quantum Era Inc.,0002094894,1031 HARDING PARK,,BRONX,NY,10473,0,10000000,04-NOV-2025,2025Q4
0002050840-25-000002,Paretor LLC,0002050840,155 ARLINGTON ST WATERTOWN,,WATERTOWN,MA,02472,150000,250000,04-NOV-2025,2025Q4
0002095129-25-000001,"Tempero Bio, Inc.",0002095129,"1111 BROADWAY, SUITE 1300",,OAKLAND,CA,94607,76958457,76958457,04-NOV-2025,2025Q4
0001493152-25-020624,Celularity Inc,0001752828,170 PARK AVENUE,,FLORHAM PARK,NJ,07932,2000000,6666667,03-NOV-2025,2025Q4
0001561150-25-000007,PHOTOPHARMICS INC,0001561150,3451 NORTH TRIUMPH BLVD,SUITE 201,LEHI,UT,84043,26195278,26284804,03-NOV-2025,2025Q4
0001789915-25-000002,"BiomeSense, Inc.",0001789915,2242 W. HARRISON ST,STE 201,CHICAGO,IL,60612,7059599,7250000,03-NOV-2025,2025Q4
0002094607-25-000001,Oxbridge Clinical Inc.,0002094607,75 KNEELAND ST 14TH FL,,BOSTON,MA,02111,4500000,4500000,03-NOV-2025,2025Q4
0001824034-25-000002,"Avicenna Biosciences, Inc.",0001824034,"101 W. CHAPEL HILL STREET, SUITE 210",,DURHAM,NC,27701,70650,70650,30-OCT-2025,2025Q4
0001231919-25-000372,"Electra Therapeutics, Inc.",0002088082,"230 EAST GRAND AVENUE, SUITE S-100",,SOUTH SAN FRANCISCO,CA,94080,134188389,184133425,30-OCT-2025,2025Q4
0002093765-25-000001,Moberg Analytics Inc,0002093765,109 S. 13TH ST.,UNIT 2-SOUTH,PHILADELPHIA,PA,19107,600000,2000000,29-OCT-2025,2025Q4
0002094042-25-000001,Real Health International Wellness Corp.,0002094042,"PALM GROVE UNIT 4, 265 SMITH ROAD,","52A EDGEWATER WAY, #1653",GEORGE TOWN,E9,KY1-9006,0,1000000,29-OCT-2025,2025Q4
0001866961-25-000002,"Enfuego Therapeutics, Inc.",0001866961,37 LINDA LEE CIRCLE,,PITTSBORO,NC,27312,1000000,2500000,28-OCT-2025,2025Q4
0001819133-25-000003,"Tango Therapeutics, Inc.",0001819133,201 BROOKLINE AVENUE,SUITE 901,BOSTON,MA,02215,14999995,14999995,28-OCT-2025,2025Q4
0001231919-25-000357,"Alto Neuroscience, Inc.",0001999480,"650 CASTRO STREET, SUITE 450",,MOUNTAIN VIEW,CA,94041,49999533,49999533,27-OCT-2025,2025Q4
0002093745-25-000001,"Prince Biotech, Inc.",0002093745,5496 WINDING CAPE WAY,,MASON,OH,45040,0,10000000,27-OCT-2025,2025Q4
0001681682-25-000004,ENDRA Life Sciences Inc.,0001681682,3600 GREEN COURT,SUITE 350,ANN ARBOR,MI,48105,14402880,14402880,24-OCT-2025,2025Q4
0001062993-25-016285,Eliaz Therapeutics Inc.,0002042609,398 TESCONI COURT,,SANTA ROSA,CA,95401,850000,850000,24-OCT-2025,2025Q4
0001952927-25-000003,"Mercury Bio, Inc.",0001952927,3900 PASEO DEL SOL,,SANTA FE,NM,87507,2376107,7954094,24-OCT-2025,2025Q4
0001104659-25-101914,"Theriva Biologics, Inc.",0000894158,9605 MEDICAL CENTER DRIVE,SUITE 270,ROCKVILLE,MD,20850,13109494,13109494,24-OCT-2025,2025Q4
0000905148-25-003655,"RECODE THERAPEUTICS, INC.",0001693764,1140 O'Brien Drive,,Menlo Park,CA,94025,29441931,29441931,23-OCT-2025,2025Q4
0001104659-25-101869,"Quoin Pharmaceuticals, Ltd.",0001671502,42127 PLEASANT FOREST COURT,,ASHBURN,VA,20148-7349,105254891,105254891,23-OCT-2025,2025Q4
0002078471-25-000006,Canvas Master Fund LP,0002078471,929 ALTON ROAD,SUITE 500,MIAMI BEACH,FL,33139,0,30000000,23-OCT-2025,2025Q4
0002088152-25-000001,"Triton Therapeutics, Inc.",0002088152,"700 FAIRFIELD AVENUE, SUITE 1",,STAMFORD,CT,06902,36355769,36355769,23-OCT-2025,2025Q4
0001800618-25-000002,Auxilium Biotechnologies Inc.,0001800618,4923 Bradshaw Ct.,,SAN DIEGO,CA,92130,3536015,10000000,23-OCT-2025,2025Q4
0001708696-25-000004,"Instylla, Inc.",0001708696,201 BURLINGTON ROAD,,BEDFORD,MA,01730,21734014,21734014,23-OCT-2025,2025Q4
0001815665-25-000002,"MarvelBiome, Inc.",0001815665,"8 Cabot Road, Suite 3500",,Woburn,MA,01801,39561794,52503006,22-OCT-2025,2025Q4
0002017131-25-000004,Andson Biotech Inc.,0002017131,1705 COMMERCE DR NW,SUITE 100,ATLANTA,GA,30318,4735000,5000000,22-OCT-2025,2025Q4
0001824142-25-000003,"Basking Biosciences, Inc.",0001824142,964 High House Rd #3268,,Cary,NC,27513,55000000,55000000,22-OCT-2025,2025Q4
0002080612-25-000007,Elucid Bioimaging Inc.,0001585931,399 Boylston Street,Suite 400,BOSTON,MA,02116,36495008,79999999,22-OCT-2025,2025Q4
0002070840-25-000003,Symbio Bioculinary LLC,0002070840,1515 LAFAYETTE PARK DR,UNIT D,BLOOMINGTON,IL,61701,90000,90000,22-OCT-2025,2025Q4
0002092364-25-000001,"Blue Marlin Therapeutics, Inc.",0002092364,200 GARRETT STREET,SUITE S,CHARLOTTESVILLE,VA,22902,100000,Indefinite,21-OCT-2025,2025Q4
0002019875-25-000004,"Corner Therapeutics, Inc.",0002019875,300 N. BEACON STREET,"BUILDING 39, SUITE 202",WATERTOWN,MA,02472,16754446,16754446,20-OCT-2025,2025Q4
0001835476-25-000003,"Pacific Diabetes Technologies, Inc.",0001835476,12172 SW GARDEN PL,,PORTLAND,OR,97223,2920000,3000000,20-OCT-2025,2025Q4
0002091847-25-000001,"Vicora, Inc.",0002091847,665 NORTHLAND AVENUE,,BUFFALO,NY,14211,3400000,6000000,20-OCT-2025,2025Q4
0001944095-25-000002,MOAT BIOTECHNOLOGY Corp,0001944095,5501 White Fences Road,,OKLAHOMA CITY,OK,73131,26400,15593738,20-OCT-2025,2025Q4
0001741495-25-000004,"Vergent Bioscience, Inc.",0001741495,5810 W 78TH ST,STE 222,MINNEAPOLIS,MN,55439,18673277,31957273,20-OCT-2025,2025Q4
0001637038-25-000003,"Cleveland Diagnostics, Inc.",0001637038,3615 SUPERIOR AVENUE STE 4407B,,CLEVELAND,OH,44114,14421653,14421653,20-OCT-2025,2025Q4
0001683168-25-007628,"Biovantix Biotechnology, Inc",0002092174,8 THE GREEN STE A,,DOVER,DE,19901,0,15000000,17-OCT-2025,2025Q4
0001683553-25-000003,"SPRUCE BIOSCIENCES, INC.",0001683553,"611 GATEWAY BOULEVARD, SUITE 740",,SOUTH SAN FRANCISCO,CA,94080,49999768,49999768,17-OCT-2025,2025Q4
0001989669-25-000002,"BlueWhale Bio, Inc.",0001989669,2929 ARCH ST,,PHILADELPHIA,PA,19104,5000000,15000000,16-OCT-2025,2025Q4
0002091561-25-000001,Celestia Diagnostics Inc.,0002091561,2000 9TH AVE S,RM F404,BIRMINGHAM,AL,35205,0,1500000,16-OCT-2025,2025Q4
0001807063-25-000002,"IMMUNOPROFILE, LLC",0001807063,850 S. COLLIER BLVD.,UNIT 401,MARCO ISLAND,FL,34145,225000,1000000,16-OCT-2025,2025Q4
0002088062-25-000002,"Mekiri Bio, Inc.",0002088062,68 HARRISON AVENUE,"SUITE 605, PMB 653323",BOSTON,MA,02111,1000000,2000000,16-OCT-2025,2025Q4
0001932386-25-000003,"SightStream Biotherapeutics, Inc.",0001932386,"55 WEST STREET, SUITE 201",,WALPOLE,MA,02081,1791165,1791165,16-OCT-2025,2025Q4
0002075778-25-000001,"SMSbiotech, Inc.",0002075778,1825 DIAMOND STREET,SUITE 101,SAN MARCOS,CA,92078,0,15752800,15-OCT-2025,2025Q4
0001869920-25-000002,AOA DX Inc.,0001869920,6860 Broadway,Unit B,Denver,CO,80221,8085364,30582903,15-OCT-2025,2025Q4
0001231919-25-000318,Belhaven Biopharma Inc.,0001873965,84406 Winslow,,Chapel Hill,NC,27517,32289627,32289627,15-OCT-2025,2025Q4
0000912282-25-001079,ARC Medical Inc.,0001505556,#8 - 3071 No. 5 Road,,RICHMOND,A1,V6X 2T4,1001496,1001496,15-OCT-2025,2025Q4
0001279740-25-000004,ONASSIS HOLDINGS CORP.,0001279740,39 BROADWAY,SUITE 3010,NEW YORK,NY,10006,0,10000000,15-OCT-2025,2025Q4
0001104659-25-099416,APPLIED DNA SCIENCES INC,0000744452,50 HEALTH SCIENCES DRIVE,,STONY BROOK,NY,11790,58000000,58000000,15-OCT-2025,2025Q4
0001193125-25-238985,Scilex Holding Co,0001820190,960 San Antonio Road,,Palo Alto,CA,94303,2688540,2688540,14-OCT-2025,2025Q4
0001193125-25-237111,"Jaguar Health, Inc.",0001585608,"200 Pine St., Ste 400",,San Francisco,CA,94104,1000000,1000000,10-OCT-2025,2025Q4
0001743104-25-000002,"ECM Therapeutics, Inc.",0001743104,118 MARSHALL DRIVE,,WARRENDALE,PA,15086,35219000,40000000,10-OCT-2025,2025Q4
0002060755-25-000049,CELESTIAL THERAPEUTICS INC.,0001804448,"4790 IRVINE BLVD., SUITE 105332",,IRVINE,CA,92620,800000,Indefinite,09-OCT-2025,2025Q4
0001021771-25-000134,"BioRestorative Therapies, Inc.",0001505497,40 Marcus Drive,Suite One,Melville,NY,11747,1398628,1398628,09-OCT-2025,2025Q4
0002042485-25-000006,"EyeMacular Regeneration, Inc.",0002042485,1000 Westgate Dr.,STE 113,St. Paul,MN,55114,2000000,6000000,09-OCT-2025,2025Q4
0002090779-25-000001,"Rinascera Therapeutics, Inc.",0002090779,75 KNEELAND ST FL 14,,BOSTON,MA,02111,2500000,2500000,08-OCT-2025,2025Q4
0000905729-25-000168,"Cirius Therapeutics, Inc.",0001702956,3133 ORCHARD VISTA DR. SW,,GRAND RAPIDS,MI,49546,800000,1200000,08-OCT-2025,2025Q4
0001470831-25-000252,"ThirdLaw Molecular, Inc.",0002086735,512 EAST TOWNSHIP LINE ROAD,4 VALLEY SQUARE,BLUE BELL,PA,19422,5500000,5500000,08-OCT-2025,2025Q4
0001574251-25-000003,Mati Therapeutics Inc.,0001574251,101 Colorado Street,Suite 2409,AUSTIN,TX,78701,9867695,10523695,08-OCT-2025,2025Q4
0002038826-25-000002,"Bectas Therapeutics, Inc.",0002038826,3262 WESTHEIMER ROAD,SUITE 762,HOUSTON,TX,77098,5550000,10000000,08-OCT-2025,2025Q4
0001465818-25-000010,"Onconetix, Inc.",0001782107,201 E. FIFTH STREET,SUITE 1900,CINCINNATI,OH,45202,12977670,12977670,07-OCT-2025,2025Q4
0001851853-25-000002,"Inmedix, Inc.",0001851853,"17837 FIRST AVENUE SOUTH, #6",,NORMANDY PARK,WA,98148,159980,5000000,06-OCT-2025,2025Q4
0002089723-25-000001,"Accufy Diagnostics, Inc.",0002089723,13 TAFT COURT,SUITE 219,ROCKVILLE,MD,20850,200000,200000,02-OCT-2025,2025Q4
0001231919-25-000275,"Ansa Biotechnologies, Inc.",0001816722,1198 65TH STREET #250,,EMERYVILLE,CA,94608,45199665,55477037,02-OCT-2025,2025Q4
0002089151-25-000001,Alto Labs LLC,0002089151,"1801 S HILL STREET #200,",,LOS ANGELES,CA,90007,300000,400000,02-OCT-2025,2025Q4
0000891839-25-000057,BirchBioMed Inc.,0001670747,130 KINGSCROSS DRIVE,,KING CITY,A6,L7B 1E6,2480000,5000000,01-OCT-2025,2025Q4
0001348362-25-000017,Lexaria Bioscience Corp.,0001348362,100 - 740 MCCURDY ROAD,,KELOWNA,A1,V1X 2P7,4000000,4000000,01-OCT-2025,2025Q4
0002087187-25-000001,Kilele Health Inc.,0002087187,201 E. Dixon Ave,,Oakwood,OH,45419,264500,2000000,01-OCT-2025,2025Q4
0001936997-26-000003,"Ovala, Inc.",0001936997,2366 GOLDEN MILE HIGHWAY,BOX 505,PITTSBURGH,PA,15239,3257155,12957155,31-MAR-2026,2026Q1
0001999371-26-007308,"NOXX Therapeutics, Inc.",0001996801,3000 MILITARY TRAIL #103,,BOCA RATON,FL,33431,1000000,1000000,31-MAR-2026,2026Q1
0002125200-26-000001,"Promaxo Holdings, Inc.",0002125200,70 WASHINGTON ST,STE 407,OAKLAND,CA,94607,26848795,28781164,30-MAR-2026,2026Q1
0002124953-26-000001,"Mussel Polymers, Inc.",0002124953,116 RESEARCH DRIVE,,BETHLEHEM,PA,18015,4825794,4825794,30-MAR-2026,2026Q1
0002125596-26-000001,"BioLattice Ophthalmics, Inc,",0002125596,2929 ARCH STREET,,PHILADELPHIA,PA,19104,575000,2500000,30-MAR-2026,2026Q1
0001231919-26-000278,"NGM Bio Holdings, Inc.",0002029767,"611 Gateway Blvd., Suite 540",,SOUTH SAN FRANCISCO,CA,94080,142039949,142039949,27-MAR-2026,2026Q1
0001955319-26-000001,"Nexo Therapeutics, Inc.",0001955319,11757 W. KEN CARYL AVENUE,"SUITE F, 520",LITTLETON,CO,80127-3719,60000000,60000000,27-MAR-2026,2026Q1
0002124951-26-000002,TRUE-See Systems Inc,0002124951,650 POYDRAS ST,SUITE 1400,NEW ORLEANS,LA,70130,0,Indefinite,27-MAR-2026,2026Q1
0002021363-26-000003,"Simergent, LLC",0002021363,11 NE 11TH STREET,SUITE 229,OKLAHOMA CITY,OK,73104,8836066,9862252,27-MAR-2026,2026Q1
0001099910-26-000136,Nexia Impact Onshore 1 LP,0002124646,30 N GOULD ST,STE N,SHERIDAN,WY,82801,6340000,6340000,27-MAR-2026,2026Q1
0001745648-26-000001,"Apnimed, Inc.",0001745648,"39 JOHN F. KENNEDY STREET, 4TH FLR.",,CAMBRIDGE,MA,02138,24999994,24999994,27-MAR-2026,2026Q1
0001213900-26-034790,"Cytogel Pharma, LLC",0001491841,3 THORNDAL CIRCLE,,DARIEN,CT,06820,0,16000000,26-MAR-2026,2026Q1
0001213900-26-034473,"Jabez Biosciences, Inc.",0002038185,2009 MACKENZIE,SUITE 100,CRANBERRY TWP.,PA,16066,31200,Indefinite,26-MAR-2026,2026Q1
0002055042-26-000001,Circula-AI Inc,0002055042,1199 SOUTH FEDERAL HWY,STE 291,BOCA RATON,FL,33432,1150932,2100000,26-MAR-2026,2026Q1
0002117706-26-000001,"Pacegenix, Inc.",0002117706,"245 1ST ST, 18TH FLOOR",,CAMBRIDGE,MA,02142,22533267,22533267,26-MAR-2026,2026Q1
0001880438-26-000001,"AN2 Therapeutics, Inc.",0001880438,"1300 EL CAMINO REAL, SUITE 100",,MENLO PARK,CA,94025,39999989,39999989,25-MAR-2026,2026Q1
0002123903-26-000001,3X Genetics Inc.,0002123903,17 BRIDEN ST,,WORCESTER,MA,01605,3159986,4000000,25-MAR-2026,2026Q1
0001721484-26-000001,Longeveron Inc.,0001721484,1951 NW 7TH AVENUE,SUITE 520,MIAMI,FL,33136,15890000,33515000,25-MAR-2026,2026Q1
0002123730-26-000001,PAHTIA TECHNOLOGIES INC,0002123730,1251 NORTH EDDY STREET,REGUS SUITE 200,SOUTH BEND,IN,46617,45000,50000,24-MAR-2026,2026Q1
0001376474-26-000247,"Porosome Therapeutics, Inc.",0001934919,"ONE BOSTON PLACE, STE 2631",,BOSTON,MA,02108,3625000,Indefinite,24-MAR-2026,2026Q1
0001791842-26-000001,"TellBio, Inc.",0001791842,19 CONNECTOR RD,SUITE 4,ANDOVER,MA,01810,1000000,1000000,24-MAR-2026,2026Q1
0000912282-26-000484,Vira Regen Inc.,0002115222,48 S. RIO GRANDE STREET,,SALT LAKE CITY,UT,84101,0,3000000,23-MAR-2026,2026Q1
0000891839-26-000100,Biophytis SA,0001768946,14 avenue de l'Opera,,Paris,I0,75001,1584275,1584275,23-MAR-2026,2026Q1
0002123636-26-000001,Halcyon Wellness Inc.,0002123636,16192 COASTAL HIGHWAY,,LEWES,DE,19958,8000000,12000000,23-MAR-2026,2026Q1
0002001012-26-000003,Atommap Corp,0002001012,1059 3RD AVENUE,APARTMENT 17B,NEW YORK,NY,10065,31130335,59630328,20-MAR-2026,2026Q1
0001981285-26-000001,"Consano Bio, Inc.",0001981285,100 SUMMIT DRIVE,,BURLINGTON,MA,01803,34824466,48858795,20-MAR-2026,2026Q1
0001213900-26-031834,"SS Innovations International, Inc.",0001676163,"405, 3RD FLOOR, ILABS INFO TECH CENTRE","UDYOG VIHAR, PHASE III","GURUGRAM, HARYANA",K7,122016,18621498,18621498,19-MAR-2026,2026Q1
0002060755-26-000018,Vesalius Longevity Labs (SPV) Inc.,0002056924,1500 - 1055 WEST GEORGIA STREET,,VANCOUVER,A1,V6E 4N7,6712500,6712500,19-MAR-2026,2026Q1
0002031505-26-000003,"Starling Medical, Inc.",0002031505,2450 Holcombe Boulevard,Suite 1320,HOUSTON,TX,77021,824990,1750000,19-MAR-2026,2026Q1
0002121365-26-000001,Dosentrx Ltd.,0002121365,1 HAMAAYAN ST,,MODIIN MACCABIM REUT,L3,7177874,1780000,6000000,19-MAR-2026,2026Q1
0001231919-26-000263,"Numerion Labs, Inc.",0001736153,250 SUTTER ST. SUITE 650,,SAN FRANCISCO,CA,94108,19794945,35000000,19-MAR-2026,2026Q1
0001578117-26-000002,"Terrestrial Bio, Inc.",0001578117,30 CUMMINGS PARK DRIVE,,WOBURN,MA,01801,57301758,83538199,19-MAR-2026,2026Q1
0001870611-26-000004,PIROUETTE PHARMA INC.,0001870611,200 INTERNATIONAL DRIVE,STE 170 - 180,PORTSMOUTH,NH,03801,1080537,6000000,18-MAR-2026,2026Q1
0002121615-26-000001,Metanoia Bio Inc,0002121615,"16192 COASTAL HIGHWAY ,",,LEWES,DE,19958,900000,5000000,18-MAR-2026,2026Q1
0002121301-26-000001,"Nula Therapeutics, Inc.",0002121301,961 Arlington Ave N,,St. Petersburg,FL,33705,7399003,7399003,18-MAR-2026,2026Q1
0002118849-26-000001,TOPAS Solutions Inc.,0002118849,225 Dyer Street,2nd Floor,Providence,RI,02903,567500,1000000,18-MAR-2026,2026Q1
0001995074-26-000002,NurExone Biologic Inc.,0001995074,"MINUS 1 ENTRY, GROUND FLOOR OF BLDG B",GUTWIRTH INDUSTRIAL PARK,"TECHNION CITY, HAIFA",L3,3200003,279910,279910,18-MAR-2026,2026Q1
0001231919-26-000259,Strand Therapeutics Inc.,0001778475,20 Overland Street,Suite A,Boston,MA,02215,108099927,120099940,17-MAR-2026,2026Q1
0002109810-26-000001,"AgelessRx, Inc.",0002109810,2370 E STADIUM BLVD,#2049,ANN ARBOR,MI,48104,5473242,Indefinite,17-MAR-2026,2026Q1
0002114321-26-000001,"Vesica Health, Inc.",0002114321,5 MASON LANE,SUITE 180,IRVINE,CA,92618,4467683,4630489,17-MAR-2026,2026Q1
0001760186-26-000005,"Akelos, Inc.",0001760186,"215 EAST 68TH STREET, SUITE 26B",,NEW YORK,NY,10065,1486000,Indefinite,16-MAR-2026,2026Q1
0001882991-26-000003,"Alphina Therapeutics, Inc.",0001882991,55 Church Street,,New Haven,CT,06510,153715,10000000,16-MAR-2026,2026Q1
0001748964-26-000002,"Phoreus Biotechnology, Inc.",0001748964,22201 W. INNOVATION DRIVE,,OLATHE,KS,66061,4434630,Indefinite,13-MAR-2026,2026Q1
0001841279-26-000003,"Nocion Therapeutics, Inc.",0001841279,15 MAIN STREET,NO. 247,WATERTOWN,MA,02472,22999999,22999999,13-MAR-2026,2026Q1
0001971839-26-000001,"BioCytics, Inc.",0001971839,9801 KINCEY AVE.,SUITE 145,HUNTERSVILLE,NC,28078,25000,7000000,13-MAR-2026,2026Q1
0001841317-26-000001,"Ramona Optics, Inc.",0001841317,1000 W. MAIN ST,SUITE 2A,DURHAM,NC,27701,26037360,31037360,12-MAR-2026,2026Q1
0000892251-26-000043,"BioSolution Designs, Inc.",0002110022,4539 METROPOLITAN CT.,,FREDERICK,MD,21704,705000,1500000,12-MAR-2026,2026Q1
0002115201-26-000001,"DNA SEQ 2, INC.",0002115201,1255 E VISTA WAY #157,,VISTA,CA,92084,1176300,1176300,11-MAR-2026,2026Q1
0001047810-26-000001,DILON TECHNOLOGIES INC,0001047810,701 MARINERS ROW,SUITE 200,NEWPORT NEWS,VA,23606,8056500,10400000,11-MAR-2026,2026Q1
0002116676-26-000001,"Everest Biolabs, Inc.",0002116676,204 SECOND AVE,SUITE 102,WALTHAM,MA,02451,4350000,5650000,11-MAR-2026,2026Q1
0001231919-26-000246,"Slate Medicines, Inc.",0002117806,"200 BERKELEY STREET, 18TH FLOOR",,BOSTON,MA,02116,9999992,130000000,11-MAR-2026,2026Q1
0002115406-26-000003,ADVAC Therapeutics Inc,0002115406,2281 Kenny Road,SUITE 410,Columus,OH,43210,500000,5000000,10-MAR-2026,2026Q1
0002113353-26-000001,"SwitchPoint Bio Holding, Inc.",0002113353,251 LITTLE FALLS DRIVE,,WILMINGTON,DE,19808,5270000,5270000,10-MAR-2026,2026Q1
0002085429-26-000002,Synchrony Medical Inc.,0002085429,222 JERSEY CITY BLVD.,,JERSEY CITY,NJ,07305,4300000,4300000,10-MAR-2026,2026Q1
0002116600-26-000002,"Solstice Oncology, Inc.",0002116600,"200 BERKELEY ST., 18TH FLOOR",,BOSTON,MA,02116,121260306,298400851,09-MAR-2026,2026Q1
0002116194-26-000001,"AirNexis Therapeutics, Inc.",0002116194,1001 PAGE MILL ROAD,"BUILDING 4, SUITE 200B",PALO ALTO,CA,94304,62000000,200000000,09-MAR-2026,2026Q1
0001997597-26-000001,EmpNia Inc.,0001997597,4500 LAKEVIEW DRIVE,,EDINA,MN,55424,9100000,10000000,06-MAR-2026,2026Q1
0001994145-26-000001,"EnZeta Immunotherapies, Inc.",0001994145,122 SEVILLA AVE # 919,,CORAL GABLES,FL,33134,840000,2370000,06-MAR-2026,2026Q1
0002002665-26-000003,"GelSana Therapeutics, Inc.",0002002665,12635 E MONTVIEW BLVD STE 216,,AURORA,CO,80045,3481740,3681738,06-MAR-2026,2026Q1
0000950138-26-000005,CraniUS LLC,0001878219,"1700 Union Avenue, Ste A-1",,Baltimore,MD,21211,19000000,20000000,06-MAR-2026,2026Q1
0002109274-26-000001,"Qureator, Inc.",0002109274,"7094 MIRATECH DRIVE, STE 110",,SAN DIEGO,CA,92121,6680994,6881746,06-MAR-2026,2026Q1
0001792522-26-000001,"MindImmune Therapeutics, Inc.",0001792522,130 FLAGG ROAD,,KINGSTON,RI,02881,15218343,17014485,05-MAR-2026,2026Q1
0001193805-26-000217,"IMMUNIC, INC.",0001280776,1200 AVENUE OF THE AMERICAS,SUITE 200,NEW YORK,X1,10036,200000000,200000000,04-MAR-2026,2026Q1
0001829802-26-000001,"Sensei Biotherapeutics, Inc.",0001829802,"1405 RESEARCH BLVD, SUITE 125",,ROCKVILLE,MD,20850,348906500,348906500,04-MAR-2026,2026Q1
0001736000-26-000004,"GenoPalate, Inc.",0001736000,10437 W INNOVATION DR,STE 465,MILWAUKEE,WI,53226,250000,3000000,04-MAR-2026,2026Q1
0002113766-26-000001,"Parcel Biosciences, Inc.",0002113766,135 MISSISSIPPI STREET,,SAN FRANCISCO,CA,94107,13174977,13174977,04-MAR-2026,2026Q1
0001231919-26-000232,Aegle Therapeutics Corp,0001797825,400 TradeCenter Drive,Suite 5900,Woburn,MA,01801,455695,700000,03-MAR-2026,2026Q1
0002113154-26-000001,GUARDIAN BIOMEDICAL CORP.,0002113154,4920 W. CYPRESS ST. 104 #5076,,TAMPA,FL,33607,60000,250000,03-MAR-2026,2026Q1
0001231919-26-000229,"Ventaris Surgical, Inc.",0002109704,521 TAYLOR WAY,,SAN CARLOS,CA,94070,30684891,30684891,02-MAR-2026,2026Q1
0002107846-26-000001,"MultiValent Biotherapies, Inc.",0002107846,2310 HOMESTEAD ROAD,SUITE C1-409,LOS ALTOS,CA,94024,4375,4375,27-FEB-2026,2026Q1
0002012886-26-000003,"CoRegen, Inc.",0002012886,801 TRAVIS STREET,SUITE 2101,HOUSTON,TX,77002,13500000,13500000,26-FEB-2026,2026Q1
0001493152-26-008057,Nasus Pharma Ltd,0002029039,34 YITZHAK SADEH ST,,TEL AVIV,L3,6274711,15000040,15000040,25-FEB-2026,2026Q1
0001104659-26-019284,"NANOVIRICIDES, INC.",0001379006,1 CONTROLS DRIVE,,SHELTON,CT,06484,6000000,6000000,25-FEB-2026,2026Q1
0002113010-26-000001,"Duracrin, LLC",0002113010,115 MUNSON STREET,6TH FLOOR,NEW HAVEN,CT,06511,1000000,1000000,25-FEB-2026,2026Q1
0002112953-26-000001,"Quarry DAC, Inc",0002112953,115 MUNSON STREET,6TH FLOOR,NEW HAVEN,CT,06511,2100000,2100000,25-FEB-2026,2026Q1
0002113011-26-000001,"Quarry Heme, Inc",0002113011,115 MUNSON STREET,6TH FLOOR,NEW HAVEN,CT,06511,13541480,13541480,25-FEB-2026,2026Q1
0002111460-26-000001,"Lonestar Medicines, Inc.",0002111460,200 BERKELEY STREET,18TH FLOOR,BOSTON,MA,02116,25000000,45000000,23-FEB-2026,2026Q1
0001706556-26-000002,"Inventure, LLC",0001706556,25 DEPOT HILL ROAD,"BUILDING ONE, SUITE 104",SOUTHBURY,CT,06488,200000,200000,23-FEB-2026,2026Q1
0001960618-26-000003,"Altesa BioSciences, Inc.",0001960618,1930 HARVARD AVENUE,,COLLEGE PARK,GA,30337,74999986,74999986,23-FEB-2026,2026Q1
0001959321-26-000005,"Vitazi.AI, Inc.",0001959321,3900 PASEO DEL SOL,,SANTA FE,NM,87507,500000,3000000,20-FEB-2026,2026Q1
0001836033-26-000003,"Amplified Sciences, Inc.",0001836033,3000 KENT AVE,SUITE 1950,WEST LAFAYETTE,IN,47906,2993141,3500000,20-FEB-2026,2026Q1
0002112659-26-000001,"ILIAD BIOTECHNOLOGIES, INC.",0002112659,4581 WESTON ROAD,SUITE 260,WESTON,FL,33331,115540057,115540057,20-FEB-2026,2026Q1
0001178913-26-000573,Evogene Ltd.,0001574565,13 GAD FEINSTEIN STREET,PARK REHOVOT,REHOVOT,L3,7638517,3384616,3384616,19-FEB-2026,2026Q1
0001966649-26-000001,Akava Therapeutics Inc.,0001966649,755 SHERIDAN ROAD,,WINNETKA,IL,60093,0,15000000,19-FEB-2026,2026Q1
0000929638-26-000684,"Galenus Precision Pharmacy, Inc.",0002107049,"350 FELLOWSHIP ROAD, SUITE 101",,MT. LAUREL,NJ,08054,1940500,2817250,18-FEB-2026,2026Q1
0002111997-26-000001,"Verra Therapeutics, Inc.",0002111997,1939 EAST SHORE DR. SUITE 5,,LANSING,NY,14882,205000,450000,18-FEB-2026,2026Q1
0001193125-26-054545,"LEXICON PHARMACEUTICALS, INC.",0001062822,"2445 Technology Forest Blvd., 11th Floor",,The Woodlands,TX,77381,55668255,59150000,17-FEB-2026,2026Q1
0002109293-26-000001,"Accretion Therapeutics, Inc.",0002109293,416 OLD MILL CIR,,LINCOLNSHIRE,IL,60069,750000,1000000,17-FEB-2026,2026Q1
0002057780-26-000001,Treysta Medical Technologies Inc.,0002057780,3733 NORTHWEST 53RD LANE,,GAINESILLE,FL,32653,90000,300000,17-FEB-2026,2026Q1
0001952974-26-000002,"Praeventix, Inc.",0001952974,"665 STOCKTON DRIVE, SUITE 200H",,EXTON,PA,19341,3000000,5000000,13-FEB-2026,2026Q1
0002110349-26-000001,Protogenix Inc.,0002110349,237 TOWER RD,WEILL HALL 409,ITHACA,NY,14853,250000,4200000,13-FEB-2026,2026Q1
0002111394-26-000001,"20 Bio, Inc.",0002111394,399 REVOLUTION DRIVE SUITE 999,,SOMERVILLE,MA,02145,4500000,6000000,13-FEB-2026,2026Q1
0002110722-26-000001,RUSKID LLC,0002110722,6171 RANCHO DIEGUENO RD,,RANCHO SANTA FE,CA,92091,1370000,2000000,13-FEB-2026,2026Q1
0001829126-26-001292,"KALA BIO, Inc.",0001479419,1167 MASSACHUSETTS AVENUE,,ARLINGTON,MA,02476,2250600,4200000,13-FEB-2026,2026Q1
0002100894-26-000001,"JML BIOTECH INVESTORS, LLC",0002100894,11923 LONGLEAF LANE,,HOUSTON,TX,77024,0,5000000,13-FEB-2026,2026Q1
0002109348-26-000002,"Thoclor US, Inc.",0002109348,1 SHETLAND ROAD,,FLORHAM PARK,NJ,07932,225000,500000,12-FEB-2026,2026Q1
0002110508-26-000001,"Eldec Pharmaceuticals, Inc.",0002110508,510 MEADOWMONT VILLAGE CIRCLE SUITE 364,,CHAPEL HILL,NC,27517,200000,1500000,12-FEB-2026,2026Q1
0002108256-26-000001,"Third Coast Dynamics, Inc.",0002108256,1740 WESLEY AVENUE,,EVANSTON,IL,60201,224,224,11-FEB-2026,2026Q1
0002102037-26-000001,"Elysia Creative Biology, Inc.",0002102037,840 OVAL DRIVE,,RALEIGH,NC,27606,464875,465000,11-FEB-2026,2026Q1
0002109179-26-000001,"Exin Therapeutics, Inc.",0002109179,2261 MARKET STREET STE 22614,,SAN FRANCISCO,CA,94114,2162300,2162300,10-FEB-2026,2026Q1
0002024675-26-000004,California Cultured Inc.,0002024675,3650 INDUSTRIAL BLVD.,STE 100,WEST SACRAMENTO,CA,95691,7510059,7510059,10-FEB-2026,2026Q1
0002032849-26-000001,"Ensho Therapeutics, Inc.",0002032849,50 Tice Boulevard,Suite 340 - #1005,Woodcliff Lake,NJ,07677,0,20000000,09-FEB-2026,2026Q1
0002105666-26-000001,"Neuro Spine Ventures, LLC",0002105666,2840 WEST BAY DRIVE #238,,BELLEAIR BLUFFS,FL,33770,856988,1500000,09-FEB-2026,2026Q1
0002110269-26-000001,ASTRO HEALTH INC,0002110269,1 SANSOME ST STE 3500,,SAN FRANCISCO,CA,CA 94104,100000,10000000,09-FEB-2026,2026Q1
0002109643-26-000002,"Embold Therapeutics, Inc.",0002109643,2682 EATON AVE,,REDWOOD CITY,CA,94062,130000,3000000,09-FEB-2026,2026Q1
0002026725-26-000001,XDemics Corp,0002026725,1281 Andersen Drive,Suite K,San Rafael,CA,94901,7399999,7399999,06-FEB-2026,2026Q1
0001062993-26-000650,Sernova Biotherapeutics Inc.,0002102368,PO 29592 RPO Central Parkway,,Mississauga,A6,L5A4H2,344514,843153,05-FEB-2026,2026Q1
0002109829-26-000001,"Immunomet Therapeutics, Inc.",0002109829,2450 HOLCOMBE BLVD.,,HOUSTON,TX,77021,842211,10000000,05-FEB-2026,2026Q1
0001885962-26-000004,"Nanochon, Inc.",0001885962,1317 SHEPHERD ST NW,UNIT D,WASHINGTON,DC,20011,3582315,4223097,05-FEB-2026,2026Q1
0001683168-26-000772,"ClearPoint Neuro, Inc.",0001285550,120 S. SIERRA AVENUE,SUITE 100,SOLANA BEACH,CA,92075,17892698,17892698,05-FEB-2026,2026Q1
0001959064-26-000002,"PathCision Medicine, Inc.",0001959064,134 COOLIDGE AVENUE,#2,WATERTOWN,MA,02472,1700000,3000000,05-FEB-2026,2026Q1
0001728443-26-000005,"Sentire Medical Systems, Inc.",0001728443,10455 RIVERSIDE DRIVE,SUITE 110,PALM BEACH GARDENS,FL,33410,1167544,1200000,04-FEB-2026,2026Q1
0001798793-26-000001,"Nature's Toolbox, Inc.",0001798793,7701 INNOVATION WAY,,RIO RANCHO,NM,87144,10365162,15001975,04-FEB-2026,2026Q1
0002107396-26-000001,Gilgamesh Pharma Inc.,0002107396,"113 UNIVERSITY PLACE, SUITE 1019",,NEW YORK,NY,10003,0,4366118,04-FEB-2026,2026Q1
0002108983-26-000001,"Caradon Therapeutics, Inc.",0002108983,1281 HYMETTUS AVE.,,ENCINITAS,CA,92024,559328,900000,03-FEB-2026,2026Q1
0002108969-26-000001,Starget Pharma Inc.,0002108969,2031 KINGS HIGHWAY,,SHREVEPORT,LA,71103,16373737,22158515,03-FEB-2026,2026Q1
0002105460-26-000001,Compvide Inc.,0002105460,879 RAINIER AVE N,STE A103,RENTON,WA,98057,25000,3000000,03-FEB-2026,2026Q1
0002107977-26-000001,"Navega Therapeutics, Inc.",0002107977,3210 MERRYFIELD ROW,,SAN DIEGO,CA,92121,1300000,2500000,30-JAN-2026,2026Q1
0001759425-26-000005,"Mirum Pharmaceuticals, Inc.",0001759425,"989 EAST HILLSDALE BOULEVARD, SUITE 300",,FOSTER CITY,CA,94404,68480000,68480000,29-JAN-2026,2026Q1
0001477932-26-000461,VOLITIONRX LTD,0000093314,"1489 West Warm Springs Road, Suite 110",,Henderson,NV,89014,22650000,22650000,28-JAN-2026,2026Q1
0002105609-26-000001,"GPN VACCINES, INC.",0002105609,251 LITTLE FALLS DRIVE,,WILMINGTON,DE,19808,3500000,10000000,28-JAN-2026,2026Q1
0002101752-26-000001,Avenue Biosciences Holding Inc,0002101752,211 LAUREL STREET,,MENLO PARK,CA,94025,7440682,8357349,28-JAN-2026,2026Q1
0001769360-26-000002,"28bio, Inc.",0001769360,"4224 HOUMA BLVD., SUITE 224",,METAIRIE,LA,70006,6525000,7000000,27-JAN-2026,2026Q1
0002104335-26-000001,LAACClamp Inc.,0002104335,1275 KINNEAR ROAD,,COLUMBUS,OH,43212,150000,750000,27-JAN-2026,2026Q1
0002095500-26-000001,Bio Usawa Inc.,0002095500,100 PINE STREET,SUITE 1250,SAN FRANCISCO,CA,94111,500000,Indefinite,27-JAN-2026,2026Q1
0002100543-26-000001,"Faeth Therapeutics, Inc.",0002100543,701 TILLERY ST #12 #1010,,AUSTIN,TX,78702,24434214,24999993,27-JAN-2026,2026Q1
0002105017-26-000001,"Sarmal, Inc.",0002105017,"9310 ATHENA CIR, STE 250",,LA JOLLA,CA,92037,5000000,5000000,26-JAN-2026,2026Q1
0002106870-26-000001,"Kylix Bio, Inc.",0002106870,"8 THE GREEN, SUITE A",,DOVER,DE,19901,850000,12000000,26-JAN-2026,2026Q1
0001606077-26-000001,"Windgap Medical, Inc.",0001606077,200 DEXTER AVENUE,SUITE 270,WATERTOWN,MA,02472,12650000,17250000,26-JAN-2026,2026Q1
0002066303-26-000001,"Mivax Therapeutics, Inc.",0002066303,701 CHINA BASIN ST,APT 605,SAN FRANCISCO,CA,94158,107500,500000,23-JAN-2026,2026Q1
0002103906-26-000001,NBO Pharma Inc.,0002103906,64 QUARRY LANE,,BEDFORD,NY,10506,7640217,7640217,22-JAN-2026,2026Q1
0001104659-26-005775,"iBio, Inc.",0001420720,"11750 SORRENTO VALLEY ROAD, SUITE 200",,SAN DIEGO,CA,92121,25985431,25985431,22-JAN-2026,2026Q1
0002089685-26-000003,Tidal Diagnostic Solutions Inc.,0002089685,20 OLD COLONY LN,,SCARBOROUGH,ME,04074,227000,300000,22-JAN-2026,2026Q1
0001814250-26-000001,"inSoma Bio, Inc.",0001814250,"701 W. MAIN STREET, SUITE 410",,DURHAM,NC,27701,2689372,4000000,22-JAN-2026,2026Q1
0002106811-26-000001,Eletala Enterprises Inc,0002106811,251 LITTLE FALLS DRIVE,,WILMINGTON,DE,19808,100000,10000000,22-JAN-2026,2026Q1
0002104852-26-000001,"PICO HOLDINGS, INC.",0002104852,1610 R STREET,SUITE 300,SACRAMENTO,CA,95811-9623,163000,8000000,22-JAN-2026,2026Q1
0002069936-26-000001,"Caldera Therapeutics, Inc.",0002069936,300 TECHNOLOGY SQUARE,8TH FLOOR,CAMBRIDGE,MA,02139,37500000,37500000,21-JAN-2026,2026Q1
0001493152-26-003028,Kaida BioPharma Inc.,0001973954,416 SW 1ST AVENUE,SUITE 101,FORT LAUDERDALE,FL,33301,1570507,3000000,21-JAN-2026,2026Q1
0001991732-26-000001,"Cantai Therapeutics, Inc.",0001991732,3675 MARKET STREET,SUITE 200,PHILADELPIA,PA,19104,3000000,3000000,21-JAN-2026,2026Q1
0002105554-26-000001,SeeLife Impact 6 LLC,0002105554,12481 S FORT STREET,#225,DRAPER,UT,84020,5000000,5000000,20-JAN-2026,2026Q1
0002105562-26-000001,SeeLife Impact 4 LLC,0002105562,12481 S FORT STREET,#225,DRAPER,UT,84020,5000000,5000000,20-JAN-2026,2026Q1
0002105571-26-000001,SeeLife Impact 3 LLC,0002105571,12481 S FORT STREET,#225,DRAPER,UT,84020,5000000,5000000,20-JAN-2026,2026Q1
0002105597-26-000001,SeeLife Impact 2 LLC,0002105597,12481 S FORT STREET,#225,DRAPER,UT,84020,5000000,5000000,20-JAN-2026,2026Q1
0002105602-26-000001,SeeLife Impact 1 LLC,0002105602,12481 S FORT STREET,#225,DRAPER,UT,84020,5000000,5000000,20-JAN-2026,2026Q1
0001795091-26-000001,OS Therapies Inc,0001795091,115 Pullman Crossing Road,Suite 103,Grasonville,MD,21638,3498650,7531884,20-JAN-2026,2026Q1
0001213900-26-005642,BiomX Inc.,0001739174,"22 EINSTEIN STREET, FLOOR 4",,NESS ZIONA,L3,7414003,3300000,3300000,20-JAN-2026,2026Q1
0002105633-26-000001,Rhodenergy An Environmental Co Corp,0002105633,300 CARNEGIE CENTER,SUITE 150,PRINCETON,NJ,08540,250000000,250000000,15-JAN-2026,2026Q1
0000905729-26-000020,"Iaso Therapeutics, Inc.",0001961165,4942 DAWN AVE,STE 108,EAST LANSING,MI,48823,570000,1800000,14-JAN-2026,2026Q1
0001231919-26-000051,"Alveus Therapeutics, Inc.",0002075856,"100 N. 18TH STREET, SUITE 1930",,PHILADELPHIA,PA,19103,56862480,110724980,14-JAN-2026,2026Q1
0002104899-26-000001,"Serafin Labs, Inc.",0002104899,3971 LAMONT STREET,,SAN DIEGO,CA,92109,50000,1000000,14-JAN-2026,2026Q1
0002104142-26-000001,"ABLi Therapeutics, Inc.",0002104142,3350 RIVERWOOD PKWY SE,STE 1900,ATLANTA,GA,30339,1000000,1000000,13-JAN-2026,2026Q1
0002102852-26-000001,SeeLife Impact 5 LLC,0002102852,12481 S FORT STREET,#225,DRAPER,UT,84020,5000000,5000000,13-JAN-2026,2026Q1
0002104347-26-000001,"Gasami Therapeutics, Inc.",0002104347,8401 MAYLAND DR,#5432,RICHMOND,VA,23294,20000,250000,12-JAN-2026,2026Q1
0001790415-26-000002,"Vizgen, Inc.",0001790415,150 Bear Hill Road,,Waltham,MA,02451,47788714,50000000,12-JAN-2026,2026Q1
0002078196-26-000001,"Circulate Health, Inc.",0002078196,1424 11TH AVE STE 400,,SEATTLE,WA,98122,13000000,13000000,09-JAN-2026,2026Q1
0002102665-26-000001,"Immorta Bio, Inc.",0002102665,7064 FISHER ISLAND DRIVE,,MIAMI BEACH,FL,33109,450000,500000,08-JAN-2026,2026Q1
0001493152-26-000797,"Dermata Therapeutics, Inc.",0001853816,3525 DEL MAR HEIGHTS RD.,#322,SAN DIEGO,CA,92130,4124591,4124591,07-JAN-2026,2026Q1
0001903784-26-000002,"Vogenx, Inc.",0001903784,3901 BARRETT DRIVE,"SUITE 300, P.O. BOX 19469",RALEIGH,NC,27609,750000,5000000,07-JAN-2026,2026Q1
0001437749-26-000454,"Harvard Apparatus Regenerative Technology, Inc.",0001563665,84 OCTOBER HILL ROAD,Suite 11,HOLLISTON,MA,01746,700000,2000000,06-JAN-2026,2026Q1
0001493152-26-000434,"MAIA Biotechnology, Inc.",0001878313,444 WEST LAKE STREET,SUITE 1700,CHICAGO,IL,60606,1509789,2000000,05-JAN-2026,2026Q1
0001990753-26-000004,"Amplifi Vascular, Inc.",0001990753,"3965 West 83rd Street, #300",,Prairie Village,KS,66208,5960278,12000000,30-JUN-2026,2026Q2
0001945154-26-000002,"SonoThera, Inc.",0001945154,"201 HASKINS WAY, 5TH FLOOR",,SOUTH SAN FRANCISCO,CA,94080,125450218,125450218,30-JUN-2026,2026Q2
0002142815-26-000001,Andon Bio Inc.,0002142815,12635 E. MONTVIEW BLVD,SUITE 100,AURORA,CO,80045,250000,2000000,30-JUN-2026,2026Q2
0001493152-26-031095,"FibroBiologics, Inc.",0001958777,9350 KIRBY DRIVE,SUITE 300,HOUSTON,TX,77054,3000000,3000000,29-JUN-2026,2026Q2
0001493152-26-030335,"Edesa Biotech, Inc.",0001540159,100 SPY COURT,,MARKHAM,A6,L3R 5H6,3499986,3500000,26-JUN-2026,2026Q2
0001814554-26-000111,"ROC Holdings SPV III, LP",0002142302,"1630 COLUMBIA ROAD NW, APT 418",,WASHINGTON,DC,20009,0,Indefinite,26-JUN-2026,2026Q2
0002008372-26-000002,"Rapalogix Health, Inc.",0002008372,3129 TIGER RUN COURT,SUITE 207,CARLSBAD,CA,92010,19112746,24999999,26-JUN-2026,2026Q2
0001213900-26-072125,REGENTIS BIOMATERIALS LTD.,0001912966,60 MEDINAT HAYEHUDIM STREET,,HERZLIYA,L3,4676652,6500000,6500000,25-JUN-2026,2026Q2
0001829126-26-006874,"NEONC TECHNOLOGIES HOLDINGS, INC.",0001979414,23975 PARK SORRENTO,SUITE 205,CALABASAS,CA,91302,5000000,5000000,25-JUN-2026,2026Q2
0001213900-26-072032,IceCure Medical Ltd.,0001584371,7 HA'ESHEL STREET,,CAESAREA,L3,3079504,16500000,16500000,25-JUN-2026,2026Q2
0001806540-26-000001,"Lycia Therapeutics, Inc.",0001806540,"400 EAST JAMIE COURT, SUITE 200",,SOUTH SAN FRANCISCO,CA,94080,75000000,75000000,25-JUN-2026,2026Q2
0002138882-26-000001,"Chickadee Biomedicines, Inc.",0002138882,91 OAKMERE STREET,,BOSTON,MA,02132-5529,150000,1000000,25-JUN-2026,2026Q2
0002136792-26-000001,"Exactics, Inc.",0002136792,5207 S. HARPER AVENUE,,CHICAGO,IL,60615,855000,1500000,25-JUN-2026,2026Q2
0001891891-26-000002,"Quanta Therapeutics, Inc.",0001891891,"TWO TOWER PLACE, FLOOR 17",,SOUTH SAN FRANCISCO,CA,94080,76192272,89098282,24-JUN-2026,2026Q2
0002141184-26-000002,"Ollin Biosciences, Inc.",0002141184,1250 S. CAPITAL OF TEXAS HWY,"BUILDING 3, SUITE 400",AUSTIN,TX,78746,156249990,330000000,24-JUN-2026,2026Q2
0002080612-26-000037,"TETmedical, Inc.",0001980705,71 RIVERLAWN DRIVE,,FAIR HAVEN,NJ,07704,3533611,9812108,24-JUN-2026,2026Q2
0002141990-26-000001,YUTIDETX INC.,0002141990,4000 FAIRFAX DR,APT 902,ARLINGTON,VA,22203,375000,375000,24-JUN-2026,2026Q2
0002142020-26-000001,"Boston Interactome, Inc.",0002142020,127 WESTERN AVENUE,,ALLSTON,MA,02134,500000,1500000,24-JUN-2026,2026Q2
0001951025-26-000001,LabVoice Inc.,0001951025,252 SWEET BAY PLACE,,CARRBORO,NC,27510,1200000,1200000,23-JUN-2026,2026Q2
0001844157-26-000005,"Petragen, Inc.",0001844157,"12555 Orange Drive, Suite 236",,Davie,FL,33330,495000,1000000,23-JUN-2026,2026Q2
0002140690-26-000001,HAWKHILL THERAPEUTICS Ltd,0002140690,LIFE SCIENCES INNOVATION HUB,5 JAMES LINDSAY PLACE,"DUNDEE, SCOTLAND",X0,DD1 5JJ,192569,192569,23-JUN-2026,2026Q2
0001938571-26-000004,"ADAPTIN BIO, INC.",0001938571,3540 TORINGDON WAY,"SUITE 200, #250",CHARLOTTE,NC,28277,1912000,4000000,22-JUN-2026,2026Q2
0002141439-26-000001,"Nanomind, Inc.",0002141439,700 CANAL STREET,1ST FLOOR,STAMFORD,CT,06902,2000000,3000000,22-JUN-2026,2026Q2
0002139809-26-000001,"DINYA DNA, Inc.",0002139809,8000 EDGEWATER DRIVE,SUITE 200,OAKLAND,CA,94621,3772104,4297104,22-JUN-2026,2026Q2
0001104659-26-076151,Aspira Women's Health Inc.,0000926617,12117 BEE CAVES ROAD,"BUILDING III, SUITE 100",AUSTIN,TX,78738,1485000,1485000,22-JUN-2026,2026Q2
0002138514-26-000001,Balsam Pharmaceuticals Co,0002138514,"8200 GREENSBORO DR, # 900",Suite #900,MCLEAN,VA,22102,200000,1000000,22-JUN-2026,2026Q2
0000905148-26-003005,"Cellanome, Inc.",0001886462,"500 Lincoln Centre Dr., 3rd Floor",,Foster City,CA,94404,75930476,75930476,22-JUN-2026,2026Q2
0001745880-26-000001,AcuraStem Inc,0001745880,150 North Orange Grove Blvd.,Suite 220,Pasadena,CA,91103,0,5000000,22-JUN-2026,2026Q2
0001104659-26-075732,"Liminatus Pharma, Inc.",0001971387,"2251 STERN GOODMAN STREET, SUITE E",,FULLERTON,CA,92833,1861920,1861920,18-JUN-2026,2026Q2
0001493152-26-029282,Tolerance Bio Inc.,0002075488,2929 ARCH STREET,4TH FLOOR,PHILADELPHIA,PA,19104,15101584,Indefinite,18-JUN-2026,2026Q2
0002080612-26-000035,"Emblok, Inc.",0002140377,410 S. CEDAR AVE.,,TAMPA,FL,33606,6000000,12000000,18-JUN-2026,2026Q2
0001859067-26-000006,Rejuvenate Bio Inc,0001859067,270 N. El Camino Real,SUITE F451,SAN DIEGO,CA,92024,19471354,27049354,18-JUN-2026,2026Q2
0002122108-26-000002,"5D Patient Journey, Inc.",0002122108,156 BEECHMONT DRIVE,,NEW ROCHELLE,NY,10804,5460004,6017471,18-JUN-2026,2026Q2
0002139858-26-000001,"Pierogi Therapeutics, Inc",0002139858,5533 BEACON ST,,PITTSBURGH,PA,15217,50000,4000000,17-JUN-2026,2026Q2
0001786717-26-000002,"Qlaris Bio, Inc.",0001786717,770 Legacy Place,2nd Floor,Dedham,MA,02026,3946659,3946659,17-JUN-2026,2026Q2
0001878332-26-000004,"Reservoir Neuroscience, Inc.",0001878332,"665 3RD STREET, STE. 250",,SAN FRANCISCO,CA,94107,2999999,8000000,17-JUN-2026,2026Q2
0002137563-26-000001,PARLEY NEUROTECH INC,0002137563,3000 LAWRENCE ST,,DENVER,CO,80205,140000,300000,17-JUN-2026,2026Q2
0001165842-26-000001,SPINEOLOGY INC,0001165842,7800 3RD STR N #600,,ST. PAUL,MN,55128,12641849,14079337,17-JUN-2026,2026Q2
0002140304-26-000001,"Peptaris, Inc.",0002140304,406 S 23RD ST,,PHILADELPHIA,PA,19146,4000000,4000000,16-JUN-2026,2026Q2
0002139514-26-000002,"Memento Medicines, Inc.",0002139514,200 BERKELEY ST.,18th Floor,BOSTON,MA,02116,38000159,93000383,16-JUN-2026,2026Q2
0001841099-26-000001,"CND Life Sciences, Inc.",0001841099,9165 E. DEL CAMINO DRIVE,SUITE 101,SCOTTSDALE,AZ,85258-4381,4314750,6250000,16-JUN-2026,2026Q2
0001889145-26-000001,"Nirrin Technologies, Inc.",0001889145,44 MANNING RD.,,BILLERICA,MA,01821,6699781,9711196,15-JUN-2026,2026Q2
0002028798-26-000003,"Immunis, Inc.",0002028798,18301 Von Karman Avenue,Suite 350,Irvine,CA,92612,11975000,11975000,15-JUN-2026,2026Q2
0001104659-26-073380,"Eos SENOLYTIX, Inc.",0002129803,2710 REED ROAD,SUITE 160,HOUSTON,TX,77051,750000,25000000,12-JUN-2026,2026Q2
0002135129-26-000001,"Commense Bio, Inc.",0002135129,"2805 WILDERNESS PLACE, SUITE 1000",,BOULDER,CO,80301,2470334,2671875,12-JUN-2026,2026Q2
0002055006-26-000004,Carna Inc.,0002055006,200 NEWBURY STREET,SUITE 401,BOSTON,MA,02116,9073160,10000000,11-JUN-2026,2026Q2
0000950138-26-000010,Duke Street Bio Ltd,0001823388,2 DUKE STREET,,LONDON,X0,W1U 3EH,4136978,4136978,11-JUN-2026,2026Q2
0000912282-26-000809,"Quince Therapeutics, Inc.",0001662774,"611 Gateway Blvd., Suite 273",,South San Francisco,CA,94080,114720542,186422679,11-JUN-2026,2026Q2
0002090859-26-000008,Barricade Therapeutics Corp,0002090859,1120 SOUTH FREEWAY,SUITE 103,FORT WORTH,TX,76104,100000,Indefinite,10-JUN-2026,2026Q2
0001818752-26-000003,"Contraline, Inc.",0001818752,818 E. Jefferson St Suite 201,,CHARLOTTESVILLE,VA,22902,55804741,115929658,10-JUN-2026,2026Q2
0002114425-26-000002,"Haku Bio, Inc.",0002114425,74 NEWPORT ST,,ARLINGTON,MA,02476,1299000,2500000,10-JUN-2026,2026Q2
0002139798-26-000001,Ovelle Bio Corp.,0002139798,850 NEW BURTON ROAD SUITE 201,,DOVER,DE,19904,7000000,9200000,10-JUN-2026,2026Q2
0002138504-26-000001,SalivIQ Diagnostics Inc.,0002138504,1200 PARK ROAD,,HARRISONBURG,VA,22802,1205000,2470000,10-JUN-2026,2026Q2
0001062993-26-003123,"Thiogenesis Therapeutics, Corp.",0001877778,"4 KING STREET WEST, SUITE 401",,TORONTO,A6,M5H 1B6,28964,28964,09-JUN-2026,2026Q2
0001843372-26-000004,Duo Oncology Inc.,0001843372,218 OAKLAND AVE,,PITTSBURGH,PA,15213,1425000,3000000,09-JUN-2026,2026Q2
0001828673-26-000003,HCW Biologics Inc.,0001828673,2929 N COMMERCE PKWY,,MIRAMAR,FL,33025,4000000,4000000,08-JUN-2026,2026Q2
0001376474-26-000424,Biostax Corp.,0001559356,"2431 Aloma Ave, Suite 124",,Winter Park,FL,32792,0,7453728,08-JUN-2026,2026Q2
0001852647-26-000002,"Spine BioPharma, Inc.",0001852647,"505 PARK AVENUE, 14TH FLOOR",,NEW YORK,NY,10022,384798,8500000,05-JUN-2026,2026Q2
0002136290-26-000002,Los Angeles Project Inc,0002136290,1905 KRAMER LANE B850,,AUSTIN,TX,78758,1475000,1475000,05-JUN-2026,2026Q2
0000891839-26-000224,Crossject SA,0002136893,6 RUE PAULINE KERGOMARD,,DIJON,I0,21000,0,10259936,05-JUN-2026,2026Q2
0001829522-26-000003,"Antlia Bioscience, Inc.",0001829522,1281 HYMETTUS AVE,,ENCINITAS,CA,92024,6000000,20000000,05-JUN-2026,2026Q2
0001701523-26-000003,Illuminare Biotechnologies Inc,0001701523,327 St Marks Avenue,,Brooklyn,NY,11238,3650000,4000000,04-JUN-2026,2026Q2
0001193125-26-256064,"Senti Biosciences, Inc.",0002138461,"2 Corporate Drive, First Floor",,South San Francisco,CA,94080,10000000,40000000,04-JUN-2026,2026Q2
0001193125-26-256064,"Senti Holdings, Inc.",0002136276,"2 Corporate Drive, First Floor",,South San Francisco,CA,94080,10000000,40000000,04-JUN-2026,2026Q2
0001193125-26-256064,"Senti Biosciences Holdings, Inc.",0001854270,"2 Corporate Drive, First Floor",,South San Francisco,CA,94080,10000000,40000000,04-JUN-2026,2026Q2
0002127885-26-000001,"Goldenrod Therapeutics, Inc.",0002127885,"3900 ESSEX LANE, SUITE 575",,HOUSTON,TX,77027,3245355,6510000,03-JUN-2026,2026Q2
0001914060-26-000001,Biolexis Therapeutics Inc.,0001914060,3900 N TRAVERSE MOUNTAIN BLVD,SUITE 200,LEHI,UT,84043,1600000,12000000,03-JUN-2026,2026Q2
0001213900-26-064624,"BioStem Technologies, Inc.",0001658678,2836 CENTER PORT CIRCLE,,POMPANO BEACH,FL,33064,2500000,2500000,03-JUN-2026,2026Q2
0002126389-26-000001,"Human Biotech, Inc.",0002126389,77 NEW STREET,UNIT 420,CAMBRIDGE,MA,02138,9999997,9999997,03-JUN-2026,2026Q2
0001462444-26-000002,"Galaxy Diagnostics, Inc.",0001462444,6 DAVIS DRIVE,SUITE 832,Durham,NC,27713,3019645,5699460,03-JUN-2026,2026Q2
0000905148-26-002800,"Entact Bio, Inc.",0002008244,"65 Grove Street, Suite 303",,Watertown,MA,02472,9999997,9999997,03-JUN-2026,2026Q2
0002058052-26-000004,"Maxymune Therapeutics, Inc.",0002058052,95 MAIN ST.,SUITE 9,LOS ALTOS,CA,94022,2675000,4500000,03-JUN-2026,2026Q2
0001819114-26-000001,"Optimeos Life Sciences, Inc.",0001819114,"174 NASSAU STREET, SUITE 334",,PRINCETON,NJ,08542,1000000,2000000,03-JUN-2026,2026Q2
0002138133-26-000001,"Ardego Therapeutics, Inc.",0002138133,"207A PERRY PARKWAY, SUITE 6",,GAITHERSBURG,MD,20877,50000,3000000,03-JUN-2026,2026Q2
0002131485-26-000001,JASTLabs Corp,0002131485,100 MURAL STREET,SUITE 200,RICHMOND HILL,A6,L4B 1J3,0,50000000,02-JUN-2026,2026Q2
0002136781-26-000001,Uniform Bio Inc.,0002136781,3205 PLANTATION ROAD,,RALEIGH,NC,27609,1680000,2680000,02-JUN-2026,2026Q2
0002104165-26-000003,"Matthias Therapeutics, LLC",0002104165,27 SENTINEL DRIVE,,BASKING RIDGE,NJ,07920,50000,500000,01-JUN-2026,2026Q2
0002007576-26-000002,Orthomod LLC,0002007576,350 FAME ROAD,,DAYTON,OH,45449,0,2000000,29-MAY-2026,2026Q2
0002008412-26-000004,"Restora Medical, Inc.",0002008412,2603 MAIN ST.,SUITE 770,IRVINE,CA,92614,11500000,15000000,29-MAY-2026,2026Q2
0002049466-26-000003,"Portal Biotechnologies, Inc.",0002049466,27 BRUNSWICK RD.,,ARLINGTON,MA,02476,11694998,11905000,29-MAY-2026,2026Q2
0001609048-26-000002,"Potrero Medical, Inc.",0001609048,26142 EDEN LANDING RD.,,HAYWARD,CA,94545,6500000,6500000,29-MAY-2026,2026Q2
0002134718-26-000021,StromaGenesis LLC,0002135079,"100 EAST LANCASTER AVE., ROOM R234",,WYNNEWOOD,PA,19096,175000,10000000,28-MAY-2026,2026Q2
0002137361-26-000001,Monocacy Therapeutics Inc.,0002137361,4716 MONROVIA BLVD,,MONROVIA,MD,21770,114450,Indefinite,27-MAY-2026,2026Q2
0002088831-26-000001,"Kayak Therapeutics, Inc.",0002088831,3317 BOWMAN AVENUE,,AUSTIN,TX,78703,11940000,25000000,27-MAY-2026,2026Q2
0002066306-26-000001,"Vivamed, Inc.",0002066306,"124 IDAHO AVE., #404",,SANTA MONICA,CA,90403,3000000,3000000,27-MAY-2026,2026Q2
0001104659-26-066401,GridAI Technologies Corp.,0001604191,"433 PLAZA REAL, SUITE 275",,BOCA RATON,FL,33432,5250000,5250000,27-MAY-2026,2026Q2
0002057312-26-000002,"Magnus Medical, Inc.",0002057312,"1350 OLD BAYSHORE HWY, SUITE 600",,BURLINGAME,CA,94010,49030035,77000000,26-MAY-2026,2026Q2
0001556747-26-000003,"ONCOSYNERGY, INC.",0001556747,2 RAVENGLASS DR.,,STAMFORD,CT,06903,6608832,8208830,26-MAY-2026,2026Q2
0001104659-26-066134,TenNor Therapeutics (Suzhou) Ltd,0002136090,"UNIT 701, BLOCK B7, BIOBAY",218 XINGHU STREET,SUZHOU,F4,215123,14699667,14699667,26-MAY-2026,2026Q2
0002069701-26-000003,"Reprogram Biosciences, Inc.",0002069701,1030 BRITTAN AVE,,SAN CARLOS,CA,94070,5000000,5000000,26-MAY-2026,2026Q2
0001493152-26-024786,Lantern Pharma Inc.,0001763950,"1920 MCKINNEY AVENUE, 7TH FLOOR",,DALLAS,TX,75201,0,0,21-MAY-2026,2026Q2
0002135564-26-000001,"ViCardia Therapeutics, Inc.",0002135564,"530 BUSH STREET, SUITE 802",,SAN FRANCISCO,CA,94108,700000,700000,21-MAY-2026,2026Q2
0001782236-26-000001,"Reprise Biomedical, Inc.",0001782236,"17400 Medina Rd., Ste. 100",,Plymouth,MN,55447,1450000,8000000,21-MAY-2026,2026Q2
0001667677-26-000004,"Sea Pharmaceuticals, LLC",0001667677,14 GRAY STREET,,CAMBRIDGE,MA,02138,71100,1742321,20-MAY-2026,2026Q2
0002133040-26-000001,Ropana Vascular Inc.,0002133040,1817 WATERMILL COURT,,PLANO,TX,75093,100000,1000000,20-MAY-2026,2026Q2
0001683168-26-004126,"CNS Pharmaceuticals, Inc.",0001729427,2100 WEST LOOP SOUTH,SUITE 900,HOUSTON,TX,77027,22525000,22525000,19-MAY-2026,2026Q2
0001892414-26-000004,Remedium Bio Inc.,0001892414,1116 GREAT PLAIN AVENUE,,NEEDHAM,MA,02492,1500000,10000000,18-MAY-2026,2026Q2
0000891839-26-000163,AB Science S.A.,0001703850,"3, AVENUE GEORGE V",,PARIS,I0,75008,2989368,2989368,18-MAY-2026,2026Q2
0001964579-26-000001,"ReelReactor, Inc.",0001964579,2601 N PENROSE PLACE,,STAR,ID,83669,500000,500000,18-MAY-2026,2026Q2
0002041956-26-000001,"ThinkBio.Ai, Inc",0002041956,3602 Inland Empire Blvd. C-200,,Ontario,CA,91764,0,20000000,18-MAY-2026,2026Q2
0002135544-26-000002,"Auxilium Health, Inc.",0002135544,10000 CEDAR AVE,,CLEVELAND,OH,44106,3000000,4000000,15-MAY-2026,2026Q2
0001493152-26-023677,"Majesty Therapeutics, Inc.",0002135155,41 SENECA ROAD,,SEA RANCH LAKES,FL,33308,100000,5000000,15-MAY-2026,2026Q2
0002135476-26-000001,VST Operating Corp.,0002135476,12250 CORPORATE PARKWAY,,MEQUON,WI,53902,1684732,2187490,15-MAY-2026,2026Q2
0000929638-26-001870,"Trellis Bioscience, Inc.",0001162015,702 Marshall Street,Suite 301,Redwood City,CA,94063,6093000,Indefinite,15-MAY-2026,2026Q2
0002134608-26-000001,"Xenagos Bio, Inc.",0002134608,"121 S. BROAD ST., 15TH FLOOR, #1015",,PHILADELPHIA,PA,19107,2520000,2520000,15-MAY-2026,2026Q2
0001885079-26-000001,"Athos Therapeutics, Inc.",0001885079,1123 W. CARSON ST.,,TORRANCE,CA,90502,10282887,20000000,15-MAY-2026,2026Q2
0001645460-26-000003,"Cue Biopharma, Inc.",0001645460,40 GUEST STREET,,BOSTON,MA,02135,29999992,29999992,14-MAY-2026,2026Q2
0002132841-26-000002,"Gaius Therapeutics, Inc,",0002132841,"9276 SCRANTON ROAD, SUITE 500",,SAN DIEGO,CA,92121,60000,250000,14-MAY-2026,2026Q2
0001996442-26-000002,"EtiraRX, Inc.",0001996442,3060 PEGASUS PARK DRIVE,BUILDING 6,DALLAS,TX,75247,2277533,3000003,14-MAY-2026,2026Q2
0002133041-26-000001,"Pillar Therapeutics, Inc.",0002133041,"200 BERKELEY STREET, 18TH FLOOR",,BOSTON,MA,02116,14000000,25000000,13-MAY-2026,2026Q2
0002014313-26-000002,"Sentrimed, Inc.",0002014313,107 GILBRETH PARKWAY,,MULLICA HILL,NJ,08062,250000,1000000,13-MAY-2026,2026Q2
0001213900-26-055381,NewcelX Ltd.,0001783036,HOHSTRASSE 1,,KLOTEN,V8,8302,3428989,3428989,13-MAY-2026,2026Q2
0001749418-26-000001,"Axenic Health Solutions, Inc.",0001749418,1020 WINDHAVEN ROAD,,LIBERTYVILLE,IL,60048,175029,1000000,12-MAY-2026,2026Q2
0002134601-26-000001,"California Compounding Company, Inc.",0002134601,6600 W. SUNSET BLVD,SUITE 237,LOS ANGELES,CA,90028,4923273,14520001,12-MAY-2026,2026Q2
0001993125-26-000001,Pagari Life Science Corp.,0001993125,333 WEST BETHALTO DRIVE,,BETHALTA,IL,62010,97494,300000,12-MAY-2026,2026Q2
0001231919-26-000472,"Syncromune, Inc.",0001955312,"2919 E. COMMERCIAL BLVD., SUITE 200",,FORT LAUDERDALE,FL,33308,144828791,144828791,11-MAY-2026,2026Q2
0001742075-26-000004,"Virtuoso Surgical, Inc.",0001742075,4560 TROUSDALE DR.,SUITE 100,NASHVILLE,TN,37204,2900000,10000000,11-MAY-2026,2026Q2
0001213900-26-054301,"PANGIA BIOTECH, INC.",0002125789,4733 WEST ATLANTIC AVENUE,SUITE C-14,DELRAY BEACH,FL,33445,1580000,1580000,11-MAY-2026,2026Q2
0001865257-26-000004,"Allyx Therapeutics, Inc.",0001865257,555 Long Wharf Drive,Floor 11,NEW HAVEN,CT,06511,26427730,29999999,11-MAY-2026,2026Q2
0001846144-26-000001,Niche Biopharmaceuticals LLC,0001846144,22345 BRACKETTS ROAD,,SHOREWOOD,MN,55331,200000,200000,11-MAY-2026,2026Q2
0001175680-26-000003,CytoDyn Inc.,0001175680,"1111 MAIN STREET, SUITE 660",,VANCOUVER,WA,98660,18600392,18600392,11-MAY-2026,2026Q2
0002074593-26-000002,"PridCor Therapeutics, LLC",0002074593,1837 COMMONS NORTH DRIVE,,TUSCALOOSA,AL,35406,0,6045000,08-MAY-2026,2026Q2
0001994719-26-000003,"BRT Biotechnologies, Inc.",0001994719,SEAVER NORTH,645 N COLLEGE AVE,CLAREMONT,CA,91711,607300,607300,08-MAY-2026,2026Q2
0002133952-26-000001,Bi-One Inc.,0002133952,"5725 Stables Way, Unit 303",,Alpharetta,GA,30004,0,25000000,08-MAY-2026,2026Q2
0002133992-26-000001,MycoRx LLC,0002133992,1501 BELLE ISLE AVENUE,SUITE 110,MOUNT PLEASANT,SC,29464,600000,Indefinite,08-MAY-2026,2026Q2
0002134002-26-000001,"Natsar Pharmaceuticals, Inc.",0002134002,4624 TALL MAPLE CT.,,ELLICOTT CITY,MD,21043,4221000,Indefinite,08-MAY-2026,2026Q2
0002130284-26-000001,Federated Biologics Inc.,0002130284,"SHOP 1, 2 RALPH STREET",,ALEXANDRIA,C3,NSW 2015,5999997,5999997,08-MAY-2026,2026Q2
0002100328-26-000001,"SPKL,LLC",0002100328,18201 WIMBLEDON GREEN PL,,TAMPA,FL,33647,135000,Indefinite,08-MAY-2026,2026Q2
0002132799-26-000001,"Illexcor Therapeutics, Inc.",0002132799,11924 Evening Loop,,HENRICO,VA,23233,13000000,69000000,08-MAY-2026,2026Q2
0001641241-26-000001,"Cyrus Biotechnology, Inc.",0001641241,3005 1ST AVE,SUITE 203,SEATTLE,WA,98121,1481812,3000000,08-MAY-2026,2026Q2
0001231919-26-000465,"Outlook Therapeutics, Inc.",0001649989,111 S. WOOD AVENUE,UNIT #100,ISELIN,NJ,08830,0,5000000,07-MAY-2026,2026Q2
0002133798-26-000001,"Metisculpt, Inc",0002133798,3213 COVENTRY LANE,,PLANO,TX,75093,550000,Indefinite,07-MAY-2026,2026Q2
0002014351-26-000003,"AXOFT, INC.",0002014351,148 Sidney St,,Cambridge,MA,02139,34245380,34245399,07-MAY-2026,2026Q2
0001751635-26-000003,"Neopenda, PBC",0001751635,1623 W FULTON ST,,CHICAGO,IL,60612,35000,1500000,07-MAY-2026,2026Q2
0002022224-26-000001,Mitera Biosciences Inc.,0002022224,3120 139th Avenue Southeast,Suite 500,Bellevue,WA,98005,1100000,3000000,06-MAY-2026,2026Q2
0002045812-26-000003,Autoimmunity Biologic Solutions Inc.,0002045812,"2710 REED RD, SUITE 160",,HOUSTON,TX,77051,3209233,3209233,06-MAY-2026,2026Q2
0001820902-26-000006,MedVector Corp,0001820902,898 Pacific Coast Highway,,El Segundo,CA,90245,1005000,1100000,06-MAY-2026,2026Q2
0001965382-26-000001,"Scalpel Ventures, LLC",0001965382,1979 CUSTOM LANE,,APEX,NC,27502,2586305,10000000,06-MAY-2026,2026Q2
0001079973-26-000600,"Jupiter Biomedical Research, Inc.",0001694280,3710 BUCKEYE STREET,STE. 100,PALM BEACH GARDENS,FL,33410,500000,500000,05-MAY-2026,2026Q2
0002133098-26-000001,D44 Ventures SPV LLC,0002133098,108 WEST 13TH STREET,,WILMINGTON,DE,19801,3000000,3000000,05-MAY-2026,2026Q2
0002125206-26-000002,Vitanova Biomedical Inc.,0002125206,222 SIDNEY BAKER STREET,SUITE 635,KERRVILLE,TX,78028,0,8000000,05-MAY-2026,2026Q2
0001587661-26-000002,"Artax Biopharma, Inc.",0001587661,ONE BROADWAY,14TH FLOOR,CAMBRIDGE,MA,02142,19000000,19000000,05-MAY-2026,2026Q2
0000890821-26-000002,"Enveric Biosciences, Inc.",0000890821,245 FIRST STREET RIVERVIEW II 18TH FLOOR,,CAMBRIDGE,MA,02142,5000002,5000002,04-MAY-2026,2026Q2
0001989925-26-000003,"Inflammasome Therapeutics, Inc.",0001989925,57 CHAPEL ST.,STE. 100,NEWTON,MA,02458,13155645,13155645,04-MAY-2026,2026Q2
0001768446-26-000001,"Climb Bio, Inc.",0001768446,20 WILLIAM STREET,SUITE 145,WELLESLEY HILLS,MA,02481,110076289,110076289,04-MAY-2026,2026Q2
0002090938-26-000001,PharmassetX Inc.,0002090938,2900 LAKE VISTA DRIVE,,LOUISVILLE,KY,40241,100000,6000000,04-MAY-2026,2026Q2
0002133071-26-000001,"Mentat Biotechnology, Corp.",0002133071,1025 SAN LUIS CIR,UNIT 726,DALY CITY,CA,94014,10000,10000,04-MAY-2026,2026Q2
0002132293-26-000002,nira innovations Inc,0002132293,42 ROUTE 111,,DERRY,NH,03038,25000,1500000,01-MAY-2026,2026Q2
0001937493-26-000001,"Genesis New Ventures, LLC",0001937493,9575 NEVADA TRAIL,,MISSOULA,MT,59808,4227939,6500000,30-APR-2026,2026Q2
0002128979-26-000001,"Parabolica Therapeutics, Inc.",0002128979,6738 NORTHPORT DR,,DALLAS,TX,75230,50000,250000,30-APR-2026,2026Q2
0002044524-26-000003,"Esanik Therapeutics, Inc.",0002044524,120 West Main Street,,Northville,MI,48167,200000,375000,30-APR-2026,2026Q2
0001815624-26-000003,"GelMEDIX, Inc.",0001815624,"238 MAIN STREET, FIFTH FLOOR",,CAMBRIDGE,MA,02142,747000,2500000,30-APR-2026,2026Q2
0002131877-26-000001,Epi Labs Inc.,0002131877,135 MISSISSIPPI STREET,,SAN FRANCISCO,CA,94107,14849996,16149989,30-APR-2026,2026Q2
0002053885-26-000002,"NextEvo, Inc.",0002053885,181 WASHINGTON STREET,SUITE 450,CONSHOHOCKEN,PA,19428,725000,Indefinite,29-APR-2026,2026Q2
0001728054-26-000001,"Cresilon, Inc.",0001728054,86 34th St,Suite 6-3-D,BROOKLYN,NY,11232,4997000,25000000,29-APR-2026,2026Q2
0002131619-26-000001,PERSISTA BIO INC.,0002131619,16192 Coastal Highway,,City of Lewes,DE,19958,0,Indefinite,29-APR-2026,2026Q2
0001856491-26-000003,"Clover Biopharmaceuticals, Ltd.",0001856491,"B5-19,BUILDING,HIGH-TECH INCUBATION PARK",NO. 1480 NORTH SECTION OF TIANFU AVENUE,CHENGDU,F4,610041,3642978,3642978,29-APR-2026,2026Q2
0001736243-26-000001,"Acurx Pharmaceuticals, Inc.",0001736243,259 LIBERTY AVENUE,,STATEN ISLAND,NY,10305,4587473,4587473,29-APR-2026,2026Q2
0001970591-26-000003,Nutrivert Inc.,0001970591,2525 PEACHTREE ROAD NE #27,,ATLANTA,GA,30305,2374992,5999989,29-APR-2026,2026Q2
0001970543-26-000003,"LadeRx, LLC",0001970543,3225 SURREY ROAD,,DURHAM,NC,27707,0,3000000,29-APR-2026,2026Q2
0002010983-26-000002,"Biomakers, Inc.",0002010983,850 NEW BURTON ROAD,SUITE 201,"CITY OF DOVER, COUNTY OF KENT",DE,19904,5901147,7999999,29-APR-2026,2026Q2
0002131104-26-000001,Converge Bio Inc.,0002131104,2093 PHILADELPHIA PIKE #1664,,CLAYMONT,DE,19703,25000000,25000000,28-APR-2026,2026Q2
0001962738-26-000004,"CASI Pharmaceuticals, Inc.",0001962738,"1701-1702, CHINA CENTRAL OFFICE TOWER 1","NO. 81 JIANGUO ROAD, CHAOYANG DISTRICT",BEIJING,F4,100025,5000000,5000000,28-APR-2026,2026Q2
0002127553-26-000001,"NK-One Therapeutics, Inc.",0002127553,526 PARK RIDGE DRIVE,,WAYNE,PA,19087,290000,310000,27-APR-2026,2026Q2
0001787352-26-000002,"Nuclein, LLC",0001787352,8305 CROSS PARK DR,,AUSTIN,TX,78754,19065157,25000000,27-APR-2026,2026Q2
0002064835-26-000049,Telo Genomics Corp.,0001872138,1060 QUEBEC STREET,,VANCOUVER,A1,V6A 4K8,7346,19100,24-APR-2026,2026Q2
0001814194-26-000003,Neuro-Kinesis Corp,0001814194,10524 S. LA CIENEGA BLVD.,,INGLEWOOD,CA,90304,51000,2000000,24-APR-2026,2026Q2
0002093250-26-000001,VST BIO Corp,0002093250,"4653 CARMEL MOUNTAIN ROAD, STE 308",PMB 1015,SAN DIEGO,CA,92130,31888146,31888146,24-APR-2026,2026Q2
0001213900-26-047095,Polyrizon Ltd.,0001893645,8 HAPNINA STREET,,RAANANA,L3,4321545,3499992,3499992,23-APR-2026,2026Q2
0001213900-26-047044,Ionetix Corp / DE /,0002108121,"3130 SOVEREIGN DRIVE, SUITE 5D",,LANSING,MI,48911,32331837,32331837,23-APR-2026,2026Q2
0001852167-26-000001,"Adela, Inc.",0001852167,353 HATCH DRIVE,,FOSTER CITY,CA,94404,5000000,5000000,23-APR-2026,2026Q2
0001658021-26-000006,"General Oncology, Inc.",0001658021,"57 Chapel Street, Third Floor",,Newton,MA,02458,4805299,4805299,23-APR-2026,2026Q2
0002130905-26-000001,"Selva Nexus, Inc.",0002130905,1209 MOUNTAIN ROAD PL NE #11522,,ALBUQUERQUE,NM,87110,50000,750000,23-APR-2026,2026Q2
0001493152-26-018593,"Hepion Pharmaceuticals, Inc.",0001583771,34 SHREWSBURY AVE.,SUITE 1D,RED BANK,NJ,07701,700000,700000,22-APR-2026,2026Q2
0002042505-26-000003,Corami Biotech Inc.,0002042505,5395 N ANGELA ROAD,,MEMPHIS,TN,38120,230000,1000000,22-APR-2026,2026Q2
0001213900-26-046528,"Nok Therapeutics, Inc.",0002038166,2009 MACKENZIE WAY,SUITE 100,CRANBERRY TWP.,PA,16066,649000,750000,22-APR-2026,2026Q2
0002087088-26-000003,Visor Health Inc.,0002087088,3723 TAYLORSVILLE ROAD,SUITE B,LOUISVILLE,KY,40220,0,3000000,22-APR-2026,2026Q2
0001231919-26-000386,"Terremoto Biosciences, Inc.",0002130748,"230 EAST GRAND AVENUE, SUITE 200",,SOUTH SAN FRANCISCO,CA,94080,40725000,108599999,22-APR-2026,2026Q2
0002002357-26-000001,"Tetrous, Inc.",0002002357,"14930 VENTURA BLVD., SUITE 325",,SHERMAN OAKS,CA,91324,1741024,4000000,22-APR-2026,2026Q2
0001372514-26-000038,KIORA PHARMACEUTICALS INC,0001372514,169 SAXONY RD.,SUITE 212,ENCINITAS,CA,92024,5000000,5000000,21-APR-2026,2026Q2
0002124719-26-000001,Haylex Laboratories Inc.,0002124719,2317 TRAILS END,,KERRVILLE,TX,78028,50000,1500000,21-APR-2026,2026Q2
0001893991-26-000003,Avivomed Inc.,0001893991,2896 Centre Pointe Drive,,Roseville,MN,55113,5000000,12000000,21-APR-2026,2026Q2
0001922830-26-000003,"Pearl Diagnostics, Inc.",0001922830,1812 ASHLAND AVENUE,SUITE G32,BALTIMORE,MD,21205,11150000,11150000,21-APR-2026,2026Q2
0000912282-26-000632,TELYRX HOLDINGS INC.,0002113853,"333 Bay Street, Suite 2400",,Toronto,A6,M5H 2T6,12623935,12623935,20-APR-2026,2026Q2
0000912282-26-000629,TelyRx Finco Inc.,0002125491,"333 Bay Street, Suite 2400",,Toronto,A6,M5H 2T6,12623935,12623935,20-APR-2026,2026Q2
0002080259-26-000001,Paralos Bioscience Inc.,0002080259,570 WESTWOOD PLAZA LAB ROOM 6350,ATTN: PARALOS BIOSCIENCE INC (MAGNIFY),LOS ANGELES,CA,90095,328900,1000000,17-APR-2026,2026Q2
0002088485-26-000001,"Tinos Therapeutics, Inc.",0002088485,700 MAIN STREET,,CAMBRIDGE,MA,02139,2250000,4000000,17-APR-2026,2026Q2
0002116929-26-000001,"Aethl Bio, Inc.",0002116929,100 S JACKSON AVE,STE 05-526,PITTSBURGH,PA,15202,1635000,5000000,17-APR-2026,2026Q2
0001898714-26-000001,"Bonum Therapeutics, Inc.",0001898714,1150 EASTLAKE AVENUE E,SUITE 1100,SEATTLE,WA,98109,26907396,32301381,17-APR-2026,2026Q2
0001231919-26-000364,Spiral Therapeutics Inc,0001761906,6000 SHORELINE COURT,SUITE 206,SOUTH SAN FRANCISCO,CA,94080,27089839,27089842,16-APR-2026,2026Q2
0002064835-26-000048,Principal Technologies Inc.,0002105516,2500 - 700 WEST GEORGIA STREET,,VANCOUVER,A1,V7Y 1B3,325338,325338,16-APR-2026,2026Q2
0001685163-26-000002,"NovAb, Inc.",0001685163,1860 MONTREAL ROAD,,TUCKER,GA,30084,65000,250000,16-APR-2026,2026Q2
0001851943-26-000001,"Alloy Therapeutics, Inc.",0001851943,275 SECOND AVE,SUITE 200,WALTHAM,MA,02451,30020259,39999940,15-APR-2026,2026Q2
0001493152-26-016816,"Pulmatrix, Inc.",0001574235,945 CONCORD STREET,SUITE 1217,FRAMINGHAM,MA,01701,1000000,1000000,15-APR-2026,2026Q2
0002129971-26-000001,TAVRA BIOSCIENCES LLC,0002129971,5521 LINMORE LANE,"PLANO, TX 75093",PLANO,TX,75093,300000,2000000,15-APR-2026,2026Q2
0001493152-26-016733,"Canton Strategic Holdings, Inc.",0001861657,34 SHREWSBURY AVE.,,RED BANK,NJ,07701,1740000,1740000,15-APR-2026,2026Q2
0001741718-26-000003,GreenMark Biomedical Inc.,0001741718,325 E. GRAND RIVER AVENUE,SUITE 314,EAST LANSING,MI,48823-4375,0,5000000,14-APR-2026,2026Q2
0002092749-26-000003,Watershed Medical Inc.,0002092749,9841 NE 15TH STREET,,BELLEVUE,WA,98004,300000,10000000,14-APR-2026,2026Q2
0000905148-26-001662,"Valius Health, Inc.",0002129055,8 California Street,Suite 300,San Francisco,CA,94111,9650002,10150000,13-APR-2026,2026Q2
0001595215-26-000001,"Rakuten Medical, Inc.",0001595215,"6885 Flanders Drive, Suite 100",,San Diego,CA,92121,111522289,116672752,13-APR-2026,2026Q2
0002128163-26-000001,"Canal Biosciences, Inc.",0002128163,110 CANAL STREET,,LOWELL,MA,01852,2334997,3249996,13-APR-2026,2026Q2
0001906426-26-000003,Inso Biosciences Inc.,0001906426,"237 TOWER ROAD, ROOM 410",WEILL HALL MCGOVERN CENTER,ITHACA,NY,14853,750000,3000000,10-APR-2026,2026Q2
0001437749-26-011870,Contamination Source Identification Inc.,0001788640,326 Dogwood Drive,,Hershey,PA,17033,2095000,2500000,09-APR-2026,2026Q2
0001104659-26-041397,EnteroBiotix LTD,0001946072,PHOENIX HOUSE,STRATHCLYDE BUSINESS PARK,GLASGOW,X0,ML4 3NJ,5341593,Indefinite,09-APR-2026,2026Q2
0001465818-26-000003,"RenovoRx, Inc.",0001574094,"2570 W EL CAMINO REAL, SUITE 320",,MOUNTAIN VIEW,CA,94040,9999929,10000000,09-APR-2026,2026Q2
0002128509-26-000001,"QMatter, Inc.",0002128509,"10 SOUTH HILL PARK, FIRST FLOOR FLAT",,LONDON,X0,NW3 2SB,1182889,1182889,09-APR-2026,2026Q2
0001997038-26-000001,"Iambic Therapeutics, Inc.",0001997038,"5627 OBERLIN DRIVE, SUITE 120",,SAN DIEGO,CA,92121,27769668,49999996,08-APR-2026,2026Q2
0002128148-26-000001,HumanImage Inc,0002128148,803 W HUTCHINSON ST,,CHICAGO,IL,60613,1500000,1500000,08-APR-2026,2026Q2
0002125905-26-000001,Myra EB Systems LLC,0002125905,"85 SWANSON ROAD,",SUITE 293,BOXBOROUGH,MA,01719,10000,2000000,07-APR-2026,2026Q2
0002026915-26-000001,Modulate Bio Inc.,0002026915,PAGLIUCA HARVARD LIFE LAB,127 WESTERN AVE,ALLSTON,MA,02134,785320,1000000,07-APR-2026,2026Q2
0002127640-26-000001,"HUBOT, INC.",0002127640,3333 N. KENMORE STREET,,SOUTH BEND,IN,46628,5500001,5500001,07-APR-2026,2026Q2
0002127189-26-000001,CIVIK Biotech Inc,0002127189,140 CENTRAL WAY,,KIRKLAND,WA,98033,850000,1000000,07-APR-2026,2026Q2
0001782348-26-000005,Alume Biosciences Inc,0001782348,2223 AVENIDA DE LA PLAYA,SUITE 205,LA JOLLA,CA,92037,110000,8000000,06-APR-2026,2026Q2
0001213900-26-040457,"Cadrenal Therapeutics, Inc.",0001937993,"822 A1A NORTH, SUITE 306",,PONTE VEDRA,FL,32082,7923235,7923235,06-APR-2026,2026Q2
0000905148-26-001559,"Iyuda Therapeutics, Inc.",0001993594,3217 Hunting Tweed Dr.,,Owings Mills,MD,21117,599999,599999,06-APR-2026,2026Q2
0001755433-26-000001,"RLL, LLC",0001755433,11801 BERANS ROAD,,LUTHERVILLE,MD,21093,1984621,Indefinite,06-APR-2026,2026Q2
0001621221-26-000005,"ARTELO BIOSCIENCES, INC.",0001621221,"505 LOMAS SANTA FE, SUITE 160",,SOLANA BEACH,CA,92075,10996903,10996903,06-APR-2026,2026Q2
0001932776-26-000002,"Stipple Bio, Inc.",0001932776,238 Main Street,,Cambridge,MA,02142,65130013,100200007,06-APR-2026,2026Q2
0002122464-26-000001,"IMAGINOSTICS, INC.",0002122464,C/O GUIDEWELL INNOVATION CENTER,"6555 SANGER RD, SUITE 100",ORLANDO,FL,32827,400000,Indefinite,03-APR-2026,2026Q2
0001231919-26-000307,"Tempest Therapeutics, Inc.",0001544227,2000 SIERRA POINT PARKWAY,SUITE 400,BRISBANE,CA,94005,1999539,1999539,03-APR-2026,2026Q2
0002023638-26-000002,"Resolute Science, Inc.",0002023638,3210 MERRYFIELD ROW,,SAN DIEGO,CA,92121,2925000,4000000,03-APR-2026,2026Q2
0002126807-26-000002,"Bascule Biosciences, Inc.",0002126807,155 STRATTON ROAD,,NEW ROCHELLE,NY,10804,250000,250000,02-APR-2026,2026Q2
0001607962-26-000003,Lifeward Ltd.,0001607962,2 CABOT ROAD,,HUDSON,MA,01749,20000000,Indefinite,02-APR-2026,2026Q2
0001752026-26-000007,"Linnaeus Therapeutics, Inc.",0001752026,"30 WASHINGTON AVENUE, SUITE F",,HADDONFIELD,NJ,08033,4992000,10000000,02-APR-2026,2026Q2
0001808754-26-000004,"Spectrum Antimicrobials, Inc.",0001808754,1770 CORPORATE CIRCLE,,PETALUMA,CA,94954,26385000,35000000,01-APR-2026,2026Q2
0001997477-26-000004,"DesiCorp, Inc.",0001997477,201 E. JEFFERSON STREET,,LOUISVILLE,KY,40202,839993,5000000,01-APR-2026,2026Q2
0001629564-26-000001,MiNDERA Corp,0001629564,1221 LIBERTY WAY,,VISTA,CA,92081,25436300,28386300,01-APR-2026,2026Q2
0002108491-26-000002,Imagine Devices Inc.,0002108491,"PMB 1471,10900 Research Blvd",Ste 160C,AUSTIN,TX,78759,100000,900000,01-APR-2026,2026Q2
0002060755-26-000022,Conexeu Sciences Inc.,0002066836,"50 WEST LIBERTY STREET, SUITE 880",,RENO,NV,89501,1815000,1815000,01-APR-2026,2026Q2
