entity_id,num_source_files,source_files,company_name,cik,source_record_id,address_street,address_city,address_state,address_zip,address_country,source_name,website_url,contact_name,contact_email,phone,notes,company_status,stage,one_liner,services,is_gmp_facility,is_commercial,website_url_status,address_street_status,contact_name_status,contact_email_status,is_gmp_facility_status,is_commercial_status,services_status,company_name_clean,is_hq,name
ENT-000001,1,env_labs_standardized.csv,(809) US Air Force - Hill AFB Chemical Science Laboratory,,TNI01949,,Hill AFB,Utah,,,env_labs,,,,,,,,,,,,search_found_nothing,no_website_fallback_search_failed,no_website_cannot_check_pages,no_website_cannot_check_pages,no_website_cannot_check_pages,no_website_cannot_check_pages,no_website_cannot_check_pages,809 US Air Force Hill AFB Chemical Science Laboratory,True,HQ Lab @ 809 US Air Force Hill AFB Chemical Science Laboratory
ENT-000002,1,env_labs_standardized.csv,3B Analytical,,TNI02455,,Portland,Oregon,,,env_labs,https://www.3banalytical.com/,,test@3banalytical.com,,,,,,,,,found_via_search,found_via_fallback_search,"no_pages_fetched_ok (pages_checked=1,fetched_ok=0,total_text_chars=0)",found_via_fallback_search,"no_pages_fetched_ok (pages_checked=1,fetched_ok=0,total_text_chars=0)","no_pages_fetched_ok (pages_checked=1,fetched_ok=0,total_text_chars=0)","no_pages_fetched_ok (pages_checked=1,fetched_ok=0,total_text_chars=0)",3B Analytical,True,HQ Lab @ 3B Analytical
ENT-000003,1,env_labs_standardized.csv,"A & B Environmental Services, Inc.",,TNI00025,"10100 East Freeway, Suite 100",Houston,Texas,,,env_labs,https://ablabs.com/,Ramsamy Ramakrishnan,info@ablabs.com,,,,,,"Provides environmental analytical testing services including Environmental Wet Chemistry, Organics Testing, Metals testing, Hazardous Waste Characterization, Air Testing, and Drinking Water Testing. Also lists Microbiology Testing, Industrial Hygiene, Food Testing, LEED Testing, TRRP, and “The Process of Hydraulic fracturing.”",no_explicit_gmp,True,found_via_search,extracted,found_via_fallback_search,extracted,extracted,extracted,extracted,A B Environmental Services,False,Houston Lab @ A B Environmental Services
ENT-000004,1,env_labs_standardized.csv,"A & B Environmental Services, Inc. Golden Triangle",,TNI02808,"2400 Hwy 365, Suite 110",Nederland,Texas,,,env_labs,https://ablabs.com/,,info@ablabs.com,,,,,,"Provides environmental wet chemistry testing, including organics and metals, hazardous waste characterization, air testing, drinking water testing, and LEED testing. Also offers microbiology testing and industrial hygiene testing.",no_explicit_gmp,True,found_via_search,extracted,"checked_pages_not_found (pages_checked=8,fetched_ok=4,total_text_chars=34364)",extracted,extracted,extracted,extracted,A B Environmental Services,False,Nederland Lab @ A B Environmental Services
ENT-000005,1,env_labs_standardized.csv,A & P WATER TESTING,,TNI01692,,MORRISVILLE,New York,,,env_labs,http://aandpwatertestinglab.com/,Ms. Annette Popino,,,,,,,,,,found_via_search,found_via_fallback_search,found_via_fallback_search,"no_pages_fetched_ok (pages_checked=1,fetched_ok=0,total_text_chars=0)","no_pages_fetched_ok (pages_checked=1,fetched_ok=0,total_text_chars=0)","no_pages_fetched_ok (pages_checked=1,fetched_ok=0,total_text_chars=0)","no_pages_fetched_ok (pages_checked=1,fetched_ok=0,total_text_chars=0)",A P WATER TESTING,True,HQ Lab @ A P WATER TESTING
ENT-000006,1,env_labs_standardized.csv,"A.W. Research Laboratories, Inc.",,TNI01083,314 Charles Street,Brainerd,Minnesota,,,env_labs,https://awlab.com/,Sara Ahlers Laboratory Director,sara@awlab.com,,,,,,"Provides state certified in-house laboratory testing for drinking water, wastewater, surface water, groundwater, and stormwater, including certified testing for coliform bacteria, nitrates, trace metals, and other inorganics. Also offers onsite sampling, sampling program designs, permit compliance support, and consulting services.",no_explicit_gmp,True,found_via_search,extracted,extracted,found_via_fallback_search,extracted,extracted,extracted,AW Research Laboratories,True,HQ Lab @ AW Research Laboratories
ENT-000007,1,env_labs_standardized.csv,"AbbVie Environmental, Health and Safety Laboratory",,TNI02017,100 Abbot Park Rd,Abbot Park,Illinois,,,env_labs,https://www.abbvie.com/,Jeffrey Witting,jeffery.witting@abbvie.com,,,,,,,,,found_via_search,found_via_fallback_search,found_via_fallback_search,found_via_fallback_search,"no_pages_fetched_ok (pages_checked=1,fetched_ok=0,total_text_chars=0)","no_pages_fetched_ok (pages_checked=1,fetched_ok=0,total_text_chars=0)","no_pages_fetched_ok (pages_checked=1,fetched_ok=0,total_text_chars=0)",AbbVie Environmental Health and Safety Laboratory,True,HQ Lab @ AbbVie Environmental Health and Safety Laboratory
ENT-000008,1,env_labs_standardized.csv,Abilene - Taylor County Public Health District,,TNI00110,850 North 6th Street,Abilene,Texas,,,env_labs,https://abilenetx.gov/health,Annette Lerma,healthde@abilenetx.gov,,,,,,"The Public Health Department provides health services including Environmental Health Laboratory, Immunizations, Child and Adult Lead Screening, COACH Health Clinic, Dental Assistance Program, Mercy Health Care Center, STD Testing & Treatment, Rabies Tag Requests, and Women, Infants, & Children (WIC) services.",no_explicit_gmp,False,found_via_search,extracted,extracted,found_via_fallback_search,extracted,"checked_pages_not_found (pages_checked=4,fetched_ok=4,total_text_chars=9224)",extracted,Abilene Taylor County Public Health District,True,HQ Lab @ Abilene Taylor County Public Health District
ENT-000009,1,env_labs_standardized.csv,AC Analytical & Consulting LLC,,TNI01127,21518 Basset Drive NW,Puposky,Minnesota,,,env_labs,,,,,,,,,,,,search_found_nothing,found_via_fallback_search,no_website_cannot_check_pages,no_website_cannot_check_pages,no_website_cannot_check_pages,no_website_cannot_check_pages,no_website_cannot_check_pages,AC Analytical Consulting,True,HQ Lab @ AC Analytical Consulting
ENT-000010,1,env_labs_standardized.csv,"ACCU LABS, LLC",,TNI02461,,Independence,Oregon,,,env_labs,,,,,,,,,,,,search_found_nothing,found_via_fallback_search,no_website_cannot_check_pages,no_website_cannot_check_pages,no_website_cannot_check_pages,no_website_cannot_check_pages,no_website_cannot_check_pages,ACCU LABS,True,HQ Lab @ ACCU LABS
ENT-000011,1,env_labs_standardized.csv,"ACCURATE ANALYTICAL TESTING, LLC",,TNI02515,30105 Beverly Road,ROMULUS,Michigan,,,env_labs,https://accurate-test.com/,Robert A. Theys,customersupport@accurate-test.biz,,,,,,"Lead sample analysis in dust, soil, paint, air and water, including lead testing services such as soil, air, dust (wipe), paint, TCLP by Flame Atomic Absorption (FAA), and drinking water for lead & copper by Inductively Coupled Plasma (ICP). The company also provides asbestos & mold sample analysis (Polarized Light Microscopy (PLM), Phase Contrast Microscopy (PCM), mold speciation and plate counts).",no_explicit_gmp,True,found_via_search,extracted,found_via_fallback_search,extracted,extracted,extracted,extracted,ACCURATE ANALYTICAL TESTING,True,HQ Lab @ ACCURATE ANALYTICAL TESTING
ENT-000012,1,env_labs_standardized.csv,Accurate Environmental Labs - OKC,,TNI02407,,Stillwater,Oklahoma,,,env_labs,https://www.accuratelabs.com/,,danny@accuratelabs.com,,,,,,,,,found_via_search,found_via_fallback_search,"no_pages_fetched_ok (pages_checked=1,fetched_ok=0,total_text_chars=0)",found_via_fallback_search,"no_pages_fetched_ok (pages_checked=1,fetched_ok=0,total_text_chars=0)","no_pages_fetched_ok (pages_checked=1,fetched_ok=0,total_text_chars=0)","no_pages_fetched_ok (pages_checked=1,fetched_ok=0,total_text_chars=0)",Accurate Environmental Labs OKC,True,HQ Lab @ Accurate Environmental Labs OKC
ENT-000013,1,env_labs_standardized.csv,Accurate Environmental Labs - Stillwater,,TNI01938,,Stillwater,Oklahoma,,,env_labs,https://www.accuratelabs.com/,Danny@accuratelabs.com,danny@accuratelabs.com,,,,,,,,,found_via_search,found_via_fallback_search,found_via_fallback_search,found_via_fallback_search,"no_pages_fetched_ok (pages_checked=1,fetched_ok=0,total_text_chars=0)","no_pages_fetched_ok (pages_checked=1,fetched_ok=0,total_text_chars=0)","no_pages_fetched_ok (pages_checked=1,fetched_ok=0,total_text_chars=0)",Accurate Environmental Labs,True,HQ Lab @ Accurate Environmental Labs
ENT-000014,1,env_labs_standardized.csv,Accurate Environmental Labs - Tulsa,,TNI02539,,Stillwater,Oklahoma,,,env_labs,https://www.accuratelabs.com/,,Danny@accuratelabs.com,,,,,,,,,found_via_search,found_via_fallback_search,"no_pages_fetched_ok (pages_checked=1,fetched_ok=0,total_text_chars=0)",found_via_fallback_search,"no_pages_fetched_ok (pages_checked=1,fetched_ok=0,total_text_chars=0)","no_pages_fetched_ok (pages_checked=1,fetched_ok=0,total_text_chars=0)","no_pages_fetched_ok (pages_checked=1,fetched_ok=0,total_text_chars=0)",Accurate Environmental Labs Tulsa,True,HQ Lab @ Accurate Environmental Labs Tulsa
ENT-000015,1,env_labs_standardized.csv,ACCUSTAR LABS,,TNI02980,2 Saber Way,HARRISBURG,Pennsylvania,,,env_labs,https://www.accustarlabs.com/,,radonlabpa@accustarlabs.com,,,,,,"AccuStar Labs provides radon testing via short term radon test kits, long term alpha track radon test kits, and radon in water test kits, with results reported within 1 business day of receipt. It also offers a RadStar Alpha Continuous Radon Monitor and related web-based test result lookup.",no_explicit_gmp,True,found_via_search,extracted,"checked_pages_not_found (pages_checked=8,fetched_ok=8,total_text_chars=18483)",found_via_fallback_search,extracted,extracted,extracted,ACCUSTAR LABS,False,Harrisburg Lab @ ACCUSTAR LABS
ENT-000016,1,env_labs_standardized.csv,ACCUSTAR LABS,,TNI01776,,WARD HILL,Massachusetts,,,env_labs,https://www.accustarlabs.com/,,radonlab@accustarlabs.com,,,,,,"AccuStar Labs provides radon testing services for air (short term, long term, and real estate radon tests) and for radon in water, including analysis of returned test kits. It also offers RadStar Alpha continuous radon monitors and radon training programs for professionals.",no_explicit_gmp,True,found_via_search,extracted,"checked_pages_not_found (pages_checked=8,fetched_ok=8,total_text_chars=18483)",found_via_fallback_search,extracted,extracted,extracted,ACCUSTAR LABS,False,Ward Hill Lab @ ACCUSTAR LABS
ENT-000017,1,env_labs_standardized.csv,"Ackuritlabs, Inc.",,TNI00248,3345 N Monroe St Ste B,Tallahassee,Florida,,,env_labs,https://www.ackuritlabs.com/,Todd Acker,[email protected],,,,,,"Ackuritlabs provides NELAP-certified environmental laboratory services including certified water and environmental testing, sampling and analysis (including on-site collection). It also offers water treatment solutions such as water softening and filtration, water purification and reverse osmosis systems, and salt pick-up/delivery with system maintenance.",no_explicit_gmp,True,found_via_search,extracted,extracted,extracted,extracted,extracted,extracted,Ackuritlabs,True,HQ Lab @ Ackuritlabs
ENT-000018,1,env_labs_standardized.csv,"ACZ Laboratories, Inc.",,TNI01951,2773 Downhill Drive,Steamboat Springs,Colorado,,,env_labs,https://acz.com/,Mark McNeal ext. 104,[email protected],,,,,,"Provides accredited environmental testing and analytical services across metals and inorganic chemistry, organic chemistry, radiochemistry, geochemistry, humidity cell testing (HCT) via ASTM D5744-13, and related methods for trace-level contaminants in water, soil, sediment, sludge, waste, biota, and tissue.",no_explicit_gmp,True,found_via_search,extracted,extracted,extracted,extracted,extracted,extracted,ACZ Laboratories,True,HQ Lab @ ACZ Laboratories
ENT-000019,1,env_labs_standardized.csv,ADIRONDACK ENVIRONMENTAL SERVICES INC,,TNI01595,314 North Pearl Street,ALBANY,New York,,,env_labs,https://www.adirondackenvironmental.com/,Tara Daniels,[email protected],,,,,,"Provides environmental laboratory services including ""Analytical Testing,"" ""Industrial Hygiene"" and ""Material & Product Testing,"" plus field services such as ""Water Quality Monitoring,"" ""Soil & Sludge Sampling,"" ""Industrial Hygiene Sampling,"" ""Waste Stream Sampling,"" and ""Air Analysis."" Also lists water (including Legionella/coliform/E. coli/metals), wastewater analyses, compliance testing (e.g., SPDES/DMR sampling and wastewater compositors), and air sampling (e.g., asbestos/mold sampling and passive badge sampling).",no_explicit_gmp,True,found_via_search,extracted,found_via_fallback_search,extracted,extracted,extracted,extracted,ADIRONDACK ENVIRONMENTAL SERVICES,True,HQ Lab @ ADIRONDACK ENVIRONMENTAL SERVICES
ENT-000020,1,env_labs_standardized.csv,"Advanced Analysis, Inc.",,TNI00175,3407 Clovis Road,Lubbock,Texas,,,env_labs,http://advancedanalysisinc.com/,,,,,,,,,,,found_via_search,found_via_fallback_search,"no_pages_fetched_ok (pages_checked=1,fetched_ok=0,total_text_chars=0)","no_pages_fetched_ok (pages_checked=1,fetched_ok=0,total_text_chars=0)","no_pages_fetched_ok (pages_checked=1,fetched_ok=0,total_text_chars=0)","no_pages_fetched_ok (pages_checked=1,fetched_ok=0,total_text_chars=0)","no_pages_fetched_ok (pages_checked=1,fetched_ok=0,total_text_chars=0)",Advanced Analysis,True,HQ Lab @ Advanced Analysis
ENT-000021,1,env_labs_standardized.csv,"Advanced Analytical Laboratories, LLC",,TNI00143,15040 State Highway 110 S,Whitehouse,Texas,,,env_labs,http://advancedanalyticallabs.com/,Mr. John Alexander,,,,,,,,,,found_via_search,found_via_fallback_search,found_via_fallback_search,"no_pages_fetched_ok (pages_checked=1,fetched_ok=0,total_text_chars=0)","no_pages_fetched_ok (pages_checked=1,fetched_ok=0,total_text_chars=0)","no_pages_fetched_ok (pages_checked=1,fetched_ok=0,total_text_chars=0)","no_pages_fetched_ok (pages_checked=1,fetched_ok=0,total_text_chars=0)",Advanced Analytical Laboratories,True,HQ Lab @ Advanced Analytical Laboratories
ENT-000022,1,env_labs_standardized.csv,ADVANCED ANALYTICAL TECHNOLOGIES,,TNI01758,37 Ramland Road,PEARL RIVER,New York,,,env_labs,https://www.aatec.com/,,info@aatec.com,,,,,,"Provides drinking water testing services including residential private well testing and public water supplier testing, with analyses such as bacteriology, volatile organics analysis by GC/MS, metals, non-metals, and disinfection by-products. Also provides non-potable water testing for commercial/pharmaceutical manufacturing industries (PMI) analyses including EPA Method 1666 Revision A and EPA Method 524.2, and offers sample collection and expedited/one business day turnaround options.",no_explicit_gmp,True,found_via_search,extracted,"checked_pages_not_found (pages_checked=8,fetched_ok=8,total_text_chars=24422)",extracted,extracted,extracted,extracted,ADVANCED ANALYTICAL TECHNOLOGIES,True,HQ Lab @ ADVANCED ANALYTICAL TECHNOLOGIES
ENT-000023,1,env_labs_standardized.csv,"Advanced Environmental Laboratories, Inc.",,TNI00252,6681 Southpoint Parkway,Jacksonville,Florida,,,env_labs,https://aellab.com/,Jason Gebhardt,sales@aellab.com,,,,,,"Advanced Environmental Laboratories, Inc. provides analytical environmental laboratory testing services including PFAS analysis (using LC-MS/MS), UCMR 5 analysis, and drinking water testing. It also offers testing of water, soil, hazwaste, wastewater, and air samples with in-house wet chemistry, volatile/semivolatile organics, metals, microbiological, and nutrient testing.",no_explicit_gmp,True,found_via_search,extracted,extracted,extracted,extracted,extracted,extracted,Advanced Environmental Laboratories,False,Jacksonville Lab @ Advanced Environmental Laboratories
ENT-000024,1,env_labs_standardized.csv,"Advanced Environmental Laboratories, Inc. - Fort Myers",,TNI00552,"13100 Westlinks Terrace, Unit 10",Fort Myers,Florida,,,env_labs,https://www.aellab.com/,,tromero@aellab.com,,,,,,,,,found_via_search,found_via_fallback_search,"no_pages_fetched_ok (pages_checked=1,fetched_ok=0,total_text_chars=0)",found_via_fallback_search,"no_pages_fetched_ok (pages_checked=1,fetched_ok=0,total_text_chars=0)","no_pages_fetched_ok (pages_checked=1,fetched_ok=0,total_text_chars=0)","no_pages_fetched_ok (pages_checked=1,fetched_ok=0,total_text_chars=0)",Advanced Environmental Laboratories,False,Fort Myers Lab @ Advanced Environmental Laboratories
ENT-000025,1,env_labs_standardized.csv,"Advanced Environmental Laboratories, Inc. - Gainesville",,TNI00253,4965 SW 41st Blvd.,Gainesville,Florida,,,env_labs,https://aellab.com/,"Kara Erps, Lab Manager",sales@aellab.com,,,,,,"AEL provides analytical environmental testing services including PFAS analysis using Liquid Chromatography Tandem Mass Spectrometry (LC-MS/MS), as well as UCMR 5, drinking water testing, and general environmental laboratory testing for water, soil, and related matrices. The text also mentions in-house reporting and analytical testing in wet chemistry, organics, metals, microbiological, and nutrient testing, along with sampling and courier services.",no_explicit_gmp,True,found_via_search,extracted,extracted,extracted,extracted,extracted,extracted,Advanced Environmental Laboratories,False,Gainesville Lab @ Advanced Environmental Laboratories
ENT-000026,1,env_labs_standardized.csv,"Advanced Environmental Laboratories, Inc. - Lake Placid",,TNI02827,125 Tower Street,Lake Placid,Florida,,,env_labs,http://aellab.com/,"Jennifer Mazen, Lab Manager",sales@aellab.com,,,,,,"AEL provides analytical environmental testing services for water, soil/hazwaste, drinking water, wastewater, and air samples, including in-house reporting. The text highlights PFAS analysis (using LC-MS/MS and isotope dilution) plus other testing such as UCMR 5 and Legionella testing.",no_explicit_gmp,True,found_via_search,extracted,extracted,extracted,extracted,extracted,extracted,Advanced Environmental Laboratories,False,Lake Placid Lab @ Advanced Environmental Laboratories
ENT-000027,1,env_labs_standardized.csv,"Advanced Environmental Laboratories, Inc. - Miami",,TNI00254,,Miramar,Florida,,,env_labs,https://aellab.com/,"Jesse Cutshaw, Lab Manager",sales@aellab.com,,,,,,"Provides analytical environmental laboratory testing and reporting, including PFAS analysis, UCMR 5 analysis, and drinking water testing. Services include wet chemistry, volatile/semivolatile organics, metals, microbiological, and nutrient testing, plus in-house reporting, field sampling, and courier services.",no_explicit_gmp,True,found_via_search,extracted,extracted,extracted,extracted,extracted,extracted,Advanced Environmental Laboratories,False,Miramar Lab @ Advanced Environmental Laboratories
ENT-000028,1,env_labs_standardized.csv,"Advanced Environmental Laboratories, Inc. - Orlando",,TNI00255,"380 North Lake Blvd., Suite 1048",Altamonte Springs,Florida,,,env_labs,https://aellab.com/,"Brandon O’Hara, Lab Manager",sales@aellab.com,,,,,,"AEL provides environmental analytical testing services including PFAS analysis (using LC-MS/MS), UCMR 5 analysis, drinking water testing, and legionella testing & analysis. Services include in-house reporting and analytical testing across wet chemistry, volatile/semivolatile organics, metals, microbiological, and nutrient testing for water, wastewater, and soil samples.",no_explicit_gmp,True,found_via_search,extracted,extracted,extracted,extracted,extracted,extracted,Advanced Environmental Laboratories,False,Altamonte Springs Lab @ Advanced Environmental Laboratories
ENT-000029,1,env_labs_standardized.csv,"Advanced Environmental Laboratories, Inc. - Tallahassee",,TNI02195,2639 North Monroe St. Suite D,Tallahassee,Florida,,,env_labs,https://aellab.com/,"Aly Garcia, Lab Manager",sales@aellab.com,,,,,,"AEL provides analytical environmental testing services including PFAS analysis, UCMR 5 analysis, legionella testing & analysis, and drinking water testing (including private well testing). The Tallahassee location specifically offers project management, short hold analysis, kits, sampling, and courier service for clients.",no_explicit_gmp,True,found_via_search,extracted,extracted,extracted,extracted,extracted,extracted,Advanced Environmental Laboratories,False,Tallahassee Lab @ Advanced Environmental Laboratories
ENT-000030,1,env_labs_standardized.csv,"Advanced Environmental Laboratories, Inc. - Tampa",,TNI00256,9610 Princess Palm Avenue,Tampa,Florida,,,env_labs,https://aellab.com/,"Michael Cammarata, Lab Manager",sales@aellab.com,,,,,,"AEL provides environmental analytical testing and services including water, soil, hazwaste, drinking water, wastewater, and air sampling and analysis. Services include in-house reporting and analytical testing in wet chemistry, volatile organics, semivolatile organics, metals, microbiological, and nutrient testing, and PFAS analysis using LC-MS/MS.",no_explicit_gmp,True,found_via_search,extracted,extracted,extracted,extracted,extracted,extracted,Advanced Environmental Laboratories,False,Tampa Lab @ Advanced Environmental Laboratories
ENT-000031,1,env_labs_standardized.csv,Advanced Technology Laboratories,,TNI01202,3275 Walnut Ave,Signal Hill,California,,,env_labs,,,,,,,,,,,,search_found_nothing,found_via_fallback_search,no_website_cannot_check_pages,no_website_cannot_check_pages,no_website_cannot_check_pages,no_website_cannot_check_pages,no_website_cannot_check_pages,Advanced Technology Laboratories,True,HQ Lab @ Advanced Technology Laboratories
ENT-000032,1,env_labs_standardized.csv,AG Environmental RSC LLC (DBA Sullivan County Labs),,TNI02607,86 Queen Mountain Rd,Ferndale,New York,,,env_labs,https://www.agerny.com/,Megan Malanka,,,,,,,"AG Environmental provides water system compliance and water testing services for businesses and homeowners, including analysis of microbial and chemical contaminants. The site also describes legionella testing using ""ISO11731 & Legiolert"" methods and provides a state-of-the-art certified food testing laboratory for detecting contaminants in food products.",no_explicit_gmp,True,found_via_search,extracted,found_via_fallback_search,"checked_pages_not_found (pages_checked=8,fetched_ok=8,total_text_chars=20077)",extracted,extracted,extracted,AG Environmental RSC,True,HQ Lab @ AG Environmental RSC
ENT-000033,1,env_labs_standardized.csv,AGAT LABORATORIES - CALGARY - 2420,,TNI03017,,Calgary,Alberta,,,env_labs,https://agatlabs.com/,,info@agatlabs.com,,,,,,,,,found_via_search,found_via_fallback_search,"no_pages_fetched_ok (pages_checked=1,fetched_ok=0,total_text_chars=0)",found_via_fallback_search,"no_pages_fetched_ok (pages_checked=1,fetched_ok=0,total_text_chars=0)","no_pages_fetched_ok (pages_checked=1,fetched_ok=0,total_text_chars=0)","no_pages_fetched_ok (pages_checked=1,fetched_ok=0,total_text_chars=0)",AGAT LABORATORIES CALGARY 2420,True,HQ Lab @ AGAT LABORATORIES CALGARY 2420
ENT-000034,1,env_labs_standardized.csv,AGAT LABORATORIES INC,,TNI02519,9770 Route Transcanadienne,ST-LAURENT,Not Applicable,,,env_labs,https://agatlabs.com/,,info@agatlabs.com,,,,,,,,,found_via_search,found_via_fallback_search,"no_pages_fetched_ok (pages_checked=1,fetched_ok=0,total_text_chars=0)",found_via_fallback_search,"no_pages_fetched_ok (pages_checked=1,fetched_ok=0,total_text_chars=0)","no_pages_fetched_ok (pages_checked=1,fetched_ok=0,total_text_chars=0)","no_pages_fetched_ok (pages_checked=1,fetched_ok=0,total_text_chars=0)",AGAT LABORATORIES,True,HQ Lab @ AGAT LABORATORIES
ENT-000035,1,env_labs_standardized.csv,AGQ USA,,TNI02648,"2451 Eastman Ave, Suite 1",Oxnard,California,,,env_labs,https://www.agqlabs.us.com/,,customerservice@agqlabs.com,,,,,,,,,found_via_search,found_via_fallback_search,"no_pages_fetched_ok (pages_checked=1,fetched_ok=0,total_text_chars=0)",found_via_fallback_search,"no_pages_fetched_ok (pages_checked=1,fetched_ok=0,total_text_chars=0)","no_pages_fetched_ok (pages_checked=1,fetched_ok=0,total_text_chars=0)","no_pages_fetched_ok (pages_checked=1,fetched_ok=0,total_text_chars=0)",AGQ USA,True,HQ Lab @ AGQ USA
ENT-000036,1,env_labs_standardized.csv,AIR CHEK,,TNI01701,3 Saber Way,MILLS RIVER,North Carolina,,,env_labs,https://www.radon.com/,Michael Thomas,bids@radon.com,,,,,,"Provides radon testing options (short-term/long-term radon in air and radon in water) and radon-related resources including test instructions, device registration, and radon test result lookup. Also offers tools/resources to help users find a radon professional (“Find a Radon Pro”).",no_explicit_gmp,True,found_via_search,extracted,found_via_fallback_search,found_via_fallback_search,extracted,extracted,extracted,AIR CHEK,True,HQ Lab @ AIR CHEK
ENT-000037,1,env_labs_standardized.csv,"Air Hygiene International, Inc.",,TNI02280,1600 West Tacoma St,Broken Arrow,Oklahoma,,,env_labs,https://www.airhygiene.com/,"JJ Cavender, CCO",jcavender@airhygiene.com,,,,,,"Air Hygiene provides stack testing and EPA reference method testing, including FTIR services for formaldehyde, VOC’s, and HAPS, as well as emissions testing for combustion sources. The company also offers on-site laboratory services (e.g., on-site particulate analysis and measurements for NH3, HCl, and Hg) and provides 50+ mobile testing labs for testing across locations.",no_explicit_gmp,True,found_via_search,extracted,extracted,extracted,extracted,extracted,extracted,Air Hygiene International,True,HQ Lab @ Air Hygiene International
ENT-000038,1,env_labs_standardized.csv,Air Technology Laboratories Inc,,TNI00258,"18501 E Gale Ave, STE 130",City of Industry,California,,,env_labs,https://airtechlabs.com/,,info@airtechlabs.com,,,,,,,,,found_via_search,found_via_fallback_search,"no_pages_fetched_ok (pages_checked=1,fetched_ok=0,total_text_chars=0)",found_via_fallback_search,"no_pages_fetched_ok (pages_checked=1,fetched_ok=0,total_text_chars=0)","no_pages_fetched_ok (pages_checked=1,fetched_ok=0,total_text_chars=0)","no_pages_fetched_ok (pages_checked=1,fetched_ok=0,total_text_chars=0)",Air Technology Laboratories,True,HQ Lab @ Air Technology Laboratories
ENT-000039,1,env_labs_standardized.csv,AIRNOVA INC,,TNI01274,3485 Haddonfield Rd.,PENNSAUKEN,New Jersey,,,env_labs,https://airnova.com/,Mark Daly,info@airnova.com,,,,,,"AirNova, Inc. provides stack testing and air pollution emission monitoring services, including isokinetic stationary source sampling for particulate, acid gases, dioxins and heavy metals, and continuous emission monitoring. It also offers ambient and indoor air monitoring/indoor air sampling and analytical laboratory services with capabilities such as chromatography and particulate/wet chemistry techniques.",no_explicit_gmp,True,found_via_search,extracted,found_via_fallback_search,extracted,extracted,extracted,extracted,AIRNOVA,True,HQ Lab @ AIRNOVA
ENT-000040,1,env_labs_standardized.csv,AKRON (V) SEWAGE PLANT,,TNI01589,21 Main Street,AKRON,New York,,,env_labs,https://www4.erie.gov/akron/,Water Plant Chief Operator John Asmus,waterplant@akronvillage.us,,,,,,"The Village of Akron provides municipal services including composting, solid waste - refuse & recycling, streets & parks, water, and wastewater (sewer). It also lists electric services and related utility application/payment services.",no_explicit_gmp,False,found_via_search,extracted,extracted,extracted,extracted,"checked_pages_not_found (pages_checked=5,fetched_ok=5,total_text_chars=20627)",extracted,AKRON V SEWAGE PLANT,True,HQ Lab @ AKRON V SEWAGE PLANT
ENT-000041,1,env_labs_standardized.csv,Alabama Power Company General Testing Laboratory,,TNI02392,744 County Rd 87,Calera,Alabama,,,env_labs,https://www.alabamapower.com/business/business-customers-and-services/lab-and-field-regulatory-services/lab-services.html,Laura Midkiff,lbmidkif@southernco.com,,,,,,"Alabama Power’s General Test Lab (established in 1975) performs analyses of “transformer oils, coal products and byproducts, petroleum, limestone, gypsum and water.” Services include transformer oil analyses (including dissolved gases, color, and moisture) and petroleum/fuels and materials analyses (including properties such as viscosity, water content, copper corrosion, and more) used for “regulatory compliance” and “contract specification verification.”",no_explicit_gmp,True,found_via_search,found_via_fallback_search,found_via_fallback_search,found_via_fallback_search,extracted,extracted,extracted,Alabama Power Company General Testing Laboratory,True,HQ Lab @ Alabama Power Company General Testing Laboratory
ENT-000042,1,env_labs_standardized.csv,"Alamo Analytical Laboratories, Ltd.",,TNI00144,10526 Gulfdale Street,San Antonio,Texas,,,env_labs,https://alamoanalytical.com/,,reports@alamoanalytical.com,,,,,,"Environmental and industrial testing including soil analysis, water quality testing, air pollutant monitoring, wastewater & hazardous waste analysis, and industrial hygiene sampling. They also list ""Consultancy & Project Management"" for regulatory compliance.",no_explicit_gmp,True,found_via_search,extracted,"checked_pages_not_found (pages_checked=4,fetched_ok=4,total_text_chars=9746)",extracted,extracted,extracted,extracted,Alamo Analytical Laboratories,False,San Antonio Lab @ Alamo Analytical Laboratories
ENT-000043,1,env_labs_standardized.csv,"Alamo Analytical Laboratories, Ltd. - El Paso",,TNI02256,2500 Montana Ave,El Paso,Texas,,,env_labs,https://alamoanalytical.com/,,reports@alamoanalytical.com,,,,,,"Provides environmental testing services including soil analysis, water quality testing, air pollutant monitoring, wastewater & hazardous waste analysis, and industrial hygiene sampling and analysis. Also offers “Consultancy & Project Management” for regulatory compliance.",no_explicit_gmp,True,found_via_search,extracted,"checked_pages_not_found (pages_checked=4,fetched_ok=4,total_text_chars=9746)",extracted,extracted,extracted,extracted,Alamo Analytical Laboratories,False,El Paso Lab @ Alamo Analytical Laboratories
ENT-000044,1,env_labs_standardized.csv,ALBANY COUNTY WATER PURIFICATION DISTRICT,,TNI01453,1 Canal Road South,MENANDS,New York,,,env_labs,https://www.albanycountyny.gov/departments/water-purification-district,Angelo Gaudio,,,,,,,,,,found_via_search,found_via_fallback_search,found_via_fallback_search,"no_pages_fetched_ok (pages_checked=1,fetched_ok=0,total_text_chars=0)","no_pages_fetched_ok (pages_checked=1,fetched_ok=0,total_text_chars=0)","no_pages_fetched_ok (pages_checked=1,fetched_ok=0,total_text_chars=0)","no_pages_fetched_ok (pages_checked=1,fetched_ok=0,total_text_chars=0)",ALBANY COUNTY WATER PURIFICATION DISTRICT,True,HQ Lab @ ALBANY COUNTY WATER PURIFICATION DISTRICT
ENT-000045,1,env_labs_standardized.csv,ALBANY WATER QUALITY LAB,,TNI01433,501 Old Quarry Road,SELKIRK,New York,,,env_labs,https://www.albanyny.gov/,William D Simcoe,wsimcoe@albanyny.gov,,,,,,,no_explicit_gmp,False,found_via_search,found_via_fallback_search,found_via_fallback_search,found_via_fallback_search,extracted,"checked_pages_not_found (pages_checked=5,fetched_ok=5,total_text_chars=98801)","checked_pages_not_found (pages_checked=5,fetched_ok=5,total_text_chars=98801)",ALBANY WATER QUALITY LAB,True,HQ Lab @ ALBANY WATER QUALITY LAB
ENT-000046,1,env_labs_standardized.csv,Albert Lea Wastewater Treatment Plant,,TNI01098,17424 780th Avenue,Albert Lea,Minnesota,,,env_labs,https://www.cityofalbertlea.org/,Brandon Huston,bhuston@ci.albertlea.mn.us,,,,,,,,,found_via_search,found_via_fallback_search,found_via_fallback_search,found_via_fallback_search,"no_pages_fetched_ok (pages_checked=1,fetched_ok=0,total_text_chars=0)","no_pages_fetched_ok (pages_checked=1,fetched_ok=0,total_text_chars=0)","no_pages_fetched_ok (pages_checked=1,fetched_ok=0,total_text_chars=0)",Albert Lea Wastewater Treatment Plant,True,HQ Lab @ Albert Lea Wastewater Treatment Plant
ENT-000047,1,env_labs_standardized.csv,ALBION (V) WATER PLANT,,TNI01698,961 Wilson Rd,WATERPORT,New York,,,env_labs,https://villageofalbionny.gov/departments/water-treatment-plant,Levi Boyer – Chief Operator,,,,,,,"Provides intake, filtration, monitoring and analysis of water from Lake Ontario. Operates facilities that filter approximately 500 million gallons of water annually.",no_explicit_gmp,False,found_via_search,extracted,extracted,extracted,extracted,"checked_pages_not_found (pages_checked=8,fetched_ok=1,total_text_chars=5607)",extracted,ALBION V WATER PLANT,True,HQ Lab @ ALBION V WATER PLANT
ENT-000048,1,env_labs_standardized.csv,Albion Environmental,,TNI00050,1414 Soquel Avenue Suite 205; 3563 Sueldo Street Suite P,Bryan,Texas,,,env_labs,https://www.albionenvironmental.com/,,,,,,,,"Albion specializes in mitigation planning, resource inventories and assessments, impact analyses, compliance monitoring, and navigating the regulatory environment. It also provides scientific investigation and analysis as part of its cultural and natural resource consulting services, including conducting scientific field studies and implementing mitigation measures.",no_explicit_gmp,True,found_via_search,extracted,"checked_pages_not_found (pages_checked=5,fetched_ok=5,total_text_chars=9076)","checked_pages_not_found (pages_checked=5,fetched_ok=5,total_text_chars=9076)",extracted,extracted,extracted,Albion Environmental,True,HQ Lab @ Albion Environmental
ENT-000049,1,env_labs_standardized.csv,"Alexin Analytical Laboratories, Inc.",,TNI00196,13035 SW Pacific Highway,Tigard,Oregon,,,env_labs,https://www.alexinlabs.com/,,mail@alexinlabs.com,,,,,,"Alexin Analytical Laboratories provides certified water testing and analysis for drinking water, ground water, well water, spring water, and rain water, including lead testing, microbiological potability, and chemical analysis. It also offers wastewater and stormwater testing services for WWTPs and industrial manufacturing, with analysis covering parameters such as BOD/COD, TSS, pH, metals, and microbiological indicators.",no_explicit_gmp,True,found_via_search,extracted,"checked_pages_not_found (pages_checked=8,fetched_ok=8,total_text_chars=40564)",extracted,extracted,extracted,extracted,Alexin Analytical Laboratories,True,HQ Lab @ Alexin Analytical Laboratories
ENT-000050,1,env_labs_standardized.csv,ALLAB INC,,TNI02836,1544 E 13th St,BROOKLYN,New York,,,env_labs,https://allab.org/,,lab@allab.org,,,,,,"Environmental testing services specializing in asbestos, lead, and vermiculite, including asbestos analysis for air, water, bulk, soil, and dust samples, plus lead XRF lead-paint testing and lead dust, water, and soil sampling. They also provide inspections & sampling and asbestos abatement/mitigation services.",no_explicit_gmp,True,found_via_search,extracted,"checked_pages_not_found (pages_checked=8,fetched_ok=8,total_text_chars=25958)",extracted,extracted,extracted,extracted,ALLAB,True,HQ Lab @ ALLAB
ENT-000051,1,env_labs_standardized.csv,ALLEGANY COUNTY COMMUNITY ENVIRONMENTAL LABORATORY,,TNI02587,,BELMONT,New York,,,env_labs,https://www.alleganyco.gov/departments/health/environmental-health/,,,,,,,,,,,found_via_search,found_via_fallback_search,"no_pages_fetched_ok (pages_checked=1,fetched_ok=0,total_text_chars=0)","no_pages_fetched_ok (pages_checked=1,fetched_ok=0,total_text_chars=0)","no_pages_fetched_ok (pages_checked=1,fetched_ok=0,total_text_chars=0)","no_pages_fetched_ok (pages_checked=1,fetched_ok=0,total_text_chars=0)","no_pages_fetched_ok (pages_checked=1,fetched_ok=0,total_text_chars=0)",ALLEGANY COUNTY COMMUNITY ENVIRONMENTAL LABORATORY,True,HQ Lab @ ALLEGANY COUNTY COMMUNITY ENVIRONMENTAL LABORATORY
ENT-000052,1,env_labs_standardized.csv,Alliance Source Testing LLC - Mobile Unit,,TNI02595,,Decatur,Alabama,,,env_labs,https://www.alliancetg.com/,Heather Morgan,heather.morgan@stacktest.com,,,,,,,,,found_via_search,found_via_fallback_search,found_via_fallback_search,found_via_fallback_search,"no_pages_fetched_ok (pages_checked=1,fetched_ok=0,total_text_chars=0)","no_pages_fetched_ok (pages_checked=1,fetched_ok=0,total_text_chars=0)","no_pages_fetched_ok (pages_checked=1,fetched_ok=0,total_text_chars=0)",Alliance Source Testing,True,HQ Lab @ Alliance Source Testing
ENT-000053,1,env_labs_standardized.csv,Alliance Technical Group,,TNI02400,,Decatur,Alabama,,,env_labs,https://www.alliancetg.com/,,info@alliancetg.com,,,,,,,,,found_via_search,found_via_fallback_search,"no_pages_fetched_ok (pages_checked=1,fetched_ok=0,total_text_chars=0)",found_via_fallback_search,"no_pages_fetched_ok (pages_checked=1,fetched_ok=0,total_text_chars=0)","no_pages_fetched_ok (pages_checked=1,fetched_ok=0,total_text_chars=0)","no_pages_fetched_ok (pages_checked=1,fetched_ok=0,total_text_chars=0)",Alliance Technical Group,False,Decatur Lab @ Alliance Technical Group
ENT-000054,1,env_labs_standardized.csv,Alliance Technical Group,,TNI00203,255 Grant St. SE Ste 600,Tigard,Oregon,,,env_labs,https://www.alliancetg.com/,,info@alliancetg.com,,,,,,"Alliance Technical Group provides environmental consulting and compliance support, including air quality services (air permitting, air compliance, air dispersion modeling, and compliance reporting), odor assessment services, and water quality services (hydrological & hydraulic studies, NPDES permitting, and stormwater). It also offers natural resources services (biological assessment, human health ecological risk assessment, and stream/wetland restoration and mitigation) and civil and environmental engineering (water, wastewater, and stormwater design), plus industrial process and surveying/mapping capabilities.",no_explicit_gmp,True,found_via_search,extracted,"checked_pages_not_found (pages_checked=8,fetched_ok=1,total_text_chars=8508)",extracted,extracted,extracted,extracted,Alliance Technical Group,False,Tigard Lab @ Alliance Technical Group
ENT-000055,1,env_labs_standardized.csv,"Alliance Technical Group - Carrollton, Texas",,TNI00167,,Carrollton,Texas,,,env_labs,https://www.alliancetg.com/,,info@alliancetg.com,,,,,,,,,found_via_search,found_via_fallback_search,"no_pages_fetched_ok (pages_checked=1,fetched_ok=0,total_text_chars=0)",found_via_fallback_search,"no_pages_fetched_ok (pages_checked=1,fetched_ok=0,total_text_chars=0)","no_pages_fetched_ok (pages_checked=1,fetched_ok=0,total_text_chars=0)","no_pages_fetched_ok (pages_checked=1,fetched_ok=0,total_text_chars=0)",Alliance Technical Group Carrollton Texas,True,HQ Lab @ Alliance Technical Group Carrollton Texas
ENT-000056,1,env_labs_standardized.csv,Alliance Technical Group - Greenville,,TNI00551,255 Grant St. SE Ste 600,Greenville,South Carolina,,,env_labs,https://www.alliancetg.com/,Rebecca Musick,info@alliancetg.com,,,,,,"Provides environmental compliance services including environmental consulting, compliance services (including LDAR compliance and auditing/management, EHS program management, health & safety consulting and training, and risk assessments/mitigation planning), assessment & remediation (Phase I & II Environmental Site Assessments and remediation of contamination), on-site testing & monitoring, source testing (stack testing/CEMS/Temp CEMS, engine testing, RNG, fugitive emissions, ambient air, LDAR, OGI, SkyBridge), and laboratory testing & analysis (environmental oil & gas lab services and environmental lab services).",no_explicit_gmp,True,found_via_search,extracted,found_via_fallback_search,extracted,extracted,extracted,extracted,Alliance Technical Group,False,Greenville Lab @ Alliance Technical Group
ENT-000057,1,env_labs_standardized.csv,"ALLIANCE TECHNICAL GROUP, LLC",,TNI01322,,WILMINGTON,North Carolina,,,env_labs,https://www.alliancetg.com/,,info@alliancetg.com,,,,,,,,,found_via_search,"no_pages_fetched_ok (pages_checked=1,fetched_ok=0,total_text_chars=0)","no_pages_fetched_ok (pages_checked=1,fetched_ok=0,total_text_chars=0)",found_via_fallback_search,"no_pages_fetched_ok (pages_checked=1,fetched_ok=0,total_text_chars=0)","no_pages_fetched_ok (pages_checked=1,fetched_ok=0,total_text_chars=0)","no_pages_fetched_ok (pages_checked=1,fetched_ok=0,total_text_chars=0)",ALLIANCE TECHNICAL GROUP,False,Wilmington Lab @ ALLIANCE TECHNICAL GROUP
ENT-000058,1,env_labs_standardized.csv,"ALLIANCE TECHNICAL GROUP, LLC - NEWARK",,TNI01285,284 Sheffield Street,MOUNTAINSIDE,New Jersey,,,env_labs,https://www.chemtech.net/,Sohil Jodhani,mohammad.ahmed@alliancetg.com,,,,,,"Provides a wide selection of analytical tests and methods for environmental contaminants, including air toxics, wet chemistry, explosives, herbicides, metals, microbiology, pesticides & PCB’s, semi-volatile organics, volatile organics, and extractable organic parameters. Offers project management for scheduling bottle orders and sample pickups, and report deliverable packages designed to meet specific regulatory requirements.",no_explicit_gmp,True,found_via_search,extracted,found_via_fallback_search,extracted,extracted,extracted,extracted,ALLIANCE TECHNICAL GROUP,False,Mountainside Lab @ ALLIANCE TECHNICAL GROUP
ENT-000059,1,env_labs_standardized.csv,"Alliance Technical Group, LLC - Seattle",,TNI02227,3600 Fremont Avenue N,Seattle,Washington,,,env_labs,https://www.alliancetg.com/,,info.seattle@alliancetg.com,,,,,,,,,found_via_search,found_via_fallback_search,"no_pages_fetched_ok (pages_checked=1,fetched_ok=0,total_text_chars=0)",found_via_fallback_search,"no_pages_fetched_ok (pages_checked=1,fetched_ok=0,total_text_chars=0)","no_pages_fetched_ok (pages_checked=1,fetched_ok=0,total_text_chars=0)","no_pages_fetched_ok (pages_checked=1,fetched_ok=0,total_text_chars=0)",Alliance Technical Group,False,Seattle Lab @ Alliance Technical Group
ENT-000060,1,env_labs_standardized.csv,"Alliance Technical Group, LLC DBA Interpoll Laboratories",,TNI01088,,Circle Pines,Minnesota,,,env_labs,https://www.alliancetg.com/,Robert L. Walsky,interpoll@interpoll-labs.com,,,,,,,,,found_via_search,found_via_fallback_search,found_via_fallback_search,found_via_fallback_search,"no_pages_fetched_ok (pages_checked=1,fetched_ok=0,total_text_chars=0)","no_pages_fetched_ok (pages_checked=1,fetched_ok=0,total_text_chars=0)","no_pages_fetched_ok (pages_checked=1,fetched_ok=0,total_text_chars=0)",Alliance Technical Group,False,Circle Pines Lab @ Alliance Technical Group
ENT-000061,1,env_labs_standardized.csv,"Alliance Technical Group, LLC-Akron",,TNI00583,255 Grant St. SE Ste 600,Cuyahoga Falls,Ohio,,,env_labs,https://www.alliancetg.com/,Krista Caudill,info@alliancetg.com,,,,,,"Environmental compliance, including on-site testing & monitoring and laboratory testing & analysis. Source testing (e.g., stack testing, CEMS/temp CEMS, engine testing, RNG, fugitive emissions, ambient air, LDAR, OGI, SkyBridge software) plus environmental consulting (air, water, natural resources), compliance services (e.g., LDAR compliance audits & management, EHS compliance as a service, OSHA training), and assessment & remediation (Phase I & II environmental site assessments and remediation of contamination in soil, water, and air).",no_explicit_gmp,True,found_via_search,extracted,found_via_fallback_search,extracted,extracted,extracted,extracted,Alliance Technical Group,False,Cuyahoga Falls Lab @ Alliance Technical Group
ENT-000062,1,env_labs_standardized.csv,"Alpha Analytical, Inc.",,TNI00197,,Sparks,Nevada,,,env_labs,https://alphaanalytical.com/,Jim Occhialini,jocchialini@alphalab.com,,,,,,"Alpha Analytical provides environmental testing and analytical services including air testing (indoor air quality, vapor intrusion, and petroleum vapor intrusion) and sediment/tissue analysis, as well as trace organic/inorganic, trace metals, low-level mercury, cyanide, and emerging contaminants such as PFAS and 1,4-dioxane. It also offers support services such as sampling services (including chain of custody), sample storage, courier service, project management, and data management via ADEx with electronic data delivery formats.",no_explicit_gmp,True,found_via_search,found_via_fallback_search,extracted,extracted,extracted,extracted,extracted,Alpha Analytical,True,HQ Lab @ Alpha Analytical
ENT-000063,1,env_labs_standardized.csv,ALPHA LABS LLC,,TNI01800,,LONG ISLAND CITY,New York,,,env_labs,https://www.alphalabsllc.com/,Mr. Dimitrios Molohides,dmolohides@alphalabsllc.com,,,,,,,explicit_gmp,,found_via_search,found_via_fallback_search,found_via_fallback_search,found_via_fallback_search,found_via_fallback_search,"no_pages_fetched_ok (pages_checked=1,fetched_ok=0,total_text_chars=0)","no_pages_fetched_ok (pages_checked=1,fetched_ok=0,total_text_chars=0)",ALPHA LABS,True,HQ Lab @ ALPHA LABS
ENT-000064,1,env_labs_standardized.csv,ALS Environmental,,TNI01683,4388 Glendale Milford Rd,Cincinnati,Ohio,,,env_labs,https://www.alsglobal.com/,,usaenviro.cincinnati@alsglobal.com,,,,,,"ALS provides environmental testing and laboratory services including PFAS & emerging contaminant testing, air quality & emissions testing (including vapor intrusion and emissions monitoring), and water quality compliance testing for wastewater, stormwater, groundwater, and surface water. The services include regulatory-support-focused sampling, analysis, and reporting for compliance programs and permits.",no_explicit_gmp,True,found_via_search,found_via_fallback_search,"checked_pages_not_found (pages_checked=8,fetched_ok=8,total_text_chars=77546)",found_via_fallback_search,extracted,extracted,extracted,ALS Environmental,False,Cincinnati Lab @ ALS Environmental
ENT-000065,1,env_labs_standardized.csv,ALS Environmental,,TNI02019,"Level 9B, 25 King Street",Holland,Michigan,,,env_labs,https://www.alsglobal.com/en/USA/usa-environmental/,General Manager Mark Hoots,Chad.Stoike@alsglobal.com,,,,,,"Provides environmental laboratory testing services including PFAS & emerging contaminants, air quality & emissions, water quality compliance testing, drinking water compliance, and industrial & workplace safety client services. Also lists capabilities such as soil & hazardous waste testing and equipment reliability services including oil analysis, coolant & transformer fluid testing, and fuel & DEF testing.",no_explicit_gmp,True,found_via_search,extracted,extracted,found_via_fallback_search,extracted,extracted,extracted,ALS Environmental,False,Holland Lab @ ALS Environmental
ENT-000066,1,env_labs_standardized.csv,ALS Environmental - Irvine,,TNI02924,"10450 Stancliff Road, Suite 210",Irvine,California,,,env_labs,https://www.alsglobal.com/en/USA,,,,,,,,"ALS offers environmental testing services including PFAS & emerging contaminants, air quality & emissions, and water quality compliance testing (including drinking water compliance). It also provides industrial and workplace safety testing and additional client services such as sampling order forms, invoice payment, and related technical support.",explicit_gmp,True,found_via_search,extracted,"checked_pages_not_found (pages_checked=8,fetched_ok=8,total_text_chars=80477)","checked_pages_not_found (pages_checked=8,fetched_ok=8,total_text_chars=80477)",extracted,extracted,extracted,ALS Environmental,False,Irvine Lab @ ALS Environmental
ENT-000067,1,env_labs_standardized.csv,ALS Environmental - Jacksonville,,TNI00369,"9143 Phillips Highway, Suite 200",Jacksonville,Florida,,,env_labs,https://www.alsglobal.com/,,mark.hoots@alsglobal.com,,,,,,"ALS provides environmental and laboratory testing services including environmental site assessment & remediation, environmental monitoring, water industry and air monitoring, industrial & occupational hygiene, PFAS testing, equipment reliability, oil analysis, coolant & transformer fluid testing, and fuel & DEF testing. It also provides consulting, training & reporting, food and agricultural testing (including AgriSciences), mining-related services such as mine site operations and geochemistry/geoanalytics, plus pharmaceutical & healthcare and analytical services.",no_explicit_gmp,True,found_via_search,found_via_fallback_search,"checked_pages_not_found (pages_checked=8,fetched_ok=8,total_text_chars=75797)",found_via_fallback_search,extracted,extracted,extracted,ALS Environmental,False,Jacksonville Lab @ ALS Environmental
ENT-000068,1,env_labs_standardized.csv,ALS Environmental - Middletown,,TNI02116,,Middletown,Pennsylvania,,,env_labs,https://www.alsglobal.com/,Susan Magness,susan.magness@alsglobal.com,,,,,,"ALS provides environmental testing services including ""Site assessment & remediation,"" ""Environmental monitoring,"" and ""Water industry"" and ""Air monitoring"" services, along with ""PFAS"" and ""Oil analysis"". The text also lists food, personal care, mining/geochemistry, pharmaceuticals, and analytical services, plus ""Consulting, training & reporting"".",no_explicit_gmp,True,found_via_search,found_via_fallback_search,found_via_fallback_search,found_via_fallback_search,extracted,extracted,extracted,ALS Environmental,False,Middletown Lab @ ALS Environmental
ENT-000069,1,env_labs_standardized.csv,ALS ENVIRONMENTAL - NEWTOWN,,TNI01756,,NEWTOWN,Connecticut,,,env_labs,https://www.alsglobal.com/en/USA/usa-environmental,Dustin Hibbert,,,,,,,"ALS provides environmental analytical testing services including soil & hazardous waste testing, PFAS & emerging contaminants testing, air quality & emissions testing, water quality compliance testing, drinking water compliance, and industrial & workplace safety testing. The site also lists client services such as sampling order forms and paying invoices online, plus technical support like equipment reliability services (oil analysis, coolant & transformer fluid testing, and fuel & DEF testing).",no_explicit_gmp,True,found_via_search,found_via_fallback_search,found_via_fallback_search,"checked_pages_not_found (pages_checked=8,fetched_ok=8,total_text_chars=71764)",extracted,extracted,extracted,ALS ENVIRONMENTAL,False,Newtown Lab @ ALS ENVIRONMENTAL
ENT-000070,1,env_labs_standardized.csv,ALS ENVIRONMENTAL - QUEENS,,TNI02476,,RICHMOND HILL,New York,,,env_labs,https://www.alsglobal.com/usaenviro,James Dodsworth,,,,,,,"ALS provides environmental laboratory testing services including ""Soil & hazardous waste,"" ""PFAS & emerging contaminants,"" ""Air quality & emissions,"" and ""Water quality compliance testing""/""Drinking water compliance."" It also offers ""Equipment reliability"" (e.g., ""Oil analysis"" and ""Coolant & transformer fluid testing""), plus additional client services such as ""Sampling order form"" and ""Pay an invoice online.""",no_explicit_gmp,True,found_via_search,found_via_fallback_search,found_via_fallback_search,"checked_pages_not_found (pages_checked=8,fetched_ok=8,total_text_chars=71764)",extracted,extracted,extracted,ALS ENVIRONMENTAL QUEENS,True,HQ Lab @ ALS ENVIRONMENTAL QUEENS
ENT-000071,1,env_labs_standardized.csv,ALS ENVIRONMENTAL - ROCHESTER,,TNI01454,,ROCHESTER,New York,,,env_labs,https://www.alsglobal.com/,,usaenviro.rochester@alsglobal.com,,,,,,"Provides environmental laboratory testing and compliance services including PFAS & emerging contaminant testing, air quality & emissions testing, and water quality compliance testing. Services include end-to-end testing solutions for wastewater, stormwater, groundwater, and surface water, with support for permitting and regulatory reporting.",no_explicit_gmp,True,found_via_search,found_via_fallback_search,"checked_pages_not_found (pages_checked=8,fetched_ok=8,total_text_chars=77546)",found_via_fallback_search,extracted,extracted,extracted,ALS ENVIRONMENTAL,False,Rochester Lab @ ALS ENVIRONMENTAL
ENT-000072,1,env_labs_standardized.csv,ALS Environmental - Simi Valley,,TNI01213,"2655 Park Center Dr, Suite A",Simi Valley,California,,,env_labs,https://www.alsglobal.com/,,,,,,,,"ALS Environmental provides air quality and emissions testing (including vapor intrusion investigations, RNG plant emissions monitoring, and whole-air analyses such as TO-15/TO-3 and thermal desorption methods TO-17 and EPA 325B) using accredited labs. It also provides end-to-end water quality compliance testing for wastewater, stormwater, groundwater, and surface water, including analytical services and regulatory support with described scopes and typical analyses.",no_explicit_gmp,True,found_via_search,found_via_fallback_search,"checked_pages_not_found (pages_checked=8,fetched_ok=5,total_text_chars=51321)","checked_pages_not_found (pages_checked=8,fetched_ok=5,total_text_chars=51321)",extracted,extracted,extracted,ALS Environmental,False,Simi Valley Lab @ ALS Environmental
ENT-000073,1,env_labs_standardized.csv,ALS ENVIRONMENTAL - STRATFORD,,TNI01615,,STRATFORD,Connecticut,,,env_labs,https://www.alsglobal.com/,Cassie Mosher,nastr.clientservices@alsglobal.com,,,,,,"ALS provides environmental testing and laboratory services, including PFAS & emerging contaminant testing, air and vapor/industrial emissions testing, and water quality compliance testing. Services include full-scope analytical testing and regulatory support for wastewater, stormwater, groundwater, and surface water, plus air testing for vapor intrusion, RNG monitoring, and emissions.",no_explicit_gmp,True,found_via_search,found_via_fallback_search,found_via_fallback_search,found_via_fallback_search,extracted,extracted,extracted,ALS ENVIRONMENTAL,False,Stratford Lab @ ALS ENVIRONMENTAL
ENT-000074,1,env_labs_standardized.csv,ALS ENVIRONMENTAL - TOMS RIVER,,TNI03009,2161 Whitesville Road,TOMS RIVER,New Jersey,,,env_labs,https://www.alsglobal.com/en/usa/usa-environmental,Joseph Ravino,usaenviro.tomsriver@alsglobal.com,,,,,,"ALS provides environmental testing services including soil & hazardous waste, PFAS & emerging contaminants, air quality & emissions, water quality compliance testing, and drinking water compliance. It also lists industrial & workplace safety, client services (e.g., sampling order form and pay an invoice online), and equipment reliability/ oil analysis services such as coolant & transformer fluid testing and fuel & DEF testing.",no_explicit_gmp,True,found_via_search,found_via_fallback_search,found_via_fallback_search,found_via_fallback_search,extracted,extracted,extracted,ALS ENVIRONMENTAL,False,Toms River Lab @ ALS ENVIRONMENTAL
ENT-000075,1,env_labs_standardized.csv,ALS Environmental - Valparaiso,,TNI02447,,Valparaiso,Indiana,,,env_labs,https://www.alsglobal.com/,,chad.stoike@alsglobal.com,,,,,,"ALS provides environmental testing and laboratory services, including PFAS & emerging contaminant testing, air testing (vapor intrusion, RNG plant emissions monitoring, and industrial emissions), and comprehensive water quality compliance testing for wastewater, stormwater, groundwater, and surface water. Services include accredited laboratory testing with support for compliance reporting such as EPA/state programs.",no_explicit_gmp,True,found_via_search,found_via_fallback_search,"checked_pages_not_found (pages_checked=8,fetched_ok=8,total_text_chars=77546)",found_via_fallback_search,extracted,extracted,extracted,ALS Environmental,False,Valparaiso Lab @ ALS Environmental
ENT-000076,1,env_labs_standardized.csv,ALS Environmental Burlington - CANADA,,TNI01293,"1435 Norjohn Court, Unit 1",Burlington,Ontario,,,env_labs,https://www.alsglobal.com/en/canada-environmental,Cameron McIntosh,quality.burlington@alsglobal.com,,,,,,"Provides environmental testing and compliance services, including air quality testing, metals speciation, ultra-trace analysis, and PFAS testing. Also lists “Environmental Site assessment & remediation,” “Environmental monitoring,” and water industry solutions such as “Drinking Water Air Monitoring Testing Services” and “Water Industry Solutions and Drinking Water,” with capabilities including PFAS quality & accreditation using ISO/IEC 17025-accredited laboratories.",no_explicit_gmp,True,found_via_search,found_via_fallback_search,found_via_fallback_search,found_via_fallback_search,extracted,extracted,extracted,ALS Environmental Burlington CANADA,True,HQ Lab @ ALS Environmental Burlington CANADA
ENT-000077,1,env_labs_standardized.csv,ALS Environmental Holland MI,,TNI02268,,Holland,Michigan,,,env_labs,https://www.alsglobal.com/,,,,,,,,"Provides environmental laboratory testing services including PFAS & emerging contaminant testing, water quality compliance testing, and related regulatory support for wastewater, stormwater, groundwater, and surface water. Services include processes such as permitting, sampling, and analytical reporting, with typical analyses listed (e.g., PFAS methods, VOCs/SVOCs, heavy metals, BOD/COD, and microbiology).",no_explicit_gmp,True,found_via_search,found_via_fallback_search,"checked_pages_not_found (pages_checked=8,fetched_ok=5,total_text_chars=44040)","checked_pages_not_found (pages_checked=8,fetched_ok=5,total_text_chars=44040)",extracted,extracted,extracted,ALS Environmental Holland MI,True,HQ Lab @ ALS Environmental Holland MI
ENT-000078,1,env_labs_standardized.csv,"ALS Environmental, Kelso",,TNI00372,,Kelso,Washington,,,env_labs,https://www.alsglobal.com/,Katy Brown,katy.brown@alsglobal.com,,,,,,"ALS provides environmental laboratory testing and client services across areas including PFAS & emerging contaminants, air quality & emissions, and water quality compliance testing. The text also lists capabilities such as soil & hazardous waste testing, sampling, analysis database support, and regulatory/compliance-focused reporting (e.g., NPDES, SDWA, RCRA, CERCLA/Superfund).",no_explicit_gmp,True,found_via_search,found_via_fallback_search,found_via_fallback_search,found_via_fallback_search,extracted,extracted,extracted,ALS Environmental,False,Kelso Lab @ ALS Environmental
ENT-000079,1,env_labs_standardized.csv,"ALS Laboratory Group, Environmental Services Division (Houston, Texas)",,TNI00037,"10450 Stancliff Road, Suite 210",Houston,Texas,,,env_labs,https://www.alsglobal.com/en/water-industry/,,,,,,,,"ALS provides environmental sampling and analytical testing solutions, including water sampling and water quality compliance testing for wastewater, stormwater, groundwater, and surface water. Services also include PFAS and emerging contaminant testing, with compliance support and regulatory reporting (e.g., NPDES, SDWA monitoring requirements, and related permit sampling and reporting).",explicit_gmp,True,found_via_search,found_via_fallback_search,"checked_pages_not_found (pages_checked=8,fetched_ok=8,total_text_chars=78526)","checked_pages_not_found (pages_checked=8,fetched_ok=8,total_text_chars=78526)",found_via_fallback_search,extracted,extracted,ALS Laboratory Group Environmental Services Division Houston Texas,True,HQ Lab @ ALS Laboratory Group Environmental Services Division Houston Texas
ENT-000080,1,env_labs_standardized.csv,"Alternative Technologies, Inc.",,TNI02155,,Burnsville,Minnesota,,,env_labs,https://www.oiltestinglab.com/,,,,,,,,,,,found_via_search,found_via_fallback_search,"no_pages_fetched_ok (pages_checked=1,fetched_ok=0,total_text_chars=0)","no_pages_fetched_ok (pages_checked=1,fetched_ok=0,total_text_chars=0)","no_pages_fetched_ok (pages_checked=1,fetched_ok=0,total_text_chars=0)","no_pages_fetched_ok (pages_checked=1,fetched_ok=0,total_text_chars=0)","no_pages_fetched_ok (pages_checked=1,fetched_ok=0,total_text_chars=0)",Alternative Technologies,True,HQ Lab @ Alternative Technologies
ENT-000081,1,env_labs_standardized.csv,AMA ANALYTICAL SERVICES INC,,TNI01623,4475 Forbes Boulevard,LANHAM,Maryland,,,env_labs,https://www.amalab.com/,Joseph Coco,josephcoco@amalab.com,,,,,,,,,found_via_search,found_via_fallback_search,found_via_fallback_search,found_via_fallback_search,"no_pages_fetched_ok (pages_checked=1,fetched_ok=0,total_text_chars=0)","no_pages_fetched_ok (pages_checked=1,fetched_ok=0,total_text_chars=0)","no_pages_fetched_ok (pages_checked=1,fetched_ok=0,total_text_chars=0)",AMA ANALYTICAL SERVICES,True,HQ Lab @ AMA ANALYTICAL SERVICES
ENT-000082,1,env_labs_standardized.csv,"AMBIENT GROUP, INC.",,TNI01616,,NEW YORK,New York,,,env_labs,https://www.ambientgroup.com/,Dr. William A. Esposito,,,,,,,"Provides laboratory services, indoor environmental quality services, water treatment consulting, compliance services, environmental commissioning services, building intelligence, and real property environmental assessments. Specific offerings mentioned include Legionella compliance and cooling tower management plans, NYS-ELAP accredited Legionella and bacteria analysis, water testing and monitoring, and energy code-related services such as energy audits and ventilation reduction.",no_explicit_gmp,True,found_via_search,extracted,extracted,"checked_pages_not_found (pages_checked=8,fetched_ok=8,total_text_chars=11853)",extracted,extracted,extracted,AMBIENT GROUP,True,HQ Lab @ AMBIENT GROUP
ENT-000083,1,env_labs_standardized.csv,"AMERICA SCIENCE TEAM NEW YORK, INC",,TNI01708,117 East 30th Street,NEW YORK,New York,,,env_labs,https://www.amerisci.com/,,[email protected],,,,,,"Provides accredited environmental testing services for asbestos (PCM/PLM/TEM across air, bulk, surface, dust, soil, and water samples), mold & bacteria analysis (air and surface sampling with spore counts and species-level identification), water testing for asbestos and microbial contaminants, and lead analysis of paint chips, dust wipes, and soil for lead.",no_explicit_gmp,True,found_via_search,extracted,"checked_pages_not_found (pages_checked=8,fetched_ok=8,total_text_chars=18890)",extracted,extracted,extracted,extracted,AMERICA SCIENCE TEAM,True,HQ Lab @ AMERICA SCIENCE TEAM
ENT-000084,1,env_labs_standardized.csv,AMERICAN ANALYTICAL LABORATORIES LLC.,,TNI01695,56 Toledo Street,FARMINGDALE,New York,,,env_labs,https://www.american-analytical.com/,Lori Beyer,lbeyer@american-analytical.com,,,,,,,no_explicit_gmp,,found_via_search,found_via_fallback_search,found_via_fallback_search,found_via_fallback_search,extracted,"pages_likely_js_rendered (pages_checked=1,fetched_ok=1,total_text_chars=43)","pages_likely_js_rendered (pages_checked=1,fetched_ok=1,total_text_chars=43)",AMERICAN ANALYTICAL LABORATORIES,True,HQ Lab @ AMERICAN ANALYTICAL LABORATORIES
ENT-000085,1,env_labs_standardized.csv,American Analytics Inc.,,TNI02232,9765 Eton Avenue,Chatsworth,California,,,env_labs,https://americananalytics.com/,Ms. Zvia Uziel,support@americananalytics.com,,,,,,"American Analytics provides environmental laboratory and mobile laboratory services including air toxics ambient air analysis, soil gas analysis, and USP 800 wipe sampling for hazardous drugs. It also offers sampling services and related supplies like chain of custody forms, wipe sample kits, and technical consultation.",no_explicit_gmp,True,found_via_search,extracted,extracted,extracted,extracted,extracted,extracted,American Analytics,True,HQ Lab @ American Analytics
ENT-000086,1,env_labs_standardized.csv,American Bottoms Regional Wastewater Treatment Facility,,TNI02020,1 American Bottoms Road,Sauget,Illinois,,,env_labs,https://www.americanbottoms.com/,"Heather Faragher, Executive Director",heatherf@americanbottoms.com,,,,,,"Provides wastewater treatment services including biological wastewater treatment, physical-chemical wastewater treatment (PChem process), and pretreatment program services. Also offers hauled wastewater services, and lab services for wastewater.",no_explicit_gmp,False,found_via_search,found_via_fallback_search,found_via_fallback_search,found_via_fallback_search,extracted,"checked_pages_not_found (pages_checked=1,fetched_ok=1,total_text_chars=3432)",extracted,American Bottoms Regional Wastewater Treatment Facility,True,HQ Lab @ American Bottoms Regional Wastewater Treatment Facility
ENT-000087,1,env_labs_standardized.csv,American Electric Power Dolan Chemical Laboratory,,TNI02223,,Groveport,Ohio,,,env_labs,,,,,,,,,,,,search_found_nothing,found_via_fallback_search,no_website_cannot_check_pages,no_website_cannot_check_pages,no_website_cannot_check_pages,no_website_cannot_check_pages,no_website_cannot_check_pages,American Electric Power Dolan Chemical Laboratory,True,HQ Lab @ American Electric Power Dolan Chemical Laboratory
ENT-000088,1,env_labs_standardized.csv,American Radiation Services (ARS),,TNI00266,2609 N. River Rd,Port Allen,Louisiana,,,env_labs,https://www.ars-analytical.com/,Keith Greene,kbrewer@amrad.com,,,,,,"ARS provides full-service laboratory capabilities including radiological testing, radiochemistry, standard chemistry, industrial hygiene, NORM testing, environmental chemistry, water quality monitoring, soil testing, metals/volatile organics, difficult matrices, custom method development, and technical services such as consulting/scientific expertise and mobile lab facilities. It also supports chain of custody, sample shipping, and onsite mobile sample management offices (SMO) and mobile laboratories for client projects.",no_explicit_gmp,True,found_via_search,extracted,extracted,found_via_fallback_search,extracted,extracted,extracted,American Radiation Services ARS,True,HQ Lab @ American Radiation Services ARS
ENT-000089,1,env_labs_standardized.csv,"American Testing Technologies, Inc.",,TNI02164,1350 Home Ave Suite G-I,Akron,Ohio,,,env_labs,https://www.americantestingtechnologies.com/,,,,,,,,"American Testing Technologies provides environmental, fuel, and material analytical testing. Services described include hazardous waste characterization (e.g., TCLP and RCI determination per EPA SW-846 methods), RoHS compliance testing, and fuel/waste/used oil and material/chemical analyses (e.g., polymer analysis, material identification, failure analysis, and chemical analysis of alloys).",no_explicit_gmp,True,found_via_search,extracted,"checked_pages_not_found (pages_checked=8,fetched_ok=8,total_text_chars=15372)","checked_pages_not_found (pages_checked=8,fetched_ok=8,total_text_chars=15372)",extracted,extracted,extracted,American Testing Technologies,True,HQ Lab @ American Testing Technologies
ENT-000090,1,env_labs_standardized.csv,American Water Central Laboratory,,TNI02194,1 Water St,Belleville,Illinois,,,env_labs,https://www.amwater.com/,Bill Deckelmann,bill.deckelmann@amwater.com,,,,,,"Provides water and wastewater services and solutions for communities, including regulatory compliance and performing “more than a million water quality tests each year” for state and federal standards. Also describes water and wastewater plant operations, maintenance, dewatering services, offsite sludge transportation, building security, and odor abatement systems.",no_explicit_gmp,False,found_via_search,extracted,found_via_fallback_search,found_via_fallback_search,extracted,"checked_pages_not_found (pages_checked=7,fetched_ok=6,total_text_chars=36529)",extracted,American Water Central Laboratory,True,HQ Lab @ American Water Central Laboratory
ENT-000091,1,env_labs_standardized.csv,American West Analytical Laboratories,,TNI01955,,Salt Lake City,Utah,,,env_labs,https://www.awal-labs.com/,Kyle F. Gross,awal@awal-labs.com,,,,,,,,,found_via_search,found_via_fallback_search,found_via_fallback_search,found_via_fallback_search,"no_pages_fetched_ok (pages_checked=1,fetched_ok=0,total_text_chars=0)","no_pages_fetched_ok (pages_checked=1,fetched_ok=0,total_text_chars=0)","no_pages_fetched_ok (pages_checked=1,fetched_ok=0,total_text_chars=0)",American West Analytical Laboratories,True,HQ Lab @ American West Analytical Laboratories
ENT-000092,1,env_labs_standardized.csv,AMERISCI RICHMOND,,TNI01636,13635 Genito Road,MIDLOTHIAN,Virginia,,,env_labs,https://www.amerisci.com/,Cory M. Parnell,[email protected],,,,,,"Accredited environmental testing laboratory services for asbestos (PCM/PLM/TEM analysis), mold & bacteria (air and surface sampling with spore counts and species-level identification), water testing (drinking and wastewater for asbestos and microbial contaminants), and lead analysis (paint chips, dust wipes, and soil for lead).",no_explicit_gmp,True,found_via_search,extracted,found_via_fallback_search,extracted,extracted,extracted,extracted,AMERISCI RICHMOND,True,HQ Lab @ AMERISCI RICHMOND
ENT-000093,1,env_labs_standardized.csv,AMHERST (T) WPCF,,TNI01426,off of Tonawanda Creek Road,AMHERST,New York,,,env_labs,https://www.amherst.ny.us/content/departments.php?dept_id=dept_10&div_id=div_15&menu_id=menu_64,,toainfo@amherst.ny.us,,,,,,"The Amherst Water Pollution Control Facility (WPCF) treats raw sewage via preliminary treatment (influent screening, grit chambers, equalization tanks with primary settling), secondary treatment using a two-stage oxygen activated sludge process, and tertiary treatment including an intermediate pump station and sand filters for final polishing. Disinfection is done using sodium hypochlorite (with dechlorination) and treated effluent is discharged to Tonawanda Creek under a State Pollutant Discharge Elimination System (SPDES) permit.",no_explicit_gmp,False,found_via_search,extracted,"checked_pages_not_found (pages_checked=8,fetched_ok=5,total_text_chars=38504)",extracted,extracted,"checked_pages_not_found (pages_checked=8,fetched_ok=5,total_text_chars=38504)",extracted,AMHERST T WPCF,True,HQ Lab @ AMHERST T WPCF
ENT-000094,1,env_labs_standardized.csv,AMSTERDAM WATER TREATMENT,,TNI01604,,AMSTERDAM,New York,,,env_labs,,,,,,,,,,,,search_found_nothing,no_website_fallback_search_failed,no_website_cannot_check_pages,no_website_cannot_check_pages,no_website_cannot_check_pages,no_website_cannot_check_pages,no_website_cannot_check_pages,AMSTERDAM WATER TREATMENT,True,HQ Lab @ AMSTERDAM WATER TREATMENT
ENT-000095,1,env_labs_standardized.csv,"Analytical Environmental Laboratory, LLC",,TNI00068,8310 South Broadway Avenue,Tyler,Texas,,,env_labs,https://www.aeltyler.com/,,info@aeltyler.com,,,,,,"Analytical Environmental Laboratory LLC provides odor and taste contaminant (Geosmin / 2-MIB) testing for drinking water, including sample collection and reporting details. It also offers fast Total Organic Carbon (TOC) testing (Modified Standard Method 5310C with UV-persulfate oxidation) with turnaround options for aqueous samples.",no_explicit_gmp,True,found_via_search,extracted,"checked_pages_not_found (pages_checked=5,fetched_ok=5,total_text_chars=8673)",extracted,extracted,extracted,extracted,Analytical Environmental Laboratory,True,HQ Lab @ Analytical Environmental Laboratory
ENT-000096,1,env_labs_standardized.csv,"Analytical Food Laboratories, Inc.",,TNI00182,860 Greenview Drive,Grand Prairie,Texas,,,env_labs,https://www.afltexas.com/,"Dr. Stephen Wuller, Ph.D., CFS",afl@tentamus.com,,,,,,"AFL provides in-house full-service analytical laboratory testing including Chemistry Testing, Microbiological Testing, Sensory Testing, Nutritional Analysis, Cyclospora Testing, and Cosmetics and Personal Care Testing. It also offers Vendor Compliance, Product Labeling and Consulting, and Special Projects support (e.g., disinfectant efficacy, inoculation studies, accelerated shelf life testing).",no_explicit_gmp,True,found_via_search,extracted,extracted,extracted,extracted,extracted,extracted,Analytical Food Laboratories,True,HQ Lab @ Analytical Food Laboratories
ENT-000097,1,env_labs_standardized.csv,"Analytical Laboratories, Inc.",,TNI02545,1804 N. 33rd St.,Boise,Idaho,,,env_labs,https://www.analyticallabsinc.com/,Brian McGovern,ali@analyticallaboratories.com,,,,,,"Provides full service environmental laboratory testing and sampling services, including EPA certified drinking water analysis, wastewater analysis, food and crop analysis, fuel analysis, soil analysis, deicer analysis, and Whole Effluent Toxicity testing. Also offers sampling services and testing departments covering Microbiology, Environmental Chemistry, Fuels, Metals, Bio-Monitoring, and Organics.",no_explicit_gmp,True,found_via_search,extracted,found_via_fallback_search,extracted,extracted,extracted,extracted,Analytical Laboratories,True,HQ Lab @ Analytical Laboratories
ENT-000098,1,env_labs_standardized.csv,Analytical Laboratory Group,,TNI00198,361 West Fifth Ave,Eugene,Oregon,,,env_labs,https://alglabsinc.com/,Pam St. Julian,alglabs@alglabsinc.com,,,,,,,,,found_via_search,found_via_fallback_search,found_via_fallback_search,found_via_fallback_search,"no_pages_fetched_ok (pages_checked=1,fetched_ok=0,total_text_chars=0)","no_pages_fetched_ok (pages_checked=1,fetched_ok=0,total_text_chars=0)","no_pages_fetched_ok (pages_checked=1,fetched_ok=0,total_text_chars=0)",Analytical Laboratory Group,True,HQ Lab @ Analytical Laboratory Group
ENT-000099,1,env_labs_standardized.csv,"Analytical Resources, LLC",,TNI00199,4611 S 134th Place Suite 100,Tukwila,Washington,,,env_labs,https://www.arilabs.com/,Douglas Elijew,douglas.elijew@arilabs.com,,,,,,"Environmental testing services including conventional drinking water, metals, PCB, pesticide, chlorophenol, petroleum hydrocarbon, sediment, semi-volatile, and volatile analyses. Provides custom analysis, sample preparation (including soil core and storm water processing), sampling and custody forms, data deliverables, and courier services for sample container/equipment delivery and pickup.",no_explicit_gmp,True,found_via_search,extracted,found_via_fallback_search,found_via_fallback_search,extracted,extracted,extracted,Analytical Resources,True,HQ Lab @ Analytical Resources
ENT-000100,1,env_labs_standardized.csv,Analytical Services Corporation,,TNI00270,,Niceville,Florida,,,env_labs,https://www.analyticalservicescorp.com/,,,,,,,,,,,found_via_search,found_via_fallback_search,"no_pages_fetched_ok (pages_checked=1,fetched_ok=0,total_text_chars=0)","no_pages_fetched_ok (pages_checked=1,fetched_ok=0,total_text_chars=0)","no_pages_fetched_ok (pages_checked=1,fetched_ok=0,total_text_chars=0)","no_pages_fetched_ok (pages_checked=1,fetched_ok=0,total_text_chars=0)","no_pages_fetched_ok (pages_checked=1,fetched_ok=0,total_text_chars=0)",Analytical Services,False,Niceville Lab @ Analytical Services
ENT-000101,1,env_labs_standardized.csv,"Analytical Services, Inc.",,TNI00273,130 Allen Brook Lane,Williston,Vermont,,,env_labs,http://www.analyticalservices.com/,Paul Warden,pwarden@analyticalservices.com,,,,,,"ASI provides environmental microbiological testing and analysis for water, wastewater/reclaimed water/stormwater, and biosolids, including testing for Cryptosporidium/Giardia, LT2, Legionella, microbial identification, microscopic particulate analysis, virus analysis, general microbiology, and electron microscopy. The site also lists consulting, research & development, ATP studies, and challenge studies.",no_explicit_gmp,True,found_via_search,extracted,extracted,extracted,extracted,extracted,extracted,Analytical Services,False,Williston Lab @ Analytical Services
ENT-000102,1,env_labs_standardized.csv,"Anatek Labs, Inc.",,TNI00274,1282 Alturas Drive,Moscow,Idaho,,,env_labs,https://www.anateklabs.com/,"Todd Taruscio, PhD",moscow@anateklabs.com,,,,,,"Anatek Labs provides environmental analytical testing services including drinking water, private well water, public drinking water, wastewater/soil/compost testing, hazardous waste testing, PFAS/PFC testing using EPA methods, and food pathogen and microbiology testing. The site also lists testing for pesticides and herbicides, lead and copper, UCMR5, low level mercury, and methamphetamine (meth) among other contaminants.",no_explicit_gmp,True,found_via_search,extracted,extracted,extracted,extracted,extracted,extracted,Anatek Labs,False,Moscow Lab @ Anatek Labs
ENT-000103,1,env_labs_standardized.csv,"Anatek Labs, Inc. - Spokane",,TNI02364,504 E. Sprague Ave #D,Spokane,Washington,,,env_labs,https://www.anateklabs.com/,Kathy Sattler,spokane@anateklabs.com,,,,,,"Anatek Labs provides full service environmental analytical testing, including drinking water, private well water, public drinking water, lead & copper, wastewater/soil/compost testing, hazardous waste testing, pesticide & herbicide testing, PFAS testing, and food/beverage/microbiology testing. For food pathogen testing, it offers testing within specified timeframes and tests for pathogens such as Listeria, Salmonella, and E. coli 0157:H7.",no_explicit_gmp,True,found_via_search,extracted,extracted,extracted,extracted,extracted,extracted,Anatek Labs,False,Spokane Lab @ Anatek Labs
ENT-000104,1,env_labs_standardized.csv,"Anatek Labs, Inc. - Yakima",,TNI02783,4802 Tieton Drive,Yakima,Washington,,,env_labs,https://www.anateklabs.com/,,yakima@anateklabs.com,,,,,,"Full service environmental analytical testing laboratory providing testing for drinking water (including lead & copper, PFAS/PFCs, UCMR5, low level mercury, methamphetamine cleanup verification, and other contaminants), wastewater/soil/compost, hazardous waste, pesticide & herbicide analysis, and food pathogen and food microbiology testing. Also offers compliance sampling such as ANSI/AAMI ST108 for water for the processing of medical devices.",no_explicit_gmp,True,found_via_search,extracted,"checked_pages_not_found (pages_checked=8,fetched_ok=8,total_text_chars=31068)",extracted,extracted,extracted,extracted,Anatek Labs,False,Yakima Lab @ Anatek Labs
ENT-000105,1,env_labs_standardized.csv,Angelina and Neches River Authority Environmental Laboratory,,TNI00077,2901 N John Redditt Drive,Lufkin,Texas,,,env_labs,https://www.anra.org/,"Kelley Holcomb, general manager",info@anra.org,,,,,,"The Authority provides OSSF (On-Site Sewage Facilities) services including permitting and licensing of new septic systems, license transfers, and septic and sewer nuisance/complaint investigations. The OSSF Department contact information and OSSF jurisdiction/authorized agent role for regulating OSSF in specified counties and control zone are also provided.",no_explicit_gmp,False,found_via_search,extracted,extracted,extracted,extracted,"checked_pages_not_found (pages_checked=8,fetched_ok=8,total_text_chars=40690)",extracted,Angelina and Neches River Authority Environmental Laboratory,True,HQ Lab @ Angelina and Neches River Authority Environmental Laboratory
ENT-000106,1,env_labs_standardized.csv,"Apex Laboratories, LLC",,TNI02169,6700 SW Sandburg St,Tigard,Oregon,,,env_labs,https://www.apex-labs.com/,,,,,,,,,,,found_via_search,found_via_fallback_search,"no_pages_fetched_ok (pages_checked=1,fetched_ok=0,total_text_chars=0)","no_pages_fetched_ok (pages_checked=1,fetched_ok=0,total_text_chars=0)","no_pages_fetched_ok (pages_checked=1,fetched_ok=0,total_text_chars=0)","no_pages_fetched_ok (pages_checked=1,fetched_ok=0,total_text_chars=0)","no_pages_fetched_ok (pages_checked=1,fetched_ok=0,total_text_chars=0)",Apex Laboratories,True,HQ Lab @ Apex Laboratories
ENT-000107,1,env_labs_standardized.csv,"AQUA CHECK LABORATORIES, INC",,TNI01723,3555 Main St,STONE RIDGE,New York,,,env_labs,https://www.aquachecklabs.com/,,aquacheckllc@gmail.com,,,,,,"NYELAP-certified drinking water testing for homeowners, inspectors, and public water operators, along with certified water testing and treatment services.",no_explicit_gmp,True,found_via_search,extracted,"checked_pages_not_found (pages_checked=2,fetched_ok=2,total_text_chars=1882)",extracted,extracted,extracted,extracted,AQUA CHECK LABORATORIES,True,HQ Lab @ AQUA CHECK LABORATORIES
ENT-000108,1,env_labs_standardized.csv,"Aqua Pure Water & Sewage Service, LLC",,TNI00275,3855 East Silver Spring Boulevard,Ocala,Florida,,,env_labs,https://aqua-pure-water-sewage-service-llc.business.site/,Lisa K. Saupp,,,,,,,,,,found_via_search,found_via_fallback_search,found_via_fallback_search,"no_pages_fetched_ok (pages_checked=1,fetched_ok=0,total_text_chars=0)","no_pages_fetched_ok (pages_checked=1,fetched_ok=0,total_text_chars=0)","no_pages_fetched_ok (pages_checked=1,fetched_ok=0,total_text_chars=0)","no_pages_fetched_ok (pages_checked=1,fetched_ok=0,total_text_chars=0)",Aqua Pure Water Sewage Service,True,HQ Lab @ Aqua Pure Water Sewage Service
ENT-000109,1,env_labs_standardized.csv,Aqua Water Supply Corporation,,TNI00092,"415 Old Austin Hwy, Drawer P",Bastrop,Texas,,,env_labs,https://www.aquawsc.com/,,labinfo@aquawsc.com,,,,,,,,,found_via_search,found_via_fallback_search,"no_pages_fetched_ok (pages_checked=1,fetched_ok=0,total_text_chars=0)",found_via_fallback_search,"no_pages_fetched_ok (pages_checked=1,fetched_ok=0,total_text_chars=0)","no_pages_fetched_ok (pages_checked=1,fetched_ok=0,total_text_chars=0)","no_pages_fetched_ok (pages_checked=1,fetched_ok=0,total_text_chars=0)",Aqua Water Supply,True,HQ Lab @ Aqua Water Supply
ENT-000110,1,env_labs_standardized.csv,"Aqua-Tech Laboratories, Inc.",,TNI00148,"3512 Montopolis Dr., Suite A",Bryan,Texas,,,env_labs,https://www.aqua-techlabs.com/,June M. Brien,corp@aqua-techlabs.com,,,,,,"Aqua-Tech Laboratories provides analytical testing for drinking water, wastewater, ground water, soil, and sludge. Services include drinking water analysis, wastewater analysis, solids & chemical analysis, and field services such as sample collection & delivery, sample pick-up & delivery, special projects, and rush service.",no_explicit_gmp,True,found_via_search,extracted,found_via_fallback_search,found_via_fallback_search,extracted,extracted,extracted,Aqua Tech Laboratories,True,HQ Lab @ Aqua Tech Laboratories
ENT-000111,1,env_labs_standardized.csv,AQUATEC ENVIRONMENTAL INC,,TNI01026,273 Commerce St.,WILLISTON,Vermont,,,env_labs,https://aquatecenv.com/,"John Williams, B.S. (with Master's courses) Laboratory Director & Analyst",jwilliams@aquatecenv.com,,,,,,"Aquatec Environmental offers environmental freshwater and marine effluent and sediment testing services, including aquatic toxicity testing (effluent/soil & sediment) following US EPA protocols, and soil & sediment toxicity testing following US EPA, ASTM, and US ACE protocols. It also provides freshwater fish surveys (electrofishing) and biological tissue homogenization/organism preparations supporting the Great Lakes Fish Monitoring & Surveillance Program (GLFMSP).",no_explicit_gmp,True,found_via_search,extracted,extracted,extracted,extracted,extracted,extracted,AQUATEC ENVIRONMENTAL,True,HQ Lab @ AQUATEC ENVIRONMENTAL
ENT-000112,1,env_labs_standardized.csv,AQUATEK LABS,,TNI02815,3 Research Drive,WOODBRIDGE,Connecticut,,,env_labs,https://www.aquateklabs.com/,Xiangrong (Austin) Xu,info@aquateklabs.com,,,,,,"Provides environmental testing services for drinking water and radon, including radon in air and radon in water analysis. Testing listed includes bacteria (e.g., Total Coliforms, E. Coli., Total Residual Chlorine), standard metals, non-metals, VOCs, pesticides, heavy metals, and PFAS.",no_explicit_gmp,True,found_via_search,extracted,found_via_fallback_search,extracted,extracted,extracted,extracted,AQUATEK LABS,True,HQ Lab @ AQUATEK LABS
ENT-000113,1,env_labs_standardized.csv,"Aquatic Laboratories, LLC",,TNI02424,2554 Palumbo Drive,Lexington,Kentucky,,,env_labs,https://www.aquaticlaboratories.com/,,jhoward@aquaticresources.us,,,,,,"Provides full-service environmental water testing and analysis specializing in wastewater, groundwater, drinking water, and surface water. Also offers PFAS testing, Whole Effluent Toxicity (WET) testing under the Clean Water Act (CWA) Section 402 NPDES permitting program, and permitting/biology/data analysis services such as CWA 401/402/404 permit and compliance assistance, NEPA reviews, and related ecological assessments.",no_explicit_gmp,True,found_via_search,extracted,"checked_pages_not_found (pages_checked=8,fetched_ok=8,total_text_chars=19389)",extracted,extracted,extracted,extracted,Aquatic Laboratories,True,HQ Lab @ Aquatic Laboratories
ENT-000114,1,env_labs_standardized.csv,"AQUATOX RESEARCH, INC.",,TNI02979,,SYRACUSE,New York,,,env_labs,https://aquatoxresearch.com/,Dr. Francis G. Doherty,contactus@aquatoxresearch.com,,,,,,,,,found_via_search,found_via_fallback_search,found_via_fallback_search,found_via_fallback_search,"no_pages_fetched_ok (pages_checked=1,fetched_ok=0,total_text_chars=0)","no_pages_fetched_ok (pages_checked=1,fetched_ok=0,total_text_chars=0)","no_pages_fetched_ok (pages_checked=1,fetched_ok=0,total_text_chars=0)",AQUATOX RESEARCH,True,HQ Lab @ AQUATOX RESEARCH
ENT-000115,1,env_labs_standardized.csv,"ARDL, Inc.",,TNI02022,"Rt. 15E, Mt. Vernon Airport Industrial Park",Mt. Vernon,Illinois,,,env_labs,https://ardlinc.com/,Dr. L.V. Gibbons,techserv@ardlinc.com,,,,,,,explicit_gmp,,found_via_search,found_via_fallback_search,found_via_fallback_search,found_via_fallback_search,found_via_fallback_search,"no_pages_fetched_ok (pages_checked=1,fetched_ok=0,total_text_chars=0)","no_pages_fetched_ok (pages_checked=1,fetched_ok=0,total_text_chars=0)",ARDL,True,HQ Lab @ ARDL
ENT-000116,1,env_labs_standardized.csv,"Arkansas Analytical, Inc.",,TNI00174,8100 National Drive,Little Rock,Arkansas,,,env_labs,https://www.arkansasanalytical.com/,Norma James President / QA Officer,,,,,,,"Arkansas Analytical provides comprehensive analytical testing and services, including environmental field sampling and biomonitoring (Acute and Chronic Toxicity). Services also include environmental testing such as metals testing, wet chemistry, inorganic/organic analyses, specialty toxicity and biomonitoring, courier services, and DMR (Discharge Monitoring Report) completion through NetDMR.",no_explicit_gmp,True,found_via_search,extracted,extracted,"checked_pages_not_found (pages_checked=8,fetched_ok=7,total_text_chars=7989)",extracted,extracted,extracted,Arkansas Analytical,True,HQ Lab @ Arkansas Analytical
ENT-000117,1,env_labs_standardized.csv,Arkansas City Municipal Wastewater Laboratory,,TNI01882,118 W. CENTRAL AVE.,Arkansas City,Kansas,,,env_labs,https://www.arkcity.org/,,,,,,,,,no_explicit_gmp,False,found_via_search,extracted,"checked_pages_not_found (pages_checked=5,fetched_ok=5,total_text_chars=11388)","checked_pages_not_found (pages_checked=5,fetched_ok=5,total_text_chars=11388)",extracted,"checked_pages_not_found (pages_checked=5,fetched_ok=5,total_text_chars=11388)","checked_pages_not_found (pages_checked=5,fetched_ok=5,total_text_chars=11388)",Arkansas City Municipal Wastewater Laboratory,True,HQ Lab @ Arkansas City Municipal Wastewater Laboratory
ENT-000118,1,env_labs_standardized.csv,"Armstrong Forensic Laboratory, Inc.",,TNI00041,330 Loch N Green Trail,Arlington,Texas,,,env_labs,https://www.aflab.com/,Dr. Andrew T. Armstrong,info@aflab.com,,,,,,"Provides forensic analytical testing and consulting services including marijuana testing, fire debris analysis, vehicle fluid analysis, paint transfer testing, environmental analysis, indoor air quality, mold assessments, stormwater testing, and litigation support. Also offers industrial hygiene/workplace safety analyses and related sampling kit/evidence collection support.",no_explicit_gmp,True,found_via_search,extracted,extracted,extracted,extracted,extracted,extracted,Armstrong Forensic Laboratory,True,HQ Lab @ Armstrong Forensic Laboratory
ENT-000119,1,env_labs_standardized.csv,Ascend Performance Materials LLC,,TNI00276,"1010 Travis St., Ste. 900",Cantonment,Florida,,,env_labs,https://www.ascendmaterials.com/,,rfergu@ascendmaterials.com,,,,,,Provides high-performance materials and engineered polymer products across multiple brands and specialties. Also lists “Application Development” and “Fiber and textile lab services.”,no_explicit_gmp,True,found_via_search,extracted,"checked_pages_not_found (pages_checked=8,fetched_ok=8,total_text_chars=55723)",extracted,extracted,extracted,extracted,Ascend Performance Materials,True,HQ Lab @ Ascend Performance Materials
ENT-000120,1,env_labs_standardized.csv,Ashley Valley WTP Laboratory,,TNI01958,,Vernal,Utah,,,env_labs,,,,,,,,,,,,search_found_nothing,found_via_fallback_search,no_website_cannot_check_pages,no_website_cannot_check_pages,no_website_cannot_check_pages,no_website_cannot_check_pages,no_website_cannot_check_pages,Ashley Valley WTP Laboratory,True,HQ Lab @ Ashley Valley WTP Laboratory
ENT-000121,1,env_labs_standardized.csv,ASSET Laboratories,,TNI01203,,Las Vegas,Nevada,,,env_labs,https://www.assetlaboratories.com/,Thad Malit; Marlon Cartin,sales.lv@assetlaboratories.com; sales@assetlaboratories.com,,,,,,"ASSET Laboratories provides full-service environmental analytical testing, including organic and inorganic analyses of water, groundwater, storm water, wastewater, soil, and hazardous waste samples. The site also describes services such as hexavalent chromium analysis by EPA Method 218.6/7199, multi-element detection by ICP-MS, customizable electronic data deliverables, and courier/field sampling services including grab sampling and 24-hr composite sampling.",no_explicit_gmp,True,found_via_search,extracted,extracted,extracted,extracted,extracted,extracted,ASSET Laboratories,True,HQ Lab @ ASSET Laboratories
ENT-000122,1,env_labs_standardized.csv,ATC GROUP SERVICES LLC,,TNI01618,,NEW YORK,New York,,,env_labs,https://www.oneatlas.com/,,,,,,,,,,,found_via_search,found_via_fallback_search,"no_pages_fetched_ok (pages_checked=1,fetched_ok=0,total_text_chars=0)","no_pages_fetched_ok (pages_checked=1,fetched_ok=0,total_text_chars=0)","no_pages_fetched_ok (pages_checked=1,fetched_ok=0,total_text_chars=0)","no_pages_fetched_ok (pages_checked=1,fetched_ok=0,total_text_chars=0)","no_pages_fetched_ok (pages_checked=1,fetched_ok=0,total_text_chars=0)",ATC GROUP SERVICES,True,HQ Lab @ ATC GROUP SERVICES
ENT-000123,1,env_labs_standardized.csv,ATLAS ENVIRONMENTAL LABS CORP,,TNI02323,"255 W 36th Street, Suite# 1503",NEW YORK,New York,,,env_labs,https://www.atlasenvironmentallab.com/,,info@atlasenvironmentallab.com,,,,,,"Provides environmental testing services including Asbestos in Bulk Material (Friable & Non-Friable) by (PLM & TEM), Fiber in Air by PCM, Lead in Wipe, Paint, Soil and Air, Coli/E.Coli for Potable Water, Total Bacteria Count (HPC) for Potable and Non-Potable Water, Mold Identification, Legionella, and Water Treatment Consulting.",no_explicit_gmp,True,found_via_search,extracted,"checked_pages_not_found (pages_checked=8,fetched_ok=8,total_text_chars=15607)",extracted,extracted,extracted,extracted,ATLAS ENVIRONMENTAL LABS,True,HQ Lab @ ATLAS ENVIRONMENTAL LABS
ENT-000124,1,env_labs_standardized.csv,"Atmospheric Analysis and Consulting, Inc.",,TNI00277,2225 Sperry Ave,Ventura,California,,,env_labs,https://www.aaclab.com/,Dr. Sucha Parmar,info@aaclab.com,,,,,,"AAC Lab provides ambient air quality testing, stack emissions testing, and air testing/monitoring services, including source testing, indoor/vapor intrusion, landfills, and forest products-related air analyses. It also offers analytical measurements, environmental monitoring, method development, research, and consulting services.",no_explicit_gmp,True,found_via_search,extracted,extracted,found_via_fallback_search,extracted,extracted,extracted,Atmospheric Analysis and Consulting,True,HQ Lab @ Atmospheric Analysis and Consulting
ENT-000125,1,env_labs_standardized.csv,AUBURN WATER TREATMENT PLANT,,TNI01499,24 South Street,AUBURN,New York,,,env_labs,https://www.auburnny.gov/,Seth Jensen,Sjensen@auburnny.gov,,,,,,"The provided text identifies City departments including Municipal Utilities, with entries for a Water Filtration Plant and a Water Pollution Control Plant.",no_explicit_gmp,False,found_via_search,extracted,found_via_fallback_search,found_via_fallback_search,extracted,"checked_pages_not_found (pages_checked=4,fetched_ok=4,total_text_chars=31555)",extracted,AUBURN WATER TREATMENT PLANT,True,HQ Lab @ AUBURN WATER TREATMENT PLANT
ENT-000126,1,env_labs_standardized.csv,AUBURN WPCP (LAB),,TNI01498,35 Bradley Street,AUBURN,New York,,,env_labs,https://www.auburnny.gov/1040/Water-Pollution-Control-Plant,"Ms. Andrea Kloster, Lab Director",Andrea Kloster,,,,,,"Treats and purifies water and waste channeled through the City Sewer System, including primary, secondary and tertiary treatment, with remaining sludge landfilled. The facility also has contracts with other communities to collect and treat their wastewater and accepts waste from septage haulers, remediation sites, outside liquid sludge and landfill leachate if it meets stringent analytical criteria.",no_explicit_gmp,False,found_via_search,extracted,extracted,extracted,extracted,"checked_pages_not_found (pages_checked=8,fetched_ok=8,total_text_chars=61020)",extracted,AUBURN WPCP LAB,True,HQ Lab @ AUBURN WPCP LAB
ENT-000127,1,env_labs_standardized.csv,"Avery Laboratories & Environmental Services, LLC",,TNI00278,61 Mall Drive,Savannah,Georgia,,,env_labs,https://www.averylabs.com/,Paul Grimm,,,,,,,"The company provides the Avery Diaphragm Pacing System, an implanted phrenic nerve stimulator for vent-free breathing. It also operates under a quality management system complying with ISO 13485:2016 for the design and development, production and servicing of implanted diaphragm pacemaker systems.",no_explicit_gmp,True,found_via_search,extracted,found_via_fallback_search,"checked_pages_not_found (pages_checked=5,fetched_ok=4,total_text_chars=20756)",extracted,extracted,extracted,Avery Laboratories Environmental Services,True,HQ Lab @ Avery Laboratories Environmental Services
ENT-000128,1,env_labs_standardized.csv,"AWWS, Inc. (Analytical Water & Wastewater Services)",,TNI00083,7352 Greenridge Road,Hallsville,Texas,,,env_labs,https://awws.org/,SEAN DIBBLE,SEAN@AWWS.ORG,,,,,,"AWWS provides operations for the ""operation of facilities"" including ""seasonal retreats & camps, to schools, larger municipal systems, and industrial systems"". They also offer permitting (""Wastewater Permits"" and ""Water Permits""), and testing services including weekly integrity testing, CIP cleaning, annual testing and cleaning per warranty requirements, repair of residential units, and help with ""Cross Connection Control Survey"" and tracking requirements.",no_explicit_gmp,True,found_via_search,extracted,extracted,extracted,extracted,extracted,extracted,AWWS,True,HQ Lab @ AWWS
ENT-000129,1,env_labs_standardized.csv,"B & B Consultants, Inc.",,TNI01256,212 E Ferrell Street,Chase City,Virginia,,,env_labs,https://www.bandbcons.com/,Michael Herring – Lab Manager,mherring@bandbcons.com,,,,,,"B & B Consultants, Inc. provides laboratory water and wastewater analysis, including drinking water parameter testing and DEQ approved wastewater parameter testing (with additional wastewater tests facilitated via subcontractor). The company also offers civil and sanitary engineering, land use and urban planning, and land surveying services.",no_explicit_gmp,True,found_via_search,extracted,extracted,found_via_fallback_search,extracted,extracted,extracted,B B Consultants,True,HQ Lab @ B B Consultants
ENT-000130,1,env_labs_standardized.csv,"B.A.T. Laboratories, LLC",,TNI00125,,Amarillo,Texas,,,env_labs,https://batlaboratoriesllc.com/,,admin@batlaboratoriesllc.com,,,,,,,,,found_via_search,found_via_fallback_search,"no_pages_fetched_ok (pages_checked=1,fetched_ok=0,total_text_chars=0)",found_via_fallback_search,"no_pages_fetched_ok (pages_checked=1,fetched_ok=0,total_text_chars=0)","no_pages_fetched_ok (pages_checked=1,fetched_ok=0,total_text_chars=0)","no_pages_fetched_ok (pages_checked=1,fetched_ok=0,total_text_chars=0)",BAT Laboratories,True,HQ Lab @ BAT Laboratories
ENT-000131,1,env_labs_standardized.csv,B3 Labs,,TNI02711,4503 Spring Cypress Road C-7,Spring,Texas,,,env_labs,https://b3labs.net/,Ben Walsh,lexi@b3labs.net,,,,,,"Provides environmental drinking water laboratory services including drinking water collection/sampling, bacteriological sampling (Total Coliform, Fecal Coliform, Enterococcus, E. coli), and water analysis to meet national and local regulatory agency requirements.",no_explicit_gmp,True,found_via_search,extracted,extracted,found_via_fallback_search,extracted,extracted,extracted,B3 Labs,True,HQ Lab @ B3 Labs
ENT-000132,1,env_labs_standardized.csv,"Babcock Laboratories, Inc.",,TNI01218,6100 Quail Valley Court,Riverside,California,,,env_labs,https://www.babcocklabs.com/,TIFFANY GOMEZ CHIEF EXECUTIVE OFFICER & PRESIDENT,info@babcocklabs.com,,,,,,"Provides environmental analytical testing services, including analysis of drinking water, wastewater, groundwater, stormwater, and hazardous materials. Offers related value-added services such as field services, data deliverables, emergency response services, and special project accommodation.",no_explicit_gmp,True,found_via_search,extracted,extracted,extracted,extracted,extracted,extracted,Babcock Laboratories,True,HQ Lab @ Babcock Laboratories
ENT-000133,1,env_labs_standardized.csv,BATAVIA (C) WATER TREATMENT PLANT,,TNI01526,One Batavia City Centre,BATAVIA,New York,,,env_labs,https://www.cityofbataviany.gov/,,,,,,,,The Public Works Department will be identifying residential water service line material throughout the summer months.,no_explicit_gmp,False,found_via_search,extracted,"checked_pages_not_found (pages_checked=8,fetched_ok=8,total_text_chars=23187)","checked_pages_not_found (pages_checked=8,fetched_ok=8,total_text_chars=23187)",extracted,"checked_pages_not_found (pages_checked=8,fetched_ok=8,total_text_chars=23187)",extracted,BATAVIA C WATER TREATMENT PLANT,True,HQ Lab @ BATAVIA C WATER TREATMENT PLANT
ENT-000134,1,env_labs_standardized.csv,BATAVIA WASTEWATER TREATMENT FACILITY,,TNI01525,,BATAVIA,New York,,,env_labs,https://www.cityofbataviany.gov/,John Senko,,,,,,,,no_explicit_gmp,False,found_via_search,"checked_pages_not_found (pages_checked=8,fetched_ok=8,total_text_chars=23187)",found_via_fallback_search,"checked_pages_not_found (pages_checked=8,fetched_ok=8,total_text_chars=23187)",extracted,"checked_pages_not_found (pages_checked=8,fetched_ok=8,total_text_chars=23187)","checked_pages_not_found (pages_checked=8,fetched_ok=8,total_text_chars=23187)",BATAVIA WASTEWATER TREATMENT FACILITY,True,HQ Lab @ BATAVIA WASTEWATER TREATMENT FACILITY
ENT-000135,1,env_labs_standardized.csv,"BATTA LABORATORIES, LLC.",,TNI02320,,NEWARK,Delaware,,,env_labs,https://battaenv.com/,Naresh Batta,info@battaenv.com,,,,,,,,,found_via_search,found_via_fallback_search,found_via_fallback_search,found_via_fallback_search,"no_pages_fetched_ok (pages_checked=1,fetched_ok=0,total_text_chars=0)","no_pages_fetched_ok (pages_checked=1,fetched_ok=0,total_text_chars=0)","no_pages_fetched_ok (pages_checked=1,fetched_ok=0,total_text_chars=0)",BATTA LABORATORIES,True,HQ Lab @ BATTA LABORATORIES
ENT-000136,1,env_labs_standardized.csv,Battelle Analytical Chemistry Services Laboratory,,TNI00280,,Norwell,Massachusetts,,,env_labs,https://www.battelle.org/,,palaf@battelle.org,,,,,,,,,found_via_search,found_via_fallback_search,"no_pages_fetched_ok (pages_checked=1,fetched_ok=0,total_text_chars=0)",found_via_fallback_search,"no_pages_fetched_ok (pages_checked=1,fetched_ok=0,total_text_chars=0)","no_pages_fetched_ok (pages_checked=1,fetched_ok=0,total_text_chars=0)","no_pages_fetched_ok (pages_checked=1,fetched_ok=0,total_text_chars=0)",Battelle Analytical Chemistry Services Laboratory,True,HQ Lab @ Battelle Analytical Chemistry Services Laboratory
ENT-000137,1,env_labs_standardized.csv,Bay County Laboratory Services,,TNI00281,,Panama City,Florida,,,env_labs,https://www.baycountyfl.gov/209/Laboratory-Services,,,,,,,,,,,found_via_search,found_via_fallback_search,"no_pages_fetched_ok (pages_checked=1,fetched_ok=0,total_text_chars=0)","no_pages_fetched_ok (pages_checked=1,fetched_ok=0,total_text_chars=0)","no_pages_fetched_ok (pages_checked=1,fetched_ok=0,total_text_chars=0)","no_pages_fetched_ok (pages_checked=1,fetched_ok=0,total_text_chars=0)","no_pages_fetched_ok (pages_checked=1,fetched_ok=0,total_text_chars=0)",Bay County Laboratory Services,True,HQ Lab @ Bay County Laboratory Services
ENT-000138,1,env_labs_standardized.csv,"BCS Laboratories, Inc. - Gainesville",,TNI00282,"4609 NW 6th Street, Ste. A",Gainesville,Florida,,,env_labs,https://microbioservices.com/,"Jerzy ""George"" Lukasik, Ph.D.",info@microbioservices.com,,,,,,"The company provides biological testing and laboratory analysis for environmental samples, including pathogen analysis such as Cryptosporidium and Giardia (EPA 1623.1), enteroviruses (EPA/600/R-95/178 and EPA1615), Legionella water analysis, and other pathogen and indicator testing (e.g., fecal coliform, Salmonella, enteric viruses, helminth ova). It also performs water purifier/filter efficacy testing and biosolids/solids analysis for Class A biosolids using EPA Principal Biosolids Guidance (EPA/625/R-92/013), as well as antimicrobial and disinfection efficacy testing and microbiological consulting/training.",no_explicit_gmp,True,found_via_search,extracted,extracted,found_via_fallback_search,extracted,extracted,extracted,BCS Laboratories,True,HQ Lab @ BCS Laboratories
ENT-000139,1,env_labs_standardized.csv,"Beacon Environmental Services, Inc.",,TNI02428,526 Underwood Lane,Bel Air,Maryland,,,env_labs,https://www.beacon-usa.com/,Mr. Harry O'Neill,info@beacon-usa.com,,,,,,"Beacon Environmental provides “collection, analyses, and reporting of soil gas , indoor/ambient air , and emissions data” using passive sampling techniques. Services include “Passive Soil Gas Surveys,” “Vapor Intrusion Monitoring,” “Passive Air Samplers,” “Passive Sewer Gas Sampling for Vapor Intrusion Investigations,” and “Perimeter Air Quality Monitoring,” with analysis including sorbent samples following US EPA Methods TO-17, TO-15, 8260C, 8260D, and 325B.",no_explicit_gmp,True,found_via_search,extracted,extracted,extracted,extracted,extracted,extracted,Beacon Environmental Services,True,HQ Lab @ Beacon Environmental Services
ENT-000140,1,env_labs_standardized.csv,Bear River District Health Department Water Laboratory,,TNI01961,655 East 1300 North,Logan,Utah,,,env_labs,https://brhdut.gov/,Jordan Mathis,,,,,,,"The BRHD provides public health services to residents of Box Elder, Cache & Rich counties. The site also references clinical, environmental health, and counseling services at multiple office locations.",no_explicit_gmp,False,found_via_search,extracted,extracted,"checked_pages_not_found (pages_checked=8,fetched_ok=8,total_text_chars=26869)",extracted,"checked_pages_not_found (pages_checked=8,fetched_ok=8,total_text_chars=26869)",extracted,Bear River District Health Department Water Laboratory,True,HQ Lab @ Bear River District Health Department Water Laboratory
ENT-000141,1,env_labs_standardized.csv,Beckton Environmental Laboratories,,TNI00284,192 Villa Street,Ponce,Puerto Rico,,,env_labs,https://beckton.com/,Ramon A. Arrufat,beckton@beckton.com,,,,,,"Beckton provides full service monitoring and analytical environmental laboratory services, including sampling services (e.g., water and wastewater sampling, soil sampling, groundwater sampling) and analytical services for environmental samples. The site lists capabilities such as QA/QC programs, troubleshooting/analytical consultation, interpretation of results from complex matrices, and instrumentation-based analyses (e.g., NPDES discharge monitoring, PRDOH drinking water analysis, various chemical and microbiological analyses).",no_explicit_gmp,True,found_via_search,extracted,found_via_fallback_search,extracted,extracted,extracted,extracted,Beckton Environmental Laboratories,True,HQ Lab @ Beckton Environmental Laboratories
ENT-000142,1,env_labs_standardized.csv,BELGRAVE WATER POL CNTRL DIST,,TNI01430,34-01 255th Street,LITTLE NECK,New York,,,env_labs,https://bwpcd.org/,Brian Wirta,belgrave1call@yahoo.com,,,,,,,,,found_via_search,found_via_fallback_search,found_via_fallback_search,found_via_fallback_search,"no_pages_fetched_ok (pages_checked=1,fetched_ok=0,total_text_chars=0)","no_pages_fetched_ok (pages_checked=1,fetched_ok=0,total_text_chars=0)","no_pages_fetched_ok (pages_checked=1,fetched_ok=0,total_text_chars=0)",BELGRAVE WATER POL CNTRL DIST,True,HQ Lab @ BELGRAVE WATER POL CNTRL DIST
ENT-000143,1,env_labs_standardized.csv,Benchmark EA South,,TNI00285,"1001 Corporate Avenue, Suite 102",North Port,Florida,,,env_labs,https://easouth.com/,,,,,,,,,,,found_via_search,found_via_fallback_search,"no_pages_fetched_ok (pages_checked=1,fetched_ok=0,total_text_chars=0)","no_pages_fetched_ok (pages_checked=1,fetched_ok=0,total_text_chars=0)","no_pages_fetched_ok (pages_checked=1,fetched_ok=0,total_text_chars=0)","no_pages_fetched_ok (pages_checked=1,fetched_ok=0,total_text_chars=0)","no_pages_fetched_ok (pages_checked=1,fetched_ok=0,total_text_chars=0)",Benchmark EA South,True,HQ Lab @ Benchmark EA South
ENT-000144,1,env_labs_standardized.csv,"Benchmark EnviroAnalytical, Inc.",,TNI00286,1711 12th St E,Palmetto,Florida,,,env_labs,https://www.benchmarkea.com/,Kurt Dixon,dale.dixon@benchmarkea.net,,,,,,"Provides environmental sampling and analytical services, including surface water, storm water, groundwater, and sediment/soil projects. Offers field sampling experience and analytical reporting using a Laboratory Information Management Systems (LIMS) with NELAP reporting requirements and client-requested electronic reporting formats.",no_explicit_gmp,True,found_via_search,found_via_fallback_search,extracted,found_via_fallback_search,extracted,extracted,extracted,Benchmark EnviroAnalytical,True,HQ Lab @ Benchmark EnviroAnalytical
ENT-000145,1,env_labs_standardized.csv,Benchmark Mid Florida Laboratory,,TNI00500,,Winter Haven,Florida,,,env_labs,https://www.benchmarkea.com/,BenchmarkEA’s laboratory director has a Ph.D. in organic chemistry,,,,,,,"BenchmarkEA provides environmental sampling and analytical services, including testing for organics, metals, inorganics, physical properties, and microbiology. It also offers environmental analytical and field sampling across surface water, storm water, groundwater, and sediment/soil, with reporting options including hard copy and electronic ADaPT, STORET, and spreadsheet formats.",no_explicit_gmp,True,found_via_search,found_via_fallback_search,extracted,"checked_pages_not_found (pages_checked=8,fetched_ok=1,total_text_chars=2993)",extracted,extracted,extracted,Benchmark Mid Florida Laboratory,True,HQ Lab @ Benchmark Mid Florida Laboratory
ENT-000146,1,env_labs_standardized.csv,BINGHAMTON WATER TREATMENT PLANT,,TNI01597,,BINGHAMTON,New York,,,env_labs,https://www.binghamton-ny.gov/,,water@townofbinghamton.com,,,,,,,,,found_via_search,"no_pages_fetched_ok (pages_checked=1,fetched_ok=0,total_text_chars=0)","no_pages_fetched_ok (pages_checked=1,fetched_ok=0,total_text_chars=0)",found_via_fallback_search,"no_pages_fetched_ok (pages_checked=1,fetched_ok=0,total_text_chars=0)","no_pages_fetched_ok (pages_checked=1,fetched_ok=0,total_text_chars=0)","no_pages_fetched_ok (pages_checked=1,fetched_ok=0,total_text_chars=0)",BINGHAMTON WATER TREATMENT PLANT,True,HQ Lab @ BINGHAMTON WATER TREATMENT PLANT
ENT-000147,1,env_labs_standardized.csv,BINGHAMTON-JOHNSON (C) STP,,TNI01563,4480 Vestal Road,VESTAL,New York,,,env_labs,http://bjcwwtp.org/,Elliott Wagner,mcuevas@bjcwwtp.onmicrosoft.com,,,,,,"The facility provides wastewater treatment for the Susquehanna River, treating water before it is discharged back into the aquifer. It serves industrial, commercial, and residential activities in its service area.",no_explicit_gmp,False,found_via_search,extracted,found_via_fallback_search,extracted,extracted,"checked_pages_not_found (pages_checked=4,fetched_ok=4,total_text_chars=8289)",extracted,BINGHAMTON JOHNSON C STP,True,HQ Lab @ BINGHAMTON JOHNSON C STP
ENT-000148,1,env_labs_standardized.csv,"Bio Chem Lab, Inc.",,TNI00061,1049 28th Street SE,West,Texas,,,env_labs,https://www.bio-chem.com/,Katelyn Lettinga – President/CEO,customerservice@biochemlabtx.com,,,,,,"Provides environmental analysis services, including soil, water and air testing. Also provides beer analysis lab services for the brewing industry.",no_explicit_gmp,True,found_via_search,extracted,extracted,found_via_fallback_search,extracted,extracted,extracted,Bio Chem Lab,True,HQ Lab @ Bio Chem Lab
ENT-000149,1,env_labs_standardized.csv,Bio-Analytical Laboratories,,TNI01379,3240 Spurgin Road,Doyline,Louisiana,,,env_labs,https://www.bioanalyticallabs.com/,Erin Briggs,bal@bioanalyticallabs.com,,,,,,,,,found_via_search,found_via_fallback_search,found_via_fallback_search,found_via_fallback_search,"no_pages_fetched_ok (pages_checked=1,fetched_ok=0,total_text_chars=0)","no_pages_fetched_ok (pages_checked=1,fetched_ok=0,total_text_chars=0)","no_pages_fetched_ok (pages_checked=1,fetched_ok=0,total_text_chars=0)",Bio Analytical Laboratories,True,HQ Lab @ Bio Analytical Laboratories
ENT-000150,1,env_labs_standardized.csv,Biological Monitoring Incorporated,,TNI01243,,Blacksburg,Virginia,,,env_labs,https://biomon.com/,"David Gruber, PhD, President – TNI Lab Director",bmi@biomon.com,,,,,,"Provides Analytical Laboratory services using custom-built facilities for static and flow-through bioassay systems, maintaining freshwater and saltwater species for Whole Effluent Toxicity (WET) testing, under a quality assurance program that satisfies U.S. EPA requirements. Also provides Environmental Consulting for aquatic toxicology, ecological risk assessment and advisory services, including evaluations, modifications, and permit negotiations with regulatory agencies.",no_explicit_gmp,True,found_via_search,found_via_fallback_search,extracted,extracted,extracted,extracted,extracted,Biological Monitoring Incorporated,True,HQ Lab @ Biological Monitoring Incorporated
ENT-000151,1,env_labs_standardized.csv,BIOTRAX TESTING LABORATORY,,TNI01744,3580 Harlem Road,CHEEKTOWAGA,New York,,,env_labs,https://mybiotrax.com/,Edward Lukaszek,edward@biotrax.net,,,,,,"Provides independent food, beverage, water, and environmental testing services including microbiological testing, food pathogen testing, allergen testing, environmental monitoring, shelf-life & quality, and analytical chemistry. Also offers shipping + pickup support including sample shipping and sample pickup.",no_explicit_gmp,True,found_via_search,extracted,found_via_fallback_search,found_via_fallback_search,extracted,extracted,extracted,BIOTRAX TESTING LABORATORY,True,HQ Lab @ BIOTRAX TESTING LABORATORY
ENT-000152,1,env_labs_standardized.csv,Blue Ridge Analytical LLC,,TNI02567,2280 West Ridge Road,Wytheville,Virginia,,,env_labs,https://www.blueridgeanalytical.com/,Mychel Johnson,info@blueridgeanalytical.com,,,,,,"Provides VELAP accredited drinking water, wastewater, and solids analysis. Offers sample collection and pickup, field testing, treatment plant operational services, school & daycare lead testing, and bacteriological testing (Total Coliform/E. Coli presence/absence and MPN testing).",no_explicit_gmp,True,found_via_search,extracted,found_via_fallback_search,extracted,extracted,extracted,extracted,Blue Ridge Analytical,True,HQ Lab @ Blue Ridge Analytical
ENT-000153,1,env_labs_standardized.csv,"Blue Triton Brands, Inc.",,TNI02139,405 Nestle Way,Breinigsville,Pennsylvania,,,env_labs,https://www.primobrands.com/,"David Thorpe, Chief Supply Chain Officer",JEFF.CHAVOUS@BLUETRITON.COM,,,,,,"Primo Brands operates a branded bottled beverage hydration business, including direct delivery to homes and businesses, and an exchange and refill network for multi-serve bottles. It also offers water filtration units for home and business customers across North America.",no_explicit_gmp,True,found_via_search,found_via_fallback_search,extracted,found_via_fallback_search,extracted,extracted,extracted,Blue Triton Brands,True,HQ Lab @ Blue Triton Brands
ENT-000154,1,env_labs_standardized.csv,BlueTriton Brands Dallas QA Lab,,TNI00156,,Dallas,Texas,,,env_labs,https://bluetriton.com/,,,,,,,,"The text describes Primo Brands’ beverage offerings and distribution operations (direct delivery to homes and businesses, exchange at retail locations, and self-service refills at stations), along with water filtration units for home and business customers.",no_explicit_gmp,False,found_via_search,found_via_fallback_search,"checked_pages_not_found (pages_checked=8,fetched_ok=8,total_text_chars=128632)","checked_pages_not_found (pages_checked=8,fetched_ok=8,total_text_chars=128632)",extracted,"checked_pages_not_found (pages_checked=8,fetched_ok=8,total_text_chars=128632)",extracted,BlueTriton Brands Dallas QA Lab,True,HQ Lab @ BlueTriton Brands Dallas QA Lab
ENT-000155,1,env_labs_standardized.csv,BLUETRITON BRANDS NATIONAL QUALITY LABORATORY,,TNI02786,1544 E. WASHINGTON BLVD.,LOS ANGELES,California,,,env_labs,https://bluetriton.com/,Fatima Valenton,,,,,,,"Operates a coast-to-coast distribution network delivering bottled water and beverages via “Direct Delivery, Exchange and Refill offerings,” plus provides “water filtration units for home and business customers.”",no_explicit_gmp,True,found_via_search,found_via_fallback_search,found_via_fallback_search,"checked_pages_not_found (pages_checked=8,fetched_ok=7,total_text_chars=127884)",extracted,extracted,extracted,BLUETRITON BRANDS NATIONAL QUALITY LABORATORY,True,HQ Lab @ BLUETRITON BRANDS NATIONAL QUALITY LABORATORY
ENT-000156,1,env_labs_standardized.csv,BlueTriton Brands Pasadena QA Lab,,TNI02681,10525 Red Bluff Rd,Pasadena,Texas,,,env_labs,,,,,,,,,,,,search_found_nothing,found_via_fallback_search,no_website_cannot_check_pages,no_website_cannot_check_pages,no_website_cannot_check_pages,no_website_cannot_check_pages,no_website_cannot_check_pages,BlueTriton Brands Pasadena QA Lab,True,HQ Lab @ BlueTriton Brands Pasadena QA Lab
ENT-000157,1,env_labs_standardized.csv,BLUETRITON BRANDS SARATOGA SPRINGS QA LAB,,TNI01790,,SARATOGA SPRINGS,New York,,,env_labs,https://bluetriton.com/,,,,,,,,"The text describes operations delivering bottled water and beverages via Direct Delivery, Exchange, and Refill offerings, as well as providing water filtration units for home and business customers. It also describes a reusable beverage packaging and container system and a network of refill stations and exchange locations.",no_explicit_gmp,False,found_via_search,found_via_fallback_search,"checked_pages_not_found (pages_checked=8,fetched_ok=7,total_text_chars=127884)","checked_pages_not_found (pages_checked=8,fetched_ok=7,total_text_chars=127884)",extracted,"checked_pages_not_found (pages_checked=8,fetched_ok=7,total_text_chars=127884)",extracted,BLUETRITON BRANDS SARATOGA SPRINGS QA LAB,True,HQ Lab @ BLUETRITON BRANDS SARATOGA SPRINGS QA LAB
ENT-000158,1,env_labs_standardized.csv,bmh environmental lab llc dba Utility Testing Laboratory,,TNI02011,"903 Center St, Suite A1",Salt Lake City,Utah,,,env_labs,https://ut-labs.com/,,info@ut-labs.com,,,,,,"The provided page text does not list any specific testing, manufacturing, or operational services.",no_explicit_gmp,True,found_via_search,found_via_fallback_search,"pages_likely_js_rendered (pages_checked=1,fetched_ok=1,total_text_chars=26)",found_via_fallback_search,extracted,extracted,extracted,bmh environmental lab,True,HQ Lab @ bmh environmental lab
ENT-000159,1,env_labs_standardized.csv,Bonner Analytical Testing Co,,TNI02178,2703 Oak Grove Road,Hattiesburg,Mississippi,,,env_labs,https://batco.com/,"Michael S. Bonner, PhD",contact@batco.com,,,,,,"Bonner Analytical provides biological & microbiological analysis, environmental and water testing, industrial hygiene and safety testing, heavy metal testing & elemental analysis, organic and chemical testing, petroleum and fuel testing, plus consulting services and field testing services. It also offers compliance-related testing support such as ""Dialysis Water Quality Testing"" (including Total Viable Count & Endotoxin Testing and Legionella testing).",no_explicit_gmp,True,found_via_search,extracted,found_via_fallback_search,extracted,extracted,extracted,extracted,Bonner Analytical Testing Co,True,HQ Lab @ Bonner Analytical Testing Co
ENT-000160,1,env_labs_standardized.csv,"Box R Water Analysis Laboratory, L.L.C.",,TNI00200,,Prineville,Oregon,,,env_labs,,,,,,,,,,,,search_found_nothing,found_via_fallback_search,no_website_cannot_check_pages,no_website_cannot_check_pages,no_website_cannot_check_pages,no_website_cannot_check_pages,no_website_cannot_check_pages,Box R Water Analysis Laboratory LLC,True,HQ Lab @ Box R Water Analysis Laboratory LLC
ENT-000161,1,env_labs_standardized.csv,Brazoria County Health Department Water Laboratory,,TNI00111,409 East Orange St,Angleton,Texas,,,env_labs,https://www.brazoriacountytx.gov/departments/health-department/water-lab,,,,,,,,,,,found_via_search,found_via_fallback_search,"no_pages_fetched_ok (pages_checked=1,fetched_ok=0,total_text_chars=0)","no_pages_fetched_ok (pages_checked=1,fetched_ok=0,total_text_chars=0)","no_pages_fetched_ok (pages_checked=1,fetched_ok=0,total_text_chars=0)","no_pages_fetched_ok (pages_checked=1,fetched_ok=0,total_text_chars=0)","no_pages_fetched_ok (pages_checked=1,fetched_ok=0,total_text_chars=0)",Brazoria County Health Department Water Laboratory,True,HQ Lab @ Brazoria County Health Department Water Laboratory
ENT-000162,1,env_labs_standardized.csv,Brazos River Authority Environmental Services Laboratory,,TNI00067,,Waco,Texas,,,env_labs,https://brazos.org/about-us/environmental/environmental-services/laboratory,,,,,,,,"The text states that the Brazos River Authority’s mission, with the Environmental Services Laboratory, prioritizes maintaining water quality.",no_explicit_gmp,False,found_via_search,found_via_fallback_search,"checked_pages_not_found (pages_checked=8,fetched_ok=8,total_text_chars=109751)","checked_pages_not_found (pages_checked=8,fetched_ok=8,total_text_chars=109751)",extracted,"checked_pages_not_found (pages_checked=8,fetched_ok=8,total_text_chars=109751)",extracted,Brazos River Authority Environmental Services Laboratory,True,HQ Lab @ Brazos River Authority Environmental Services Laboratory
ENT-000163,1,env_labs_standardized.csv,Brevard County Utility Services Laboratory,,TNI00287,,Viera,Florida,,,env_labs,https://www.brevardfl.gov/UtilityServices,,,,,,,,,,,found_via_search,found_via_fallback_search,"no_pages_fetched_ok (pages_checked=1,fetched_ok=0,total_text_chars=0)","no_pages_fetched_ok (pages_checked=1,fetched_ok=0,total_text_chars=0)","no_pages_fetched_ok (pages_checked=1,fetched_ok=0,total_text_chars=0)","no_pages_fetched_ok (pages_checked=1,fetched_ok=0,total_text_chars=0)","no_pages_fetched_ok (pages_checked=1,fetched_ok=0,total_text_chars=0)",Brevard County Utility Services Laboratory,True,HQ Lab @ Brevard County Utility Services Laboratory
ENT-000164,1,env_labs_standardized.csv,Brigham City Laboratory,,TNI01962,675 North 1175 West,Brigham City,Utah,,,env_labs,,,,,,,,,,,,search_found_nothing,found_via_fallback_search,no_website_cannot_check_pages,no_website_cannot_check_pages,no_website_cannot_check_pages,no_website_cannot_check_pages,no_website_cannot_check_pages,Brigham City Laboratory,True,HQ Lab @ Brigham City Laboratory
ENT-000165,1,env_labs_standardized.csv,Brighton Analytical LLC,,TNI02024,2105 Pless Drive,Brighton,Michigan,,,env_labs,https://www.brighton-analytical.net/,"Cindy Williams, Lab Director",labs@brightonanalytical.com,,,,,,"Brighton Analytical provides testing for drinking water, wastewater, solid/ground and waste water, as well as contaminated soils, groundwater, soil, and materials. Services are described as “fast, reliable analysis” and include a “Full Analysis List,” “Drinking Water Test Packages,” and “Solid/Ground & Waste Water Test Packages.”",no_explicit_gmp,True,found_via_search,extracted,found_via_fallback_search,extracted,extracted,extracted,extracted,Brighton Analytical,True,HQ Lab @ Brighton Analytical
ENT-000166,1,env_labs_standardized.csv,"Britebox Labs, Inc",,TNI02464,20756 High Desert Court Suite 6,Bend,Oregon,,,env_labs,https://www.briteboxlabs.com/,ZOE WIGGERS,info@briteboxlabs.com,,,,,,"Full-service environmental testing laboratory providing analytical services including PFAS testing (EPA 537.1, LC/MS/MS with NELAP/ORELAP accreditation), asbestos, legionella, water quality, radon, mold, lead surface testing, chain of custody forms, plant screening, fungi testing, kratom testing, and air quality testing (mold spores and asbestos particles). They also offer licensed field technician sample collection, and custom research & development testing services.",no_explicit_gmp,True,found_via_search,extracted,extracted,found_via_fallback_search,extracted,extracted,extracted,Britebox Labs,True,HQ Lab @ Britebox Labs
ENT-000167,1,env_labs_standardized.csv,"Brooks Applied Labs, LLC",,TNI00288,,Seattle,Washington,,,env_labs,https://brooksapplied.com/,Michelle Briscoe,info@brooksapplied.com,,,,,,"Analytical services for trace elements/speciation, including elemental imaging by laser ablation ICP-MS, selective sequential extractions (SSE), stable isotope ratio analysis, trace elements analysis, and microplastics testing. Also provides food analysis and heavy metals testing, including inorganic arsenic testing in foods, beverages, and supplements, plus EPA 1600-Series methods and method development/R&D.",explicit_gmp,True,found_via_search,extracted,found_via_fallback_search,extracted,found_via_fallback_search,extracted,extracted,Brooks Applied Labs,True,HQ Lab @ Brooks Applied Labs
ENT-000168,1,env_labs_standardized.csv,Brothers Laboratory Services,,TNI03071,"10 Kimler Dr, Ste G",Maryland Heights,Missouri,,,env_labs,https://www.brotherslaboratoryservices.com/,Mark and Chris Juhl,sales@brotherslaboratoryservices.com,,,,,,"Brothers Laboratory Services provides water treatment and environmental testing and analysis, including Legionella testing, glycol degradation testing, corrosion coupon analysis, environmental water testing, environmental testing options, and custom test groups/packages. They also offer consultation, chain of custody support, and analytics such as ion chromatography and mass spectrometry.",no_explicit_gmp,True,found_via_search,extracted,extracted,extracted,extracted,extracted,extracted,Brothers Laboratory Services,True,HQ Lab @ Brothers Laboratory Services
ENT-000169,1,env_labs_standardized.csv,Broward County Environmental Monitoring Laboratory,,TNI00289,3211 College Avenue,Davie,Florida,,,env_labs,https://www.broward.org/NaturalResources/Lab/Pages/Default.aspx,Ileana Suarez-Hale,isuarezhale@broward.org,,,,,,,,,found_via_search,found_via_fallback_search,found_via_fallback_search,found_via_fallback_search,"no_pages_fetched_ok (pages_checked=1,fetched_ok=0,total_text_chars=0)","no_pages_fetched_ok (pages_checked=1,fetched_ok=0,total_text_chars=0)","no_pages_fetched_ok (pages_checked=1,fetched_ok=0,total_text_chars=0)",Broward County Environmental Monitoring Laboratory,True,HQ Lab @ Broward County Environmental Monitoring Laboratory
ENT-000170,1,env_labs_standardized.csv,Broward County Water and Wastewater Services Laboratory,,TNI00290,,Pompano Beach,Florida,,,env_labs,https://www.broward.org/WaterServices/Pages/Default.aspx,,Water@broward.org,,,,,,,,,found_via_search,found_via_fallback_search,"no_pages_fetched_ok (pages_checked=1,fetched_ok=0,total_text_chars=0)",found_via_fallback_search,"no_pages_fetched_ok (pages_checked=1,fetched_ok=0,total_text_chars=0)","no_pages_fetched_ok (pages_checked=1,fetched_ok=0,total_text_chars=0)","no_pages_fetched_ok (pages_checked=1,fetched_ok=0,total_text_chars=0)",Broward County Water and Wastewater Services Laboratory,True,HQ Lab @ Broward County Water and Wastewater Services Laboratory
ENT-000171,1,env_labs_standardized.csv,Brownsville Public Utilities Board Analytical Laboratory,,TNI00135,,Brownsville,Texas,,,env_labs,https://www.bpub.com/,Gabriel Coronado Jr.,customerservice@brownsville-pub.com,,,,,,"BPUB provides electric, water, and wastewater services, including ""Reliable electrical power distribution"" and ""Clean, safe drinking water delivery and management"" plus ""Advanced wastewater treatment services.""",no_explicit_gmp,False,found_via_search,extracted,found_via_fallback_search,extracted,extracted,"checked_pages_not_found (pages_checked=8,fetched_ok=8,total_text_chars=48191)",extracted,Brownsville Public Utilities Board Analytical Laboratory,True,HQ Lab @ Brownsville Public Utilities Board Analytical Laboratory
ENT-000172,1,env_labs_standardized.csv,BSK Associates,,TNI02245,"691 N. Laverne Avenue, Suite 101",Fresno,California,,,env_labs,https://www.bskassociates.com/,Renea Rangell,lbaumgras@bskassociates.com,,,,,,"BSK provides ""consulting engineering and analytical testing"" including ""Materials Testing and Engineering Services,"" ""Analytical Laboratory Services,"" and ""Environmental and Natural Resource Services."" It also lists ""Materials Testing & Special Inspections /CoMET Services,"" ""Environmental Services,"" ""Field Services,"" and ""Geotechnical Services.""",no_explicit_gmp,True,found_via_search,extracted,extracted,extracted,extracted,extracted,extracted,BSK Associates,False,Fresno Lab @ BSK Associates
ENT-000173,1,env_labs_standardized.csv,BSK Associates ?Vancouver,,TNI00194,2517 E. Evergreen Blvd,Vancouver,Washington,,,env_labs,https://www.bskassociates.com/,Elizabeth Bunger,ebunger@bskassociates.com,,,,,,"Provides consulting engineering and analytical testing, including “Materials Testing & Special Inspections /CoMET Services,” “Environmental Services,” “Field Services,” and “Geotechnical Services.” The site also references “UCMR5 TESTING & ANALYSIS” and “CERTIFIED FOR PFAS ANALYSIS” (EPA Method 537.1).",no_explicit_gmp,True,found_via_search,extracted,found_via_fallback_search,found_via_fallback_search,extracted,extracted,extracted,BSK Associates,False,Vancouver Lab @ BSK Associates
ENT-000174,1,env_labs_standardized.csv,BSK-San Bernardino,,TNI02468,"350 E. Commercial Road, Suite 110",San Bernardino,California,,,env_labs,https://www.bskassociates.com/,Alejandra Montaño,lbaumgras@bskassociates.com,,,,,,"BSK provides consulting engineering and analytical testing, including materials testing and special inspections / CoMET services, environmental services, field services, and geotechnical services. It also highlights analytical testing such as PFAS analysis (EPA Method 537.1) and UCMR5 testing.",no_explicit_gmp,True,found_via_search,extracted,found_via_fallback_search,extracted,extracted,extracted,extracted,BSK,True,HQ Lab @ BSK
ENT-000175,1,env_labs_standardized.csv,BUFFALO SEWER AUTHORITY,,TNI01449,1038 City Hall,BUFFALO,New York,,,env_labs,https://buffalosewer.org/,,,,,,,,"Captures dirty water, treats and cleans it so it can be safely returned to rivers and lakes, maintaining and improving water resources infrastructure. The site also references developing a notification system for combined sewer overflow (CSO) events.",no_explicit_gmp,False,found_via_search,extracted,"checked_pages_not_found (pages_checked=8,fetched_ok=8,total_text_chars=29764)","checked_pages_not_found (pages_checked=8,fetched_ok=8,total_text_chars=29764)",extracted,"checked_pages_not_found (pages_checked=8,fetched_ok=8,total_text_chars=29764)",extracted,BUFFALO SEWER AUTHORITY,True,HQ Lab @ BUFFALO SEWER AUTHORITY
ENT-000176,1,env_labs_standardized.csv,BUFFALO WATER AUTHORITY FILTRATION PLANT LABORATORY,,TNI01543,281 Exchange St,BUFFALO,New York,,,env_labs,https://buffalowater.org/,,customerservice@buffalowater.org,,,,,,"Provides water services, operates, maintains, and improves the water system, and includes functions such as a Water Treatment Plant Laboratory (for water quality complaints & questions).",no_explicit_gmp,False,found_via_search,extracted,"checked_pages_not_found (pages_checked=8,fetched_ok=8,total_text_chars=22382)",extracted,extracted,"checked_pages_not_found (pages_checked=8,fetched_ok=8,total_text_chars=22382)",extracted,BUFFALO WATER AUTHORITY FILTRATION PLANT LABORATORY,True,HQ Lab @ BUFFALO WATER AUTHORITY FILTRATION PLANT LABORATORY
ENT-000177,1,env_labs_standardized.csv,Bureau of Agricultural Environmental Laboratories (BAEL),,TNI00293,"3125 Conner Blvd., Ste. E",Tallahassee,Florida,,,env_labs,https://www.fdacs.gov/Divisions-Offices/Agricultural-Environmental-Services,Kelly Friend,AESCares@FDACS.gov,,,,,,"FDACS conducts analyses and evaluations of commercial seed sold in Florida to ensure compliance with label guarantees, and provides agricultural pesticide registration, testing and regulation. It also administers programs for environmental and consumer protection issues including pest control regulation, feed, seed and fertilizer production inspection and testing, and mosquito control program coordination.",no_explicit_gmp,False,found_via_search,extracted,extracted,extracted,extracted,"checked_pages_not_found (pages_checked=8,fetched_ok=7,total_text_chars=28200)",extracted,Bureau of Agricultural Environmental Laboratories BAEL,True,HQ Lab @ Bureau of Agricultural Environmental Laboratories BAEL
ENT-000178,1,env_labs_standardized.csv,Bureau Veritas Canada Inc,,TNI01292,"6740 Campobello Road, Mississauga, ON L5N 2L8",Mississauga,Ontario,,,env_labs,https://bvna.com/,Susan Bigg,susan.bigg@bureauveritas.com,,,,,,"Provides testing, inspection and certification services, including areas listed such as Laboratory Testing, Metals and Minerals, ASME Inspections, In-Service Boiler & Pressure Vessel Inspections, and Marine & Offshore Infrastructure. The page also lists additional service categories like Code Compliance, Special Inspections, Transportation, and Wireless Cybersecurity.",no_explicit_gmp,True,found_via_search,found_via_fallback_search,found_via_fallback_search,found_via_fallback_search,extracted,extracted,extracted,Bureau Veritas Canada,True,HQ Lab @ Bureau Veritas Canada
ENT-000179,1,env_labs_standardized.csv,"BUREAU VERITAS NORTH AMERICA, INC.",,TNI01741,"3380 Chastain Meadows Parkway, Suite 300",KENNESAW,Georgia,,,env_labs,https://www.bvna.com/,Lejla Blagojevic,lejla.blagojevic@bureauveritas.com,,,,,,"Provides testing, inspection, and certification services. Testing and analysis services include laboratory and on-site testing for compliance with standards, regulations, and specifications; inspection services cover on-site inspections to ensure products, services, assets and installations are manufactured or operating as intended; certification as an independent third party attests compliance with specific standards.",explicit_gmp,True,found_via_search,found_via_fallback_search,found_via_fallback_search,found_via_fallback_search,found_via_fallback_search,extracted,extracted,BUREAU VERITAS NORTH AMERICA,True,HQ Lab @ BUREAU VERITAS NORTH AMERICA
ENT-000180,1,env_labs_standardized.csv,"Bureau Veritas North America, Inc.",,TNI02888,,Lake Zurich,Alabama,,,env_labs,https://www.bvna.com/,Jason Forbes,BV_LZLab@bureauveritas.com,,,,,,"Provides testing, inspection, and certification services. Specific capabilities mentioned include laboratory and on-site testing for manufacturing and process industries, on-site inspections to verify quality/quantity and regulatory requirements, and independent third-party accredited certification of management systems, services, and people.",no_explicit_gmp,True,found_via_search,"checked_pages_not_found (pages_checked=8,fetched_ok=8,total_text_chars=48389)",found_via_fallback_search,found_via_fallback_search,extracted,extracted,extracted,Bureau Veritas North America,False,Lake Zurich Lab @ Bureau Veritas North America
ENT-000181,1,env_labs_standardized.csv,"Bureau Veritas North America, Inc.",,TNI02889,,Lake Zurich,Illinois,,,env_labs,https://www.bvna.com/,,,,,,,,"Provides testing, inspection and certification services, including laboratory and on-site testing for manufacturing and process industries, on-site inspections of products/services/assets/installations, and third-party accredited certification of management systems, services, and people to specific standards.",explicit_gmp,True,found_via_search,found_via_fallback_search,"checked_pages_not_found (pages_checked=8,fetched_ok=8,total_text_chars=48389)","checked_pages_not_found (pages_checked=8,fetched_ok=8,total_text_chars=48389)",found_via_fallback_search,extracted,extracted,Bureau Veritas North America,False,Lake Zurich Lab @ Bureau Veritas North America
ENT-000182,1,env_labs_standardized.csv,"Bureau Veritas North America, Inc.",,TNI00294,22345 Roethel Dr,Novi,Michigan,,,env_labs,https://www.bvna.com/,,PVJ.BVNAinspections@bureauveritas.com,,,,,,"Provides ""testing, inspection and certification services"" including laboratory testing (""laboratory and on-site testing for manufacturing and process industries""), on-site inspections, and certification as an independent third party.",explicit_gmp,True,found_via_search,found_via_fallback_search,"checked_pages_not_found (pages_checked=8,fetched_ok=8,total_text_chars=48389)",found_via_fallback_search,found_via_fallback_search,extracted,extracted,Bureau Veritas North America,False,Novi Lab @ Bureau Veritas North America
ENT-000183,1,env_labs_standardized.csv,BWXT Lynchburg Technology Center,,TNI01267,2016 Mt Athos Road,Lynchburg,Virginia,,,env_labs,https://www.bwxt.com/,,,,,,,,,,,found_via_search,found_via_fallback_search,"no_pages_fetched_ok (pages_checked=1,fetched_ok=0,total_text_chars=0)","no_pages_fetched_ok (pages_checked=1,fetched_ok=0,total_text_chars=0)","no_pages_fetched_ok (pages_checked=1,fetched_ok=0,total_text_chars=0)","no_pages_fetched_ok (pages_checked=1,fetched_ok=0,total_text_chars=0)","no_pages_fetched_ok (pages_checked=1,fetched_ok=0,total_text_chars=0)",BWXT Lynchburg Technology Center,True,HQ Lab @ BWXT Lynchburg Technology Center
ENT-000184,1,env_labs_standardized.csv,CALTEST ANALYTICAL LABORATORY,,TNI01211,,NAPA,California,,,env_labs,https://caltestlabs.com/,Dr. Patrick Ingram,Patrick_Ingram@caltestlabs.com,,,,,,,,,found_via_search,found_via_fallback_search,found_via_fallback_search,found_via_fallback_search,"no_pages_fetched_ok (pages_checked=1,fetched_ok=0,total_text_chars=0)","no_pages_fetched_ok (pages_checked=1,fetched_ok=0,total_text_chars=0)","no_pages_fetched_ok (pages_checked=1,fetched_ok=0,total_text_chars=0)",CALTEST ANALYTICAL LABORATORY,True,HQ Lab @ CALTEST ANALYTICAL LABORATORY
ENT-000185,1,env_labs_standardized.csv,Camp Rilea Laboratory,,TNI02228,33168 Patriot Way,Warrenton,Oregon,,,env_labs,https://www.oregon.gov/omd/rilea/pages/camp-rilea.aspx,henry.idica@omd.oregon.gov,cro.scheduling@omd.oregon.gov,,,,,,"Provides military and civilian user training options including firing ranges, barracks, and other facilities, plus a broad ocean front. Also supports ""UXO AWARENESS"" messaging and operations as part of its regional emergency response and recovery mission.",no_explicit_gmp,False,found_via_search,extracted,extracted,extracted,extracted,"checked_pages_not_found (pages_checked=5,fetched_ok=5,total_text_chars=14568)",extracted,Camp Rilea Laboratory,True,HQ Lab @ Camp Rilea Laboratory
ENT-000186,1,env_labs_standardized.csv,CAMPFIELD RESERVOIR  FILTER PLANT,,TNI01593,840 Main Street,PEEKSKILL,New York,,,env_labs,https://www.cityofpeekskillny.gov/,,,,,,,,,no_explicit_gmp,False,found_via_search,extracted,"checked_pages_not_found (pages_checked=5,fetched_ok=5,total_text_chars=22786)","checked_pages_not_found (pages_checked=5,fetched_ok=5,total_text_chars=22786)",extracted,"checked_pages_not_found (pages_checked=5,fetched_ok=5,total_text_chars=22786)","checked_pages_not_found (pages_checked=5,fetched_ok=5,total_text_chars=22786)",CAMPFIELD RESERVOIR FILTER PLANT,True,HQ Lab @ CAMPFIELD RESERVOIR FILTER PLANT
ENT-000187,1,env_labs_standardized.csv,CANANDAIGUA WASTEWATER TREATMENT FACILITY,,TNI01586,2 North Main Street,CANANDAIGUA,New York,,,env_labs,https://canandaiguanewyork.gov/274/Water-Resource-Recovery-Facility,Michelle Hess - Chief Operator,,,,,,,"Operates a fixed film, biological wastewater treatment facility permitted to treat 6.5 million gallons of wastewater per day.",no_explicit_gmp,False,found_via_search,extracted,extracted,"checked_pages_not_found (pages_checked=8,fetched_ok=8,total_text_chars=32675)",extracted,"checked_pages_not_found (pages_checked=8,fetched_ok=8,total_text_chars=32675)",extracted,CANANDAIGUA WASTEWATER TREATMENT FACILITY,True,HQ Lab @ CANANDAIGUA WASTEWATER TREATMENT FACILITY
ENT-000188,1,env_labs_standardized.csv,CANANDAIGUA WATER TREATMENT PLANT,,TNI01622,,CANANDAIGUA,New York,,,env_labs,https://canandaiguanewyork.gov/,"Cottrell, Brett, Assistant Chief Operator",asimmons@canandaiguanewyork.gov,,,,,,"Operates and manages the “Water Treatment Plant” under the City of Canandaigua, including water treatment operations staffed by chief/operator personnel. The page also references municipal water utility services such as water quality reporting and water/sewer account information.",no_explicit_gmp,False,found_via_search,found_via_fallback_search,extracted,found_via_fallback_search,extracted,"checked_pages_not_found (pages_checked=8,fetched_ok=8,total_text_chars=26068)",extracted,CANANDAIGUA WATER TREATMENT PLANT,True,HQ Lab @ CANANDAIGUA WATER TREATMENT PLANT
ENT-000189,1,env_labs_standardized.csv,CANISTEO WASTEWATER PLANT LAB,,TNI01432,,CANISTEO,New York,,,env_labs,https://villageofcanisteo.gov/,,canisteolab@empireaccess.net,,,,,,,no_explicit_gmp,False,found_via_search,found_via_fallback_search,"checked_pages_not_found (pages_checked=8,fetched_ok=8,total_text_chars=36094)",found_via_fallback_search,extracted,"checked_pages_not_found (pages_checked=8,fetched_ok=8,total_text_chars=36094)","checked_pages_not_found (pages_checked=8,fetched_ok=8,total_text_chars=36094)",CANISTEO WASTEWATER PLANT LAB,True,HQ Lab @ CANISTEO WASTEWATER PLANT LAB
ENT-000190,1,env_labs_standardized.csv,CANOBIE LAKE WATER TREATMENT PLANT LABORATORY,,TNI01028,33 Geremonty Drive,SALEM,New Hampshire,,,env_labs,https://www.salemnh.gov/,Fred Wallace,,,,,,,"No services for ""CANOBIE LAKE WATER TREATMENT PLANT LABORATORY"" are described in the provided text.",no_explicit_gmp,False,found_via_search,extracted,found_via_fallback_search,"checked_pages_not_found (pages_checked=8,fetched_ok=8,total_text_chars=42021)",extracted,"checked_pages_not_found (pages_checked=8,fetched_ok=8,total_text_chars=42021)",extracted,CANOBIE LAKE WATER TREATMENT PLANT LABORATORY,True,HQ Lab @ CANOBIE LAKE WATER TREATMENT PLANT LABORATORY
ENT-000191,1,env_labs_standardized.csv,"Cape Fear Analytical, LLC",,TNI01963,"3306 Kitty Hawk Road, Suite 120",Wilmington,North Carolina,,,env_labs,https://www.gel.com/cape-fear-analytical/,Christopher Cornwell Vice President of Operations/Laboratory Director; Mike Larkins Technical Director/Production Manager/Radiation Safety Officer; Coleman Corzine Quality Manager,coleman.corzine@cfanalytical.com,,,,,,"Cape Fear Analytical provides specialty analytical laboratory services focused on the analysis of Dioxins/Furans and PCB Congeners. Services listed include Dioxins/Furans analysis by SW846 Method 8290A, EPA Method 1613B, and EPA TO-9a, as well as PCB congener analyses by EPA Method 1668, plus dioxin/furan and PCB congener analysis under HRSM02.0 (EPA Contract Laboratory Program).",no_explicit_gmp,True,found_via_search,extracted,extracted,found_via_fallback_search,extracted,extracted,extracted,Cape Fear Analytical,True,HQ Lab @ Cape Fear Analytical
ENT-000192,1,env_labs_standardized.csv,CAPITAL REGION ENVIRONMENTAL LABORATORY,,TNI01520,137 Columbia Turnpike,RENSSELAER,New York,,,env_labs,https://crenvlab.com/,"Brian Collins, Lead Technical Director",admin@crenvlab.com,,,,,,"Provides potable and non-potable water testing, including potable/non-potable well water testing, municipal water testing, and non-potable water testing. Offers common tests such as Total Coliform and E. coli, nitrate, lead, copper and lead, plus “Routine Physical and Chemical Examination” and FHA short and long testing groups.",no_explicit_gmp,True,found_via_search,extracted,extracted,extracted,extracted,extracted,extracted,CAPITAL REGION ENVIRONMENTAL LABORATORY,True,HQ Lab @ CAPITAL REGION ENVIRONMENTAL LABORATORY
ENT-000193,1,env_labs_standardized.csv,Capzer Pharmaceuticals,,TNI02210,"3677 23rd Ave South, Suite B-107",Lake Worth,Florida,,,env_labs,https://capzerpharmaceuticals.com/,,capzer@capzerpharma.com,,,,,,"Provides research and development and support to develop, validate and manufacture nutraceutical and pharmaceutical products. Offers tablet/capsule formulation development, analytical support (HPLC, UPLC, GC, ICP-MS, etc.), prototype batches and commercial batches, and in-house finished products bottling and packaging.",explicit_gmp,True,found_via_search,extracted,"checked_pages_not_found (pages_checked=6,fetched_ok=6,total_text_chars=11730)",extracted,extracted,extracted,extracted,Capzer Pharmaceuticals,True,HQ Lab @ Capzer Pharmaceuticals
ENT-000194,1,env_labs_standardized.csv,Carbondale Central Laboratory,,TNI02547,2401 S. McLafferty Road,Carbondale,Illinois,,,env_labs,https://explorecarbondale.com/175/Central-Laboratory,"Beth Blaise, Lab Superintendent",kcole@ci.carbondale.il.us,,,,,,"Performs extensive testing on drinking water and wastewater discharge to ensure compliance with EPA regulations for Carbondale and over 100 neighboring communities and water districts. Testing includes coliforms/drinking water quality sampling, metals testing (lead, copper, and others), and distribution samples tested after a water main break using a mobile laboratory vehicle.",no_explicit_gmp,False,found_via_search,extracted,extracted,found_via_fallback_search,extracted,"checked_pages_not_found (pages_checked=8,fetched_ok=8,total_text_chars=61938)",extracted,Carbondale Central Laboratory,True,HQ Lab @ Carbondale Central Laboratory
ENT-000195,1,env_labs_standardized.csv,Cardinal Laboratories,,TNI00162,101 E. Marland,Hobbs,New Mexico,,,env_labs,https://cardinallabsnm.com/,Celey Keene,celey.keene@cardinallabsnm.com,,,,,,"Cardinal Laboratories provides environmental analytical testing of soil, drinking water, wastewater, sludge and waste, including analysis suites, QA/QC parameters, detection limit requirements, and reporting/data delivery. Services include sample pick-up and shipping, billing, and reporting of data.",no_explicit_gmp,True,found_via_search,extracted,found_via_fallback_search,found_via_fallback_search,extracted,extracted,extracted,Cardinal Laboratories,True,HQ Lab @ Cardinal Laboratories
ENT-000196,1,env_labs_standardized.csv,CATTARAUGUS COUNTY LABORATORY,,TNI01445,1 Leo Moss Drive Suite 4010,OLEAN,New York,,,env_labs,https://www.cattco.gov/,"Kevin D. Watkins, MD, MPH",pjketchner@cattco.org,,,,,,"Provides confidential reproductive and sexual health clinic services including Emergency Contraceptive, Birth Control, STI Testing, Pregnancy Testing, HIV Testing, Physical Exam / PAP Smear, Cancer Prevention, Vaccine (GARDASIL 9), and Birth Control Assistance.",no_explicit_gmp,False,found_via_search,extracted,extracted,found_via_fallback_search,extracted,"checked_pages_not_found (pages_checked=8,fetched_ok=8,total_text_chars=43016)",extracted,CATTARAUGUS COUNTY LABORATORY,True,HQ Lab @ CATTARAUGUS COUNTY LABORATORY
ENT-000197,1,env_labs_standardized.csv,CCNY ENVIRONMENTAL LAB,,TNI01739,,NEW YORK,New York,,,env_labs,,,,,,,,,,,,search_found_nothing,no_website_fallback_search_failed,no_website_cannot_check_pages,no_website_cannot_check_pages,no_website_cannot_check_pages,no_website_cannot_check_pages,no_website_cannot_check_pages,CCNY ENVIRONMENTAL LAB,True,HQ Lab @ CCNY ENVIRONMENTAL LAB
ENT-000198,1,env_labs_standardized.csv,CCWT - SOMAS NORTH,,TNI02517,145 Endeavour Hall,STONY BROOK,New York,,,env_labs,https://www.stonybrook.edu/cleanwater,"Hilary Brooks, Center Administrator",Hilary.Brooks@stonybrook.edu,,,,,,"The Center focuses on researching, developing, and commercializing solutions for removing nitrogen and other contaminants of emerging concern from drinking water and onsite (household) wastewater.",no_explicit_gmp,False,found_via_search,extracted,extracted,extracted,extracted,"checked_pages_not_found (pages_checked=8,fetched_ok=8,total_text_chars=25033)",extracted,CCWT SOMAS NORTH,True,HQ Lab @ CCWT SOMAS NORTH
ENT-000199,1,env_labs_standardized.csv,CCWT - SOMAS SOUTH,,TNI02582,,SOUTHHAMPTON,New York,,,env_labs,,,,,,,,,,,,search_found_nothing,found_via_fallback_search,no_website_cannot_check_pages,no_website_cannot_check_pages,no_website_cannot_check_pages,no_website_cannot_check_pages,no_website_cannot_check_pages,CCWT SOMAS SOUTH,True,HQ Lab @ CCWT SOMAS SOUTH
ENT-000200,1,env_labs_standardized.csv,CCWT ENGINEERING,,TNI02518,,STONY BROOK,New York,,,env_labs,,,,,,,,,,,,search_found_nothing,no_website_fallback_search_failed,no_website_cannot_check_pages,no_website_cannot_check_pages,no_website_cannot_check_pages,no_website_cannot_check_pages,no_website_cannot_check_pages,CCWT ENGINEERING,True,HQ Lab @ CCWT ENGINEERING
ENT-000201,1,env_labs_standardized.csv,Cedar City Regional Water Treatment Facility Laboratory,,TNI01964,,Cedar City,Utah,,,env_labs,,,,,,,,,,,,search_found_nothing,found_via_fallback_search,no_website_cannot_check_pages,no_website_cannot_check_pages,no_website_cannot_check_pages,no_website_cannot_check_pages,no_website_cannot_check_pages,Cedar City Regional Water Treatment Facility Laboratory,True,HQ Lab @ Cedar City Regional Water Treatment Facility Laboratory
ENT-000202,1,env_labs_standardized.csv,Center for Aquatic Chemistry and Environment - Nutrient Analysis Core Facility (CAChE-NACF),,TNI00569,OE 148,Miami,Florida,,,env_labs,https://environment.fiu.edu/facilities-research-groups/cache-nutrient-analysis-core/index.html,Yan Ding,yding@fiu.edu,,,,,,"The CAChE Nutrient Analysis Core Facility provides NELAC-certified (E76930) and non-certified nutrient and water quality analyses, including dissolved nutrients, total phosphorus, total nitrogen, organic carbon (TOC/DOC), chlorophyll-a, and additional trace metal and tracer analyses. It also offers capabilities such as ion chromatography for cations and anions and additional equipment-based analyses including TOC/DOC analyzers, spectrofluorometers, UV-Vis spectrophotometers, and elemental/trace metal analyses.",no_explicit_gmp,False,found_via_search,extracted,extracted,extracted,extracted,"checked_pages_not_found (pages_checked=8,fetched_ok=8,total_text_chars=72269)",extracted,Center for Aquatic Chemistry and Environment Nutrient Analysis Core Facility CAChE NACF,True,HQ Lab @ Center for Aquatic Chemistry and Environment Nutrient Analysis Core Facility CAChE NACF
ENT-000203,1,env_labs_standardized.csv,Central Davis Sewer District,,TNI01965,,Kaysville,Utah,,,env_labs,https://www.cdsewerut.gov/,,,,,,,,,,,found_via_search,found_via_fallback_search,"no_pages_fetched_ok (pages_checked=1,fetched_ok=0,total_text_chars=0)","no_pages_fetched_ok (pages_checked=1,fetched_ok=0,total_text_chars=0)","no_pages_fetched_ok (pages_checked=1,fetched_ok=0,total_text_chars=0)","no_pages_fetched_ok (pages_checked=1,fetched_ok=0,total_text_chars=0)","no_pages_fetched_ok (pages_checked=1,fetched_ok=0,total_text_chars=0)",Central Davis Sewer District,True,HQ Lab @ Central Davis Sewer District
ENT-000204,1,env_labs_standardized.csv,Central Florida Tourism Oversight District Environmental Sciences,,TNI00545,,Lake Buena Vista,Florida,,,env_labs,https://www.oversightdistrict.org/,,,,,,,,,,,found_via_search,found_via_fallback_search,"no_pages_fetched_ok (pages_checked=1,fetched_ok=0,total_text_chars=0)","no_pages_fetched_ok (pages_checked=1,fetched_ok=0,total_text_chars=0)","no_pages_fetched_ok (pages_checked=1,fetched_ok=0,total_text_chars=0)","no_pages_fetched_ok (pages_checked=1,fetched_ok=0,total_text_chars=0)","no_pages_fetched_ok (pages_checked=1,fetched_ok=0,total_text_chars=0)",Central Florida Tourism Oversight District Environmental Sciences,True,HQ Lab @ Central Florida Tourism Oversight District Environmental Sciences
ENT-000205,1,env_labs_standardized.csv,Central Florida Water Testing LLC DBA Plant Technicians,,TNI00539,101 Satellite Court,Leesburg,Florida,,,env_labs,https://planttechnicians.com/,,PlantTec@aol.com,,,,,,"Provides drinking and wastewater plant operation & monitoring by DEP certified licensed operators, including maintenance of site logs in compliance with DEP requirements. Also offers environmental water testing services including well water testing and sample collection/processing through its DOH certified commercial laboratory, plus water line clearance chlorination, sample collection, chain of custody documentation, and laboratory analysis (including bacteriological, CBOD, TSS, nitrate/nitrite, and well water tests).",no_explicit_gmp,True,found_via_search,extracted,"checked_pages_not_found (pages_checked=8,fetched_ok=8,total_text_chars=27470)",extracted,extracted,extracted,extracted,Central Florida Water Testing,True,HQ Lab @ Central Florida Water Testing
ENT-000206,1,env_labs_standardized.csv,Central Utah Public Health Laboratory,,TNI01966,"362 West Main Street, Suite 1",Richfield,Utah,,,env_labs,https://centralutahpublichealth.org/,Andrea Young,ayoung@centralutahhealth.gov,,,,,,"The website lists multiple public health services, including ""Laboratory Testing"" (e.g., under environmental health categories like Radon, Septic Systems, Solid & Hazardous Waste, and Water Quality) and clinical services such as immunizations and STI testing and treatment. It also includes family planning and other nursing/clinical service offerings like cancer screening and epidemiology/disease surveillance.",no_explicit_gmp,False,found_via_search,extracted,extracted,extracted,extracted,"checked_pages_not_found (pages_checked=8,fetched_ok=8,total_text_chars=52193)",extracted,Central Utah Public Health Laboratory,True,HQ Lab @ Central Utah Public Health Laboratory
ENT-000207,1,env_labs_standardized.csv,Central Valley Water Reclamation Facility,,TNI01967,800 Central Valley Road,South Salt Lake,Utah,,,env_labs,https://cvwrfut.gov/,Phillip Heck,heckp@cvwrf.org,,,,,,"Treats wastewater using a trickling filter/solids contact process for secondary treatment. Provides wastewater collection system and liquid/solids treatment processes and also includes maintenance services for facility equipment, electrical/control systems, and buildings/grounds.",no_explicit_gmp,False,found_via_search,extracted,found_via_fallback_search,found_via_fallback_search,extracted,"checked_pages_not_found (pages_checked=8,fetched_ok=6,total_text_chars=17907)",extracted,Central Valley Water Reclamation Facility,True,HQ Lab @ Central Valley Water Reclamation Facility
ENT-000208,1,env_labs_standardized.csv,Central Water Testing Laboratory,,TNI01118,22796 County Highway 6,Brainerd,Minnesota,,,env_labs,https://centralwatertestinglab.com/,,customerservice@rmbel.com,,,,,,"Environmental testing services including Industrial & Municipal Wastewater Testing, Groundwater Testing, Drinking Water Testing, Lakes & Streams Monitoring, Lakes Monitoring Program, Low-Level & Methyl Mercury, and RCRA Monitoring & Hazardous Waste Testing. Also offers Field Sampling Services, Taxonomy, Environmental Toxicity Testing, Data Interpretation & Custom Electronic Reporting, Mobile Laboratory, and Courier Services.",no_explicit_gmp,True,found_via_search,extracted,"checked_pages_not_found (pages_checked=8,fetched_ok=2,total_text_chars=8976)",extracted,extracted,extracted,extracted,Central Water Testing Laboratory,True,HQ Lab @ Central Water Testing Laboratory
ENT-000209,1,env_labs_standardized.csv,Central Weber SID Laboratory,,TNI01968,2618 W. Pioneer Road,Ogden,Utah,,,env_labs,,,,,,,,,,,,search_found_nothing,found_via_fallback_search,no_website_cannot_check_pages,no_website_cannot_check_pages,no_website_cannot_check_pages,no_website_cannot_check_pages,no_website_cannot_check_pages,Central Weber SID Laboratory,True,HQ Lab @ Central Weber SID Laboratory
ENT-000210,1,env_labs_standardized.csv,"Ceres Analytical Laboratory, Inc.",,TNI02279,"4919 Windplay Dr., Suite 1",El Dorado Hills,California,,,env_labs,https://ceres-lab.com/,James M. Hedin,jhedin@ceres-lab.com,,,,,,"Provides trace level analysis of environmental samples using High Resolution Mass Spectrometry (HRMS) for dioxins, furans, and PCBs. Uses EPA methods 1613B, 8290A, and 1668C, including HRGC/HRMS approaches for dioxins/furans, PCDDs/PCDFs, and chlorinated biphenyl congeners in water, soil, sediment, biosolids, and tissue.",no_explicit_gmp,True,found_via_search,extracted,found_via_fallback_search,extracted,extracted,extracted,extracted,Ceres Analytical Laboratory,True,HQ Lab @ Ceres Analytical Laboratory
ENT-000211,1,env_labs_standardized.csv,CERTIFIED ENVIRONMENTAL SERVICES INC,,TNI01669,,NORTH SYRACUSE,New York,,,env_labs,https://www.certifiedenvironmental.com/,,Cesinfo@certifiedenvironmental.com,,,,,,,,,found_via_search,found_via_fallback_search,"no_pages_fetched_ok (pages_checked=1,fetched_ok=0,total_text_chars=0)",found_via_fallback_search,"no_pages_fetched_ok (pages_checked=1,fetched_ok=0,total_text_chars=0)","no_pages_fetched_ok (pages_checked=1,fetched_ok=0,total_text_chars=0)","no_pages_fetched_ok (pages_checked=1,fetched_ok=0,total_text_chars=0)",CERTIFIED ENVIRONMENTAL SERVICES,True,HQ Lab @ CERTIFIED ENVIRONMENTAL SERVICES
ENT-000212,1,env_labs_standardized.csv,CERTIFIED LABORATORIES LLC,,TNI01515,,MELVILLE,New York,,,env_labs,https://certified-laboratories.com/,Hesham A. Elgaali,Helgaali@certified-laboratories.com,,,,,,,explicit_gmp,,found_via_search,found_via_fallback_search,found_via_fallback_search,found_via_fallback_search,found_via_fallback_search,"no_pages_fetched_ok (pages_checked=1,fetched_ok=0,total_text_chars=0)","no_pages_fetched_ok (pages_checked=1,fetched_ok=0,total_text_chars=0)",CERTIFIED LABORATORIES,True,HQ Lab @ CERTIFIED LABORATORIES
ENT-000213,1,env_labs_standardized.csv,Certified Labs of Florida,,TNI00296,141 Richardson Lane,Melrose,Florida,,,env_labs,,,,,,,,,,,,search_found_nothing,found_via_fallback_search,no_website_cannot_check_pages,no_website_cannot_check_pages,no_website_cannot_check_pages,no_website_cannot_check_pages,no_website_cannot_check_pages,Certified Labs of Florida,True,HQ Lab @ Certified Labs of Florida
ENT-000214,1,env_labs_standardized.csv,CETCON Inc,,TNI02484,4953 S 45th W Ave,Tulsa,Oklahoma,,,env_labs,https://www.cetconinc.com/,Galen McCloskey,galen@cetconinc.com,,,,,,"CETCON provides EPA stack testing services using mobile testing laboratories to record emission data for EPA compliance and other purposes. It also offers combustion consulting and related services such as emission source and combustion process analysis, fired equipment performance evaluation and “tune-up,” CEMS Performance Specification and QA/QC testing, and fired heater training.",no_explicit_gmp,True,found_via_search,extracted,extracted,extracted,extracted,extracted,extracted,CETCON,True,HQ Lab @ CETCON
ENT-000215,1,env_labs_standardized.csv,CHAMPLAIN WATER DISTRICT,,TNI01839,403 Queen City Park Road,SOUTH BURLINGTON,Vermont,,,env_labs,https://www.champlainwater.gov/,Joe Duncan,Melissa.Hood@champlainwater.org,,,,,,"Provides safe, clean drinking water and operates water treatment, filtration, disinfection, and distribution system management. The site also mentions continuous monitoring and testing, maintenance, and operational excellence.",no_explicit_gmp,False,found_via_search,extracted,extracted,found_via_fallback_search,extracted,"checked_pages_not_found (pages_checked=8,fetched_ok=7,total_text_chars=30316)",extracted,CHAMPLAIN WATER DISTRICT,True,HQ Lab @ CHAMPLAIN WATER DISTRICT
ENT-000216,1,env_labs_standardized.csv,Charlotte County Utilities - East Port Laboratory,,TNI00297,18500 Murdock Circle,Port Charlotte,Florida,,,env_labs,https://www.charlottecountyfl.gov/,Sandra Lavoie,,,,,,,"The provided page text is for Charlotte County, FL community government departments and related information (e.g., contact/location and various county department pages), rather than laboratory testing or manufacturing services.",no_explicit_gmp,False,found_via_search,extracted,found_via_fallback_search,"checked_pages_not_found (pages_checked=8,fetched_ok=8,total_text_chars=52757)",extracted,"checked_pages_not_found (pages_checked=8,fetched_ok=8,total_text_chars=52757)",extracted,Charlotte County Utilities East Port Laboratory,True,HQ Lab @ Charlotte County Utilities East Port Laboratory
ENT-000217,1,env_labs_standardized.csv,CHARLOTTE WATER,,TNI02249,600 East 4th Street,CHARLOTTE,North Carolina,,,env_labs,https://www.charlottenc.gov/water/Home,,,,,,,,,,,found_via_search,found_via_fallback_search,"no_pages_fetched_ok (pages_checked=1,fetched_ok=0,total_text_chars=0)","no_pages_fetched_ok (pages_checked=1,fetched_ok=0,total_text_chars=0)","no_pages_fetched_ok (pages_checked=1,fetched_ok=0,total_text_chars=0)","no_pages_fetched_ok (pages_checked=1,fetched_ok=0,total_text_chars=0)","no_pages_fetched_ok (pages_checked=1,fetched_ok=0,total_text_chars=0)",CHARLOTTE WATER,True,HQ Lab @ CHARLOTTE WATER
ENT-000218,1,env_labs_standardized.csv,CHAUTAUQUA COUNTY HEALTH,,TNI01537,7 North Erie Street,MAYVILLE,New York,,,env_labs,https://chautauquacountyny.gov/,,cchealth@chqgov.com,,,,,,,,,found_via_search,found_via_fallback_search,"no_pages_fetched_ok (pages_checked=1,fetched_ok=0,total_text_chars=0)",found_via_fallback_search,"no_pages_fetched_ok (pages_checked=1,fetched_ok=0,total_text_chars=0)","no_pages_fetched_ok (pages_checked=1,fetched_ok=0,total_text_chars=0)","no_pages_fetched_ok (pages_checked=1,fetched_ok=0,total_text_chars=0)",CHAUTAUQUA COUNTY HEALTH,True,HQ Lab @ CHAUTAUQUA COUNTY HEALTH
ENT-000219,1,env_labs_standardized.csv,ChemHistory,,TNI02450,5691 SE International Way,Milwaukie,Oregon,,,env_labs,https://www.chemhistory.com/,,,,,,,,"ChemHistory provides cannabis and hemp laboratory testing services including potency testing (cannabinoid analysis), pesticide screening, microbiological testing, terpene profiling, residual solvent testing, heavy metal testing, and botanical profiling/characterization. It also delivers compliance-ready Certificates of Analysis (COAs) and reporting through a secure client portal.",no_explicit_gmp,True,found_via_search,extracted,"checked_pages_not_found (pages_checked=8,fetched_ok=7,total_text_chars=32070)","checked_pages_not_found (pages_checked=8,fetched_ok=7,total_text_chars=32070)",extracted,extracted,extracted,ChemHistory,True,HQ Lab @ ChemHistory
ENT-000220,1,env_labs_standardized.csv,"Chemtech-Ford, Inc.",,TNI01969,9632 South 500 West,Sandy,Utah,,,env_labs,https://chemtechford.com/,Reed Hendricks,dave@chemtechford.com,,,,,,"Chemtech-Ford provides analytical testing for drinking water, non-potable water, and solid and hazardous waste, including microbiology, general chemistry, metals, and volatile/extractable organics, as well as pesticides, herbicides, PCBs, and specialty testing such as cyanobacteria. It also offers courier services, compliance consulting and project planning, field sampling support, laboratory management consulting, and emergency services.",no_explicit_gmp,True,found_via_search,extracted,extracted,found_via_fallback_search,extracted,extracted,extracted,Chemtech Ford,True,HQ Lab @ Chemtech Ford
ENT-000221,1,env_labs_standardized.csv,CHEMTEX,,TNI01199,,Sulphur,Louisiana,,,env_labs,https://chemtexas.org/,Chandra R. Appanna,chemtexlc@sbcglobal.net,,,,,,,,,found_via_search,found_via_fallback_search,found_via_fallback_search,found_via_fallback_search,"no_pages_fetched_ok (pages_checked=1,fetched_ok=0,total_text_chars=0)","no_pages_fetched_ok (pages_checked=1,fetched_ok=0,total_text_chars=0)","no_pages_fetched_ok (pages_checked=1,fetched_ok=0,total_text_chars=0)",CHEMTEX,False,Sulphur Lab @ CHEMTEX
ENT-000222,1,env_labs_standardized.csv,CHEMTEX - Corpus Christi,,TNI02560,,Corpus Christi,Texas,,,env_labs,https://chemtexas.org/,,,,,,,,,,,found_via_search,found_via_fallback_search,"no_pages_fetched_ok (pages_checked=1,fetched_ok=0,total_text_chars=0)","no_pages_fetched_ok (pages_checked=1,fetched_ok=0,total_text_chars=0)","no_pages_fetched_ok (pages_checked=1,fetched_ok=0,total_text_chars=0)","no_pages_fetched_ok (pages_checked=1,fetched_ok=0,total_text_chars=0)","no_pages_fetched_ok (pages_checked=1,fetched_ok=0,total_text_chars=0)",CHEMTEX,False,Corpus Christi Lab @ CHEMTEX
ENT-000223,1,env_labs_standardized.csv,CHEMUNG CO ELMIRA SD,,TNI01650,430 W Washington Avenue,ELMIRA,New York,,,env_labs,https://www.chemungcountyny.gov/,Dr. Mindy M. Banfield,sewerbilling@chemungcountyny.gov,,,,,,"The provided page text describes Chemung County government services, including administration of Social Services (Department of Social Services and Department of Mental Hygiene), and lists administrative functions and programs for human services and mental hygiene.",no_explicit_gmp,False,found_via_search,found_via_fallback_search,extracted,found_via_fallback_search,extracted,"checked_pages_not_found (pages_checked=7,fetched_ok=7,total_text_chars=36525)",extracted,CHEMUNG CO ELMIRA SD,True,HQ Lab @ CHEMUNG CO ELMIRA SD
ENT-000224,1,env_labs_standardized.csv,Chevron Salt Lake Refinery Environmental Laboratory,,TNI01970,,North Salt Lake,Utah,,,env_labs,,,,,,,,,,,,search_found_nothing,found_via_fallback_search,no_website_cannot_check_pages,no_website_cannot_check_pages,no_website_cannot_check_pages,no_website_cannot_check_pages,no_website_cannot_check_pages,Chevron Salt Lake Refinery Environmental Laboratory,True,HQ Lab @ Chevron Salt Lake Refinery Environmental Laboratory
ENT-000225,1,env_labs_standardized.csv,City of Abilene Environmental Laboratory,,TNI00102,4209 E Lake Road,Abilene,Texas,,,env_labs,https://abilenetx.gov/464/Quality-Control,Sara Weddle,,,,,,,"Performs chemical analyses for process control and compliance monitoring for the City of Abilene’s water and wastewater treatment plants. Also provides water and wastewater analysis for regional customers, lake monitoring (collection and analysis for lake water quality), and bacterial testing of new buildings and subdivisions before hookup to the city’s water main.",no_explicit_gmp,False,found_via_search,extracted,extracted,"checked_pages_not_found (pages_checked=8,fetched_ok=3,total_text_chars=42273)",extracted,"checked_pages_not_found (pages_checked=8,fetched_ok=3,total_text_chars=42273)",extracted,City of Abilene Environmental Laboratory,True,HQ Lab @ City of Abilene Environmental Laboratory
ENT-000226,1,env_labs_standardized.csv,City of Altamonte Springs Environmental Laboratory,,TNI00300,225 Newburyport Ave.,Altamonte Springs,Florida,,,env_labs,https://www.altamonte.org/343/Environmental-Laboratory,,,,,,,,Chemists at the lab conduct “critical water quality tests” to assess drinking water and reclaimed water performance. The lab provides hands-on demonstrations of relevant test procedures and depends on Florida Department of Health audits and regular participation in Proficiency Testing programs.,no_explicit_gmp,False,found_via_search,extracted,"checked_pages_not_found (pages_checked=6,fetched_ok=5,total_text_chars=14871)","checked_pages_not_found (pages_checked=6,fetched_ok=5,total_text_chars=14871)",extracted,"checked_pages_not_found (pages_checked=6,fetched_ok=5,total_text_chars=14871)",extracted,City of Altamonte Springs Environmental Laboratory,True,HQ Lab @ City of Altamonte Springs Environmental Laboratory
ENT-000227,1,env_labs_standardized.csv,City of Amarillo Environmental Laboratory,,TNI00150,,Amarillo,Texas,,,env_labs,https://www.amarillo.gov/water-utilities/laboratory-administration/environmental-laboratory/,,,,,,,,,,,found_via_search,"no_pages_fetched_ok (pages_checked=1,fetched_ok=0,total_text_chars=0)","no_pages_fetched_ok (pages_checked=1,fetched_ok=0,total_text_chars=0)","no_pages_fetched_ok (pages_checked=1,fetched_ok=0,total_text_chars=0)","no_pages_fetched_ok (pages_checked=1,fetched_ok=0,total_text_chars=0)","no_pages_fetched_ok (pages_checked=1,fetched_ok=0,total_text_chars=0)","no_pages_fetched_ok (pages_checked=1,fetched_ok=0,total_text_chars=0)",City of Amarillo Environmental Laboratory,True,HQ Lab @ City of Amarillo Environmental Laboratory
ENT-000228,1,env_labs_standardized.csv,City of Arlington Water Utilities Laboratory Services,,TNI00093,7001 U.S. 287 Frontage Road,Arlington,Texas,,,env_labs,https://www.arlingtontx.gov/,,Gary.McCollum@arlingtontx.gov,,,,,,,,,found_via_search,found_via_fallback_search,"no_pages_fetched_ok (pages_checked=1,fetched_ok=0,total_text_chars=0)",found_via_fallback_search,"no_pages_fetched_ok (pages_checked=1,fetched_ok=0,total_text_chars=0)","no_pages_fetched_ok (pages_checked=1,fetched_ok=0,total_text_chars=0)","no_pages_fetched_ok (pages_checked=1,fetched_ok=0,total_text_chars=0)",City of Arlington Water Utilities Laboratory Services,True,HQ Lab @ City of Arlington Water Utilities Laboratory Services
ENT-000229,1,env_labs_standardized.csv,"City of Atlanta, Department of Watershed Management, Wastewater Laboratory",,TNI00302,,Atlanta,Georgia,,,env_labs,https://atlantawatershed.org/,,,,,,,,,,,found_via_search,found_via_fallback_search,"no_pages_fetched_ok (pages_checked=1,fetched_ok=0,total_text_chars=0)","no_pages_fetched_ok (pages_checked=1,fetched_ok=0,total_text_chars=0)","no_pages_fetched_ok (pages_checked=1,fetched_ok=0,total_text_chars=0)","no_pages_fetched_ok (pages_checked=1,fetched_ok=0,total_text_chars=0)","no_pages_fetched_ok (pages_checked=1,fetched_ok=0,total_text_chars=0)",City of Atlanta Department of Watershed Management Wastewater Laboratory,True,HQ Lab @ City of Atlanta Department of Watershed Management Wastewater Laboratory
ENT-000230,1,env_labs_standardized.csv,City of Austin Water Utility Laboratory Services Division,,TNI00081,625 E. 10th St.,Austin,Texas,,,env_labs,https://www.austintexas.gov/water,,AWPublicInformation@austintexas.gov,,,,,,"Austin Water facilities provide safe, reliable drinking water and treated wastewater, supported by “Hourly sampling, continuous testing and preventive maintenance.” The page also lists drinking water and wastewater treatment plants and related system infrastructure.",no_explicit_gmp,False,found_via_search,extracted,"checked_pages_not_found (pages_checked=8,fetched_ok=8,total_text_chars=79111)",extracted,extracted,"checked_pages_not_found (pages_checked=8,fetched_ok=8,total_text_chars=79111)",extracted,City of Austin Water Utility Laboratory Services Division,True,HQ Lab @ City of Austin Water Utility Laboratory Services Division
ENT-000231,1,env_labs_standardized.csv,City of Beaumont Water Production Laboratory,,TNI00120,,Beaumont,Texas,,,env_labs,https://www.beaumonttexas.gov/,,,,,,,,"Provides potable water and sanitary sewer services, including water treatment and wastewater treatment operations. Operates divisions such as Engineering (system studies and project design), Production (surface water treatment plant and well system), Maintenance (water/sanitary sewer infrastructure repair), Sewer Plant (wastewater treatment and constructed wetlands), and Quality Control (oversight of laboratory and compliance activities).",no_explicit_gmp,False,found_via_search,found_via_fallback_search,"checked_pages_not_found (pages_checked=8,fetched_ok=7,total_text_chars=72456)","checked_pages_not_found (pages_checked=8,fetched_ok=7,total_text_chars=72456)",extracted,"checked_pages_not_found (pages_checked=8,fetched_ok=7,total_text_chars=72456)",extracted,City of Beaumont Water Production Laboratory,True,HQ Lab @ City of Beaumont Water Production Laboratory
ENT-000232,1,env_labs_standardized.csv,City of Bend Water Quality Laboratory,,TNI00204,22395 McGrath Rd,Bend,Oregon,,,env_labs,https://bendoregon.gov/departments/public-works/water-services/water-quality/laboratory/,Cally Whitman,,,,,,,,,,found_via_search,found_via_fallback_search,found_via_fallback_search,"no_pages_fetched_ok (pages_checked=1,fetched_ok=0,total_text_chars=0)","no_pages_fetched_ok (pages_checked=1,fetched_ok=0,total_text_chars=0)","no_pages_fetched_ok (pages_checked=1,fetched_ok=0,total_text_chars=0)","no_pages_fetched_ok (pages_checked=1,fetched_ok=0,total_text_chars=0)",City of Bend Water Quality Laboratory,True,HQ Lab @ City of Bend Water Quality Laboratory
ENT-000233,1,env_labs_standardized.csv,City of Boca Raton Quality Control Laboratory,,TNI00303,,Boca Raton,Florida,,,env_labs,,,,,,,,,,,,search_found_nothing,found_via_fallback_search,no_website_cannot_check_pages,no_website_cannot_check_pages,no_website_cannot_check_pages,no_website_cannot_check_pages,no_website_cannot_check_pages,City of Boca Raton Quality Control Laboratory,True,HQ Lab @ City of Boca Raton Quality Control Laboratory
ENT-000234,1,env_labs_standardized.csv,City of Borger Water Plant Laboratory,,TNI00090,600 N Main Street,Borger,Texas,,,env_labs,https://www.borgertx.gov/,,,,,,,,"This text provides general information about the City of Borger’s mission and public information/engagement links, but it does not describe any specific water plant laboratory testing or services.",no_explicit_gmp,False,found_via_search,extracted,"checked_pages_not_found (pages_checked=2,fetched_ok=2,total_text_chars=2544)","checked_pages_not_found (pages_checked=2,fetched_ok=2,total_text_chars=2544)",extracted,"checked_pages_not_found (pages_checked=2,fetched_ok=2,total_text_chars=2544)",extracted,City of Borger Water Plant Laboratory,True,HQ Lab @ City of Borger Water Plant Laboratory
ENT-000235,1,env_labs_standardized.csv,City of Boynton Beach Utilities Department,,TNI00304,124 E. Woolbright Rd.,Boynton Beach,Florida,,,env_labs,https://boynton-beach.org/279/Utilities,,bbcustomercare@bbfl.us,,,,,,"Provides drinking water and wastewater services, plus stormwater services within City limits. Operates two water treatment plants (East and West) and routinely monitors for contaminants in drinking water.",no_explicit_gmp,False,found_via_search,extracted,"checked_pages_not_found (pages_checked=8,fetched_ok=8,total_text_chars=44517)",found_via_fallback_search,extracted,"checked_pages_not_found (pages_checked=8,fetched_ok=8,total_text_chars=44517)",extracted,City of Boynton Beach Utilities Department,True,HQ Lab @ City of Boynton Beach Utilities Department
ENT-000236,1,env_labs_standardized.csv,City of Cape Canaveral Water Reclamation Plant,,TNI00306,100 Polk Avenue,Cape Canaveral,Florida,,,env_labs,http://www.cityofcapecanaveral.org/,,,,,,,,"The provided pages describe City facilities and public services (e.g., recreation facilities and related operations), including hours of operation and rental/access information.",no_explicit_gmp,False,found_via_search,extracted,"checked_pages_not_found (pages_checked=8,fetched_ok=8,total_text_chars=57726)","checked_pages_not_found (pages_checked=8,fetched_ok=8,total_text_chars=57726)",extracted,"checked_pages_not_found (pages_checked=8,fetched_ok=8,total_text_chars=57726)",extracted,City of Cape Canaveral Water Reclamation Plant,True,HQ Lab @ City of Cape Canaveral Water Reclamation Plant
ENT-000237,1,env_labs_standardized.csv,City of Cape Coral ERD Laboratory,,TNI00307,1015 Cultural Park Boulevard,Cape Coral,Florida,,,env_labs,https://www.capecoral.gov/,,ERD@capecoral.gov,,,,,,,no_explicit_gmp,False,found_via_search,extracted,"checked_pages_not_found (pages_checked=8,fetched_ok=8,total_text_chars=66679)",found_via_fallback_search,extracted,"checked_pages_not_found (pages_checked=8,fetched_ok=8,total_text_chars=66679)","checked_pages_not_found (pages_checked=8,fetched_ok=8,total_text_chars=66679)",City of Cape Coral ERD Laboratory,True,HQ Lab @ City of Cape Coral ERD Laboratory
ENT-000238,1,env_labs_standardized.csv,"City of Chicago, Water Purification Laboratories",,TNI02026,,Chicago,Illinois,,,env_labs,https://www.cityofchicago.org/city/en/depts/water/supp_info/water_quality_resultsandreports/comprehensive_chemicalanalysis.html,,lead.safe@cityofchicago.org,,,,,,"Publishes quarterly ""Comprehensive Chemical Analysis"" water quality results and reports, including historical reports and laboratory accreditation information.",no_explicit_gmp,False,found_via_search,found_via_fallback_search,"checked_pages_not_found (pages_checked=8,fetched_ok=8,total_text_chars=49522)",found_via_fallback_search,extracted,"checked_pages_not_found (pages_checked=8,fetched_ok=8,total_text_chars=49522)",extracted,City of Chicago Water Purification Laboratories,True,HQ Lab @ City of Chicago Water Purification Laboratories
ENT-000239,1,env_labs_standardized.csv,City of Clearwater Public Utilities Laboratory,,TNI00308,1605 Harbor Drive,Clearwater,Florida,,,env_labs,https://www.myclearwater.com/,,,,,,,,,,,found_via_search,found_via_fallback_search,"no_pages_fetched_ok (pages_checked=1,fetched_ok=0,total_text_chars=0)","no_pages_fetched_ok (pages_checked=1,fetched_ok=0,total_text_chars=0)","no_pages_fetched_ok (pages_checked=1,fetched_ok=0,total_text_chars=0)","no_pages_fetched_ok (pages_checked=1,fetched_ok=0,total_text_chars=0)","no_pages_fetched_ok (pages_checked=1,fetched_ok=0,total_text_chars=0)",City of Clearwater Public Utilities Laboratory,True,HQ Lab @ City of Clearwater Public Utilities Laboratory
ENT-000240,1,env_labs_standardized.csv,City of Cocoa Beach Water Reclamation Laboratory,,TNI00309,1600 West Minuteman Causeway,Cocoa Beach,Florida,,,env_labs,https://www.cityofcocoabeach.com/,Brad Kalsow,,,,,,,"The provided text describes municipal city services and departmental functions (e.g., Water Reclamation as a department), but it does not list specific laboratory testing services for the 'City of Cocoa Beach Water Reclamation Laboratory.'",no_explicit_gmp,False,found_via_search,found_via_fallback_search,found_via_fallback_search,"checked_pages_not_found (pages_checked=6,fetched_ok=6,total_text_chars=24504)",extracted,"checked_pages_not_found (pages_checked=6,fetched_ok=6,total_text_chars=24504)",extracted,City of Cocoa Beach Water Reclamation Laboratory,True,HQ Lab @ City of Cocoa Beach Water Reclamation Laboratory
ENT-000241,1,env_labs_standardized.csv,City of Corpus Christi Water Utilities Laboratory,,TNI00159,13101 Leopard Street at the O.N. Stevens Water Treatment Plant,Corpus Christi,Texas,,,env_labs,https://www.corpuschristitx.gov/department-directory/corpus-christi-water/water-lab/,,CCWlab@CorpusChristiTX.gov,,,,,,"Supports water quality operations for Corpus Christi Water and offers services to external public water systems, municipalities, industrial facilities, consulting or engineering firms, and other commercial or public organizations wanting to monitor water quality and meet regulatory requirements. The laboratory also tests water samples for the public and offers free total coliform sample processing for public water systems attempting to lift boil water notices.",no_explicit_gmp,False,found_via_search,extracted,"checked_pages_not_found (pages_checked=8,fetched_ok=8,total_text_chars=189374)",extracted,extracted,"checked_pages_not_found (pages_checked=8,fetched_ok=8,total_text_chars=189374)",extracted,City of Corpus Christi Water Utilities Laboratory,True,HQ Lab @ City of Corpus Christi Water Utilities Laboratory
ENT-000242,1,env_labs_standardized.csv,City of Corvallis Water Quality Laboratory,,TNI00206,,Corvallis,Oregon,,,env_labs,https://www.corvallisoregon.gov/publicworks/page/water-quality,,,,,,,,,,,found_via_search,found_via_fallback_search,"no_pages_fetched_ok (pages_checked=1,fetched_ok=0,total_text_chars=0)","no_pages_fetched_ok (pages_checked=1,fetched_ok=0,total_text_chars=0)","no_pages_fetched_ok (pages_checked=1,fetched_ok=0,total_text_chars=0)","no_pages_fetched_ok (pages_checked=1,fetched_ok=0,total_text_chars=0)","no_pages_fetched_ok (pages_checked=1,fetched_ok=0,total_text_chars=0)",City of Corvallis Water Quality Laboratory,True,HQ Lab @ City of Corvallis Water Quality Laboratory
ENT-000243,1,env_labs_standardized.csv,City of Dallas Water Utilities Bachman Water Treatment Plant Laboratory,,TNI00088,2605 Shorecrest Drive,Dallas,Texas,,,env_labs,https://dallas.gov/departments/waterutilities/Pages/default.aspx,,dwupretreatment@dallas.gov,,,,,,,,,found_via_search,found_via_fallback_search,"no_pages_fetched_ok (pages_checked=1,fetched_ok=0,total_text_chars=0)",found_via_fallback_search,"no_pages_fetched_ok (pages_checked=1,fetched_ok=0,total_text_chars=0)","no_pages_fetched_ok (pages_checked=1,fetched_ok=0,total_text_chars=0)","no_pages_fetched_ok (pages_checked=1,fetched_ok=0,total_text_chars=0)",City of Dallas Water Utilities Bachman Water Treatment Plant Laboratory,True,HQ Lab @ City of Dallas Water Utilities Bachman Water Treatment Plant Laboratory
ENT-000244,1,env_labs_standardized.csv,City of Dallas Water Utilities Eastside Drinking Water Laboratory,,TNI00087,405 Long Creek Road,Sunnyvale,Texas,,,env_labs,https://dallas.gov/departments/waterutilities/Pages/default.aspx,,,,,,,,,,,found_via_search,found_via_fallback_search,"no_pages_fetched_ok (pages_checked=1,fetched_ok=0,total_text_chars=0)","no_pages_fetched_ok (pages_checked=1,fetched_ok=0,total_text_chars=0)","no_pages_fetched_ok (pages_checked=1,fetched_ok=0,total_text_chars=0)","no_pages_fetched_ok (pages_checked=1,fetched_ok=0,total_text_chars=0)","no_pages_fetched_ok (pages_checked=1,fetched_ok=0,total_text_chars=0)",City of Dallas Water Utilities Eastside Drinking Water Laboratory,True,HQ Lab @ City of Dallas Water Utilities Eastside Drinking Water Laboratory
ENT-000245,1,env_labs_standardized.csv,City of Dallas Water Utilities Elm Fork Plant Laboratory,,TNI00086,1440 Whitlock Lane,Carrolton,Texas,,,env_labs,https://www.dallas.gov/departments/waterutilities/,,,,,,,,,,,found_via_search,found_via_fallback_search,"no_pages_fetched_ok (pages_checked=1,fetched_ok=0,total_text_chars=0)","no_pages_fetched_ok (pages_checked=1,fetched_ok=0,total_text_chars=0)","no_pages_fetched_ok (pages_checked=1,fetched_ok=0,total_text_chars=0)","no_pages_fetched_ok (pages_checked=1,fetched_ok=0,total_text_chars=0)","no_pages_fetched_ok (pages_checked=1,fetched_ok=0,total_text_chars=0)",City of Dallas Water Utilities Elm Fork Plant Laboratory,True,HQ Lab @ City of Dallas Water Utilities Elm Fork Plant Laboratory
ENT-000246,1,env_labs_standardized.csv,City of Daytona Beach Regulatory Compliance Laboratory,,TNI00310,,Daytona Beach,Florida,,,env_labs,https://www.daytonabeach.gov/,,,,,,,,"The provided text does not describe any specific testing, laboratory, or analytical services for a “City of Daytona Beach Regulatory Compliance Laboratory.”",no_explicit_gmp,False,found_via_search,found_via_fallback_search,"checked_pages_not_found (pages_checked=8,fetched_ok=8,total_text_chars=92061)","checked_pages_not_found (pages_checked=8,fetched_ok=8,total_text_chars=92061)",extracted,"checked_pages_not_found (pages_checked=8,fetched_ok=8,total_text_chars=92061)",extracted,City of Daytona Beach Regulatory Compliance Laboratory,True,HQ Lab @ City of Daytona Beach Regulatory Compliance Laboratory
ENT-000247,1,env_labs_standardized.csv,City of Deer Park Surface Water Treatment Plant Laboratory,,TNI00134,2117 E. X Street,Deer Park,Texas,,,env_labs,https://www.deerparktx.gov/2076/Surface-Water-Treatment-Plant,Matt Noland,mnoland@deerparktx.org,,,,,,Operates a state-certiﬁed laboratory that tests regular water samples city-wide to ensure compliance with TCEQ as part of the City’s drinking water treatment operations.,no_explicit_gmp,False,found_via_search,extracted,extracted,extracted,extracted,"checked_pages_not_found (pages_checked=7,fetched_ok=7,total_text_chars=46099)",extracted,City of Deer Park Surface Water Treatment Plant Laboratory,True,HQ Lab @ City of Deer Park Surface Water Treatment Plant Laboratory
ENT-000248,1,env_labs_standardized.csv,City of Deerfield Beach Water Treatment Plant,,TNI00311,,Deerfield Beach,Florida,,,env_labs,https://www.deerfield-beach.com/,,,,,,,,"The City of Deerfield Beach provides Transportation Services including the Deerfield Beach Express Community Shuttle (Express I and II) and rideshare programs (Freebee Rideshare and BeachRide Rideshare). It also offers Senior Transportation for seniors 60+ and adults with cognitive disorders, including shuttle services for medical appointments and other destinations.",no_explicit_gmp,False,found_via_search,extracted,"checked_pages_not_found (pages_checked=5,fetched_ok=4,total_text_chars=21784)","checked_pages_not_found (pages_checked=5,fetched_ok=4,total_text_chars=21784)",extracted,"checked_pages_not_found (pages_checked=5,fetched_ok=4,total_text_chars=21784)",extracted,City of Deerfield Beach Water Treatment Plant,True,HQ Lab @ City of Deerfield Beach Water Treatment Plant
ENT-000249,1,env_labs_standardized.csv,City of DeLand Environmental Services Laboratory,,TNI00312,120 S Florida Avenue,DeLand,Florida,,,env_labs,https://delandfl.gov/,,,,,,,,"The provided text lists general city services (e.g., Facilities & Rentals, E-Billing Request, Water & Sewer Services) but does not describe any laboratory testing services.",no_explicit_gmp,False,found_via_search,extracted,"checked_pages_not_found (pages_checked=5,fetched_ok=5,total_text_chars=108392)","checked_pages_not_found (pages_checked=5,fetched_ok=5,total_text_chars=108392)",extracted,"checked_pages_not_found (pages_checked=5,fetched_ok=5,total_text_chars=108392)",extracted,City of DeLand Environmental Services Laboratory,True,HQ Lab @ City of DeLand Environmental Services Laboratory
ENT-000250,1,env_labs_standardized.csv,City of Delray Beach Environmental Services Laboratory,,TNI00313,,Delray Beach,Florida,,,env_labs,,,,,,,,,,,,search_found_nothing,found_via_fallback_search,no_website_cannot_check_pages,no_website_cannot_check_pages,no_website_cannot_check_pages,no_website_cannot_check_pages,no_website_cannot_check_pages,City of Delray Beach Environmental Services Laboratory,True,HQ Lab @ City of Delray Beach Environmental Services Laboratory
ENT-000251,1,env_labs_standardized.csv,City of Denison Laboratory,,TNI00058,4631 Randell Lake Road,Denison,Texas,,,env_labs,https://www.denisontx.gov/368/Laboratory-Information,John Phillips Assistant Director of Public Works,,,,,,,"The City of Denison Water Laboratory performs laboratory testing and accepts all bacteriological, wastewater and non-potable samples for analysis. It provides measurement-based information documented in accordance with standards developed by NELAC.",no_explicit_gmp,False,found_via_search,extracted,extracted,"checked_pages_not_found (pages_checked=8,fetched_ok=7,total_text_chars=64246)",extracted,"checked_pages_not_found (pages_checked=8,fetched_ok=7,total_text_chars=64246)",extracted,City of Denison Laboratory,True,HQ Lab @ City of Denison Laboratory
ENT-000252,1,env_labs_standardized.csv,City of Denton Municipal Laboratory,,TNI00155,1056 S. Mayhill Rd.,Denton,Texas,,,env_labs,https://www.cityofdenton.com/391/Municipal-Laboratory,Adriana Barker,,,,,,,"Provides technical support to Industrial Pretreatment, Water Reclamation, Water Production, and Watershed Protection. Performs NELAP-certified bacteriological testing on water and wastewater samples submitted by the public and other municipalities.",no_explicit_gmp,False,found_via_search,extracted,extracted,"checked_pages_not_found (pages_checked=8,fetched_ok=7,total_text_chars=100043)",extracted,"checked_pages_not_found (pages_checked=8,fetched_ok=7,total_text_chars=100043)",extracted,City of Denton Municipal Laboratory,True,HQ Lab @ City of Denton Municipal Laboratory
ENT-000253,1,env_labs_standardized.csv,City of Duluth,,TNI01081,City Hall 411 West 1st Street,Duluth,Minnesota,,,env_labs,https://duluthmn.gov/,,,,,,,,"City of Duluth contact and administration services, including general city contact and department navigation. The city also provides guidance and support for resident issues and public works-related reporting (e.g., street maintenance responsibilities and ways to report concerns).",no_explicit_gmp,False,found_via_search,extracted,"checked_pages_not_found (pages_checked=8,fetched_ok=8,total_text_chars=50384)","checked_pages_not_found (pages_checked=8,fetched_ok=8,total_text_chars=50384)",extracted,"checked_pages_not_found (pages_checked=8,fetched_ok=8,total_text_chars=50384)",extracted,City of,False,Duluth Lab @ City of
ENT-000254,1,env_labs_standardized.csv,City of Eden Prairie Utilities Laboratory,,TNI01135,,Eden Prairie,Minnesota,,,env_labs,,,,,,,,,,,,search_found_nothing,found_via_fallback_search,no_website_cannot_check_pages,no_website_cannot_check_pages,no_website_cannot_check_pages,no_website_cannot_check_pages,no_website_cannot_check_pages,City of Eden Prairie Utilities Laboratory,True,HQ Lab @ City of Eden Prairie Utilities Laboratory
ENT-000255,1,env_labs_standardized.csv,City of Edgewater - Alan R. Thomas Water Treatment Plant,,TNI00314,,Edgewater,Florida,,,env_labs,https://www.cityofedgewater.org/,,,,,,,,"The text lists city utility operations including ""WASTEWATER PLANT"" and ""WATER PLANT"" as part of ""ENVIRONMENTAL SERVICES"" and related ""WATER TREATMENT FACILITY"" and ""Advanced Wastewater Treatment Facility"" items.",no_explicit_gmp,False,found_via_search,found_via_fallback_search,"checked_pages_not_found (pages_checked=7,fetched_ok=7,total_text_chars=27800)","checked_pages_not_found (pages_checked=7,fetched_ok=7,total_text_chars=27800)",extracted,"checked_pages_not_found (pages_checked=7,fetched_ok=7,total_text_chars=27800)",extracted,City of Edgewater Alan R Thomas Water Treatment Plant,True,HQ Lab @ City of Edgewater Alan R Thomas Water Treatment Plant
ENT-000256,1,env_labs_standardized.csv,City of Edgewater Environmental Services Laboratory,,TNI00315,104 North Riverside,Edgewater,Florida,,,env_labs,https://www.cityofedgewater.org/,Jeffrey J. Lariscy,jlariscy@cityofedgewater.org,,,,,,"The text describes municipal ""Environmental Services"" and related operations such as ""Wastewater Plant,"" ""Water Plant,"" ""Stormwater and Streets,"" ""Recycling,"" and other Public Works utilities functions.",no_explicit_gmp,False,found_via_search,extracted,extracted,extracted,extracted,"checked_pages_not_found (pages_checked=7,fetched_ok=7,total_text_chars=27800)",extracted,City of Edgewater Environmental Services Laboratory,True,HQ Lab @ City of Edgewater Environmental Services Laboratory
ENT-000257,1,env_labs_standardized.csv,City of El Paso Department of Public Health,,TNI00096,9566 Railroad Drive,El Paso,Texas,,,env_labs,https://www.elpasotexas.gov/public-health,Robert Resendes,resendesr@elpasotexas.gov,,,,,,"Provides public health services including dental clinic, education & promotion, epidemiology, flu, food inspection, STD & HIV prevention & surveillance, laboratory TB control, vaccination & immunization, WIC, and emergency preparedness. Also conducts Community Health Assessment (CHA) and develops a Community Health Improvement Plan (CHIP) with local partners.",no_explicit_gmp,False,found_via_search,extracted,found_via_fallback_search,found_via_fallback_search,extracted,"checked_pages_not_found (pages_checked=8,fetched_ok=8,total_text_chars=50793)",extracted,City of El Paso Department of Public Health,True,HQ Lab @ City of El Paso Department of Public Health
ENT-000258,1,env_labs_standardized.csv,City of Eustis Wastewater Treatment Plant,,TNI00317,,Eustis,Florida,,,env_labs,https://www.eustis.org/,,Wastewater@Eustis.org,,,,,,,,,found_via_search,found_via_fallback_search,"no_pages_fetched_ok (pages_checked=1,fetched_ok=0,total_text_chars=0)",found_via_fallback_search,"no_pages_fetched_ok (pages_checked=1,fetched_ok=0,total_text_chars=0)","no_pages_fetched_ok (pages_checked=1,fetched_ok=0,total_text_chars=0)","no_pages_fetched_ok (pages_checked=1,fetched_ok=0,total_text_chars=0)",City of Eustis Wastewater Treatment Plant,True,HQ Lab @ City of Eustis Wastewater Treatment Plant
ENT-000259,1,env_labs_standardized.csv,City of Fort Lauderdale Environmental Laboratory,,TNI00318,1500 S State Road 7,Ft. Lauderdale,Florida,,,env_labs,https://www.fortlauderdale.gov/,,,,,,,,,,,found_via_search,found_via_fallback_search,"no_pages_fetched_ok (pages_checked=1,fetched_ok=0,total_text_chars=0)","no_pages_fetched_ok (pages_checked=1,fetched_ok=0,total_text_chars=0)","no_pages_fetched_ok (pages_checked=1,fetched_ok=0,total_text_chars=0)","no_pages_fetched_ok (pages_checked=1,fetched_ok=0,total_text_chars=0)","no_pages_fetched_ok (pages_checked=1,fetched_ok=0,total_text_chars=0)",City of Fort Lauderdale Environmental Laboratory,True,HQ Lab @ City of Fort Lauderdale Environmental Laboratory
ENT-000260,1,env_labs_standardized.csv,City of Garland Water Utility Laboratory,,TNI00151,200 N. Fifth St.,Garland,Texas,,,env_labs,https://garlandtx.gov/,,Talent@GarlandTX.gov,,,,,,The text does not describe the City of Garland Water Utility Laboratory’s testing or laboratory services.,no_explicit_gmp,False,found_via_search,extracted,"checked_pages_not_found (pages_checked=8,fetched_ok=6,total_text_chars=21965)",extracted,extracted,"checked_pages_not_found (pages_checked=8,fetched_ok=6,total_text_chars=21965)",extracted,City of Garland Water Utility Laboratory,True,HQ Lab @ City of Garland Water Utility Laboratory
ENT-000261,1,env_labs_standardized.csv,City of Graceville Wastewater Treatment Plant Laboratory,,TNI00322,5348 Cliff Street,Graceville,Florida,,,env_labs,https://www.cityofgraceville.com/158/Waste-Water-Treatment-and-Water-Lab,Charlie Martin,,,,,,,"Provides water treatment, wastewater treatment, wastewater collection, and reuse services for the citizens of Graceville. States it is ""in compliance with all federal and state regulations.""",no_explicit_gmp,False,found_via_search,extracted,found_via_fallback_search,"checked_pages_not_found (pages_checked=5,fetched_ok=5,total_text_chars=11179)",extracted,"checked_pages_not_found (pages_checked=5,fetched_ok=5,total_text_chars=11179)",extracted,City of Graceville Wastewater Treatment Plant Laboratory,True,HQ Lab @ City of Graceville Wastewater Treatment Plant Laboratory
ENT-000262,1,env_labs_standardized.csv,City of Gresham WWTP Laboratory,,TNI02171,1333 NW Eastman Parkway,Portland,Oregon,,,env_labs,https://www.greshamoregon.gov/,Alan Johnston,GPD@GreshamOregon.gov,,,,,,,no_explicit_gmp,False,found_via_search,extracted,found_via_fallback_search,extracted,extracted,"checked_pages_not_found (pages_checked=8,fetched_ok=8,total_text_chars=36021)","checked_pages_not_found (pages_checked=8,fetched_ok=8,total_text_chars=36021)",City of Gresham WWTP Laboratory,True,HQ Lab @ City of Gresham WWTP Laboratory
ENT-000263,1,env_labs_standardized.csv,City of Harlingen Waterworks System,,TNI00101,134 E Van Buren Ave,Harlingen,Texas,,,env_labs,https://www.hwws.com/,,cs@hwws.com,,,,,,,,,found_via_search,found_via_fallback_search,"no_pages_fetched_ok (pages_checked=1,fetched_ok=0,total_text_chars=0)",found_via_fallback_search,"no_pages_fetched_ok (pages_checked=1,fetched_ok=0,total_text_chars=0)","no_pages_fetched_ok (pages_checked=1,fetched_ok=0,total_text_chars=0)","no_pages_fetched_ok (pages_checked=1,fetched_ok=0,total_text_chars=0)",City of Harlingen Waterworks System,True,HQ Lab @ City of Harlingen Waterworks System
ENT-000264,1,env_labs_standardized.csv,City of Holly Hill Water & Wastewater Treatment Plant Laboratory,,TNI00323,,Holly Hill,Florida,,,env_labs,https://www.hollyhillfl.org/,John Dally,,,,,,,,,,found_via_search,"no_pages_fetched_ok (pages_checked=1,fetched_ok=0,total_text_chars=0)",found_via_fallback_search,"no_pages_fetched_ok (pages_checked=1,fetched_ok=0,total_text_chars=0)","no_pages_fetched_ok (pages_checked=1,fetched_ok=0,total_text_chars=0)","no_pages_fetched_ok (pages_checked=1,fetched_ok=0,total_text_chars=0)","no_pages_fetched_ok (pages_checked=1,fetched_ok=0,total_text_chars=0)",City of Holly Hill Water Wastewater Treatment Plant Laboratory,True,HQ Lab @ City of Holly Hill Water Wastewater Treatment Plant Laboratory
ENT-000265,1,env_labs_standardized.csv,City of Hollywood Utilities Laboratory,,TNI00324,2600 Hollywood Boulevard,Hollywood,Florida,,,env_labs,https://www.hollywoodfl.org/,Donavin Hultgren,dhultrenehollywoodtl.olr,,,,,,"The text provided does not describe any specific laboratory testing or analytical services for “City of Hollywood Utilities Laboratory.” It only includes general City services and operational updates (e.g., “Hydrant Flow-Testing Underway”).",no_explicit_gmp,False,found_via_search,extracted,found_via_fallback_search,found_via_fallback_search,extracted,"checked_pages_not_found (pages_checked=8,fetched_ok=7,total_text_chars=246528)",extracted,City of Hollywood Utilities Laboratory,True,HQ Lab @ City of Hollywood Utilities Laboratory
ENT-000266,1,env_labs_standardized.csv,City of Houston - Drinking Water Regulatory Compliance Laboratory,,TNI00066,611 Walker St.,Houston,Texas,,,env_labs,https://houstonpublicworks.org/drinking-water-regulatory-compliance-group,,[email protected],,,,,,"The Drinking Water Regulatory Compliance group provides permitting and operational regulatory support, including coordinating TCEQ inspections and communications, and supporting drinking water operations with compliance assistance and monitoring and reporting plan development. The in-house NELAP accredited drinking water analytical laboratory monitors treatment effectiveness and water quality throughout the distribution system, conducting ~100,000 drinking water analyses every year.",no_explicit_gmp,False,found_via_search,extracted,"checked_pages_not_found (pages_checked=8,fetched_ok=8,total_text_chars=26787)",extracted,extracted,"checked_pages_not_found (pages_checked=8,fetched_ok=8,total_text_chars=26787)",extracted,City of Houston Drinking Water Regulatory Compliance Laboratory,True,HQ Lab @ City of Houston Drinking Water Regulatory Compliance Laboratory
ENT-000267,1,env_labs_standardized.csv,"City of Houston Health Department, Bureau of Laboratory Services",,TNI00046,,Houston,Texas,,,env_labs,https://www.houstontx.gov/health/Lab/,"Meilan Bielby, PhD, HCLD(ABB)",,,,,,,,no_explicit_gmp,False,found_via_search,found_via_fallback_search,found_via_fallback_search,"pages_likely_js_rendered (pages_checked=1,fetched_ok=1,total_text_chars=25)",extracted,"pages_likely_js_rendered (pages_checked=1,fetched_ok=1,total_text_chars=25)","pages_likely_js_rendered (pages_checked=1,fetched_ok=1,total_text_chars=25)",City of Houston Health Department Bureau of Laboratory Services,True,HQ Lab @ City of Houston Health Department Bureau of Laboratory Services
ENT-000268,1,env_labs_standardized.csv,"City of Houston, Wastewater Operations Laboratory",,TNI02257,,Houston,Texas,,,env_labs,https://www.houstonpublicworks.org/wastewater-operations-laboratory,Edward Hickl,,,,,,,"Provides regulatory compliance laboratory services for the City’s wastewater treatment plants, including sample collection and daily analysis. Testing services include metals (e.g., ICP/ICP-MS and Mercury Cold Vapor), microbiological indicators (fecal coliform/E. coli/Enterococcus), industrial waste and sludge testing (e.g., cyanide/sulfide; Class A/B sludge), routine chemistry (e.g., BOD/CBOD, TSS, ammonia), and organics (BNAs, herbicides, pesticides, volatiles).",no_explicit_gmp,False,found_via_search,found_via_fallback_search,found_via_fallback_search,"checked_pages_not_found (pages_checked=8,fetched_ok=8,total_text_chars=32547)",extracted,"checked_pages_not_found (pages_checked=8,fetched_ok=8,total_text_chars=32547)",extracted,City of Houston Wastewater Operations Laboratory,True,HQ Lab @ City of Houston Wastewater Operations Laboratory
ENT-000269,1,env_labs_standardized.csv,City of Huntsville Parker Creek Laboratory,,TNI00099,1220 11th Street,Huntsville,Texas,,,env_labs,https://www.huntsvilletx.gov/,,,,,,,,,no_explicit_gmp,False,found_via_search,extracted,"checked_pages_not_found (pages_checked=6,fetched_ok=6,total_text_chars=39739)","checked_pages_not_found (pages_checked=6,fetched_ok=6,total_text_chars=39739)",extracted,"checked_pages_not_found (pages_checked=6,fetched_ok=6,total_text_chars=39739)","checked_pages_not_found (pages_checked=6,fetched_ok=6,total_text_chars=39739)",City of Huntsville Parker Creek Laboratory,True,HQ Lab @ City of Huntsville Parker Creek Laboratory
ENT-000270,1,env_labs_standardized.csv,CITY OF ITHACA WATER TREATMENT PLANT LABORATORY,,TNI01789,108 E Green Street,ITHACA,New York,,,env_labs,https://cityofithacany.gov/,,,,,,,,,no_explicit_gmp,False,found_via_search,extracted,"checked_pages_not_found (pages_checked=8,fetched_ok=7,total_text_chars=67109)","checked_pages_not_found (pages_checked=8,fetched_ok=7,total_text_chars=67109)",extracted,"checked_pages_not_found (pages_checked=8,fetched_ok=7,total_text_chars=67109)","checked_pages_not_found (pages_checked=8,fetched_ok=7,total_text_chars=67109)",CITY OF ITHACA WATER TREATMENT PLANT LABORATORY,True,HQ Lab @ CITY OF ITHACA WATER TREATMENT PLANT LABORATORY
ENT-000271,1,env_labs_standardized.csv,"City of Jacksonville, EQD Lab",,TNI00396,,Jacksonville,Florida,,,env_labs,https://www.jacksonville.gov/departments/office-of-administrative-services/environmental-quality,,sso@coj.net,,,,,,"The Environmental Quality Division administers and monitors the City of Jacksonville's air and water resource management activities, with responsibilities including pollution control enforcement and testing water samples from the St. Johns River. It also handles air, odors, noise, surface water, groundwater, underground storage tanks, hazardous wastes, wetlands and wildlife, and provides air permitting assistance for businesses.",no_explicit_gmp,False,found_via_search,extracted,"checked_pages_not_found (pages_checked=8,fetched_ok=8,total_text_chars=47343)",extracted,extracted,"checked_pages_not_found (pages_checked=8,fetched_ok=8,total_text_chars=47343)",extracted,City of Jacksonville EQD Lab,True,HQ Lab @ City of Jacksonville EQD Lab
ENT-000272,1,env_labs_standardized.csv,City of Kerrville Laboratory,,TNI00095,701 Main Street,Kerrville,Texas,,,env_labs,https://www.kerrvilletx.gov/,Anna Rachinsky,Anna.Rachinsky@kerrvilletx.gov,,,,,,"The text only identifies a city ""Laboratory"" in the directory without describing specific testing or technical services.",no_explicit_gmp,False,found_via_search,extracted,found_via_fallback_search,found_via_fallback_search,extracted,"checked_pages_not_found (pages_checked=7,fetched_ok=7,total_text_chars=139298)",extracted,City of Kerrville Laboratory,True,HQ Lab @ City of Kerrville Laboratory
ENT-000273,1,env_labs_standardized.csv,City of Key West WWTP Laboratory,,TNI00325,1300 White Street,Key West,Florida,,,env_labs,https://cityofkeywest-fl.gov/,,,,,,,,,no_explicit_gmp,False,found_via_search,extracted,"checked_pages_not_found (pages_checked=8,fetched_ok=8,total_text_chars=52595)","checked_pages_not_found (pages_checked=8,fetched_ok=8,total_text_chars=52595)",extracted,"checked_pages_not_found (pages_checked=8,fetched_ok=8,total_text_chars=52595)","checked_pages_not_found (pages_checked=8,fetched_ok=8,total_text_chars=52595)",City of Key West WWTP Laboratory,True,HQ Lab @ City of Key West WWTP Laboratory
ENT-000274,1,env_labs_standardized.csv,City of Lake Worth Beach Water Treatment Plant Laboratory,,TNI00326,,Lake Worth,Florida,,,env_labs,https://lakeworthbeachfl.gov/,,utilities@lakeworthbeachfl.gov,,,,,,"The provided page text describes general City of Lake Worth Beach services and departments (e.g., City Hall, Utilities Customer Service, and Community Code Compliance). No specific laboratory testing services for a water treatment plant laboratory are stated in the provided text.",no_explicit_gmp,False,found_via_search,found_via_fallback_search,"checked_pages_not_found (pages_checked=8,fetched_ok=8,total_text_chars=43058)",found_via_fallback_search,extracted,"checked_pages_not_found (pages_checked=8,fetched_ok=8,total_text_chars=43058)",extracted,City of Lake Worth Beach Water Treatment Plant Laboratory,True,HQ Lab @ City of Lake Worth Beach Water Treatment Plant Laboratory
ENT-000275,1,env_labs_standardized.csv,City of Lakeland -Thomas B. Williams Water Treatment Plant,,TNI00328,,Lakeland,Florida,,,env_labs,https://www.lakelandgov.net/,Lucas Welch,Lucas.Welch@lakelandgov.net,,,,,,,,,found_via_search,found_via_fallback_search,found_via_fallback_search,found_via_fallback_search,"no_pages_fetched_ok (pages_checked=1,fetched_ok=0,total_text_chars=0)","no_pages_fetched_ok (pages_checked=1,fetched_ok=0,total_text_chars=0)","no_pages_fetched_ok (pages_checked=1,fetched_ok=0,total_text_chars=0)",City of Lakeland Thomas B Williams Water Treatment Plant,True,HQ Lab @ City of Lakeland Thomas B Williams Water Treatment Plant
ENT-000276,1,env_labs_standardized.csv,City of Lakeland Wastewater Treatment Plant - Glendale,,TNI00329,1825 Glendale St,Lakeland,Florida,,,env_labs,https://www.lakelandgov.net/departments/water-utilities/wastewater/wastewater-treatment/,John Dickson - Chief Operator,,,,,,,,,,found_via_search,found_via_fallback_search,found_via_fallback_search,"no_pages_fetched_ok (pages_checked=1,fetched_ok=0,total_text_chars=0)","no_pages_fetched_ok (pages_checked=1,fetched_ok=0,total_text_chars=0)","no_pages_fetched_ok (pages_checked=1,fetched_ok=0,total_text_chars=0)","no_pages_fetched_ok (pages_checked=1,fetched_ok=0,total_text_chars=0)",City of Lakeland Wastewater Treatment Plant Glendale,True,HQ Lab @ City of Lakeland Wastewater Treatment Plant Glendale
ENT-000277,1,env_labs_standardized.csv,City of Laredo Public Health Department Laboratory,,TNI00145,,Laredo,Texas,,,env_labs,https://www.cityoflaredo.com/departments/health-department/services/laboratory,,CLHD@ci.laredo.tx.us,,,,,,,,,found_via_search,found_via_fallback_search,"no_pages_fetched_ok (pages_checked=1,fetched_ok=0,total_text_chars=0)",found_via_fallback_search,"no_pages_fetched_ok (pages_checked=1,fetched_ok=0,total_text_chars=0)","no_pages_fetched_ok (pages_checked=1,fetched_ok=0,total_text_chars=0)","no_pages_fetched_ok (pages_checked=1,fetched_ok=0,total_text_chars=0)",City of Laredo Public Health Department Laboratory,True,HQ Lab @ City of Laredo Public Health Department Laboratory
ENT-000278,1,env_labs_standardized.csv,City of Largo Wastewater Treatment Plant,,TNI00330,5100 150th Ave N,Clearwater,Florida,,,env_labs,https://www.largo.com/,,[email protected],,,,,,"The facility is a “Wastewater Treatment Plant” operated by “Largo Environmental Services,” with listed hours of “Mon-Fri, 8am-5pm.”",no_explicit_gmp,False,found_via_search,extracted,"checked_pages_not_found (pages_checked=8,fetched_ok=5,total_text_chars=38767)",extracted,extracted,"checked_pages_not_found (pages_checked=8,fetched_ok=5,total_text_chars=38767)",extracted,City of Largo Wastewater Treatment Plant,True,HQ Lab @ City of Largo Wastewater Treatment Plant
ENT-000279,1,env_labs_standardized.csv,City of Lewisville Environmental Control Services Laboratory,,TNI00129,,Lewisville,Texas,,,env_labs,https://www.cityoflewisville.com/,,rbruno@cityoflewisville.com,,,,,,,,,found_via_search,found_via_fallback_search,"no_pages_fetched_ok (pages_checked=1,fetched_ok=0,total_text_chars=0)",found_via_fallback_search,"no_pages_fetched_ok (pages_checked=1,fetched_ok=0,total_text_chars=0)","no_pages_fetched_ok (pages_checked=1,fetched_ok=0,total_text_chars=0)","no_pages_fetched_ok (pages_checked=1,fetched_ok=0,total_text_chars=0)",City of Lewisville Environmental Control Services Laboratory,True,HQ Lab @ City of Lewisville Environmental Control Services Laboratory
ENT-000280,1,env_labs_standardized.csv,City of Lubbock Water Treatment Plant Laboratory,,TNI00153,1314 Avenue K,Lubbock,Texas,,,env_labs,https://ci.lubbock.tx.us/,,,,,,,,"This text provides general City website information and contact details (e.g., ""Contact Us"", ""Staff Directory"", and ""311 Citizen Requests""), but does not list laboratory testing or operational services.",no_explicit_gmp,False,found_via_search,extracted,"checked_pages_not_found (pages_checked=8,fetched_ok=8,total_text_chars=50053)","checked_pages_not_found (pages_checked=8,fetched_ok=8,total_text_chars=50053)",extracted,"checked_pages_not_found (pages_checked=8,fetched_ok=8,total_text_chars=50053)",extracted,City of Lubbock Water Treatment Plant Laboratory,True,HQ Lab @ City of Lubbock Water Treatment Plant Laboratory
ENT-000281,1,env_labs_standardized.csv,City of Margate Utilities,,TNI00332,5790 Margate Boulevard,Margate,Florida,,,env_labs,https://www.margatefl.com/,,,,,,,,"The City of Margate provides water billing customer service and utility administration, including processing new accounts, explaining rates and fees, collecting/process utility payments, reconciling utility payments, and facilitating utility billing functions for water, wastewater, stormwater, garbage, recycling, and utility tax.",no_explicit_gmp,False,found_via_search,extracted,"checked_pages_not_found (pages_checked=8,fetched_ok=6,total_text_chars=20462)","checked_pages_not_found (pages_checked=8,fetched_ok=6,total_text_chars=20462)",extracted,"checked_pages_not_found (pages_checked=8,fetched_ok=6,total_text_chars=20462)",extracted,City of Margate Utilities,True,HQ Lab @ City of Margate Utilities
ENT-000282,1,env_labs_standardized.csv,City of McAllen Central Laboratory,,TNI00133,1300 Houston Avenue,McAllen,Texas,,,env_labs,https://www.mcallen.net/,"Angie Rodriquez, Director of Management and Budget",arodriquez@mcallen.net,,,,,,"Provides a governmental budgeting system, preparing the Official Budget Document, monitoring actual results for compliance with budget limitations, and ensuring financial transactions are conducted in accordance with statutory and contractual requirements and City policy.",no_explicit_gmp,False,found_via_search,extracted,extracted,extracted,extracted,"checked_pages_not_found (pages_checked=8,fetched_ok=7,total_text_chars=32941)",extracted,City of McAllen Central Laboratory,True,HQ Lab @ City of McAllen Central Laboratory
ENT-000283,1,env_labs_standardized.csv,City of Melbourne Wastewater Treatment Compliance Monitoring Laboratory,,TNI00333,835 North Apollo Blvd,Melbourne,Florida,,,env_labs,https://www.melbourneflorida.org/,,,,,,,,,,,found_via_search,found_via_fallback_search,"no_pages_fetched_ok (pages_checked=1,fetched_ok=0,total_text_chars=0)","no_pages_fetched_ok (pages_checked=1,fetched_ok=0,total_text_chars=0)","no_pages_fetched_ok (pages_checked=1,fetched_ok=0,total_text_chars=0)","no_pages_fetched_ok (pages_checked=1,fetched_ok=0,total_text_chars=0)","no_pages_fetched_ok (pages_checked=1,fetched_ok=0,total_text_chars=0)",City of Melbourne Wastewater Treatment Compliance Monitoring Laboratory,True,HQ Lab @ City of Melbourne Wastewater Treatment Compliance Monitoring Laboratory
ENT-000284,1,env_labs_standardized.csv,City of Melbourne Water Treatment Plant Laboratory,,TNI00334,6075 Lake Washington Road,Melbourne,Florida,,,env_labs,https://www.melbourneflorida.org/,,,,,,,,,,,found_via_search,found_via_fallback_search,"no_pages_fetched_ok (pages_checked=1,fetched_ok=0,total_text_chars=0)","no_pages_fetched_ok (pages_checked=1,fetched_ok=0,total_text_chars=0)","no_pages_fetched_ok (pages_checked=1,fetched_ok=0,total_text_chars=0)","no_pages_fetched_ok (pages_checked=1,fetched_ok=0,total_text_chars=0)","no_pages_fetched_ok (pages_checked=1,fetched_ok=0,total_text_chars=0)",City of Melbourne Water Treatment Plant Laboratory,True,HQ Lab @ City of Melbourne Water Treatment Plant Laboratory
ENT-000285,1,env_labs_standardized.csv,City of Midland Utilities Laboratory,,TNI02185,305 Edgewood Dr.,Midland,Texas,,,env_labs,https://midlandtexas.gov/463/Water-Testing-Services,,,,,,,,The City of Midland Utilities Laboratory provides water testing for Total Coliform and E. coli by Colisure (SM 9223B) in drinking water and E. coli by Colilert-18 Enumeration (SM 9223B) in non-potable water. It also provides results available online within 24 to 48 hours after the sample is received.,no_explicit_gmp,False,found_via_search,extracted,"checked_pages_not_found (pages_checked=8,fetched_ok=8,total_text_chars=94037)","checked_pages_not_found (pages_checked=8,fetched_ok=8,total_text_chars=94037)",extracted,"checked_pages_not_found (pages_checked=8,fetched_ok=8,total_text_chars=94037)",extracted,City of Midland Utilities Laboratory,True,HQ Lab @ City of Midland Utilities Laboratory
ENT-000286,1,env_labs_standardized.csv,City of Naples Central Laboratory,,TNI00336,1400 3rd Avenue North,Naples,Florida,,,env_labs,,,,,,,,,,,,search_found_nothing,found_via_fallback_search,no_website_cannot_check_pages,no_website_cannot_check_pages,no_website_cannot_check_pages,no_website_cannot_check_pages,no_website_cannot_check_pages,City of Naples Central Laboratory,True,HQ Lab @ City of Naples Central Laboratory
ENT-000287,1,env_labs_standardized.csv,City of New Port Richey Wastewater Treatment Plant,,TNI00337,4730 Main Street,New Port Richey,Florida,,,env_labs,https://www.cityofnewportrichey.org/,"Joe Palazzolo, WWT/Reclaimed Water Facilities Operations Manager",Palazzoloj@cityofnewportrichey.org,,,,,,,,,found_via_search,found_via_fallback_search,found_via_fallback_search,found_via_fallback_search,"no_pages_fetched_ok (pages_checked=1,fetched_ok=0,total_text_chars=0)","no_pages_fetched_ok (pages_checked=1,fetched_ok=0,total_text_chars=0)","no_pages_fetched_ok (pages_checked=1,fetched_ok=0,total_text_chars=0)",City of New Port Richey Wastewater Treatment Plant,True,HQ Lab @ City of New Port Richey Wastewater Treatment Plant
ENT-000288,1,env_labs_standardized.csv,City of North Miami Beach Quality Control Laboratory,,TNI00338,,Miami,Florida,,,env_labs,https://www.citynmb.com/,,,,,,,,"The provided text describes municipal government services such as Building permits/inspections, emergency management, water services (including a water quality report), and solid waste & recycling services including residential trash collection and recycling.",no_explicit_gmp,False,found_via_search,extracted,"checked_pages_not_found (pages_checked=8,fetched_ok=8,total_text_chars=52658)","checked_pages_not_found (pages_checked=8,fetched_ok=8,total_text_chars=52658)",extracted,"checked_pages_not_found (pages_checked=8,fetched_ok=8,total_text_chars=52658)",extracted,City of North Miami Beach Quality Control Laboratory,True,HQ Lab @ City of North Miami Beach Quality Control Laboratory
ENT-000289,1,env_labs_standardized.csv,City of North Miami Water Treatment Plant,,TNI00339,,North Miami,Florida,,,env_labs,https://www.northmiamifl.gov/,Pavel Vida,,,,,,,"The provided text lists municipal services such as “Water & Sewer” and “Water Utility Assistance Programs,” and also references “Sanitation Services.”",no_explicit_gmp,False,found_via_search,extracted,found_via_fallback_search,"checked_pages_not_found (pages_checked=7,fetched_ok=7,total_text_chars=44377)",extracted,"checked_pages_not_found (pages_checked=7,fetched_ok=7,total_text_chars=44377)",extracted,City of North Miami Water Treatment Plant,True,HQ Lab @ City of North Miami Water Treatment Plant
ENT-000290,1,env_labs_standardized.csv,City of Ocala Water Quality Laboratory,,TNI00340,4200 SE 24th Street,Ocala,Florida,,,env_labs,https://www.ocalafl.gov/,Benjamin Moose,,,,,,,,,,found_via_search,found_via_fallback_search,found_via_fallback_search,"no_pages_fetched_ok (pages_checked=1,fetched_ok=0,total_text_chars=0)","no_pages_fetched_ok (pages_checked=1,fetched_ok=0,total_text_chars=0)","no_pages_fetched_ok (pages_checked=1,fetched_ok=0,total_text_chars=0)","no_pages_fetched_ok (pages_checked=1,fetched_ok=0,total_text_chars=0)",City of Ocala Water Quality Laboratory,True,HQ Lab @ City of Ocala Water Quality Laboratory
ENT-000291,1,env_labs_standardized.csv,City of Odessa Laboratory Services,,TNI00141,817 W. 42nd St. – Gate 2,Odessa,Texas,,,env_labs,https://www.odessa-tx.gov/1235/Laboratory-Services,Bob Derrington,,,,,,,"The Laboratory Services Division tests water for the City of Odessa and for other cities, agencies, and businesses, checking both drinking water and wastewater to make sure they are safe and clean. It also requires a contract to be in place before samples can be accepted and is described as a contract environmental laboratory.",no_explicit_gmp,False,found_via_search,extracted,extracted,"checked_pages_not_found (pages_checked=7,fetched_ok=7,total_text_chars=35898)",extracted,"checked_pages_not_found (pages_checked=7,fetched_ok=7,total_text_chars=35898)",extracted,City of Odessa Laboratory Services,True,HQ Lab @ City of Odessa Laboratory Services
ENT-000292,1,env_labs_standardized.csv,"City of Orlando, Environmental Laboratory Services",,TNI00342,601 Iron Bridge Circle,Oviedo,Florida,,,env_labs,https://www.orlando.gov/,,,,,,,,,no_explicit_gmp,False,found_via_search,found_via_fallback_search,"checked_pages_not_found (pages_checked=8,fetched_ok=8,total_text_chars=148815)","checked_pages_not_found (pages_checked=8,fetched_ok=8,total_text_chars=148815)",extracted,"checked_pages_not_found (pages_checked=8,fetched_ok=8,total_text_chars=148815)","checked_pages_not_found (pages_checked=8,fetched_ok=8,total_text_chars=148815)",City of Orlando Environmental Laboratory Services,True,HQ Lab @ City of Orlando Environmental Laboratory Services
ENT-000293,1,env_labs_standardized.csv,City of Ormond Beach WRF Laboratory,,TNI02832,22 South Beach Street,Ormond Beach,Florida,,,env_labs,https://www.ormondbeach.org/,Barbara Prosch,hr@ormondbeach.org,,,,,,"The provided text is for the City of Ormond Beach, including general city services, utilities, emergency services, and reporting/administrative functions, rather than lab testing services.",no_explicit_gmp,False,found_via_search,extracted,found_via_fallback_search,extracted,extracted,"checked_pages_not_found (pages_checked=8,fetched_ok=7,total_text_chars=17748)",extracted,City of Ormond Beach WRF Laboratory,True,HQ Lab @ City of Ormond Beach WRF Laboratory
ENT-000294,1,env_labs_standardized.csv,City of Panama City Area Environmental Laboratory,,TNI00345,,Panama City,Florida,,,env_labs,https://www.panamacity.gov/,Anna Wright,,,,,,,"The provided page content discusses municipal environmental services activities and related city operations, including a water quality advisory referencing tests and water quality results for a beach location.",no_explicit_gmp,False,found_via_search,found_via_fallback_search,found_via_fallback_search,"checked_pages_not_found (pages_checked=8,fetched_ok=8,total_text_chars=51018)",extracted,"checked_pages_not_found (pages_checked=8,fetched_ok=8,total_text_chars=51018)",extracted,City of Panama City Area Environmental Laboratory,True,HQ Lab @ City of Panama City Area Environmental Laboratory
ENT-000295,1,env_labs_standardized.csv,City of Pharr Water Laboratory,,TNI00152,,Pharr,Texas,,,env_labs,https://pharr-tx.gov/,,water@pharr-tx.gov,,,,,,,,,found_via_search,found_via_fallback_search,"no_pages_fetched_ok (pages_checked=1,fetched_ok=0,total_text_chars=0)",found_via_fallback_search,"no_pages_fetched_ok (pages_checked=1,fetched_ok=0,total_text_chars=0)","no_pages_fetched_ok (pages_checked=1,fetched_ok=0,total_text_chars=0)","no_pages_fetched_ok (pages_checked=1,fetched_ok=0,total_text_chars=0)",City of Pharr Water Laboratory,True,HQ Lab @ City of Pharr Water Laboratory
ENT-000296,1,env_labs_standardized.csv,City of Phoenix Water Quality Laboratory,,TNI00207,,Phoenix,Arizona,,,env_labs,https://www.phoenix.gov/,,WSDCompliance@phoenix.gov,,,,,,,no_explicit_gmp,False,found_via_search,"checked_pages_not_found (pages_checked=8,fetched_ok=8,total_text_chars=86931)","checked_pages_not_found (pages_checked=8,fetched_ok=8,total_text_chars=86931)",found_via_fallback_search,extracted,"checked_pages_not_found (pages_checked=8,fetched_ok=8,total_text_chars=86931)","checked_pages_not_found (pages_checked=8,fetched_ok=8,total_text_chars=86931)",City of Phoenix Water Quality Laboratory,True,HQ Lab @ City of Phoenix Water Quality Laboratory
ENT-000297,1,env_labs_standardized.csv,City of Phoenix Water Services Laboratory,,TNI02723,200 W. Washington Street,Phoenix,Arizona,,,env_labs,https://waterworks.phoenix.gov/,Britney Dempster,watersmart@phoenix.gov,,,,,,"Phoenix Water Services provides drinking water, wastewater treatment, and stormwater management to the City of Phoenix and surrounding areas. It also describes water treatment and wastewater treatment operations intended to deliver safe, reliable, high-quality water services.",no_explicit_gmp,False,found_via_search,extracted,found_via_fallback_search,extracted,extracted,"checked_pages_not_found (pages_checked=8,fetched_ok=8,total_text_chars=58880)",extracted,City of Phoenix Water Services Laboratory,True,HQ Lab @ City of Phoenix Water Services Laboratory
ENT-000298,1,env_labs_standardized.csv,City of Plantation Utilities Department Laboratory,,TNI00347,6500 NW 11th Place,Plantation,Florida,,,env_labs,https://www.plantation.org/,Rupert McCormack,rmccormack@plantation.org,,,,,,,,,found_via_search,found_via_fallback_search,found_via_fallback_search,found_via_fallback_search,"no_pages_fetched_ok (pages_checked=1,fetched_ok=0,total_text_chars=0)","no_pages_fetched_ok (pages_checked=1,fetched_ok=0,total_text_chars=0)","no_pages_fetched_ok (pages_checked=1,fetched_ok=0,total_text_chars=0)",City of Plantation Utilities Department Laboratory,True,HQ Lab @ City of Plantation Utilities Department Laboratory
ENT-000299,1,env_labs_standardized.csv,City of Pompano Beach Utilities Laboratory,,TNI00348,100 West Atlantic Blvd.,Pompano Beach,Florida,,,env_labs,https://www.pompanobeachfl.gov/,Enrique Ochoa,Enrique.Ochoa@copbfl.com,,,,,,,no_explicit_gmp,False,found_via_search,extracted,found_via_fallback_search,found_via_fallback_search,extracted,"checked_pages_not_found (pages_checked=5,fetched_ok=5,total_text_chars=28071)","checked_pages_not_found (pages_checked=5,fetched_ok=5,total_text_chars=28071)",City of Pompano Beach Utilities Laboratory,True,HQ Lab @ City of Pompano Beach Utilities Laboratory
ENT-000300,1,env_labs_standardized.csv,City of Port Arthur Water Purification Plant Laboratory,,TNI00121,444 4th Street,Port Arthur,Texas,,,env_labs,https://www.portarthurtx.gov/,,jtomplait@portarthur.net,,,,,,,no_explicit_gmp,False,found_via_search,extracted,"checked_pages_not_found (pages_checked=5,fetched_ok=4,total_text_chars=16345)",found_via_fallback_search,extracted,"checked_pages_not_found (pages_checked=5,fetched_ok=4,total_text_chars=16345)","checked_pages_not_found (pages_checked=5,fetched_ok=4,total_text_chars=16345)",City of Port Arthur Water Purification Plant Laboratory,True,HQ Lab @ City of Port Arthur Water Purification Plant Laboratory
ENT-000301,1,env_labs_standardized.csv,City of Port Orange Central Lab,,TNI00349,541 Ruth Street,Port Orange,Florida,,,env_labs,https://www.port-orange.org/,,,,,,,,The only related capability shown is “Lab Operations” under “Public Utilities.” No specific testing or laboratory services are described in the provided text.,no_explicit_gmp,False,found_via_search,found_via_fallback_search,"checked_pages_not_found (pages_checked=7,fetched_ok=7,total_text_chars=31635)","checked_pages_not_found (pages_checked=7,fetched_ok=7,total_text_chars=31635)",extracted,"checked_pages_not_found (pages_checked=7,fetched_ok=7,total_text_chars=31635)",extracted,City of Port Orange Central Lab,True,HQ Lab @ City of Port Orange Central Lab
ENT-000302,1,env_labs_standardized.csv,City of Port St. Lucie Utility Systems Department,,TNI00350,1001 SE Prineville Street,Port St. Lucie,Florida,,,env_labs,https://www.cityofpsl.com/Government/Your-City-Government/Departments/Utility-Systems,,utility@cityofpsl.com,,,,,,,,,found_via_search,found_via_fallback_search,"no_pages_fetched_ok (pages_checked=1,fetched_ok=0,total_text_chars=0)",found_via_fallback_search,"no_pages_fetched_ok (pages_checked=1,fetched_ok=0,total_text_chars=0)","no_pages_fetched_ok (pages_checked=1,fetched_ok=0,total_text_chars=0)","no_pages_fetched_ok (pages_checked=1,fetched_ok=0,total_text_chars=0)",City of Port St Lucie Utility Systems Department,True,HQ Lab @ City of Port St Lucie Utility Systems Department
ENT-000303,1,env_labs_standardized.csv,City of Portland Water Pollution Control Laboratory,,TNI02276,,Portland,Oregon,,,env_labs,https://www.portland.gov/service-locations/water-pollution-control-laboratory,,environmentalsurvey@portlandoregon.gov,,,,,,,,,found_via_search,found_via_fallback_search,"no_pages_fetched_ok (pages_checked=1,fetched_ok=0,total_text_chars=0)",found_via_fallback_search,"no_pages_fetched_ok (pages_checked=1,fetched_ok=0,total_text_chars=0)","no_pages_fetched_ok (pages_checked=1,fetched_ok=0,total_text_chars=0)","no_pages_fetched_ok (pages_checked=1,fetched_ok=0,total_text_chars=0)",City of Portland Water Pollution Control Laboratory,True,HQ Lab @ City of Portland Water Pollution Control Laboratory
ENT-000304,1,env_labs_standardized.csv,City of Punta Gorda Water Treatment Plant,,TNI00351,326 W. Marion Avenue,Punta Gorda,Florida,,,env_labs,https://www.ci.punta-gorda.fl.us/,,utility@pgorda.us,,,,,,,,,found_via_search,found_via_fallback_search,"no_pages_fetched_ok (pages_checked=1,fetched_ok=0,total_text_chars=0)",found_via_fallback_search,"no_pages_fetched_ok (pages_checked=1,fetched_ok=0,total_text_chars=0)","no_pages_fetched_ok (pages_checked=1,fetched_ok=0,total_text_chars=0)","no_pages_fetched_ok (pages_checked=1,fetched_ok=0,total_text_chars=0)",City of Punta Gorda Water Treatment Plant,True,HQ Lab @ City of Punta Gorda Water Treatment Plant
ENT-000305,1,env_labs_standardized.csv,City of Round Rock Environmental Services Laboratory,,TNI00108,,Round Rock,Texas,,,env_labs,https://www.roundrocktexas.gov/city-departments/utilities-and-environmental-services/environmental-services-laboratory/,,waterlab@roundrocktexas.gov,,,,,,,,,found_via_search,found_via_fallback_search,"no_pages_fetched_ok (pages_checked=1,fetched_ok=0,total_text_chars=0)",found_via_fallback_search,"no_pages_fetched_ok (pages_checked=1,fetched_ok=0,total_text_chars=0)","no_pages_fetched_ok (pages_checked=1,fetched_ok=0,total_text_chars=0)","no_pages_fetched_ok (pages_checked=1,fetched_ok=0,total_text_chars=0)",City of Round Rock Environmental Services Laboratory,True,HQ Lab @ City of Round Rock Environmental Services Laboratory
ENT-000306,1,env_labs_standardized.csv,CITY OF RUTLAND WATER LABORATORY,,TNI01030,,RUTLAND,Vermont,,,env_labs,,,,,,,,,,,,search_found_nothing,found_via_fallback_search,no_website_cannot_check_pages,no_website_cannot_check_pages,no_website_cannot_check_pages,no_website_cannot_check_pages,no_website_cannot_check_pages,CITY OF RUTLAND WATER LABORATORY,True,HQ Lab @ CITY OF RUTLAND WATER LABORATORY
ENT-000307,1,env_labs_standardized.csv,City of San Angelo Water Quality Laboratory,,TNI00114,1324 Metcalfe St.,San Angelo,Texas,,,env_labs,https://www.sanangelo.gov/525/Water-Quality,Elena Velez-Reyes,,,,,,,"Analyzes and evaluates the quality of the source water, treated water and wastewater for compliance with state-mandated water quality standards.",no_explicit_gmp,False,found_via_search,extracted,extracted,"checked_pages_not_found (pages_checked=8,fetched_ok=8,total_text_chars=72617)",extracted,"checked_pages_not_found (pages_checked=8,fetched_ok=8,total_text_chars=72617)",extracted,City of San Angelo Water Quality Laboratory,True,HQ Lab @ City of San Angelo Water Quality Laboratory
ENT-000308,1,env_labs_standardized.csv,City of Sarasota Wastewater Treatment Plant Laboratory,,TNI00352,1850 12th Street,Sarasota,Florida,,,env_labs,,,,,,,,,,,,search_found_nothing,found_via_fallback_search,no_website_cannot_check_pages,no_website_cannot_check_pages,no_website_cannot_check_pages,no_website_cannot_check_pages,no_website_cannot_check_pages,City of Sarasota Wastewater Treatment Plant Laboratory,True,HQ Lab @ City of Sarasota Wastewater Treatment Plant Laboratory
ENT-000309,1,env_labs_standardized.csv,City of Sherman Utilities Laboratory,,TNI00072,288 Post Oak Rd,Sherman,Texas,,,env_labs,https://www.ci.sherman.tx.us/269/Water-Wastewater-Laboratory,"Nicole Moseley, Laboratory Supervisor",nicolem@ci.sherman.tx.us,,,,,,"Provides analytical testing services to in-house water and wastewater operations and regional partners, including local utility authorities, small municipalities and community water systems. The laboratory maintains an accredited lab to meet customer needs and provides accurate and timely analytical data for environmental objectives and regulatory compliance.",no_explicit_gmp,False,found_via_search,extracted,extracted,found_via_fallback_search,extracted,"checked_pages_not_found (pages_checked=7,fetched_ok=6,total_text_chars=23122)",extracted,City of Sherman Utilities Laboratory,True,HQ Lab @ City of Sherman Utilities Laboratory
ENT-000310,1,env_labs_standardized.csv,City of St. Augustine Water Pollution Control Laboratory,,TNI00353,75 King Street,St. Augustine,Florida,,,env_labs,https://www.citystaug.com/,Darlene Galambos,,,,,,,,no_explicit_gmp,False,found_via_search,extracted,extracted,"checked_pages_not_found (pages_checked=8,fetched_ok=7,total_text_chars=77068)",extracted,"checked_pages_not_found (pages_checked=8,fetched_ok=7,total_text_chars=77068)","checked_pages_not_found (pages_checked=8,fetched_ok=7,total_text_chars=77068)",City of St Augustine Water Pollution Control Laboratory,True,HQ Lab @ City of St Augustine Water Pollution Control Laboratory
ENT-000311,1,env_labs_standardized.csv,City of Sunrise Utilities Laboratory,,TNI00354,777 Sawgrass Corporate Parkway,Sunrise,Florida,,,env_labs,https://www.sunrisefl.gov/,,,,,,,,,,,found_via_search,found_via_fallback_search,"no_pages_fetched_ok (pages_checked=1,fetched_ok=0,total_text_chars=0)","no_pages_fetched_ok (pages_checked=1,fetched_ok=0,total_text_chars=0)","no_pages_fetched_ok (pages_checked=1,fetched_ok=0,total_text_chars=0)","no_pages_fetched_ok (pages_checked=1,fetched_ok=0,total_text_chars=0)","no_pages_fetched_ok (pages_checked=1,fetched_ok=0,total_text_chars=0)",City of Sunrise Utilities Laboratory,True,HQ Lab @ City of Sunrise Utilities Laboratory
ENT-000312,1,env_labs_standardized.csv,City of Tallahassee Water Quality Laboratory,,TNI00355,300 S. Adams St.,Tallahassee,Florida,,,env_labs,https://www.talgov.com/,,mayor@talgov.com,,,,,,,no_explicit_gmp,False,found_via_search,extracted,"checked_pages_not_found (pages_checked=8,fetched_ok=7,total_text_chars=33491)",extracted,extracted,"checked_pages_not_found (pages_checked=8,fetched_ok=7,total_text_chars=33491)","checked_pages_not_found (pages_checked=8,fetched_ok=7,total_text_chars=33491)",City of Tallahassee Water Quality Laboratory,True,HQ Lab @ City of Tallahassee Water Quality Laboratory
ENT-000313,1,env_labs_standardized.csv,City of Tampa Water Quality Laboratory,,TNI00357,,Tampa,Florida,,,env_labs,https://www.tampa.gov/water/water-quality,,,,,,,,Performs water quality testing by analyzing water samples gathered throughout its service area to ensure drinking water meets “all state and federal drinking water requirements.” Also describes a 24/7 water treatment process and annual production/identification in water quality reports.,no_explicit_gmp,False,found_via_search,extracted,extracted,extracted,extracted,"checked_pages_not_found (pages_checked=8,fetched_ok=8,total_text_chars=70023)",extracted,City of Tampa Water Quality Laboratory,True,HQ Lab @ City of Tampa Water Quality Laboratory
ENT-000314,1,env_labs_standardized.csv,City of Tavares Wastewater Utilities Laboratory,,TNI00358,201 E. Main St.,Tavares,Florida,,,env_labs,https://www.tavaresfl.gov/,"Susie Novack, MMC/FCRM",,,,,,,"The provided text describes city government departments and directory/contact listings, but it does not state any wastewater laboratory testing or analytical services for a 'City of Tavares Wastewater Utilities Laboratory'.",no_explicit_gmp,False,found_via_search,extracted,extracted,"checked_pages_not_found (pages_checked=7,fetched_ok=6,total_text_chars=31116)",extracted,"checked_pages_not_found (pages_checked=7,fetched_ok=6,total_text_chars=31116)",extracted,City of Tavares Wastewater Utilities Laboratory,True,HQ Lab @ City of Tavares Wastewater Utilities Laboratory
ENT-000315,1,env_labs_standardized.csv,City of Texarkana Water Utilities Laboratory,,TNI00123,801 Wood Street,Texarkana,Texas,,,env_labs,https://twu.txkusa.org/,,skipper@txkusa.org,,,,,,,,,found_via_search,found_via_fallback_search,"no_pages_fetched_ok (pages_checked=1,fetched_ok=0,total_text_chars=0)",found_via_fallback_search,"no_pages_fetched_ok (pages_checked=1,fetched_ok=0,total_text_chars=0)","no_pages_fetched_ok (pages_checked=1,fetched_ok=0,total_text_chars=0)","no_pages_fetched_ok (pages_checked=1,fetched_ok=0,total_text_chars=0)",City of Texarkana Water Utilities Laboratory,True,HQ Lab @ City of Texarkana Water Utilities Laboratory
ENT-000316,1,env_labs_standardized.csv,City of The Dalles Water Quality Lab,,TNI00208,6780 Reservoir Road,The Dalles,Oregon,,,env_labs,http://www.thedalles.gov/,,dramos@ci.the-dalles.or.us,,,,,,"The City lists a ""Water Quality Laboratory"" with hours of operation, under the ""Public Works Department"". The text also references items like an ""Annual Water Quality Report"" and a ""Seasonal Water Supply Monitoring Update"".",no_explicit_gmp,False,found_via_search,extracted,"checked_pages_not_found (pages_checked=8,fetched_ok=7,total_text_chars=48899)",found_via_fallback_search,extracted,"checked_pages_not_found (pages_checked=8,fetched_ok=7,total_text_chars=48899)",extracted,City of The Dalles Water Quality Lab,True,HQ Lab @ City of The Dalles Water Quality Lab
ENT-000317,1,env_labs_standardized.csv,City of Titusville - Laboratory Services,,TNI00359,555 S Washington Avenue,Titusville,Florida,,,env_labs,https://titusville.com/,"Lily Galleo, M.B.A, M.N.R",Lily.galleo@titusville.co m,,,,,,"Provides “Laboratory Services” as part of the city’s “Water & Sewer Field Operations”/Public Works area, listed in the City directory.",no_explicit_gmp,False,found_via_search,extracted,extracted,extracted,extracted,"checked_pages_not_found (pages_checked=8,fetched_ok=7,total_text_chars=47228)",extracted,City of Titusville Laboratory Services,True,HQ Lab @ City of Titusville Laboratory Services
ENT-000318,1,env_labs_standardized.csv,City of Waco Regional Water Quality Laboratory,,TNI00170,5701 Lakeshore Drive,Waco,Texas,,,env_labs,https://www.waco-texas.com/,Stephen Junot,,,,,,,,,,found_via_search,found_via_fallback_search,found_via_fallback_search,"no_pages_fetched_ok (pages_checked=1,fetched_ok=0,total_text_chars=0)","no_pages_fetched_ok (pages_checked=1,fetched_ok=0,total_text_chars=0)","no_pages_fetched_ok (pages_checked=1,fetched_ok=0,total_text_chars=0)","no_pages_fetched_ok (pages_checked=1,fetched_ok=0,total_text_chars=0)",City of Waco Regional Water Quality Laboratory,True,HQ Lab @ City of Waco Regional Water Quality Laboratory
ENT-000319,1,env_labs_standardized.csv,City of West Palm Beach East Central Wastewater Plant,,TNI00361,4375 Easley Drive,West Palm Beach,Florida,,,env_labs,https://www.wpb.org/,,,,,,,,,,,found_via_search,found_via_fallback_search,"no_pages_fetched_ok (pages_checked=1,fetched_ok=0,total_text_chars=0)","no_pages_fetched_ok (pages_checked=1,fetched_ok=0,total_text_chars=0)","no_pages_fetched_ok (pages_checked=1,fetched_ok=0,total_text_chars=0)","no_pages_fetched_ok (pages_checked=1,fetched_ok=0,total_text_chars=0)","no_pages_fetched_ok (pages_checked=1,fetched_ok=0,total_text_chars=0)",City of West Palm Beach East Central Wastewater Plant,True,HQ Lab @ City of West Palm Beach East Central Wastewater Plant
ENT-000320,1,env_labs_standardized.csv,City of West Palm Beach Public Utilities Water Laboratory,,TNI00362,401 Clematis Street,West Palm Beach,Florida,,,env_labs,https://www.wpb.org/,,,,,,,,,,,found_via_search,found_via_fallback_search,"no_pages_fetched_ok (pages_checked=1,fetched_ok=0,total_text_chars=0)","no_pages_fetched_ok (pages_checked=1,fetched_ok=0,total_text_chars=0)","no_pages_fetched_ok (pages_checked=1,fetched_ok=0,total_text_chars=0)","no_pages_fetched_ok (pages_checked=1,fetched_ok=0,total_text_chars=0)","no_pages_fetched_ok (pages_checked=1,fetched_ok=0,total_text_chars=0)",City of West Palm Beach Public Utilities Water Laboratory,True,HQ Lab @ City of West Palm Beach Public Utilities Water Laboratory
ENT-000321,1,env_labs_standardized.csv,City of Wichita Falls Cypress Environmental Laboratory,,TNI00158,1300 7th Street,Wichita Falls,Texas,,,env_labs,https://www.wichitafallstx.gov/377/Laboratory,"J Hunter Adams, M.S.",hunter.adams@wichitafallstx.gov,,,,,,"Provides clinical and environmental testing supporting the Wichita Falls-Wichita County Public Health District, including STI Clinic, DIS, HIV Program, and Environmental Health Division aquatic facility water samples. Services include clinical laboratory testing of blood, serum, urine, and other body fluids, and analysis of food, water, and soft serve ice cream samples.",no_explicit_gmp,False,found_via_search,extracted,found_via_fallback_search,found_via_fallback_search,extracted,"checked_pages_not_found (pages_checked=8,fetched_ok=8,total_text_chars=50932)",extracted,City of Wichita Falls Cypress Environmental Laboratory,True,HQ Lab @ City of Wichita Falls Cypress Environmental Laboratory
ENT-000322,1,env_labs_standardized.csv,City of Winter Park Central Utilities Laboratory,,TNI00364,,Winter Park,Florida,,,env_labs,https://cityofwinterpark.org/,,,,,,,,,,,found_via_search,"no_pages_fetched_ok (pages_checked=1,fetched_ok=0,total_text_chars=0)","no_pages_fetched_ok (pages_checked=1,fetched_ok=0,total_text_chars=0)","no_pages_fetched_ok (pages_checked=1,fetched_ok=0,total_text_chars=0)","no_pages_fetched_ok (pages_checked=1,fetched_ok=0,total_text_chars=0)","no_pages_fetched_ok (pages_checked=1,fetched_ok=0,total_text_chars=0)","no_pages_fetched_ok (pages_checked=1,fetched_ok=0,total_text_chars=0)",City of Winter Park Central Utilities Laboratory,True,HQ Lab @ City of Winter Park Central Utilities Laboratory
ENT-000323,1,env_labs_standardized.csv,City of Woodburn,,TNI02229,270 Montgomery Street,Woodburn,Oregon,,,env_labs,https://woodburn-or.gov/,Frank Lonergan,frank.lonergan@ci.woodburn.or.us,,,,,,"The City of Woodburn provides municipal services such as street maintenance, transit, building division/permits, planning, drinking water and water system development/operations (including lead pipe reporting, leak detection, and backflow prevention), and water quality reports.",no_explicit_gmp,False,found_via_search,extracted,extracted,extracted,extracted,"checked_pages_not_found (pages_checked=4,fetched_ok=4,total_text_chars=18706)",extracted,City of,False,Woodburn Lab @ City of
ENT-000324,1,env_labs_standardized.csv,"CITY OF YONKERS, BUREAU OF WATER'S LABORATORY",,TNI01463,40 South Broadway,YONKERS,New York,,,env_labs,https://www.yonkersny.gov/912/Water-Bureau,Assistant Water Superintendent,,,,,,,"Performs daily testing of drinking water to ensure compliance with USEPA and the NYS Department of Health requirements, including Federal and State compliance monitoring. Also responds to consumer complaints regarding water quality, provides routine water testing services upon request to residents of Yonkers, and provides daily compliance monitoring testing for neighboring client water systems.",no_explicit_gmp,False,found_via_search,extracted,extracted,"checked_pages_not_found (pages_checked=5,fetched_ok=4,total_text_chars=63969)",extracted,"checked_pages_not_found (pages_checked=5,fetched_ok=4,total_text_chars=63969)",extracted,CITY OF YONKERS BUREAU OF WATERS LABORATORY,True,HQ Lab @ CITY OF YONKERS BUREAU OF WATERS LABORATORY
ENT-000325,1,env_labs_standardized.csv,Clackamas River Water Drinking Water Quality Laboratory,,TNI00210,16770 SE 82nd Dr.,Clackamas,Oregon,,,env_labs,https://www.clackamasriverwater.gov/,,crw@crwater.com,,,,,,"Provides clean, safe drinking water and maintains a “vigorous monitoring program” for water quality. It operates a water treatment plant and maintains a distribution system consisting of pipeline, reservoirs, and pump stations.",no_explicit_gmp,False,found_via_search,extracted,"checked_pages_not_found (pages_checked=8,fetched_ok=8,total_text_chars=20982)",extracted,extracted,"checked_pages_not_found (pages_checked=8,fetched_ok=8,total_text_chars=20982)",extracted,Clackamas River Water Drinking Water Quality Laboratory,True,HQ Lab @ Clackamas River Water Drinking Water Quality Laboratory
ENT-000326,1,env_labs_standardized.csv,Clackamas Water Environment Services-Water Quality Laboratory,,TNI00209,,Oregon City,Oregon,,,env_labs,https://www.clackamas.us/wes/lab,,,,,,,,"The text indicates a WES Water Quality Laboratory for receiving test containers/requested information, with routine and non-routine tests and data reporting. It also includes customer feedback about lab staffing, responding to technical questions, turnaround times, and test result/report clarity.",no_explicit_gmp,False,found_via_search,found_via_fallback_search,"checked_pages_not_found (pages_checked=7,fetched_ok=7,total_text_chars=20959)","checked_pages_not_found (pages_checked=7,fetched_ok=7,total_text_chars=20959)",extracted,"checked_pages_not_found (pages_checked=7,fetched_ok=7,total_text_chars=20959)",extracted,Clackamas Water Environment Services Water Quality Laboratory,True,HQ Lab @ Clackamas Water Environment Services Water Quality Laboratory
ENT-000327,1,env_labs_standardized.csv,Clay County Utility Authority Environmental Laboratory,,TNI02953,3176 Old Jennings Road,Middleburg,Florida,,,env_labs,https://www.clayutility.org/,,envcomp@clayutility.org,,,,,,"Provides ""safe, reliable drinking water, wastewater, and reclaimed water services"" to the community. Listed services include ""Start, Stop, or Move Service,"" ""Billing and Payment,"" ""Irrigation Information,"" ""Meter Retrofit Program,"" and ""Development Services"" such as ""design standards & specifications"" and ""procurement.""",no_explicit_gmp,False,found_via_search,extracted,"checked_pages_not_found (pages_checked=8,fetched_ok=8,total_text_chars=62356)",found_via_fallback_search,extracted,"checked_pages_not_found (pages_checked=8,fetched_ok=8,total_text_chars=62356)",extracted,Clay County Utility Authority Environmental Laboratory,True,HQ Lab @ Clay County Utility Authority Environmental Laboratory
ENT-000328,1,env_labs_standardized.csv,"Clean Air Engineering, Inc.",,TNI00173,500 W Wood St,Palatine,Illinois,,,env_labs,https://www.cleanair.com/,John Connell,jconnell@cleanair.com,,,,,,,,,found_via_search,found_via_fallback_search,found_via_fallback_search,found_via_fallback_search,"no_pages_fetched_ok (pages_checked=1,fetched_ok=0,total_text_chars=0)","no_pages_fetched_ok (pages_checked=1,fetched_ok=0,total_text_chars=0)","no_pages_fetched_ok (pages_checked=1,fetched_ok=0,total_text_chars=0)",Clean Air Engineering,True,HQ Lab @ Clean Air Engineering
ENT-000329,1,env_labs_standardized.csv,"Clean Harbors Aragonite, LLC",,TNI01971,11600 North Aptus Road,Dugway,Utah,,,env_labs,https://www.cleanharbors.com/location/aragonite-incineration-facility,Kenneth Banks,banks.kenneth@cleanharbors.com,,,,,,"Waste Disposal Services including Incineration Facilities. The facility is permitted to accept nearly all waste codes (including PCB waste) and has ample on-site storage capacity for acceptance of large volumes before treatment, with an on-site lab for approval and efficient shipment processing.",no_explicit_gmp,True,found_via_search,extracted,found_via_fallback_search,found_via_fallback_search,extracted,extracted,extracted,Clean Harbors Aragonite,True,HQ Lab @ Clean Harbors Aragonite
ENT-000330,1,env_labs_standardized.csv,CLEAN HARBORS EAST CORPORATE LABORATORY,,TNI02789,,BALTIMORE,Maryland,,,env_labs,https://healthcare.cleanharbors.com/,,romeoe@cleanharbors.com,,,,,,"Clean Harbors provides healthcare waste disposal and related waste management services, including biohazardous waste, sharps management (on-site pickup, disposal, and container replacement), pathological waste, pharmaceutical waste, hazardous waste management, laboratory chemical packing, and compliance services. The site also describes managing hazardous and regulated waste streams from collection and packing to recycling or disposal.",no_explicit_gmp,True,found_via_search,found_via_fallback_search,"checked_pages_not_found (pages_checked=8,fetched_ok=8,total_text_chars=24565)",found_via_fallback_search,extracted,extracted,extracted,CLEAN HARBORS EAST CORPORATE LABORATORY,True,HQ Lab @ CLEAN HARBORS EAST CORPORATE LABORATORY
ENT-000331,1,env_labs_standardized.csv,"Clean Harbors Environmental Services, Inc.",,TNI01972,2247 South Hwy 71,Kimball,Nebraska,,,env_labs,https://www.cleanharbors.com/,Alyssa King,king.alyssa@cleanharbors.com,,,,,,"Clean Harbors provides environmental and industrial services including ""Technical Services,"" ""Waste Disposal Services,"" ""Recycling Services,"" ""Chemical Packing,"" ""Household Hazardous Waste Services,"" ""Healthcare Services,"" and ""Chemical Distribution and Product Sales"" along with ""Emergency Response Field Services"" and other industrial services.",no_explicit_gmp,True,found_via_search,found_via_fallback_search,found_via_fallback_search,found_via_fallback_search,extracted,extracted,extracted,Clean Harbors Environmental Services,True,HQ Lab @ Clean Harbors Environmental Services
ENT-000332,1,env_labs_standardized.csv,"Clean Harbors Grassy Mountain, LLC",,TNI01973,,Clive,Utah,,,env_labs,https://www.cleanharbors.com/,Shane Whitney,whitney.shane@cleanharbors.com,,,,,,"Provides environmental and industrial services including “Technical Services,” “Waste Disposal Services,” “Recycling Services,” “Chemical Packing,” “Household Hazardous Waste Services,” and “Chemical Distribution and Product Sales.” Also offers industrial and field services, emergency response, and remediation/environmental construction services.",no_explicit_gmp,True,found_via_search,"checked_pages_not_found (pages_checked=8,fetched_ok=8,total_text_chars=180976)",found_via_fallback_search,found_via_fallback_search,extracted,extracted,extracted,Clean Harbors Grassy Mountain,True,HQ Lab @ Clean Harbors Grassy Mountain
ENT-000333,1,env_labs_standardized.csv,Cloquet Water Laboratory c/o Cloquet City Hall,,TNI01155,,Duluth,Minnesota,,,env_labs,https://www.cloquetmn.gov/,,,,,,,,,,,found_via_search,found_via_fallback_search,"no_pages_fetched_ok (pages_checked=1,fetched_ok=0,total_text_chars=0)","no_pages_fetched_ok (pages_checked=1,fetched_ok=0,total_text_chars=0)","no_pages_fetched_ok (pages_checked=1,fetched_ok=0,total_text_chars=0)","no_pages_fetched_ok (pages_checked=1,fetched_ok=0,total_text_chars=0)","no_pages_fetched_ok (pages_checked=1,fetched_ok=0,total_text_chars=0)",Cloquet Water Laboratory co Cloquet City Hall,True,HQ Lab @ Cloquet Water Laboratory co Cloquet City Hall
ENT-000334,1,env_labs_standardized.csv,"CNS, LLC Y-12 Analytical Chemistry Organization Laboratory",,TNI01960,113C Union Valley Road,Oak Ridge,Tennessee,,,env_labs,https://www.cns-llc.us/,Kathryn King,kathryn.king@y12nsc.doe.gov,,,,,,Operates the Y-12 National Security Complex in support of the National Nuclear Security Administration.,no_explicit_gmp,False,found_via_search,found_via_fallback_search,extracted,extracted,extracted,"checked_pages_not_found (pages_checked=7,fetched_ok=7,total_text_chars=21322)",extracted,CNS,True,HQ Lab @ CNS
ENT-000335,1,env_labs_standardized.csv,"Coastal Bioanalysts, Inc.",,TNI01257,6400 Enterprise Court,Gloucester,Virginia,,,env_labs,https://www.coastalbio.com/,"Lyndsay Thomas, Technical Director",Lyndsay@coastalbio.com,,,,,,"Provides consulting and testing services in support of product registration, NPDES permits, water quality standards, toxicity source evaluations, and site assessments, including assistance with determining clients' regulatory testing requirements. Conducts acute and chronic toxicity tests in static, static-renewal, or flow-through exposure systems and offers whole effluent toxicity testing, toxicity source and identity, product toxicity testing, sediment testing, water quality standards, drinking water, and bacteriology testing.",no_explicit_gmp,True,found_via_search,extracted,extracted,extracted,extracted,extracted,extracted,Coastal Bioanalysts,True,HQ Lab @ Coastal Bioanalysts
ENT-000336,1,env_labs_standardized.csv,Collier County Pollution Control and Prevention Department Laboratory,,TNI00366,,Naples,Florida,,,env_labs,https://www.collier.gov/County-Development/Transportation-Management/Pollution-Control/Laboratory-Services,,pollution_control@collier.gov,,,,,,,,,found_via_search,"no_pages_fetched_ok (pages_checked=1,fetched_ok=0,total_text_chars=0)","no_pages_fetched_ok (pages_checked=1,fetched_ok=0,total_text_chars=0)",found_via_fallback_search,"no_pages_fetched_ok (pages_checked=1,fetched_ok=0,total_text_chars=0)","no_pages_fetched_ok (pages_checked=1,fetched_ok=0,total_text_chars=0)","no_pages_fetched_ok (pages_checked=1,fetched_ok=0,total_text_chars=0)",Collier County Pollution Control and Prevention Department Laboratory,True,HQ Lab @ Collier County Pollution Control and Prevention Department Laboratory
ENT-000337,1,env_labs_standardized.csv,Collier County Regional Water Plant Laboratory,,TNI00367,,Naples,Florida,,,env_labs,https://www.colliercountywatersewerdistrict.org/,,,,,,,,,,,found_via_search,found_via_fallback_search,"no_pages_fetched_ok (pages_checked=1,fetched_ok=0,total_text_chars=0)","no_pages_fetched_ok (pages_checked=1,fetched_ok=0,total_text_chars=0)","no_pages_fetched_ok (pages_checked=1,fetched_ok=0,total_text_chars=0)","no_pages_fetched_ok (pages_checked=1,fetched_ok=0,total_text_chars=0)","no_pages_fetched_ok (pages_checked=1,fetched_ok=0,total_text_chars=0)",Collier County Regional Water Plant Laboratory,True,HQ Lab @ Collier County Regional Water Plant Laboratory
ENT-000338,1,env_labs_standardized.csv,Collier County Water Reclamation Laboratory,,TNI00368,,Naples,Florida,,,env_labs,,,,,,,,,,,,search_found_nothing,found_via_fallback_search,no_website_cannot_check_pages,no_website_cannot_check_pages,no_website_cannot_check_pages,no_website_cannot_check_pages,no_website_cannot_check_pages,Collier County Water Reclamation Laboratory,True,HQ Lab @ Collier County Water Reclamation Laboratory
ENT-000339,1,env_labs_standardized.csv,Columbia Laboratories - Portland,,TNI02840,,Portland,Oregon,,,env_labs,https://www.columbialaboratories.com/,,info.cfl@tentamus.com,,,,,,"Provides lab analysis/testing for consumer products and across industries including Nutrition, Pesticides & Residues, Microbiology, Metals & Minerals, and Water Quality (drinking, storm, and wastewater). Offers services including Global MRL Reports and MRL Consultation Services for pesticide compliance based on test results and selected countries.",no_explicit_gmp,True,found_via_search,extracted,"checked_pages_not_found (pages_checked=5,fetched_ok=5,total_text_chars=26224)",extracted,extracted,extracted,extracted,Columbia Laboratories,False,Portland Lab @ Columbia Laboratories
ENT-000340,1,env_labs_standardized.csv,Columbia Laboratories Inc.,,TNI00227,,Portland,Oregon,,,env_labs,https://www.columbialaboratories.com/,,info.cfl@tentamus.com,,,,,,"Provides full-service analytical testing and “quality and contaminants testing” for consumer products and multiple industries. Specific capabilities described include amino acid profiling (ISO/IEC 17025:2017 accredited), nutrition, pesticide & residues, microbiology, metals & minerals, and water quality testing (e.g., drinking, storm, and wastewater; ORELAP accredited methods).",no_explicit_gmp,True,found_via_search,extracted,"checked_pages_not_found (pages_checked=5,fetched_ok=5,total_text_chars=26224)",extracted,extracted,extracted,extracted,Columbia Laboratories,False,Portland Lab @ Columbia Laboratories
ENT-000341,1,env_labs_standardized.csv,"COMMUNITY SCIENCE INSTITUTE, INC.",,TNI01779,"95 Brown Road, Room 283",ITHACA,New York,,,env_labs,https://communityscience.org/,"Grascen Shidemantle, Executive Director",info@communityscience.org,,,,,,"Provides fee-for-service water testing and scientifically rigorous analysis for a wide range of contaminants for both potable and non-potable water. It operates a state-certified testing lab and tests stream and lake samples for over a dozen parameters of water quality, including pathogenic bacteria, nutrients, and sediment.",no_explicit_gmp,True,found_via_search,extracted,extracted,extracted,extracted,extracted,extracted,COMMUNITY SCIENCE INSTITUTE,True,HQ Lab @ COMMUNITY SCIENCE INSTITUTE
ENT-000342,1,env_labs_standardized.csv,Compass Minerals,,TNI01919,9900 W. 109TH ST. SUITE 100,Lyons,Kansas,,,env_labs,https://www.compassminerals.com/,,MediaRelations@compassminerals.com,,,,,,"Compass Minerals produces rock salt from underground mines (drill-and-blast and continuous mining), produces salt, sulfate of potash (SOP) and magnesium chloride via solar evaporation, and produces high-purity crystallized salt via mechanical evaporation. It also packages water conditioning and deicing products for retail and professional markets and distributes them to customers.",no_explicit_gmp,True,found_via_search,extracted,"checked_pages_not_found (pages_checked=5,fetched_ok=5,total_text_chars=20540)",extracted,extracted,extracted,extracted,Compass Minerals,True,HQ Lab @ Compass Minerals
ENT-000343,1,env_labs_standardized.csv,COMPLETE ENVIRONMENTAL TESTING INC,,TNI00373,80 Lupes Dr,STRATFORD,Connecticut,,,env_labs,https://www.cetlabs.com/,President David Ditta,DDitta1@cetlabs.com,,,,,,"CET offers a full service environmental testing laboratory providing analytical services for Organic, Inorganic, and Bacteriological analyses of environmental samples, including drinking water, groundwater, wastewater, surface water, soil, sludge, oil, and stormwater. The site also lists services such as electronic data transmittal, sample bottle requests, courier service, price quotes, and chain of custody.",no_explicit_gmp,True,found_via_search,extracted,extracted,extracted,extracted,extracted,extracted,COMPLETE ENVIRONMENTAL TESTING,True,HQ Lab @ COMPLETE ENVIRONMENTAL TESTING
ENT-000344,1,env_labs_standardized.csv,CON ED CO OF NY - EH&S CHEMLAB,,TNI01528,4 Irving Place RM 1875,LONG ISLAND CITY,New York,,,env_labs,https://www.coned.com/,Att. Law Department,dagostinom@coned.com,,,,,,"Con Edison provides utility services and support for energy (electric, gas, and steam), including steam safety guidance, steam service account/payment support, and telecom application management (e.g., conduit and distribution facilities, engineering training, application processing, and related construction/inspection services).",no_explicit_gmp,False,found_via_search,extracted,extracted,found_via_fallback_search,extracted,"checked_pages_not_found (pages_checked=8,fetched_ok=8,total_text_chars=40755)",extracted,CON ED CO OF NY EHS CHEMLAB,True,HQ Lab @ CON ED CO OF NY EHS CHEMLAB
ENT-000345,1,env_labs_standardized.csv,CONCORD WATER TREATMENT PLANT LABORATORY,,TNI01033,,CONCORD,New Hampshire,,,env_labs,https://www.concordnh.gov/,Marco Philippon,,,,,,,The text describes municipal Public Works services including water treatment and distribution and wastewater treatment and sewer services.,no_explicit_gmp,False,found_via_search,found_via_fallback_search,found_via_fallback_search,"checked_pages_not_found (pages_checked=8,fetched_ok=8,total_text_chars=39442)",extracted,"checked_pages_not_found (pages_checked=8,fetched_ok=8,total_text_chars=39442)",extracted,CONCORD WATER TREATMENT PLANT LABORATORY,True,HQ Lab @ CONCORD WATER TREATMENT PLANT LABORATORY
ENT-000346,1,env_labs_standardized.csv,CONSOLIDATED LABORATORIES,,TNI01475,,OSWEGO,New York,,,env_labs,,,,,,,,,,,,search_found_nothing,no_website_fallback_search_failed,no_website_cannot_check_pages,no_website_cannot_check_pages,no_website_cannot_check_pages,no_website_cannot_check_pages,no_website_cannot_check_pages,CONSOLIDATED LABORATORIES,True,HQ Lab @ CONSOLIDATED LABORATORIES
ENT-000347,1,env_labs_standardized.csv,Continental Water Laboratory,,TNI01214,,Sacramento,California,,,env_labs,,,,,,,,,,,,search_found_nothing,found_via_fallback_search,no_website_cannot_check_pages,no_website_cannot_check_pages,no_website_cannot_check_pages,no_website_cannot_check_pages,no_website_cannot_check_pages,Continental Water Laboratory,True,HQ Lab @ Continental Water Laboratory
ENT-000348,1,env_labs_standardized.csv,CONVERSE LABORATORIES INC,,TNI01594,"800 Starbuck Ave, Suite B101",WATERTOWN,New York,,,env_labs,https://www.converselabs.com/,David J. Converse,customerservice3@converselabs.com,,,,,,"Analyzes drinking water, non-potable water, and provides environmental services for homes and commercial properties. Also provides dairy proficiency test program participation for CLI.",no_explicit_gmp,True,found_via_search,extracted,found_via_fallback_search,extracted,extracted,extracted,extracted,CONVERSE LABORATORIES,True,HQ Lab @ CONVERSE LABORATORIES
ENT-000349,1,env_labs_standardized.csv,Coos Bay-North Bend Water Board,,TNI00212,2305 Ocean Boulevard,Coos Bay,Oregon,,,env_labs,https://cbnbh2o.com/,"J. Gregory Solarz, Secretary",customer_service@cbnbh2o.com,,,,,,"Provides water testing and water treatment services for public water systems, including management of the ""Pony Creek Water Treatment Plant"" and the ""North Spit Water Treatment Plant."" Also lists customer services for starting/stopping water service for residential and commercial accounts (application, turn on fee, deposits/letter of credit, cross connection inspection may be required).",no_explicit_gmp,False,found_via_search,extracted,extracted,found_via_fallback_search,extracted,"checked_pages_not_found (pages_checked=8,fetched_ok=8,total_text_chars=35329)",extracted,Coos Bay North Bend Water Board,True,HQ Lab @ Coos Bay North Bend Water Board
ENT-000350,1,env_labs_standardized.csv,"Core Laboratories, LP",,TNI02258,201 Deerwood Glen Dr,Deer Park,Texas,,,env_labs,https://www.corelab.com/,,saybolt.deerparklab@corelab.com,,,,,,,,,found_via_search,found_via_fallback_search,"no_pages_fetched_ok (pages_checked=1,fetched_ok=0,total_text_chars=0)",found_via_fallback_search,"no_pages_fetched_ok (pages_checked=1,fetched_ok=0,total_text_chars=0)","no_pages_fetched_ok (pages_checked=1,fetched_ok=0,total_text_chars=0)","no_pages_fetched_ok (pages_checked=1,fetched_ok=0,total_text_chars=0)",Core Laboratories,True,HQ Lab @ Core Laboratories
ENT-000351,1,env_labs_standardized.csv,Cornwell Engineering Group Laboratory,,TNI01753,712 Gum Rock Ct,Newport News,Virginia,,,env_labs,https://www.cornwellinc.com/,Dr. David A. Cornwell,info@cornwellinc.com,,,,,,"Provides water treatment engineering services including treatability studies, planning/design, construction administration, and start-up services. Operates a laboratory conducting inorganic and organic analyses for water and wastewater samples, and offers lead and copper-related laboratory testing and laboratory design/construction administration for analytical and research laboratories.",no_explicit_gmp,True,found_via_search,extracted,extracted,extracted,extracted,extracted,extracted,Cornwell Engineering Group Laboratory,True,HQ Lab @ Cornwell Engineering Group Laboratory
ENT-000352,1,env_labs_standardized.csv,Corpus Christi - Nueces County Public Health District Laboratory,,TNI00117,,Corpus Christi,Texas,,,env_labs,https://www.corpuschristitx.gov/,"Dr. Anita K. Kurian, MBBS, MPH, DrPH",YourPublicHealth@CorpusChristiTX.gov,,,,,,,no_explicit_gmp,False,found_via_search,found_via_fallback_search,found_via_fallback_search,found_via_fallback_search,extracted,"checked_pages_not_found (pages_checked=8,fetched_ok=7,total_text_chars=153858)","checked_pages_not_found (pages_checked=8,fetched_ok=7,total_text_chars=153858)",Corpus Christi Nueces County Public Health District Laboratory,True,HQ Lab @ Corpus Christi Nueces County Public Health District Laboratory
ENT-000353,1,env_labs_standardized.csv,"Cove Environmental, LLC.",,TNI02371,3400 West Lakeview Rd,Stillwater,Oklahoma,,,env_labs,https://covesciences.com/,"JUSTIN SCOTT, PhD",info@covesciences.com,,,,,,"Provides Aquatic Toxicity Laboratory services including Whole Effluent Toxicity (WET) testing and Toxicity Identification and Reduction Evaluation (TIE/TRE) studies, as well as wastewater treatability, bioaccumulation studies, and order test specimens. Offers additional analytical and consulting services such as toxicity & chemical analysis, microbial analysis, bench scale & jar testing, permit reviews, and consulting/auditing support.",no_explicit_gmp,True,found_via_search,extracted,extracted,extracted,extracted,extracted,extracted,Cove Environmental,True,HQ Lab @ Cove Environmental
ENT-000354,1,env_labs_standardized.csv,"Crisp Analytical Labs, LLC",,TNI02238,"1929 Old Denton Rd., Carrollton, Tx 75006; 12232 Industriplex Blvd, Suite 32, Baton Rouge, La 70809",Carrollton,Texas,,,env_labs,https://www.calabsinc.com/,Leslie Crisp,calabsdallas@calabsinc.com; calabsbr@calabsinc.com,,,,,,"CA Labs provides environmental analytical testing services including asbestos analysis and detection in bulk construction materials as well as air, dust and water samples. It also offers lead analysis and microbiology services including mold analysis (non-viable and viable) and other indoor air quality parameters such as dust characterization, allergens, and bacteria characterization.",no_explicit_gmp,True,found_via_search,extracted,found_via_fallback_search,extracted,extracted,extracted,extracted,Crisp Analytical Labs,True,HQ Lab @ Crisp Analytical Labs
ENT-000355,1,env_labs_standardized.csv,"CS Laboratories, Inc.",,TNI02471,,Tigard,Oregon,,,env_labs,https://www.cslaboratories.com/,Stephanie Sparkman,ssparkman@cslaboratories.com,,,,,,,,,found_via_search,found_via_fallback_search,found_via_fallback_search,found_via_fallback_search,"no_pages_fetched_ok (pages_checked=1,fetched_ok=0,total_text_chars=0)","no_pages_fetched_ok (pages_checked=1,fetched_ok=0,total_text_chars=0)","no_pages_fetched_ok (pages_checked=1,fetched_ok=0,total_text_chars=0)",CS Laboratories,True,HQ Lab @ CS Laboratories
ENT-000356,1,env_labs_standardized.csv,"CSRA Analytical Laboratories, Inc.",,TNI00375,"1005 Emmett Street, Ste. D",Augusta,Georgia,,,env_labs,https://www.csralabs.com/,,csralabs@bellsouth.net,,,,,,"CSRA Analytical Laboratories provides full environmental analytical testing services for drinking water, groundwater, surface water, wastewater, stormwater, hazardous waste, and soil. Services include sampling and testing to meet drinking water and regulatory/permit requirements (e.g., Industrial Pretreatment Programs, NPDES permits, and Septic Tank Monitoring).",no_explicit_gmp,True,found_via_search,extracted,"checked_pages_not_found (pages_checked=5,fetched_ok=5,total_text_chars=8078)",extracted,extracted,extracted,extracted,CSRA Analytical Laboratories,True,HQ Lab @ CSRA Analytical Laboratories
ENT-000357,1,env_labs_standardized.csv,CT Laboratories LLC,,TNI02181,1230 Lange Court,Baraboo,Wisconsin,,,env_labs,https://www.ctlaboratories.com/,Rebecca Duranceau,QA@ctlaboratories.com,,,,,,"CT Laboratories provides a wide variety of environmental laboratory analyses across many matrix types (e.g., clean drinking water, leachate, soil, sediments, concrete cores, oil, and paint chips). Services include organics analyses, metals analysis, general chemistry, biological testing, physical and geotechnical specialty testing, and private well testing.",no_explicit_gmp,True,found_via_search,extracted,extracted,extracted,extracted,extracted,extracted,CT Laboratories,True,HQ Lab @ CT Laboratories
ENT-000358,1,env_labs_standardized.csv,Culligan Analytical Laboratory,,TNI02028,9399 W Higgins Road Suite 1100,Rosemont,Illinois,,,env_labs,https://www.culligan.com/commercial/water-testing/culligan-lab,Maria Mozdzen,mmozden@culligan.com,,,,,,"Culligan’s Analytical Laboratory provides water quality testing, including well water testing, total coliform, and testing for lead in water, with turnaround time “ranging from 24 hours up to 5 busi”. The site also describes “comprehensive water analysis at our state-of-the-art testing facility” (Culligan Lab).",no_explicit_gmp,True,found_via_search,extracted,found_via_fallback_search,found_via_fallback_search,extracted,extracted,extracted,Culligan Analytical Laboratory,True,HQ Lab @ Culligan Analytical Laboratory
ENT-000359,1,env_labs_standardized.csv,CWM CHEMICAL SERVICES LLC,,TNI01685,1550 Balmer Rd,MODEL CITY,New York,,,env_labs,,,,,,,,,,,,search_found_nothing,found_via_fallback_search,no_website_cannot_check_pages,no_website_cannot_check_pages,no_website_cannot_check_pages,no_website_cannot_check_pages,no_website_cannot_check_pages,CWM CHEMICAL SERVICES,True,HQ Lab @ CWM CHEMICAL SERVICES
ENT-000360,1,env_labs_standardized.csv,Dallas County Park Cities Municipal Utility District,,TNI00166,1811 Regal Row,Dallas,Texas,,,env_labs,https://parkcitieswater.com/,"Hector Ortiz , General Manager",[email protected],,,,,,"Produces and delivers drinking water through a treatment process that includes rapid mix with lime slurry and ferric sulfate, flocculators, clarifiers, granular activated carbon (GAC) filters, chloramine disinfection, ultra membrane filtration, and storage in an underground clear well. Performs frequent water quality testing (minimum of 7,150 tests per month) across stages of the water treatment and distribution process.",no_explicit_gmp,False,found_via_search,extracted,extracted,extracted,extracted,"checked_pages_not_found (pages_checked=8,fetched_ok=8,total_text_chars=41758)",extracted,Dallas County Park Cities Municipal Utility District,True,HQ Lab @ Dallas County Park Cities Municipal Utility District
ENT-000361,1,env_labs_standardized.csv,Dallas Water Utilities - PALS Analytical Laboratory,,TNI02368,"1020 Sargent Road, Building #27",Dallas,Texas,,,env_labs,https://dallas.gov/departments/waterutilities,"Yi Zhang, Interim Lab Supervisor",Yi.Zhang@dallas.gov,,,,,,,,,found_via_search,found_via_fallback_search,found_via_fallback_search,found_via_fallback_search,"no_pages_fetched_ok (pages_checked=1,fetched_ok=0,total_text_chars=0)","no_pages_fetched_ok (pages_checked=1,fetched_ok=0,total_text_chars=0)","no_pages_fetched_ok (pages_checked=1,fetched_ok=0,total_text_chars=0)",Dallas Water Utilities PALS Analytical Laboratory,True,HQ Lab @ Dallas Water Utilities PALS Analytical Laboratory
ENT-000362,1,env_labs_standardized.csv,DARRIN FRESH WATER INSTITUTE,,TNI01596,5060 Lake Shore Dr.,BOLTON LANDING,New York,,,env_labs,https://dfwi.rpi.edu/,Dr. Kevin Rose,dfwi@rpi.edu,,,,,,,,,found_via_search,found_via_fallback_search,found_via_fallback_search,found_via_fallback_search,"no_pages_fetched_ok (pages_checked=1,fetched_ok=0,total_text_chars=0)","no_pages_fetched_ok (pages_checked=1,fetched_ok=0,total_text_chars=0)","no_pages_fetched_ok (pages_checked=1,fetched_ok=0,total_text_chars=0)",DARRIN FRESH WATER INSTITUTE,True,HQ Lab @ DARRIN FRESH WATER INSTITUTE
ENT-000363,1,env_labs_standardized.csv,Davis County Environmental Health Laboratory,,TNI01975,22 South State Street,Clearfield,Utah,,,env_labs,https://www.daviscountyutah.gov/health,"Ivy Melton Sales, MBA, CHES®",DCEnvHealth@daviscountyutah.gov,,,,,,Provides “quality public and environmental health and senior services in Davis County” and includes an “Environmental Health” program. It also references “clinic” and “testing center” locations as part of the health department’s facilities.,no_explicit_gmp,False,found_via_search,extracted,extracted,found_via_fallback_search,extracted,"checked_pages_not_found (pages_checked=8,fetched_ok=8,total_text_chars=70703)",extracted,Davis County Environmental Health Laboratory,True,HQ Lab @ Davis County Environmental Health Laboratory
ENT-000364,1,env_labs_standardized.csv,Davy Laboratories,,TNI01089,115 6th Street South,La Crosse,Wisconsin,,,env_labs,https://www.davylaboratories.com/,Cody Ritchie,info@davyinc.com,,,,,,"Davy Laboratories provides environmental laboratory services including drinking water analysis, groundwater and landfill monitoring (sampling, monitoring, and analysis), and wastewater analysis. Services also include hazardous waste characterization, foundry waste characterization, fuel contaminated sites, industrial priority pollutant analysis, sample collection, sludge analysis, and microbiological testing in food safety.",no_explicit_gmp,True,found_via_search,extracted,extracted,extracted,extracted,extracted,extracted,Davy Laboratories,True,HQ Lab @ Davy Laboratories
ENT-000365,1,env_labs_standardized.csv,"DB Environmental Laboratories, Inc.",,TNI00379,,Rockledge,Florida,,,env_labs,,,,,,,,,,,,search_found_nothing,found_via_fallback_search,no_website_cannot_check_pages,no_website_cannot_check_pages,no_website_cannot_check_pages,no_website_cannot_check_pages,no_website_cannot_check_pages,DB Environmental Laboratories,True,HQ Lab @ DB Environmental Laboratories
ENT-000366,1,env_labs_standardized.csv,"Deibel BioScience of Oregon, LLC",,TNI02463,1685 Tucker Rd,Hood River,Oregon,,,env_labs,,,,,,,,,,,,search_found_nothing,found_via_fallback_search,no_website_cannot_check_pages,no_website_cannot_check_pages,no_website_cannot_check_pages,no_website_cannot_check_pages,no_website_cannot_check_pages,Deibel BioScience of Oregon,True,HQ Lab @ Deibel BioScience of Oregon
ENT-000367,1,env_labs_standardized.csv,Delaware State University Water Analysis Group,,TNI02697,108 Ag Annex Building,Dover,Delaware,,,env_labs,https://cast.desu.edu/research/centers/dsu-water-quality-testing-laboratory/,Dr. Milligan,cwinstead [at] desu.edu,,,,,,"Provides drinking water testing (Lead, bacteria, and other contaminants), wastewater testing (Industrial and municipal compliance), agricultural water testing (Food safety compliance), recreational water testing (Pools, lakes, and other sources), PFAS testing (Coming Soon), VOC testing (Coming Soon), and heavy metal testing (Routine, advanced, and method development). Also offers IDEXX Microbiology testing (Standard and advanced quantification) and Environmental Chemistry testing, with specialized expanded services for PFAS detection/quantification using advanced LC-QQQ instrumentation and VOC analysis using GC-QQQ systems.",no_explicit_gmp,False,found_via_search,extracted,extracted,extracted,extracted,"checked_pages_not_found (pages_checked=8,fetched_ok=8,total_text_chars=86718)",extracted,Delaware State University Water Analysis Group,True,HQ Lab @ Delaware State University Water Analysis Group
ENT-000368,1,env_labs_standardized.csv,"Department of Water Supply, County of Maui",,TNI01216,"2200 Main Street, Suite 102 (One Main Plaza)",Kahului,Hawaii,,,env_labs,https://waterresources.mauicounty.gov/,,,,,,,,"The Water Resources and Planning Division is responsible for permit and environmental reviews, planning information systems, regulatory compliance, and water resource management and conservation. The division also offers DWS customers free low-flow fixtures at their office.",no_explicit_gmp,False,found_via_search,extracted,"checked_pages_not_found (pages_checked=7,fetched_ok=5,total_text_chars=9541)","checked_pages_not_found (pages_checked=7,fetched_ok=5,total_text_chars=9541)",extracted,"checked_pages_not_found (pages_checked=7,fetched_ok=5,total_text_chars=9541)",extracted,Department of Water Supply County of Maui,True,HQ Lab @ Department of Water Supply County of Maui
ENT-000369,1,env_labs_standardized.csv,Derby Municipal Wastewater Laboratory,,TNI01888,"611 Mulberry Road, Suite 300",Derby,Kansas,,,env_labs,https://www.derbyks.gov/,Dillan Curtis,dillancurtis@derbyweb.com,,,,,,The provided text describes city-wide municipal services and specifically references “Wastewater system and treatment facility.”,no_explicit_gmp,False,found_via_search,extracted,found_via_fallback_search,found_via_fallback_search,extracted,"checked_pages_not_found (pages_checked=5,fetched_ok=5,total_text_chars=34788)",extracted,Derby Municipal Wastewater Laboratory,True,HQ Lab @ Derby Municipal Wastewater Laboratory
ENT-000370,1,env_labs_standardized.csv,DERRY WASTEWATER TREATMENT PLANT,,TNI01034,50 Transfer Lane,DERRY,New Hampshire,,,env_labs,https://www.derrynh.gov/wastewater-sewer,Will Petersen,willpetersen@derrynh.org,,,,,,,,,found_via_search,found_via_fallback_search,found_via_fallback_search,found_via_fallback_search,"no_pages_fetched_ok (pages_checked=1,fetched_ok=0,total_text_chars=0)","no_pages_fetched_ok (pages_checked=1,fetched_ok=0,total_text_chars=0)","no_pages_fetched_ok (pages_checked=1,fetched_ok=0,total_text_chars=0)",DERRY WASTEWATER TREATMENT PLANT,True,HQ Lab @ DERRY WASTEWATER TREATMENT PLANT
ENT-000371,1,env_labs_standardized.csv,Desert Research Institute - Environmental Analysis Facility,,TNI00062,,Reno,Nevada,,,env_labs,https://www.dri.edu/,,,,,,,,"The page lists ""Environmental Analysis Facility"" among DRI ""Laboratories and Facilities"" but does not provide any specific testing or operational services for that facility in the provided text.",no_explicit_gmp,False,found_via_search,extracted,extracted,extracted,extracted,"checked_pages_not_found (pages_checked=8,fetched_ok=8,total_text_chars=130351)",extracted,Desert Research Institute Environmental Analysis Facility,True,HQ Lab @ Desert Research Institute Environmental Analysis Facility
ENT-000372,1,env_labs_standardized.csv,"Destin Water Users, Inc.",,TNI00380,218 Main Street,Destin,Florida,,,env_labs,https://dwuinc.com/,,cs@dwuinc.com,,,,,,,,,found_via_search,found_via_fallback_search,"no_pages_fetched_ok (pages_checked=1,fetched_ok=0,total_text_chars=0)",found_via_fallback_search,"no_pages_fetched_ok (pages_checked=1,fetched_ok=0,total_text_chars=0)","no_pages_fetched_ok (pages_checked=1,fetched_ok=0,total_text_chars=0)","no_pages_fetched_ok (pages_checked=1,fetched_ok=0,total_text_chars=0)",Destin Water Users,True,HQ Lab @ Destin Water Users
ENT-000373,1,env_labs_standardized.csv,DFW Environmental Laboratories,,TNI02714,1225 West College Ave Suite 430,Carrollton,Texas,,,env_labs,https://dfwelabs.com/,Sahar Zare,jeff.bullard@dfwelabs.com,,,,,,"DFW Environmental Laboratories provides professional water, soil, and air analytical services. Services include organics testing (e.g., hydrocarbon testing for TPH/BTEX, VOC & SVOC, PAH & PCBs, pesticides, alcohols/glycols, odorants, and methane/ethane/ethene/propane) and inorganics testing (e.g., RCRA/lead/copper/minerals, COD/BOD, hexavalent chromium, anions, nitrogen, total organic carbon, dissolved/suspended solids, flash point/viscosity/density, and color/odor analysis).",no_explicit_gmp,True,found_via_search,extracted,found_via_fallback_search,extracted,extracted,extracted,extracted,DFW Environmental Laboratories,True,HQ Lab @ DFW Environmental Laboratories
ENT-000374,1,env_labs_standardized.csv,DIST WATER QUAL OPS NYCDEP DISTRIBUTION LAB,,TNI01602,,CORONA,New York,,,env_labs,https://www.nyc.gov/site/dep/index.page,,,,,,,,"Provides drinking water supply and quality information via the annual ""New York City Drinking Water Supply and Quality Report,"" prepared in accordance with the New York State Sanitary Code and the National Primary Drinking Water Regulations. Also describes monitoring for pathogens and other drinking water topics such as lead in drinking water.",no_explicit_gmp,False,found_via_search,"checked_pages_not_found (pages_checked=8,fetched_ok=8,total_text_chars=20794)","checked_pages_not_found (pages_checked=8,fetched_ok=8,total_text_chars=20794)","checked_pages_not_found (pages_checked=8,fetched_ok=8,total_text_chars=20794)",extracted,"checked_pages_not_found (pages_checked=8,fetched_ok=8,total_text_chars=20794)",extracted,DIST WATER QUAL OPS NYCDEP DISTRIBUTION LAB,True,HQ Lab @ DIST WATER QUAL OPS NYCDEP DISTRIBUTION LAB
ENT-000375,1,env_labs_standardized.csv,"Diversified Environmental Laboratories, Inc.",,TNI00381,"3653 Regent Blvd., Suite 509",Jacksonville,Florida,,,env_labs,https://delilab.com/,"Frank Risk, Laboratory Director",frank.risk@delilab.com,,,,,,"Provides laboratory analysis and field services for sampling and analytical needs, including a range of matrices (e.g., potable/non-potable water, soil/sediment/sludge, air, petroleum, bulk/asbestos, paints/coatings) and parameters such as bacteriological, inorganics, metals, organics, and asbestos, plus training on sampling techniques/SOPs.",no_explicit_gmp,True,found_via_search,extracted,extracted,extracted,extracted,extracted,extracted,Diversified Environmental Laboratories,True,HQ Lab @ Diversified Environmental Laboratories
ENT-000376,1,env_labs_standardized.csv,Division of Consolidated Laboratory Services,,TNI01359,,Richmond,Virginia,,,env_labs,https://dgs.virginia.gov/division-of-consolidated-laboratory-services/,,Lab_Cert@dgs.virginia.gov,,,,,,"DCLS provides a wide variety of unique laboratory testing services supporting public health, environmental protection and emergency response, performing over 9 million tests each year. Services described include clinical (human) testing for infectious disease agents and chemicals/drugs, 24/7 emergency testing for biological/chemical/radiologic agents, environmental testing for air/drinking water/recreational waters and catastrophe response, food testing for contamination and truth in labeling, and newborn screening for rare metabolic and genetic disorders.",no_explicit_gmp,False,found_via_search,found_via_fallback_search,"checked_pages_not_found (pages_checked=1,fetched_ok=1,total_text_chars=3703)",found_via_fallback_search,extracted,"checked_pages_not_found (pages_checked=1,fetched_ok=1,total_text_chars=3703)",extracted,Division of Consolidated Laboratory Services,True,HQ Lab @ Division of Consolidated Laboratory Services
ENT-000377,1,env_labs_standardized.csv,Dodge City Municipal Wastewater Laboratory,,TNI01889,P.O. Box 880 806 N 2nd Avenue; P.O. Box 880 100 Chaffin Road,Dodge City,Kansas,,,env_labs,https://www.dodgecity.org/,Nick  Hernandez,nickh@dodgecity.org,,,,,,The provided text lists the city department category “Wastewater Treatment (CH2M Hill)” under the City directory and includes general city services; no specific laboratory testing services are described for a “Dodge City Municipal Wastewater Laboratory.”,no_explicit_gmp,False,found_via_search,extracted,extracted,extracted,extracted,"checked_pages_not_found (pages_checked=5,fetched_ok=5,total_text_chars=23559)",extracted,Dodge City Municipal Wastewater Laboratory,True,HQ Lab @ Dodge City Municipal Wastewater Laboratory
ENT-000378,1,env_labs_standardized.csv,DOH-EPH Orange Water Testing Laboratory,,TNI02901,,Orlando,Florida,,,env_labs,https://orange.floridahealth.gov/,,OCUDLab@ocfl.net,,,,,,,,,found_via_search,"no_pages_fetched_ok (pages_checked=1,fetched_ok=0,total_text_chars=0)","no_pages_fetched_ok (pages_checked=1,fetched_ok=0,total_text_chars=0)",found_via_fallback_search,"no_pages_fetched_ok (pages_checked=1,fetched_ok=0,total_text_chars=0)","no_pages_fetched_ok (pages_checked=1,fetched_ok=0,total_text_chars=0)","no_pages_fetched_ok (pages_checked=1,fetched_ok=0,total_text_chars=0)",DOH EPH Orange Water Testing Laboratory,True,HQ Lab @ DOH EPH Orange Water Testing Laboratory
ENT-000379,1,env_labs_standardized.csv,Don A. Christiansen Regional Water Treatment Plant Laboratory,,TNI02010,1120 E Cascade Dr,Orem,Utah,,,env_labs,https://cuwcd.gov/,,,,,,,,"The text identifies the location as the “Don A Christiansen Regional Water Treatment Plant,” but it does not describe any specific laboratory testing services.",no_explicit_gmp,False,found_via_search,extracted,"checked_pages_not_found (pages_checked=2,fetched_ok=2,total_text_chars=1702)","checked_pages_not_found (pages_checked=2,fetched_ok=2,total_text_chars=1702)",extracted,"checked_pages_not_found (pages_checked=2,fetched_ok=2,total_text_chars=1702)",extracted,Don A Christiansen Regional Water Treatment Plant Laboratory,True,HQ Lab @ Don A Christiansen Regional Water Treatment Plant Laboratory
ENT-000380,1,env_labs_standardized.csv,Dr. Roy L. Virgin West Water Treatment Lab,,TNI00335,,Miramar,Florida,,,env_labs,https://www.miramarfl.gov/Departments/Utilities/WaterQuality,Dr. Roy L. Virgin,customerservice@miramarfl.gov,,,,,,,,,found_via_search,found_via_fallback_search,found_via_fallback_search,found_via_fallback_search,"no_pages_fetched_ok (pages_checked=1,fetched_ok=0,total_text_chars=0)","no_pages_fetched_ok (pages_checked=1,fetched_ok=0,total_text_chars=0)","no_pages_fetched_ok (pages_checked=1,fetched_ok=0,total_text_chars=0)",Dr Roy L Virgin West Water Treatment Lab,True,HQ Lab @ Dr Roy L Virgin West Water Treatment Lab
ENT-000381,1,env_labs_standardized.csv,Drinking Water and Radiation Laboratory,,TNI02708,,Richmond,California,,,env_labs,https://www.cdph.ca.gov/Programs/cls/dehl/dwrl,"Shiyamalie Ruberu, Ph.D.",,,,,,,,,,found_via_search,found_via_fallback_search,found_via_fallback_search,"no_pages_fetched_ok (pages_checked=1,fetched_ok=0,total_text_chars=0)","no_pages_fetched_ok (pages_checked=1,fetched_ok=0,total_text_chars=0)","no_pages_fetched_ok (pages_checked=1,fetched_ok=0,total_text_chars=0)","no_pages_fetched_ok (pages_checked=1,fetched_ok=0,total_text_chars=0)",Drinking Water and Radiation Laboratory,True,HQ Lab @ Drinking Water and Radiation Laboratory
ENT-000382,1,env_labs_standardized.csv,Duchesne Valley Water Treatment Plant Laboratory,,TNI01976,23419 West State Park Rd,Duchesne,Utah,,,env_labs,https://cuwcd.gov/,,,,,,,,"The text identifies the “Duchesne Valley Regional Water Treatment Plant,” indicating water treatment plant operations under CUWCD. No specific laboratory or testing services are described in the provided text.",no_explicit_gmp,False,found_via_search,extracted,"checked_pages_not_found (pages_checked=2,fetched_ok=2,total_text_chars=1702)","checked_pages_not_found (pages_checked=2,fetched_ok=2,total_text_chars=1702)",extracted,"checked_pages_not_found (pages_checked=2,fetched_ok=2,total_text_chars=1702)",extracted,Duchesne Valley Water Treatment Plant Laboratory,True,HQ Lab @ Duchesne Valley Water Treatment Plant Laboratory
ENT-000383,1,env_labs_standardized.csv,Duke Energy Analytical Laboratory,,TNI03053,,Huntersville,North Carolina,,,env_labs,,,,,,,,,,,,search_found_nothing,found_via_fallback_search,no_website_cannot_check_pages,no_website_cannot_check_pages,no_website_cannot_check_pages,no_website_cannot_check_pages,no_website_cannot_check_pages,Duke Energy Analytical Laboratory,True,HQ Lab @ Duke Energy Analytical Laboratory
ENT-000384,1,env_labs_standardized.csv,DUNKIRK WATER TREATMENT PLANT LAB,,TNI01482,4737 Willow Road,DUNKIRK,New York,,,env_labs,https://www.townofdunkirkny.gov/,,[email protected],,,,,,"The site provides town services information, including sewer billing questions and water billing questions via the Chadwick Bay Intermunicipal Works Water District.",no_explicit_gmp,False,found_via_search,extracted,"checked_pages_not_found (pages_checked=1,fetched_ok=1,total_text_chars=4228)",extracted,extracted,"checked_pages_not_found (pages_checked=1,fetched_ok=1,total_text_chars=4228)",extracted,DUNKIRK WATER TREATMENT PLANT LAB,True,HQ Lab @ DUNKIRK WATER TREATMENT PLANT LAB
ENT-000385,1,env_labs_standardized.csv,DUNKIRK WWTP LAB,,TNI01462,,DUNKIRK,New York,,,env_labs,,,,,,,,,,,,search_found_nothing,found_via_fallback_search,no_website_cannot_check_pages,no_website_cannot_check_pages,no_website_cannot_check_pages,no_website_cannot_check_pages,no_website_cannot_check_pages,DUNKIRK WWTP LAB,True,HQ Lab @ DUNKIRK WWTP LAB
ENT-000386,1,env_labs_standardized.csv,DUNN PAPER - NATURAL DAM INC.,,TNI01458,4921 State Route 58N,GOUVERNEUR,New York,,,env_labs,https://www.dunnpaper.com/,"Marco L’Italien, Mill Manager",litalienm@bioriginsp.com,,,,,,,,,found_via_search,found_via_fallback_search,found_via_fallback_search,found_via_fallback_search,"no_pages_fetched_ok (pages_checked=1,fetched_ok=0,total_text_chars=0)","no_pages_fetched_ok (pages_checked=1,fetched_ok=0,total_text_chars=0)","no_pages_fetched_ok (pages_checked=1,fetched_ok=0,total_text_chars=0)",DUNN PAPER NATURAL DAM,True,HQ Lab @ DUNN PAPER NATURAL DAM
ENT-000387,1,env_labs_standardized.csv,DUREZ CORPORATION - NIAGARA FALLS PLANT,,TNI01836,5000 Packard Rd,NIAGARA FALLS,New York,,,env_labs,,,,,,,,,,,,search_found_nothing,found_via_fallback_search,no_website_cannot_check_pages,no_website_cannot_check_pages,no_website_cannot_check_pages,no_website_cannot_check_pages,no_website_cannot_check_pages,DUREZ,True,HQ Lab @ DUREZ
ENT-000388,1,env_labs_standardized.csv,"EA Engineering, Science, and Technology - Ecotoxicology Laboratory",,TNI00383,231 Schilling Circle,Hunt Valley,Maryland,,,env_labs,https://eaest.com/,"Dr. David Soucek, PhD",,,,,,,,,,found_via_search,found_via_fallback_search,found_via_fallback_search,"no_pages_fetched_ok (pages_checked=1,fetched_ok=0,total_text_chars=0)","no_pages_fetched_ok (pages_checked=1,fetched_ok=0,total_text_chars=0)","no_pages_fetched_ok (pages_checked=1,fetched_ok=0,total_text_chars=0)","no_pages_fetched_ok (pages_checked=1,fetched_ok=0,total_text_chars=0)",EA Engineering Science and Technology Ecotoxicology Laboratory,True,HQ Lab @ EA Engineering Science and Technology Ecotoxicology Laboratory
ENT-000389,1,env_labs_standardized.csv,"Earth Analytical Sciences, Inc.",,TNI00078,4825 Ward Drive,Beaumont,Texas,,,env_labs,https://earthanalytical.com/,,EAS@earthanalytical.com,,,,,,"Provides environmental field and laboratory analytical testing services, including field services and contract services, inorganic testing and analysis, organic testing and analysis, waste characterization and analysis, and wet chemistry analysis. Inorganic capabilities include ICP-AES metals analysis and cold vapor mercury analysis, and organic capabilities include VOC/SVOC/BTEX and TPH analyses by specified EPA/SW-846 methods and GC/GC/MS.",no_explicit_gmp,True,found_via_search,extracted,"checked_pages_not_found (pages_checked=8,fetched_ok=8,total_text_chars=21201)",found_via_fallback_search,extracted,extracted,extracted,Earth Analytical Sciences,True,HQ Lab @ Earth Analytical Sciences
ENT-000390,1,env_labs_standardized.csv,EAS INC - EASTERN ANALYTICAL SERVICES INC,,TNI01614,4 Westchester Plaza,ELMSFORD,New York,,,env_labs,https://easinc.com/,Ernest Sanchez,ernest.sanchez@easinc.com,,,,,,"Eastern Analytical Services provides environmental and industrial hygiene analytical services, including analysis for contaminants such as Mold, Formaldehyde, numerous Metals, and other recognized hazardous substances. The site also states it was established to provide quality analytical services within the Asbestos Abatement Industry.",no_explicit_gmp,True,found_via_search,extracted,found_via_fallback_search,found_via_fallback_search,extracted,extracted,extracted,EAS,True,HQ Lab @ EAS
ENT-000391,1,env_labs_standardized.csv,EASI LLC,,TNI01382,,Kenner,Louisiana,,,env_labs,https://easilabs.com/,Michael Antoine,,,,,,,,,,found_via_search,found_via_fallback_search,found_via_fallback_search,"no_pages_fetched_ok (pages_checked=1,fetched_ok=0,total_text_chars=0)","no_pages_fetched_ok (pages_checked=1,fetched_ok=0,total_text_chars=0)","no_pages_fetched_ok (pages_checked=1,fetched_ok=0,total_text_chars=0)","no_pages_fetched_ok (pages_checked=1,fetched_ok=0,total_text_chars=0)",EASI,True,HQ Lab @ EASI
ENT-000392,1,env_labs_standardized.csv,"Eastern Research Group, Inc.",,TNI00384,,Morrisville,North Carolina,,,env_labs,https://www.erg.com/,"Chris Ickes , Facilities Maintenance and Grounds Supervisor",,,,,,,"ERG provides services including life cycle facilities planning and engineering support (facility and installation planning; architecture + engineering design; construction documents and specifications; construction and post-construction award phase services; sustainability, resilience, emissions reductions planning and assessments; and environmental compliance permitting assistance). It also describes related technical services such as air quality, environmental and occupational health, hazardous waste, wastewater and infrastructure, digital and information solutions, and other environmental planning and impact assessment work.",no_explicit_gmp,True,found_via_search,found_via_fallback_search,extracted,"checked_pages_not_found (pages_checked=8,fetched_ok=8,total_text_chars=89542)",extracted,extracted,extracted,Eastern Research Group,True,HQ Lab @ Eastern Research Group
ENT-000393,1,env_labs_standardized.csv,"Eastex Environmental Laboratory, Inc. - Coldspring",,TNI00065,35 Eastex Ln,Coldspring,Texas,,,env_labs,https://www.eastexlabs.com/,James Johnson,office@eastexlabs.com,,,,,,"Provides environmental laboratory and field services including wastewater testing (TPDES permit compliance), drinking water testing (TCEQ DW approved), PFAS testing (EPA Methods 533 and 537.1), process testing (e.g., BOD, TSS, ammonia), regulatory compliance support (DMR filing, TCEQ reporting), and field services like sample collection, courier pickup, and field testing.",no_explicit_gmp,True,found_via_search,extracted,found_via_fallback_search,extracted,extracted,extracted,extracted,Eastex Environmental Laboratory,False,Coldspring Lab @ Eastex Environmental Laboratory
ENT-000394,1,env_labs_standardized.csv,"Eastex Environmental Laboratory, Nacogdoches",,TNI00098,1119 S University Dr,Nacogdoches,Texas,,,env_labs,https://www.eastexlabs.com/,,office@eastexlabs.com,,,,,,"Provides environmental testing including Regulatory Compliance (TCEQ reporting, DMR support, pretreatment programs), Drinking Water Testing (TCEQ DW-approved testing), Process Testing (BOD, TSS, ammonia, and process-critical parameters), Wastewater Testing (TPDES permit compliance), and PFAS Testing (EPA-approved methods). Also offers Field Services such as on-site sampling, courier pickup, and field testing.",no_explicit_gmp,True,found_via_search,extracted,"checked_pages_not_found (pages_checked=8,fetched_ok=8,total_text_chars=21046)",extracted,extracted,extracted,extracted,Eastex Environmental Laboratory,False,Nacogdoches Lab @ Eastex Environmental Laboratory
ENT-000395,1,env_labs_standardized.csv,"Eastman Chemical Company, Environmental Laboratory, Texas Operations",,TNI03078,,Longview,Texas,,,env_labs,https://www.eastman.com/,"Amy B. Hooper, Director, TXO Chemicals Manufacturing Division",ahooper@eastman.com,,,,,,,explicit_gmp,,found_via_search,found_via_fallback_search,found_via_fallback_search,found_via_fallback_search,found_via_fallback_search,"checked_pages_not_found (pages_checked=8,fetched_ok=8,total_text_chars=70546)","checked_pages_not_found (pages_checked=8,fetched_ok=8,total_text_chars=70546)",Eastman Chemical Company Environmental Laboratory Texas Operations,True,HQ Lab @ Eastman Chemical Company Environmental Laboratory Texas Operations
ENT-000396,1,env_labs_standardized.csv,Eberline Analytical Corporation,,TNI01978,601A Scarboro Road,Oak Ridge,Tennessee,,,env_labs,https://eberlineanalytical.com/,Ethan Getgood Laboratory Director,info@eberlineanalytical.com,,,,,,"Radiochemistry testing and analysis, including isolating specific radioactive isotopes from samples and accurately measuring their radiation levels. Services include low-dose environmental sample testing with rush turnaround times (24 hours to 14 days) and standard TATs up to 30 days.",no_explicit_gmp,True,found_via_search,extracted,extracted,found_via_fallback_search,extracted,extracted,extracted,Eberline Analytical,True,HQ Lab @ Eberline Analytical
ENT-000397,1,env_labs_standardized.csv,ECOBAT RESOURCES NY QUALITY CONTROL LABORATORY,,TNI02394,2911 Turtle Creek Blvd Suite 850,MIDDLETOWN,New York,,,env_labs,https://ecobat.com/,,press@ecobat.com,,,,,,"Ecobat provides battery recycling-related services including collection, dismantling, and diagnostics, and also offers crushing and sorting services. It also operates lead and polypropylene production and distribution, and develops lithium-ion recycling and resource recovery technologies.",no_explicit_gmp,True,found_via_search,extracted,"checked_pages_not_found (pages_checked=8,fetched_ok=8,total_text_chars=39751)",extracted,extracted,extracted,extracted,ECOBAT RESOURCES NY QUALITY CONTROL LABORATORY,True,HQ Lab @ ECOBAT RESOURCES NY QUALITY CONTROL LABORATORY
ENT-000398,1,env_labs_standardized.csv,Ecolytix Environmental Laboratory,,TNI03011,"7805 SW Ellipse Way, A12",Stuart,Florida,,,env_labs,https://ecolytixlabs.com/,Frances Endicott CEO,info@ecolytixlabs.com,,,,,,"Provides PFAS and Volatiles testing and SVOCs testing, using “Ultra-Fast LCMS technology” and an LCMS-8060 NX triple quadrupole mass spectrometer for high-sensitivity detection. Also references RCRA-related hazardous waste testing requirements for chemical composition and characteristics.",no_explicit_gmp,True,found_via_search,found_via_fallback_search,extracted,found_via_fallback_search,extracted,extracted,extracted,Ecolytix Environmental Laboratory,True,HQ Lab @ Ecolytix Environmental Laboratory
ENT-000399,1,env_labs_standardized.csv,Ecosystems Research Inst Laboratory,,TNI02002,,Logan,Utah,,,env_labs,,,,,,,,,,,,search_found_nothing,found_via_fallback_search,no_website_cannot_check_pages,no_website_cannot_check_pages,no_website_cannot_check_pages,no_website_cannot_check_pages,no_website_cannot_check_pages,Ecosystems Research Inst Laboratory,True,HQ Lab @ Ecosystems Research Inst Laboratory
ENT-000400,1,env_labs_standardized.csv,"EDEN LABORATORY, INC",,TNI02978,,SCHENECTADY,New York,,,env_labs,,,,,,,,,,,,search_found_nothing,found_via_fallback_search,no_website_cannot_check_pages,no_website_cannot_check_pages,no_website_cannot_check_pages,no_website_cannot_check_pages,no_website_cannot_check_pages,EDEN LABORATORY,True,HQ Lab @ EDEN LABORATORY
ENT-000401,1,env_labs_standardized.csv,Edwards Aquifer Research and Data Center,,TNI00165,220 E. Sessom Dr. 248 Freeman Aquatic Building,San Marcos,Texas,,,env_labs,https://www.eardc.txst.edu/,Dr. Benjamin F Schwartz,bs37@txstate.edu,,,,,,"EARDC offers “NELAP accredited services” and “NELAP-accredited water testing services,” including “Bacteriological-Water Analysis Laboratory” and “Analytical Laboratory Services.” It also runs summer aquatic science adventure camps and field days, and maintains the Aquifer Biodiversity Collection (ABC).",no_explicit_gmp,False,found_via_search,extracted,extracted,extracted,extracted,"checked_pages_not_found (pages_checked=8,fetched_ok=8,total_text_chars=25709)",extracted,Edwards Aquifer Research and Data Center,True,HQ Lab @ Edwards Aquifer Research and Data Center
ENT-000402,1,env_labs_standardized.csv,El Dorado Wetlands & Water Reclamation Facility,,TNI01892,105 Wetlands Dr.,El Dorado,Kansas,,,env_labs,https://www.eldoks.gov/430/Wetlands-Water-Reclamation,Jason Patty,E-mail Scott Rickard,,,,,,"Operates the City’s sanitary sewer treatment process, including trash and grit removal, Biological Nutrient Removal (BNR), clarification, aerobic digestion, and UV disinfection before discharge to a river. Produces and composts bio-solids (Class-A fertilizer) using wood chips and additional tests for pathogens and heavy metals/nutrients.",no_explicit_gmp,False,found_via_search,extracted,extracted,extracted,extracted,"checked_pages_not_found (pages_checked=8,fetched_ok=7,total_text_chars=36548)",extracted,El Dorado Wetlands Water Reclamation Facility,True,HQ Lab @ El Dorado Wetlands Water Reclamation Facility
ENT-000403,1,env_labs_standardized.csv,"Element Materials Technology Fort Wayne, LLC",,TNI02688,"328 Ley Road, Suite 100",Fort Wayne,Indiana,,,env_labs,https://www.element.com/,,Info.FortWayne@element.com,,,,,,"Element provides a broad range of testing services across industries, including ""3A Sanitary Testing for Dairy"" and other food and life sciences testing services such as ""Medical Device Testing Services"" and ""Pharmaceutical Testing Services"".",no_explicit_gmp,True,found_via_search,found_via_fallback_search,"checked_pages_not_found (pages_checked=8,fetched_ok=8,total_text_chars=302376)",found_via_fallback_search,extracted,extracted,extracted,Element Materials Technology,False,Fort Wayne Lab @ Element Materials Technology
ENT-000404,1,env_labs_standardized.csv,Element Materials Technology Houston LLC,,TNI00169,14805 Yorktown Plaza Dr,Houston,Texas,,,env_labs,https://www.element.com/,,info.houston@element.com,,,,,,"Element provides a wide range of testing services across industries, including aerospace, construction & infrastructure, defense, energy, environmental testing, health & life sciences, and transportation-related testing. Examples in the text include “3A Sanitary Testing for Dairy Contact Surfaces” plus pharmaceutical/medical device testing, PCB testing, and various environmental compliance and monitoring services.",no_explicit_gmp,True,found_via_search,found_via_fallback_search,"checked_pages_not_found (pages_checked=8,fetched_ok=8,total_text_chars=302376)",found_via_fallback_search,extracted,extracted,extracted,Element Materials Technology,False,Houston Lab @ Element Materials Technology
ENT-000405,1,env_labs_standardized.csv,Element Materials Technology Lafayette LLC,,TNI01402,,Lafayette,Louisiana,,,env_labs,https://www.element.com/,Tristan Davis,tristan.davis@element.com,,,,,,"Provides testing services across multiple industries, including pharmaceutical testing services, medical device testing services, food testing services, environmental testing services, and construction/infrastructure and materials testing services.",no_explicit_gmp,True,found_via_search,found_via_fallback_search,found_via_fallback_search,found_via_fallback_search,extracted,extracted,extracted,Element Materials Technology,False,Lafayette Lab @ Element Materials Technology
ENT-000406,1,env_labs_standardized.csv,Elevation Diagnostics,,TNI02762,2115 N Scranton Street Suite 3040,Aurora,Colorado,,,env_labs,https://elevationdiagnostics.com/,"Kristen Gracom, Director of Laboratory Compliance and Qualitative Testing",laboratory@elevationdiagnostics.com,,,,,,"Provides environmental testing services including water quality and soil analysis, hazardous materials assessment, and testing for core competencies such as stormwater (Table 915-1, 915B), soil suitability (table 3-1), produced water, PFAS water, and analyses for VOCs/SVOCs, metals, and TPH using instruments including GC/MS, GC/FID, ICPMS, and LC/MS/MS.",no_explicit_gmp,True,found_via_search,extracted,extracted,extracted,extracted,extracted,extracted,Elevation Diagnostics,True,HQ Lab @ Elevation Diagnostics
ENT-000407,1,env_labs_standardized.csv,ELMA (T) SEWER DISTRICTS-ROLLING GREEN LANE,,TNI01512,,ELMA,New York,,,env_labs,,,,,,,,,,,,search_found_nothing,no_website_fallback_search_failed,no_website_cannot_check_pages,no_website_cannot_check_pages,no_website_cannot_check_pages,no_website_cannot_check_pages,no_website_cannot_check_pages,ELMA T SEWER DISTRICTS ROLLING GREEN LANE,True,HQ Lab @ ELMA T SEWER DISTRICTS ROLLING GREEN LANE
ENT-000408,1,env_labs_standardized.csv,ELMIRA WATER BOARD,,TNI01734,261 West Water Street,ELMIRA,New York,,,env_labs,https://elmirawaterboard.org/,Alyssa L. Melens,amack@elmirawaterboard.org,,,,,,"Maintains more than 225 miles of water mains and delivers water to Elmira, Elmira Heights, and portions of the towns of Elmira, Horseheads and Southport. Provides water treatment and distribution services, including coagulation/sedimentation, filtration, post chlorination, and adding fluoride.",no_explicit_gmp,False,found_via_search,extracted,extracted,extracted,extracted,"checked_pages_not_found (pages_checked=4,fetched_ok=4,total_text_chars=20006)",extracted,ELMIRA WATER BOARD,True,HQ Lab @ ELMIRA WATER BOARD
ENT-000409,1,env_labs_standardized.csv,"EMAX Laboratories, Inc.",,TNI01219,,Torrance,California,,,env_labs,https://www.emaxlabs.com/,,info@emaxlabs.com,,,,,,,,,found_via_search,found_via_fallback_search,"no_pages_fetched_ok (pages_checked=1,fetched_ok=0,total_text_chars=0)",found_via_fallback_search,"no_pages_fetched_ok (pages_checked=1,fetched_ok=0,total_text_chars=0)","no_pages_fetched_ok (pages_checked=1,fetched_ok=0,total_text_chars=0)","no_pages_fetched_ok (pages_checked=1,fetched_ok=0,total_text_chars=0)",EMAX Laboratories,True,HQ Lab @ EMAX Laboratories
ENT-000410,1,env_labs_standardized.csv,Emerald Coast Utilities Authority,,TNI00387,9255 Sturdevant Street,Pensacola,Florida,,,env_labs,http://www.ecua.fl.gov/,Customer Service,customer.service@ecua.fl.gov,,,,,,"ECUA provides Water, Sewer, and Sanitation service requests for issues such as water leaks, low water pressure, dirty water complaints, sewer overflows, and sanitation items including bulk pickups, can repair/replace, missed pickups, recycling missed pickups, and commercial dumpster services.",no_explicit_gmp,False,found_via_search,extracted,extracted,extracted,extracted,"checked_pages_not_found (pages_checked=8,fetched_ok=7,total_text_chars=28342)",extracted,Emerald Coast Utilities Authority,True,HQ Lab @ Emerald Coast Utilities Authority
ENT-000411,1,env_labs_standardized.csv,"Emerald Transformer PPM, LLC",,TNI01887,,Coffeyville,Kansas,,,env_labs,https://www.emeraldtransformer.com/,Sheila Dickson,sdickson@emeraldtransformer.com,,,,,,,,,found_via_search,found_via_fallback_search,found_via_fallback_search,found_via_fallback_search,"no_pages_fetched_ok (pages_checked=1,fetched_ok=0,total_text_chars=0)","no_pages_fetched_ok (pages_checked=1,fetched_ok=0,total_text_chars=0)","no_pages_fetched_ok (pages_checked=1,fetched_ok=0,total_text_chars=0)",Emerald Transformer PPM,True,HQ Lab @ Emerald Transformer PPM
ENT-000412,1,env_labs_standardized.csv,Emporia Municipal Wastewater Laboratory,,TNI01894,111 East 6th Avenue,Emporia,Kansas,,,env_labs,https://www.emporiaks.gov/,Jack Mason,,,,,,,"The provided text lists the City of Emporia address and a ""Wastewater Treatment Plant"" department entry, but does not describe any specific laboratory testing services.",no_explicit_gmp,False,found_via_search,extracted,found_via_fallback_search,"checked_pages_not_found (pages_checked=6,fetched_ok=6,total_text_chars=45216)",extracted,"checked_pages_not_found (pages_checked=6,fetched_ok=6,total_text_chars=45216)",extracted,Emporia Municipal Wastewater Laboratory,True,HQ Lab @ Emporia Municipal Wastewater Laboratory
ENT-000413,1,env_labs_standardized.csv,EMSL ANALYTICAL INC,,TNI01273,200 Rt 130 North,CINNAMINSON,New Jersey,,,env_labs,https://www.emsl.com/,ELISABETH HAGENBACH,cs@emsl.com,,,,,,"EMSL provides laboratory “Lab Services” including materials testing, environmental microbiology, indoor air quality testing, asbestos and minerals testing, industrial hygiene lab services, chemical analysis, fire and smoke testing, radiochemistry, and pharmaceutical/medical device/biotechnology testing.",explicit_gmp,True,found_via_search,extracted,found_via_fallback_search,found_via_fallback_search,found_via_fallback_search,extracted,extracted,EMSL ANALYTICAL,False,Cinnaminson Lab @ EMSL ANALYTICAL
ENT-000414,1,env_labs_standardized.csv,EMSL ANALYTICAL INC,,TNI01732,"2205 Corporate Plaza Parkway Southeast, Suite 200 (Bottom Floor)",DEPEW,New York,,,env_labs,https://www.emsl.com/,,atlantalab@emsl.com,,,,,,"The site describes EMSL lab services including ""Asbestos"" testing, ""Environmental Chemistry"" and ""Environmental Microbiology"" services, ""Indoor Air Quality"" testing, ""Chemical Analysis,"" ""Fire & Smoke"" testing, and ""Pharmaceutical, Medical Devices, Biotechnology"" testing.",explicit_gmp,True,found_via_search,extracted,"checked_pages_not_found (pages_checked=8,fetched_ok=4,total_text_chars=51000)",extracted,found_via_fallback_search,extracted,extracted,EMSL ANALYTICAL,True,HQ Lab @ EMSL ANALYTICAL
ENT-000415,1,env_labs_standardized.csv,EMSL ANALYTICAL INC,,TNI01282,200 Rt 130 North,PISCATAWAY TWP,New Jersey,,,env_labs,https://emsl.com/,,piscatawaylab@emsl.com,,,,,,"Provides lab services including air quality testing in food facilities (ambient and compressed air), along with a broad range of laboratory testing such as asbestos & minerals, environmental chemistry, microbiology/pathogens, industrial hygiene services, materials testing, and radiochemistry/radiological testing.",no_explicit_gmp,True,found_via_search,extracted,"checked_pages_not_found (pages_checked=8,fetched_ok=7,total_text_chars=111209)",found_via_fallback_search,extracted,extracted,extracted,EMSL ANALYTICAL,False,Piscataway Twp Lab @ EMSL ANALYTICAL
ENT-000416,1,env_labs_standardized.csv,"EMSL ANALYTICAL, INC",,TNI01331,,LONG ISLAND CITY,New York,,,env_labs,https://www.emsl.com/,Charles Johnson,beltsvillelab@emsl.com,,,,,,"EMSL provides a wide range of lab testing services including air quality testing in food facilities (ambient and compressed air), environmental chemistry lab services, and environmental microbiology, along with consumer products testing and pharmaceutical/medical device/biotechnology testing.",no_explicit_gmp,True,found_via_search,extracted,found_via_fallback_search,extracted,extracted,extracted,extracted,EMSL ANALYTICAL,False,Long Island City Lab @ EMSL ANALYTICAL
ENT-000417,1,env_labs_standardized.csv,"EMSL ANALYTICAL, INC.",,TNI01706,200 Rt 130 North,CARLE PLACE,New York,,,env_labs,https://emsl.com/,,carleplacelab@emsl.com,,,,,,"EMSL provides a wide range of lab services, including environmental testing (e.g., asbestos, indoor air quality, industrial hygiene, chemical analysis, fire and smoke, radiochemistry) and microbiology/pathogen testing (e.g., FDA Detain Microbiology Pathogens, PCR, whole genome sequencing). The site also lists consumer products testing and materials testing such as metals, mechanical testing, and failure analysis.",no_explicit_gmp,True,found_via_search,extracted,"checked_pages_not_found (pages_checked=8,fetched_ok=7,total_text_chars=126332)",found_via_fallback_search,extracted,extracted,extracted,EMSL ANALYTICAL,False,Carle Place Lab @ EMSL ANALYTICAL
ENT-000418,1,env_labs_standardized.csv,"EMSL Analytical, Inc.",,TNI02704,200 Rt 130 North,Indianapolis,Indiana,,,env_labs,https://www.emsl.com/,,indianapolislab@emsl.com,,,,,,"EMSL provides a wide range of laboratory testing services across areas including materials testing, environmental chemistry, environmental microbiology, indoor air quality, asbestos & minerals, industrial hygiene, chemical analysis, fire & smoke, radiochemistry, and radiological testing, among others.",explicit_gmp,True,found_via_search,extracted,"checked_pages_not_found (pages_checked=8,fetched_ok=5,total_text_chars=78194)",found_via_fallback_search,found_via_fallback_search,extracted,extracted,EMSL Analytical,False,"200 Rt 130 North, Indianapolis Lab @ EMSL Analytical"
ENT-000419,1,env_labs_standardized.csv,"EMSL ANALYTICAL, INC.",,TNI02516,"200 Rt 130 North, Cinnaminson, New Jersey 08077",MERIDEN,Connecticut,,,env_labs,https://www.emsl.com/,,MeridenLab@emsl.com,,,,,,"Provides lab testing services across environmental, chemical analysis, microbiology, indoor air quality, asbestos/minerals, industrial hygiene, food and beverage testing, and pharmaceutical/medical device/biotechnology testing, along with Whole Genome Sequencing (WGS), radiochemistry/radiological testing, and water testing.",explicit_gmp,True,found_via_search,extracted,"checked_pages_not_found (pages_checked=8,fetched_ok=7,total_text_chars=111209)",found_via_fallback_search,found_via_fallback_search,extracted,extracted,EMSL ANALYTICAL,False,Meriden Lab @ EMSL ANALYTICAL
ENT-000420,1,env_labs_standardized.csv,"EMSL Analytical, Inc.",,TNI02497,"2205 Corporate Plaza Parkway Southeast, Suite 200 (Bottom Floor), Smyrna",New Hope,Minnesota,,,env_labs,https://emsl.com/,,atlantalab@emsl.com,,,,,,"Provides laboratory “Lab Services” including a wide range of testing such as air quality testing (e.g., “Air Quality Testing in Food Facilities (Ambient and Compressed Air)”), environmental microbiology, indoor air quality, asbestos/minerals, industrial hygiene, chemical analysis, and pharmaceutical/medical device/biotechnology testing.",explicit_gmp,True,found_via_search,extracted,"checked_pages_not_found (pages_checked=8,fetched_ok=8,total_text_chars=126608)",extracted,found_via_fallback_search,extracted,extracted,EMSL Analytical,True,HQ Lab @ EMSL Analytical
ENT-000421,1,env_labs_standardized.csv,"EMSL ANALYTICAL, INC.",,TNI02584,,ROCHESTER,New York,,,env_labs,https://www.emsl.com/,Mr. Peter Donato,atlantalab@emsl.com,,,,,,"Provides laboratory testing services across multiple categories, including materials testing, environmental testing, chemical analysis, microbiology, indoor air quality, asbestos & minerals, industrial hygiene, fire & smoke, and radiochemistry.",explicit_gmp,True,found_via_search,extracted,found_via_fallback_search,extracted,found_via_fallback_search,extracted,extracted,EMSL ANALYTICAL,False,Rochester Lab @ EMSL ANALYTICAL
ENT-000422,1,env_labs_standardized.csv,"EMSL Analytical, Inc.",,TNI02793,200 Rt 130 North,St. Louis,Missouri,,,env_labs,https://emsl.com/,,saintlouislab@emsl.com,,,,,,"Provides laboratory testing services including “Air Quality Testing in Food Facilities (Ambient and Compressed Air)”. Additional listed lab services include areas such as asbestos, chemical analysis, microbiology/pathogens, indoor air quality, environmental monitoring, metals, fire and smoke testing, radiochemistry/radiological testing, pharmaceutical/medical device/biotechnology testing, and DNA/PCR and whole genome sequencing.",explicit_gmp,True,found_via_search,extracted,"checked_pages_not_found (pages_checked=8,fetched_ok=8,total_text_chars=126596)",found_via_fallback_search,found_via_fallback_search,extracted,extracted,EMSL Analytical,False,St. Louis Lab @ EMSL Analytical
ENT-000423,1,env_labs_standardized.csv,"EMSL Analytical, Inc. - FL",,TNI00389,,North Miami Beach,Florida,,,env_labs,https://www.emsl.com/,,miamilab@emsl.com,,,,,,"The text lists many laboratory services offered by EMSL, including materials testing, environmental microbiology, indoor air quality, asbestos & minerals, industrial hygiene, chemical analysis, fire & smoke testing, radiochemistry, and pharmaceutical-related testing. It also references online results via ""LABConnect™ - Online Results & More"".",explicit_gmp,True,found_via_search,found_via_fallback_search,"checked_pages_not_found (pages_checked=8,fetched_ok=2,total_text_chars=20318)",found_via_fallback_search,found_via_fallback_search,extracted,extracted,EMSL Analytical,False,North Miami Beach Lab @ EMSL Analytical
ENT-000424,1,env_labs_standardized.csv,"EMSL Analytical, Inc. - Houston",,TNI00154,5950 Fairbanks North Houston Road,Houston,Texas,,,env_labs,https://www.emsl.com/,,houstonlab@emsl.com,,,,,,"Provides “Lab Services” including “Environmental Microbiology,” “Indoor Air Quality,” “Asbestos & Minerals,” “Industrial Hygiene,” “Chemical Analysis,” and “Fire & Smoke” testing, along with radiochemistry and other specialized laboratory analyses.",explicit_gmp,True,found_via_search,found_via_fallback_search,"checked_pages_not_found (pages_checked=8,fetched_ok=8,total_text_chars=126932)",found_via_fallback_search,found_via_fallback_search,extracted,extracted,EMSL Analytical,False,Houston Lab @ EMSL Analytical
ENT-000425,1,env_labs_standardized.csv,"EMSL Analytical, Inc. - Indianapolis",,TNI02705,6340 CastlePlace Dr.,Indianapolis,Indiana,,,env_labs,https://www.emsl.com/,,indianapolislab@emsl.com,,,,,,,no_explicit_gmp,False,found_via_search,found_via_fallback_search,"pages_likely_js_rendered (pages_checked=8,fetched_ok=1,total_text_chars=276)",found_via_fallback_search,extracted,"pages_likely_js_rendered (pages_checked=8,fetched_ok=1,total_text_chars=276)","pages_likely_js_rendered (pages_checked=8,fetched_ok=1,total_text_chars=276)",EMSL Analytical,False,"6340 CastlePlace Dr., Indianapolis Lab @ EMSL Analytical"
ENT-000426,1,env_labs_standardized.csv,"EMSL Analytical, Inc. - Orlando",,TNI00390,,Orlando,Florida,,,env_labs,https://emsl.com/,,atlantatalab@emsl.com,,,,,,"Laboratory testing services including ""Air Quality Testing in Food Facilities (Ambient and Compressed Air)"".",explicit_gmp,True,found_via_search,extracted,"checked_pages_not_found (pages_checked=8,fetched_ok=5,total_text_chars=90159)",extracted,found_via_fallback_search,extracted,extracted,EMSL Analytical,False,Orlando Lab @ EMSL Analytical
ENT-000427,1,env_labs_standardized.csv,ENDICOTT WASTEWATER TREATMENT,,TNI01551,1009 East Main Street,ENDICOTT,New York,,,env_labs,https://www.endicottny.com/,Nick burlingame,VOEMAYOR@endicottny.com,,,,,,"The Water Pollution Control Plant (WPCP) treats wastewater for approximately 50,000 users and processes an average of 7.7 MGD, with effluent discharged into the Susquehanna River. The facility also treats and repurposes biosolids through anaerobic digestion and thermal drying, and accepts leaves and yard waste for composting.",no_explicit_gmp,False,found_via_search,extracted,extracted,extracted,extracted,"checked_pages_not_found (pages_checked=6,fetched_ok=6,total_text_chars=21393)",extracted,ENDICOTT WASTEWATER TREATMENT,True,HQ Lab @ ENDICOTT WASTEWATER TREATMENT
ENT-000428,1,env_labs_standardized.csv,ENDYNE INC (#2037),,TNI01038,160 James Brown Dr; 56 Etna Rd Suite F; 315 New York Rd; 553 Route 149 Suite B,LEBANON,New Hampshire,,,env_labs,https://www.endynelabs.com/,,info@endynelabs.com,,,,,,"Endyne provides full-service chemical and microbiological laboratory testing and environmental/product testing. Services include wastewater and sludge analysis, municipal drinking water and private water testing, and microbiological testing, along with supplies/services such as sample containers and courier bottle pickup delivery for transporting samples.",no_explicit_gmp,True,found_via_search,extracted,"checked_pages_not_found (pages_checked=8,fetched_ok=8,total_text_chars=27420)",extracted,extracted,extracted,extracted,ENDYNE,False,Lebanon Lab @ ENDYNE
ENT-000429,1,env_labs_standardized.csv,ENDYNE INC WILLISTON VT,,TNI01671,,WILLISTON,Vermont,,,env_labs,https://www.endynelabs.com/,,info@endynelabs.com,,,,,,"Endyne provides comprehensive environmental and product testing, including wastewater and sludge analysis, municipal drinking water, private water testing, and microbiological testing for food products, rinsates, and environmental swabs. The site also describes sample collection support such as sample containers, filtering and sampling supplies, coolers, courier pick-up and drop-off, and chain of custody paperwork.",no_explicit_gmp,True,found_via_search,extracted,"checked_pages_not_found (pages_checked=8,fetched_ok=8,total_text_chars=27420)",extracted,extracted,extracted,extracted,ENDYNE,False,Williston Lab @ ENDYNE
ENT-000430,1,env_labs_standardized.csv,"ENDYNE, INC",,TNI01831,160 James Brown Dr,LAKE GEORGE,New York,,,env_labs,https://www.endynelabs.com/,,info@endynelabs.com,,,,,,"Endyne provides analytical services including chemical and microbiological testing for environmental and product needs such as wastewater, municipal drinking water, private water testing, and microbiological testing for food products, rinsates, and environmental swabs. It also offers sampling-related supplies/services such as sample containers, filtering and sampling supplies, coolers for collection and transport, courier pick-up/drop-off, and bottle orders.",no_explicit_gmp,True,found_via_search,extracted,"checked_pages_not_found (pages_checked=8,fetched_ok=8,total_text_chars=27420)",extracted,extracted,extracted,extracted,ENDYNE,False,Lake George Lab @ ENDYNE
ENT-000431,1,env_labs_standardized.csv,Energy Laboratories Inc.,,TNI00391,2393 Salt Creek Hwy,Casper,Wyoming,,,env_labs,https://www.energylab.com/,Donny Juarez,djuarez@energylab.com,,,,,,,no_explicit_gmp,False,found_via_search,found_via_fallback_search,found_via_fallback_search,found_via_fallback_search,extracted,"pages_likely_js_rendered (pages_checked=1,fetched_ok=1,total_text_chars=71)","pages_likely_js_rendered (pages_checked=1,fetched_ok=1,total_text_chars=71)",Energy Laboratories,False,Casper Lab @ Energy Laboratories
ENT-000432,1,env_labs_standardized.csv,"Energy Laboratories, Inc. - MT",,TNI00393,1120 S 27th St,Billings,Montana,,,env_labs,https://www.energylab.com/,,lwise@energylab.com,,,,,,,no_explicit_gmp,True,found_via_search,found_via_fallback_search,"pages_likely_js_rendered (pages_checked=1,fetched_ok=1,total_text_chars=71)",found_via_fallback_search,extracted,extracted,"pages_likely_js_rendered (pages_checked=1,fetched_ok=1,total_text_chars=71)",Energy Laboratories,False,Billings Lab @ Energy Laboratories
ENT-000433,1,env_labs_standardized.csv,"Engel Water Testing, Inc.",,TNI01073,9300 County Road 15,Minnetrista,Minnesota,,,env_labs,https://engelwatertesting.com/,John & Kathryn Engel,,,,,,,"The company provides water testing services, including analyzing well water for safety. They offer onsite visits for water sampling and testing for parameters such as nitrates, coliform bacteria, arsenic, and lead, among others mentioned.",no_explicit_gmp,True,found_via_search,found_via_fallback_search,extracted,"checked_pages_not_found (pages_checked=5,fetched_ok=4,total_text_chars=5494)",extracted,extracted,extracted,Engel Water Testing,True,HQ Lab @ Engel Water Testing
ENT-000434,1,env_labs_standardized.csv,Englewood Water District,,TNI00316,201 Selma Ave.,Englewood,Florida,,,env_labs,https://englewoodwater.com/,"Keith R. Ledford, Jr., P.E.",info@englewoodwater.com,,,,,,"Operates a lime softening treatment plant and a reverse osmosis treatment plant, mixes finished waters, and sends them into the distribution system. Also operates a ""3.0 MGD Water Reclamation Facility"" and an associated wastewater collections and reclaimed water system.",no_explicit_gmp,False,found_via_search,extracted,extracted,extracted,extracted,"checked_pages_not_found (pages_checked=8,fetched_ok=3,total_text_chars=13659)",extracted,Englewood Water District,True,HQ Lab @ Englewood Water District
ENT-000435,1,env_labs_standardized.csv,"Entech Engineering, Inc.",,TNI00115,201 Penn Street | Suite 300 | PO Box 32,League City,Texas,,,env_labs,https://www.entecheng.com/,"Billy T. Y. Lee, P. E.",blee@entechengineeringtexas.com,,,,,,"Planning, design, and consulting services for buildings, campuses, and infrastructure assets, including engineering design and management of mechanical, electrical, civil, water, wastewater, environmental, and energy planning and design. Services also include oil & gas facility engineering (commissioning, compressor stations, metering and regulation, and processing/refinery), with related engineering tasks such as PSV studies and capacity review, pipeline hydraulics/analysis, and facility engineering services.",no_explicit_gmp,True,found_via_search,extracted,found_via_fallback_search,found_via_fallback_search,extracted,extracted,extracted,Entech Engineering,True,HQ Lab @ Entech Engineering
ENT-000436,1,env_labs_standardized.csv,Enthalpy Analtytical LLC,,TNI01387,,Durham,North Carolina,,,env_labs,https://enthalpy.com/,Dr. Matt Loftis,,,,,,,,,,found_via_search,found_via_fallback_search,found_via_fallback_search,"no_pages_fetched_ok (pages_checked=1,fetched_ok=0,total_text_chars=0)","no_pages_fetched_ok (pages_checked=1,fetched_ok=0,total_text_chars=0)","no_pages_fetched_ok (pages_checked=1,fetched_ok=0,total_text_chars=0)","no_pages_fetched_ok (pages_checked=1,fetched_ok=0,total_text_chars=0)",Enthalpy Analtytical,True,HQ Lab @ Enthalpy Analtytical
ENT-000437,1,env_labs_standardized.csv,Enthalpy Analytical LLC,,TNI02486,2714 Exchange Drive,Wilmington,North Carolina,,,env_labs,https://enthalpy.com/,Hemed Mohamed,hfmohamed@montrose-env.com,,,,,,,,,found_via_search,found_via_fallback_search,found_via_fallback_search,found_via_fallback_search,"no_pages_fetched_ok (pages_checked=1,fetched_ok=0,total_text_chars=0)","no_pages_fetched_ok (pages_checked=1,fetched_ok=0,total_text_chars=0)","no_pages_fetched_ok (pages_checked=1,fetched_ok=0,total_text_chars=0)",Enthalpy Analytical,True,HQ Lab @ Enthalpy Analytical
ENT-000438,1,env_labs_standardized.csv,ENVIRO TESTING/KEYSTONE MATERIAL TESTING (LLC),,TNI01690,58 Exchange Street,BINGHAMTON,New York,,,env_labs,https://keyscomp.com/kmt/,"KENNETH D. ELLSWORTH, P.E.",info@kmtcomp.com,,,,,,"Provides professional construction material testing services, including soil, concrete, and aggregate tests in-house. Also provides follow-up environmental consulting or other geotechnical services upon receiving test results.",no_explicit_gmp,True,found_via_search,extracted,extracted,extracted,extracted,extracted,extracted,ENVIRO TESTINGKEYSTONE MATERIAL TESTING,True,HQ Lab @ ENVIRO TESTINGKEYSTONE MATERIAL TESTING
ENT-000439,1,env_labs_standardized.csv,"Envirodyne Laboratories, Inc.",,TNI00056,11011 Brooklet Dr. #230,Stafford,Texas,,,env_labs,https://envirodyne.com/,,,,,,,,,,,found_via_search,found_via_fallback_search,"no_pages_fetched_ok (pages_checked=1,fetched_ok=0,total_text_chars=0)","no_pages_fetched_ok (pages_checked=1,fetched_ok=0,total_text_chars=0)","no_pages_fetched_ok (pages_checked=1,fetched_ok=0,total_text_chars=0)","no_pages_fetched_ok (pages_checked=1,fetched_ok=0,total_text_chars=0)","no_pages_fetched_ok (pages_checked=1,fetched_ok=0,total_text_chars=0)",Envirodyne Laboratories,True,HQ Lab @ Envirodyne Laboratories
ENT-000440,1,env_labs_standardized.csv,Environmental  Sciences And Toxicology Laboratory,,TNI01431,,New York,New York,,,env_labs,,,,,,,,,,,,search_found_nothing,found_via_fallback_search,no_website_cannot_check_pages,no_website_cannot_check_pages,no_website_cannot_check_pages,no_website_cannot_check_pages,no_website_cannot_check_pages,Environmental Sciences And Toxicology Laboratory,True,HQ Lab @ Environmental Sciences And Toxicology Laboratory
ENT-000441,1,env_labs_standardized.csv,Environmental Analytical Service,,TNI02440,,San Luis Obispo,California,,,env_labs,https://easlab.com/,"Steve Hoyt, Phd.",stevehoyt@easlab.com,,,,,,,,,found_via_search,found_via_fallback_search,found_via_fallback_search,found_via_fallback_search,"no_pages_fetched_ok (pages_checked=1,fetched_ok=0,total_text_chars=0)","no_pages_fetched_ok (pages_checked=1,fetched_ok=0,total_text_chars=0)","no_pages_fetched_ok (pages_checked=1,fetched_ok=0,total_text_chars=0)",Environmental Analytical Service,True,HQ Lab @ Environmental Analytical Service
ENT-000442,1,env_labs_standardized.csv,"ENVIRONMENTAL BUILDING SOLUTIONS, LLC",,TNI01820,"1350 Broadway, 5th Fl",NEW YORK,New York,,,env_labs,https://www.ebsllcnyc.com/,,info@codegreen.com,,,,,,"Provides environmental consulting services including indoor air quality, mold, asbestos, inspections, and water treatment. Also offers compliance, special inspections, sustainability, building envelope guidance, and fire code/inspections support.",no_explicit_gmp,True,found_via_search,extracted,"checked_pages_not_found (pages_checked=8,fetched_ok=1,total_text_chars=3411)",extracted,extracted,extracted,extracted,ENVIRONMENTAL BUILDING SOLUTIONS,True,HQ Lab @ ENVIRONMENTAL BUILDING SOLUTIONS
ENT-000443,1,env_labs_standardized.csv,Environmental Enterprises USA Inc,,TNI01386,58485 Pearl Acres Rd. Suite D,Slidell,Louisiana,,,env_labs,https://www.eeusa.com/,President David L. Daniel,Email,,,,,,"Provides freshwater and saltwater toxicity testing (including Whole Effluent Toxicity and chronic toxicity tests) using indicator organisms cultured in-house. Also performs NCP toxicity testing, CTS chemically treated saltwater/freshwater toxicity testing, and GC/MS testing (EPA Method 1655) for crude oil contamination in non-aqueous drilling fluids.",no_explicit_gmp,True,found_via_search,extracted,extracted,extracted,extracted,extracted,extracted,Environmental Enterprises USA,True,HQ Lab @ Environmental Enterprises USA
ENT-000444,1,env_labs_standardized.csv,"Environmental Hazards Services, L L C",,TNI01759,7469 Whitepine Road,Richmond,Virginia,,,env_labs,https://leadlab.com/,Howard D. Varner,hvarner@leadlab.com,,,,,,,,,found_via_search,found_via_fallback_search,found_via_fallback_search,found_via_fallback_search,"no_pages_fetched_ok (pages_checked=1,fetched_ok=0,total_text_chars=0)","no_pages_fetched_ok (pages_checked=1,fetched_ok=0,total_text_chars=0)","no_pages_fetched_ok (pages_checked=1,fetched_ok=0,total_text_chars=0)",Environmental Hazards Services L L C,True,HQ Lab @ Environmental Hazards Services L L C
ENT-000445,1,env_labs_standardized.csv,ENVIRONMENTAL LABWORKS  INC,,TNI01612,,MARLBORO,New York,,,env_labs,https://www.environmentallabworks.com/,,environmental.labworks@gmail.com,,,,,,,,,found_via_search,found_via_fallback_search,"no_pages_fetched_ok (pages_checked=8,fetched_ok=0,total_text_chars=0)",found_via_fallback_search,"no_pages_fetched_ok (pages_checked=8,fetched_ok=0,total_text_chars=0)","no_pages_fetched_ok (pages_checked=8,fetched_ok=0,total_text_chars=0)","no_pages_fetched_ok (pages_checked=8,fetched_ok=0,total_text_chars=0)",ENVIRONMENTAL LABWORKS,True,HQ Lab @ ENVIRONMENTAL LABWORKS
ENT-000446,1,env_labs_standardized.csv,"Environmental Monitoring Laboratory, LLC",,TNI00042,6145 State Highway 171,Hillsboro,Texas,,,env_labs,https://www.emlhillsboro.com/,"Charles ""Chuck"" Blair, Jr.",homeoffice@yourwaterlab.com,,,,,,,explicit_gmp,,found_via_search,found_via_fallback_search,found_via_fallback_search,found_via_fallback_search,found_via_fallback_search,"no_pages_fetched_ok (pages_checked=1,fetched_ok=0,total_text_chars=0)","no_pages_fetched_ok (pages_checked=1,fetched_ok=0,total_text_chars=0)",Environmental Monitoring Laboratory,True,HQ Lab @ Environmental Monitoring Laboratory
ENT-000447,1,env_labs_standardized.csv,"Environmental Monitoring, Inc.",,TNI01263,5730 Industrial Park Road,Norton,Virginia,,,env_labs,https://www.emilab.com/,R. J. Porter,rjporter@emilab.com,,,,,,"EMI provides sampling and analytical services and interpretative consultation services, including general laboratory analytical services, microbiology, organic and inorganic chemistry, and analyses for soil, water, and waste matrices. It also offers field services such as landfill monitoring, air monitoring, and groundwater sampling/surveys, plus consulting services for investigating, analyzing, and remediating environmental problems.",no_explicit_gmp,True,found_via_search,extracted,extracted,extracted,extracted,extracted,extracted,Environmental Monitoring,True,HQ Lab @ Environmental Monitoring
ENT-000448,1,env_labs_standardized.csv,"Environmental Quality Laboratories, Inc. - PR",,TNI00402,"Minillas Industrial Park #60 E Street, Bayamó",Bayamon,Puerto Rico,,,env_labs,http://www.eqlab.com,"Gerardo Sarriera, P.E., M.E.",gerry@eqlab.com,,,,,,,,,found_via_search,found_via_fallback_search,found_via_fallback_search,found_via_fallback_search,"no_pages_fetched_ok (pages_checked=1,fetched_ok=0,total_text_chars=0)","no_pages_fetched_ok (pages_checked=1,fetched_ok=0,total_text_chars=0)","no_pages_fetched_ok (pages_checked=1,fetched_ok=0,total_text_chars=0)",Environmental Quality Laboratories,True,HQ Lab @ Environmental Quality Laboratories
ENT-000449,1,env_labs_standardized.csv,ENVIRONMENTAL QUALITY TESTING LABORATORY,,TNI02401,,WASHINGTON,District of Columbia,,,env_labs,https://www.udc.edu/causes/eqtl/,"Tolessa Deksissa, Ph.D. Director, Water Resources Research Institute (WRRI) Director, Professional Science Master's Program, and Environmental Quality Testing Laboratory",[email protected],,,,,,"Offers full-service environmental sampling and analysis, including high-quality reliable and affordable analytical and field sample collection services. Analytical testing includes metals and elemental analysis, plant nutrients, semi-volatile organic compounds (pesticides), microbiology (Fecal Coliform), soil pH/water hardness/total alkalinity, plus customer services such as electronic data deliverables, data interpretation, chain-of-custody and sampling container labels, and sample collection (DC only) and courier services.",no_explicit_gmp,False,found_via_search,extracted,extracted,extracted,extracted,"checked_pages_not_found (pages_checked=8,fetched_ok=8,total_text_chars=39317)",extracted,ENVIRONMENTAL QUALITY TESTING LABORATORY,True,HQ Lab @ ENVIRONMENTAL QUALITY TESTING LABORATORY
ENT-000450,1,env_labs_standardized.csv,Environmental Reagent Service,,TNI00403,,Ft. Lauderdale,Florida,,,env_labs,https://www.erslaboratory.com/,Julie J Furman,JULIEF@ERSLABORATORY.COM,,,,,,,,,found_via_search,found_via_fallback_search,found_via_fallback_search,found_via_fallback_search,"no_pages_fetched_ok (pages_checked=1,fetched_ok=0,total_text_chars=0)","no_pages_fetched_ok (pages_checked=1,fetched_ok=0,total_text_chars=0)","no_pages_fetched_ok (pages_checked=1,fetched_ok=0,total_text_chars=0)",Environmental Reagent Service,True,HQ Lab @ Environmental Reagent Service
ENT-000451,1,env_labs_standardized.csv,Environmental Resource Analysts - AL,,TNI00405,2975 Brown Court,Auburn,Alabama,,,env_labs,https://eralab.com/,Erin Consuegra,econsuegra@eralab.com,,,,,,"ERA Lab provides analytical testing for wastewater, drinking water, stormwater, groundwater, and sludge. Services include Toxicity Testing (chronic and acute), Priority Pollutants (40 CFR 423) analysis, Long Term BOD testing, sample kits with chain of custody, sample pick-ups & shipments, courier routes in Alabama and Georgia, online review of results, and drinking water monitoring including DMR submissions and CCR preparations.",no_explicit_gmp,True,found_via_search,found_via_fallback_search,found_via_fallback_search,found_via_fallback_search,extracted,extracted,extracted,Environmental Resource Analysts AL,True,HQ Lab @ Environmental Resource Analysts AL
ENT-000452,1,env_labs_standardized.csv,Environmental Services Company Inc,,TNI02498,13715 West Markham Street,Little Rock,Arkansas,,,env_labs,https://www.esclabs.com/,Mr. Baxter Woosley,baxterw@esclabs.com,,,,,,"ESC provides environmental assessment and consulting, including Phase I and II Environmental Site Assessments. It also offers air emissions air testing (with mobile laboratories), plus wastewater sampling/field analysis/reporting, stormwater instruction/test kits/sampling/field analysis/reporting, tanks and planning compliance review/sampling/groundwater profiling/closure support, hazardous waste sampling/reporting/permit assistance, environmental site assessments, landfill and groundwater sampling/reporting, and surface water lake/river studies.",no_explicit_gmp,True,found_via_search,extracted,found_via_fallback_search,found_via_fallback_search,extracted,extracted,extracted,Environmental Services Company,True,HQ Lab @ Environmental Services Company
ENT-000453,1,env_labs_standardized.csv,"Environmental Systems Service, LTD.- Culpeper",,TNI01246,218 North Main Street,Culpeper,Virginia,,,env_labs,https://www.ess-services.com/,,info@ess-services.com,,,,,,"ESS provides environmental consulting and testing, including water and wastewater treatment and analyses. Services include initial assessments, monitoring strategies, field sampling, corrective actions, contract operations & maintenance (O&M), equipment repair and calibration, field consulting and sampling, stormwater program assistance, and microbiological and chemical environmental laboratory testing.",no_explicit_gmp,True,found_via_search,extracted,"checked_pages_not_found (pages_checked=8,fetched_ok=8,total_text_chars=19189)",extracted,extracted,extracted,extracted,Environmental Systems Service,True,HQ Lab @ Environmental Systems Service
ENT-000454,1,env_labs_standardized.csv,"Environmental Testing Group, Inc.",,TNI00407,,Bentonville,Arkansas,,,env_labs,https://environmentaltestinggroup.us/,Josh Heffren,heffren@etestg.com,,,,,,,,,found_via_search,found_via_fallback_search,found_via_fallback_search,found_via_fallback_search,"no_pages_fetched_ok (pages_checked=1,fetched_ok=0,total_text_chars=0)","no_pages_fetched_ok (pages_checked=1,fetched_ok=0,total_text_chars=0)","no_pages_fetched_ok (pages_checked=1,fetched_ok=0,total_text_chars=0)",Environmental Testing Group,True,HQ Lab @ Environmental Testing Group
ENT-000455,1,env_labs_standardized.csv,"Environmental Testing Laboratories, Inc.",,TNI00408,412 W. Walcott St.,Thomasville,Georgia,,,env_labs,https://www.etl-inc.com/,"Brad Williams, President of Operations",bwilliams@etl-inc.com,,,,,,"ETL provides certified environmental analyses for groundwater, surface water, wastewater, soil, sediment, sludge, air, and oil sample matrices. It also supports clients with compliance obligations related to federal, state, and local environmental regulations.",no_explicit_gmp,True,found_via_search,extracted,extracted,extracted,extracted,extracted,extracted,Environmental Testing Laboratories,True,HQ Lab @ Environmental Testing Laboratories
ENT-000456,1,env_labs_standardized.csv,"ENVIROSCIENCE CONSULTANTS, LLC",,TNI01749,"2150 Smithtown Avenue, Suite 3",RONKONKOMA,New York,,,env_labs,https://enviroscienceconsultants.com/,Edward Detweiler,edetweiler@envirohealth.org,,,,,,,,,found_via_search,found_via_fallback_search,found_via_fallback_search,found_via_fallback_search,"no_pages_fetched_ok (pages_checked=1,fetched_ok=0,total_text_chars=0)","no_pages_fetched_ok (pages_checked=1,fetched_ok=0,total_text_chars=0)","no_pages_fetched_ok (pages_checked=1,fetched_ok=0,total_text_chars=0)",ENVIROSCIENCE CONSULTANTS,True,HQ Lab @ ENVIROSCIENCE CONSULTANTS
ENT-000457,1,env_labs_standardized.csv,ENVIROSCIENCE INC.,,TNI02792,5070 Stow Road,STOW,Ohio,,,env_labs,https://www.enviroscienceinc.com/,Greg Zimmerman,gzimmerman@enviroscienceinc.com,,,,,,,,,found_via_search,found_via_fallback_search,found_via_fallback_search,found_via_fallback_search,"no_pages_fetched_ok (pages_checked=1,fetched_ok=0,total_text_chars=0)","no_pages_fetched_ok (pages_checked=1,fetched_ok=0,total_text_chars=0)","no_pages_fetched_ok (pages_checked=1,fetched_ok=0,total_text_chars=0)",ENVIROSCIENCE,True,HQ Lab @ ENVIROSCIENCE
ENT-000458,1,env_labs_standardized.csv,Envirosource Corp. dba Green Analytical Laboratories,,TNI02259,75 Suttle Street,Durango,Colorado,,,env_labs,https://greenanalytical.com/,Jeremy D Allen,jeremy.allen@greenanalytical.com,,,,,,,,,found_via_search,found_via_fallback_search,found_via_fallback_search,found_via_fallback_search,"no_pages_fetched_ok (pages_checked=1,fetched_ok=0,total_text_chars=0)","no_pages_fetched_ok (pages_checked=1,fetched_ok=0,total_text_chars=0)","no_pages_fetched_ok (pages_checked=1,fetched_ok=0,total_text_chars=0)",Envirosource,True,HQ Lab @ Envirosource
ENT-000459,1,env_labs_standardized.csv,"Envirotech, Inc.",,TNI02505,5796 U.S. Highway 64,Farmington,New Mexico,,,env_labs,https://envirotech-inc.com/,Walter Hinchman Laboratory Director,whinchman@envirotech-inc.com,,,,,,"Envirotech provides environmental consulting and remediation services including emergency spill response, hazardous material abatement & remediation, and laboratory sample analysis for soil and waste water. It also offers services such as UST/AST closure assessments, environmental site assessments (Phase I, II, and III), air quality management (including emission inventory plans and emissions testing), LUST remediation management, site remediation and contamination management, demolition/construction, and landfarm remediation of hydrocarbon-contaminated soil and water.",no_explicit_gmp,True,found_via_search,extracted,extracted,extracted,extracted,extracted,extracted,Envirotech,True,HQ Lab @ Envirotech
ENT-000460,1,env_labs_standardized.csv,EPA Region 9 Field Services Support Center,,TNI00238,,Hayward,California,,,env_labs,,,,,,,,,,,,search_found_nothing,found_via_fallback_search,no_website_cannot_check_pages,no_website_cannot_check_pages,no_website_cannot_check_pages,no_website_cannot_check_pages,no_website_cannot_check_pages,EPA Region 9 Field Services Support Center,True,HQ Lab @ EPA Region 9 Field Services Support Center
ENT-000461,1,env_labs_standardized.csv,ERD Water LLC,,TNI00404,,Orlando,Florida,,,env_labs,,,,,,,,,,,,search_found_nothing,found_via_fallback_search,no_website_cannot_check_pages,no_website_cannot_check_pages,no_website_cannot_check_pages,no_website_cannot_check_pages,no_website_cannot_check_pages,ERD Water,True,HQ Lab @ ERD Water
ENT-000462,1,env_labs_standardized.csv,ERIE 1 BOCES,,TNI01705,355 Harlem Road,WEST SENECA,New York,,,env_labs,https://www.e1b.org/,,webmaster@e1b.org,,,,,,"Erie 1 BOCES provides services including athletics services to promote student-athlete development, certification services to evaluate credentials and recommend certification, communication services for public information needs (including print/copy and video/media requests), and labor relations services to provide advice and assistance with labor and personnel relations matters.",no_explicit_gmp,False,found_via_search,extracted,"checked_pages_not_found (pages_checked=8,fetched_ok=8,total_text_chars=59222)",found_via_fallback_search,extracted,"checked_pages_not_found (pages_checked=8,fetched_ok=8,total_text_chars=59222)",extracted,ERIE 1 BOCES,True,HQ Lab @ ERIE 1 BOCES
ENT-000463,1,env_labs_standardized.csv,ERIE COUNTY PUBLIC HEALTH LABORATORY,,TNI01555,503 Kensington Avenue,BUFFALO,New York,,,env_labs,https://www3.erie.gov/health/public-health-laboratory,,ecphl@erie.gov,,,,,,"Provides public health and environmental laboratory services, including clinical laboratory testing and environmental laboratory permits (e.g., Environmental Analysis/Potable Water, Non-potable Water, and Solid and Hazardous Waste). Offers rapid test result turn-around time, a competitive fee schedule, and customized testing negotiable via consultation.",no_explicit_gmp,False,found_via_search,extracted,"checked_pages_not_found (pages_checked=8,fetched_ok=6,total_text_chars=34408)",extracted,extracted,"checked_pages_not_found (pages_checked=8,fetched_ok=6,total_text_chars=34408)",extracted,ERIE COUNTY PUBLIC HEALTH LABORATORY,True,HQ Lab @ ERIE COUNTY PUBLIC HEALTH LABORATORY
ENT-000464,1,env_labs_standardized.csv,ERIE COUNTY SOUTHTOWNS AGENCY,,TNI01534,95 Franklin St,BUFFALO,New York,,,env_labs,,,,,,,,,,,,search_found_nothing,found_via_fallback_search,no_website_cannot_check_pages,no_website_cannot_check_pages,no_website_cannot_check_pages,no_website_cannot_check_pages,no_website_cannot_check_pages,ERIE COUNTY SOUTHTOWNS AGENCY,True,HQ Lab @ ERIE COUNTY SOUTHTOWNS AGENCY
ENT-000465,1,env_labs_standardized.csv,ERT/REAC LABORATORY,,TNI01280,,EDISON,New Jersey,,,env_labs,,,,,,,,,,,,search_found_nothing,found_via_fallback_search,no_website_cannot_check_pages,no_website_cannot_check_pages,no_website_cannot_check_pages,no_website_cannot_check_pages,no_website_cannot_check_pages,ERTREAC LABORATORY,True,HQ Lab @ ERTREAC LABORATORY
ENT-000466,1,env_labs_standardized.csv,Escambia County Water Quality Laboratory,,TNI02441,3363 West Park Place,Pensacola,Florida,,,env_labs,https://myescambia.com/our-services/natural-resources-management/water-quality-land-management/water-quality-laboratory,,escambiacountylab@myescambia.com,,,,,,"The Escambia County Water Quality Laboratory provides environmental testing, monitoring, assessment and information services. It performs testing on surface and groundwater samples for NPDES monitoring compliance and offers private well bacteria testing (total coliform with E. Coli confirmation) for Escambia County residents.",no_explicit_gmp,False,found_via_search,found_via_fallback_search,"checked_pages_not_found (pages_checked=8,fetched_ok=8,total_text_chars=44110)",extracted,extracted,"checked_pages_not_found (pages_checked=8,fetched_ok=8,total_text_chars=44110)",extracted,Escambia County Water Quality Laboratory,True,HQ Lab @ Escambia County Water Quality Laboratory
ENT-000467,1,env_labs_standardized.csv,"ETT Environmental, Inc.",,TNI00409,,Greer,South Carolina,,,env_labs,https://www.ettlab.org/,Dr. Robert W. Kelley,bobkelley@ettenvironmental.com,,,,,,"Provides toxicity testing laboratory services with ecological assessment and consulting for environmental testing focused on identifying and resolving wastewater toxicity problems. Labs staff personnel for acute and chronic toxicity testing, and separate chemical analysis in a chemistry lab.",no_explicit_gmp,True,found_via_search,found_via_fallback_search,found_via_fallback_search,found_via_fallback_search,extracted,extracted,extracted,ETT Environmental,True,HQ Lab @ ETT Environmental
ENT-000468,1,env_labs_standardized.csv,Eurofins - Midland,,TNI00163,1211 West Florida Avenue,Midland,Texas,,,env_labs,https://www.eurofinsus.com/,Allison Johnson,,,,,,,"Eurofins provides analytical testing services across multiple areas, including Life (Food & Feed, Environment, Agro, Sensory and Consumer Research), BioPharma (BioPharma Services, Agroscience, Genomic Services, Forensic Services), and Diagnostic Services & Products (including In Vitro Diagnostics Solutions and Clinical Diagnostic Services). It also lists Contract Development & Manufacturing Organisation (CDMO) and PSS Insourcing Solutions®.",no_explicit_gmp,True,found_via_search,found_via_fallback_search,found_via_fallback_search,"checked_pages_not_found (pages_checked=8,fetched_ok=3,total_text_chars=229864)",extracted,extracted,extracted,Eurofins,False,Midland Lab @ Eurofins
ENT-000469,1,env_labs_standardized.csv,Eurofins Albuquerque,,TNI00218,,Albuquerque,New Mexico,,,env_labs,https://www.eurofinsus.com/env,,jackie.bolte@et.eurofinsus.com,,,,,,"Eurofins Environment Testing provides environmental testing services including Air and vapor, Built environment testing, Ground and surface water, Industrial hygiene, health & safety, Metals and metals speciation, Microplastics, Municipal and drinking water, PFAS testing, Sediment and tissue, Soil and hazardous waste, and Specialty services.",no_explicit_gmp,True,found_via_search,found_via_fallback_search,"checked_pages_not_found (pages_checked=8,fetched_ok=3,total_text_chars=230569)",found_via_fallback_search,extracted,extracted,extracted,Eurofins,False,Albuquerque Lab @ Eurofins
ENT-000470,1,env_labs_standardized.csv,Eurofins Arkansas,,TNI01373,,Little Rock,Arkansas,,,env_labs,https://www.eurofins.com/en-us/,Gary Wood,xenco-reg@et.eurofinsus.com,,,,,,"Eurofins provides analytical testing services across multiple areas including life, food and feed, environment, agro, sensory/consumer research, and various BioPharma/medical device services. The text also lists services such as BioPharma product testing, discovery, medical device consulting/testing, and GMP/GLP/ISO 17025 testing.",explicit_gmp,True,found_via_search,found_via_fallback_search,found_via_fallback_search,found_via_fallback_search,extracted,extracted,extracted,Eurofins Arkansas,True,HQ Lab @ Eurofins Arkansas
ENT-000471,1,env_labs_standardized.csv,"EUROFINS ASCEND CLINICAL, LLC",,TNI02813,435 Oakmead Parkway,SUNNYVALE,California,,,env_labs,https://aclab.com/,,support@aclab.com,,,,,,,,,found_via_search,found_via_fallback_search,"no_pages_fetched_ok (pages_checked=1,fetched_ok=0,total_text_chars=0)",found_via_fallback_search,"no_pages_fetched_ok (pages_checked=1,fetched_ok=0,total_text_chars=0)","no_pages_fetched_ok (pages_checked=1,fetched_ok=0,total_text_chars=0)","no_pages_fetched_ok (pages_checked=1,fetched_ok=0,total_text_chars=0)",EUROFINS ASCEND CLINICAL,True,HQ Lab @ EUROFINS ASCEND CLINICAL
ENT-000472,1,env_labs_standardized.csv,Eurofins Atlanta,,TNI00267,"1700 Enterprise Way, Suite 114",Atlanta,Georgia,,,env_labs,https://www.eurofinsus.com/clinical-diagnostics/vrl-eurofins/about-us/regional-laboratories/atlanta/,Dana Till,dtill@aesatlanta.com,,,,,,,,,found_via_search,found_via_fallback_search,found_via_fallback_search,found_via_fallback_search,"no_pages_fetched_ok (pages_checked=1,fetched_ok=0,total_text_chars=0)","no_pages_fetched_ok (pages_checked=1,fetched_ok=0,total_text_chars=0)","no_pages_fetched_ok (pages_checked=1,fetched_ok=0,total_text_chars=0)",Eurofins,False,Atlanta Lab @ Eurofins
ENT-000473,1,env_labs_standardized.csv,EUROFINS AUBURN (#2501),,TNI01021,155 Center Street,AUBURN,Maine,,,env_labs,https://www.allaboratory.com/,Rebecca Labranche,rlabranche@granitestateanalytical.com,,,,,,"Provides drinking water testing including microbiological and inorganic analysis, with services such as Total Coliforms, E.coli, Heterotrophs, and chemistry analyses for contaminants (e.g., metals/ions). Also offers radon analysis and consulting.",no_explicit_gmp,True,found_via_search,extracted,found_via_fallback_search,extracted,extracted,extracted,extracted,EUROFINS AUBURN 2501,True,HQ Lab @ EUROFINS AUBURN 2501
ENT-000474,1,env_labs_standardized.csv,Eurofins Bend,,TNI02413,,Bend,Oregon,,,env_labs,,,,,,,,,,,,search_found_nothing,no_website_fallback_search_failed,no_website_cannot_check_pages,no_website_cannot_check_pages,no_website_cannot_check_pages,no_website_cannot_check_pages,no_website_cannot_check_pages,Eurofins,False,Bend Lab @ Eurofins
ENT-000475,1,env_labs_standardized.csv,EUROFINS BUFFALO,,TNI01424,"10 Hazelwood Drive, Suite 106",AMHERST,New York,,,env_labs,https://www.eurofinsus.com/env,,EnvTesting@EurofinsUS.com,,,,,,"Provides environmental testing services including “Air and vapor,” “Built environment testing,” “General environment services,” “Ground and surface water,” “Industrial hygiene, health & safety,” “Metals and metals speciation,” “Microplastics,” “Municipal and drinking water,” “PFAS testing,” “Sediment and tissue,” “Soil and hazardous waste,” and “Specialty services.”",no_explicit_gmp,True,found_via_search,found_via_fallback_search,"checked_pages_not_found (pages_checked=8,fetched_ok=3,total_text_chars=230569)",found_via_fallback_search,extracted,extracted,extracted,EUROFINS BUFFALO,True,HQ Lab @ EUROFINS BUFFALO
ENT-000476,1,env_labs_standardized.csv,"Eurofins Built Environment Testing Central, LLC - Houston, TX",,TNI02597,,Pasadena,Texas,,,env_labs,https://www.eurofinsbuiltenv.com/,William Colbert,will.colbert@et.eurofinsus.com,,,,,,,,,found_via_search,found_via_fallback_search,found_via_fallback_search,found_via_fallback_search,"no_pages_fetched_ok (pages_checked=1,fetched_ok=0,total_text_chars=0)","no_pages_fetched_ok (pages_checked=1,fetched_ok=0,total_text_chars=0)","no_pages_fetched_ok (pages_checked=1,fetched_ok=0,total_text_chars=0)",Eurofins Built Environment Testing Central,True,HQ Lab @ Eurofins Built Environment Testing Central
ENT-000477,1,env_labs_standardized.csv,EUROFINS BUILT ENVIRONMENT TESTING EAST,,TNI02663,1006 Astoria Blvd,CHERRY HILL,New Jersey,,,env_labs,,,,,,,,,,,,search_found_nothing,found_via_fallback_search,no_website_cannot_check_pages,no_website_cannot_check_pages,no_website_cannot_check_pages,no_website_cannot_check_pages,no_website_cannot_check_pages,EUROFINS BUILT ENVIRONMENT TESTING EAST,False,Cherry Hill Lab @ EUROFINS BUILT ENVIRONMENT TESTING EAST
ENT-000478,1,env_labs_standardized.csv,EUROFINS BUILT ENVIRONMENT TESTING EAST LLC - CARY NC,,TNI02581,,CARY,North Carolina,,,env_labs,https://www.eurofins.com/en-us/environment-testing/built-environment-testing/,Dr. Tianbao Bai,tianbao.bai@eurofinset.com,,,,,,"Provides built environment testing services including “material testing,” “industrial hygiene monitoring,” “indoor air quality testing,” and “professional sampling solutions.” The services portfolio also includes a suite of analyses such as asbestos, mold, lead, silica, welding fume/hexavalent chromium, VOC’s, PCB’s, formaldehyde, and Legionella.",no_explicit_gmp,True,found_via_search,found_via_fallback_search,found_via_fallback_search,found_via_fallback_search,extracted,extracted,extracted,EUROFINS BUILT ENVIRONMENT TESTING EAST,False,Cary Lab @ EUROFINS BUILT ENVIRONMENT TESTING EAST
ENT-000479,1,env_labs_standardized.csv,Eurofins Built Environment Testing – Pasadena,,TNI02109,3113 Red Bluff Rd,Pasadena,Texas,,,env_labs,https://www.eurofinsus.com/Built,William Colbert,will.colbert@et.eurofinsus.com,,,,,,"Provides built environment testing services, including material testing, industrial hygiene monitoring, indoor air quality testing, and professional sampling solutions. Offers a portfolio of tests for potentially hazardous environmental conditions, including analyses such as asbestos, mold, lead, silica, welding fume/hexavalent chromium, VOC’s, PCB’s, formaldehyde, and Legionella.",no_explicit_gmp,True,found_via_search,found_via_fallback_search,found_via_fallback_search,found_via_fallback_search,extracted,extracted,extracted,Eurofins Built Environment Testing,True,HQ Lab @ Eurofins Built Environment Testing
ENT-000480,1,env_labs_standardized.csv,Eurofins Calscience,,TNI01210,,Tustin,California,,,env_labs,https://www.eurofinsus.com/environment-testing/,Elizabeth Winger,Env.Marketing@eurofinsET.com,,,,,,"Eurofins Environment Testing provides environmental testing services including air and vapor, built environment testing, ground and surface water, industrial hygiene (health & safety), metals and metals speciation, microplastics, municipal and drinking water, PFAS testing, sediment and tissue, soil and hazardous waste, and specialty services.",no_explicit_gmp,True,found_via_search,found_via_fallback_search,found_via_fallback_search,found_via_fallback_search,extracted,extracted,extracted,Eurofins Calscience,False,Tustin Lab @ Eurofins Calscience
ENT-000481,1,env_labs_standardized.csv,Eurofins Calscience Irvine,,TNI01228,,Irvine,California,,,env_labs,https://www.eurofinsus.com/calscience,,virendrapatel@eurofinsUS.com,,,,,,,,,found_via_search,found_via_fallback_search,"no_pages_fetched_ok (pages_checked=1,fetched_ok=0,total_text_chars=0)",found_via_fallback_search,"no_pages_fetched_ok (pages_checked=1,fetched_ok=0,total_text_chars=0)","no_pages_fetched_ok (pages_checked=1,fetched_ok=0,total_text_chars=0)","no_pages_fetched_ok (pages_checked=1,fetched_ok=0,total_text_chars=0)",Eurofins Calscience,False,Irvine Lab @ Eurofins Calscience
ENT-000482,1,env_labs_standardized.csv,Eurofins Cedar Falls,,TNI00232,3019 Venture Way,Cedar Falls,Iowa,,,env_labs,https://www.eurofins.com/env,"Bob Michels, Project Manager I",Bob.Michels@et.eurofinsus.com,,,,,,,,,found_via_search,found_via_fallback_search,found_via_fallback_search,found_via_fallback_search,"no_pages_fetched_ok (pages_checked=1,fetched_ok=0,total_text_chars=0)","no_pages_fetched_ok (pages_checked=1,fetched_ok=0,total_text_chars=0)","no_pages_fetched_ok (pages_checked=1,fetched_ok=0,total_text_chars=0)",Eurofins,False,Cedar Falls Lab @ Eurofins
ENT-000483,1,env_labs_standardized.csv,Eurofins Chicago,,TNI02053,"18410 Crossing Drive, Suite E",Tinley Park,Illinois,,,env_labs,https://www.eurofins.com/en-us/environment-testing/,,,,,,,,"Eurofins Environment Testing provides environmental testing services, including air and vapor, ground and surface water, industrial hygiene, metals and metals speciation, microplastics, municipal and drinking water, PFAS testing, sediment and tissue, soil and hazardous waste, and specialty services. It also describes waste management support including groundwater and leachate monitoring, landfill gas monitoring, ambient air monitoring, waste characterization, and RCRA characteristic testing (including ignitability, corrosivity, reactivity and toxicity).",no_explicit_gmp,True,found_via_search,found_via_fallback_search,"checked_pages_not_found (pages_checked=8,fetched_ok=8,total_text_chars=278221)","checked_pages_not_found (pages_checked=8,fetched_ok=8,total_text_chars=278221)",extracted,extracted,extracted,Eurofins Chicago,True,HQ Lab @ Eurofins Chicago
ENT-000484,1,env_labs_standardized.csv,Eurofins Cleveland,,TNI00592,180 S. Van Buren Avenue,Barberton,Ohio,,,env_labs,https://www.eurofins.com/en-us/environment-testing/,Lucas Grossman,lucas.grossman@et.eurofinsus.com,,,,,,"Eurofins Environment Testing provides environmental testing services such as air and vapor, built environment testing, general environment services, ground and surface water testing, industrial hygiene, metals and metals speciation, microplastics, municipal and drinking water, PFAS testing, sediment and tissue, soil and hazardous waste, and specialty services. It also offers support for waste management including groundwater and leachate monitoring and landfill gas and ambient air testing, as well as RCRA characteristic testing and waste characterization methods such as TCLP, SPLP, and CA WET.",no_explicit_gmp,True,found_via_search,found_via_fallback_search,found_via_fallback_search,found_via_fallback_search,extracted,extracted,extracted,Eurofins Cleveland,True,HQ Lab @ Eurofins Cleveland
ENT-000485,1,env_labs_standardized.csv,Eurofins Columbia,,TNI02554,,Irmo,South Carolina,,,env_labs,,,,,,,,,,,,search_found_nothing,no_website_fallback_search_failed,no_website_cannot_check_pages,no_website_cannot_check_pages,no_website_cannot_check_pages,no_website_cannot_check_pages,no_website_cannot_check_pages,Eurofins Columbia,True,HQ Lab @ Eurofins Columbia
ENT-000486,1,env_labs_standardized.csv,EUROFINS CONCORD (#1012),,TNI01037,51 Antrim Avenue,CONCORD,New Hampshire,,,env_labs,http://easternanalytical.com/,,customerservice@easternanalytical.com,,,,,,"Provides chemical and physical analysis of environmental and industrial samples, including drinking water, wastewater, soils, sludge, oils, hazardous waste, air, and more. Also offers field services such as direct push/auger drilling, sample collection/field analyses, equipment rental, and courier/data services.",no_explicit_gmp,True,found_via_search,extracted,"checked_pages_not_found (pages_checked=8,fetched_ok=8,total_text_chars=24056)",found_via_fallback_search,extracted,extracted,extracted,EUROFINS CONCORD 1012,True,HQ Lab @ EUROFINS CONCORD 1012
ENT-000487,1,env_labs_standardized.csv,Eurofins Corpus Christi,,TNI00022,1733 N. Padre Island Drive,Corpus Christi,Texas,,,env_labs,https://eurofinsus.com/environment-testing/locations/eurofins-corpus-christi,"Lindy Maingot, Project Manager II",Lindy.Maingot@et.eurofinsus.com,,,,,,,,,found_via_search,found_via_fallback_search,found_via_fallback_search,found_via_fallback_search,"no_pages_fetched_ok (pages_checked=1,fetched_ok=0,total_text_chars=0)","no_pages_fetched_ok (pages_checked=1,fetched_ok=0,total_text_chars=0)","no_pages_fetched_ok (pages_checked=1,fetched_ok=0,total_text_chars=0)",Eurofins,False,Corpus Christi Lab @ Eurofins
ENT-000488,1,env_labs_standardized.csv,Eurofins Corvallis,,TNI00224,,Corvallis,Oregon,,,env_labs,https://www.eurofinsus.com/env/,Donald E. Wyand,Env.Marketing@EurofinsET.co,,,,,,"Eurofins Environment Testing provides environmental testing services including air and vapor, built environment testing, general environment services, ground and surface water, industrial hygiene, health & safety, metals and metals speciation, microplastics, municipal and drinking water, PFAS testing, sediment and tissue, soil and hazardous waste, and specialty services.",no_explicit_gmp,True,found_via_search,found_via_fallback_search,found_via_fallback_search,found_via_fallback_search,extracted,extracted,extracted,Eurofins,False,Corvallis Lab @ Eurofins
ENT-000489,1,env_labs_standardized.csv,Eurofins Dallas,,TNI00080,,Dallas,Texas,,,env_labs,https://foodtesting.eurofinsus.com/dallas/,Mike Kimmel,Mike.Kimmel@et.eurofinsus.com,,,,,,"Provides microbiological testing services for food, feed, and ingredient industries, including environmental monitoring, product and ingredient testing, routine analytical testing, and special projects. Listed analyses include E. coli, O157:H7, Salmonella species, Listeria monocytogenes and species, Staphylococcus aureus, aerobic plate count, yeast & mold, coliforms, enterobacteriaceae, and lactic acid bacteria.",no_explicit_gmp,True,found_via_search,found_via_fallback_search,found_via_fallback_search,found_via_fallback_search,extracted,extracted,extracted,Eurofins,False,Dallas Lab @ Eurofins
ENT-000490,1,env_labs_standardized.csv,Eurofins Denver,,TNI00010,,Arvada,Colorado,,,env_labs,https://www.eurofinsus.com/,Jeanne Spencer,Jeanne.Spencer@reilab.com,,,,,,"The text states Eurofins provides “analytical testing services,” including Life (Food and Feed Testing, Environment Testing, Agro Testing, Sensory and Consumer Research) and BioPharma services such as BioPharma Product Testing and Contract Development & Manufacturing Organisation (CDMO), plus Diagnostic Services & Products and Consumer & Technology Products.",no_explicit_gmp,True,found_via_search,found_via_fallback_search,found_via_fallback_search,found_via_fallback_search,extracted,extracted,extracted,Eurofins Denver,True,HQ Lab @ Eurofins Denver
ENT-000491,1,env_labs_standardized.csv,EUROFINS DERRY (#1015),,TNI01043,22 Manchester Road,DERRY,New Hampshire,,,env_labs,https://www.granitestateanalytical.com/,"Donald D'Anjou, PhD",ddanjou@granitestateanalytical.com,,,,,,"Laboratory and technical services for drinking water analysis and water quality testing for residential (private well and public water supply) and public water systems. The company also provides Certified Operator Services, Sampling Agent Services, and Lake & River Sampling.",no_explicit_gmp,True,found_via_search,extracted,extracted,extracted,extracted,extracted,extracted,EUROFINS DERRY 1015,True,HQ Lab @ EUROFINS DERRY 1015
ENT-000492,1,env_labs_standardized.csv,"EUROFINS DRINKING WATER AND WASTEWATER CENTRAL, LLC",,TNI01646,1776 Marion-Waldo Road,MARION,Ohio,,,env_labs,,,,,,,,,,,,search_found_nothing,found_via_fallback_search,no_website_cannot_check_pages,no_website_cannot_check_pages,no_website_cannot_check_pages,no_website_cannot_check_pages,no_website_cannot_check_pages,EUROFINS DRINKING WATER AND WASTEWATER CENTRAL,True,HQ Lab @ EUROFINS DRINKING WATER AND WASTEWATER CENTRAL
ENT-000493,1,env_labs_standardized.csv,"Eurofins Eaton Analytical, LLC - Pomona",,TNI02760,941 Corporate Center Drive,Pomona,California,,,env_labs,http://www.eurofinsus.com/eaton,"Yoon Cha, Laboratory Director",Yoon.Cha@et.eurofinsUS.com,,,,,,,,,found_via_search,found_via_fallback_search,found_via_fallback_search,found_via_fallback_search,"no_pages_fetched_ok (pages_checked=1,fetched_ok=0,total_text_chars=0)","no_pages_fetched_ok (pages_checked=1,fetched_ok=0,total_text_chars=0)","no_pages_fetched_ok (pages_checked=1,fetched_ok=0,total_text_chars=0)",Eurofins Eaton Analytical,True,HQ Lab @ Eurofins Eaton Analytical
ENT-000494,1,env_labs_standardized.csv,EUROFINS EDISON,,TNI01281,,EDISON,New Jersey,,,env_labs,https://www.eurofinsus.com/,,,,,,,,"Eurofins provides analytical testing services across multiple industries, including Life (Food and Feed Testing, Environment Testing, Agro Testing, Sensory and Consumer Research) and BioPharma (BioPharma Services, Agroscience Services, Genomic Services, Forensic Services, Product Testing). The page also lists Contract Development & Manufacturing Organisation (CDMO) and PSS Insourcing Solutions®, along with other offerings such as Diagnostic Services & Products and Consumer Product Testing.",no_explicit_gmp,True,found_via_search,found_via_fallback_search,"checked_pages_not_found (pages_checked=8,fetched_ok=3,total_text_chars=229864)","checked_pages_not_found (pages_checked=8,fetched_ok=3,total_text_chars=229864)",extracted,extracted,extracted,EUROFINS,True,HQ Lab @ EUROFINS
ENT-000495,1,env_labs_standardized.csv,Eurofins El Paso,,TNI00032,,El Paso,Texas,,,env_labs,,,,,,,,,,,,search_found_nothing,found_via_fallback_search,no_website_cannot_check_pages,no_website_cannot_check_pages,no_website_cannot_check_pages,no_website_cannot_check_pages,no_website_cannot_check_pages,Eurofins,False,El Paso Lab @ Eurofins
ENT-000496,1,env_labs_standardized.csv,EUROFINS ENVIRONMENT TESTING CANADA INC (#2248),,TNI02805,"146 Colonnade Rd, Unit 8, Ottawa, ON K2E 7Y1",Ottawa,Ontario,,,env_labs,https://www.eurofins.com/en/environment-testing/,Amy Walpole-James,amywalpole-james@eurofinset.ca,,,,,,"Provides laboratory testing and monitoring services for water, air, soil, waste, building products and industrial hygiene applications. Specific listed service areas include soil and waste testing, water testing, air testing, built environment testing, radioactivity accredited testing, and energy and biofuel testing, plus specialty services for Maritime Services, PFAS, and Microplastics.",no_explicit_gmp,True,found_via_search,found_via_fallback_search,found_via_fallback_search,found_via_fallback_search,extracted,extracted,extracted,EUROFINS ENVIRONMENT TESTING CANADA,True,HQ Lab @ EUROFINS ENVIRONMENT TESTING CANADA
ENT-000497,1,env_labs_standardized.csv,Eurofins Environment Testing Ecotoxicology,,TNI00021,"2501 Mayes Road, Suite 100",Carrollton,Texas,,,env_labs,https://www.eurofins.com/en-us/environment-testing/,Chris Robason,chris.robason@et.eurofinsus.com,,,,,,"Provides environmental testing services for air and vapor, built environment testing, general environment services, including ground and surface water, industrial hygiene, metals and metals speciation, microplastics, municipal and drinking water, PFAS testing, sediment and tissue, soil and hazardous waste, and specialty services. Also supports waste management clients with analytical options including groundwater and leachate monitoring, landfill gas monitoring, ambient air monitoring, waste characterization, and RCRA characteristic testing (ignitability, corrosivity, reactivity and toxicity) including TCLP, SPLP and CA WET methods.",no_explicit_gmp,True,found_via_search,found_via_fallback_search,found_via_fallback_search,found_via_fallback_search,extracted,extracted,extracted,Eurofins Environment Testing Ecotoxicology,True,HQ Lab @ Eurofins Environment Testing Ecotoxicology
ENT-000498,1,env_labs_standardized.csv,Eurofins Environment Testing North Central,,TNI02593,180 S. Van Buren Avenue,Cleveland,Ohio,,,env_labs,,,,,,,,,,,,search_found_nothing,found_via_fallback_search,no_website_cannot_check_pages,no_website_cannot_check_pages,no_website_cannot_check_pages,no_website_cannot_check_pages,no_website_cannot_check_pages,Eurofins Environment Testing North Central,True,HQ Lab @ Eurofins Environment Testing North Central
ENT-000499,1,env_labs_standardized.csv,"Eurofins Environment Testing Northern California, LLC",,TNI01204,"180 Blue Ravine Road, Suite B",Folsom,California,,,env_labs,https://www.eurofins.com/en-us/environment-testing/,,env.marketing@et.eurofinsus.com,,,,,,"Eurofins Environment Testing provides environmental testing services, including air and vapor testing, built environment testing, general environment services, ground and surface water testing, industrial hygiene, health & safety, metals and metals speciation, microplastics, municipal and drinking water, PFAS testing, sediment and tissue, soil and hazardous waste, and specialty services. For waste management, it offers analytical options such as groundwater and leachate monitoring, landfill gas monitoring, ambient air monitoring, waste characterization, and RCRA characteristic testing (ignitability, corrosivity, reactivity and toxicity), including TCLP, SPLP and CA WET methods.",no_explicit_gmp,True,found_via_search,found_via_fallback_search,"checked_pages_not_found (pages_checked=8,fetched_ok=8,total_text_chars=278221)",found_via_fallback_search,extracted,extracted,extracted,Eurofins Environment Testing Northern California,True,HQ Lab @ Eurofins Environment Testing Northern California
ENT-000500,1,env_labs_standardized.csv,Eurofins Environment Testing Northwest - ASL,,TNI00202,,Corvallis,Oregon,,,env_labs,,,,,,,,,,,,search_found_nothing,found_via_fallback_search,no_website_cannot_check_pages,no_website_cannot_check_pages,no_website_cannot_check_pages,no_website_cannot_check_pages,no_website_cannot_check_pages,Eurofins Environment Testing Northwest ASL,True,HQ Lab @ Eurofins Environment Testing Northwest ASL
ENT-000501,1,env_labs_standardized.csv,EUROFINS ENVIRONMENT TESTING NORWAY AS,,TNI02397,"Ægirs vei 10, 4632 Kristiansand S",KRISTIANSAND,Not Applicable,,,env_labs,https://www.eurofins.no/,,foodconsulting@ftn.eurofins.com,,,,,,"Provides environment testing services including “Opphenting av prøver”, “Transportbestilling”, “Bestill emballasje”, “Bestill analyser”, and an online ordering/results platform (“Eurofins OnLine”). Also lists food & feed testing analytics such as microbiological, chemical, genetic, and sensory analyses.",no_explicit_gmp,True,found_via_search,found_via_fallback_search,"checked_pages_not_found (pages_checked=7,fetched_ok=7,total_text_chars=135431)",extracted,extracted,extracted,extracted,EUROFINS ENVIRONMENT TESTING NORWAY AS,True,HQ Lab @ EUROFINS ENVIRONMENT TESTING NORWAY AS
ENT-000502,1,env_labs_standardized.csv,EUROFINS ENVIRONMENT TESTING RADON LLC,,TNI01699,,CARROLLTON,Texas,,,env_labs,https://aelabs.com/,,radon@aelabs.com,,,,,,,,,found_via_search,found_via_fallback_search,"no_pages_fetched_ok (pages_checked=1,fetched_ok=0,total_text_chars=0)",found_via_fallback_search,"no_pages_fetched_ok (pages_checked=1,fetched_ok=0,total_text_chars=0)","no_pages_fetched_ok (pages_checked=1,fetched_ok=0,total_text_chars=0)","no_pages_fetched_ok (pages_checked=1,fetched_ok=0,total_text_chars=0)",EUROFINS ENVIRONMENT TESTING RADON,True,HQ Lab @ EUROFINS ENVIRONMENT TESTING RADON
ENT-000503,1,env_labs_standardized.csv,Eurofins Environment Testing South Central-SATL,,TNI00138,1610 South Laredo St,San Antonio,Texas,,,env_labs,https://www.satestinglab.com/,Travis Richter,Travis.Richter@et.eurofinsus.com,,,,,,"Environmental analytical services including PFAS, microbiology (bacteria in drinking water), metals by ICP/ICP-MS, BTEX and MTBE by GCMS, PAH by GC/MS, pesticide/PCB/herbicide analysis by GC, TCLP and SPLP analysis, TPH (TX1005/1006) by GC/MS, semi-volatile and volatile organics by GC/MS, and TRRP.",no_explicit_gmp,True,found_via_search,extracted,extracted,extracted,extracted,extracted,extracted,Eurofins Environment Testing South Central SATL,True,HQ Lab @ Eurofins Environment Testing South Central SATL
ENT-000504,1,env_labs_standardized.csv,"Eurofins EPK Built Environment Testing, LLC",,TNI01771,7619 6th Avenue NW,Seattle,Washington,,,env_labs,https://www.eurofins.com/en-us/environment-testing/built-environment-testing/,Kuan Wen Chen,Kuan.Chen@et.eurofinsus.com,,,,,,"Built environment testing services including ""material testing,"" ""industrial hygiene monitoring,"" ""indoor air quality testing,"" and ""professional sampling solutions."" The page also describes a portfolio of tests including ""asbestos, mold, lead, silica, welding fume/hexavalent chromium, VOC’s, PCB’s, formaldehyde, Legionella, combustion by-products and much more.""",no_explicit_gmp,True,found_via_search,found_via_fallback_search,found_via_fallback_search,found_via_fallback_search,extracted,extracted,extracted,Eurofins EPK Built Environment Testing,True,HQ Lab @ Eurofins EPK Built Environment Testing
ENT-000505,1,env_labs_standardized.csv,Eurofins Florida Keys,,TNI00445,3980 Overseas Highway Suite 103,Marathon,Florida,,,env_labs,https://www.eurofins.com/,,Env.Marketing@EurofinsET.com,,,,,,"Eurofins provides “analytical testing services” across markets and industries, including “Life Food and Feed Testing,” “Environment Testing,” “Agro Testing,” “Sensory and Consumer Research,” “Diagnostic Services & Products,” “In Vitro Diagnostics Solutions,” “Clinical Diagnostics,” and “Forensic Services.” The text also lists “Contract Development & Manufacturing Organisation (CDMO)” and other BioPharma-related services such as “Agroscience Services” and “Genomic Services.”",no_explicit_gmp,True,found_via_search,found_via_fallback_search,"checked_pages_not_found (pages_checked=8,fetched_ok=8,total_text_chars=275690)",found_via_fallback_search,extracted,extracted,extracted,Eurofins Florida Keys,True,HQ Lab @ Eurofins Florida Keys
ENT-000506,1,env_labs_standardized.csv,Eurofins Fort Lauderdale,,TNI02553,,Fort Lauderdale,Florida,,,env_labs,https://www.eurofinsus.com/built,Balu Krishnan,env.marketing@et.eurofinsus.com,,,,,,"Provides built environment testing services including material testing, industrial hygiene monitoring, indoor air quality testing, and professional sampling solutions. Offers industrial hygiene (IH) and indoor air quality (IAQ) testing with a suite of analyses including asbestos, mold, lead, silica, welding fume/hexavalent chromium, VOC’s, PCB’s, formaldehyde, and Legionella.",no_explicit_gmp,True,found_via_search,found_via_fallback_search,found_via_fallback_search,found_via_fallback_search,extracted,extracted,extracted,Eurofins,False,Fort Lauderdale Lab @ Eurofins
ENT-000507,1,env_labs_standardized.csv,Eurofins Ft. Myers,,TNI00554,,Ft. Myers,Florida,,,env_labs,,,,,,,,,,,,search_found_nothing,no_website_fallback_search_failed,no_website_cannot_check_pages,no_website_cannot_check_pages,no_website_cannot_check_pages,no_website_cannot_check_pages,no_website_cannot_check_pages,Eurofins,False,Ft. Myers Lab @ Eurofins
ENT-000508,1,env_labs_standardized.csv,Eurofins Geneva,,TNI02050,"1950 S Batavia Ave, Suite 150",Geneva,Illinois,,,env_labs,https://www.eurofinsus.com/environment-testing/services/municipal-and-drinking-water/,,,,,,,,"Eurofins Environment Testing provides “a full suite of routine and specialty lead water testing services for both potable and non-potable water,” including testing for drinking water, surface water, and groundwater monitoring programs, plus stormwater discharge permits (NPDES and TMDL programs). The page states analyses to ensure compliance with acceptable lead levels in drinking water.",no_explicit_gmp,True,found_via_search,found_via_fallback_search,"checked_pages_not_found (pages_checked=8,fetched_ok=3,total_text_chars=232846)","checked_pages_not_found (pages_checked=8,fetched_ok=3,total_text_chars=232846)",extracted,extracted,extracted,Eurofins,False,Geneva Lab @ Eurofins
ENT-000509,1,env_labs_standardized.csv,Eurofins Houston,,TNI00026,4145 Greenbriar Dr,Stafford,Texas,,,env_labs,https://xenco.com,Ana Spencer,AnaSpencer@EurofinsUS.com,,,,,,,,,found_via_search,found_via_fallback_search,found_via_fallback_search,found_via_fallback_search,"no_pages_fetched_ok (pages_checked=1,fetched_ok=0,total_text_chars=0)","no_pages_fetched_ok (pages_checked=1,fetched_ok=0,total_text_chars=0)","no_pages_fetched_ok (pages_checked=1,fetched_ok=0,total_text_chars=0)",Eurofins Houston,True,HQ Lab @ Eurofins Houston
ENT-000510,1,env_labs_standardized.csv,Eurofins Huntsville,,TNI00017,"601 Genome Way, Suite 2100",Huntsville,Texas,,,env_labs,,,,,,,,,,,,search_found_nothing,found_via_fallback_search,no_website_cannot_check_pages,no_website_cannot_check_pages,no_website_cannot_check_pages,no_website_cannot_check_pages,no_website_cannot_check_pages,Eurofins,False,Huntsville Lab @ Eurofins
ENT-000511,1,env_labs_standardized.csv,Eurofins Jacksonville,,TNI00399,"4810 Executive Park Court, Suite 110-111",Jacksonville,Florida,,,env_labs,https://www.eurofins.com/en-us/environment-testing/,,env.marketing@et.eurofinsus.com,,,,,,"Eurofins Environment Testing provides environmental testing services including air and vapor, built environment testing, general environment services, ground and surface water, industrial hygiene, metals and metals speciation, microplastics, municipal and drinking water, PFAS testing, sediment and tissue, soil and hazardous waste, and specialty services. It also offers waste management analytical options such as groundwater and leachate monitoring, landfill gas monitoring, ambient air monitoring, waste characterization, and RCRA characteristic testing.",explicit_gmp,True,found_via_search,found_via_fallback_search,"checked_pages_not_found (pages_checked=8,fetched_ok=8,total_text_chars=278221)",found_via_fallback_search,found_via_fallback_search,extracted,extracted,Eurofins,True,HQ Lab @ Eurofins
ENT-000512,1,env_labs_standardized.csv,Eurofins Kansas City,,TNI03063,"18000 W 99th St., Ste.#10",Lenexa,Kansas,,,env_labs,https://www.eurofins-viracor.com/,"Michelle Altrich President PhD, HCLD (ABB)",info@viracor.eurofinsus.com,,,,,,"Eurofins Viracor provides clinical diagnostic laboratory testing, specializing in infectious disease, immunology, transplant, and allergy. Services include testing with molecular diagnostics and immunology, and a test menu with nearly 3000 assays covering conditions such as infectious disease, pre- and post-transplant, allergy, invasive fungals, and immunology.",no_explicit_gmp,True,found_via_search,extracted,extracted,extracted,extracted,extracted,extracted,Eurofins Kansas City,True,HQ Lab @ Eurofins Kansas City
ENT-000513,1,env_labs_standardized.csv,Eurofins Knoxville,,TNI00189,,Knoxville,Tennessee,,,env_labs,https://www.eurofins.com/en-us/,Anna Barlozhetskaya,Anna.Barlozhetskaya@et.eurofinsus.com,,,,,,"Provides BioPharma product testing services including a range of services such as analytical development, biosafety testing, impurity testing, microbiology, stability studies, sterile fill/finish manufacturing, facility & process validation support, and environmental monitoring. Also offers medical device services including consulting, audits, and testing to GMP/GLP/ISO 17025 standards at all phases.",explicit_gmp,True,found_via_search,found_via_fallback_search,found_via_fallback_search,found_via_fallback_search,extracted,extracted,extracted,Eurofins,False,Knoxville Lab @ Eurofins
ENT-000514,1,env_labs_standardized.csv,"Eurofins Lancaster Laboratories Environment Testing, LLC",,TNI02128,2425 New Holland Pike,Lancaster,Pennsylvania,,,env_labs,https://www.eurofins.com/en-us/environment-testing/,Kenneth Boley,Kenneth.Boley@ET.EurofinsUS.com,,,,,,"Eurofins Environment Testing provides environmental testing and analytical services including air and vapor, built environment testing, ground and surface water, industrial hygiene, metals and metals speciation, microplastics, municipal and drinking water, PFAS testing, sediment and tissue, soil and hazardous waste, and specialty services. For the waste management sector it also offers groundwater and leachate monitoring, landfill gas monitoring, ambient air monitoring, waste characterization, and RCRA characteristic testing (ignitability, corrosivity, reactivity and toxicity), including TCLP, SPLP and CA WET methods.",no_explicit_gmp,True,found_via_search,found_via_fallback_search,found_via_fallback_search,found_via_fallback_search,extracted,extracted,extracted,Eurofins Lancaster Laboratories Environment Testing,True,HQ Lab @ Eurofins Lancaster Laboratories Environment Testing
ENT-000515,1,env_labs_standardized.csv,Eurofins Lubbock,,TNI00030,,Lubbock,Texas,,,env_labs,https://www.xenco.com/,,,,,,,,,,,found_via_search,found_via_fallback_search,"no_pages_fetched_ok (pages_checked=1,fetched_ok=0,total_text_chars=0)","no_pages_fetched_ok (pages_checked=1,fetched_ok=0,total_text_chars=0)","no_pages_fetched_ok (pages_checked=1,fetched_ok=0,total_text_chars=0)","no_pages_fetched_ok (pages_checked=1,fetched_ok=0,total_text_chars=0)","no_pages_fetched_ok (pages_checked=1,fetched_ok=0,total_text_chars=0)",Eurofins,False,Lubbock Lab @ Eurofins
ENT-000516,1,env_labs_standardized.csv,Eurofins Madison,,TNI00446,812 S.W. Harvey Greene Drive,Madison,Florida,,,env_labs,https://www.eurofinsus.com/env,,,,,,,,"Eurofins Environment Testing provides environment testing services including air and vapor, built environment testing, ground and surface water, industrial hygiene, metals and metals speciation, microplastics, municipal and drinking water, PFAS testing, sediment and tissue, soil and hazardous waste, and specialty services.",explicit_gmp,True,found_via_search,found_via_fallback_search,"checked_pages_not_found (pages_checked=8,fetched_ok=3,total_text_chars=230569)","checked_pages_not_found (pages_checked=8,fetched_ok=3,total_text_chars=230569)",found_via_fallback_search,extracted,extracted,Eurofins,False,Madison Lab @ Eurofins
ENT-000517,1,env_labs_standardized.csv,Eurofins Nokomis,,TNI00553,1050 Endeavor Court,Nokomis,Florida,,,env_labs,https://www.eurofins.com/en-us/environment-testing/,,,,,,,,"Eurofins Environment Testing provides environmental testing services including air and vapor, built environment testing, general environment services, and ground and surface water testing. The text also lists services such as industrial hygiene, metals and metals speciation, microplastics, municipal and drinking water, PFAS testing, sediment and tissue, soil and hazardous waste, and specialty services.",no_explicit_gmp,True,found_via_search,found_via_fallback_search,"checked_pages_not_found (pages_checked=8,fetched_ok=8,total_text_chars=278221)","checked_pages_not_found (pages_checked=8,fetched_ok=8,total_text_chars=278221)",extracted,extracted,extracted,Eurofins,False,Nokomis Lab @ Eurofins
ENT-000518,1,env_labs_standardized.csv,Eurofins Oklahoma City,,TNI02180,4619 N. Santa Fe,Oklahoma City,Oklahoma,,,env_labs,https://www.etilab.com/,"Keith Hopcus, Technical Director",,,,,,,"Provides analytical testing services including organic analysis, inorganic analysis, wastewater analysis & NPDES requirements, hazardous waste characterization, UST management, and petroleum testing (Oilab). Also offers field services for sample pickup and data reporting with electronic data deliverables (EDD).",no_explicit_gmp,True,found_via_search,extracted,extracted,"checked_pages_not_found (pages_checked=8,fetched_ok=7,total_text_chars=22804)",extracted,extracted,extracted,Eurofins,False,Oklahoma City Lab @ Eurofins
ENT-000519,1,env_labs_standardized.csv,Eurofins Orlando,,TNI00444,,Altamonte Springs,Florida,,,env_labs,https://www.eurofinsus.com/Env,Cynthia Larosa,cynthia.larosa@et.eurofinsus.com,,,,,,"Eurofins Environment Testing provides advanced technical expertise and analytical services for environmental testing. Listed services include air and vapor, built environment testing, general environment services, ground and surface water, industrial hygiene, health & safety, metals and metals speciation, microplastics, municipal and drinking water, PFAS testing, sediment and tissue, soil and hazardous waste, and specialty services.",no_explicit_gmp,True,found_via_search,found_via_fallback_search,found_via_fallback_search,found_via_fallback_search,extracted,extracted,extracted,Eurofins Orlando,True,HQ Lab @ Eurofins Orlando
ENT-000520,1,env_labs_standardized.csv,Eurofins Orlando,,TNI00400,,Orlando,Florida,,,env_labs,https://www.eurofinsus.com/Env,Cynthia Larosa,cynthia.larosa@et.eurofinsus.com,,,,,,"Eurofins Environment Testing provides environmental testing services including “Air and vapor,” “Built environment testing,” “General environment services,” “Ground and surface water,” “Industrial hygiene, health & safety,” “Metals and metals speciation,” “Microplastics,” “Municipal and drinking water,” “PFAS testing,” “Sediment and tissue,” “Soil and hazardous waste,” and “Specialty services.”",no_explicit_gmp,True,found_via_search,found_via_fallback_search,found_via_fallback_search,found_via_fallback_search,extracted,extracted,extracted,Eurofins,False,Orlando Lab @ Eurofins
ENT-000521,1,env_labs_standardized.csv,Eurofins Pensacola,,TNI00601,,Pensacola,Florida,,,env_labs,https://www.eurofinsus.com/env,"Lance Larson, QA Manager",lance.larson@testamerica.com,,,,,,"Eurofins Environment Testing provides environmental testing services including air and vapor, built environment testing, ground and surface water, industrial hygiene, metals and metals speciation, microplastics, municipal and drinking water, PFAS testing, sediment and tissue, soil and hazardous waste, and specialty services.",no_explicit_gmp,True,found_via_search,found_via_fallback_search,found_via_fallback_search,found_via_fallback_search,extracted,extracted,extracted,Eurofins,False,Pensacola Lab @ Eurofins
ENT-000522,1,env_labs_standardized.csv,Eurofins Philadelphia - Horsham,,TNI02569,"213 Witmer Road, Suite 213",Horsham,Pennsylvania,,,env_labs,https://www.eurofins.com/,Keith Wheatstone,Env.Marketing@EurofinsET.com,,,,,,"Eurofins provides “analytical testing services” across multiple areas including “Life” (Food & Feed Testing, Environment Testing, Agro Testing, Sensory and Consumer Research), “BioPharma” (BioPharma Services, BioPharma Product Testing, Medical Device Services, Contract Development & Manufacturing Organisation (CDMO), and BioPharma Discovery Services & Products), and “Diagnostic Services & Products” including “In Vitro Diagnostics Solutions” and “Clinical Diagnostic Services.”",explicit_gmp,True,found_via_search,found_via_fallback_search,found_via_fallback_search,found_via_fallback_search,found_via_fallback_search,extracted,extracted,Eurofins Philadelphia,True,HQ Lab @ Eurofins Philadelphia
ENT-000523,1,env_labs_standardized.csv,Eurofins Phoenix,,TNI00231,,Phoenix,Arizona,,,env_labs,https://www.emlab.com/app/main/Welcome,"Dr. Harriet Burge, Director of Aerobiology and Chair of Eurofins Built Environment Testing's Scientific Advisory Board",info@emlab.com,,,,,,"Eurofins Built Environment Testing provides built environment services including Industrial Hygiene (IH) and Indoor Air Quality (IAQ) testing, with analyses for asbestos, mold, lead, silica, welding fume/hexavalent chromium, VOC’s, PCB’s, formaldehyde, and Legionella, among much more. The text also lists specific lab analysis services such as allergen ELISA testing, asbestos testing (air and bulk), bacteria testing (E. coli and Legionella), mold testing (culturable air, direct exam, and spore trap), PCR testing (including ERMI), radon lab analysis (using the E-Perm system), and USP 797 testing and compliance through environmental monitoring.",no_explicit_gmp,True,found_via_search,found_via_fallback_search,extracted,extracted,extracted,extracted,extracted,Eurofins,False,Phoenix Lab @ Eurofins
ENT-000524,1,env_labs_standardized.csv,Eurofins Pittsburgh,,TNI02151,"2430 New Holland Pike Building D, Suite 100",Pittsburgh,Pennsylvania,,,env_labs,https://eurofinscentrallaboratory.com/,Stephen Gordon,clinicaltrials@eurofins.com,,,,,,"Eurofins Central Laboratory provides end-to-end central laboratory testing solutions for clinical trials and vaccine development, including clinical laboratory testing solutions and CAP/CLIA certified analytical services. The site also lists services such as Routine Analysis, Biomarker Services, Specialty Testing, Pathology, Global Services, Project Management, Data Management, Investigator Services, Sample Management, Kits & Logistics, and Clinical Trial Supplies.",no_explicit_gmp,True,found_via_search,extracted,found_via_fallback_search,extracted,extracted,extracted,extracted,Eurofins,False,Pittsburgh Lab @ Eurofins
ENT-000525,1,env_labs_standardized.csv,Eurofins Port St. Lucie,,TNI00447,571 N.W. Mercantile Place,Port St. Lucie,Florida,,,env_labs,https://www.eurofinsus.com/env,,carlene.pasipanki@et.eurofinsus.com,,,,,,"Eurofins Environment Testing provides environmental testing services including air and vapor, built environment testing, ground and surface water, industrial hygiene, metals and metals speciation, microplastics, municipal and drinking water, PFAS testing, sediment and tissue, soil and hazardous waste, and specialty services.",no_explicit_gmp,True,found_via_search,found_via_fallback_search,"checked_pages_not_found (pages_checked=8,fetched_ok=3,total_text_chars=230569)",found_via_fallback_search,extracted,extracted,extracted,Eurofins,False,Port St. Lucie Lab @ Eurofins
ENT-000526,1,env_labs_standardized.csv,EUROFINS PORTSMOUTH (#1732),,TNI01061,,PORTSMOUTH,New Hampshire,,,env_labs,https://www.eurofins.com/,,,,,,,,"Eurofins provides analytical testing services across multiple fields including ""Food and Feed Testing,"" ""Environment Testing,"" and ""Diagnostic Services"". The text also lists ""Contract Research services"" and ""BioPharma Contract Development and Manufacturing"" (including ""Contract Development & Manufacturing Organisation (CDMO)"").",no_explicit_gmp,True,found_via_search,found_via_fallback_search,"checked_pages_not_found (pages_checked=8,fetched_ok=8,total_text_chars=275690)","checked_pages_not_found (pages_checked=8,fetched_ok=8,total_text_chars=275690)",extracted,extracted,extracted,EUROFINS PORTSMOUTH 1732,True,HQ Lab @ EUROFINS PORTSMOUTH 1732
ENT-000527,1,env_labs_standardized.csv,EUROFINS PROVIDENCE (ESS) (#2424),,TNI01041,185 Frances Avenue,CRANSTON,Rhode Island,,,env_labs,https://www.esslaboratory.com/,Laurel Stoddard,lstoddard@therisegroupinc.com,,,,,,"Eurofins Environment Testing provides environmental testing services including ""Air and vapor""; ""Built environment testing""; ""General environment services""; ""Ground and surface water""; ""Industrial hygiene, health & safety""; ""Metals and metals speciation""; ""Microplastics""; ""Municipal and drinking water""; ""PFAS testing""; ""Sediment and tissue""; ""Soil and hazardous waste""; and ""Specialty services"".",no_explicit_gmp,True,found_via_search,found_via_fallback_search,found_via_fallback_search,found_via_fallback_search,extracted,extracted,extracted,EUROFINS PROVIDENCE ESS 2424,True,HQ Lab @ EUROFINS PROVIDENCE ESS 2424
ENT-000528,1,env_labs_standardized.csv,Eurofins Raleigh,,TNI00398,,Cary,North Carolina,,,env_labs,http://www.eurofinsus.com/environment-testing/,Matthew Foti,matthew.foti@et.eurofinsus.com,,,,,,"Eurofins Environment Testing provides environmental testing services, including air and vapor, built environment testing, general environment services, ground and surface water, industrial hygiene (health & safety), metals and metals speciation, microplastics, municipal and drinking water, PFAS testing, sediment and tissue, soil and hazardous waste, and specialty services.",no_explicit_gmp,True,found_via_search,found_via_fallback_search,found_via_fallback_search,found_via_fallback_search,extracted,extracted,extracted,Eurofins Raleigh,True,HQ Lab @ Eurofins Raleigh
ENT-000529,1,env_labs_standardized.csv,EUROFINS RHODE ISLAND (#2245),,TNI00575,646 Camp Avenue,NORTH KINGSTON,Rhode Island,,,env_labs,https://www.eurofinsus.com/env,Becky Mason,Becky.Mason@et.eurofinsus.com,,,,,,"Eurofins Environment Testing provides environmental testing services including air and vapor, built environment testing, ground and surface water, industrial hygiene, metals and metals speciation, microplastics, municipal and drinking water, PFAS testing, sediment and tissue, soil and hazardous waste, and specialty services.",no_explicit_gmp,True,found_via_search,found_via_fallback_search,found_via_fallback_search,found_via_fallback_search,extracted,extracted,extracted,EUROFINS RHODE ISLAND 2245,True,HQ Lab @ EUROFINS RHODE ISLAND 2245
ENT-000530,1,env_labs_standardized.csv,Eurofins Sacramento,,TNI01230,880 Riverside Parkway West,West Sacramento,California,,,env_labs,https://www.eurofinsus.com/env,Robert Hrabak,Robert.Hrabak@ET.EurofinsUS.com,,,,,,"Eurofins Environment Testing provides environmental testing services including air and vapor, built environment testing, general environment services, ground and surface water, industrial hygiene, health & safety, metals and metals speciation, microplastics, municipal and drinking water, PFAS testing, sediment and tissue, soil and hazardous waste, and specialty services.",no_explicit_gmp,True,found_via_search,found_via_fallback_search,found_via_fallback_search,found_via_fallback_search,extracted,extracted,extracted,Eurofins Sacramento,True,HQ Lab @ Eurofins Sacramento
ENT-000531,1,env_labs_standardized.csv,Eurofins Savannah,,TNI00593,,Savannah,Georgia,,,env_labs,https://www.eurofins.com/en-us/environment-testing/,,env.marketing@et.eurofinsus.com,,,,,,"Eurofins Environment Testing provides environmental testing services including air and vapor, built environment testing, general environment services, ground and surface water, industrial hygiene, metals and metals speciation, microplastics, municipal and drinking water, PFAS testing, sediment and tissue, soil and hazardous waste, and specialty services. For waste management, it offers analytical options such as groundwater and leachate monitoring, landfill gas monitoring, ambient air monitoring, waste characterization, and RCRA characteristic testing including TCLP, SPLP and CA WET methods.",no_explicit_gmp,True,found_via_search,found_via_fallback_search,"checked_pages_not_found (pages_checked=8,fetched_ok=8,total_text_chars=278221)",found_via_fallback_search,extracted,extracted,extracted,Eurofins,False,Savannah Lab @ Eurofins
ENT-000532,1,env_labs_standardized.csv,EUROFINS SCITEC SA,,TNI01664,Avenue de Provence 18,1007 LAUSANNE,Not Applicable,,,env_labs,https://scitecsa.com/,,labo@etdach.eurofins.com,,,,,,"The company provides chemical and microbiological environmental analyses (including analyses for pollutants/micropollutants such as PFAS, pesticides, and residues of medications; water quality testing; microplastics analysis; and food-safety microbiology). It also offers consulting/programs for analytical compliance and related environmental monitoring (including method development and environmental validation for ISO 5-9 cleanrooms).",explicit_gmp,True,found_via_search,extracted,"checked_pages_not_found (pages_checked=6,fetched_ok=6,total_text_chars=19450)",extracted,extracted,extracted,extracted,EUROFINS SCITEC SA,True,HQ Lab @ EUROFINS SCITEC SA
ENT-000533,1,env_labs_standardized.csv,Eurofins Seattle,,TNI00452,,Tacoma,Washington,,,env_labs,https://www.eurofins.com/en-us/environment-testing/locations/eurofins-seattle/,Dylan Cummins,Dylan.Cummins@et.eurofinsus.com,,,,,,"Eurofins Environment Testing provides environmental analytical services including air and vapor, built environment testing, general environment services, groundwater and surface water, industrial hygiene (health & safety), metals and metals speciation, microplastics, municipal and drinking water, PFAS testing, sediment and tissue, soil and hazardous waste, and specialty services.",no_explicit_gmp,True,found_via_search,found_via_fallback_search,found_via_fallback_search,found_via_fallback_search,extracted,extracted,extracted,Eurofins Seattle,True,HQ Lab @ Eurofins Seattle
ENT-000534,1,env_labs_standardized.csv,Eurofins South Bend,,TNI00617,110 South Hill Street,South Bend,Indiana,,,env_labs,https://www.eurofins.com/en-us/environment-testing/pfas-testing/services/drinking-water/,Theresa Zielke,Theresa.Zielke@ET.eurofinsus.com,,,,,,"Provides drinking water testing and PFAS testing services, including “EPA 537.1, EPA 533 and 563.” Also offers environmental analytical testing services such as “groundwater and leachate monitoring,” “landfill gas monitoring,” “ambient air monitoring,” and waste characterization/“RCRA characteristic testing” (TCLP, SPLP, and CA WET methods listed).",no_explicit_gmp,True,found_via_search,found_via_fallback_search,found_via_fallback_search,found_via_fallback_search,extracted,extracted,extracted,Eurofins,False,South Bend Lab @ Eurofins
ENT-000535,1,env_labs_standardized.csv,Eurofins Spokane,,TNI02475,11922 E 1st Ave,Spokane,Washington,,,env_labs,,,,,,,,,,,,search_found_nothing,found_via_fallback_search,no_website_cannot_check_pages,no_website_cannot_check_pages,no_website_cannot_check_pages,no_website_cannot_check_pages,no_website_cannot_check_pages,Eurofins,False,Spokane Lab @ Eurofins
ENT-000536,1,env_labs_standardized.csv,Eurofins St. Louis,,TNI00602,13715 Rider Trail North,Earth City,Missouri,,,env_labs,,,,,,,,,,,,search_found_nothing,found_via_fallback_search,no_website_cannot_check_pages,no_website_cannot_check_pages,no_website_cannot_check_pages,no_website_cannot_check_pages,no_website_cannot_check_pages,Eurofins St Louis,True,HQ Lab @ Eurofins St Louis
ENT-000537,1,env_labs_standardized.csv,Eurofins Tampa,,TNI00594,,Tampa,Florida,,,env_labs,https://www.eurofinsus.com/environment-testing/services/soil-and-hazardous-waste/,,,,,,,,"Provides a “full suite of soil testing capabilities” supporting soil characterizations, site investigations, site remediation, and incremental sampling methodology programs. Also performs hazardous waste determinations “under both federal and state hazardous waste regulations,” and offers scalable routine and specialty testing with expedited turnaround time options.",no_explicit_gmp,True,found_via_search,found_via_fallback_search,"checked_pages_not_found (pages_checked=8,fetched_ok=3,total_text_chars=232169)","checked_pages_not_found (pages_checked=8,fetched_ok=3,total_text_chars=232169)",extracted,extracted,extracted,Eurofins,False,Tampa Lab @ Eurofins
ENT-000538,1,env_labs_standardized.csv,Eurofins TestAmerica - Houston,,TNI00034,,Houston,Texas,,,env_labs,https://www.eurofinsus.com/env,,,,,,,,"Eurofins Environment Testing provides environmental testing services including air and vapor, built environment testing, general environment services, ground and surface water, industrial hygiene, metals and metals speciation, microplastics, municipal and drinking water, PFAS testing, sediment and tissue, soil and hazardous waste, and specialty services.",no_explicit_gmp,True,found_via_search,found_via_fallback_search,"checked_pages_not_found (pages_checked=8,fetched_ok=3,total_text_chars=230569)","checked_pages_not_found (pages_checked=8,fetched_ok=3,total_text_chars=230569)",extracted,extracted,extracted,Eurofins TestAmerica,True,HQ Lab @ Eurofins TestAmerica
ENT-000539,1,env_labs_standardized.csv,Eurofins TestAmerica Seattle,,TNI00235,,Tacoma,Washington,,,env_labs,https://www.eurofins.com/en-us/environment-testing/,Dylan Cummins,Dylan.Cummins@et.eurofinsus.com,,,,,,"Provides environmental testing and analytical services for clients, including ""Air and vapor"" and ""Built environment testing"" as well as ""Ground and surface water,"" ""Industrial hygiene, health & safety,"" and ""PFAS testing."" It also offers waste-management related analytical options such as ""groundwater and leachate monitoring,"" ""landfill gas monitoring,"" ""ambient air monitoring"" and ""waste characterization"" (including ""RCRA characteristic testing"" and methods like ""TCLP, SPLP and CA WET"").",no_explicit_gmp,True,found_via_search,found_via_fallback_search,found_via_fallback_search,found_via_fallback_search,extracted,extracted,extracted,Eurofins TestAmerica Seattle,True,HQ Lab @ Eurofins TestAmerica Seattle
ENT-000540,1,env_labs_standardized.csv,Eurofins Washington,,TNI00385,1620 S Walnut Street,Burlington,Washington,,,env_labs,https://www.eurofinsus.com/,Melissa Swanson,Melissa.Swanson@et.eurofinsus.com,,,,,,"Eurofins provides “analytical testing services” across Life (Food & Feed Testing, Environment Testing, Agro Testing, Sensory and Consumer Research), BioPharma (BioPharma Services, Agroscience Services, Genomic Services, Forensic Services, BioPharma Product Testing, Medical Device Services, and CDMO), and Diagnostic Services & Products including In Vitro Diagnostics Solutions and Clinical Diagnostic Services.",no_explicit_gmp,True,found_via_search,found_via_fallback_search,found_via_fallback_search,found_via_fallback_search,extracted,extracted,extracted,Eurofins Washington,True,HQ Lab @ Eurofins Washington
ENT-000541,1,env_labs_standardized.csv,Eurofins Wilsonville,,TNI02170,,Wilsonville,Oregon,,,env_labs,,,,,,,,,,,,search_found_nothing,found_via_fallback_search,no_website_cannot_check_pages,no_website_cannot_check_pages,no_website_cannot_check_pages,no_website_cannot_check_pages,no_website_cannot_check_pages,Eurofins,False,Wilsonville Lab @ Eurofins
ENT-000542,1,env_labs_standardized.csv,EVANS CHEMETICS ANALYTICAL LAB,,TNI01466,Eichholzer Strasse 23,WATERLOO,New York,,,env_labs,https://www.thiochem.com/,Frank Di Pasquale,info@thiochem.com,,,,,,"The company provides ""Contract Manufacturing"" and develops and supplies chemical specialty products (e.g., organosulphur specialty chemicals).",no_explicit_gmp,True,found_via_search,extracted,found_via_fallback_search,extracted,extracted,extracted,extracted,EVANS CHEMETICS ANALYTICAL LAB,True,HQ Lab @ EVANS CHEMETICS ANALYTICAL LAB
ENT-000543,1,env_labs_standardized.csv,"Everglades Laboratories, Inc.",,TNI00410,"2253 Vista Parkway, Suite 11",West Palm Beach,Florida,,,env_labs,https://www.evergladeslabs.com/,Ben Martin,info@evergladeslabs.com,,,,,,"Provides microbiological drinking water testing and analytical testing related to medical devices, including “proprietary Total Carbon Analysis” used in “cleaning process validation protocols.”",no_explicit_gmp,True,found_via_search,extracted,found_via_fallback_search,extracted,extracted,extracted,extracted,Everglades Laboratories,True,HQ Lab @ Everglades Laboratories
ENT-000544,1,env_labs_standardized.csv,Everglades Research and Education Center,,TNI00411,3200 East Canal St South,Belle Glade,Florida,,,env_labs,https://erec.ifas.ufl.edu/,,mmburrus@ufl.edu,,,,,,"Conducts research and extension programs in southern Florida that explore and promote profitable and sustainable agricultural systems. Also listed as including areas such as Agronomy, Entomology, Crop Breeding/Improvement, Plant Pathology, Soil, Water, & Ecosystem Sciences, Weed Science, and Extension.",no_explicit_gmp,False,found_via_search,extracted,"checked_pages_not_found (pages_checked=8,fetched_ok=8,total_text_chars=27412)",found_via_fallback_search,extracted,"checked_pages_not_found (pages_checked=8,fetched_ok=8,total_text_chars=27412)",extracted,Everglades Research and Education Center,True,HQ Lab @ Everglades Research and Education Center
ENT-000545,1,env_labs_standardized.csv,EWEB Water Quality Laboratory,,TNI00215,4200 Roosevelt Blvd.,Springfield,Oregon,,,env_labs,https://www.eweb.org/,,water.quality@eweb.org,,,,,,"The provided pages describe EWEB’s role as a public utility offering ""Water"" and ""Electric"" service. The contact information also lists a ""Water Quality & Safety"" department with email ""water.quality@eweb.org"".",no_explicit_gmp,False,found_via_search,extracted,"checked_pages_not_found (pages_checked=8,fetched_ok=8,total_text_chars=41292)",extracted,extracted,"checked_pages_not_found (pages_checked=8,fetched_ok=8,total_text_chars=41292)",extracted,EWEB Water Quality Laboratory,True,HQ Lab @ EWEB Water Quality Laboratory
ENT-000546,1,env_labs_standardized.csv,FALLSBURG (T) ENV LAB,,TNI01568,PO BOX 2019,SO FALLSBURG,New York,,,env_labs,,,,,,,,,,,,search_found_nothing,found_via_fallback_search,no_website_cannot_check_pages,no_website_cannot_check_pages,no_website_cannot_check_pages,no_website_cannot_check_pages,no_website_cannot_check_pages,FALLSBURG T ENV LAB,True,HQ Lab @ FALLSBURG T ENV LAB
ENT-000547,1,env_labs_standardized.csv,FDOH Environmental Laboratory West Palm Beach,,TNI02728,"800 Clematis Street, Room 1155",West Palm Beach,Florida,,,env_labs,https://palmbeach.floridahealth.gov/programs-and-services/environmental-health/water-lab/,,EPHLaboratory@flhealth.gov,,,,,,,,,found_via_search,found_via_fallback_search,"no_pages_fetched_ok (pages_checked=1,fetched_ok=0,total_text_chars=0)",found_via_fallback_search,"no_pages_fetched_ok (pages_checked=1,fetched_ok=0,total_text_chars=0)","no_pages_fetched_ok (pages_checked=1,fetched_ok=0,total_text_chars=0)","no_pages_fetched_ok (pages_checked=1,fetched_ok=0,total_text_chars=0)",FDOH Environmental Laboratory,True,HQ Lab @ FDOH Environmental Laboratory
ENT-000548,1,env_labs_standardized.csv,Fibertec Environmental Services,,TNI02260,1914 Holloway Dr,Holt,Michigan,,,env_labs,http://www.fibertec.us,,lab@fibertec.us,,,,,,,,,found_via_search,found_via_fallback_search,"no_pages_fetched_ok (pages_checked=1,fetched_ok=0,total_text_chars=0)",found_via_fallback_search,"no_pages_fetched_ok (pages_checked=1,fetched_ok=0,total_text_chars=0)","no_pages_fetched_ok (pages_checked=1,fetched_ok=0,total_text_chars=0)","no_pages_fetched_ok (pages_checked=1,fetched_ok=0,total_text_chars=0)",Fibertec Environmental Services,True,HQ Lab @ Fibertec Environmental Services
ENT-000549,1,env_labs_standardized.csv,Fillmore SWCD Water Quality Laboratory,,TNI01145,"912 Houston St NW, Suite #3",Preston,Minnesota,,,env_labs,https://www.fillmoreswcd.org/,Nikki Wheeler,nikki.wheeler@fillmoreswcd.org,,,,,,"Provides well water testing and other services such as rain barrels, tree sales, grazing management, and nutrient management. Also offers local water management planning and can assist with programs including CRP, EQIP, State Cost Share, and CREP.",no_explicit_gmp,False,found_via_search,extracted,extracted,extracted,extracted,"checked_pages_not_found (pages_checked=8,fetched_ok=8,total_text_chars=45249)",extracted,Fillmore SWCD Water Quality Laboratory,True,HQ Lab @ Fillmore SWCD Water Quality Laboratory
ENT-000550,1,env_labs_standardized.csv,FINGER LAKES INSTITUTE,,TNI02814,601 S. Main Street,GENEVA,New York,,,env_labs,https://www.hws.edu/centers/finger-lakes-institute/default.aspx,,bhalfman@hws.edu,,,,,,"The Finger Lakes Institute aims to translate knowledge and research about the Finger Lakes environment into collaborative action, providing scientific analysis, research/professional development opportunities, and community education about water quality issues. It also lists goals including advancing and coordinating scientific data and understanding, supporting environmental researchers/educators/policy-makers, and supporting land use planning, policy development, and sustainable enterprise.",no_explicit_gmp,False,found_via_search,found_via_fallback_search,"checked_pages_not_found (pages_checked=8,fetched_ok=7,total_text_chars=62705)",extracted,extracted,"checked_pages_not_found (pages_checked=8,fetched_ok=7,total_text_chars=62705)",extracted,FINGER LAKES INSTITUTE,True,HQ Lab @ FINGER LAKES INSTITUTE
ENT-000551,1,env_labs_standardized.csv,FINGER LAKES LPG STORAGE LLC,,TNI01737,7535 Eagle Valley Rd,SAVONA,New York,,,env_labs,,,,,,,,,,,,search_found_nothing,found_via_fallback_search,no_website_cannot_check_pages,no_website_cannot_check_pages,no_website_cannot_check_pages,no_website_cannot_check_pages,no_website_cannot_check_pages,FINGER LAKES LPG STORAGE,True,HQ Lab @ FINGER LAKES LPG STORAGE
ENT-000552,1,env_labs_standardized.csv,"First Environmental Laboratories, Inc.",,TNI02031,"1600 Shore Rd, Suite D",Naperville,Illinois,,,env_labs,https://www.firstenvlims.com/,Lorrie Walker,lorrie@firstenv.com,,,,,,"First Environmental Laboratories provides analytical testing services for drinking water, groundwater, wastewater, surface water, stormwater, and soil. It also offers services including sampling plan support (QA project plans, container preparation, parameter requirements, permit requirements, analytical methodology, and data deliverables) and lead analysis for drinking water in licensed day care facilities.",no_explicit_gmp,True,found_via_search,found_via_fallback_search,found_via_fallback_search,found_via_fallback_search,extracted,extracted,extracted,First Environmental Laboratories,True,HQ Lab @ First Environmental Laboratories
ENT-000553,1,env_labs_standardized.csv,FL Department of Health -  Miami Branch Laboratory,,TNI00416,,Miami,Florida,,,env_labs,https://www.floridahealth.gov/community-environmental-public-health/public-health-laboratories/locations/,,,,,,,,,,,found_via_search,found_via_fallback_search,"no_pages_fetched_ok (pages_checked=1,fetched_ok=0,total_text_chars=0)","no_pages_fetched_ok (pages_checked=1,fetched_ok=0,total_text_chars=0)","no_pages_fetched_ok (pages_checked=1,fetched_ok=0,total_text_chars=0)","no_pages_fetched_ok (pages_checked=1,fetched_ok=0,total_text_chars=0)","no_pages_fetched_ok (pages_checked=1,fetched_ok=0,total_text_chars=0)",FL Department of Health Miami Branch Laboratory,True,HQ Lab @ FL Department of Health Miami Branch Laboratory
ENT-000554,1,env_labs_standardized.csv,FL Dept. of Health - Alachua County Health Department,,TNI00420,,Gainesville,Florida,,,env_labs,https://alachua.floridahealth.gov/,,,,,,,,,,,found_via_search,found_via_fallback_search,"no_pages_fetched_ok (pages_checked=1,fetched_ok=0,total_text_chars=0)","no_pages_fetched_ok (pages_checked=1,fetched_ok=0,total_text_chars=0)","no_pages_fetched_ok (pages_checked=1,fetched_ok=0,total_text_chars=0)","no_pages_fetched_ok (pages_checked=1,fetched_ok=0,total_text_chars=0)","no_pages_fetched_ok (pages_checked=1,fetched_ok=0,total_text_chars=0)",FL Dept of Health Alachua County Health Department,True,HQ Lab @ FL Dept of Health Alachua County Health Department
ENT-000555,1,env_labs_standardized.csv,FL Dept. of Health - Columbia County Health Department,,TNI00421,,Lake City,Florida,,,env_labs,https://columbia.floridahealth.gov/,,WebInfoColumbia@FLHealth.gov,,,,,,,,,found_via_search,found_via_fallback_search,"no_pages_fetched_ok (pages_checked=1,fetched_ok=0,total_text_chars=0)",found_via_fallback_search,"no_pages_fetched_ok (pages_checked=1,fetched_ok=0,total_text_chars=0)","no_pages_fetched_ok (pages_checked=1,fetched_ok=0,total_text_chars=0)","no_pages_fetched_ok (pages_checked=1,fetched_ok=0,total_text_chars=0)",FL Dept of Health Columbia County Health Department,True,HQ Lab @ FL Dept of Health Columbia County Health Department
ENT-000556,1,env_labs_standardized.csv,FL Dept. of Health - Hendry County Environmental Laboratory,,TNI00422,,LaBelle,Florida,,,env_labs,https://hendry.floridahealth.gov/,,HendryEH@FLHealth.gov,,,,,,,,,found_via_search,found_via_fallback_search,"no_pages_fetched_ok (pages_checked=1,fetched_ok=0,total_text_chars=0)",found_via_fallback_search,"no_pages_fetched_ok (pages_checked=1,fetched_ok=0,total_text_chars=0)","no_pages_fetched_ok (pages_checked=1,fetched_ok=0,total_text_chars=0)","no_pages_fetched_ok (pages_checked=1,fetched_ok=0,total_text_chars=0)",FL Dept of Health Hendry County Environmental Laboratory,True,HQ Lab @ FL Dept of Health Hendry County Environmental Laboratory
ENT-000557,1,env_labs_standardized.csv,FL Dept. of Health - Indian River County Health Department,,TNI00424,,Vero Beach,Florida,,,env_labs,https://indianriver.floridahealth.gov/,,zzzzFB_CHD31EH@FLHealth.gov,,,,,,,,,found_via_search,found_via_fallback_search,"no_pages_fetched_ok (pages_checked=1,fetched_ok=0,total_text_chars=0)",found_via_fallback_search,"no_pages_fetched_ok (pages_checked=1,fetched_ok=0,total_text_chars=0)","no_pages_fetched_ok (pages_checked=1,fetched_ok=0,total_text_chars=0)","no_pages_fetched_ok (pages_checked=1,fetched_ok=0,total_text_chars=0)",FL Dept of Health Indian River County Health Department,True,HQ Lab @ FL Dept of Health Indian River County Health Department
ENT-000558,1,env_labs_standardized.csv,FL Dept. of Health - Lee County Health Department,,TNI00425,,Ft. Myers,Florida,,,env_labs,https://lee.floridahealth.gov/,"Jennifer Roth, MSPH",LeeCHDFeedback@FLHealth.gov,,,,,,,,,found_via_search,found_via_fallback_search,found_via_fallback_search,found_via_fallback_search,"no_pages_fetched_ok (pages_checked=1,fetched_ok=0,total_text_chars=0)","no_pages_fetched_ok (pages_checked=1,fetched_ok=0,total_text_chars=0)","no_pages_fetched_ok (pages_checked=1,fetched_ok=0,total_text_chars=0)",FL Dept of Health Lee County Health Department,True,HQ Lab @ FL Dept of Health Lee County Health Department
ENT-000559,1,env_labs_standardized.csv,FL Dept. of Health - Walton County Health Department,,TNI00430,362 State Hwy 83,DeFuniak Springs,Florida,,,env_labs,https://walton.floridahealth.gov/,,WCHDWebFeedback@FLHealth.gov,,,,,,,,,found_via_search,found_via_fallback_search,"no_pages_fetched_ok (pages_checked=1,fetched_ok=0,total_text_chars=0)",found_via_fallback_search,"no_pages_fetched_ok (pages_checked=1,fetched_ok=0,total_text_chars=0)","no_pages_fetched_ok (pages_checked=1,fetched_ok=0,total_text_chars=0)","no_pages_fetched_ok (pages_checked=1,fetched_ok=0,total_text_chars=0)",FL Dept of Health Walton County Health Department,True,HQ Lab @ FL Dept of Health Walton County Health Department
ENT-000560,1,env_labs_standardized.csv,FL DOH/BUREAU OF LAB/ENVIRONMENTAL MICRO SECTION,,TNI01787,,JACKSONVILLE,Florida,,,env_labs,https://www.floridahealth.gov/community-environmental-public-health/public-health-laboratories/,"Susanne Crowe, DrPH, MHA, HCLD(ABB)",,,,,,,,,,found_via_search,found_via_fallback_search,found_via_fallback_search,"no_pages_fetched_ok (pages_checked=1,fetched_ok=0,total_text_chars=0)","no_pages_fetched_ok (pages_checked=1,fetched_ok=0,total_text_chars=0)","no_pages_fetched_ok (pages_checked=1,fetched_ok=0,total_text_chars=0)","no_pages_fetched_ok (pages_checked=1,fetched_ok=0,total_text_chars=0)",FL DOHBUREAU OF LABENVIRONMENTAL MICRO SECTION,True,HQ Lab @ FL DOHBUREAU OF LABENVIRONMENTAL MICRO SECTION
ENT-000561,1,env_labs_standardized.csv,FLDOH BUREAU OF PUBLIC HEALTH LABORATORIES,,TNI01770,1217 N. Pearl St.,JACKSONVILLE,Florida,,,env_labs,https://www.floridahealth.gov/community-environmental-public-health/public-health-laboratories/,"Susanne Crowe, DrPH, MHA, HCLD (ABB)",,,,,,,,,,found_via_search,found_via_fallback_search,found_via_fallback_search,"no_pages_fetched_ok (pages_checked=1,fetched_ok=0,total_text_chars=0)","no_pages_fetched_ok (pages_checked=1,fetched_ok=0,total_text_chars=0)","no_pages_fetched_ok (pages_checked=1,fetched_ok=0,total_text_chars=0)","no_pages_fetched_ok (pages_checked=1,fetched_ok=0,total_text_chars=0)",FLDOH BUREAU OF PUBLIC HEALTH LABORATORIES,True,HQ Lab @ FLDOH BUREAU OF PUBLIC HEALTH LABORATORIES
ENT-000562,1,env_labs_standardized.csv,Florida DEP Laboratory,,TNI00414,2600 Blair Stone Road,Tallahassee,Florida,,,env_labs,https://floridadep.gov/dear/florida-dep-laboratory,,,,,,,,,,,found_via_search,found_via_fallback_search,"no_pages_fetched_ok (pages_checked=1,fetched_ok=0,total_text_chars=0)","no_pages_fetched_ok (pages_checked=1,fetched_ok=0,total_text_chars=0)","no_pages_fetched_ok (pages_checked=1,fetched_ok=0,total_text_chars=0)","no_pages_fetched_ok (pages_checked=1,fetched_ok=0,total_text_chars=0)","no_pages_fetched_ok (pages_checked=1,fetched_ok=0,total_text_chars=0)",Florida DEP Laboratory,True,HQ Lab @ Florida DEP Laboratory
ENT-000563,1,env_labs_standardized.csv,Florida Keys Aqueduct Authority - Florida City Treatment Plant,,TNI00434,1100 Kennedy Drive,Florida City,Florida,,,env_labs,https://www.fkaa.com/,David Jackson,djackson@fkaa.com,,,,,,"Provides potable water service for the Florida Keys, along with reclaimed water and wastewater services in select areas. Operates a 24-hours-a-day water quality protection program and related customer service.",no_explicit_gmp,False,found_via_search,extracted,found_via_fallback_search,found_via_fallback_search,extracted,"checked_pages_not_found (pages_checked=8,fetched_ok=8,total_text_chars=20919)",extracted,Florida Keys Aqueduct Authority Florida City Treatment Plant,True,HQ Lab @ Florida Keys Aqueduct Authority Florida City Treatment Plant
ENT-000564,1,env_labs_standardized.csv,Florida Power & Light Central Laboratory,,TNI00436,,West Palm Beach,Florida,,,env_labs,https://www.fpl.com/,,,,,,,,"The provided text describes general FPL customer support and utility services (e.g., reporting outages and managing billing). No laboratory testing/manufacturing services are stated for “Florida Power & Light Central Laboratory.”",no_explicit_gmp,False,found_via_search,"checked_pages_not_found (pages_checked=7,fetched_ok=7,total_text_chars=19908)","checked_pages_not_found (pages_checked=7,fetched_ok=7,total_text_chars=19908)","checked_pages_not_found (pages_checked=7,fetched_ok=7,total_text_chars=19908)",extracted,"checked_pages_not_found (pages_checked=7,fetched_ok=7,total_text_chars=19908)",extracted,Florida Power Light Central Laboratory,True,HQ Lab @ Florida Power Light Central Laboratory
ENT-000565,1,env_labs_standardized.csv,"Florida Radiochemistry Services, Inc.",,TNI00437,,Orlando,Florida,,,env_labs,,,,,,,,,,,,search_found_nothing,found_via_fallback_search,no_website_cannot_check_pages,no_website_cannot_check_pages,no_website_cannot_check_pages,no_website_cannot_check_pages,no_website_cannot_check_pages,Florida Radiochemistry Services,True,HQ Lab @ Florida Radiochemistry Services
ENT-000566,1,env_labs_standardized.csv,Florida Spectrum Environmental Services Inc. - Space Coast Laboratory,,TNI00449,3390 N. Courtenay Pkwy,Merrit Island,Florida,,,env_labs,https://www.flenviro.com/,President Lyle Johnson,info@flenviro.com,,,,,,"Florida-Spectrum Environmental Services provides environmental testing and analytical chemistry, including analysis of groundwater, surface water, drinking water, soil, hazardous wastes, and other sample matrices. It also offers full service laboratory capabilities such as Atomic Absorption, ICP, Ion Chromatography, Gas Chromatography, Mass Spectrometry, Microbiology, Radiochemistry, Wet Chemistry, plus field services like sampling supplies delivery/certified field technicians and courier services.",no_explicit_gmp,True,found_via_search,extracted,extracted,extracted,extracted,extracted,extracted,Florida Spectrum Environmental Services,False,Merrit Island Lab @ Florida Spectrum Environmental Services
ENT-000567,1,env_labs_standardized.csv,"Florida-Spectrum Environmental Services, Inc.",,TNI00442,1460 West McNab Road,Ft. Lauderdale,Florida,,,env_labs,https://flenviro.com/,President Lyle Johnson,info@flenviro.com,,,,,,"Full service environmental testing and analytical chemistry laboratory using EPA approved procedures, including analysis of groundwater, surface water, drinking water, soil, and hazardous wastes. Capabilities include chemical and biological analyses of multiple sample types, as well as analytical and sampling services with sample bottle kits, on-site sampling, and sample courier services.",no_explicit_gmp,True,found_via_search,extracted,extracted,extracted,extracted,extracted,extracted,Florida Spectrum Environmental Services,False,Ft. Lauderdale Lab @ Florida Spectrum Environmental Services
ENT-000568,1,env_labs_standardized.csv,"Florida-Spectrum Environmental Services, Inc. - Savannah",,TNI00448,108 Airport Park Drive,Garden City,Georgia,,,env_labs,https://flenviro.com/,President Lyle Johnson,info@flenviro.com,,,,,,"Florida-Spectrum provides environmental testing and analytical chemistry services using EPA approved procedures, including analysis of groundwater, surface water, drinking water, soil, and hazardous wastes. Capabilities include Atomic Absorption, ICP, Ion Chromatography, Gas Chromatography, Mass Spectrometry, Microbiology, Radiochemistry, Wet Chemistry, and it also provides sampling-related services such as sample bottle kits, on-site sampling services, and sample courier services.",no_explicit_gmp,True,found_via_search,extracted,extracted,extracted,extracted,extracted,extracted,Florida Spectrum Environmental Services,False,Garden City Lab @ Florida Spectrum Environmental Services
ENT-000569,1,env_labs_standardized.csv,Florida-Spectrum Environmental Services-Big Lake Laboratory,,TNI00443,610 Parrot Ave,Okeechobee,Florida,,,env_labs,https://www.flenviro.com/,President Lyle Johnson,info@flenviro.com,,,,,,"Florida-Spectrum Environmental Services provides environmental contamination testing and analytical chemistry using EPA approved procedures, including analysis of groundwater, surface water, drinking water, soil, and hazardous wastes. The text also states capabilities including Atomic Absorption, ICP, Ion Chromatography, Gas Chromatography, Mass Spectrometry, Microbiology, Radiochemistry, Wet Chemistry, and provides sampling-related services such as sample bottle kits, on-site sampling, and sample courier services.",no_explicit_gmp,True,found_via_search,extracted,extracted,extracted,extracted,extracted,extracted,Florida Spectrum Environmental Services Big Lake Laboratory,True,HQ Lab @ Florida Spectrum Environmental Services Big Lake Laboratory
ENT-000570,1,env_labs_standardized.csv,Food Safety Net Services,,TNI02720,1519 S. 2nd Avenue,Dodge City,Kansas,,,env_labs,https://fsns.com/,,,,,,,,,explicit_gmp,,found_via_search,found_via_fallback_search,"no_pages_fetched_ok (pages_checked=1,fetched_ok=0,total_text_chars=0)","no_pages_fetched_ok (pages_checked=1,fetched_ok=0,total_text_chars=0)",found_via_fallback_search,"no_pages_fetched_ok (pages_checked=1,fetched_ok=0,total_text_chars=0)","no_pages_fetched_ok (pages_checked=1,fetched_ok=0,total_text_chars=0)",Food Safety Net Services,True,HQ Lab @ Food Safety Net Services
ENT-000571,1,env_labs_standardized.csv,Fort Pierce Utilities Authority Water Treatment Plant,,TNI00450,715 S 25th Street,Ft. Pierce,Florida,,,env_labs,https://fpua.com/,,,,,,,,,,,found_via_search,found_via_fallback_search,"no_pages_fetched_ok (pages_checked=1,fetched_ok=0,total_text_chars=0)","no_pages_fetched_ok (pages_checked=1,fetched_ok=0,total_text_chars=0)","no_pages_fetched_ok (pages_checked=1,fetched_ok=0,total_text_chars=0)","no_pages_fetched_ok (pages_checked=1,fetched_ok=0,total_text_chars=0)","no_pages_fetched_ok (pages_checked=1,fetched_ok=0,total_text_chars=0)",Fort Pierce Utilities Authority Water Treatment Plant,True,HQ Lab @ Fort Pierce Utilities Authority Water Treatment Plant
ENT-000572,1,env_labs_standardized.csv,Fort Worth Water Department Centralized Water & Wastewater Laboratory,,TNI00013,2600 South East Loop 820,Fort Worth,Texas,,,env_labs,https://www.fortworthtexas.gov/departments/water/laboratory,David Nelson,,,,,,,,,,found_via_search,found_via_fallback_search,found_via_fallback_search,"no_pages_fetched_ok (pages_checked=1,fetched_ok=0,total_text_chars=0)","no_pages_fetched_ok (pages_checked=1,fetched_ok=0,total_text_chars=0)","no_pages_fetched_ok (pages_checked=1,fetched_ok=0,total_text_chars=0)","no_pages_fetched_ok (pages_checked=1,fetched_ok=0,total_text_chars=0)",Fort Worth Water Department Centralized Water Wastewater Laboratory,True,HQ Lab @ Fort Worth Water Department Centralized Water Wastewater Laboratory
ENT-000573,1,env_labs_standardized.csv,Four Rivers Sanitation Authority,,TNI02046,Graceffa Administration Building 3501 Kishwaukee Street,Rockford,Illinois,,,env_labs,https://fourrivers.illinois.gov/,,,,,,,,"Four Rivers Sanitation Authority provides wastewater and sewage collection and treatment services, including operating a wastewater treatment plant and analyzing wastewater to confirm that processed wastewater meets or exceeds IEPA/EPA criteria before discharge. The site also describes lab analysis services in connection with “lab analysis services” and ongoing operations like treatment plant operations and maintenance.",no_explicit_gmp,False,found_via_search,extracted,"checked_pages_not_found (pages_checked=8,fetched_ok=8,total_text_chars=47797)","checked_pages_not_found (pages_checked=8,fetched_ok=8,total_text_chars=47797)",extracted,"checked_pages_not_found (pages_checked=8,fetched_ok=8,total_text_chars=47797)",extracted,Four Rivers Sanitation Authority,True,HQ Lab @ Four Rivers Sanitation Authority
ENT-000574,1,env_labs_standardized.csv,"Friedman & Bruya, Inc",,TNI00216,5500 4th Ave S,Seattle,Washington,,,env_labs,https://friedmanandbruya.com/,"Eric Young, B.S.",office@friedmanandbruya.com,,,,,,"NELAP-accredited analytical testing specializing in organic and inorganic analyses of soil, water, product, and vapor samples using EPA- and state-approved testing methods. Services include organic compound testing, inorganic compound testing, and general chemistry testing, with capabilities such as trace level metals, vapor intrusion/indoor air/soil gas testing (TO15 and TO17 analyses), and trace level sediment and PCP testing.",no_explicit_gmp,True,found_via_search,extracted,extracted,extracted,extracted,extracted,extracted,Friedman Bruya,True,HQ Lab @ Friedman Bruya
ENT-000575,1,env_labs_standardized.csv,Frontier Analytical Laboratory,,TNI01220,,El Dorado Hills,California,,,env_labs,https://www.frontieranalytical.com/,,,,,,,,"Provides environmental laboratory testing and analytical services, including testing for air, water, soil and other environmental media. Offers stack testing (EPA-compliant), source emissions testing, and leak detection and repair (LDAR) programs with methane monitoring.",no_explicit_gmp,True,found_via_search,extracted,extracted,extracted,extracted,extracted,extracted,Frontier Analytical Laboratory,True,HQ Lab @ Frontier Analytical Laboratory
ENT-000576,1,env_labs_standardized.csv,FRONTIER TECHNICAL ASSOC INC,,TNI01557,,WILLIAMSVILLE,New York,,,env_labs,https://frontiertechnical.com/,"David M. Harty, PE, BCEE",david.harty@frontiertechnical.com,,,,,,,,,found_via_search,found_via_fallback_search,found_via_fallback_search,found_via_fallback_search,"no_pages_fetched_ok (pages_checked=1,fetched_ok=0,total_text_chars=0)","no_pages_fetched_ok (pages_checked=1,fetched_ok=0,total_text_chars=0)","no_pages_fetched_ok (pages_checked=1,fetched_ok=0,total_text_chars=0)",FRONTIER TECHNICAL ASSOC,True,HQ Lab @ FRONTIER TECHNICAL ASSOC
ENT-000577,1,env_labs_standardized.csv,FULTON SEWAGE TREATMENT PLANT,,TNI01506,141 South First Street,FULTON,New York,,,env_labs,https://cityoffultonny.gov/,"Kevin Fowler, Supervisor",,,,,,,Operates a “Wastewater Treatment Plant” (Wastewater Treatment Plant listed with a Supervisor).,no_explicit_gmp,False,found_via_search,extracted,extracted,"checked_pages_not_found (pages_checked=8,fetched_ok=4,total_text_chars=24643)",extracted,"checked_pages_not_found (pages_checked=8,fetched_ok=4,total_text_chars=24643)",extracted,FULTON SEWAGE TREATMENT PLANT,True,HQ Lab @ FULTON SEWAGE TREATMENT PLANT
ENT-000578,1,env_labs_standardized.csv,"Future Laboratories, Inc.",,TNI00453,124 Lone Wolf Dr,Milton,Florida,,,env_labs,https://futurelabsllc.com/,James Swickard,jswickard@kta.com,,,,,,"Independent laboratory certification and quality testing for highway safety products and raw materials, including testing of pavement marking and polymeric/paint/coating materials. The site lists ASTM tests performed (e.g., salt fog, coefficient of friction, coefficient of friction, retroreflectance, skid resistance, and various coatings/adhesives/plastics-related methods) and also states it “manufacture[s] testing equipment for highway safety products.”",no_explicit_gmp,True,found_via_search,extracted,extracted,extracted,extracted,extracted,extracted,Future Laboratories,True,HQ Lab @ Future Laboratories
ENT-000579,1,env_labs_standardized.csv,"Gabriel Laboratories, Ltd.",,TNI02032,1421 North Elston Ave.,Chicago,Illinois,,,env_labs,,,,,,,,,,,,search_found_nothing,found_via_fallback_search,no_website_cannot_check_pages,no_website_cannot_check_pages,no_website_cannot_check_pages,no_website_cannot_check_pages,no_website_cannot_check_pages,Gabriel Laboratories,True,HQ Lab @ Gabriel Laboratories
ENT-000580,1,env_labs_standardized.csv,Garden City Municipal Wastewater Laboratory,,TNI01897,301 N 8th Street,Garden City,Kansas,,,env_labs,https://www.garden-city.org/,,,,,,,,"The pages list municipal services such as Disposal of Grass & Leaves, Disposal of Tree Limbs & Brush Trimmings, Recycling, Rent-A-Truck Program, Sidewalk Program, Snow & Ice Removal, Spring / Fall Clean-Up, Storm Debris Removal, Tree Maintenance Loan Program, and Tree Rebate Program, plus Utilities & Utility Billing and related payment options.",no_explicit_gmp,False,found_via_search,extracted,"checked_pages_not_found (pages_checked=5,fetched_ok=4,total_text_chars=16508)","checked_pages_not_found (pages_checked=5,fetched_ok=4,total_text_chars=16508)",extracted,"checked_pages_not_found (pages_checked=5,fetched_ok=4,total_text_chars=16508)",extracted,Garden City Municipal Wastewater Laboratory,True,HQ Lab @ Garden City Municipal Wastewater Laboratory
ENT-000581,1,env_labs_standardized.csv,GARDEN STATE LABORATORIES INC,,TNI01287,410 Hillside Avenue - Main Lab,HILLSIDE,New Jersey,,,env_labs,https://www.gslabs.com/,"Harvey Klein, M.S.",info@gslabs.com,,,,,,"Garden State Labs provides environmental and water testing services, including drinking water, recreational bathing water, wastewater and sludge, and analytical services. The text lists instrumentation and methods for chemical analyses (e.g., volatile organic analysis by GC-MS, heavy metals analysis by AA/ICAP/ICPMS, wet chemistry such as pH/BOD/COD/TOC and others) and microbiology analyses (e.g., Total Coliform/E. coli, Enterococci, Heterotrophic Plate Count, and Pseudomonas aeruginosa).",no_explicit_gmp,True,found_via_search,extracted,found_via_fallback_search,extracted,extracted,extracted,extracted,GARDEN STATE LABORATORIES,True,HQ Lab @ GARDEN STATE LABORATORIES
ENT-000582,1,env_labs_standardized.csv,GASPORT SD#1 STP,,TNI01609,4244 Bolton Rd,GASPORT,New York,,,env_labs,,,,,,,,,,,,search_found_nothing,found_via_fallback_search,no_website_cannot_check_pages,no_website_cannot_check_pages,no_website_cannot_check_pages,no_website_cannot_check_pages,no_website_cannot_check_pages,GASPORT SD1 STP,True,HQ Lab @ GASPORT SD1 STP
ENT-000583,1,env_labs_standardized.csv,"GD Air Testing, Inc.",,TNI00142,"1825 Summit Ave, Suite 200",Plano,Texas,,,env_labs,https://gdair.com/,George Dai,drdai@gdair.com,,,,,,,,,found_via_search,found_via_fallback_search,found_via_fallback_search,found_via_fallback_search,"no_pages_fetched_ok (pages_checked=1,fetched_ok=0,total_text_chars=0)","no_pages_fetched_ok (pages_checked=1,fetched_ok=0,total_text_chars=0)","no_pages_fetched_ok (pages_checked=1,fetched_ok=0,total_text_chars=0)",GD Air Testing,True,HQ Lab @ GD Air Testing
ENT-000584,1,env_labs_standardized.csv,"GEL Laboratories, LLC",,TNI00188,2040 Savage Road,Charleston,South Carolina,,,env_labs,https://www.gel.com/laboratories/,"Carey J. Bocklet Chief Operating Officer of GEL Laboratories, LLC",info@gel-labs.com,,,,,,"GEL Laboratories provides environmental and radiological analytical testing services including environmental chemistry (organic, inorganic, wet chemistry), radiochemistry, radiobioassay, PFAS analytical testing, hemp testing, special handling analyses, and lead in drinking water. The site also describes organic chemistry analyses (e.g., GC/MS for volatile/semi-volatile organics) and inorganic/metal analyses (e.g., ICP-MS/ICP/CVAA) as part of its laboratory services.",no_explicit_gmp,True,found_via_search,extracted,extracted,found_via_fallback_search,extracted,extracted,extracted,GEL Laboratories,True,HQ Lab @ GEL Laboratories
ENT-000585,1,env_labs_standardized.csv,Geochemical Testing,,TNI02126,2005 N Center Avenue,Somerset,Pennsylvania,,,env_labs,https://geo-ces.com/,Dave Glessner,dglessner@geo-ces.com,,,,,,,,,found_via_search,found_via_fallback_search,found_via_fallback_search,found_via_fallback_search,"no_pages_fetched_ok (pages_checked=1,fetched_ok=0,total_text_chars=0)","no_pages_fetched_ok (pages_checked=1,fetched_ok=0,total_text_chars=0)","no_pages_fetched_ok (pages_checked=1,fetched_ok=0,total_text_chars=0)",Geochemical Testing,True,HQ Lab @ Geochemical Testing
ENT-000586,1,env_labs_standardized.csv,Georgia Power Environmental Laboratory,,TNI00456,2480 Maner Road,Atlanta,Georgia,,,env_labs,http://environmental.southernco.com/gpc/environmental-lab/chem.html,,,,,,,,,,,found_via_search,found_via_fallback_search,"no_pages_fetched_ok (pages_checked=1,fetched_ok=0,total_text_chars=0)","no_pages_fetched_ok (pages_checked=1,fetched_ok=0,total_text_chars=0)","no_pages_fetched_ok (pages_checked=1,fetched_ok=0,total_text_chars=0)","no_pages_fetched_ok (pages_checked=1,fetched_ok=0,total_text_chars=0)","no_pages_fetched_ok (pages_checked=1,fetched_ok=0,total_text_chars=0)",Georgia Power Environmental Laboratory,True,HQ Lab @ Georgia Power Environmental Laboratory
ENT-000587,1,env_labs_standardized.csv,GHM ENVIRONMENTAL,,TNI01677,,SAVONA,New York,,,env_labs,,,,,,,,,,,,search_found_nothing,found_via_fallback_search,no_website_cannot_check_pages,no_website_cannot_check_pages,no_website_cannot_check_pages,no_website_cannot_check_pages,no_website_cannot_check_pages,GHM ENVIRONMENTAL,True,HQ Lab @ GHM ENVIRONMENTAL
ENT-000588,1,env_labs_standardized.csv,Glen Canyon - Wahweap,,TNI01981,100 Lake Shore Drive,Page,Arizona,,,env_labs,,,,,,,,,,,,search_found_nothing,found_via_fallback_search,no_website_cannot_check_pages,no_website_cannot_check_pages,no_website_cannot_check_pages,no_website_cannot_check_pages,no_website_cannot_check_pages,Glen Canyon Wahweap,True,HQ Lab @ Glen Canyon Wahweap
ENT-000589,1,env_labs_standardized.csv,GLENS FALLS WATER LABORATORY,,TNI01633,2 Shermantown Road,GLENS FALLS,New York,,,env_labs,,,,,,,,,,,,search_found_nothing,found_via_fallback_search,no_website_cannot_check_pages,no_website_cannot_check_pages,no_website_cannot_check_pages,no_website_cannot_check_pages,no_website_cannot_check_pages,GLENS FALLS WATER LABORATORY,True,HQ Lab @ GLENS FALLS WATER LABORATORY
ENT-000590,1,env_labs_standardized.csv,GLOVERSVILLE WATER WORKS,,TNI01539,67 - 73 South Main St.,GLOVERSVILLE,New York,,,env_labs,https://www.gloversvillewater.com/,"Eric Lentini, Superintendent",,,,,,,Provides water utility services with a filtration plant and a lab associated with the Gloversville Water Works. The site lists phone numbers for the treatment/filtration plant and a “Lab.”,no_explicit_gmp,False,found_via_search,extracted,extracted,"checked_pages_not_found (pages_checked=3,fetched_ok=3,total_text_chars=5684)",extracted,"checked_pages_not_found (pages_checked=3,fetched_ok=3,total_text_chars=5684)",extracted,GLOVERSVILLE WATER WORKS,True,HQ Lab @ GLOVERSVILLE WATER WORKS
ENT-000591,1,env_labs_standardized.csv,GLOVERSVILLE-JOHNSTOWN JWTF,,TNI01435,191 Union Avenue,JOHNSTOWN,New York,,,env_labs,https://www.g-jwastewater.com/,Donna Renda,Wastewater@GJWastewater.com,,,,,,"The facility treats domestic sanitary sewage and industrial wastewater, with treatment capacity up to 13.8 million gallons/day (MGD). Services described include an industrial monitoring and pretreatment program with sampling at outfalls, plus overflow retention storage (ORF) to temporarily hold diluted wastewater during wet weather events.",no_explicit_gmp,False,found_via_search,extracted,found_via_fallback_search,extracted,extracted,"checked_pages_not_found (pages_checked=5,fetched_ok=5,total_text_chars=7928)",extracted,GLOVERSVILLE JOHNSTOWN JWTF,True,HQ Lab @ GLOVERSVILLE JOHNSTOWN JWTF
ENT-000592,1,env_labs_standardized.csv,Gopher Resource - Tampa,,TNI02659,6505 Jewel Avenue,Tampa,Florida,,,env_labs,https://www.gopherresource.com/,,Info@GopherResource.com,,,,,,"Provides “advanced battery recycling services.” The Tampa facility includes storm and process water collection, battery recycling, and administration/safety features.",no_explicit_gmp,True,found_via_search,extracted,"checked_pages_not_found (pages_checked=8,fetched_ok=8,total_text_chars=42119)",found_via_fallback_search,extracted,extracted,extracted,Gopher Resource,False,Tampa Lab @ Gopher Resource
ENT-000593,1,env_labs_standardized.csv,Gopher Resource Corp. Laboratory,,TNI01144,"2900 Lone Oak Parkway , Ste 140A",Eagan,Minnesota,,,env_labs,https://www.gopherresource.com/,,info@gopherresource.com,,,,,,"Gopher Resource provides lead battery recycling, including producing recycled pure lead and numerous specialty alloys, and recycling other lead-bearing materials. It also operates onsite related operations such as Resource Plastics (recycling polypropylene into high-grade resins) and The Recycling Zone community recycling and reuse center with drop-off procedures and fees for certain items.",no_explicit_gmp,True,found_via_search,extracted,"checked_pages_not_found (pages_checked=8,fetched_ok=8,total_text_chars=41916)",found_via_fallback_search,extracted,extracted,extracted,Gopher Resource,False,Eagan Lab @ Gopher Resource
ENT-000594,1,env_labs_standardized.csv,GORHAM WASTEWATER TREATMENT FACILITY LABORATORY,,TNI01042,8 Main Street,GORHAM,New Hampshire,,,env_labs,https://www.gorhamnh.gov/pages/water-sewer-department,Jessica Jacques,jjacques@gorhamnh.gov,,,,,,Accepts water samples and conducts “bacteria testing only” at the NH ELAP Accredited Laboratory located at the Wastewater Treatment Plant. The page also states the testing is subject to laboratory hours and sample acceptance restrictions (not accepted on Fridays or the day before a Holiday).,no_explicit_gmp,False,found_via_search,extracted,extracted,extracted,extracted,"checked_pages_not_found (pages_checked=4,fetched_ok=3,total_text_chars=16958)",extracted,GORHAM WASTEWATER TREATMENT FACILITY LABORATORY,True,HQ Lab @ GORHAM WASTEWATER TREATMENT FACILITY LABORATORY
ENT-000595,1,env_labs_standardized.csv,"GPI LABORATORIES, INC.",,TNI01733,4403 Donker Ct SE,KENTWOOD,Michigan,,,env_labs,https://gpilabs.com/,,labs@gpilabs.com,,,,,,"Provides independent laboratory testing for corrosion, coatings, materials, and product performance, including salt spray/cyclic corrosion, weathering & UV testing, and materials & coatings performance testing. Also offers analytical chemistry & failure investigation, heavy metals and elemental analysis, abrasive quality control & surface cleanliness, technical sample preparation, coating application, and batch quality assurance/product evaluation.",no_explicit_gmp,True,found_via_search,extracted,"checked_pages_not_found (pages_checked=8,fetched_ok=8,total_text_chars=114805)",extracted,extracted,extracted,extracted,GPI LABORATORIES,True,HQ Lab @ GPI LABORATORIES
ENT-000596,1,env_labs_standardized.csv,"Grace Consulting, Inc.",,TNI02661,,Plainfield,Indiana,,,env_labs,https://graceconsulting.co/,Kathryn,kathryn@graceconsulting.co,,,,,,"The company provides executive advisory and executive coaching focused on improving clients' relationship intelligence and relational dynamics in personal and professional settings, including founder and co-founder relationship guidance.",no_explicit_gmp,False,found_via_search,found_via_fallback_search,extracted,extracted,extracted,"checked_pages_not_found (pages_checked=2,fetched_ok=2,total_text_chars=4974)",extracted,Grace Consulting,True,HQ Lab @ Grace Consulting
ENT-000597,1,env_labs_standardized.csv,GRAHAMSVILLE LABORATORY,,TNI01582,7870 State Route 42,GRAHAMSVILLE,New York,,,env_labs,,,,,,,,,,,,search_found_nothing,found_via_fallback_search,no_website_cannot_check_pages,no_website_cannot_check_pages,no_website_cannot_check_pages,no_website_cannot_check_pages,no_website_cannot_check_pages,GRAHAMSVILLE LABORATORY,True,HQ Lab @ GRAHAMSVILLE LABORATORY
ENT-000598,1,env_labs_standardized.csv,GRAND ISLAND WASTEWATER PLANT,,TNI01468,2255 Baseline Road,GRAND ISLAND,New York,,,env_labs,https://www.grand-island.ny.us/302/Wastewater-Department,Timothy Burns,,,,,,,"Operates the Grand Island Wastewater Treatment Facility, including advanced secondary treatment and disinfection of domestic sewage and discharge of treated effluent. Also manages conveyance of domestic sewage by maintaining twenty lift stations and related equipment, and oversees monitoring/adjustment of treatment to meet permitted effluent discharge parameters.",no_explicit_gmp,False,found_via_search,extracted,extracted,"checked_pages_not_found (pages_checked=8,fetched_ok=7,total_text_chars=36316)",extracted,"checked_pages_not_found (pages_checked=8,fetched_ok=7,total_text_chars=36316)",extracted,GRAND ISLAND WASTEWATER PLANT,True,HQ Lab @ GRAND ISLAND WASTEWATER PLANT
ENT-000599,1,env_labs_standardized.csv,"Grants Pass Water Laboratory, Inc./The Water Lab",,TNI00217,"964 SE ""M"" Street, Suite 1",Grants Pass,Oregon,,,env_labs,https://www.gpwaterlab.com/,,info@gpwaterlab.com,,,,,,"Provides water testing services for drinking water, wastewater, and ground and surface water. Offers testing for various contaminants including “Common Contaminants,” “Organics,” “Coliform Bacteria,” and “pH (Acid/Alkaline),” and lists additional services such as “Back Flow Testing” and “Taste & Odor” and “Well Chlorination.”",no_explicit_gmp,True,found_via_search,extracted,"checked_pages_not_found (pages_checked=8,fetched_ok=7,total_text_chars=24767)",extracted,extracted,extracted,extracted,Grants Pass Water Laboratory,True,HQ Lab @ Grants Pass Water Laboratory
ENT-000600,1,env_labs_standardized.csv,GREAT LAKES ENVIRONMENTAL CENTER INC (MI),,TNI02205,739 Hastings St.,TRAVERSE CITY,Michigan,,,env_labs,https://www.glec.com/,Mick DeGraeve,mick@glec.com,,,,,,"Provides applied environmental sciences, research, and compliance assistance focused on water quality and the protection of aquatic ecosystems. Laboratory and field services include whole sediment toxicity and whole effluent toxicity (WET) testing, chlorophyll and nutrient chemistry testing, and aquatic toxicology, environmental chemistry, aquatic taxonomy, and microbiology and molecular ecology laboratory services.",no_explicit_gmp,True,found_via_search,extracted,found_via_fallback_search,found_via_fallback_search,extracted,extracted,extracted,GREAT LAKES ENVIRONMENTAL CENTER,False,Traverse City Lab @ GREAT LAKES ENVIRONMENTAL CENTER
ENT-000601,1,env_labs_standardized.csv,GREAT LAKES ENVIRONMENTAL CENTER INC (OH),,TNI02590,1295 King Avenue,COLUMBUS,Ohio,,,env_labs,https://www.glec.com/,Chris Tarr,chris@glec.com,,,,,,"Provides applied environmental sciences, research, and compliance assistance focused on water quality and the protection of aquatic ecosystems. Laboratory services include aquatic toxicology, environmental chemistry, aquatic taxonomy, and microbiology and molecular ecology, along with field services such as field surveys, field equipment logistics, and training.",no_explicit_gmp,True,found_via_search,extracted,found_via_fallback_search,found_via_fallback_search,extracted,extracted,extracted,GREAT LAKES ENVIRONMENTAL CENTER,False,Columbus Lab @ GREAT LAKES ENVIRONMENTAL CENTER
ENT-000602,1,env_labs_standardized.csv,"Green Country Testing, Inc. - OKC",,TNI02639,6510 S Western Ave Suite 207,Oklahoma City,Oklahoma,,,env_labs,https://greencountrytesting.com/,Susie Southwell,susies@greencountrytesting.com,,,,,,"Green Country Testing provides analytical testing for organics, metals, and general wet chemical analysis, including metals by ICP/ICP/MS and cold vapor, organics by GC/GC/MS, and microbiological analysis for Enterococci, Total and Fecal Coliform, and E. coli. It also offers sampling services such as wastewater composite and grab samples, pick-up/drop-off, composite sampler setup, and on-site measurements/analysis like pH, temperature, and Total Residual Chlorine.",no_explicit_gmp,True,found_via_search,extracted,extracted,extracted,extracted,extracted,extracted,Green Country Testing,False,Oklahoma City Lab @ Green Country Testing
ENT-000603,1,env_labs_standardized.csv,"Green Country Testing, Inc. - Tulsa",,TNI01389,6825 E 38th Street,Tulsa,Oklahoma,,,env_labs,https://greencountrytesting.com/,Brian Duzan,briand@greencountrytesting.com,,,,,,"GCT provides environmental laboratory services including organics analysis (chromatography/GC and GC/MS), metals analysis (ICP, ICP/MS, Cold Vapor), general wet chemical analysis, and microbiological analysis (Enterococci, Total and Fecal Coliform, E. coli). It also offers sampling services such as manhole, tank, drum, soil, and NPDES sampling, plus field pickup, wastewater composite/grab sampling, and on-site measurements like pH and temperature and Total Residual Chlorine.",no_explicit_gmp,True,found_via_search,extracted,extracted,extracted,extracted,extracted,extracted,Green Country Testing,False,Tulsa Lab @ Green Country Testing
ENT-000604,1,env_labs_standardized.csv,Green Leaf Lab,,TNI02452,"251 Lathrop Way, Suite E",Portland,Oregon,,,env_labs,https://greenleaflab.org/,"Dr. Robert W. Martin, Jr., Ph.D. as Chief Science Officer",rowshan@greenleaflab.org,,,,,,"Provides cannabis and hemp analytical testing services with analysis available for pesticides, potency, solvents, terpenes, heavy metals and more, along with compliance testing. Also offers product development.",no_explicit_gmp,True,found_via_search,extracted,extracted,found_via_fallback_search,extracted,extracted,extracted,Green Leaf Lab,False,Portland Lab @ Green Leaf Lab
ENT-000605,1,env_labs_standardized.csv,Green Leaf Lab - Rogue River,,TNI02715,"251 Lathrop Way, Suite E",Rogue River,Oregon,,,env_labs,https://greenleaflab.org/,Eric Wendt,Eric.Wendt@greenleaflabs.com,,,,,,"Provides ISO 17025 accredited cannabis and hemp analytical testing services for pesticides, potency, solvents, terpenes, heavy metals and more, including compliance testing and CBD/hemp analysis. Also offers product development and cannabis science support.",no_explicit_gmp,True,found_via_search,extracted,found_via_fallback_search,found_via_fallback_search,extracted,extracted,extracted,Green Leaf Lab,False,Rogue River Lab @ Green Leaf Lab
ENT-000606,1,env_labs_standardized.csv,GreenWater Laboratory / CyanoLab,,TNI02510,"205 Zeagler Drive, Suite 302",Palatka,Florida,,,env_labs,https://greenwaterlab.com/,"Amanda Foss, M.S., M.S.",info@greenwaterlab.com,,,,,,"GreenWater Laboratories provides testing and expert analysis focused on cyanobacteria, including PTOX Cyanobacteria Screening, algal enumeration, and phycology classes/workshops. They analyze harmful algal blooms/cyanobacteria and related toxins across multiple matrices using microscopy, ELISA, and LC-MS/MS, and also conduct qPCR.",no_explicit_gmp,True,found_via_search,extracted,extracted,extracted,extracted,extracted,extracted,GreenWater Laboratory CyanoLab,True,HQ Lab @ GreenWater Laboratory CyanoLab
ENT-000607,1,env_labs_standardized.csv,Guadalupe-Blanco River Authority Regional Laboratory,,TNI00060,2225 E. Common Street,Seguin,Texas,,,env_labs,https://www.gbra.org/,Miliana Hernandez-Santa,GBRA,,,,,,"Providing accredited laboratory services to the public to ensure compliance with federal, state and local water quality regulations and requirements.",no_explicit_gmp,False,found_via_search,extracted,found_via_fallback_search,extracted,extracted,"checked_pages_not_found (pages_checked=8,fetched_ok=8,total_text_chars=220813)",extracted,Guadalupe Blanco River Authority Regional Laboratory,True,HQ Lab @ Guadalupe Blanco River Authority Regional Laboratory
ENT-000608,1,env_labs_standardized.csv,Gulf Coast Analytical Laboratories LLC dba Pace Analytical Gulf Coast,,TNI01390,7979 Innovation Park Dr,Baton Rouge,Louisiana,,,env_labs,https://www.pacelabs.com/,Russell McNiece,russell.mcneice@pacelabs.com,,,,,,"Provides analytical and environmental testing services across areas such as USP 797/800, PFAS, water testing, emissions, and other listed testing categories. Also offers life sciences facility and equipment qualification/validation, cleanroom certification and testing (including cGMP/ISO/IEST/USP <797>), environmental monitoring, and laboratory relocation services.",explicit_gmp,True,found_via_search,found_via_fallback_search,found_via_fallback_search,found_via_fallback_search,extracted,extracted,extracted,Gulf Coast Analytical Laboratories,True,HQ Lab @ Gulf Coast Analytical Laboratories
ENT-000609,1,env_labs_standardized.csv,Gulf Coast Authority,,TNI00085,910 Bay Area Blvd.,Pasadena,Texas,,,env_labs,https://www.gcatx.org/,"Elizabeth Fazio Hale , CEO and General Manager",[email protected],,,,,,"GCA provides industrial and municipal wastewater treatment services, including activated sludge-based treatment at its regional industrial wastewater treatment facilities and tertiary UV disinfection for municipal sewage at the Blackhawk facility. It also provides non-potable water system operations, solid waste management via a non-commercial industrial solid waste landfill operated under contract, and laboratory services through a Central Laboratory performing environmental testing (NELAP-accredited).",no_explicit_gmp,False,found_via_search,extracted,extracted,extracted,extracted,"checked_pages_not_found (pages_checked=8,fetched_ok=8,total_text_chars=34158)",extracted,Gulf Coast Authority,True,HQ Lab @ Gulf Coast Authority
ENT-000610,1,env_labs_standardized.csv,Gulf Coast Testing LLC,,TNI02493,4378 Park Avenue,Prairieville,Louisiana,,,env_labs,https://gctla.com/,"William Daniel, Program Manager",william.daniel@gctla.com,,,,,,"Provides certification for residential wastewater treatment units and associated wastewater equipment according to NSF/ANSI standards (including certification of new units, equipment certification, continuing compliance, and engineering evaluations) with testing and inspections of manufacturing facilities. Also offers Clean Water Act-related services such as wetland delineation, permitting assistance, compliance monitoring, and wetland mitigation banking proposals, plus Phase I environmental site assessments.",no_explicit_gmp,True,found_via_search,extracted,extracted,found_via_fallback_search,extracted,extracted,extracted,Gulf Coast Testing,True,HQ Lab @ Gulf Coast Testing
ENT-000611,1,env_labs_standardized.csv,Gulf States Environmental Laboratories Inc,,TNI01391,,Shreveport,Louisiana,,,env_labs,http://www.gulfstateslab.com/,,karen.gsel@gmail.com,,,,,,,no_explicit_gmp,,found_via_search,found_via_fallback_search,"pages_likely_js_rendered (pages_checked=1,fetched_ok=1,total_text_chars=10)",found_via_fallback_search,extracted,"pages_likely_js_rendered (pages_checked=1,fetched_ok=1,total_text_chars=10)","pages_likely_js_rendered (pages_checked=1,fetched_ok=1,total_text_chars=10)",Gulf States Environmental Laboratories,True,HQ Lab @ Gulf States Environmental Laboratories
ENT-000612,1,env_labs_standardized.csv,H&P Mobile Geochemistry Inc,,TNI02365,2470 IMPALA DRIVE,Carlsbad,California,,,env_labs,https://handpmg.com/,Janis La Roux,info@handpmg.com,,,,,,"Provides vapor intrusion field services and environmental laboratory services, including mobile laboratory VOC analysis for soil vapor and vapor sampling services. Also operates direct push drilling equipment for soil vapor, soil, and groundwater collection, and provides sampling support and supplies (e.g., summa canisters) and VOC analysis.",no_explicit_gmp,True,found_via_search,extracted,found_via_fallback_search,extracted,extracted,extracted,extracted,HP Mobile Geochemistry,True,HQ Lab @ HP Mobile Geochemistry
ENT-000613,1,env_labs_standardized.csv,H2O Quality Laboratory a Division of Prince William Water,,TNI01240,1861 Rippon Boulevard,Woodbridge,Virginia,,,env_labs,https://princewilliamwater.org/our-water/testing/about-h2o-lab,John DeRosa,derosa@pwwater.org,,,,,,,,,found_via_search,found_via_fallback_search,found_via_fallback_search,found_via_fallback_search,"no_pages_fetched_ok (pages_checked=1,fetched_ok=0,total_text_chars=0)","no_pages_fetched_ok (pages_checked=1,fetched_ok=0,total_text_chars=0)","no_pages_fetched_ok (pages_checked=1,fetched_ok=0,total_text_chars=0)",H2O Quality Laboratory a Division of Prince William Water,True,HQ Lab @ H2O Quality Laboratory a Division of Prince William Water
ENT-000614,1,env_labs_standardized.csv,HAMPTON- CLARKE,,TNI01278,175 US Highway 46 STE D,FAIRFIELD,New Jersey,,,env_labs,https://www.hcvlab.com/,"Rose DiMeo, President",info@hcvlab.com,,,,,,"Provides environmental laboratory testing for organic and inorganic analysis of various matrices, including analytical capabilities such as Volatile/Semivolatile Organics by GC/MS, PCBs by GC, petroleum hydrocarbons by GC, metals by ICP/MS & ICP, and mercury by Cold Vapor Technique. Also provides field services (e.g., soil/sediment, groundwater, wastewater/surface water, air sampling) and construction support including waste disposal, waste management, and health and safety services.",no_explicit_gmp,True,found_via_search,extracted,extracted,extracted,extracted,extracted,extracted,HAMPTON CLARKE,False,Fairfield Lab @ HAMPTON CLARKE
ENT-000615,1,env_labs_standardized.csv,HAMPTON-CLARKE INC,,TNI02253,175 US Highway 46 STE D,MOUNT LAUREL,New Jersey,,,env_labs,https://www.hampton-clarke.com/,"Rose DiMeo, President",[email protected],,,,,,"Hampton-Clarke provides environmental laboratory services for “organic and inorganic analysis of various matrices,” including a range of analytical methods such as volatile and semivolatile organics, pesticides, PCBs, petroleum hydrocarbons, metals, mercury, and anions/cations. It also provides field services (sample collection and certified analyze-immediately parameters) and construction support including waste disposal, waste management, health and safety services, and field sampling.",no_explicit_gmp,True,found_via_search,extracted,extracted,extracted,extracted,extracted,extracted,HAMPTON CLARKE,False,Mount Laurel Lab @ HAMPTON CLARKE
ENT-000616,1,env_labs_standardized.csv,Harris County Pollution Control Services Department,,TNI00045,"101 South Richey, Suite H",Pasadena,Texas,,,env_labs,https://pcs.harriscountytx.gov/,Dr. Latrice Babin,pollution.control@pcs.hctx.net,,,,,,"PCS provides air quality compliance services including complaint response and investigations, emissions events investigations, programmatic inspections, and permit reviews. It also conducts environmental response (24-hour/day on-call hazardous materials incident response) and laboratory analysis of water, soil, and solid waste samples to identify and quantify hazardous compounds.",no_explicit_gmp,False,found_via_search,extracted,found_via_fallback_search,extracted,extracted,"checked_pages_not_found (pages_checked=8,fetched_ok=8,total_text_chars=52439)",extracted,Harris County Pollution Control Services Department,True,HQ Lab @ Harris County Pollution Control Services Department
ENT-000617,1,env_labs_standardized.csv,HAWTHORNE LABORATORY,,TNI01603,"19 Bradhurst Avenue, Suite S1700",HAWTHORNE,New York,,,env_labs,,,,,,,,,,,,search_found_nothing,found_via_fallback_search,no_website_cannot_check_pages,no_website_cannot_check_pages,no_website_cannot_check_pages,no_website_cannot_check_pages,no_website_cannot_check_pages,HAWTHORNE LABORATORY,True,HQ Lab @ HAWTHORNE LABORATORY
ENT-000618,1,env_labs_standardized.csv,HAZEN RESEARCH INC,,TNI01694,,GOLDEN,Colorado,,,env_labs,https://www.hazenresearch.com/,,analytical@hazenresearch.com,,,,,,,,,found_via_search,found_via_fallback_search,"no_pages_fetched_ok (pages_checked=1,fetched_ok=0,total_text_chars=0)",found_via_fallback_search,"no_pages_fetched_ok (pages_checked=1,fetched_ok=0,total_text_chars=0)","no_pages_fetched_ok (pages_checked=1,fetched_ok=0,total_text_chars=0)","no_pages_fetched_ok (pages_checked=1,fetched_ok=0,total_text_chars=0)",HAZEN RESEARCH,True,HQ Lab @ HAZEN RESEARCH
ENT-000619,1,env_labs_standardized.csv,HENNINGSON DURHAM & RICHARDSON ARCHITECTURE & ENGINEERING PC,,TNI01511,404 Airport Executive Park,NANUET,New York,,,env_labs,https://www.hdrinc.com/,,,,,,,,,,,found_via_search,found_via_fallback_search,"no_pages_fetched_ok (pages_checked=1,fetched_ok=0,total_text_chars=0)","no_pages_fetched_ok (pages_checked=1,fetched_ok=0,total_text_chars=0)","no_pages_fetched_ok (pages_checked=1,fetched_ok=0,total_text_chars=0)","no_pages_fetched_ok (pages_checked=1,fetched_ok=0,total_text_chars=0)","no_pages_fetched_ok (pages_checked=1,fetched_ok=0,total_text_chars=0)",HENNINGSON DURHAM RICHARDSON ARCHITECTURE ENGINEERING,True,HQ Lab @ HENNINGSON DURHAM RICHARDSON ARCHITECTURE ENGINEERING
ENT-000620,1,env_labs_standardized.csv,Henrico County D.P.U. Central Environmental Laboratory,,TNI02222,4305 East Parham Road,Henrico,Virginia,,,env_labs,https://henrico.gov/,,,,,,,,,,,found_via_search,found_via_fallback_search,"no_pages_fetched_ok (pages_checked=1,fetched_ok=0,total_text_chars=0)","no_pages_fetched_ok (pages_checked=1,fetched_ok=0,total_text_chars=0)","no_pages_fetched_ok (pages_checked=1,fetched_ok=0,total_text_chars=0)","no_pages_fetched_ok (pages_checked=1,fetched_ok=0,total_text_chars=0)","no_pages_fetched_ok (pages_checked=1,fetched_ok=0,total_text_chars=0)",Henrico County DPU Central Environmental Laboratory,True,HQ Lab @ Henrico County DPU Central Environmental Laboratory
ENT-000621,1,env_labs_standardized.csv,HF Sinclair El Dorado Refining LLC,,TNI01893,1401 Douglas Rd,El Dorado,Kansas,,,env_labs,https://www.hfsinclair.com/,,,,,,,,,,,found_via_search,found_via_fallback_search,"no_pages_fetched_ok (pages_checked=1,fetched_ok=0,total_text_chars=0)","no_pages_fetched_ok (pages_checked=1,fetched_ok=0,total_text_chars=0)","no_pages_fetched_ok (pages_checked=1,fetched_ok=0,total_text_chars=0)","no_pages_fetched_ok (pages_checked=1,fetched_ok=0,total_text_chars=0)","no_pages_fetched_ok (pages_checked=1,fetched_ok=0,total_text_chars=0)",HF Sinclair El Dorado Refining,True,HQ Lab @ HF Sinclair El Dorado Refining
ENT-000622,1,env_labs_standardized.csv,HGS Analytical Laboratory,,TNI02532,1709 E Hillyer Robinson Parkway,Oxford,Alabama,,,env_labs,https://hgsengineeringinc.com/,,wilkins@hgsengineeringinc.com,,,,,,"Provides microbiological analysis for water hygiene, assisting hospitals, nursing homes, dental clinics, industrial and overnight facilities. HGS Analytical also holds “CDC-ELITE and NELAP certifications.”",no_explicit_gmp,True,found_via_search,extracted,"checked_pages_not_found (pages_checked=8,fetched_ok=8,total_text_chars=22319)",extracted,extracted,extracted,extracted,HGS Analytical Laboratory,True,HQ Lab @ HGS Analytical Laboratory
ENT-000623,1,env_labs_standardized.csv,"HILLMANN CONSULTING, LLC",,TNI01286,"1600 Route 22, East Suite 107",UNION,New Jersey,,,env_labs,https://www.hillmannconsulting.com/,Chris Hillmann,info@hillmannconsulting.com,,,,,,"Provides Environmental Health & Safety services (e.g., asbestos, mold, lead, indoor air quality/odor assessments, fire & smoke damage assessments/testing, disaster/emergency services, illicit drug testing & decontamination, and occupational safety training). Also offers due diligence & remediation management (e.g., Phase I & II ESAs, PFAS due diligence, environmental assessments, hazardous materials surveys, property condition assessment, groundwater testing, soil testing & delineation, radon testing, remediation design & management, and UST/AST decommissioning & compliance) plus energy consulting, construction services, and lab services (fully accredited environmental laboratory with analytical testing).",no_explicit_gmp,True,found_via_search,extracted,extracted,found_via_fallback_search,extracted,extracted,extracted,HILLMANN CONSULTING,True,HQ Lab @ HILLMANN CONSULTING
ENT-000624,1,env_labs_standardized.csv,Hillsborough County Environmental Laboratory,,TNI00461,,Tampa,Florida,,,env_labs,,,,,,,,,,,,search_found_nothing,no_website_fallback_search_failed,no_website_cannot_check_pages,no_website_cannot_check_pages,no_website_cannot_check_pages,no_website_cannot_check_pages,no_website_cannot_check_pages,Hillsborough County Environmental Laboratory,True,HQ Lab @ Hillsborough County Environmental Laboratory
ENT-000625,1,env_labs_standardized.csv,Hillsborough County Environmental Protection Commission,,TNI00460,,Tampa,Florida,,,env_labs,https://www.epchc.org/,Janet D. Lorton,,,,,,,,,,found_via_search,found_via_fallback_search,found_via_fallback_search,"no_pages_fetched_ok (pages_checked=1,fetched_ok=0,total_text_chars=0)","no_pages_fetched_ok (pages_checked=1,fetched_ok=0,total_text_chars=0)","no_pages_fetched_ok (pages_checked=1,fetched_ok=0,total_text_chars=0)","no_pages_fetched_ok (pages_checked=1,fetched_ok=0,total_text_chars=0)",Hillsborough County Environmental Protection Commission,True,HQ Lab @ Hillsborough County Environmental Protection Commission
ENT-000626,1,env_labs_standardized.csv,HORNELL (C) WATER TREATMENT PLANT,,TNI01429,"82 Main Street, PO Box 627",HORNELL,New York,,,env_labs,https://www.cityofhornell.gov/water-treatment-plant,"Leonard Fucci Chief Operator, Water Filtration Plant",,,,,,,"Provides municipal water treatment processes including aeration, sedimentation and clarification, rapid sand filtration, chlorination, and treated water storage.",no_explicit_gmp,False,found_via_search,extracted,extracted,"checked_pages_not_found (pages_checked=5,fetched_ok=4,total_text_chars=15699)",extracted,"checked_pages_not_found (pages_checked=5,fetched_ok=4,total_text_chars=15699)",extracted,HORNELL C WATER TREATMENT PLANT,True,HQ Lab @ HORNELL C WATER TREATMENT PLANT
ENT-000627,1,env_labs_standardized.csv,Howard F. Curren Advanced Wastewater Treatment Plant Analytical Laboratory,,TNI00462,2700 Maritime Boulevard,Tampa,Florida,,,env_labs,https://www.tampa.gov/,,,,,,,,,no_explicit_gmp,False,found_via_search,found_via_fallback_search,"checked_pages_not_found (pages_checked=8,fetched_ok=8,total_text_chars=52751)","checked_pages_not_found (pages_checked=8,fetched_ok=8,total_text_chars=52751)",extracted,"checked_pages_not_found (pages_checked=8,fetched_ok=8,total_text_chars=52751)","checked_pages_not_found (pages_checked=8,fetched_ok=8,total_text_chars=52751)",Howard F Curren Advanced Wastewater Treatment Plant Analytical Laboratory,True,HQ Lab @ Howard F Curren Advanced Wastewater Treatment Plant Analytical Laboratory
ENT-000628,1,env_labs_standardized.csv,HRSD Central Environmental Laboratory,,TNI01239,1434 Air Rail Avenue,Virginia Beach,Virginia,,,env_labs,https://www.hrsd.com/,Director of Laboratory Services (rhook@hrsd.com),rhook@hrsd.com,,,,,,"Provides municipal environmental services and wastewater treatment to protect public health and the environment. The site also references “environmental monitoring and analysis, training and consulting” for municipal assistance and includes a “Director of Laboratory Services” in its organization.",no_explicit_gmp,False,found_via_search,extracted,extracted,extracted,extracted,"checked_pages_not_found (pages_checked=8,fetched_ok=8,total_text_chars=56858)",extracted,HRSD Central Environmental Laboratory,True,HQ Lab @ HRSD Central Environmental Laboratory
ENT-000629,1,env_labs_standardized.csv,Hutchinson Municipal Wastewater Laboratory,,TNI01904,,Hutchinson,Kansas,,,env_labs,https://www.hutchinsonks.gov/,,,,,,,,,no_explicit_gmp,False,found_via_search,"checked_pages_not_found (pages_checked=2,fetched_ok=2,total_text_chars=496)","checked_pages_not_found (pages_checked=2,fetched_ok=2,total_text_chars=496)","checked_pages_not_found (pages_checked=2,fetched_ok=2,total_text_chars=496)",extracted,"checked_pages_not_found (pages_checked=2,fetched_ok=2,total_text_chars=496)","checked_pages_not_found (pages_checked=2,fetched_ok=2,total_text_chars=496)",Hutchinson Municipal Wastewater Laboratory,True,HQ Lab @ Hutchinson Municipal Wastewater Laboratory
ENT-000630,1,env_labs_standardized.csv,"Huther and Associates, Inc.",,TNI00039,,Denton,Texas,,,env_labs,,,,,,,,,,,,search_found_nothing,found_via_fallback_search,no_website_cannot_check_pages,no_website_cannot_check_pages,no_website_cannot_check_pages,no_website_cannot_check_pages,no_website_cannot_check_pages,Huther and Associates,True,HQ Lab @ Huther and Associates
ENT-000631,1,env_labs_standardized.csv,"HYDRO TECHNOLOGIES, LLC",,TNI01880,"4600 East Washington Street, Suite 305",NEW MILFORD,Connecticut,,,env_labs,https://www.gohydro.com/,Laura McGuire,,,,,,,,no_explicit_gmp,False,found_via_search,extracted,found_via_fallback_search,"checked_pages_not_found (pages_checked=1,fetched_ok=1,total_text_chars=660)",extracted,"checked_pages_not_found (pages_checked=1,fetched_ok=1,total_text_chars=660)","checked_pages_not_found (pages_checked=1,fetched_ok=1,total_text_chars=660)",HYDRO TECHNOLOGIES,True,HQ Lab @ HYDRO TECHNOLOGIES
ENT-000632,1,env_labs_standardized.csv,IEH - JL Analytical,,TNI02561,,Modesto,California,,,env_labs,https://www.iehinc.com/,Dr. Mohammad Koohmaraie,info@iehinc.com,,,,,,"IEH provides food safety testing services including microplastics testing using LDIR (Laser Direct Infrared) imaging spectroscopy, as well as FDA compliance and detention services for US FDA food regulations. Services also include “expedited laboratory testing services,” and “full service microbiology, analytical chemistry, allergens… toxicology, forensics, whole genome sequencing, metagenomics, and bioinformatics.”",no_explicit_gmp,True,found_via_search,extracted,extracted,extracted,extracted,extracted,extracted,IEH JL Analytical,True,HQ Lab @ IEH JL Analytical
ENT-000633,1,env_labs_standardized.csv,IEH SCIENTIFIC METHODS,,TNI02288,12441 Beckley St,GRANGER,Indiana,,,env_labs,https://www.scientificmethods.com/,Alicia Jones,customer.service@scientificmethods.com,,,,,,"Provides environmental microbiology testing services including bacterial testing (e.g., Aerobic Spore Count, Legionella, Coliform, Rapid E. Coli, Enterococci), pathogen testing (e.g., Cryptosporidium and Giardia), MPA testing, microplastics testing, and virus testing (e.g., EPA Method 1615 coliphages, Enteric Virus Detection, Human Adenovirus, Total Culturable Virus Assay, BFMS Virus Kit). Also offers consulting and device/method validation studies, plus sample analysis and reports.",no_explicit_gmp,True,found_via_search,extracted,found_via_fallback_search,extracted,extracted,extracted,extracted,IEH SCIENTIFIC METHODS,True,HQ Lab @ IEH SCIENTIFIC METHODS
ENT-000634,1,env_labs_standardized.csv,Illinois Environmental Protection Agency Laboratory,,TNI00466,2520 W Iles Ave,Springfield,Illinois,,,env_labs,https://epa.illinois.gov/,"Millie Rose, LAU Supervisor",mildred.rose@illinois.gov,,,,,,"The provided text lists the Illinois EPA’s “Laboratory Services” as part of its site navigation, and includes information about other EPA programs (e.g., vehicle emissions testing program) rather than specific lab testing capabilities.",no_explicit_gmp,False,found_via_search,extracted,found_via_fallback_search,found_via_fallback_search,extracted,"checked_pages_not_found (pages_checked=8,fetched_ok=8,total_text_chars=22279)",extracted,Illinois Environmental Protection Agency Laboratory,True,HQ Lab @ Illinois Environmental Protection Agency Laboratory
ENT-000635,1,env_labs_standardized.csv,"Inboden Environmental Services, Inc.",,TNI01251,5790 Main Street,Mount Jackson,Virginia,,,env_labs,https://inbodenenv.com/,Terry J. Inboden,info@inbodenenv.com,,,,,,"IES provides a fully accredited commercial environmental laboratory and conducts environmental, drinking water, and soil sample analysis using 40CFR136 approved methodology with specified Quality Control/Quality Assurance measures. It also offers engineering services including design, permitting, construction oversight assistance, and commissioning for water and wastewater management.",no_explicit_gmp,True,found_via_search,extracted,extracted,found_via_fallback_search,extracted,extracted,extracted,Inboden Environmental Services,True,HQ Lab @ Inboden Environmental Services
ENT-000636,1,env_labs_standardized.csv,INFRAMARK,,TNI01821,,STATEN ISLAND,New York,,,env_labs,,,,,,,,,,,,search_found_nothing,no_website_fallback_search_failed,no_website_cannot_check_pages,no_website_cannot_check_pages,no_website_cannot_check_pages,no_website_cannot_check_pages,no_website_cannot_check_pages,INFRAMARK,True,HQ Lab @ INFRAMARK
ENT-000637,1,env_labs_standardized.csv,"Instrumental Research, Inc",,TNI01082,7800 Main Street Ne,Fridley,Minnesota,,,env_labs,https://irilabs.net/,Sue Melchior,admin@irilabs.com,,,,,,"Provides chemical and microbial analysis of drinking and surface water resources, wastewater, and industrial or storm runoff. Specific services mentioned include drinking water analysis (bacterial contamination testing, inorganic compounds and metals testing, disinfection byproduct detection and quantification, hardness and other parameters), surface water analysis (e.g., fecal indicator quantification, pseudomonad quantification, nitrogen and phosphorous compounds, pathogen detection), and certified detection and quantification of fecal indicator organisms plus total heterotrophic bacteria counts and pseudomonad quantification.",no_explicit_gmp,True,found_via_search,extracted,extracted,extracted,extracted,extracted,extracted,Instrumental Research,True,HQ Lab @ Instrumental Research
ENT-000638,1,env_labs_standardized.csv,"Integrity Testing, Inc.",,TNI02281,"8127 Mesa Dr., #C-305",Austin,Texas,,,env_labs,https://www.integritytestingaustin.com/,Chris Ewert,chris@integritytestingaustin.com,,,,,,"Provides TCEQ NELAC certified testing for drinking water, non-potable water, soil, and hazardous waste, including underground storage tanks (UST), petroleum storage tanks (PST), hazardous waste characterization & landfill disposal, and drinking water/well water/groundwater/stormwater/NPDES/TPDES/industrial reclaimed water and related programs. Runs tests such as Total Coliform, E. coli, Total Petroleum Hydrocarbons, Volatile Organics by GC/MS, BTEX/MTBE by GC/MS, PAHs by GC/MS, TCLP & SPLP Analysis, and multiple metals by methods including EPA 6010/200.7/7470/7471/245.1 and related listed parameters.",no_explicit_gmp,True,found_via_search,extracted,extracted,extracted,extracted,extracted,extracted,Integrity Testing,True,HQ Lab @ Integrity Testing
ENT-000639,1,env_labs_standardized.csv,International Paper Pensacola Mill Central Laboratory,,TNI00467,375 Muscogee Road,Cantonment,Florida,,,env_labs,https://www.internationalpaper.com/location/pensacola-mill,,,,,,,,,no_explicit_gmp,True,found_via_search,extracted,"checked_pages_not_found (pages_checked=8,fetched_ok=8,total_text_chars=54801)","checked_pages_not_found (pages_checked=8,fetched_ok=8,total_text_chars=54801)",extracted,extracted,"checked_pages_not_found (pages_checked=8,fetched_ok=8,total_text_chars=54801)",International Paper Pensacola Mill Central Laboratory,True,HQ Lab @ International Paper Pensacola Mill Central Laboratory
ENT-000640,1,env_labs_standardized.csv,International Water Quality Laboratory,,TNI00137,4100-L Delta Drive,El Paso,Texas,,,env_labs,https://www.epwater.org/our-water/water-quality/international-water-laboratory,John Balliew,[email protected],,,,,,"The laboratory tests tap water samples to monitor drinking water quality, and performs chemical and biological analyses. It also operates features such as an ultra-clean air system, reverse osmosis water purification system, dedicated data management system, and modern, open design.",no_explicit_gmp,False,found_via_search,found_via_fallback_search,extracted,extracted,extracted,"checked_pages_not_found (pages_checked=8,fetched_ok=8,total_text_chars=29557)",extracted,International Water Quality Laboratory,True,HQ Lab @ International Water Quality Laboratory
ENT-000641,1,env_labs_standardized.csv,INTERSTATE ENVIRONMENTAL COMMISSION,,TNI01547,"C/O BioBAT Brooklyn Army Terminal, Building A 140 58th Street, P.O. Box 202",BROOKLYN,New York,,,env_labs,https://www.iec-nynjct.org/,"John M. Scagnelli, Vice-Chair",jobs@iec-nynjct.org,,,,,,"IEC performs “sampling, monitoring, and analyses” in support of its water quality projects, including compliance assistance through “inspections, monitoring and analyses.” It also provides and coordinates regional water quality monitoring programs and other monitoring efforts.",no_explicit_gmp,False,found_via_search,extracted,extracted,extracted,extracted,"checked_pages_not_found (pages_checked=8,fetched_ok=8,total_text_chars=20856)",extracted,INTERSTATE ENVIRONMENTAL COMMISSION,True,HQ Lab @ INTERSTATE ENVIRONMENTAL COMMISSION
ENT-000642,1,env_labs_standardized.csv,Ion Testing Laboratory,,TNI02684,,Georgetown,Texas,,,env_labs,,,,,,,,,,,,search_found_nothing,no_website_fallback_search_failed,no_website_cannot_check_pages,no_website_cannot_check_pages,no_website_cannot_check_pages,no_website_cannot_check_pages,no_website_cannot_check_pages,Ion Testing Laboratory,True,HQ Lab @ Ion Testing Laboratory
ENT-000643,1,env_labs_standardized.csv,"IRIS ENVIRONMENTAL LABORATORIES, LLC",,TNI02478,2333 US-22 West,UNION,New Jersey,,,env_labs,https://irislaboratories.com/,,support@irislaboratories.com,,,,,,"Accredited environmental testing laboratory services including analyses for asbestos (PCM/PLM/TEM, air monitoring, AHERA clearance, bulk analysis, waste solids), mold, lead and metals, silica, VOC, fire-damage particulate, TCLP, PFAS, and drinking water/wastewater parameters (including E. coli/total coliform and Legionella). Also offers field sampling/field science for on-site collection and provides wholesale lab services with chain-of-custody and reporting.",no_explicit_gmp,True,found_via_search,extracted,"checked_pages_not_found (pages_checked=8,fetched_ok=8,total_text_chars=40777)",found_via_fallback_search,extracted,extracted,extracted,IRIS ENVIRONMENTAL LABORATORIES,True,HQ Lab @ IRIS ENVIRONMENTAL LABORATORIES
ENT-000644,1,env_labs_standardized.csv,IRON Laboratories Oregon,,TNI02459,,Eugene,Oregon,,,env_labs,,,,,,,,,,,,search_found_nothing,found_via_fallback_search,no_website_cannot_check_pages,no_website_cannot_check_pages,no_website_cannot_check_pages,no_website_cannot_check_pages,no_website_cannot_check_pages,IRON Laboratories Oregon,True,HQ Lab @ IRON Laboratories Oregon
ENT-000645,1,env_labs_standardized.csv,Irwin Army Community Hospital-Water Laboratory-PH-EH,,TNI02529,650 Huebner Road,Fort Riley,Kansas,,,env_labs,https://irwin.tricare.mil/,MAJ William Nuessle,,,,,,,,,,found_via_search,found_via_fallback_search,found_via_fallback_search,"no_pages_fetched_ok (pages_checked=1,fetched_ok=0,total_text_chars=0)","no_pages_fetched_ok (pages_checked=1,fetched_ok=0,total_text_chars=0)","no_pages_fetched_ok (pages_checked=1,fetched_ok=0,total_text_chars=0)","no_pages_fetched_ok (pages_checked=1,fetched_ok=0,total_text_chars=0)",Irwin Army Community Hospital Water Laboratory PH EH,True,HQ Lab @ Irwin Army Community Hospital Water Laboratory PH EH
ENT-000646,1,env_labs_standardized.csv,ITHACA AREA WASTE WATER TREATMENT FACILITY,,TNI01617,525 3rd St.,ITHACA,New York,,,env_labs,https://www.cityofithacany.gov/325/Wastewater-Treatment-Facility,"CKilgore, Chief Operator, IAWWTF",CKilgore@cityofithaca.org,,,,,,"The IAWWTF provides municipal wastewater treatment, including preliminary screening, grit removal, primary clarification, biological treatment, physio-chemical phosphorus removal, disinfection (using chlorine bleach), and de-chlorination. It also treats trucked wastes such as septage, landfill leachate, municipal sludge, airport deicing fluid, and alkaline hydrolysis liquid waste from the College of Veterinary Medicine.",no_explicit_gmp,False,found_via_search,extracted,found_via_fallback_search,found_via_fallback_search,extracted,"checked_pages_not_found (pages_checked=7,fetched_ok=6,total_text_chars=62634)",extracted,ITHACA AREA WASTE WATER TREATMENT FACILITY,True,HQ Lab @ ITHACA AREA WASTE WATER TREATMENT FACILITY
ENT-000647,1,env_labs_standardized.csv,J MYERS WATER SERVICES INC,,TNI01840,7974 Main Street,HUNTER,New York,,,env_labs,,,,,,,,,,,,search_found_nothing,found_via_fallback_search,no_website_cannot_check_pages,no_website_cannot_check_pages,no_website_cannot_check_pages,no_website_cannot_check_pages,no_website_cannot_check_pages,J MYERS WATER SERVICES,True,HQ Lab @ J MYERS WATER SERVICES
ENT-000648,1,env_labs_standardized.csv,JACO ANALYTICAL LABORATORY,,TNI01686,103 12th Ave SW,EPHRATA,Washington,,,env_labs,https://www.jacotesting.com/,Tina Ferrill,Customerservice@jacotesting.com,,,,,,"The company provides lab analysis for electrical equipment and offers oil sampling from energized transformers, including sealing the access site with a patented sealant filled rivet. Listed analyses include EPA Method 8082, PCB oil sampling, and various oil diagnostics such as interfacial tension, dielectric breakdown, power factor, dissolved gas analysis, and additional tests like Karl Fischer moisture.",no_explicit_gmp,True,found_via_search,extracted,found_via_fallback_search,extracted,extracted,extracted,extracted,JACO ANALYTICAL LABORATORY,True,HQ Lab @ JACO ANALYTICAL LABORATORY
ENT-000649,1,env_labs_standardized.csv,James R. Reed & Associates,,TNI01241,770 Pilot House Drive,Newport News,Virginia,,,env_labs,https://www.jrreed.com/,,,,,,,,,no_explicit_gmp,False,found_via_search,found_via_fallback_search,"pages_likely_js_rendered (pages_checked=2,fetched_ok=2,total_text_chars=132)","pages_likely_js_rendered (pages_checked=2,fetched_ok=2,total_text_chars=132)",extracted,"pages_likely_js_rendered (pages_checked=2,fetched_ok=2,total_text_chars=132)","pages_likely_js_rendered (pages_checked=2,fetched_ok=2,total_text_chars=132)",James R Reed Associates,True,HQ Lab @ James R Reed Associates
ENT-000650,1,env_labs_standardized.csv,JB3 CONSULTING,,TNI01738,,LAKE GEORGE,New York,,,env_labs,https://jb3consultingllc.com/,Joseph Biss III,JB3consultingllc.com,,,,,,JB3 Consulting provides tailored consulting services described as 'Strategic Growth Solutions for Businesses' and 'Empowering entrepreneurs with tailored consulting services.',no_explicit_gmp,False,found_via_search,extracted,found_via_fallback_search,extracted,extracted,"checked_pages_not_found (pages_checked=1,fetched_ok=1,total_text_chars=36432)",extracted,JB3 CONSULTING,True,HQ Lab @ JB3 CONSULTING
ENT-000651,1,env_labs_standardized.csv,JEA Laboratory Services,,TNI00468,,Jacksonville,Florida,,,env_labs,https://www.jea.com/,,labservices@jea.com,,,,,,,no_explicit_gmp,False,found_via_search,"checked_pages_not_found (pages_checked=8,fetched_ok=8,total_text_chars=120097)","checked_pages_not_found (pages_checked=8,fetched_ok=8,total_text_chars=120097)",found_via_fallback_search,extracted,"checked_pages_not_found (pages_checked=8,fetched_ok=8,total_text_chars=120097)","checked_pages_not_found (pages_checked=8,fetched_ok=8,total_text_chars=120097)",JEA Laboratory Services,True,HQ Lab @ JEA Laboratory Services
ENT-000652,1,env_labs_standardized.csv,"JH CONSULTING GROUP, INC",,TNI01784,15 Lynnwood Drive,LOUDONVILLE,New York,,,env_labs,,,,,,,,,,,,search_found_nothing,found_via_fallback_search,no_website_cannot_check_pages,no_website_cannot_check_pages,no_website_cannot_check_pages,no_website_cannot_check_pages,no_website_cannot_check_pages,JH CONSULTING GROUP,True,HQ Lab @ JH CONSULTING GROUP
ENT-000653,1,env_labs_standardized.csv,Johnson County Water Quality Laboratory,,TNI01926,111 S. Cherry St.,Olathe,Kansas,,,env_labs,https://www.jocogov.org/department/wastewater/residential-customers/water-quality-lab,,,,,,,,"Provides analytical services encompassing drinking water, stream water, municipal treatment plants, and industries. Water Quality Laboratory testing includes drinking water regular laboratory testing and water quality assessment (e.g., dissolved oxygen, pH, turbidity, nitrogen, phosphorus) as well as wastewater treatment monitoring of treated wastewater for regulatory standards such as nutrients, heavy metals, pathogens, and other contaminants.",no_explicit_gmp,False,found_via_search,extracted,"checked_pages_not_found (pages_checked=8,fetched_ok=8,total_text_chars=42172)","checked_pages_not_found (pages_checked=8,fetched_ok=8,total_text_chars=42172)",extracted,"checked_pages_not_found (pages_checked=8,fetched_ok=8,total_text_chars=42172)",extracted,Johnson County Water Quality Laboratory,True,HQ Lab @ Johnson County Water Quality Laboratory
ENT-000654,1,env_labs_standardized.csv,"Joiner Labs, LLC dba Joiner Micro Labs",,TNI01261,77 West Lee St. #202,Warrenton,Virginia,,,env_labs,https://joinermicrolab.com/,Daryl Burton,lab@joinermicrolab.com,,,,,,"Provides private well testing (including total coliform bacteria, lead, nitrates/nitrites, and other water quality concerns). Also offers public water system bacteriological compliance testing and wastewater testing (BOD, Total Suspended Solids, E. coli Enumeration), with subcontracting for chemical testing requirements.",no_explicit_gmp,True,found_via_search,extracted,extracted,extracted,extracted,extracted,extracted,Joiner Labs,True,HQ Lab @ Joiner Labs
ENT-000655,1,env_labs_standardized.csv,JOINT REGIONAL SEWERAGE BOARD,,TNI01656,301 Beach Road,WEST HAVERSTRAW,New York,,,env_labs,,,,,,,,,,,,search_found_nothing,found_via_fallback_search,no_website_cannot_check_pages,no_website_cannot_check_pages,no_website_cannot_check_pages,no_website_cannot_check_pages,no_website_cannot_check_pages,JOINT REGIONAL SEWERAGE BOARD,True,HQ Lab @ JOINT REGIONAL SEWERAGE BOARD
ENT-000656,1,env_labs_standardized.csv,JORDAN (V) WATER POLLUTION CONTROL PLANT,,TNI01476,30 Foote Street,JORDAN,New York,,,env_labs,,,,,,,,,,,,search_found_nothing,found_via_fallback_search,no_website_cannot_check_pages,no_website_cannot_check_pages,no_website_cannot_check_pages,no_website_cannot_check_pages,no_website_cannot_check_pages,JORDAN V WATER POLLUTION CONTROL PLANT,True,HQ Lab @ JORDAN V WATER POLLUTION CONTROL PLANT
ENT-000657,1,env_labs_standardized.csv,Jordan Basin Water Reclamation Facility Laboratory,,TNI02226,13826 South Jordan Basin Lane,Riverton,Utah,,,env_labs,https://jbidut.gov/,,,,,,,,Wastewater collection and treatment services operated through the Jordan Basin Water Reclamation Facility.,no_explicit_gmp,False,found_via_search,extracted,"checked_pages_not_found (pages_checked=8,fetched_ok=8,total_text_chars=33239)","checked_pages_not_found (pages_checked=8,fetched_ok=8,total_text_chars=33239)",extracted,"checked_pages_not_found (pages_checked=8,fetched_ok=8,total_text_chars=33239)",extracted,Jordan Basin Water Reclamation Facility Laboratory,True,HQ Lab @ Jordan Basin Water Reclamation Facility Laboratory
ENT-000658,1,env_labs_standardized.csv,Jordan Valley Laboratory,,TNI01984,,Herriman,Utah,,,env_labs,,,,,,,,,,,,search_found_nothing,found_via_fallback_search,no_website_cannot_check_pages,no_website_cannot_check_pages,no_website_cannot_check_pages,no_website_cannot_check_pages,no_website_cannot_check_pages,Jordan Valley Laboratory,True,HQ Lab @ Jordan Valley Laboratory
ENT-000659,1,env_labs_standardized.csv,Jordanelle Laboratory,,TNI01985,,Heber City,Utah,,,env_labs,,,,,,,,,,,,search_found_nothing,no_website_fallback_search_failed,no_website_cannot_check_pages,no_website_cannot_check_pages,no_website_cannot_check_pages,no_website_cannot_check_pages,no_website_cannot_check_pages,Jordanelle Laboratory,True,HQ Lab @ Jordanelle Laboratory
ENT-000660,1,env_labs_standardized.csv,"Jupiter Environmental Laboratories, Inc.",,TNI00469,150 S. Old Dixie Highway,Jupiter,Florida,,,env_labs,https://www.jupiterlabs.com/,,info@Jupiterlabs.com,,,,,,"Provides environmental analytical laboratory services including “Home Water Testing,” “Bacterial Testing” (E. Coli), and “specialized projects” beyond standard environmental analytical work. Offers eServices such as online scheduling for sample pickup and access to COCs, PDF reports, and EDDs.",no_explicit_gmp,True,found_via_search,extracted,"checked_pages_not_found (pages_checked=8,fetched_ok=7,total_text_chars=20571)",extracted,extracted,extracted,extracted,Jupiter Environmental Laboratories,True,HQ Lab @ Jupiter Environmental Laboratories
ENT-000661,1,env_labs_standardized.csv,KAM CONSULTANTS,,TNI01674,35-40 36th St,LONG ISLAND CITY,New York,,,env_labs,https://www.kamconsultants.com/,,info@kamconsultants.com,,,,,,"Provides environmental & project consulting services including asbestos, lead, mold, and PCBs surveying/sampling and project monitoring, plus air quality monitoring. Offers laboratory testing and analysis for asbestos, lead, metals (I & II), and organic analysis, and also provides services such as environmental due diligence/site assessments and remediation.",no_explicit_gmp,True,found_via_search,extracted,"checked_pages_not_found (pages_checked=6,fetched_ok=6,total_text_chars=8573)",extracted,extracted,extracted,extracted,KAM CONSULTANTS,True,HQ Lab @ KAM CONSULTANTS
ENT-000662,1,env_labs_standardized.csv,Kanapaha Laboratory - Gainesville Utilities,,TNI00473,4700 SW 58th Dr,Gainesville,Florida,,,env_labs,,,,,,,,,,,,search_found_nothing,found_via_fallback_search,no_website_cannot_check_pages,no_website_cannot_check_pages,no_website_cannot_check_pages,no_website_cannot_check_pages,no_website_cannot_check_pages,Kanapaha Laboratory Gainesville Utilities,True,HQ Lab @ Kanapaha Laboratory Gainesville Utilities
ENT-000663,1,env_labs_standardized.csv,Kansas City Board of Public Utilities-Nearman Water Laboratory,,TNI01908,540 Minnesota Avenue,Kansas City,Kansas,,,env_labs,https://www.bpu.com/,,northcut@bpu.com,,,,,,"Provides electric and water utility services, including “Electric Service” and “Water Service” options such as outage reporting and scheduled maintenance.",no_explicit_gmp,False,found_via_search,extracted,"checked_pages_not_found (pages_checked=8,fetched_ok=8,total_text_chars=61646)",found_via_fallback_search,extracted,"checked_pages_not_found (pages_checked=8,fetched_ok=8,total_text_chars=61646)",extracted,Kansas City Board of Public Utilities Nearman Water Laboratory,True,HQ Lab @ Kansas City Board of Public Utilities Nearman Water Laboratory
ENT-000664,1,env_labs_standardized.csv,Kansas City Municipal Wastewater Laboratory,,TNI01910,,Kansas City,Kansas,,,env_labs,,,,,,,,,,,,search_found_nothing,no_website_fallback_search_failed,no_website_cannot_check_pages,no_website_cannot_check_pages,no_website_cannot_check_pages,no_website_cannot_check_pages,no_website_cannot_check_pages,Kansas City Municipal Wastewater Laboratory,True,HQ Lab @ Kansas City Municipal Wastewater Laboratory
ENT-000665,1,env_labs_standardized.csv,KATAHDIN ANALYTICAL SERVICES LLC (#2001),,TNI00476,600 Technology Way,SCARBOROUGH,Maine,,,env_labs,https://www.katahdinlab.com/,Heather Manz,hmanz@katahdinlab.com,,,,,,,,,found_via_search,found_via_fallback_search,found_via_fallback_search,found_via_fallback_search,"no_pages_fetched_ok (pages_checked=1,fetched_ok=0,total_text_chars=0)","no_pages_fetched_ok (pages_checked=1,fetched_ok=0,total_text_chars=0)","no_pages_fetched_ok (pages_checked=1,fetched_ok=0,total_text_chars=0)",KATAHDIN ANALYTICAL SERVICES,True,HQ Lab @ KATAHDIN ANALYTICAL SERVICES
ENT-000666,1,env_labs_standardized.csv,Kaycha Labs Oregon,,TNI02457,,Central Point,Oregon,,,env_labs,https://www.kaychalabs.com/,,info@kaychalabs.com,,,,,,"Kaycha Labs provides chemical and microbiological testing for cannabis and hemp, including Potency, Terpenes, Pesticides, Heavy Metals, Residual Solvents, Microbiology, Mycotoxins, Water Activity, Moisture, Shelf Life, Environmental Homogeneity Stability, Nutrient Content, Vitamin E and Lipids, and additional stability shelf life testing services.",no_explicit_gmp,True,found_via_search,extracted,"checked_pages_not_found (pages_checked=8,fetched_ok=6,total_text_chars=274927)",extracted,extracted,extracted,extracted,Kaycha Labs Oregon,True,HQ Lab @ Kaycha Labs Oregon
ENT-000667,1,env_labs_standardized.csv,KC Water Services Laboratory,,TNI02727,,Kansas City,Missouri,,,env_labs,https://www.kcwater.us/,,water.quality@kcmo.org,,,,,,,,,found_via_search,found_via_fallback_search,"no_pages_fetched_ok (pages_checked=1,fetched_ok=0,total_text_chars=0)",found_via_fallback_search,"no_pages_fetched_ok (pages_checked=1,fetched_ok=0,total_text_chars=0)","no_pages_fetched_ok (pages_checked=1,fetched_ok=0,total_text_chars=0)","no_pages_fetched_ok (pages_checked=1,fetched_ok=0,total_text_chars=0)",KC Water Services Laboratory,True,HQ Lab @ KC Water Services Laboratory
ENT-000668,1,env_labs_standardized.csv,KEENE CITY LABORATORY,,TNI01046,,SWANZEY,New Hampshire,,,env_labs,,,,,,,,,,,,search_found_nothing,found_via_fallback_search,no_website_cannot_check_pages,no_website_cannot_check_pages,no_website_cannot_check_pages,no_website_cannot_check_pages,no_website_cannot_check_pages,KEENE CITY LABORATORY,True,HQ Lab @ KEENE CITY LABORATORY
ENT-000669,1,env_labs_standardized.csv,Kennedy Space Center Environmental Microbiology Laboratory,,TNI00477,,Kennedy Space Center,Florida,,,env_labs,https://public.ksc.nasa.gov/partnerships/capabilities-and-testing/testing-and-labs/environmental-microbiology-lab/,,,,,,,,,,,found_via_search,"no_pages_fetched_ok (pages_checked=1,fetched_ok=0,total_text_chars=0)","no_pages_fetched_ok (pages_checked=1,fetched_ok=0,total_text_chars=0)","no_pages_fetched_ok (pages_checked=1,fetched_ok=0,total_text_chars=0)","no_pages_fetched_ok (pages_checked=1,fetched_ok=0,total_text_chars=0)","no_pages_fetched_ok (pages_checked=1,fetched_ok=0,total_text_chars=0)","no_pages_fetched_ok (pages_checked=1,fetched_ok=0,total_text_chars=0)",Kennedy Space Center Environmental Microbiology Laboratory,True,HQ Lab @ Kennedy Space Center Environmental Microbiology Laboratory
ENT-000670,1,env_labs_standardized.csv,KENTUCKY EEC DEP DIV ENVIRONMENTAL PROGRAM SUPPORT,,TNI01063,,FRANKFORT,Kentucky,,,env_labs,https://eec.ky.gov/Environmental-Protection/Pages/default.aspx,,,,,,,,,no_explicit_gmp,False,found_via_search,found_via_fallback_search,"checked_pages_not_found (pages_checked=8,fetched_ok=8,total_text_chars=103206)","checked_pages_not_found (pages_checked=8,fetched_ok=8,total_text_chars=103206)",extracted,"checked_pages_not_found (pages_checked=8,fetched_ok=8,total_text_chars=103206)","checked_pages_not_found (pages_checked=8,fetched_ok=8,total_text_chars=103206)",KENTUCKY EEC DEP DIV ENVIRONMENTAL PROGRAM SUPPORT,True,HQ Lab @ KENTUCKY EEC DEP DIV ENVIRONMENTAL PROGRAM SUPPORT
ENT-000671,1,env_labs_standardized.csv,KINGSTON LABORATORY - NYC DEP,,TNI01425,,KINGSTON,New York,,,env_labs,,,,,,,,,,,,search_found_nothing,found_via_fallback_search,no_website_cannot_check_pages,no_website_cannot_check_pages,no_website_cannot_check_pages,no_website_cannot_check_pages,no_website_cannot_check_pages,KINGSTON LABORATORY NYC DEP,True,HQ Lab @ KINGSTON LABORATORY NYC DEP
ENT-000672,1,env_labs_standardized.csv,KINGSTON WATER DEPARTMENT LAB,,TNI01457,Edmund T. Cloonan Water Treatment Plant (laboratory located on the second floor of the Plant),KINGSTON,New York,,,env_labs,https://kingston-ny.gov/water,Superintendent Matthew Dysard,[email protected],,,,,,"The Laboratory of the Kingston Water Department is located on the second floor of the Edmund T. Cloonan Water Treatment Plant and provides bacteriological examination of water certified by the New York State Health Department. Routine monitoring of various physical and chemical parameters occurs in the lab, and for a modest fee it is open to the public for microbiological examination of water.",no_explicit_gmp,False,found_via_search,extracted,extracted,extracted,extracted,"checked_pages_not_found (pages_checked=5,fetched_ok=5,total_text_chars=22422)",extracted,KINGSTON WATER DEPARTMENT LAB,True,HQ Lab @ KINGSTON WATER DEPARTMENT LAB
ENT-000673,1,env_labs_standardized.csv,Klamath Tribes Sprague River Water Quality Laboratory,,TNI02451,5671 Sprague River Highway,Chiloquin,Oregon,,,env_labs,https://klamathtribeswaterquality.com/,Mark Buettner,mark.buettner@klamathtribes.com,,,,,,"The Sprague River Water Quality Lab (SRWQL) analyzes water nutrients, water chemistry, and algal toxin samples in-house, using automated discrete analyzer technology (Thermo Fisher Aquakem 250) and E-friendly methods. The broader program also provides water quality monitoring by sampling water nutrients, water chemistry, algal toxins, and aquatic biota, and testing parameters such as phosphorus, ammonia, nitrate/nitrite, silicon dioxide, chlorophyll-a, and microcystin toxin.",no_explicit_gmp,False,found_via_search,found_via_fallback_search,extracted,extracted,extracted,"checked_pages_not_found (pages_checked=3,fetched_ok=3,total_text_chars=11070)",extracted,Klamath Tribes Sprague River Water Quality Laboratory,True,HQ Lab @ Klamath Tribes Sprague River Water Quality Laboratory
ENT-000674,1,env_labs_standardized.csv,KNL Environmental Testing,,TNI00478,3202 North Florida Ave,Tampa,Florida,,,env_labs,https://knlenvironmental.com/,"Thomas Weeks, President/Lab Director",tweeks@knlenvironmental.com,,,,,,"Provides chemical analysis of drinking and wastewater (metals and inorganics), microbiological examination of potable and environmental waters, and radiochemical analysis of water samples. Radiochemistry “is our specialty,” including analyses for Radium 226, Radium 228, Total Uranium, Gross Alpha, and Gross Beta.",no_explicit_gmp,True,found_via_search,extracted,extracted,extracted,extracted,extracted,extracted,KNL Environmental Testing,True,HQ Lab @ KNL Environmental Testing
ENT-000675,1,env_labs_standardized.csv,Koochiching Health Department Water Testing,,TNI01147,715 4th Street,International Falls,Minnesota,,,env_labs,http://www.koochiching.gov/163/Public-Health,Derek Foss,,,,,,,"Provides ""Water Testing"" including ""Water Testing - Sample Collection Instructions"". Also lists related public health services such as ""WIC Program"" and ""Follow Along Program"".",no_explicit_gmp,False,found_via_search,extracted,extracted,"checked_pages_not_found (pages_checked=8,fetched_ok=7,total_text_chars=38718)",extracted,"checked_pages_not_found (pages_checked=8,fetched_ok=7,total_text_chars=38718)",extracted,Koochiching Health Department Water Testing,True,HQ Lab @ Koochiching Health Department Water Testing
ENT-000676,1,env_labs_standardized.csv,LACONIA WATER WORKS LABORATORY,,TNI01047,117 Stark St,LAKEPORT,New Hampshire,,,env_labs,https://laconianh.gov/,Eric Messier,emessier@laconianh.gov,,,,,,,no_explicit_gmp,False,found_via_search,found_via_fallback_search,found_via_fallback_search,found_via_fallback_search,extracted,"checked_pages_not_found (pages_checked=5,fetched_ok=5,total_text_chars=27071)","checked_pages_not_found (pages_checked=5,fetched_ok=5,total_text_chars=27071)",LACONIA WATER WORKS LABORATORY,True,HQ Lab @ LACONIA WATER WORKS LABORATORY
ENT-000677,1,env_labs_standardized.csv,Lafayette Consolidated Government,,TNI01392,705 West University Avenue,Lafayette,Louisiana,,,env_labs,https://www.lafayettela.gov/,,info@lafayettela.gov,,,,,,"Provides general government services through divisions such as Finance & Management and Environmental Quality (e.g., recycling, composting, household waste programs, and enforcement of environmental codes) and related administrative support.",no_explicit_gmp,False,found_via_search,extracted,"checked_pages_not_found (pages_checked=8,fetched_ok=8,total_text_chars=63679)",extracted,extracted,"checked_pages_not_found (pages_checked=8,fetched_ok=8,total_text_chars=63679)",extracted,Lafayette Consolidated Government,True,HQ Lab @ Lafayette Consolidated Government
ENT-000678,1,env_labs_standardized.csv,Lake County Environmental Laboratory,,TNI02035,,Libertyville,Illinois,,,env_labs,https://www.lakecountyil.gov/2311/Environmental-Laboratory,Ms. Monica Bofani,mbofani@lakecountyil.gov,,,,,,,,,found_via_search,found_via_fallback_search,found_via_fallback_search,found_via_fallback_search,"no_pages_fetched_ok (pages_checked=1,fetched_ok=0,total_text_chars=0)","no_pages_fetched_ok (pages_checked=1,fetched_ok=0,total_text_chars=0)","no_pages_fetched_ok (pages_checked=1,fetched_ok=0,total_text_chars=0)",Lake County Environmental Laboratory,True,HQ Lab @ Lake County Environmental Laboratory
ENT-000679,1,env_labs_standardized.csv,Lake County Water Resource Management Laboratory,,TNI00479,28432 Lady of the Lakes Avenue,Tavares,Florida,,,env_labs,https://www.lakecountyfl.gov/departments/public_works/environmental_services/water_quality_lab/contacts.aspx,Cathie Catasus,ccatasus@lakecountyfl.gov,,,,,,,,,found_via_search,found_via_fallback_search,found_via_fallback_search,found_via_fallback_search,"no_pages_fetched_ok (pages_checked=1,fetched_ok=0,total_text_chars=0)","no_pages_fetched_ok (pages_checked=1,fetched_ok=0,total_text_chars=0)","no_pages_fetched_ok (pages_checked=1,fetched_ok=0,total_text_chars=0)",Lake County Water Resource Management Laboratory,True,HQ Lab @ Lake County Water Resource Management Laboratory
ENT-000680,1,env_labs_standardized.csv,LAKE PLACID VILLAGE,,TNI01492,"2693 Main Street, Suite 102",LAKE PLACID,New York,,,env_labs,https://northelba.villageoflakeplacid.ny.gov/,Gerard McLoughlin,gerard.mcloughlin@nypa.gov,,,,,,"Municipal electric utility services, including “Billing & Service Inquiries” and “Power Plant Billing & Service Inquiries,” plus utility tracking/payments for electric, water, sewer, septic dumping, and health insurance.",no_explicit_gmp,False,found_via_search,extracted,extracted,extracted,extracted,"checked_pages_not_found (pages_checked=8,fetched_ok=8,total_text_chars=48800)",extracted,LAKE PLACID VILLAGE,True,HQ Lab @ LAKE PLACID VILLAGE
ENT-000681,1,env_labs_standardized.csv,Lawrence Municipal Laboratory - Utilities,,TNI01914,720 W. 3rd St,Lawrence,Kansas,,,env_labs,https://lawrenceks.gov/,,,,,,,,,,,found_via_search,found_via_fallback_search,"no_pages_fetched_ok (pages_checked=1,fetched_ok=0,total_text_chars=0)","no_pages_fetched_ok (pages_checked=1,fetched_ok=0,total_text_chars=0)","no_pages_fetched_ok (pages_checked=1,fetched_ok=0,total_text_chars=0)","no_pages_fetched_ok (pages_checked=1,fetched_ok=0,total_text_chars=0)","no_pages_fetched_ok (pages_checked=1,fetched_ok=0,total_text_chars=0)",Lawrence Municipal Laboratory Utilities,True,HQ Lab @ Lawrence Municipal Laboratory Utilities
ENT-000682,1,env_labs_standardized.csv,Leavenworth Municipal Wastewater Treatment Plant,,TNI01915,100 N. 5th Street,Leavenworth,Kansas,,,env_labs,https://cityofleavenworth.com/your-city-hall/departments/public-works/sewer/,,,,,,,,,,,found_via_search,found_via_fallback_search,"no_pages_fetched_ok (pages_checked=1,fetched_ok=0,total_text_chars=0)","no_pages_fetched_ok (pages_checked=1,fetched_ok=0,total_text_chars=0)","no_pages_fetched_ok (pages_checked=1,fetched_ok=0,total_text_chars=0)","no_pages_fetched_ok (pages_checked=1,fetched_ok=0,total_text_chars=0)","no_pages_fetched_ok (pages_checked=1,fetched_ok=0,total_text_chars=0)",Leavenworth Municipal Wastewater Treatment Plant,True,HQ Lab @ Leavenworth Municipal Wastewater Treatment Plant
ENT-000683,1,env_labs_standardized.csv,Lee County Environmental Laboratory,,TNI00481,"1500 Monroe St., 4th Floor",Ft. Myers,Florida,,,env_labs,https://www.leegov.com/naturalresources/EnvLab,Rick Armstrong,RArmstrong@leegov.com,,,,,,"Provides “environmental testing, monitoring, assessment and information services.” The lab “collects, tests and assesses samples” of water, soil, hazardous materials, and biological materials, including “water quality testing” and “water quality and biological monitoring of surface waters.”",no_explicit_gmp,False,found_via_search,extracted,found_via_fallback_search,found_via_fallback_search,extracted,"checked_pages_not_found (pages_checked=8,fetched_ok=8,total_text_chars=61832)",extracted,Lee County Environmental Laboratory,True,HQ Lab @ Lee County Environmental Laboratory
ENT-000684,1,env_labs_standardized.csv,LEFRAK CITY PRIORITY POLLUTANTS LAB-NYCDEP,,TNI01703,,CORONA,New York,,,env_labs,,,,,,,,,,,,search_found_nothing,found_via_fallback_search,no_website_cannot_check_pages,no_website_cannot_check_pages,no_website_cannot_check_pages,no_website_cannot_check_pages,no_website_cannot_check_pages,LEFRAK CITY PRIORITY POLLUTANTS LAB NYCDEP,True,HQ Lab @ LEFRAK CITY PRIORITY POLLUTANTS LAB NYCDEP
ENT-000685,1,env_labs_standardized.csv,"Legend Technical Services, Inc.",,TNI01120,88 Empire Drive,St Paul,Minnesota,,,env_labs,https://legend-group.com/,"Cheryl A Sykora,CIH,CSP,CHMM,SDSRP",[email protected],,,,,,"Testing & technical consulting services covering Medical / Medical Devices and Environmental Health, including environmental testing (water, soil, air) and microbial assessment. Also provides indoor environmental quality services (e.g., mechanical plan review, air flow/pressure differential measurements, continuous monitoring, sampling, and microbial assessments) and related hazardous materials-related capabilities.",no_explicit_gmp,True,found_via_search,extracted,extracted,extracted,extracted,extracted,extracted,Legend Technical Services,True,HQ Lab @ Legend Technical Services
ENT-000686,1,env_labs_standardized.csv,Liberal Municipal Wastewater Laboratory,,TNI01918,1695 N Country Estates Rd,Liberal,Kansas,,,env_labs,https://www.cityofliberal.org/,Jesse Randles,,,,,,,The provided text lists City departments and includes “Wastewater Services.” No specific wastewater laboratory testing or analytical services are described in the supplied page text.,no_explicit_gmp,False,found_via_search,found_via_fallback_search,found_via_fallback_search,"checked_pages_not_found (pages_checked=8,fetched_ok=8,total_text_chars=111595)",extracted,"checked_pages_not_found (pages_checked=8,fetched_ok=8,total_text_chars=111595)",extracted,Liberal Municipal Wastewater Laboratory,True,HQ Lab @ Liberal Municipal Wastewater Laboratory
ENT-000687,1,env_labs_standardized.csv,LIFE SCIENCE LABORATORIES - CENTRAL,,TNI01488,170 N. Oberlin Avenue • Suite26,EAST SYRACUSE,New York,,,env_labs,https://www.lslabs.net/,"Joseph L. Jeraci, Ph.D.",info@lslabs.net,,,,,,,no_explicit_gmp,True,found_via_search,extracted,found_via_fallback_search,extracted,extracted,extracted,"pages_likely_js_rendered (pages_checked=1,fetched_ok=1,total_text_chars=150)",LIFE SCIENCE LABORATORIES CENTRAL,True,HQ Lab @ LIFE SCIENCE LABORATORIES CENTRAL
ENT-000688,1,env_labs_standardized.csv,LIFE SCIENCE LABORATORIES INC - FINGER LAKES,,TNI01745,16 N Main Street,WAYLAND,New York,,,env_labs,http://www.lsl-inc.com/,David J. Prichard,pricharddj@lsl-inc.com,,,,,,,,,found_via_search,found_via_fallback_search,found_via_fallback_search,found_via_fallback_search,"no_pages_fetched_ok (pages_checked=1,fetched_ok=0,total_text_chars=0)","no_pages_fetched_ok (pages_checked=1,fetched_ok=0,total_text_chars=0)","no_pages_fetched_ok (pages_checked=1,fetched_ok=0,total_text_chars=0)",LIFE SCIENCE LABORATORIES,True,HQ Lab @ LIFE SCIENCE LABORATORIES
ENT-000689,1,env_labs_standardized.csv,LIFE SCIENCE LABORATORIES INC - NORTH,,TNI01621,131 St. Lawrence Avenue,WADDINGTON,New York,,,env_labs,http://www.lsl-inc.com/,,,,,,,,,,,found_via_search,found_via_fallback_search,"no_pages_fetched_ok (pages_checked=1,fetched_ok=0,total_text_chars=0)","no_pages_fetched_ok (pages_checked=1,fetched_ok=0,total_text_chars=0)","no_pages_fetched_ok (pages_checked=1,fetched_ok=0,total_text_chars=0)","no_pages_fetched_ok (pages_checked=1,fetched_ok=0,total_text_chars=0)","no_pages_fetched_ok (pages_checked=1,fetched_ok=0,total_text_chars=0)",LIFE SCIENCE LABORATORIES,False,Waddington Lab @ LIFE SCIENCE LABORATORIES
ENT-000690,1,env_labs_standardized.csv,Lightscale Labs,,TNI02466,2535 N Ross Ave,Portland,Oregon,,,env_labs,https://lightscale.com/,,info@lightscale.com,,,,,,"Provides OLCC Licensed / ORELAP Accredited / CTS Compliant cannabis testing and analysis for recreational cannabis, medical cannabis, and industrial hemp. Tests include cannabinoid potency, minor cannabinoids, terpenes, pesticides, residual solvents, heavy metals, microbial mycotoxins, moisture content, and water activity using GC-MS, ICP-MS, LC-MS, QPCR, and HPLC.",no_explicit_gmp,True,found_via_search,extracted,"checked_pages_not_found (pages_checked=3,fetched_ok=3,total_text_chars=6495)",extracted,extracted,extracted,extracted,Lightscale Labs,True,HQ Lab @ Lightscale Labs
ENT-000691,1,env_labs_standardized.csv,LOCKPORT WASTEWATER TREATMENT PLANT,,TNI01423,611 W. Jackson St.,LOCKPORT,New York,,,env_labs,https://lockportny.gov/departments/wastewater-treatment/,Michael McFall,info@lockportny.gov,,,,,,,,,found_via_search,found_via_fallback_search,found_via_fallback_search,found_via_fallback_search,"no_pages_fetched_ok (pages_checked=1,fetched_ok=0,total_text_chars=0)","no_pages_fetched_ok (pages_checked=1,fetched_ok=0,total_text_chars=0)","no_pages_fetched_ok (pages_checked=1,fetched_ok=0,total_text_chars=0)",LOCKPORT WASTEWATER TREATMENT PLANT,True,HQ Lab @ LOCKPORT WASTEWATER TREATMENT PLANT
ENT-000692,1,env_labs_standardized.csv,LOCKPORT WATER TREATMENT PLANT LAB,,TNI01587,220 Summit St,LOCKPORT,New York,,,env_labs,https://lockportny.gov/,,,,,,,,,,,found_via_search,found_via_fallback_search,"no_pages_fetched_ok (pages_checked=1,fetched_ok=0,total_text_chars=0)","no_pages_fetched_ok (pages_checked=1,fetched_ok=0,total_text_chars=0)","no_pages_fetched_ok (pages_checked=1,fetched_ok=0,total_text_chars=0)","no_pages_fetched_ok (pages_checked=1,fetched_ok=0,total_text_chars=0)","no_pages_fetched_ok (pages_checked=1,fetched_ok=0,total_text_chars=0)",LOCKPORT WATER TREATMENT PLANT LAB,True,HQ Lab @ LOCKPORT WATER TREATMENT PLANT LAB
ENT-000693,1,env_labs_standardized.csv,"LONG ISLAND ANALYTICAL LABORATORIES, INC",,TNI01752,110 Colin Drive,HOLBROOK,New York,,,env_labs,https://www.lialinc.com/,Michael Veraldi,lial@lialinc.com,,,,,,"Provides environmental testing and analysis including “Water Testing,” “Air Monitoring,” “Oil Quality Analysis,” “Soil Testing,” “Asbestos and Lead Testing,” and “Mold, Bacteria & Fungi Testing.” Also lists consulting and field services such as Phase I & II Investigations, waste characterizations/disposal, and sampling/monitoring and analytical services for various parameters.",no_explicit_gmp,True,found_via_search,extracted,found_via_fallback_search,extracted,extracted,extracted,extracted,LONG ISLAND ANALYTICAL LABORATORIES,True,HQ Lab @ LONG ISLAND ANALYTICAL LABORATORIES
ENT-000694,1,env_labs_standardized.csv,Lower Colorado River Authority - Environmental Laboratory Services,,TNI00029,3505 Montopolis Drive,Austin,Texas,,,env_labs,https://www.lcra.org/services/els/residential-water-testing/,,ELS@lcra.org,,,,,,,,,found_via_search,found_via_fallback_search,"no_pages_fetched_ok (pages_checked=1,fetched_ok=0,total_text_chars=0)",found_via_fallback_search,"no_pages_fetched_ok (pages_checked=1,fetched_ok=0,total_text_chars=0)","no_pages_fetched_ok (pages_checked=1,fetched_ok=0,total_text_chars=0)","no_pages_fetched_ok (pages_checked=1,fetched_ok=0,total_text_chars=0)",Lower Colorado River Authority Environmental Laboratory Services,True,HQ Lab @ Lower Colorado River Authority Environmental Laboratory Services
ENT-000695,1,env_labs_standardized.csv,Lower Neches Valley Authority - North Regional Treatment Plant Laboratory,,TNI00104,2655 Gulf States Road,Beaumont,Texas,,,env_labs,https://lnva.dst.tx.us/,,,,,,,,"Provides routine sampling of the Neches River and its tributaries. Water quality data collection and processing are performed by LNVA’s environmental analysts, with parameters monitored such as dissolved oxygen saturation, total alkalinity, calcium, chloride, pH, temperature, and turbidity (among others as necessary).",no_explicit_gmp,False,found_via_search,extracted,"checked_pages_not_found (pages_checked=8,fetched_ok=8,total_text_chars=24970)","checked_pages_not_found (pages_checked=8,fetched_ok=8,total_text_chars=24970)",extracted,"checked_pages_not_found (pages_checked=8,fetched_ok=8,total_text_chars=24970)",extracted,Lower Neches Valley Authority North Regional Treatment Plant Laboratory,True,HQ Lab @ Lower Neches Valley Authority North Regional Treatment Plant Laboratory
ENT-000696,1,env_labs_standardized.csv,Loxahatchee River Environmental Control District,,TNI00483,2500 Jupiter Park Drive,Jupiter,Florida,,,env_labs,https://loxahatcheeriver.org/,Susan Noel,wildpine@lrecd.org,,,,,,,,,found_via_search,found_via_fallback_search,found_via_fallback_search,found_via_fallback_search,"no_pages_fetched_ok (pages_checked=1,fetched_ok=0,total_text_chars=0)","no_pages_fetched_ok (pages_checked=1,fetched_ok=0,total_text_chars=0)","no_pages_fetched_ok (pages_checked=1,fetched_ok=0,total_text_chars=0)",Loxahatchee River Environmental Control District,True,HQ Lab @ Loxahatchee River Environmental Control District
ENT-000697,1,env_labs_standardized.csv,"LOZIER ENVIRONMENTAL CONSULTING, INC",,TNI01777,2011 East Main Street,ROCHESTER,New York,,,env_labs,https://www.lozierenv.com/,,Support@LozierEnv.com,,,,,,"Provides asbestos building inspection and sampling, asbestos abatement design/specification and project management, mold assessment/sampling with remediation protocol development, and air monitoring. Also performs ELAP-certified lab analysis for airborne fibers, asbestos bulk materials, and potable/non-potable water (including microbial analyses), and offers food manufacturer environmental monitoring and Legionella water analysis.",no_explicit_gmp,True,found_via_search,extracted,"checked_pages_not_found (pages_checked=8,fetched_ok=8,total_text_chars=20858)",extracted,extracted,extracted,extracted,LOZIER ENVIRONMENTAL CONSULTING,True,HQ Lab @ LOZIER ENVIRONMENTAL CONSULTING
ENT-000698,1,env_labs_standardized.csv,Luman's Laboratories,,TNI02717,,Chetopa,Kansas,,,env_labs,,,,,,,,,,,,search_found_nothing,no_website_fallback_search_failed,no_website_cannot_check_pages,no_website_cannot_check_pages,no_website_cannot_check_pages,no_website_cannot_check_pages,no_website_cannot_check_pages,Lumans Laboratories,True,HQ Lab @ Lumans Laboratories
ENT-000699,1,env_labs_standardized.csv,M. J. Reider Associates Inc,,TNI02130,107 Angelica Street,Reading,Pennsylvania,,,env_labs,http://www.mjreider.com,"Erin McKechnie, Laboratory Director",emckechnie@mjreider.com,,,,,,"Provides environmental testing and reporting services including municipal waste water compliance monitoring, ground water & surface water water quality compliance sampling and testing, industrial waste water water quality monitoring, public drinking water compliance monitoring, residential drinking water well water sampling and testing, solid waste analysis, and recreational water & public pools compliance testing.",no_explicit_gmp,True,found_via_search,extracted,extracted,extracted,extracted,extracted,extracted,M J Reider Associates,True,HQ Lab @ M J Reider Associates
ENT-000700,1,env_labs_standardized.csv,MAIN PUMP STATION NO 5,,TNI01601,171 Central Blvd,CHEEKTOWAGA,New York,,,env_labs,,,,,,,,,,,,search_found_nothing,found_via_fallback_search,no_website_cannot_check_pages,no_website_cannot_check_pages,no_website_cannot_check_pages,no_website_cannot_check_pages,no_website_cannot_check_pages,MAIN PUMP STATION NO 5,True,HQ Lab @ MAIN PUMP STATION NO 5
ENT-000701,1,env_labs_standardized.csv,MAINE LABORATORIES LLC,,TNI02801,25 Main St,NORRIDGEWOCK,Maine,,,env_labs,https://www.mainelaboratories.com/,"Katie Richards, MBA",katie@mainelaboratories.com,,,,,,"PFAS laboratories offers PFAS testing services including diagnostic water testing with turnaround times, EPA Method 537.1v2, EPA 1633 (40 compounds), and 537MOD (liquids and solids), as well as Well Water PLUS Soil Test Kits. It also provides PFAS testing for commercial needs such as advanced air emissions monitoring and analysis using EPA Methods 8421 and 8327.",no_explicit_gmp,True,found_via_search,extracted,extracted,found_via_fallback_search,extracted,extracted,extracted,MAINE LABORATORIES,True,HQ Lab @ MAINE LABORATORIES
ENT-000702,1,env_labs_standardized.csv,Manatee County Natural Resources Department,,TNI00485,,Bradenton,Florida,,,env_labs,https://www.mymanatee.org/,,naturalresources@mymanatee.org,,,,,,"The provided text identifies a ""Natural Resources Department"" under ""Manatee County Departments"" but does not list specific technical testing, manufacturing, or operational services.",no_explicit_gmp,False,found_via_search,found_via_fallback_search,"checked_pages_not_found (pages_checked=8,fetched_ok=3,total_text_chars=49300)",found_via_fallback_search,extracted,"checked_pages_not_found (pages_checked=8,fetched_ok=3,total_text_chars=49300)",extracted,Manatee County Natural Resources Department,True,HQ Lab @ Manatee County Natural Resources Department
ENT-000703,1,env_labs_standardized.csv,Manatee County Utilities Department WTPQC Laboratory,,TNI00486,,Bradenton,Florida,,,env_labs,https://www.mymanatee.org/,,,,,,,,,no_explicit_gmp,False,found_via_search,found_via_fallback_search,"checked_pages_not_found (pages_checked=8,fetched_ok=3,total_text_chars=49300)","checked_pages_not_found (pages_checked=8,fetched_ok=3,total_text_chars=49300)",extracted,"checked_pages_not_found (pages_checked=8,fetched_ok=3,total_text_chars=49300)","checked_pages_not_found (pages_checked=8,fetched_ok=3,total_text_chars=49300)",Manatee County Utilities Department WTPQC Laboratory,True,HQ Lab @ Manatee County Utilities Department WTPQC Laboratory
ENT-000704,1,env_labs_standardized.csv,Manatee County Utility Department Central Laboratory,,TNI00487,,Bradenton,Florida,,,env_labs,https://www.mymanatee.org/,,,,,,,,,no_explicit_gmp,False,found_via_search,found_via_fallback_search,"checked_pages_not_found (pages_checked=8,fetched_ok=3,total_text_chars=49300)","checked_pages_not_found (pages_checked=8,fetched_ok=3,total_text_chars=49300)",extracted,"checked_pages_not_found (pages_checked=8,fetched_ok=3,total_text_chars=49300)","checked_pages_not_found (pages_checked=8,fetched_ok=3,total_text_chars=49300)",Manatee County Utility Department Central Laboratory,True,HQ Lab @ Manatee County Utility Department Central Laboratory
ENT-000705,1,env_labs_standardized.csv,MANCHESTER WATER WORKS LABORATORY,,TNI01049,,MANCHESTER,New Hampshire,,,env_labs,https://www.manchesternh.gov/Departments/Water-Works,"Philip W. Croasdale, C.P.A. (Water Works Director)",,,,,,,,no_explicit_gmp,False,found_via_search,found_via_fallback_search,found_via_fallback_search,"checked_pages_not_found (pages_checked=8,fetched_ok=8,total_text_chars=165624)",extracted,"checked_pages_not_found (pages_checked=8,fetched_ok=8,total_text_chars=165624)","checked_pages_not_found (pages_checked=8,fetched_ok=8,total_text_chars=165624)",MANCHESTER WATER WORKS LABORATORY,True,HQ Lab @ MANCHESTER WATER WORKS LABORATORY
ENT-000706,1,env_labs_standardized.csv,Manhattan Municipal Wastewater Laboratory,,TNI01920,,Manhattan,Kansas,,,env_labs,,,,,,,,,,,,search_found_nothing,no_website_fallback_search_failed,no_website_cannot_check_pages,no_website_cannot_check_pages,no_website_cannot_check_pages,no_website_cannot_check_pages,no_website_cannot_check_pages,Manhattan Municipal Wastewater Laboratory,True,HQ Lab @ Manhattan Municipal Wastewater Laboratory
ENT-000707,1,env_labs_standardized.csv,Mankato Water Plant,,TNI01076,,Mankato,Minnesota,,,env_labs,https://www.mankatomn.gov/your-government/departments/public-works/water-distribution-system/water-treatment,,,,,,,,,,,found_via_search,found_via_fallback_search,"no_pages_fetched_ok (pages_checked=1,fetched_ok=0,total_text_chars=0)","no_pages_fetched_ok (pages_checked=1,fetched_ok=0,total_text_chars=0)","no_pages_fetched_ok (pages_checked=1,fetched_ok=0,total_text_chars=0)","no_pages_fetched_ok (pages_checked=1,fetched_ok=0,total_text_chars=0)","no_pages_fetched_ok (pages_checked=1,fetched_ok=0,total_text_chars=0)",Mankato Water Plant,True,HQ Lab @ Mankato Water Plant
ENT-000708,1,env_labs_standardized.csv,"Marathon Petroleum, LP - RAD Environmental Services Laboratory",,TNI02111,,Catlettsburg,Kentucky,,,env_labs,,,,,,,,,,,,search_found_nothing,found_via_fallback_search,no_website_cannot_check_pages,no_website_cannot_check_pages,no_website_cannot_check_pages,no_website_cannot_check_pages,no_website_cannot_check_pages,Marathon Petroleum,True,HQ Lab @ Marathon Petroleum
ENT-000709,1,env_labs_standardized.csv,"Marinco Bioassay Laboratory, Inc.",,TNI00488,4569 Samuel Street,Sarasota,Florida,,,env_labs,https://toxicitylab.com/,Jason Weeks (Laboratory Director),lab@biologylab.com,,,,,,"Provides whole effluent toxicity (WET) testing and evaluation services for NPDES permits, including acute and chronic tests for NPDES discharge permits. Also offers toxicity identification evaluations (TIE's), toxicity reduction evaluations (TRE's), chemical product testing, effluent/wastewater toxicity testing, reverse osmosis reject water toxicity testing, ion imbalance studies, and consulting on toxicity issues.",no_explicit_gmp,True,found_via_search,extracted,extracted,extracted,extracted,extracted,extracted,Marinco Bioassay Laboratory,True,HQ Lab @ Marinco Bioassay Laboratory
ENT-000710,1,env_labs_standardized.csv,"Marine Chemist Service, Inc.",,TNI02362,11850 Tug Boat Lane,Newport News,Virginia,,,env_labs,https://www.marinechemist.com/,Dr. Bharati Lakshmi,blakshmi@marinechemist.com,,,,,,"Provides “Asbestos Sampling, Analysis and Surveys,” “Hazardous Waste Sampling and Analysis,” “Hexavalent Chromium Sampling and Analysis,” “Lead Sampling, Analysis and Surveys,” “Mold Sampling, Analysis and Inspections,” and “Non-Destructive Examination/Testing (NDE/NDT)” along with “Noise Monitoring and Surveys,” “Phase 1 Site Assessments,” and various training options.",no_explicit_gmp,True,found_via_search,extracted,found_via_fallback_search,found_via_fallback_search,extracted,extracted,extracted,Marine Chemist Service,True,HQ Lab @ Marine Chemist Service
ENT-000711,1,env_labs_standardized.csv,"Marion County Water Test Lab., LLC",,TNI02198,3940 SE 45th Court,Ocala,Florida,,,env_labs,https://marioncountylab.com/,,info@marioncountylab.com,,,,,,"The company provides certified water testing services for residential, real estate/mortgage requirements, and commercial/business water, including testing for bacteria (coliforms & E. coli), lead, nitrates/nitrites, water hardness & pH, sulfur, chlorine, arsenic, and an aesthetics panel (e.g., iron, TDS, copper, tannins). It also offers chemical cleaning and system flushing for well systems and pipes, and provides sample handling with results delivered by email.",no_explicit_gmp,True,found_via_search,extracted,"checked_pages_not_found (pages_checked=5,fetched_ok=5,total_text_chars=11558)",extracted,extracted,extracted,extracted,Marion County Water Test Lab,True,HQ Lab @ Marion County Water Test Lab
ENT-000712,1,env_labs_standardized.csv,Martin County Environmental Services - North Water Treatment Plant Laboratory,,TNI00489,3100 N.W. Hillman Drive,Jensen Beach,Florida,,,env_labs,https://www.martin.fl.us/Environmental,,,,,,,,,,,found_via_search,found_via_fallback_search,"no_pages_fetched_ok (pages_checked=1,fetched_ok=0,total_text_chars=0)","no_pages_fetched_ok (pages_checked=1,fetched_ok=0,total_text_chars=0)","no_pages_fetched_ok (pages_checked=1,fetched_ok=0,total_text_chars=0)","no_pages_fetched_ok (pages_checked=1,fetched_ok=0,total_text_chars=0)","no_pages_fetched_ok (pages_checked=1,fetched_ok=0,total_text_chars=0)",Martin County Environmental Services North Water Treatment Plant Laboratory,True,HQ Lab @ Martin County Environmental Services North Water Treatment Plant Laboratory
ENT-000713,1,env_labs_standardized.csv,"Maryland Spectral Services, Inc.",,TNI01265,1500 Caton Center Drive Suite G,Halethorpe,Maryland,,,env_labs,https://www.mdspectral.com/,Cory Koons,info@mdspectral.com,,,,,,"Provides environmental organic and inorganic analytical services for samples such as soil, water, and vapor. Testing capabilities include VOCs (TO-15), inorganics (Mercury, Cyanide, Phosphorus, Nitrogen, COD, Ammonia, Metals 6020 and 200.8), LC-MS PFAS, Glycols, PAHs, and PCBs.",no_explicit_gmp,True,found_via_search,extracted,found_via_fallback_search,extracted,extracted,extracted,extracted,Maryland Spectral Services,True,HQ Lab @ Maryland Spectral Services
ENT-000714,1,env_labs_standardized.csv,Matrix Sciences dba KTL,,TNI02416,123 North Wacker Drive Suite 1500,Pasco,Washington,,,env_labs,https://www.matrixsciences.com/,Matthew Everett,rc.dev@nagarro.com,,,,,,"Matrix Sciences provides laboratory testing and compliance-related services including microbiology support, environmental monitoring/pathogen testing, analytical chemistry support, nutrition label testing, pesticide residue testing, and research projects. It also offers risk management solutions (including recall/crisis management and compliance solutions), analytics/mapping and trending tools, and proficiency testing.",no_explicit_gmp,True,found_via_search,extracted,found_via_fallback_search,extracted,extracted,extracted,extracted,Matrix Sciences,True,HQ Lab @ Matrix Sciences
ENT-000715,1,env_labs_standardized.csv,MCANDREW LABORATORY INC,,TNI01481,3841 Sheldon Road,ORCHARD PARK,New York,,,env_labs,http://mcandrewlabinc.localsearch.com,Edward McAndrew,,,,,,,,,,found_via_search,found_via_fallback_search,found_via_fallback_search,"no_pages_fetched_ok (pages_checked=1,fetched_ok=0,total_text_chars=0)","no_pages_fetched_ok (pages_checked=1,fetched_ok=0,total_text_chars=0)","no_pages_fetched_ok (pages_checked=1,fetched_ok=0,total_text_chars=0)","no_pages_fetched_ok (pages_checked=1,fetched_ok=0,total_text_chars=0)",MCANDREW LABORATORY,True,HQ Lab @ MCANDREW LABORATORY
ENT-000716,1,env_labs_standardized.csv,McCampbell Analytical Inc.,,TNI02278,1534 Willow Pass Road,PITTSBURG,California,,,env_labs,https://www.mccampbell.com/,"Edward Hamilton, Laboratory Director",main@mccampbell.com,,,,,,"Provides full-service environmental and analytical testing laboratory services for water, wastewater, stormwater, soil, sediment, air, and hazardous materials, including PFAS, microplastics, nitrosamines, organic lead, 6-PPD quinone, soil vapor, UCMR5 compliance testing, and metals analysis (ICP-OES and ICP-MS). Also offers hazardous waste characterization & landfill disposal testing, aquatic toxicity testing, materials/unknown analysis (XRD and ATR-IR), and specified wet chemistry/microbiological testing and R&D/custom method development.",no_explicit_gmp,True,found_via_search,extracted,extracted,extracted,extracted,extracted,extracted,McCampbell Analytical,True,HQ Lab @ McCampbell Analytical
ENT-000717,1,env_labs_standardized.csv,McCowan Clinical Laboratory Inc.,,TNI00213,,Coos Bay,Oregon,,,env_labs,https://www.mccowanlab.com/,,mccowanlab@gmail.com,,,,,,,,,found_via_search,found_via_fallback_search,"no_pages_fetched_ok (pages_checked=1,fetched_ok=0,total_text_chars=0)",found_via_fallback_search,"no_pages_fetched_ok (pages_checked=1,fetched_ok=0,total_text_chars=0)","no_pages_fetched_ok (pages_checked=1,fetched_ok=0,total_text_chars=0)","no_pages_fetched_ok (pages_checked=1,fetched_ok=0,total_text_chars=0)",McCowan Clinical Laboratory,True,HQ Lab @ McCowan Clinical Laboratory
ENT-000718,1,env_labs_standardized.csv,"McGlynn Laboratories, Inc.",,TNI00490,568 Beverly Ct.,Tallahassee,Florida,,,env_labs,https://www.mcglynnlabs.com/,"Seán E. McGlynn, Ph.D.",mcglynnlabs@gmail.com,,,,,,"Provides environmental water and soil testing and analysis, including collecting and analyzing samples and interpreting data. Services include establishing baseline conditions, measuring environmental problem areas, tracking restoration effectiveness via monitoring programs, and coastline analysis for permitting plus dye trace studies, hydrographics, lake management, and habitat management.",no_explicit_gmp,True,found_via_search,extracted,extracted,extracted,extracted,extracted,extracted,McGlynn Laboratories,True,HQ Lab @ McGlynn Laboratories
ENT-000719,1,env_labs_standardized.csv,McPherson Municipal Wastewater Laboratory,,TNI01921,1400 Treatment Plant Road,McPherson,Kansas,,,env_labs,https://mcpcity.com/,Michael Wagner,mikew@mcpcity.com,,,,,,,no_explicit_gmp,False,found_via_search,found_via_fallback_search,found_via_fallback_search,found_via_fallback_search,extracted,"checked_pages_not_found (pages_checked=6,fetched_ok=5,total_text_chars=28383)","checked_pages_not_found (pages_checked=6,fetched_ok=5,total_text_chars=28383)",McPherson Municipal Wastewater Laboratory,True,HQ Lab @ McPherson Municipal Wastewater Laboratory
ENT-000720,1,env_labs_standardized.csv,"Meridian Analytical Laboratories, LLC - Mound Valley",,TNI01923,"2626 South Rock Rd, Suite 124",Mound Valley,Kansas,,,env_labs,https://www.meridiantesting.com/,duane.k@meridiantesting.com,duane.k@meridiantesting.com,,,,,,"Meridian Analytical Labs, LLC provides environmental testing services including Residential Water Testing, UST Site Assessments & Monitoring, Transformer Diagnosis, Organic & Elemental Analysis, Agricultural Analysis, and Stormwater & Wastewater Analysis (NPDES). The site also references “Drinking Water Testing For Water Producers.”",no_explicit_gmp,True,found_via_search,extracted,extracted,extracted,extracted,extracted,extracted,Meridian Analytical Laboratories,True,HQ Lab @ Meridian Analytical Laboratories
ENT-000721,1,env_labs_standardized.csv,Meridian Analytical Laboratory - Wichita,,TNI01941,"2626 South Rock Rd, Suite 124",Wichita,Kansas,,,env_labs,https://www.meridiantesting.com/,duane.k@meridiantesting.com,duane.k@meridiantesting.com,,,,,,"Provides environmental analytical services including Residential Water Testing, Stormwater & Wastewater Analysis (NPDES), UST Site Assessments & Monitoring, Transformer Diagnosis, Organic & Elemental Analysis, and Agricultural Analysis. Services also include chain of custody sample tracing and related testing packages for water quality parameters, contaminants, and compliance-related monitoring.",no_explicit_gmp,True,found_via_search,extracted,extracted,extracted,extracted,extracted,extracted,Meridian Analytical Laboratory,True,HQ Lab @ Meridian Analytical Laboratory
ENT-000722,1,env_labs_standardized.csv,Merieux NutriSciences,,TNI00245,,Gainesville,Florida,,,env_labs,https://www.merieuxnutrisciences.com/,Mamatha Whitwell,Mamatha.whitwell@mxns.com,,,,,,"Provides food contact materials testing and related compliance services, including migration testing (global and specific migration) and NIAS screening, as well as sensory analysis to verify organoleptic suitability. Also offers analytical and technical suitability testing for various materials such as ceramics & glass, metals & alloys, paper & cardboard, and other non-regulated food contact materials.",explicit_gmp,True,found_via_search,found_via_fallback_search,found_via_fallback_search,found_via_fallback_search,found_via_fallback_search,extracted,extracted,Merieux NutriSciences,True,HQ Lab @ Merieux NutriSciences
ENT-000723,1,env_labs_standardized.csv,"MERIT LABORATORIES, INC.",,TNI01791,2680 East Lansing Drive,EAST LANSING,Michigan,,,env_labs,https://www.meritlabs.com/,"Maya Murshak, M.S. CEO + Technical Director",info@meritlabs.com,,,,,,"Full-service environmental laboratory performing ""all testing from one laboratory"" using ""the latest instrumentation"" for a range of environmental analyses, including specialty testing. The site also states it provides PFAS sampling containers/preservatives/technical support, and offers Federal Services including DoD ELAP QSM-accredited analytical testing with electronic data deliverables.",no_explicit_gmp,True,found_via_search,extracted,extracted,extracted,extracted,extracted,extracted,MERIT LABORATORIES,True,HQ Lab @ MERIT LABORATORIES
ENT-000724,1,env_labs_standardized.csv,MERRIMACK WASTEWATER TREATMENT PLANT LABORATORY,,TNI01050,36 Mast Road,MERRIMACK,New Hampshire,,,env_labs,https://www.merrimacknh.gov/wastewater,Ms. Sarita Croce,,,,,,,,,,found_via_search,found_via_fallback_search,found_via_fallback_search,"no_pages_fetched_ok (pages_checked=1,fetched_ok=0,total_text_chars=0)","no_pages_fetched_ok (pages_checked=1,fetched_ok=0,total_text_chars=0)","no_pages_fetched_ok (pages_checked=1,fetched_ok=0,total_text_chars=0)","no_pages_fetched_ok (pages_checked=1,fetched_ok=0,total_text_chars=0)",MERRIMACK WASTEWATER TREATMENT PLANT LABORATORY,True,HQ Lab @ MERRIMACK WASTEWATER TREATMENT PLANT LABORATORY
ENT-000725,1,env_labs_standardized.csv,"Metiri Analytical Group, Inc",,TNI02123,,Kittanning,Pennsylvania,,,env_labs,https://metirigroup.com/,Bethany Clouse,bethany.clouse@metirigroup.com,,,,,,,,,found_via_search,found_via_fallback_search,found_via_fallback_search,found_via_fallback_search,"no_pages_fetched_ok (pages_checked=1,fetched_ok=0,total_text_chars=0)","no_pages_fetched_ok (pages_checked=1,fetched_ok=0,total_text_chars=0)","no_pages_fetched_ok (pages_checked=1,fetched_ok=0,total_text_chars=0)",Metiri Analytical Group,True,HQ Lab @ Metiri Analytical Group
ENT-000726,1,env_labs_standardized.csv,Metropolitan Solutions,,TNI02221,1420 Chestnut Street,Portsmouth,Virginia,,,env_labs,https://metrosolutionsusa.com/,"David Spinazzola, CEO",info@metrosolutionsusa.com,,,,,,"Environmental laboratory testing & analysis, including “Organic and Inorganic testing of air, water, oil, and solids” aligned to industrial applications, disposal, and remediation. Also provides environmental engineering services (e.g., Phase I/Phase II-type site assessments per ASTM references) and occupational health services such as respirator fit tests, medical evaluation questionnaires (MEQ), pulmonary function tests (PFT), vision tests, audiograms, and drug screens.",no_explicit_gmp,True,found_via_search,extracted,extracted,found_via_fallback_search,extracted,extracted,extracted,Metropolitan Solutions,True,HQ Lab @ Metropolitan Solutions
ENT-000727,1,env_labs_standardized.csv,Metropolitan Water District Laboratory,,TNI01987,3430 East Danish Road,Cottonwood Heights,Utah,,,env_labs,https://www.mwdsls.gov/,Jeff Matheson - Laboratory Manager,,,,,,,"The provided text does not describe laboratory testing or analytical services. It only provides general information about Metro Water and contact details for “Metropolitan Water District of Salt Lake & Sandy,” including directions to “Little Cottonwood Water Treatment Plant (LCWTP)” and “Point of the Mountain Water Treatment Plant (POMWTP).",no_explicit_gmp,False,found_via_search,extracted,extracted,"checked_pages_not_found (pages_checked=5,fetched_ok=5,total_text_chars=19889)",extracted,"checked_pages_not_found (pages_checked=5,fetched_ok=5,total_text_chars=19889)",extracted,Metropolitan Water District Laboratory,True,HQ Lab @ Metropolitan Water District Laboratory
ENT-000728,1,env_labs_standardized.csv,Miami-Dade Central District Wastewater Treatment Plant Laboratory,,TNI00492,3071 SW 38th Ave,Virginia Key-Miami,Florida,,,env_labs,https://www.miamidade.gov/global/water/ool-central-district-wastewater-treatment-plant.page,Jay Fink,,,,,,,"Information on construction projects for the Central District Wastewater Treatment Plant (CDWWTP), including “Municipal Injection Wells,” “High-Level Disinfection (HLD) Facilities,” pump station modifications, stormwater improvements, and oxygenation distribution building improvements.",no_explicit_gmp,False,found_via_search,extracted,extracted,"checked_pages_not_found (pages_checked=8,fetched_ok=8,total_text_chars=66245)",extracted,"checked_pages_not_found (pages_checked=8,fetched_ok=8,total_text_chars=66245)",extracted,Miami Dade Central District Wastewater Treatment Plant Laboratory,True,HQ Lab @ Miami Dade Central District Wastewater Treatment Plant Laboratory
ENT-000729,1,env_labs_standardized.csv,"Miami-Dade County, Department of Environmental Resources Management (DERM)",,TNI00376,Overtown Transit Village North 701 NW 1st Court,Miami,Florida,,,env_labs,https://www.miamidade.gov/global/environment/home.page,Loren Parra Director,[email protected],,,,,,"Manages air, water and land resources through responsibilities such as ""Environmental Code Compliance"" and overseeing ""Environmental Complaints."" Also provides ""Environmental Records Search"" and ""Environmental Considerations"" tools, and lists environmental permits and other resources.",no_explicit_gmp,False,found_via_search,extracted,extracted,extracted,extracted,"checked_pages_not_found (pages_checked=8,fetched_ok=8,total_text_chars=66360)",extracted,Miami Dade County Department of Environmental Resources Management DERM,True,HQ Lab @ Miami Dade County Department of Environmental Resources Management DERM
ENT-000730,1,env_labs_standardized.csv,Miami-Dade North District Wastewater Treatment Plant Laboratory,,TNI00494,3071 SW 38th Ave,North Miami Beach,Florida,,,env_labs,https://www.miamidade.gov/global/water/ool-north-district-wastewater-treatment-plant.page,Jay Fink,[email protected],,,,,,"Provides wastewater treatment plant-related operations and infrastructure project work at the North District Wastewater Treatment Plant, including projects such as Municipal Injection Wells, Site Preparation & Stormwater, High Level Disinfection (HLD) Facilities, and Electrical Distribution Building to serve HLD Facilities.",no_explicit_gmp,False,found_via_search,extracted,extracted,extracted,extracted,"checked_pages_not_found (pages_checked=8,fetched_ok=8,total_text_chars=65774)",extracted,Miami Dade North District Wastewater Treatment Plant Laboratory,True,HQ Lab @ Miami Dade North District Wastewater Treatment Plant Laboratory
ENT-000731,1,env_labs_standardized.csv,Miami-Dade South District Wastewater Treatment Plant Laboratory,,TNI00495,Douglas Office 3071 SW 38th Ave,Miami,Florida,,,env_labs,https://www.miamidade.gov/global/water/ool-south-district-wastewater-treatment-plant.page,Jay Fink,waterandsewercustomerservice@miamidade.gov,,,,,,"The Ocean Outfall Legislation (OOL) Program includes improvements and expansion of the existing SDWWTP wastewater collection and treatment systems. The page also describes construction/rehabilitation projects at SDWWTP such as clarifiers, high level disinfection, chlorine contact tank, and related improvements.",no_explicit_gmp,False,found_via_search,extracted,extracted,found_via_fallback_search,extracted,"checked_pages_not_found (pages_checked=8,fetched_ok=8,total_text_chars=65713)",extracted,Miami Dade South District Wastewater Treatment Plant Laboratory,True,HQ Lab @ Miami Dade South District Wastewater Treatment Plant Laboratory
ENT-000732,1,env_labs_standardized.csv,Miami-Dade Water & Sewer Authority - Orr Water Treatment Plant Laboratory,,TNI00496,,Miami,Florida,,,env_labs,https://www.miamidade.gov/water/home.asp,"Jay Fink, Director, Miami-Dade Water and Sewer Department",[email protected],,,,,,Provides “drinking water” and “wastewater services.” The department states that “Our drinking water is regularly tested to ensure its quality” and that the “Capital Improvement Program ensures high quality drinking water and wastewater services are in compliance with all regulatory requirements.”,no_explicit_gmp,False,found_via_search,found_via_fallback_search,extracted,extracted,extracted,"checked_pages_not_found (pages_checked=8,fetched_ok=8,total_text_chars=71342)",extracted,Miami Dade Water Sewer Authority Orr Water Treatment Plant Laboratory,True,HQ Lab @ Miami Dade Water Sewer Authority Orr Water Treatment Plant Laboratory
ENT-000733,1,env_labs_standardized.csv,Miami-Dade Water & Sewer Department - John E. Preston Water Quality Laboratory,,TNI00497,"3071 SW 38th Ave., Miami",Hialeah,Florida,,,env_labs,https://www.miamidade.gov/global/water/home.page,"Jay Fink, Director, Miami-Dade Water and Sewer Department",[email protected],,,,,,"Provides drinking water and wastewater services, including regular testing of drinking water to ensure its quality and compliance. The page also references a Capital Improvement Program to ensure water and wastewater services comply with regulatory requirements.",no_explicit_gmp,False,found_via_search,extracted,extracted,extracted,extracted,"checked_pages_not_found (pages_checked=8,fetched_ok=8,total_text_chars=71342)",extracted,Miami Dade Water Sewer Department John E Preston Water Quality Laboratory,True,HQ Lab @ Miami Dade Water Sewer Department John E Preston Water Quality Laboratory
ENT-000734,1,env_labs_standardized.csv,"Michigan Department of Environment, Great Lakes, and Energy",,TNI02687,525 West Allegan Street,Lansing,Michigan,,,env_labs,https://www.michigan.gov/egle/,,EGLE-Assist@Michigan.gov,,,,,,,,,found_via_search,found_via_fallback_search,"no_pages_fetched_ok (pages_checked=1,fetched_ok=0,total_text_chars=0)",found_via_fallback_search,"no_pages_fetched_ok (pages_checked=1,fetched_ok=0,total_text_chars=0)","no_pages_fetched_ok (pages_checked=1,fetched_ok=0,total_text_chars=0)","no_pages_fetched_ok (pages_checked=1,fetched_ok=0,total_text_chars=0)",Michigan Department of Environment Great Lakes and Energy,True,HQ Lab @ Michigan Department of Environment Great Lakes and Energy
ENT-000735,1,env_labs_standardized.csv,"Michigan Department of Environment, Great Lakes, and Energy Laboratory Services",,TNI02677,,Lansing,Michigan,,,env_labs,https://www.michigan.gov/eglelab/,Kirby Shane,EGLE-RRD-Lab-Cert-Program@Michigan.gov,,,,,,,,,found_via_search,found_via_fallback_search,found_via_fallback_search,found_via_fallback_search,"no_pages_fetched_ok (pages_checked=1,fetched_ok=0,total_text_chars=0)","no_pages_fetched_ok (pages_checked=1,fetched_ok=0,total_text_chars=0)","no_pages_fetched_ok (pages_checked=1,fetched_ok=0,total_text_chars=0)",Michigan Department of Environment Great Lakes and Energy Laboratory Services,True,HQ Lab @ Michigan Department of Environment Great Lakes and Energy Laboratory Services
ENT-000736,1,env_labs_standardized.csv,Micro Methods Laboratory Inc,,TNI01397,6500 Sunplex Drive,Ocean Springs,Mississippi,,,env_labs,https://www.micromethodslab.com/,,mspicer@micromethodslab.com,,,,,,"Micro-Methods provides analytical testing/analysis of water, soil, and air, including EPA listed environmental contaminants, SW-846 methods, Clean Water Act (CWA) methods, NIOSH methods, OSHA methods, and EPA methods, as well as cleanup/remediation analytical testing and certified asbestos air-monitoring/lead certified inspections. It also offers field services such as groundwater, wastewater, and sewage analysis; soil/sludge analysis; petroleum/oils/gas testing; air pollution/emissions testing; dredge spoil characterizations; pesticide analysis; industrial waste stream characterization; chemical analysis of bioaccumulation; and industrial hygiene services including asbestos bulk analysis, organic vapor analysis, inorganic particulate analysis, mold spore testing, lead base paint testing, and indoor air quality.",no_explicit_gmp,True,found_via_search,extracted,"checked_pages_not_found (pages_checked=8,fetched_ok=8,total_text_chars=15177)",extracted,extracted,extracted,extracted,Micro Methods Laboratory,True,HQ Lab @ Micro Methods Laboratory
ENT-000737,1,env_labs_standardized.csv,MICROBAC LABORATORIES INC (CT) #2243,,TNI01724,,DAYVILLE,Connecticut,,,env_labs,https://www.microbac.com/,Ronald Warila,ron.warila@microbac.com,,,,,,"Microbac provides “reliable and accurate testing solutions” and “accredited drinking water testing and technical laboratory services.” The page also mentions support for compliance through “approved methods, sampling integrity, and documentation.”",explicit_gmp,True,found_via_search,found_via_fallback_search,found_via_fallback_search,found_via_fallback_search,found_via_fallback_search,extracted,extracted,MICROBAC LABORATORIES,False,Dayville Lab @ MICROBAC LABORATORIES
ENT-000738,1,env_labs_standardized.csv,"Microbac Laboratories, Inc - Kansas",,TNI01911,,Lenexa,Kansas,,,env_labs,https://www.microbac.com/,Leslie D. Taylor,info@microbac.com,,,,,,"Microbac Laboratories provides third-party analytical testing services across Environmental, Food, Life Sciences, and Applied Sciences industries, including “Environmental Monitoring,” “Product & Ingredient Testing,” and “Nutritional Labeling.”",explicit_gmp,True,found_via_search,extracted,found_via_fallback_search,extracted,found_via_fallback_search,extracted,extracted,Microbac Laboratories,False,Lenexa Lab @ Microbac Laboratories
ENT-000739,1,env_labs_standardized.csv,"Microbac Laboratories, Inc - Kentucky Division",,TNI02199,2520 Regency Road,Louisville,Kentucky,,,env_labs,https://www.microbac.com/,Moriah Beltz,info@microbac.com,,,,,,"Microbac Laboratories provides third-party analytical testing across Environmental, Food, Life Sciences, and Applied Sciences industries. The site also describes services including compliance testing, investigation & specialty testing, and consulting services such as Environmental Monitoring, Product & Ingredient Testing, Nutritional Labeling, and Pet & Animal Food Testing.",no_explicit_gmp,True,found_via_search,extracted,found_via_fallback_search,extracted,extracted,extracted,extracted,Microbac Laboratories,False,Louisville Lab @ Microbac Laboratories
ENT-000740,1,env_labs_standardized.csv,"Microbac Laboratories, Inc - Marietta Division",,TNI00498,158 Starlite Drive,Marietta,Ohio,,,env_labs,https://www.microbac.com/,Anthony Canter,info@microbac.com,,,,,,"Provides accredited third-party analytical testing services across Environmental, Food, Life Sciences, and Applied Sciences industries. Services mentioned include “Environmental Monitoring,” “Product & Ingredient Testing,” “Nutritional Labeling,” and “Disinfecting Qualification Efficacy Testing for the Pharmaceutical and Biopharmaceutical Industries.”",no_explicit_gmp,True,found_via_search,extracted,found_via_fallback_search,extracted,extracted,extracted,extracted,Microbac Laboratories,False,Marietta Lab @ Microbac Laboratories
ENT-000741,1,env_labs_standardized.csv,"MICROBAC LABORATORIES, INC-NORTHBROOK",,TNI02420,700 Landwehr Road,NORTHBROOK,Illinois,,,env_labs,https://www.microbac.com/,Ashok Banavali,info@microbac.com,,,,,,"Microbac Laboratories provides third-party analytical testing services across Environmental, Food, Life Sciences, and Applied Sciences industries. The site also describes compliance/monitoring testing support such as “Environmental Monitoring,” “Product & Ingredient Testing,” and “Nutritional Labeling,” along with “Investigation & Specialty Testing.”",no_explicit_gmp,True,found_via_search,extracted,found_via_fallback_search,extracted,extracted,extracted,extracted,MICROBAC LABORATORIES,False,Northbrook Lab @ MICROBAC LABORATORIES
ENT-000742,1,env_labs_standardized.csv,"Microbac Laboratories, Inc. - Baltimore",,TNI02442,2101 Van Deman Street,Baltimore,Maryland,,,env_labs,https://www.microbac.com/,Daniel Barrett,info@microbac.com,,,,,,"Provides accredited third-party analytical testing across Environmental, Food, Life Sciences, and Applied Sciences industries, including services such as Environmental Monitoring, Product & Ingredient Testing, Nutritional Labeling, and Pet & Animal Food Testing.",explicit_gmp,True,found_via_search,extracted,found_via_fallback_search,extracted,found_via_fallback_search,extracted,extracted,Microbac Laboratories,False,Baltimore Lab @ Microbac Laboratories
ENT-000743,1,env_labs_standardized.csv,"Microbac Laboratories, Inc. - Chicagoland Division",,TNI01842,,Merrillville,Indiana,,,env_labs,https://www.microbac.com/,Leslie Taylor,info@microbac.com,,,,,,"Microbac Laboratories provides third-party analytical testing services across Environmental, Food, Life Sciences, and Applied Sciences industries. The text also describes services such as Environmental Monitoring, Product & Ingredient Testing, Nutritional Labeling, Pet & Animal Food Testing, and consulting services, including ICH stability storage testing and hazardous shipping/chain of custody.",explicit_gmp,True,found_via_search,extracted,found_via_fallback_search,extracted,found_via_fallback_search,extracted,extracted,Microbac Laboratories,False,Merrillville Lab @ Microbac Laboratories
ENT-000744,1,env_labs_standardized.csv,"Microbac Laboratories, Inc. - Pittston",,TNI02680,428 Route 315 Hwy,Pittston,Pennsylvania,,,env_labs,https://www.microbac.com/,Katie Owens,katie.owens@microbac.com,,,,,,"Provides third-party analytical testing services across Environmental, Food, Life Sciences, and Applied Sciences industries. The page highlights compliance/testing solutions and specific areas including Environmental Monitoring, Product & Ingredient Testing, Nutritional Labeling, and Investigation & Specialty Testing.",no_explicit_gmp,True,found_via_search,extracted,found_via_fallback_search,found_via_fallback_search,extracted,extracted,extracted,Microbac Laboratories,False,Pittston Lab @ Microbac Laboratories
ENT-000745,1,env_labs_standardized.csv,"Microbac Laboratories, Inc. Pittsburgh Division",,TNI02133,,Warrendale,Pennsylvania,,,env_labs,https://www.microbac.com/,Sarah Muellenbach,sarah.muellenbach@microbac.com,,,,,,"Provides accredited third-party analytical testing across Environmental, Food, Life Sciences, and Applied Sciences industries. Services include “Compliance Mandates” consulting, “Investigation & Specialty Testing,” and “Product & Ingredient Testing” and “Nutritional Labeling,” among other testing services.",explicit_gmp,True,found_via_search,found_via_fallback_search,found_via_fallback_search,found_via_fallback_search,found_via_fallback_search,extracted,extracted,Microbac Laboratories,False,Warrendale Lab @ Microbac Laboratories
ENT-000746,1,env_labs_standardized.csv,"Microbac Laboratories, Inc., Knoxville Division",,TNI01946,,Maryville,Tennessee,,,env_labs,https://www.microbac.com/,Sarah Muellenbach,sarah.muellenbach@microbac.com,,,,,,,,,found_via_search,found_via_fallback_search,found_via_fallback_search,found_via_fallback_search,"no_pages_fetched_ok (pages_checked=1,fetched_ok=0,total_text_chars=0)","no_pages_fetched_ok (pages_checked=1,fetched_ok=0,total_text_chars=0)","no_pages_fetched_ok (pages_checked=1,fetched_ok=0,total_text_chars=0)",Microbac Laboratories,False,Maryville Lab @ Microbac Laboratories
ENT-000747,1,env_labs_standardized.csv,"Microbac Laboratories, Inc.-Newton",,TNI01303,"600 E 17th St S, Suite B",Newton,Iowa,,,env_labs,https://www.microbac.com/locations/newton-ia/,Leslie Taylor Laboratory Director,,,,,,,"Provides environmental testing, and offers “Request Testing” with “reliable and accurate testing solutions tailored to your needs.”",explicit_gmp,True,found_via_search,extracted,extracted,"checked_pages_not_found (pages_checked=8,fetched_ok=7,total_text_chars=22770)",found_via_fallback_search,extracted,extracted,Microbac Laboratories,False,Newton Lab @ Microbac Laboratories
ENT-000748,1,env_labs_standardized.csv,MICROBAC NEW YORK-CORTLAND,,TNI01606,3821 Buck Drive,CORTLAND,New York,,,env_labs,https://www.microbac.com/,,sarah.muellenbach@microbac.com,,,,,,,explicit_gmp,,found_via_search,found_via_fallback_search,"no_pages_fetched_ok (pages_checked=1,fetched_ok=0,total_text_chars=0)",found_via_fallback_search,found_via_fallback_search,"no_pages_fetched_ok (pages_checked=1,fetched_ok=0,total_text_chars=0)","no_pages_fetched_ok (pages_checked=1,fetched_ok=0,total_text_chars=0)",MICROBAC NEW YORK,True,HQ Lab @ MICROBAC NEW YORK
ENT-000749,1,env_labs_standardized.csv,"MID-ATLANTIC ENVIRONMENTAL LABORATORIES, INC.",,TNI01298,30 Lukens Drive Suite A,NEW CASTLE,Delaware,,,env_labs,https://maelinc.com/,"Akhter Mehmood, Lab Director",mael@maelinc.com,,,,,,"Provides environmental analytical laboratory services, including organic and inorganic analyses of water, groundwater, storm water, wastewater, soil and hazardous waste samples, and analyzes solid and aqueous materials to identify hazardous constituents. Also lists services such as hazardous waste characterization, UST removal analyses, Ground Water well monitoring and analysis, sludge analysis, priority pollutant scans, TCLP scans, NPDES permit monitoring, VOC/SVOC analyses, pesticides/herbicides/PCBs/metals/wet chemistry analyses, and method development and validation.",no_explicit_gmp,True,found_via_search,extracted,extracted,extracted,extracted,extracted,extracted,MID ATLANTIC ENVIRONMENTAL LABORATORIES,True,HQ Lab @ MID ATLANTIC ENVIRONMENTAL LABORATORIES
ENT-000750,1,env_labs_standardized.csv,MIDDLEPORT TREATMENT FACILITY,,TNI01566,8 S. Vernon St.,MIDDLEPORT,New York,,,env_labs,https://fmc-middleport.com/,Barbara Pilmore,,,,,,,"Manufactures and formulates insecticides, herbicides, and fungicides by mixing and packaging ingredients into product lines, including dustless powders, micro-encapsulated liquids, and flowable liquids. The site also conducts environmental remediation activities under RCRA, including RCRA Facility Investigations (RFI) and remediation/study efforts related to historical arsenic impacts.",no_explicit_gmp,False,found_via_search,extracted,extracted,"checked_pages_not_found (pages_checked=8,fetched_ok=8,total_text_chars=51911)",extracted,"checked_pages_not_found (pages_checked=8,fetched_ok=8,total_text_chars=51911)",extracted,MIDDLEPORT TREATMENT FACILITY,True,HQ Lab @ MIDDLEPORT TREATMENT FACILITY
ENT-000751,1,env_labs_standardized.csv,"Midwest Laboratories, Inc.",,TNI00502,13611 B Street,Omaha,Nebraska,,,env_labs,https://midwestlabs.com/,Jessica Wurtz,jwurtz@midwestlabs.com,,,,,,"Midwest Laboratories provides fee-based analytical testing services, including biological and chemical testing for soil, plants, pet food, animal feed, food and beverage, alcohol, compost, fertilizer, fuel, and environmental samples. Their nutrient management offerings include nutrient, fertilizer, compost, manure, and heavy metals analysis using industry standard methods including AOAC and EPA methods.",no_explicit_gmp,True,found_via_search,extracted,extracted,extracted,extracted,extracted,extracted,Midwest Laboratories,True,HQ Lab @ Midwest Laboratories
ENT-000752,1,env_labs_standardized.csv,Mill Creek Lab of Cincinnati Metropolitan Sewer District,,TNI02386,1600 Gest Street,Cincinnati,Ohio,,,env_labs,https://msdgc.org/,Deb Leonard,Deb.Leonard@cincinnati-oh.gov,,,,,,"MSD collects and treats wastewater and returns clean water to local streams and rivers. It maintains and operates sewers and wastewater treatment plants, including 9 wastewater treatment plants and other related wastewater infrastructure.",no_explicit_gmp,False,found_via_search,extracted,extracted,extracted,extracted,"checked_pages_not_found (pages_checked=8,fetched_ok=8,total_text_chars=62352)",extracted,Mill Creek Lab of Cincinnati Metropolitan Sewer District,True,HQ Lab @ Mill Creek Lab of Cincinnati Metropolitan Sewer District
ENT-000753,1,env_labs_standardized.csv,Milwaukee Metropolitan Sewerage District,,TNI00504,260 W. Seeboth Street,Milwaukee,Wisconsin,,,env_labs,https://www.mmsd.com/,Anna Kettlewell,contactrealestate@mmsd.com,,,,,,"MMSD provides wastewater treatment and manages a regional sewer system, including “treatment,” “deep tunnels,” “overflows,” and “sewers.” The site also describes monitoring data and guidance related to odor and wet basement reporting and mitigation efforts.",no_explicit_gmp,False,found_via_search,extracted,extracted,extracted,extracted,"checked_pages_not_found (pages_checked=8,fetched_ok=8,total_text_chars=43968)",extracted,Milwaukee Metropolitan Sewerage District,True,HQ Lab @ Milwaukee Metropolitan Sewerage District
ENT-000754,1,env_labs_standardized.csv,Minneapolis Water Department,,TNI01151,,Fridley,Minnesota,,,env_labs,https://www.minneapolismn.gov/,Annika Bankston,,,,,,,,no_explicit_gmp,False,found_via_search,found_via_fallback_search,found_via_fallback_search,"checked_pages_not_found (pages_checked=8,fetched_ok=8,total_text_chars=224975)",extracted,"checked_pages_not_found (pages_checked=8,fetched_ok=8,total_text_chars=224975)","checked_pages_not_found (pages_checked=8,fetched_ok=8,total_text_chars=224975)",Minneapolis Water Department,True,HQ Lab @ Minneapolis Water Department
ENT-000755,1,env_labs_standardized.csv,"Minnesota Valley Testing Laboratories, Inc.",,TNI01080,,New Ulm,Minnesota,,,env_labs,https://mvtl.com/,,crc@mvtl.com,,,,,,,explicit_gmp,,found_via_search,found_via_fallback_search,"no_pages_fetched_ok (pages_checked=1,fetched_ok=0,total_text_chars=0)",found_via_fallback_search,found_via_fallback_search,"no_pages_fetched_ok (pages_checked=1,fetched_ok=0,total_text_chars=0)","no_pages_fetched_ok (pages_checked=1,fetched_ok=0,total_text_chars=0)",Minnesota Valley Testing Laboratories,True,HQ Lab @ Minnesota Valley Testing Laboratories
ENT-000756,1,env_labs_standardized.csv,Minnesota Valley Testing Labs Inc.,,TNI01176,,Bismarck,North Dakota,,,env_labs,https://mvtl.com/,Jerry Balbach,jbalbach@mvtl.com,,,,,,,,,found_via_search,found_via_fallback_search,found_via_fallback_search,found_via_fallback_search,"no_pages_fetched_ok (pages_checked=1,fetched_ok=0,total_text_chars=0)","no_pages_fetched_ok (pages_checked=1,fetched_ok=0,total_text_chars=0)","no_pages_fetched_ok (pages_checked=1,fetched_ok=0,total_text_chars=0)",Minnesota Valley Testing Labs,True,HQ Lab @ Minnesota Valley Testing Labs
ENT-000757,1,env_labs_standardized.csv,MOHAWK VALLEY WATER AUTHORITY,,TNI01508,1 Kennedy Plaza,UTICA,New York,,,env_labs,https://www.mvwa.us/,Daniel Faldzinski,dfaldzinski@mvwa.us,,,,,,"Provides drinking water through a Water Quality Department responsible for treatment and distribution water quality and compliance with drinking water standards. Offers lab services including bacteriologic (Lead and Copper) testing and other water quality tests, with instructions/forms and sample kit information for water testing.",no_explicit_gmp,False,found_via_search,extracted,found_via_fallback_search,found_via_fallback_search,extracted,"checked_pages_not_found (pages_checked=8,fetched_ok=6,total_text_chars=15154)",extracted,MOHAWK VALLEY WATER AUTHORITY,True,HQ Lab @ MOHAWK VALLEY WATER AUTHORITY
ENT-000758,1,env_labs_standardized.csv,MOHAWK VIEW LABORATORY,,TNI01418,,LATHAM,New York,,,env_labs,,,,,,,,,,,,search_found_nothing,found_via_fallback_search,no_website_cannot_check_pages,no_website_cannot_check_pages,no_website_cannot_check_pages,no_website_cannot_check_pages,no_website_cannot_check_pages,MOHAWK VIEW LABORATORY,True,HQ Lab @ MOHAWK VIEW LABORATORY
ENT-000759,1,env_labs_standardized.csv,MONROE COUNTY ENVIRONMENTAL LABORATORY,,TNI01527,,ROCHESTER,New York,,,env_labs,https://www.monroecounty.gov/des-environmentallab,,,,,,,,,no_explicit_gmp,False,found_via_search,found_via_fallback_search,"checked_pages_not_found (pages_checked=8,fetched_ok=8,total_text_chars=217908)","checked_pages_not_found (pages_checked=8,fetched_ok=8,total_text_chars=217908)",extracted,"checked_pages_not_found (pages_checked=8,fetched_ok=8,total_text_chars=217908)","checked_pages_not_found (pages_checked=8,fetched_ok=8,total_text_chars=217908)",MONROE COUNTY ENVIRONMENTAL LABORATORY,True,HQ Lab @ MONROE COUNTY ENVIRONMENTAL LABORATORY
ENT-000760,1,env_labs_standardized.csv,MONROE COUNTY WATER AUTHORITY WTP,,TNI01447,475 Norris Drive,ROCHESTER,New York,,,env_labs,https://www.mcwa.com/,Nick Noce,information@mcwa.com,,,,,,"Provides drinking water and water treatment operations, including maintaining water quality and meeting/exceeding drinking water standards set by the EPA and New York State Department of Health (NYSDOH). Performs “over 70,000 analyses each year” to verify water quality.",no_explicit_gmp,False,found_via_search,extracted,found_via_fallback_search,extracted,extracted,"checked_pages_not_found (pages_checked=8,fetched_ok=8,total_text_chars=37018)",extracted,MONROE COUNTY WATER AUTHORITY WTP,True,HQ Lab @ MONROE COUNTY WATER AUTHORITY WTP
ENT-000761,1,env_labs_standardized.csv,MONTICELLO (V),,TNI01486,,MONTICELLO,New York,,,env_labs,,,,,,,,,,,,search_found_nothing,no_website_fallback_search_failed,no_website_cannot_check_pages,no_website_cannot_check_pages,no_website_cannot_check_pages,no_website_cannot_check_pages,no_website_cannot_check_pages,MONTICELLO V,True,HQ Lab @ MONTICELLO V
ENT-000762,1,env_labs_standardized.csv,Moody Labs LLC,,TNI02811,2051 Valley View Lane,Farmers Branch,Texas,,,env_labs,https://www.moodylabs.com/,Bruce Crabb,info@moodylabs.com,,,,,,"Moody Labs provides asbestos testing/analysis (e.g., PLM, TEM, SEM/EDX, dust and water sample analysis). It also offers mold, bacteria and microbiology testing services including non-cultured and cultured fungal analyses and bacterial contamination monitoring across air, water, surface, and bulk samples.",no_explicit_gmp,True,found_via_search,extracted,found_via_fallback_search,extracted,extracted,extracted,extracted,Moody Labs,True,HQ Lab @ Moody Labs
ENT-000763,1,env_labs_standardized.csv,Moorhead Public Service Laboratory,,TNI01154,2901 S Frontage Road Suite 2,Moorhead,Minnesota,,,env_labs,https://www.mpsutility.com/,Jake Long,,,,,,,"Provides electricity and water services, including electric grid and energy alerts/outage communications, and water operations information such as drought and red river levels. Also offers account/billing services and rebates via Bright Energy Solutions.",no_explicit_gmp,False,found_via_search,extracted,extracted,"checked_pages_not_found (pages_checked=8,fetched_ok=8,total_text_chars=40667)",extracted,"checked_pages_not_found (pages_checked=8,fetched_ok=8,total_text_chars=40667)",extracted,Moorhead Public Service Laboratory,True,HQ Lab @ Moorhead Public Service Laboratory
ENT-000764,1,env_labs_standardized.csv,"Morton Salt, Inc.",,TNI01937,1000 Morton Dr,South Hutchinson,Kansas,,,env_labs,https://www.mortonsalt.com/,,buyroadsalt@mortonsalt.com,,,,,,,explicit_gmp,,found_via_search,found_via_fallback_search,"no_pages_fetched_ok (pages_checked=1,fetched_ok=0,total_text_chars=0)",found_via_fallback_search,found_via_fallback_search,"no_pages_fetched_ok (pages_checked=1,fetched_ok=0,total_text_chars=0)","no_pages_fetched_ok (pages_checked=1,fetched_ok=0,total_text_chars=0)",Morton Salt,True,HQ Lab @ Morton Salt
ENT-000765,1,env_labs_standardized.csv,Mosaic Fertilizer LLC Environmental Laboratory,,TNI00505,7450 County Road 630,Mulberry,Florida,,,env_labs,https://www.mosaicfloridaphosphate.com/,,,,,,,,,,,found_via_search,found_via_fallback_search,"no_pages_fetched_ok (pages_checked=1,fetched_ok=0,total_text_chars=0)","no_pages_fetched_ok (pages_checked=1,fetched_ok=0,total_text_chars=0)","no_pages_fetched_ok (pages_checked=1,fetched_ok=0,total_text_chars=0)","no_pages_fetched_ok (pages_checked=1,fetched_ok=0,total_text_chars=0)","no_pages_fetched_ok (pages_checked=1,fetched_ok=0,total_text_chars=0)",Mosaic Fertilizer,True,HQ Lab @ Mosaic Fertilizer
ENT-000766,1,env_labs_standardized.csv,Mote Marine Laboratory,,TNI00506,1600 Ken Thompson Parkway,Sarasota,Florida,,,env_labs,https://mote.org/,,guestservices@mote.org,,,,,,,,,found_via_search,found_via_fallback_search,"no_pages_fetched_ok (pages_checked=1,fetched_ok=0,total_text_chars=0)",found_via_fallback_search,"no_pages_fetched_ok (pages_checked=1,fetched_ok=0,total_text_chars=0)","no_pages_fetched_ok (pages_checked=1,fetched_ok=0,total_text_chars=0)","no_pages_fetched_ok (pages_checked=1,fetched_ok=0,total_text_chars=0)",Mote Marine Laboratory,True,HQ Lab @ Mote Marine Laboratory
ENT-000767,1,env_labs_standardized.csv,Murphree Water Treatment Plant,,TNI00321,301 SE 4th Avenue,Gainesville,Florida,,,env_labs,https://www.gru.com/,,,,,,,,"The page includes GRU’s water leak detection and notification program, where GRU reviews water meter data for unusual usage patterns and contacts customers when a leak is suspected. GRU also states it maintains ""utility-owned lines and equipment up to your meter"".",no_explicit_gmp,False,found_via_search,extracted,"checked_pages_not_found (pages_checked=8,fetched_ok=8,total_text_chars=41797)","checked_pages_not_found (pages_checked=8,fetched_ok=8,total_text_chars=41797)",extracted,"checked_pages_not_found (pages_checked=8,fetched_ok=8,total_text_chars=41797)",extracted,Murphree Water Treatment Plant,True,HQ Lab @ Murphree Water Treatment Plant
ENT-000768,1,env_labs_standardized.csv,MW labs,,TNI02480,,Medford,Oregon,,,env_labs,,,,,,,,,,,,search_found_nothing,found_via_fallback_search,no_website_cannot_check_pages,no_website_cannot_check_pages,no_website_cannot_check_pages,no_website_cannot_check_pages,no_website_cannot_check_pages,MW labs,True,HQ Lab @ MW labs
ENT-000769,1,env_labs_standardized.csv,MWRDGC Calumet Analytical Laboratory,,TNI02037,400 East 130th Street,Chicago,Illinois,,,env_labs,https://mwrd.org/,Zhenwei Zhu,zhuz@mwrd.org,,,,,,"The text states the organization is responsible for “treating wastewater and managing stormwater,” and includes wastewater treatment and stormwater operations related content.",no_explicit_gmp,False,found_via_search,found_via_fallback_search,found_via_fallback_search,found_via_fallback_search,extracted,"checked_pages_not_found (pages_checked=8,fetched_ok=8,total_text_chars=71017)",extracted,MWRDGC Calumet Analytical Laboratory,True,HQ Lab @ MWRDGC Calumet Analytical Laboratory
ENT-000770,1,env_labs_standardized.csv,MWRDGC Egan Analytical Laboratory,,TNI02038,100 East Erie Street,Schaumburg,Illinois,,,env_labs,https://mwrd.org/,John Chavich,forea@mwrd.org,,,,,,,no_explicit_gmp,False,found_via_search,extracted,found_via_fallback_search,extracted,extracted,"checked_pages_not_found (pages_checked=8,fetched_ok=8,total_text_chars=71017)","checked_pages_not_found (pages_checked=8,fetched_ok=8,total_text_chars=71017)",MWRDGC Egan Analytical Laboratory,True,HQ Lab @ MWRDGC Egan Analytical Laboratory
ENT-000771,1,env_labs_standardized.csv,MWRDGC Industrial Waste Laboratory,,TNI02039,,Cicero,Illinois,,,env_labs,https://mwrd.org/,Anjana Patel,PatelA@mwrd.org,,,,,,"The provided text describes wastewater treatment and stormwater management by the Metropolitan Water Reclamation District of Greater Chicago, including “what happens at a water reclamation plant?” and “monitoring wastewater from facilities for compliance and cost recovery.”",no_explicit_gmp,False,found_via_search,found_via_fallback_search,found_via_fallback_search,found_via_fallback_search,extracted,"checked_pages_not_found (pages_checked=8,fetched_ok=8,total_text_chars=71017)",extracted,MWRDGC Industrial Waste Laboratory,True,HQ Lab @ MWRDGC Industrial Waste Laboratory
ENT-000772,1,env_labs_standardized.csv,MWRDGC Organic Compounds Laboratory,,TNI02040,100 East Erie Street,Schaumburg,Illinois,,,env_labs,https://mwrd.org/,,mwrd-ucts@mwrd.org,,,,,,"Treating wastewater and managing stormwater in Cook County, Illinois, including providing facilities open for tours at its seven water reclamation plants.",no_explicit_gmp,False,found_via_search,extracted,"checked_pages_not_found (pages_checked=8,fetched_ok=8,total_text_chars=71017)",extracted,extracted,"checked_pages_not_found (pages_checked=8,fetched_ok=8,total_text_chars=71017)",extracted,MWRDGC Organic Compounds Laboratory,True,HQ Lab @ MWRDGC Organic Compounds Laboratory
ENT-000773,1,env_labs_standardized.csv,MWRDGC Stickney Analytical Laboratory,,TNI02041,,Cicero,Illinois,,,env_labs,https://mwrd.org/,Pawel Grunwald,mwrd-ucts@mwrd.org,,,,,,"The page provides monitoring wastewater from facilities for compliance and cost recovery, with contact information for the Pretreatment and Cost Recovery group.",no_explicit_gmp,False,found_via_search,found_via_fallback_search,found_via_fallback_search,extracted,extracted,"checked_pages_not_found (pages_checked=8,fetched_ok=8,total_text_chars=71017)",extracted,MWRDGC Stickney Analytical Laboratory,True,HQ Lab @ MWRDGC Stickney Analytical Laboratory
ENT-000774,1,env_labs_standardized.csv,NASA Johnson Space Center Microbiology Laboratory,,TNI00178,,Houston,Texas,,,env_labs,https://www.nasa.gov/reference/jsc-microbiology/,"Dr. Sarah Wallace, PhD",,,,,,,"Provides microbiology expertise including environmental monitoring, analysis, operational and hardware requirements development, design & implementation, verification/validation and monitoring, analysis, and data assessment. The laboratory processes environmental samples (such as air, potable water, spacecraft surfaces, in-flight hardware, and food) to ensure microorganisms do not adversely affect crew health or system performance.",no_explicit_gmp,False,found_via_search,"checked_pages_not_found (pages_checked=8,fetched_ok=8,total_text_chars=89792)",found_via_fallback_search,"checked_pages_not_found (pages_checked=8,fetched_ok=8,total_text_chars=89792)",extracted,"checked_pages_not_found (pages_checked=8,fetched_ok=8,total_text_chars=89792)",extracted,NASA Johnson Space Center Microbiology Laboratory,True,HQ Lab @ NASA Johnson Space Center Microbiology Laboratory
ENT-000775,1,env_labs_standardized.csv,NASSAU COUNTY DEPT OF HEALTH,,TNI01516,,HEMPSTEAD,New York,,,env_labs,https://www.nassaucountyny.gov/health,Dr. Irina Gelman,,,,,,,,,,found_via_search,found_via_fallback_search,found_via_fallback_search,"no_pages_fetched_ok (pages_checked=1,fetched_ok=0,total_text_chars=0)","no_pages_fetched_ok (pages_checked=1,fetched_ok=0,total_text_chars=0)","no_pages_fetched_ok (pages_checked=1,fetched_ok=0,total_text_chars=0)","no_pages_fetched_ok (pages_checked=1,fetched_ok=0,total_text_chars=0)",NASSAU COUNTY DEPT OF HEALTH,True,HQ Lab @ NASSAU COUNTY DEPT OF HEALTH
ENT-000776,1,env_labs_standardized.csv,National Environment Lab,,TNI02699,"서울특별시 성북구 안암로 145 산학관 203-2호(안암동 5가, 고려대학교 자연계캠퍼스)",Seoul,Not Applicable,,,env_labs,https://nelab.re.kr/en/,고일하,nelab@nelab.re.kr,,,,,,"NeLab provides environmental sampling and analysis services, including ""Laboratory analyses for solids, water and agro–plants"" and ""Contaminated site management"" such as field sampling analysis, site assessment, soil & groundwater investigation, environmental drilling, and groundwater flow and contaminant transport modeling.",no_explicit_gmp,True,found_via_search,extracted,extracted,extracted,extracted,extracted,extracted,National Environment Lab,True,HQ Lab @ National Environment Lab
ENT-000777,1,env_labs_standardized.csv,"National Testing Laboratories, Ltd.",,TNI02138,,Ypsilanti,Michigan,,,env_labs,https://watercheck.com/,Chrissy MacMillan,cmacmillan@ntllabs.com,,,,,,,,,found_via_search,found_via_fallback_search,found_via_fallback_search,found_via_fallback_search,"no_pages_fetched_ok (pages_checked=1,fetched_ok=0,total_text_chars=0)","no_pages_fetched_ok (pages_checked=1,fetched_ok=0,total_text_chars=0)","no_pages_fetched_ok (pages_checked=1,fetched_ok=0,total_text_chars=0)",National Testing Laboratories,True,HQ Lab @ National Testing Laboratories
ENT-000778,1,env_labs_standardized.csv,Natural Waters of Viti Pte Limited,,TNI02379,"11444 W. Olympic Blvd., Floor #2","Tavua, Fiji Island",Not Applicable,,,env_labs,https://www.fijiwater.com/,,delivery@fijiwater.com,,,,,,"The provided text describes selling bottled FIJI Water (e.g., subscription and delivery options) and offering contact channels for inquiries.",no_explicit_gmp,True,found_via_search,extracted,"checked_pages_not_found (pages_checked=6,fetched_ok=5,total_text_chars=18810)",extracted,extracted,extracted,extracted,Natural Waters of Viti Pte Limited,True,HQ Lab @ Natural Waters of Viti Pte Limited
ENT-000779,1,env_labs_standardized.csv,"Nautilus Environmental, Inc",,TNI02313,4340 Vandever Avenue,San Diego,California,,,env_labs,https://nautilusenvironmental.com/,Peter Arth Laboratory & Technical Director,info@nautilusenvironmental.com,,,,,,"Provides ecotoxicology laboratory and consulting services, including toxicity testing and regulatory support, with analysis, integration, interpretation, and validation of toxicity data. Offers compliance monitoring (e.g., routine whole effluent toxicity (WET) testing), as well as dredge material analysis with biological and chemical testing such as elutriates and bioaccumulation.",no_explicit_gmp,True,found_via_search,extracted,extracted,extracted,extracted,extracted,extracted,Nautilus Environmental,True,HQ Lab @ Nautilus Environmental
ENT-000780,1,env_labs_standardized.csv,Neilson Research Corporation,,TNI00221,245 South Grape Street,Medford,Oregon,,,env_labs,https://nrclabs.com/,Trevor Wasmund,lims@nrclabs.com,,,,,,"NRC Labs provides environmental analytical testing services, specializing in Drinking Water, Wastewater, Hazardous Wastes, and Asbestos. Services described include accredited/residential and public drinking water analysis, biosolids testing, wastewater services, stormwater analysis, irrigation water analysis, RCRA hazardous waste analysis, and Legionella testing (CDC ELITE & ORELAP accredited).",no_explicit_gmp,True,found_via_search,extracted,extracted,found_via_fallback_search,extracted,extracted,extracted,Neilson Research,True,HQ Lab @ Neilson Research
ENT-000781,1,env_labs_standardized.csv,NELANALYTICAL (#2534),,TNI01057,227 China Road; 120 Main Street,WINSLOW,Maine,,,env_labs,https://www.nelabservices.com/,"Jessica Autieri, CXR; Tamara Foster, CXR",info.us@analytichem.com,,,,,,Provides environmental testing and analysis in chemistry and microbiology. Also offers off-the-shelf prepared culture media products plus contract manufacturing services (including FDA-inspected production of microbiological culture media) and quality control testing for culture media.,explicit_gmp,True,found_via_search,extracted,extracted,extracted,extracted,extracted,extracted,NELANALYTICAL 2534,True,HQ Lab @ NELANALYTICAL 2534
ENT-000782,1,env_labs_standardized.csv,NELSON ANALYTICAL LAB - KEENE DIVISION,,TNI01036,,SWANZEY,New Hampshire,,,env_labs,https://nelsonanalytical.com/,Andrew Nelson,anelson@nelsonanalytical.com,,,,,,,,,found_via_search,found_via_fallback_search,found_via_fallback_search,found_via_fallback_search,"no_pages_fetched_ok (pages_checked=1,fetched_ok=0,total_text_chars=0)","no_pages_fetched_ok (pages_checked=1,fetched_ok=0,total_text_chars=0)","no_pages_fetched_ok (pages_checked=1,fetched_ok=0,total_text_chars=0)",NELSON ANALYTICAL LAB KEENE DIVISION,True,HQ Lab @ NELSON ANALYTICAL LAB KEENE DIVISION
ENT-000783,1,env_labs_standardized.csv,NELSON ANALYTICAL LLC,,TNI01053,490 E. Industrial Park Dr,MANCHESTER,New Hampshire,,,env_labs,https://www.nelsonanalytical.com/,Andrew Nelson,anelson@nelsonanalytical.com,,,,,,,,,found_via_search,found_via_fallback_search,found_via_fallback_search,found_via_fallback_search,"no_pages_fetched_ok (pages_checked=1,fetched_ok=0,total_text_chars=0)","no_pages_fetched_ok (pages_checked=1,fetched_ok=0,total_text_chars=0)","no_pages_fetched_ok (pages_checked=1,fetched_ok=0,total_text_chars=0)",NELSON ANALYTICAL,False,Manchester Lab @ NELSON ANALYTICAL
ENT-000784,1,env_labs_standardized.csv,NELSON ANALYTICAL LLC - MAINE DIVISION,,TNI01054,,KENNEBUNK,Maine,,,env_labs,https://nelsonanalytical.com/,Lorri Maling,lmaling@nelsonanalytical.com,,,,,,,,,found_via_search,found_via_fallback_search,found_via_fallback_search,found_via_fallback_search,"no_pages_fetched_ok (pages_checked=1,fetched_ok=0,total_text_chars=0)","no_pages_fetched_ok (pages_checked=1,fetched_ok=0,total_text_chars=0)","no_pages_fetched_ok (pages_checked=1,fetched_ok=0,total_text_chars=0)",NELSON ANALYTICAL,False,Kennebunk Lab @ NELSON ANALYTICAL
ENT-000785,1,env_labs_standardized.csv,NESTLE WATERS QUALITY ASSURANCE LAB,,TNI01679,1544 E Washington Blvd,LOS ANGELES,California,,,env_labs,,,,,,,,,,,,search_found_nothing,found_via_fallback_search,no_website_cannot_check_pages,no_website_cannot_check_pages,no_website_cannot_check_pages,no_website_cannot_check_pages,no_website_cannot_check_pages,NESTLE WATERS QUALITY ASSURANCE LAB,True,HQ Lab @ NESTLE WATERS QUALITY ASSURANCE LAB
ENT-000786,1,env_labs_standardized.csv,NESTLE WATERS SUPPLY SUD,,TNI01658,"LES BOUILLENS, 30310 Vergeze",VERGEZE,Not Applicable,,,env_labs,https://www.nestle-waters.fr/,,,,,,,,,,,found_via_search,found_via_fallback_search,"no_pages_fetched_ok (pages_checked=1,fetched_ok=0,total_text_chars=0)","no_pages_fetched_ok (pages_checked=1,fetched_ok=0,total_text_chars=0)","no_pages_fetched_ok (pages_checked=1,fetched_ok=0,total_text_chars=0)","no_pages_fetched_ok (pages_checked=1,fetched_ok=0,total_text_chars=0)","no_pages_fetched_ok (pages_checked=1,fetched_ok=0,total_text_chars=0)",NESTLE WATERS SUPPLY SUD,True,HQ Lab @ NESTLE WATERS SUPPLY SUD
ENT-000787,1,env_labs_standardized.csv,New Age Landmark Inc dba New Age Laboratories,,TNI00509,,South Haven,Michigan,,,env_labs,https://www.newagelaboratories.com/,,info@newagelaboratories.com,,,,,,"Provides plant sap analysis (24 Hr. Turnaround) and plant tissue testing to assess plant nutrient uptake and nutritional health. Also offers virus & viroid testing, livestock feed testing (moisture, protein, pH), and finished product food safety testing including microbiology, lactic acid checks, shelf-life testing, accelerated shelf life testing, and environmental monitoring program assistance.",no_explicit_gmp,True,found_via_search,extracted,"checked_pages_not_found (pages_checked=8,fetched_ok=8,total_text_chars=20658)",extracted,extracted,extracted,extracted,New Age Landmark,True,HQ Lab @ New Age Landmark
ENT-000788,1,env_labs_standardized.csv,New Age/Landmark Inc. #2,,TNI00510,160 Veterans Boulevard,South Haven,Michigan,,,env_labs,https://www.newagelandmark.com/,Scott D. Wall,swall@newagelandmark.com,,,,,,,,,found_via_search,found_via_fallback_search,found_via_fallback_search,found_via_fallback_search,"no_pages_fetched_ok (pages_checked=1,fetched_ok=0,total_text_chars=0)","no_pages_fetched_ok (pages_checked=1,fetched_ok=0,total_text_chars=0)","no_pages_fetched_ok (pages_checked=1,fetched_ok=0,total_text_chars=0)",New AgeLandmark,True,HQ Lab @ New AgeLandmark
ENT-000789,1,env_labs_standardized.csv,NEW ENGLAND BIOASSAY INC.,,TNI02408,276 Addison Road,WINDSOR,Connecticut,,,env_labs,https://nebio.com/,Kimberly Wills Laboratory Directory/CEO,kimberly.wills@nebio.com,,,,,,"Provides toxicological/ecological testing services using freshwater, saltwater, sediment, and soil organisms, including wastewater whole effluent toxicity (WET) testing, toxicity identification & reduction (TIE) evaluations, sediment and soil toxicity testing, and product assessment testing for chemical additives and developing products.",no_explicit_gmp,True,found_via_search,extracted,extracted,extracted,extracted,extracted,extracted,NEW ENGLAND BIOASSAY,True,HQ Lab @ NEW ENGLAND BIOASSAY
ENT-000790,1,env_labs_standardized.csv,NEW ENGLAND TESTING LAB INC,,TNI01747,,WEST WARWICK,Rhode Island,,,env_labs,https://www.newenglandtesting.com/,"Gina Dionne, COO",Gina.Dionne@newenglandtesting.com,,,,,,,,,found_via_search,found_via_fallback_search,found_via_fallback_search,found_via_fallback_search,"no_pages_fetched_ok (pages_checked=1,fetched_ok=0,total_text_chars=0)","no_pages_fetched_ok (pages_checked=1,fetched_ok=0,total_text_chars=0)","no_pages_fetched_ok (pages_checked=1,fetched_ok=0,total_text_chars=0)",NEW ENGLAND TESTING LAB,True,HQ Lab @ NEW ENGLAND TESTING LAB
ENT-000791,1,env_labs_standardized.csv,NEW HAMPSHIRE DHHS PUBLIC HEALTH LABORATORIES,,TNI01056,,CONCORD,New Hampshire,,,env_labs,https://www.dhhs.nh.gov/programs-services/population-health/public-health-laboratories,,phlclinicalkitorders@dhhs.nh.gov,,,,,,,,,found_via_search,found_via_fallback_search,"no_pages_fetched_ok (pages_checked=1,fetched_ok=0,total_text_chars=0)",found_via_fallback_search,"no_pages_fetched_ok (pages_checked=1,fetched_ok=0,total_text_chars=0)","no_pages_fetched_ok (pages_checked=1,fetched_ok=0,total_text_chars=0)","no_pages_fetched_ok (pages_checked=1,fetched_ok=0,total_text_chars=0)",NEW HAMPSHIRE DHHS PUBLIC HEALTH LABORATORIES,True,HQ Lab @ NEW HAMPSHIRE DHHS PUBLIC HEALTH LABORATORIES
ENT-000792,1,env_labs_standardized.csv,Newport News Shipbuilding- A Division of Huntington Ingalls Industries,,TNI01238,4101 Washington Ave,Newport News,Virginia,,,env_labs,https://www.hii.com/newport-news-shipbuilding,Kari Wilkinson,NNSTrafficOffice@hii-nns.com,,,,,,"Design, construction, overhaul and repair of ships, including nuclear-powered aircraft carriers and submarines. Provides aircraft carrier refueling & complex overhaul (RCOH), inactivation, and worldwide in-service fleet services such as maintenance, modernization, and technical and life cycle logistics.",no_explicit_gmp,True,found_via_search,extracted,extracted,found_via_fallback_search,extracted,extracted,extracted,Newport News Shipbuilding A Division of Huntington Ingalls Industries,True,HQ Lab @ Newport News Shipbuilding A Division of Huntington Ingalls Industries
ENT-000793,1,env_labs_standardized.csv,Newton Municipal Wastewater Laboratory,,TNI01924,,Newton,Kansas,,,env_labs,,,,,,,,,,,,search_found_nothing,no_website_fallback_search_failed,no_website_cannot_check_pages,no_website_cannot_check_pages,no_website_cannot_check_pages,no_website_cannot_check_pages,no_website_cannot_check_pages,Newton Municipal Wastewater Laboratory,True,HQ Lab @ Newton Municipal Wastewater Laboratory
ENT-000794,1,env_labs_standardized.csv,NEWTOWN CREEK MICROBIOLOGY LABORATORY,,TNI01648,,BROOKLYN,New York,,,env_labs,,,,,,,,,,,,search_found_nothing,found_via_fallback_search,no_website_cannot_check_pages,no_website_cannot_check_pages,no_website_cannot_check_pages,no_website_cannot_check_pages,no_website_cannot_check_pages,NEWTOWN CREEK MICROBIOLOGY LABORATORY,True,HQ Lab @ NEWTOWN CREEK MICROBIOLOGY LABORATORY
ENT-000795,1,env_labs_standardized.csv,NEWTOWN CREEK PROCESS CONTROL LAB,,TNI01518,,BROOKLYN,New York,,,env_labs,,,,,,,,,,,,search_found_nothing,found_via_fallback_search,no_website_cannot_check_pages,no_website_cannot_check_pages,no_website_cannot_check_pages,no_website_cannot_check_pages,no_website_cannot_check_pages,NEWTOWN CREEK PROCESS CONTROL LAB,True,HQ Lab @ NEWTOWN CREEK PROCESS CONTROL LAB
ENT-000796,1,env_labs_standardized.csv,"Niagara Bottling, LLC",,TNI02121,1440 Bridgegate Dr.,Howard,Pennsylvania,,,env_labs,https://www.niagarawater.com/,Andy Peykoff II President & CEO,bhess@niagarawater.com,,,,,,"Produces bottled water using “state-of-the-art purification, filtration and disinfection technologies,” including “reverse osmosis, micron filtration and ozone technologies” and “automated digital inspection.” The site also describes “Quality laboratories at each plant facility,” “Regular FDA and third party audits,” and “HACCP standards.”",no_explicit_gmp,True,found_via_search,extracted,extracted,found_via_fallback_search,extracted,extracted,extracted,Niagara Bottling,True,HQ Lab @ Niagara Bottling
ENT-000797,1,env_labs_standardized.csv,NIAGARA CO SEWER DISTRICT  #1,,TNI01446,7227 Williams Road,WHEATFIELD,New York,,,env_labs,,,,,,,,,,,,search_found_nothing,found_via_fallback_search,no_website_cannot_check_pages,no_website_cannot_check_pages,no_website_cannot_check_pages,no_website_cannot_check_pages,no_website_cannot_check_pages,NIAGARA CO SEWER DISTRICT 1,True,HQ Lab @ NIAGARA CO SEWER DISTRICT 1
ENT-000798,1,env_labs_standardized.csv,NIAGARA COUNTY WATER DISTRICT,,TNI01592,5450 Ernest Rd.,NIAGARA FALLS,New York,,,env_labs,https://www.niagaracounty.com/departments/s-z/water_district/index.php,Jennifer H. Bieber,,,,,,,"Operates a Water District service center including transmission and distribution, and a water treatment facility.",no_explicit_gmp,False,found_via_search,extracted,extracted,"checked_pages_not_found (pages_checked=8,fetched_ok=1,total_text_chars=4210)",extracted,"checked_pages_not_found (pages_checked=8,fetched_ok=1,total_text_chars=4210)",extracted,NIAGARA COUNTY WATER DISTRICT,True,HQ Lab @ NIAGARA COUNTY WATER DISTRICT
ENT-000799,1,env_labs_standardized.csv,NIAGARA FALLS WATER BOARD WASTEWATER  LABORATORY,,TNI01536,Water Treatment Plant 5815 Buffalo Ave.,NIAGARA FALLS,New York,,,env_labs,https://nfwb.org/,Jordan Boyd Environmental Lab Director,[email protected],,,,,,"The Niagara Falls Water Quality Laboratory monitors the quality of process and distribution water and is commercially approved by the New York State Environmental Laboratory Approval Program (ELAP) to conduct analytical work for other entities. It also provides access to laboratory capabilities, fees, and chain of custody processes, including potable and non-potable water lab certifications.",no_explicit_gmp,False,found_via_search,extracted,extracted,extracted,extracted,"checked_pages_not_found (pages_checked=8,fetched_ok=8,total_text_chars=22528)",extracted,NIAGARA FALLS WATER BOARD WASTEWATER LABORATORY,True,HQ Lab @ NIAGARA FALLS WATER BOARD WASTEWATER LABORATORY
ENT-000800,1,env_labs_standardized.csv,NIAGARA FALLS WATER QUALITY LABORATORY,,TNI01535,,NIAGARA FALLS,New York,,,env_labs,https://nfwb.org/,Jordan Boyd,[email protected],,,,,,The Niagara Falls Water Quality Laboratory monitors the quality of process and distribution water and provides analytical work to other entities. It is commercially approved to conduct analytical work and offers services on potable and non-potable water (including lab certificates) along with fees and chain of custody.,no_explicit_gmp,True,found_via_search,extracted,extracted,extracted,extracted,extracted,extracted,NIAGARA FALLS WATER QUALITY LABORATORY,True,HQ Lab @ NIAGARA FALLS WATER QUALITY LABORATORY
ENT-000801,1,env_labs_standardized.csv,"Niceville-Valparaiso Regional Sewer Board, Inc.",,TNI00512,,Niceville,Florida,,,env_labs,,,,,,,,,,,,search_found_nothing,found_via_fallback_search,no_website_cannot_check_pages,no_website_cannot_check_pages,no_website_cannot_check_pages,no_website_cannot_check_pages,no_website_cannot_check_pages,Niceville Valparaiso Regional Sewer Board,True,HQ Lab @ Niceville Valparaiso Regional Sewer Board
ENT-000802,1,env_labs_standardized.csv,"NORLITE, LLC",,TNI01718,628 Saratoga Street,COHOES,New York,,,env_labs,https://www.norlitecommunity.com/,"Norlite, LLC c/o Prince Knight",info@norliteagg.com,,,,,,"Norlite produces lightweight aggregate material for construction projects, using raw material sourced from its shale quarry and processing it in high-temperature kilns. It also describes operations for accepting waste as a source of fuel in its production process under environmental permits.",no_explicit_gmp,True,found_via_search,extracted,extracted,extracted,extracted,extracted,extracted,NORLITE,True,HQ Lab @ NORLITE
ENT-000803,1,env_labs_standardized.csv,NORTH AMERICAN TESTING,,TNI02586,PO Box 323,NORWALK,Ohio,,,env_labs,https://www.northamericantesting.org/,Douglas Steele,email@northamericantesting.org,,,,,,"NAT provides analytical, research, testing, and certification services for the water and wastewater treatment industry, including product evaluation, audits, and engineering evaluations of system modifications. Testing includes real-world evaluations and protocols with parameter testing such as CBOD5, TSS, Nitrogen series, pH, fecal coliform, temperature, turbidity, chlorine residual, and dissolved oxygen.",no_explicit_gmp,True,found_via_search,extracted,found_via_fallback_search,extracted,extracted,extracted,extracted,NORTH AMERICAN TESTING,True,HQ Lab @ NORTH AMERICAN TESTING
ENT-000804,1,env_labs_standardized.csv,North Davis Sewer District Laboratory,,TNI01988,,Syracuse,Utah,,,env_labs,https://northdavissewer.gov/,Steve Lamb,stevelamb@NDSD.org,,,,,,"Collects and treats wastewater for the district’s service area, operating a treatment facility that includes collection system and treatment process components such as headworks & grit removal, primary clarifier, anaerobic digestion, combined heat and power, and disinfection with effluent discharge.",no_explicit_gmp,False,found_via_search,extracted,found_via_fallback_search,found_via_fallback_search,extracted,"checked_pages_not_found (pages_checked=6,fetched_ok=6,total_text_chars=29269)",extracted,North Davis Sewer District Laboratory,True,HQ Lab @ North Davis Sewer District Laboratory
ENT-000805,1,env_labs_standardized.csv,"North Shore Analytical, Inc.",,TNI01185,,Duluth,Minnesota,,,env_labs,https://northshoreanalytical.com/,Christopher Gross,info@northshoreanalytical.com,,,,,,,,,found_via_search,found_via_fallback_search,found_via_fallback_search,found_via_fallback_search,"no_pages_fetched_ok (pages_checked=1,fetched_ok=0,total_text_chars=0)","no_pages_fetched_ok (pages_checked=1,fetched_ok=0,total_text_chars=0)","no_pages_fetched_ok (pages_checked=1,fetched_ok=0,total_text_chars=0)",North Shore Analytical,True,HQ Lab @ North Shore Analytical
ENT-000806,1,env_labs_standardized.csv,North Shore Water Reclamation District,,TNI02042,,Gurnee,Illinois,,,env_labs,https://northshorewrd.org/,,info@northshorewrd.org,,,,,,,,,found_via_search,found_via_fallback_search,"no_pages_fetched_ok (pages_checked=1,fetched_ok=0,total_text_chars=0)",found_via_fallback_search,"no_pages_fetched_ok (pages_checked=1,fetched_ok=0,total_text_chars=0)","no_pages_fetched_ok (pages_checked=1,fetched_ok=0,total_text_chars=0)","no_pages_fetched_ok (pages_checked=1,fetched_ok=0,total_text_chars=0)",North Shore Water Reclamation District,True,HQ Lab @ North Shore Water Reclamation District
ENT-000807,1,env_labs_standardized.csv,North Texas Municipal Water District Environmental Laboratory,,TNI00069,501 East Brown Street,Wylie,Texas,,,env_labs,https://www.ntmwd.com/,,,,,,,,"The site states that the district’s state-certified laboratory conducts analyses on hundreds of samples daily to ensure drinking water meets or exceeds regulatory, health, and aesthetic standards. It also states that the Environmental Services team tests hundreds of thousands of water quality samples annually and publishes these results.",no_explicit_gmp,False,found_via_search,extracted,"checked_pages_not_found (pages_checked=8,fetched_ok=8,total_text_chars=30097)","checked_pages_not_found (pages_checked=8,fetched_ok=8,total_text_chars=30097)",extracted,"checked_pages_not_found (pages_checked=8,fetched_ok=8,total_text_chars=30097)",extracted,North Texas Municipal Water District Environmental Laboratory,True,HQ Lab @ North Texas Municipal Water District Environmental Laboratory
ENT-000808,1,env_labs_standardized.csv,NORTH TONAWANDA WWTP,,TNI01493,830 River Road,N TONAWANDA,New York,,,env_labs,https://www.northtonawanda.gov/water,Jason Koepsell - Superintendent,[email protected],,,,,,Operates a municipal Water Filtration 1 Archer Street and manages water distribution and wastewater treatment operations. Provides staffing and contact for water/wastewater service functions including reporting water line breaks/low pressure and sewer system maintenance.,no_explicit_gmp,False,found_via_search,extracted,extracted,extracted,extracted,"checked_pages_not_found (pages_checked=8,fetched_ok=4,total_text_chars=19435)",extracted,NORTH TONAWANDA WWTP,True,HQ Lab @ NORTH TONAWANDA WWTP
ENT-000809,1,env_labs_standardized.csv,"North Water District Laboratory Services, Inc. Toxicology Laboratory",,TNI00015,130 S. Trade Center Pkwy.,Conroe,Texas,,,env_labs,http://www.nwdls.com/,Monica O. Martin,toxlab@nwdls.com,,,,,,"Provides environmental toxicology services including whole effluent toxicity biomonitoring, sediment toxicity characterization, and product toxicity tests. Also offers door-to-door sample handling and transport, custom reporting, and information management tools for tracking permit requirements to assure compliance with testing schedules.",no_explicit_gmp,True,found_via_search,extracted,found_via_fallback_search,extracted,extracted,extracted,extracted,North Water District Laboratory Services,True,HQ Lab @ North Water District Laboratory Services
ENT-000810,1,env_labs_standardized.csv,NORTHEAST OHIO REGIONAL SEWER DISTRICT ANALYTICAL SERVICES (#2238),,TNI02602,4747 East 49th Street,CUYAHOGA HEIGHTS,Ohio,,,env_labs,https://www.neorsd.org/,Mark Citriglia,citrigliam@neorsd.org,,,,,,"Provides wastewater treatment (including Combined Sewer Overflow (CSO) control), conveyance via the sewer system, and industrial waste control. Also offers regional stormwater management and an “Environmental Services and Laboratory” program.",no_explicit_gmp,False,found_via_search,found_via_fallback_search,found_via_fallback_search,found_via_fallback_search,extracted,"checked_pages_not_found (pages_checked=8,fetched_ok=7,total_text_chars=42482)",extracted,NORTHEAST OHIO REGIONAL SEWER DISTRICT ANALYTICAL SERVICES 2238,True,HQ Lab @ NORTHEAST OHIO REGIONAL SEWER DISTRICT ANALYTICAL SERVICES 2238
ENT-000811,1,env_labs_standardized.csv,Northeast Texas Public Health District Laboratory,,TNI00048,815 N. Broadway Ave,Tyler,Texas,,,env_labs,https://www.mynethealth.org/,Terrence Ates,TAtes@netphd.org,,,,,,"The NET Health Regional Laboratory performs analytical tests on milk and dairy products, potable water, and clinical specimens. Tests offered include milk testing, certified bacterial analysis for public drinking water (including total coliform bacteria and E. coli), and clinical testing for syphilis, gonorrhea, and chlamydia.",no_explicit_gmp,False,found_via_search,extracted,extracted,extracted,extracted,"checked_pages_not_found (pages_checked=8,fetched_ok=8,total_text_chars=59112)",extracted,Northeast Texas Public Health District Laboratory,True,HQ Lab @ Northeast Texas Public Health District Laboratory
ENT-000812,1,env_labs_standardized.csv,NORTHERN WESTCHESTER JOINT WATER WORKS,,TNI01803,,CORTLANDT MANOR,New York,,,env_labs,https://www.nwjww.com/,Dan Pirrone,Dpirrone@wjww.com,,,,,,,,,found_via_search,found_via_fallback_search,found_via_fallback_search,found_via_fallback_search,"no_pages_fetched_ok (pages_checked=1,fetched_ok=0,total_text_chars=0)","no_pages_fetched_ok (pages_checked=1,fetched_ok=0,total_text_chars=0)","no_pages_fetched_ok (pages_checked=1,fetched_ok=0,total_text_chars=0)",NORTHERN WESTCHESTER JOINT WATER WORKS,True,HQ Lab @ NORTHERN WESTCHESTER JOINT WATER WORKS
ENT-000813,1,env_labs_standardized.csv,Northrop Grumman Space Systems Environmental Laboratory,,TNI01959,9160 North Highway 83,Corinne,Utah,,,env_labs,,,,,,,,,,,,search_found_nothing,found_via_fallback_search,no_website_cannot_check_pages,no_website_cannot_check_pages,no_website_cannot_check_pages,no_website_cannot_check_pages,no_website_cannot_check_pages,Northrop Grumman Space Systems Environmental Laboratory,True,HQ Lab @ Northrop Grumman Space Systems Environmental Laboratory
ENT-000814,1,env_labs_standardized.csv,NOVA ANALYTIC LABS,,TNI02941,,PORTLAND,Maine,,,env_labs,https://www.novaenvirolabs.com/,Barry Chaffin,barry@nova-analyticlabs.com,,,,,,,,,found_via_search,found_via_fallback_search,found_via_fallback_search,found_via_fallback_search,"no_pages_fetched_ok (pages_checked=1,fetched_ok=0,total_text_chars=0)","no_pages_fetched_ok (pages_checked=1,fetched_ok=0,total_text_chars=0)","no_pages_fetched_ok (pages_checked=1,fetched_ok=0,total_text_chars=0)",NOVA ANALYTIC LABS,True,HQ Lab @ NOVA ANALYTIC LABS
ENT-000815,1,env_labs_standardized.csv,"Nova Biologicals, Inc",,TNI02533,"1775 North Loop 336 East, Suite 4",Conroe,Texas,,,env_labs,https://www.novatx.com/,COLLEEN VILLANUEVA,nova@novatx.com,,,,,,"Nova Biologicals provides microbiological testing services including water testing (USP water testing, commercial water testing, and Legionella pneumophila testing), medical device testing (sterility testing, environmental monitoring, bioburden testing, endotoxin, GLP studies), pharmaceutical testing (microbial testing services for compound pharmaceuticals and USP testing of excipients), and antimicrobial testing (evaluating effectiveness against bacteria, molds, and related assays).",explicit_gmp,True,found_via_search,extracted,extracted,found_via_fallback_search,found_via_fallback_search,extracted,extracted,Nova Biologicals,True,HQ Lab @ Nova Biologicals
ENT-000816,1,env_labs_standardized.csv,NSF INTERNATIONAL,,TNI01665,,ANN ARBOR,Michigan,,,env_labs,https://www.nsf.org/,Jesse D. Miller,jdmiller@nsf.org,,,,,,,explicit_gmp,,found_via_search,found_via_fallback_search,found_via_fallback_search,found_via_fallback_search,found_via_fallback_search,"no_pages_fetched_ok (pages_checked=1,fetched_ok=0,total_text_chars=0)","no_pages_fetched_ok (pages_checked=1,fetched_ok=0,total_text_chars=0)",NSF INTERNATIONAL,True,HQ Lab @ NSF INTERNATIONAL
ENT-000817,1,env_labs_standardized.csv,NTM Environmental Reference Laboratory,,TNI03081,"11937 US Hwy 271, BMR Lab B4",Tyler,Texas,,,env_labs,https://www.uttyler.edu/academics/colleges-schools/medicine/center-for-ntm-innovation/environmental-reference-laboratory/,,NTMERL@uttyler.edu,,,,,,"Provides environmental testing to identify nontuberculous mycobacteria (NTM) from water biofilms, dust samples, and soil samples, including presence and the species of NTM found in each sample. Offers kits/bundles for multiple home exposure sources with results expected within 5-8 weeks of sample receipt.",no_explicit_gmp,True,found_via_search,extracted,"checked_pages_not_found (pages_checked=8,fetched_ok=8,total_text_chars=45339)",extracted,extracted,extracted,extracted,NTM Environmental Reference Laboratory,True,HQ Lab @ NTM Environmental Reference Laboratory
ENT-000818,1,env_labs_standardized.csv,NY ENVIRONMENTAL AND ANALYTICAL LABS INC,,TNI01713,88 Harbor Road,PORT WASHINGTON,New York,,,env_labs,https://www.nyenvironmental.com/,,laboratory@nyenvironmental.com,,,,,,"Provides consulting and project management services including hazardous material inspections (asbestos, PCBs, lead-based paint, indoor air quality), project monitoring for asbestos abatement/air monitoring, and Legionella management for cooling towers and healthcare facilities. Also offers analytical laboratory services including metals analyses by ICP-OES.",no_explicit_gmp,True,found_via_search,extracted,"checked_pages_not_found (pages_checked=5,fetched_ok=5,total_text_chars=6643)",extracted,extracted,extracted,extracted,NY ENVIRONMENTAL AND ANALYTICAL LABS,True,HQ Lab @ NY ENVIRONMENTAL AND ANALYTICAL LABS
ENT-000819,1,env_labs_standardized.csv,NYC DEP BEC - ENVIROMENTAL TESTING LABORATORY,,TNI01643,,CORONA,New York,,,env_labs,,,,,,,,,,,,search_found_nothing,found_via_fallback_search,no_website_cannot_check_pages,no_website_cannot_check_pages,no_website_cannot_check_pages,no_website_cannot_check_pages,no_website_cannot_check_pages,NYC DEP BEC ENVIROMENTAL TESTING LABORATORY,True,HQ Lab @ NYC DEP BEC ENVIROMENTAL TESTING LABORATORY
ENT-000820,1,env_labs_standardized.csv,NYS DOH Environmental Biology Laboratory,,TNI00514,120 New Scotland Avenue,Albany,New York,,,env_labs,https://www.wadsworth.org/research/areas/environmental-health/environmental-biology,Theresa.Hattenrath@health.ny.gov,Theresa.Hattenrath@health.ny.gov,,,,,,"The Environmental Biology research program develops and applies methods to detect waterborne pathogens (or indicators) using techniques including culture (plating, enzyme substrate), real-time PCR, digital PCR, MALDI-ToF mass spectrometry, ELISA, and microscopy. It also supports development and validation of molecular and culture-based methods for pathogens and indicator bacteria and for detecting cyanotoxin genes in NYS recreational waters.",no_explicit_gmp,False,found_via_search,extracted,extracted,extracted,extracted,"checked_pages_not_found (pages_checked=8,fetched_ok=8,total_text_chars=61229)",extracted,NYS DOH Environmental Biology Laboratory,True,HQ Lab @ NYS DOH Environmental Biology Laboratory
ENT-000821,1,env_labs_standardized.csv,NYS DOH Inorganic & Nuclear Chemistry Laboratory,,TNI00515,120 New Scotland Avenue,Albany,New York,,,env_labs,https://www.wadsworth.org/,"Dr. Sherry A. Faye, PhD",wcwebm@health.ny.gov,,,,,,"The Wadsworth Center provides laboratory analysis and related scientific services, including environmental and nuclear chemistry, and proficiency testing.",no_explicit_gmp,False,found_via_search,extracted,found_via_fallback_search,extracted,extracted,"checked_pages_not_found (pages_checked=8,fetched_ok=8,total_text_chars=84201)",extracted,NYS DOH Inorganic Nuclear Chemistry Laboratory,True,HQ Lab @ NYS DOH Inorganic Nuclear Chemistry Laboratory
ENT-000822,1,env_labs_standardized.csv,NYS DOH Organic Analytical Chemistry Laboratory,,TNI00516,120 New Scotland Avenue,Albany,New York,,,env_labs,https://www.wadsworth.org/,Dr. Kannan Kurunthachalam,wcwebm@health.ny.gov,,,,,,"Provides laboratory analysis, investigations and research, as well as laboratory certification and educational programs; also operates laboratory licensure and trains scientists through doctoral, master’s, and undergraduate programs and specialized postdoctoral training.",no_explicit_gmp,False,found_via_search,extracted,found_via_fallback_search,extracted,extracted,"checked_pages_not_found (pages_checked=8,fetched_ok=8,total_text_chars=84201)",extracted,NYS DOH Organic Analytical Chemistry Laboratory,True,HQ Lab @ NYS DOH Organic Analytical Chemistry Laboratory
ENT-000823,1,env_labs_standardized.csv,OAKWOOD BEACH PROCESS CONTROL LAB,,TNI01519,,STATEN ISLAND,New York,,,env_labs,,,,,,,,,,,,search_found_nothing,found_via_fallback_search,no_website_cannot_check_pages,no_website_cannot_check_pages,no_website_cannot_check_pages,no_website_cannot_check_pages,no_website_cannot_check_pages,OAKWOOD BEACH PROCESS CONTROL LAB,True,HQ Lab @ OAKWOOD BEACH PROCESS CONTROL LAB
ENT-000824,1,env_labs_standardized.csv,Obsidian Analytical,,TNI02415,4653 Table Mountain Dr.,Golden,Colorado,,,env_labs,https://www.obsidian-analytical.com/,,clientservices@obsidian-analytical.com,,,,,,"The company provides NELAP-accredited environmental analytical testing, specializing in “ECMC Table 915-1 analyses for both soil and water,” and offers services for Oil & Gas, Mining (Rare Earth Elements), Underground Storage Tanks (UST), and Wastewater. It also provides secure PDF reports and complementary courier services and a satellite drop-off location in Mead.",no_explicit_gmp,True,found_via_search,extracted,"checked_pages_not_found (pages_checked=7,fetched_ok=6,total_text_chars=6493)",extracted,extracted,extracted,extracted,Obsidian Analytical,True,HQ Lab @ Obsidian Analytical
ENT-000825,1,env_labs_standardized.csv,Occoquan Watershed Monitoring Laboratory,,TNI01253,9408 Prince William Street,Manassas,Virginia,,,env_labs,https://owml.cee.vt.edu/,Stanley B. Grant,stanleyg@vt.edu,,,,,,The provided text only describes OWML’s partnerships and does not list specific testing or laboratory services.,no_explicit_gmp,False,found_via_search,found_via_fallback_search,extracted,extracted,extracted,"checked_pages_not_found (pages_checked=8,fetched_ok=8,total_text_chars=39069)",extracted,Occoquan Watershed Monitoring Laboratory,True,HQ Lab @ Occoquan Watershed Monitoring Laboratory
ENT-000826,1,env_labs_standardized.csv,OCL ANALYTICAL SERVICES,,TNI01567,35 Goshen Turnpike,BLOOMINGBURG,New York,,,env_labs,https://www.oclanalytical.com/,,info@oclanalytical.com,,,,,,,,,found_via_search,found_via_fallback_search,"no_pages_fetched_ok (pages_checked=1,fetched_ok=0,total_text_chars=0)",found_via_fallback_search,"no_pages_fetched_ok (pages_checked=1,fetched_ok=0,total_text_chars=0)","no_pages_fetched_ok (pages_checked=1,fetched_ok=0,total_text_chars=0)","no_pages_fetched_ok (pages_checked=1,fetched_ok=0,total_text_chars=0)",OCL ANALYTICAL SERVICES,True,HQ Lab @ OCL ANALYTICAL SERVICES
ENT-000827,1,env_labs_standardized.csv,Ogden City Water Treatment Plant,,TNI02551,2549 Washington Blvd,Ogden,Utah,,,env_labs,https://www.ogdencity.gov/486/Treatment-Plant,,communications@ogdencity.com,,,,,,Operates a municipal water treatment plant that produces treated water using microfiltration technology. The plant produces up to 13.5 million gallons of water per day (MGD) and is expandable to produce 17 MGD.,no_explicit_gmp,False,found_via_search,extracted,"checked_pages_not_found (pages_checked=8,fetched_ok=8,total_text_chars=20743)",extracted,extracted,"checked_pages_not_found (pages_checked=8,fetched_ok=8,total_text_chars=20743)",extracted,Ogden City Water Treatment Plant,True,HQ Lab @ Ogden City Water Treatment Plant
ENT-000828,1,env_labs_standardized.csv,Ohio Lumex Analytical Laboratory,,TNI02212,30350 Bruce Industrial Pkwy.,Solon,Ohio,,,env_labs,https://www.ohiolumex.com/,,lab@ohiolumex.com,,,,,,"Provides analytical laboratory services for emissions, natural gas, biogas, and renewable natural gas applications, including analysis of gases, liquids and solids, method development, and consulting services. Also offers instrument rental, instrument service & training, and onsite field services including onsite gas quality testing, onsite analysis, specialty onsite testing, and onsite instrument startup/commissioning, calibration, preventative maintenance, and troubleshooting.",no_explicit_gmp,True,found_via_search,extracted,"checked_pages_not_found (pages_checked=8,fetched_ok=8,total_text_chars=59307)",found_via_fallback_search,extracted,extracted,extracted,Ohio Lumex Analytical Laboratory,True,HQ Lab @ Ohio Lumex Analytical Laboratory
ENT-000829,1,env_labs_standardized.csv,"Oilfield Environmental & Compliance, Inc. (OEC)",,TNI02666,307 Roemer Way Suite 300,Santa Maria,California,,,env_labs,https://oecusa.com/,Drew Miller,info@oecusa.com,,,,,,"OEC provides field and laboratory services for environmental investigation and monitoring, including ""sampling, field testing, monitoring, and substance investigations"" and a full service analytical laboratory supporting those phases. The company also offers courier/sample receiving and support services such as sample preparation and storage, plus on-site sampling and Geoprobe core sampling with delivery and analysis available.",no_explicit_gmp,True,found_via_search,extracted,found_via_fallback_search,extracted,extracted,extracted,extracted,Oilfield Environmental Compliance,True,HQ Lab @ Oilfield Environmental Compliance
ENT-000830,1,env_labs_standardized.csv,Okaloosa County Water and Sewer Laboratory,,TNI00517,,Ft. Walton Beach,Florida,,,env_labs,https://myokaloosa.com/ws/,"Mike Hackett, Director",waterinformation@myokaloosa.com,,,,,,,,,found_via_search,found_via_fallback_search,found_via_fallback_search,found_via_fallback_search,"no_pages_fetched_ok (pages_checked=1,fetched_ok=0,total_text_chars=0)","no_pages_fetched_ok (pages_checked=1,fetched_ok=0,total_text_chars=0)","no_pages_fetched_ok (pages_checked=1,fetched_ok=0,total_text_chars=0)",Okaloosa County Water and Sewer Laboratory,True,HQ Lab @ Okaloosa County Water and Sewer Laboratory
ENT-000831,1,env_labs_standardized.csv,OKLAHOMA STATE ENVIRONMENTAL LABORATORY SERVICES #2338,,TNI02423,707 N Robinson Ave,OKLAHOMA CITY,Oklahoma,,,env_labs,https://oklahoma.gov/deq/divisions/state-environmental-laboratory-services.html,,,,,,,,"The text states that “SELS provides chemical, bacteriological, and radiological analysis.” It also references lab services such as “Sample Collection Assistance” and “Technical Assistance.”",no_explicit_gmp,False,found_via_search,found_via_fallback_search,"checked_pages_not_found (pages_checked=8,fetched_ok=8,total_text_chars=115706)","checked_pages_not_found (pages_checked=8,fetched_ok=8,total_text_chars=115706)",extracted,"checked_pages_not_found (pages_checked=8,fetched_ok=8,total_text_chars=115706)",extracted,OKLAHOMA STATE ENVIRONMENTAL LABORATORY SERVICES 2338,True,HQ Lab @ OKLAHOMA STATE ENVIRONMENTAL LABORATORY SERVICES 2338
ENT-000832,1,env_labs_standardized.csv,Olathe Environmental Laboratory,,TNI01925,,Olathe,Kansas,,,env_labs,,,,,,,,,,,,search_found_nothing,found_via_fallback_search,no_website_cannot_check_pages,no_website_cannot_check_pages,no_website_cannot_check_pages,no_website_cannot_check_pages,no_website_cannot_check_pages,Olathe Environmental Laboratory,True,HQ Lab @ Olathe Environmental Laboratory
ENT-000833,1,env_labs_standardized.csv,OLEAN (C) WATER TREATMENT PLANT,,TNI01529,101 East State Street,OLEAN,New York,,,env_labs,https://www.cityofolean.gov/,Mayor Amy Sherburne,[email protected],,,,,,"This text only lists municipal department contacts and contact information, including office hours, phone numbers, and emails, rather than any technical testing or manufacturing services.",no_explicit_gmp,False,found_via_search,extracted,extracted,extracted,extracted,"checked_pages_not_found (pages_checked=8,fetched_ok=8,total_text_chars=25985)",extracted,OLEAN C WATER TREATMENT PLANT,True,HQ Lab @ OLEAN C WATER TREATMENT PLANT
ENT-000834,1,env_labs_standardized.csv,OLEAN WASTEWATER TREATMENT PLT,,TNI01448,174 South 19th Street,OLEAN,New York,,,env_labs,https://cityofolean.gov/departments/public-works/dpw-wastewater/,Chief Operator Jeremy Meerdink,[email protected],,,,,,"Operates a wastewater treatment process using an Integrated Fixed Film Activated Sludge (IFAS) hybrid system. Services include ELAP-certified laboratory work for Industrial Pretreatment Program monitoring, sodium hypochlorite disinfection, anaerobic digestion, and weather data collection for NWS Buffalo.",no_explicit_gmp,False,found_via_search,extracted,extracted,extracted,extracted,"checked_pages_not_found (pages_checked=8,fetched_ok=8,total_text_chars=27383)",extracted,OLEAN WASTEWATER TREATMENT PLT,True,HQ Lab @ OLEAN WASTEWATER TREATMENT PLT
ENT-000835,1,env_labs_standardized.csv,OMIC USA Inc.,,TNI00222,3344 NW Industrial Street,Portland,Oregon,,,env_labs,https://omicusa.com/,Lab Manager f.he@omicusa.com,sales.us@omicusa.com,,,,,,"Provides analytical testing and inspection services including Pesticides, GMO, NGS, Microbiology (ISO 17025 accredited), Nutritional Labeling, Food Testing, Pet Food, U.S. Import Testing, Import / Export Inspection, and Soil Testing. Laboratories support specialized testing method development and multi-residue screens.",no_explicit_gmp,True,found_via_search,extracted,extracted,extracted,extracted,extracted,extracted,OMIC USA,True,HQ Lab @ OMIC USA
ENT-000836,1,env_labs_standardized.csv,ONEIDA COUNTY WATER POLLUTION CONTROL,,TNI01419,,UTICA,New York,,,env_labs,https://oneidacountyny.gov/departments/water-pollution/,"Karl E. Schrantz, PE",wpc@oneidacountyny.gov,,,,,,The provided text only lists navigation/section headings and does not describe any specific testing or operational services for Water Pollution.,no_explicit_gmp,False,found_via_search,found_via_fallback_search,found_via_fallback_search,found_via_fallback_search,extracted,"checked_pages_not_found (pages_checked=8,fetched_ok=8,total_text_chars=121267)",extracted,ONEIDA COUNTY WATER POLLUTION CONTROL,True,HQ Lab @ ONEIDA COUNTY WATER POLLUTION CONTROL
ENT-000837,1,env_labs_standardized.csv,ONEONTA (C) WATER LABORATORY,,TNI01585,258 Main Street,ONEONTA,New York,,,env_labs,https://www.oneonta.ny.us/,Mr. Paul Thayer,,,,,,,"The provided text describes City of Oneonta public services and updates, and does not describe any laboratory testing or manufacturing services for ""ONEONTA (C) WATER LABORATORY"".",no_explicit_gmp,False,found_via_search,extracted,found_via_fallback_search,"checked_pages_not_found (pages_checked=8,fetched_ok=8,total_text_chars=24087)",extracted,"checked_pages_not_found (pages_checked=8,fetched_ok=8,total_text_chars=24087)",extracted,ONEONTA C WATER LABORATORY,True,HQ Lab @ ONEONTA C WATER LABORATORY
ENT-000838,1,env_labs_standardized.csv,ONONDAGA CO WATER AUTHORITY,,TNI01531,,SYRACUSE,New York,,,env_labs,https://www.ocwa.org/,,,,,,,,,,,found_via_search,found_via_fallback_search,"no_pages_fetched_ok (pages_checked=1,fetched_ok=0,total_text_chars=0)","no_pages_fetched_ok (pages_checked=1,fetched_ok=0,total_text_chars=0)","no_pages_fetched_ok (pages_checked=1,fetched_ok=0,total_text_chars=0)","no_pages_fetched_ok (pages_checked=1,fetched_ok=0,total_text_chars=0)","no_pages_fetched_ok (pages_checked=1,fetched_ok=0,total_text_chars=0)",ONONDAGA CO WATER AUTHORITY,True,HQ Lab @ ONONDAGA CO WATER AUTHORITY
ENT-000839,1,env_labs_standardized.csv,ONONDAGA COUNTY DEPT WATER ENV PROTECTIO,,TNI01472,650 Hiawatha Blvd West,LIVERPOOL,New York,,,env_labs,https://onondaga.gov/wep/,,,,,,,,"Operates and maintains the wastewater collection, treatment, and discharge system for the Consolidated Sanitary District (CSD), including industrial wastewater monitoring, issuing discharge permits, and reviewing and approving plumbing plans and inspections. Its Henry Clay Laboratory performs over 100,000 analyses each year and supports water quality compliance and monitoring by collecting and analyzing environmental samples (e.g., stormwater pollutants/runoff, soils/sediments, and wastewater influent/effluent).",no_explicit_gmp,False,found_via_search,extracted,"checked_pages_not_found (pages_checked=7,fetched_ok=7,total_text_chars=23481)","checked_pages_not_found (pages_checked=7,fetched_ok=7,total_text_chars=23481)",extracted,"checked_pages_not_found (pages_checked=7,fetched_ok=7,total_text_chars=23481)",extracted,ONONDAGA COUNTY DEPT WATER ENV PROTECTIO,True,HQ Lab @ ONONDAGA COUNTY DEPT WATER ENV PROTECTIO
ENT-000840,1,env_labs_standardized.csv,ONONDAGA COUNTY WATER AUTHORITY OSWEGO LABORATORY,,TNI01484,,OSWEGO,New York,,,env_labs,https://www.ocwa.org/,,,,,,,,,,,found_via_search,found_via_fallback_search,"no_pages_fetched_ok (pages_checked=1,fetched_ok=0,total_text_chars=0)","no_pages_fetched_ok (pages_checked=1,fetched_ok=0,total_text_chars=0)","no_pages_fetched_ok (pages_checked=1,fetched_ok=0,total_text_chars=0)","no_pages_fetched_ok (pages_checked=1,fetched_ok=0,total_text_chars=0)","no_pages_fetched_ok (pages_checked=1,fetched_ok=0,total_text_chars=0)",ONONDAGA COUNTY WATER AUTHORITY OSWEGO LABORATORY,True,HQ Lab @ ONONDAGA COUNTY WATER AUTHORITY OSWEGO LABORATORY
ENT-000841,1,env_labs_standardized.csv,ONTARIO WATER UTILITIES,,TNI01552,2200 Lake Road,ONTARIO,New York,,,env_labs,https://www.ontariotown.gov/184/Water-Sewer-Utilities,Bryan Whipple,mhershelman@ontariotown.org,,,,,,"Administration and operation of the Town’s water and wastewater systems, including proper functioning of the Town's water treatment plant, water distribution, and storage systems. Operates and maintains public water and sewer systems, including production of up to 3.5 million gallons per day of drinking water and treatment of up to 1.0 million gallons per day of wastewater.",no_explicit_gmp,False,found_via_search,extracted,extracted,found_via_fallback_search,extracted,"checked_pages_not_found (pages_checked=6,fetched_ok=5,total_text_chars=25185)",extracted,ONTARIO WATER UTILITIES,True,HQ Lab @ ONTARIO WATER UTILITIES
ENT-000842,1,env_labs_standardized.csv,"Onterris Air Quality Services, LLC",,TNI02266,2532 E. Cerritos Ave.,Roanoke,Virginia,,,env_labs,https://www.onterris.com/,Dave Vecellio,dvecellio@montrose-env.com,,,,,,"Onterris provides laboratory services for environmental testing and analysis, including chain of custody materials and EPA method field test offerings (e.g., “EPA Method 325 A/B Field Test”). The site also describes “Stack Testing” for “EPA-compliant stack testing for industrial facilities” and “Leak Detection…fugitive emissions management” via LDAR and methane monitoring programs.",no_explicit_gmp,True,found_via_search,extracted,found_via_fallback_search,found_via_fallback_search,extracted,extracted,extracted,Onterris Air Quality Services,False,"2532 E. Cerritos Ave., Roanoke Lab @ Onterris Air Quality Services"
ENT-000843,1,env_labs_standardized.csv,"Onterris Air Quality Services, LLC - Deer Park",,TNI00172,208 Deerwood Glen Dr.,Deer Park,Texas,,,env_labs,https://www.onterris.com/,,,,,,,,"Provides laboratory services for air quality testing and analysis, including stack testing and source emissions testing (EPA-compliant), air toxics and emissions compliance testing, and continuous emissions monitoring system testing. Also provides leak detection and fugitive emissions management via leak detection and repair (LDAR) programs and methane monitoring programs.",no_explicit_gmp,True,found_via_search,extracted,"checked_pages_not_found (pages_checked=8,fetched_ok=8,total_text_chars=91299)","checked_pages_not_found (pages_checked=8,fetched_ok=8,total_text_chars=91299)",extracted,extracted,extracted,Onterris Air Quality Services,False,Deer Park Lab @ Onterris Air Quality Services
ENT-000844,1,env_labs_standardized.csv,"Onterris Air Quality Services, LLC - Mobile #1",,TNI02489,"5900 Hollis St., Suite L",Roanoke,Virginia,,,env_labs,https://www.onterris.com/,David Vecellio,dvecellio@montrose-env.com,,,,,,"Provides environmental testing and laboratory services, including stack testing and source emissions testing with “accredited laboratory analysis,” air toxics and emissions compliance testing, and continuous emissions monitoring (CEMS) system testing/validation. Also offers leak detection and repair (LDAR) and methane monitoring programs, including maintenance/inventory and emissions data management/reporting support.",no_explicit_gmp,True,found_via_search,extracted,found_via_fallback_search,found_via_fallback_search,extracted,extracted,extracted,Onterris Air Quality Services,False,"5900 Hollis St., Suite L, Roanoke Lab @ Onterris Air Quality Services"
ENT-000845,1,env_labs_standardized.csv,"Onterris Laboratories, LLC",,TNI02207,1104 Windfield Way,Denver,Colorado,,,env_labs,https://www.onterris.com/,,,,,,,,"Provides laboratory services for requesting quotes for “advanced laboratory analysis and support,” and lists available materials and laboratory services. The site also describes stack testing and leak detection/fugitive emissions management services, including LDAR program design and methane monitoring.",no_explicit_gmp,True,found_via_search,extracted,"checked_pages_not_found (pages_checked=8,fetched_ok=8,total_text_chars=91299)","checked_pages_not_found (pages_checked=8,fetched_ok=8,total_text_chars=91299)",extracted,extracted,extracted,Onterris Laboratories,False,Denver Lab @ Onterris Laboratories
ENT-000846,1,env_labs_standardized.csv,"Onterris Laboratories, LLC",,TNI01235,5120 Northshore Drive,El Dorado Hills,California,,,env_labs,https://www.onterris.com/,Nicole Mills,NicoleMills@enthalpy.com,,,,,,"Provides laboratory services quote requests and advanced laboratory analysis and support. Offers stack testing (including “accurate, EPA-compliant stack testing for industrial facilities”), leak detection/fugitive emissions management (including “leak detection and repair (LDAR) programs”), and other air quality testing and analysis expertise for regulatory compliance and operational decision-making.",no_explicit_gmp,True,found_via_search,extracted,found_via_fallback_search,found_via_fallback_search,extracted,extracted,extracted,Onterris Laboratories,False,El Dorado Hills Lab @ Onterris Laboratories
ENT-000847,1,env_labs_standardized.csv,"Onterris Laboratories, LLC",,TNI01248,"5900 Hollis St., Suite L",Richmond,Virginia,,,env_labs,https://www.onterris.com/,,,,,,,,"Onterris provides stack testing and source emissions testing services, including “Accurate, EPA-compliant stack testing for industrial facilities” with emissions measurement and accredited laboratory analysis. It also offers leak detection and fugitive emissions management services, including designing and managing “leak detection and repair (LDAR) programs” and methane monitoring programs aligned with regulations and site operations.",no_explicit_gmp,True,found_via_search,extracted,"checked_pages_not_found (pages_checked=8,fetched_ok=8,total_text_chars=91299)","checked_pages_not_found (pages_checked=8,fetched_ok=8,total_text_chars=91299)",extracted,extracted,extracted,Onterris Laboratories,False,Richmond Lab @ Onterris Laboratories
ENT-000848,1,env_labs_standardized.csv,"Onterris Laboratories, LLC - Anaheim",,TNI02902,2532 E. Cerritos Ave.,Anaheim,California,,,env_labs,https://www.onterris.com/,,,,,,,,Provides laboratory services including ,no_explicit_gmp,True,found_via_search,extracted,"checked_pages_not_found (pages_checked=8,fetched_ok=8,total_text_chars=91299)","checked_pages_not_found (pages_checked=8,fetched_ok=8,total_text_chars=91299)",extracted,extracted,extracted,Onterris Laboratories,False,Anaheim Lab @ Onterris Laboratories
ENT-000849,1,env_labs_standardized.csv,"Onterris Laboratories, LLC - Deer Park",,TNI00052,208 Deerwood Glen Dr.,Deer Park,Texas,,,env_labs,https://www.onterris.com/,,,,,,,,"Provides laboratory services via ""laboratory services"" for ""advanced laboratory analysis and support."" The site also describes ""Stack Testing"" (""EPA-compliant stack testing"") and ""Leak Detection"" / ""Leak Detection and Repair (LDAR)"" and managing fugitive emissions.",no_explicit_gmp,True,found_via_search,extracted,"checked_pages_not_found (pages_checked=8,fetched_ok=8,total_text_chars=91299)","checked_pages_not_found (pages_checked=8,fetched_ok=8,total_text_chars=91299)",extracted,extracted,extracted,Onterris Laboratories,False,"208 Deerwood Glen Dr., Deer Park Lab @ Onterris Laboratories"
ENT-000850,1,env_labs_standardized.csv,"Onterris Laboratories, LLC - Houston",,TNI00035,20465 State Highway 249,Deer Park,Texas,,,env_labs,https://www.onterris.com/,,,,,,,,"Provides laboratory services and testing/analysis offerings, including “Stack Testing” (EPA-compliant stack testing for industrial facilities) and “Leak Detection” via leak detection and repair (LDAR) and methane monitoring programs. Also offers “Laboratory Accreditation & Certifications” and “Request a quote for advanced laboratory analysis and support.”",no_explicit_gmp,True,found_via_search,extracted,"checked_pages_not_found (pages_checked=8,fetched_ok=8,total_text_chars=91299)","checked_pages_not_found (pages_checked=8,fetched_ok=8,total_text_chars=91299)",extracted,extracted,extracted,Onterris Laboratories,False,"20465 State Highway 249, Deer Park Lab @ Onterris Laboratories"
ENT-000851,1,env_labs_standardized.csv,"ONTERRIS LABORATORIES, LLC - MT. PLEASANT",,TNI02583,2625 Denison Drive,MT. PLEASANT,Michigan,,,env_labs,https://www.onterris.com/,,,,,,,,"Provides “laboratory services” with “advanced laboratory analysis and support,” coordinated via a laboratory service center for sample drop-off. The site also describes related air-quality testing and analysis services such as stack testing (“EPA-compliant stack testing for industrial facilities”) and leak detection (“Managing fugitive emissions in complex industrial facilities”).",no_explicit_gmp,True,found_via_search,extracted,"checked_pages_not_found (pages_checked=8,fetched_ok=8,total_text_chars=91299)","checked_pages_not_found (pages_checked=8,fetched_ok=8,total_text_chars=91299)",extracted,extracted,extracted,ONTERRIS LABORATORIES,True,HQ Lab @ ONTERRIS LABORATORIES
ENT-000852,1,env_labs_standardized.csv,"Onterris Laboratories, LLC - Orange",,TNI01207,931 W. Barkley Ave.,Orange,California,,,env_labs,https://www.onterris.com/,,,,,,,,"Provides laboratory services for air quality testing and analysis, including stack testing (“Accurate, EPA-compliant stack testing for industrial facilities”) and leak detection (“Managing fugitive emissions in complex industrial facilities”), with requests coordinated for sample drop-off.",no_explicit_gmp,True,found_via_search,extracted,"checked_pages_not_found (pages_checked=8,fetched_ok=8,total_text_chars=91299)","checked_pages_not_found (pages_checked=8,fetched_ok=8,total_text_chars=91299)",extracted,extracted,extracted,Onterris Laboratories,False,Orange Lab @ Onterris Laboratories
ENT-000853,1,env_labs_standardized.csv,Orange County Environmental Protection Division,,TNI00519,"3165 McCrory Place, Suite 200",Orlando,Florida,,,env_labs,https://www.ocfl.net/Environment,,EPD@ocfl.net,,,,,,"Provides environmental protection services including air quality management (permitting, compliance, inspections/audits, monitoring, and asbestos-related activities). Also oversees petroleum storage tank compliance and petroleum restoration cleanups, and administers solid waste compliance permits for certain waste management facilities.",no_explicit_gmp,False,found_via_search,extracted,"checked_pages_not_found (pages_checked=8,fetched_ok=8,total_text_chars=52844)",extracted,extracted,"checked_pages_not_found (pages_checked=8,fetched_ok=8,total_text_chars=52844)",extracted,Orange County Environmental Protection Division,True,HQ Lab @ Orange County Environmental Protection Division
ENT-000854,1,env_labs_standardized.csv,Orange County Sanitation District,,TNI02549,18480 Bandilier Circle,Fountain Valley,California,,,env_labs,https://www.ocsan.gov/,Rob Thompson,rthompson@ocsan.gov,,,,,,"OC San provides wastewater collection, treatment, and recycling. The site also lists programs and services including ""Regional Sewer Service,"" ""Biosolids,"" and an ""Ocean Monitoring & Laboratory"" program.",no_explicit_gmp,False,found_via_search,extracted,extracted,extracted,extracted,"checked_pages_not_found (pages_checked=8,fetched_ok=8,total_text_chars=37995)",extracted,Orange County Sanitation District,True,HQ Lab @ Orange County Sanitation District
ENT-000855,1,env_labs_standardized.csv,Orange County Utilities Central Laboratory,,TNI00520,,Orlando,Florida,,,env_labs,,,,,,,,,,,,search_found_nothing,found_via_fallback_search,no_website_cannot_check_pages,no_website_cannot_check_pages,no_website_cannot_check_pages,no_website_cannot_check_pages,no_website_cannot_check_pages,Orange County Utilities Central Laboratory,True,HQ Lab @ Orange County Utilities Central Laboratory
ENT-000856,1,env_labs_standardized.csv,"Oregon Department of Environmental Quality, Laboratory and Environmental Assessment Division",,TNI02592,,Hillsboro,Oregon,,,env_labs,https://www.oregon.gov/deq/about-us/pages/lead.aspx,Lori Pillsbury,DEQCommunications@deq.oregon.gov,,,,,,"Conducts air and water quality field monitoring and performs inorganic and organic analytical chemistry. Also includes data management and analysis, and quality assurance.",no_explicit_gmp,False,found_via_search,found_via_fallback_search,found_via_fallback_search,extracted,extracted,"checked_pages_not_found (pages_checked=8,fetched_ok=8,total_text_chars=48102)",extracted,Oregon Department of Environmental Quality Laboratory and Environmental Assessment Division,True,HQ Lab @ Oregon Department of Environmental Quality Laboratory and Environmental Assessment Division
ENT-000857,1,env_labs_standardized.csv,"Oregon Integrated Labs, LLC",,TNI02621,,Cave Junction,Oregon,,,env_labs,,,,,,,,,,,,search_found_nothing,no_website_fallback_search_failed,no_website_cannot_check_pages,no_website_cannot_check_pages,no_website_cannot_check_pages,no_website_cannot_check_pages,no_website_cannot_check_pages,Oregon Integrated Labs,True,HQ Lab @ Oregon Integrated Labs
ENT-000858,1,env_labs_standardized.csv,Orlando Utilities Commission,,TNI00521,100 W Anderson St,Orlando,Florida,,,env_labs,https://www.ouc.com/,Clint P. Bullock,,,,,,,,,,found_via_search,found_via_fallback_search,found_via_fallback_search,"no_pages_fetched_ok (pages_checked=1,fetched_ok=0,total_text_chars=0)","no_pages_fetched_ok (pages_checked=1,fetched_ok=0,total_text_chars=0)","no_pages_fetched_ok (pages_checked=1,fetched_ok=0,total_text_chars=0)","no_pages_fetched_ok (pages_checked=1,fetched_ok=0,total_text_chars=0)",Orlando Utilities Commission,True,HQ Lab @ Orlando Utilities Commission
ENT-000859,1,env_labs_standardized.csv,OSSINING (V) WATER DEPT LAB-INDIAN BROOK,,TNI01584,,OSSINING,New York,,,env_labs,https://www.villageofossiningny.gov/,,,,,,,,,,,found_via_search,found_via_fallback_search,"no_pages_fetched_ok (pages_checked=1,fetched_ok=0,total_text_chars=0)","no_pages_fetched_ok (pages_checked=1,fetched_ok=0,total_text_chars=0)","no_pages_fetched_ok (pages_checked=1,fetched_ok=0,total_text_chars=0)","no_pages_fetched_ok (pages_checked=1,fetched_ok=0,total_text_chars=0)","no_pages_fetched_ok (pages_checked=1,fetched_ok=0,total_text_chars=0)",OSSINING V WATER DEPT LAB INDIAN BROOK,True,HQ Lab @ OSSINING V WATER DEPT LAB INDIAN BROOK
ENT-000860,1,env_labs_standardized.csv,OSWEGO WATER TREATMENT PLANT LAB,,TNI01485,30 Sheldon Avenue,OSWEGO,New York,,,env_labs,https://www.oswegony.gov/departments/water.php,Water Treatment Plant Manager Jon Lacey,[email protected],,,,,,"Provides potable water with processes consisting of chlorination, coagulation, filtration, and fluoridation.",no_explicit_gmp,False,found_via_search,extracted,extracted,extracted,extracted,"checked_pages_not_found (pages_checked=8,fetched_ok=4,total_text_chars=30694)",extracted,OSWEGO WATER TREATMENT PLANT LAB,True,HQ Lab @ OSWEGO WATER TREATMENT PLANT LAB
ENT-000861,1,env_labs_standardized.csv,OTISCO WATER TREATMENT PLANT,,TNI01628,,MARCELLUS,New York,,,env_labs,https://www.ocwa.org/,,,,,,,,,,,found_via_search,found_via_fallback_search,"no_pages_fetched_ok (pages_checked=1,fetched_ok=0,total_text_chars=0)","no_pages_fetched_ok (pages_checked=1,fetched_ok=0,total_text_chars=0)","no_pages_fetched_ok (pages_checked=1,fetched_ok=0,total_text_chars=0)","no_pages_fetched_ok (pages_checked=1,fetched_ok=0,total_text_chars=0)","no_pages_fetched_ok (pages_checked=1,fetched_ok=0,total_text_chars=0)",OTISCO WATER TREATMENT PLANT,True,HQ Lab @ OTISCO WATER TREATMENT PLANT
ENT-000862,1,env_labs_standardized.csv,Ott Story MDEQ Superfund Site Laboratory,,TNI02492,,N Muskegon,Michigan,,,env_labs,,,,,,,,,,,,search_found_nothing,found_via_fallback_search,no_website_cannot_check_pages,no_website_cannot_check_pages,no_website_cannot_check_pages,no_website_cannot_check_pages,no_website_cannot_check_pages,Ott Story MDEQ Superfund Site Laboratory,True,HQ Lab @ Ott Story MDEQ Superfund Site Laboratory
ENT-000863,1,env_labs_standardized.csv,Otto Analytical Lab LLC,,TNI02716,4172 250 Hansard Ave,Lebanon,Oregon,,,env_labs,,,,,,,,,,,,search_found_nothing,found_via_fallback_search,no_website_cannot_check_pages,no_website_cannot_check_pages,no_website_cannot_check_pages,no_website_cannot_check_pages,no_website_cannot_check_pages,Otto Analytical Lab,True,HQ Lab @ Otto Analytical Lab
ENT-000864,1,env_labs_standardized.csv,PA DEP BUREAU OF LABORATORIES,,TNI01349,,HARRISBURG,Pennsylvania,,,env_labs,https://www.pa.gov/agencies/dep/programs-and-services/bureau-of-labs,,,,,,,,"The provided text identifies the ""Bureau of Laboratories"" within the Department of Environmental Protection, but it does not list specific laboratory testing or service capabilities.",no_explicit_gmp,False,found_via_search,found_via_fallback_search,"checked_pages_not_found (pages_checked=8,fetched_ok=8,total_text_chars=105142)","checked_pages_not_found (pages_checked=8,fetched_ok=8,total_text_chars=105142)",extracted,"checked_pages_not_found (pages_checked=8,fetched_ok=8,total_text_chars=105142)",extracted,PA DEP BUREAU OF LABORATORIES,True,HQ Lab @ PA DEP BUREAU OF LABORATORIES
ENT-000865,1,env_labs_standardized.csv,"Pace Analytical - Grand Rapids, MI",,TNI00611,,Kentwood,Michigan,,,env_labs,https://www.pacelabs.com/,,,,,,,,"Provides cleanroom testing and certification services including particle counts, HEPA filter integrity/velocity/volume, viable air and surface sampling, room air changes and pressure, and qualification activities (IQ/OQ/PQ). Also offers environmental monitoring services for cleanroom compliance, including cleanroom qualification, controlled environment monitoring (surface/contact plates/swabs, air particulates/viable particulates), compressed air & gas systems testing, and water testing services.",explicit_gmp,True,found_via_search,found_via_fallback_search,"checked_pages_not_found (pages_checked=8,fetched_ok=8,total_text_chars=93757)","checked_pages_not_found (pages_checked=8,fetched_ok=8,total_text_chars=93757)",extracted,extracted,extracted,Pace Analytical Grand Rapids MI,True,HQ Lab @ Pace Analytical Grand Rapids MI
ENT-000866,1,env_labs_standardized.csv,Pace Analytical National - Las Vegas,,TNI02891,12065 Lebanon Road,Las Vegas,Nevada,,,env_labs,https://mydata.pacelabs.com/,,,,,,,,"Pace Analytical National Center for Testing & Innovation provides environmental analytical testing and support, including nationwide air quality testing service with capabilities such as Ambient Air Analysis, Fixed Gases analysis by ASTM1946, and Summa canister related services. It also provides emergency response analytical support including sample management, data use evaluation, and specialty analytical services.",explicit_gmp,True,found_via_search,extracted,"checked_pages_not_found (pages_checked=8,fetched_ok=6,total_text_chars=51952)","checked_pages_not_found (pages_checked=8,fetched_ok=6,total_text_chars=51952)",found_via_fallback_search,extracted,extracted,Pace Analytical National,True,HQ Lab @ Pace Analytical National
ENT-000867,1,env_labs_standardized.csv,Pace Analytical National Center for Testing & Innovation,,TNI01354,12065 Lebanon Road,Mount Juliet,Tennessee,,,env_labs,,,,,,,,,,,,search_found_nothing,found_via_fallback_search,no_website_cannot_check_pages,no_website_cannot_check_pages,no_website_cannot_check_pages,no_website_cannot_check_pages,no_website_cannot_check_pages,Pace Analytical National Center for Testing Innovation,True,HQ Lab @ Pace Analytical National Center for Testing Innovation
ENT-000868,1,env_labs_standardized.csv,Pace Analytical National Center for Testing & Innovation - Davis,,TNI01222,"2795 Second Street, Suite 300",Sacramento,California,,,env_labs,https://www.pacelabs.com/,,Elizabeth.Turner@pacelabs.com,,,,,,"Provides cleanroom testing and certification services (including particle counts, HEPA filter integrity/velocity, viable air and surface sampling, and IQ/OQ/PQ), facility qualification, and pharmacy cleanroom certification including USP <797> and USP <800> services. Also offers validation and compliance support such as facility systems validation (e.g., GMP suites, USP purified water, WFI/water systems) and environmental monitoring services including cleanroom qualification and controlled environment monitoring.",explicit_gmp,True,found_via_search,found_via_fallback_search,"checked_pages_not_found (pages_checked=8,fetched_ok=8,total_text_chars=93757)",found_via_fallback_search,extracted,extracted,extracted,Pace Analytical National Center for Testing Innovation Davis,True,HQ Lab @ Pace Analytical National Center for Testing Innovation Davis
ENT-000869,1,env_labs_standardized.csv,Pace Analytical Services - Tampa,,TNI00571,110 South Bayview Blvd,Oldsmar,Florida,,,env_labs,https://www.pacelabs.com/,,,,,,,,"Provides analytical + environmental testing services across many listed test categories, including life sciences and environmental services. Also offers CDMO/CRO services and professional services such as emergency/disaster response, cleanroom testing & certification, laboratory relocation, environmental monitoring, and validation and compliance services.",explicit_gmp,True,found_via_search,found_via_fallback_search,"checked_pages_not_found (pages_checked=8,fetched_ok=8,total_text_chars=93757)","checked_pages_not_found (pages_checked=8,fetched_ok=8,total_text_chars=93757)",extracted,extracted,extracted,Pace Analytical Services Tampa,True,HQ Lab @ Pace Analytical Services Tampa
ENT-000870,1,env_labs_standardized.csv,Pace Analytical Services LLC  New Orleans,,TNI01398,"1000 Riverbend Blvd, Suite F",St. Rose,Louisiana,,,env_labs,https://www.pacelabs.com/,Jenny Snipes,jenny.snipes@pacelabs.com,,,,,,"Provides analytical + environmental testing services (including specified methods/topics such as 1,4-Dioxane, PFAS, VOCs, USP 797, and Whole Effluent Toxicity) and life sciences CDMO/CRO services including drug product development and manufacturing. Also offers facility professional services such as cleanroom testing and certification, validation and compliance, environmental monitoring, and laboratory relocation.",explicit_gmp,True,found_via_search,found_via_fallback_search,found_via_fallback_search,found_via_fallback_search,extracted,extracted,extracted,Pace Analytical Services,False,St. Rose Lab @ Pace Analytical Services
ENT-000871,1,env_labs_standardized.csv,Pace Analytical Services LLC - Greensburg PA,,TNI02141,"1638 Roseytown Road - Suites 2, 3, 4",Greensburg,Pennsylvania,,,env_labs,https://www.pacelabs.com/,Nasreen K. DeRubeis,nasreen.derubeis@pacelabs.com,,,,,,"Provides analytical + environmental testing services including cleanroom certification and testing, equipment and facility qualification (IQ/OQ/PQ), and environmental monitoring services such as cleanroom qualification, controlled environment monitoring, and water testing. Also offers facility validation and compliance services for biopharmaceutical/biotech operations.",explicit_gmp,True,found_via_search,found_via_fallback_search,found_via_fallback_search,found_via_fallback_search,extracted,extracted,extracted,Pace Analytical Services,False,Greensburg Lab @ Pace Analytical Services
ENT-000872,1,env_labs_standardized.csv,PACE ANALYTICAL SERVICES LLC - MA,,TNI01060,,WOBURN,Massachusetts,,,env_labs,https://www.pacelabs.com/,Lisa Oden,[email protected],,,,,,"Pace Analytical provides analytical and environmental testing services, including life sciences services such as drug product development and manufacturing support, analytical testing, and regulatory/operational support. The site also describes professional facility services such as cleanroom testing and certification (including USP <797>), facility qualification/validation, environmental monitoring, and laboratory relocation.",explicit_gmp,True,found_via_search,found_via_fallback_search,found_via_fallback_search,found_via_fallback_search,extracted,extracted,extracted,PACE ANALYTICAL SERVICES,False,Woburn Lab @ PACE ANALYTICAL SERVICES
ENT-000873,1,env_labs_standardized.csv,"Pace Analytical Services LLC - Williamsport, PA",,TNI02269,,Williamsport,Pennsylvania,,,env_labs,https://www.pacelabs.com/,,,,,,,,"Pace Analytical provides facility qualification, equipment qualification, cleanroom testing and certification, environmental monitoring (cleanroom qualification, controlled environment monitoring, compressed air & gas systems, and water testing), and laboratory relocation services. Services also include validation and compliance support for biotech/pharmaceutical operations, including facility systems validation, equipment validation, and end-to-end process validation for GMP manufacturing processes.",explicit_gmp,True,found_via_search,extracted,extracted,extracted,extracted,extracted,extracted,Pace Analytical Services,False,Williamsport Lab @ Pace Analytical Services
ENT-000874,1,env_labs_standardized.csv,Pace Analytical Services LLC Baton Rouge,,TNI01376,,Baton Rouge,Louisiana,,,env_labs,https://pacelabs.com/,,cinnamon.mitchell@pacelabs.com,,,,,,"Provides analytical + environmental testing services across multiple specialties, and offers life sciences/cleanroom-focused professional services including cleanroom certification/testing, facility qualification, validation and compliance, laboratory relocation, and environmental monitoring.",explicit_gmp,True,found_via_search,found_via_fallback_search,"checked_pages_not_found (pages_checked=8,fetched_ok=8,total_text_chars=93757)",found_via_fallback_search,extracted,extracted,extracted,Pace Analytical Services,False,Baton Rouge Lab @ Pace Analytical Services
ENT-000875,1,env_labs_standardized.csv,PACE ANALYTICAL SERVICES LLC MANSFIELD MA (120 FORBES),,TNI02820,120 FORBES,MANSFIELD,Massachusetts,,,env_labs,https://www.pacelabs.com/,John Trimble,,,,,,,"Provides analytical + environmental testing services across multiple categories (e.g., “USP 797/800,” “PFAS,” “Lead and Copper,” “Legionella,” and “Whole Effluent Toxicity Testing”). Also offers professional services including CDMO/CRO services, cleanroom certification/testing, environmental monitoring, and validation/compliance services for biopharmaceutical/life sciences operations.",explicit_gmp,True,found_via_search,extracted,found_via_fallback_search,"checked_pages_not_found (pages_checked=8,fetched_ok=8,total_text_chars=93757)",extracted,extracted,extracted,PACE ANALYTICAL SERVICES,False,Mansfield Lab @ PACE ANALYTICAL SERVICES
ENT-000876,1,env_labs_standardized.csv,"Pace Analytical Services, Inc - Frontenac",,TNI02535,808 West McKay,Frontenac,Kansas,,,env_labs,https://www.pacelabs.com/,,,,,,,,"Provides analytical and environmental testing services (e.g., specialties like PFAS treatability studies, water management planning, and USP 797). Also offers life sciences services including CDMO/CRO services, central laboratory services, and a range of laboratory and facility support services such as cleanroom testing/certification and environmental monitoring.",explicit_gmp,True,found_via_search,extracted,"checked_pages_not_found (pages_checked=8,fetched_ok=8,total_text_chars=93757)","checked_pages_not_found (pages_checked=8,fetched_ok=8,total_text_chars=93757)",extracted,extracted,extracted,Pace Analytical Services,False,Frontenac Lab @ Pace Analytical Services
ENT-000877,1,env_labs_standardized.csv,"Pace Analytical Services, Inc - Indianapolis",,TNI02099,7726 Moller Rd,Indianapolis,Indiana,,,env_labs,https://www.pacelabs.com/,,,,,,,,"Pace provides analytical and environmental testing services across multiple contaminants and specialties, as well as life sciences support including drug product development and manufacturing, analytical testing, and regulatory/operational support. It also offers cleanroom testing & certification, facility qualification services, validation and compliance services, laboratory relocation, environmental monitoring, and related instrumentation/equipment certification and professional staffing.",explicit_gmp,True,found_via_search,extracted,"checked_pages_not_found (pages_checked=8,fetched_ok=8,total_text_chars=93757)","checked_pages_not_found (pages_checked=8,fetched_ok=8,total_text_chars=93757)",extracted,extracted,extracted,Pace Analytical Services,False,Indianapolis Lab @ Pace Analytical Services
ENT-000878,1,env_labs_standardized.csv,"Pace Analytical Services, Inc. - Salina",,TNI01935,528 North 9th Street,Salina,Kansas,,,env_labs,https://www.pacelabs.com/company/lab-results/salina-laboratory/,,,,,,,,"Provides analytical and environmental testing services across a range of specialties (including sample collection/logistics listed for the Salina laboratory). Also offers professional services such as CDMO/CRO capabilities and facility/support services like cleanroom certification & testing, facility qualification/validation, laboratory relocation, and environmental monitoring.",explicit_gmp,True,found_via_search,extracted,"checked_pages_not_found (pages_checked=8,fetched_ok=8,total_text_chars=84560)","checked_pages_not_found (pages_checked=8,fetched_ok=8,total_text_chars=84560)",extracted,extracted,extracted,Pace Analytical Services,False,Salina Lab @ Pace Analytical Services
ENT-000879,1,env_labs_standardized.csv,"Pace Analytical Services, LLC - Altoona, PA",,TNI02189,2019 Ninth Avenue,Altoona,Pennsylvania,,,env_labs,https://www.pacelabs.com/,Amanda Dutko,amanda.dutko@pacelabs.com,,,,,,"Pace Analytical provides analytical + environmental testing services and professional facility/laboratory services, including cleanroom testing and certification, facility qualification services (IQ/OQ/PQ), equipment qualification, pharmacy cleanroom services for USP <797>/<800>, and environmental monitoring services with sampling and reporting. The page also lists drug product development and manufacturing, analytical testing, and regulatory and operational support for life sciences/CDMO services.",explicit_gmp,True,found_via_search,found_via_fallback_search,found_via_fallback_search,found_via_fallback_search,extracted,extracted,extracted,Pace Analytical Services,False,Altoona Lab @ Pace Analytical Services
ENT-000880,1,env_labs_standardized.csv,"Pace Analytical Services, LLC - Asheville NC",,TNI00524,,Asheville,North Carolina,,,env_labs,https://www.pacelabs.com/,,,,,,,,"Pace provides analytical and environmental testing services (including life sciences and environmental monitoring) plus CDMO/CRO and related professional services. It also offers cleanroom certification and testing, facility qualification, equipment qualification/validation services, environmental monitoring services, and laboratory relocation support with IQ/OQ/PQ, certifications, and ongoing compliance.",explicit_gmp,True,found_via_search,found_via_fallback_search,"checked_pages_not_found (pages_checked=8,fetched_ok=8,total_text_chars=93757)","checked_pages_not_found (pages_checked=8,fetched_ok=8,total_text_chars=93757)",extracted,extracted,extracted,Pace Analytical Services,False,Asheville Lab @ Pace Analytical Services
ENT-000881,1,env_labs_standardized.csv,"Pace Analytical Services, LLC - Beaver WV",,TNI00546,225 Industrial Park Road,Beaver,West Virginia,,,env_labs,https://www.pacelabs.com/,Theresa A. Wilson,theresa.wilson@pacelabs.com,,,,,,"Pace provides analytical and environmental testing services (including various listed analytes and test categories), plus professional services such as “Facilities Validation,” “Cleanroom Testing & Certification,” “Validation Services,” “Laboratory Relocation,” and “Environmental Monitoring.” The text also lists life sciences/CDMO services such as “Central Laboratory Services” and “Drug Product Development and Manufacturing” with “Analytical Testing” and “Regulatory and Operational Support.”",no_explicit_gmp,True,found_via_search,found_via_fallback_search,found_via_fallback_search,found_via_fallback_search,extracted,extracted,extracted,Pace Analytical Services,False,Beaver Lab @ Pace Analytical Services
ENT-000882,1,env_labs_standardized.csv,"Pace Analytical Services, LLC - Dallas, TX",,TNI00038,"400 W Bethany Dr, Suite 190",Allen,Texas,,,env_labs,https://www.pacelabs.com/,,,,,,,,"Pace Analytical provides analytical and environmental testing services (including Life Sciences and Environmental Monitoring) and facility services such as cleanroom testing & certification, facility qualification/validation, and equipment certification. It also offers environmental monitoring such as cleanroom qualification, controlled environment monitoring, water testing, and compressed air & gas systems testing.",explicit_gmp,True,found_via_search,found_via_fallback_search,"checked_pages_not_found (pages_checked=8,fetched_ok=8,total_text_chars=93757)","checked_pages_not_found (pages_checked=8,fetched_ok=8,total_text_chars=93757)",extracted,extracted,extracted,Pace Analytical Services,False,Allen Lab @ Pace Analytical Services
ENT-000883,1,env_labs_standardized.csv,"Pace Analytical Services, LLC - Duluth, MN",,TNI01090,,Duluth,Minnesota,,,env_labs,https://www.pacelabs.com/,,carmen.peterson@pacelabs.com,,,,,,"Pace Analytical provides analytical + environmental testing services (including a list of test categories such as PFAS, VOCs, metals/trace metals, and more) along with CDMO/CRO and central laboratory services. The site also lists professional services such as cleanroom testing & certification, validation and compliance, environmental monitoring, and laboratory relocation.",explicit_gmp,True,found_via_search,found_via_fallback_search,"checked_pages_not_found (pages_checked=8,fetched_ok=8,total_text_chars=93757)",found_via_fallback_search,extracted,extracted,extracted,Pace Analytical Services,False,Duluth Lab @ Pace Analytical Services
ENT-000884,1,env_labs_standardized.csv,"PACE ANALYTICAL SERVICES, LLC - EAST LONGMEADOW, MA",,TNI01620,—,EAST LONGMEADOW,Massachusetts,,,env_labs,https://www.pacelabs.com/,Lawton William Averill,,,,,,,"Pace Analytical provides analytical plus environmental testing services and related professional services, including CDMO/CRO services, cleanroom testing and certification, facility qualification, validation and compliance, environmental monitoring, and laboratory relocation.",explicit_gmp,True,found_via_search,extracted,found_via_fallback_search,"checked_pages_not_found (pages_checked=8,fetched_ok=8,total_text_chars=93757)",extracted,extracted,extracted,PACE ANALYTICAL SERVICES,False,East Longmeadow Lab @ PACE ANALYTICAL SERVICES
ENT-000885,1,env_labs_standardized.csv,"Pace Analytical Services, LLC - Eden NC",,TNI01252,"205 East Meadow Rd, Suite A",Eden,North Carolina,,,env_labs,https://www.pacelabs.com/,,,,,,,,"Provides cleanroom testing & certification services including particle counts, HEPA filter integrity/velocity, viable air and surface sampling, temperature/humidity uniformity, room pressure/recovery, and qualification/validation activities (IQ/OQ/PQ) and equipment certification. Also offers environmental monitoring services for ongoing operational compliance, including cleanroom qualification, controlled environment monitoring, compressed air & gas systems testing, and water testing/validation.",explicit_gmp,True,found_via_search,found_via_fallback_search,"checked_pages_not_found (pages_checked=8,fetched_ok=8,total_text_chars=93757)","checked_pages_not_found (pages_checked=8,fetched_ok=8,total_text_chars=93757)",extracted,extracted,extracted,Pace Analytical Services,False,Eden Lab @ Pace Analytical Services
ENT-000886,1,env_labs_standardized.csv,"Pace Analytical Services, LLC - Englewood, OH",,TNI02534,25 Holiday Drive,Englewood,Ohio,,,env_labs,https://www.pacelabs.com/,,,,,,,,"Pace Analytical provides cleanroom certification and testing (including particle counts, HEPA filter integrity/velocity, viable sampling, and IQ/OQ/PQ) plus equipment certification and facility qualification/validation services. It also offers environmental monitoring services covering cleanroom qualification, controlled environment monitoring, compressed air & gas testing, and water testing.",explicit_gmp,True,found_via_search,found_via_fallback_search,"checked_pages_not_found (pages_checked=8,fetched_ok=8,total_text_chars=93757)","checked_pages_not_found (pages_checked=8,fetched_ok=8,total_text_chars=93757)",extracted,extracted,extracted,Pace Analytical Services,False,Englewood Lab @ Pace Analytical Services
ENT-000887,1,env_labs_standardized.csv,"Pace Analytical Services, LLC - Erie",,TNI02647,,Erie,Pennsylvania,,,env_labs,https://www.pacelabs.com/,,,,,,,,"Provides analytical and environmental testing services (e.g., USP 797/800, air, water, wastewater, and various chemical/biological test categories) and life sciences CDMO/CRO services including drug product development and manufacturing, analytical testing, and regulatory and operational support.",explicit_gmp,True,found_via_search,found_via_fallback_search,"checked_pages_not_found (pages_checked=8,fetched_ok=8,total_text_chars=93757)","checked_pages_not_found (pages_checked=8,fetched_ok=8,total_text_chars=93757)",extracted,extracted,extracted,Pace Analytical Services,False,Erie Lab @ Pace Analytical Services
ENT-000888,1,env_labs_standardized.csv,"PACE ANALYTICAL SERVICES, LLC - EWING",,TNI02425,,EWING,New Jersey,,,env_labs,https://www.pacelabs.com/,,,,,,,,"Pace Analytical provides analytical, environmental, and life sciences testing services (including Cleanroom testing and certification and environmental monitoring). It also offers facility qualification/validation, equipment qualification, and laboratory relocation services, plus regulatory and compliance support.",explicit_gmp,True,found_via_search,found_via_fallback_search,"checked_pages_not_found (pages_checked=8,fetched_ok=8,total_text_chars=93757)","checked_pages_not_found (pages_checked=8,fetched_ok=8,total_text_chars=93757)",extracted,extracted,extracted,PACE ANALYTICAL SERVICES,False,Ewing Lab @ PACE ANALYTICAL SERVICES
ENT-000889,1,env_labs_standardized.csv,"Pace Analytical Services, LLC - Greenville SC",,TNI00272,"120 Halton Rd, Suite 13",Greenville,South Carolina,,,env_labs,https://www.pacelabs.com/,,,,,,,,"Provides cleanroom certification and testing services, including particle counts, HEPA filter integrity/velocity, viable air and surface sampling, room pressure/air changes, and qualification/ certification (IQ/OQ/PQ). Also offers cleanroom facility qualification and environmental monitoring services (cleanroom qualification, BSC/HLF/fume hood certification, room pressure/ACH, surface contact plates/swabs, and water testing).",explicit_gmp,True,found_via_search,found_via_fallback_search,"checked_pages_not_found (pages_checked=8,fetched_ok=8,total_text_chars=93757)","checked_pages_not_found (pages_checked=8,fetched_ok=8,total_text_chars=93757)",extracted,extracted,extracted,Pace Analytical Services,False,Greenville Lab @ Pace Analytical Services
ENT-000890,1,env_labs_standardized.csv,"Pace Analytical Services, LLC - Huntersville NC",,TNI00525,"9800 Kincey Ave, Suite 100",Huntersville,North Carolina,,,env_labs,https://www.pacelabs.com/,,,,,,,,"Provides cleanroom certification and testing (e.g., particle counts, HEPA filter integrity, room pressure/ACH, viable and non-viable sampling, and qualification such as IQ/OQ/PQ). Also offers facility validation and compliance services including GMP-related biopharmaceutical validation, environmental monitoring, and laboratory relocation services.",explicit_gmp,True,found_via_search,found_via_fallback_search,"checked_pages_not_found (pages_checked=8,fetched_ok=8,total_text_chars=93757)","checked_pages_not_found (pages_checked=8,fetched_ok=8,total_text_chars=93757)",extracted,extracted,extracted,Pace Analytical Services,False,Huntersville Lab @ Pace Analytical Services
ENT-000891,1,env_labs_standardized.csv,"Pace Analytical Services, LLC - Kentucky - Pikeville",,TNI02490,173 Island Creek Rd,Pikeville,Kentucky,,,env_labs,https://www.pacelabs.com/company/lab-results/pikeville-laboratory/,,,,,,,,"The Pikeville Laboratory provides ""Testing"" and ""Sample Collection"" with ""Logistics Services."" Across Pace facilities, it also offers cleanroom certification & testing, facility qualification/validation services, environmental monitoring, and laboratory relocation support.",explicit_gmp,True,found_via_search,extracted,"checked_pages_not_found (pages_checked=8,fetched_ok=8,total_text_chars=84568)","checked_pages_not_found (pages_checked=8,fetched_ok=8,total_text_chars=84568)",extracted,extracted,extracted,Pace Analytical Services,False,Pikeville Lab @ Pace Analytical Services
ENT-000892,1,env_labs_standardized.csv,"Pace Analytical Services, LLC - Lenexa KS",,TNI01917,9608 Loiret Boulevard,Lenexa,Kansas,,,env_labs,https://www.pacelabs.com/,,,,,,,,"The company provides analytical testing services across environmental and life sciences, including centralized laboratory services, regulatory and operational support, and CDMO/CRO services. It also offers professional services such as cleanroom certification/testing, facility qualification, validation and compliance, environmental monitoring, and laboratory relocation.",explicit_gmp,True,found_via_search,extracted,"checked_pages_not_found (pages_checked=8,fetched_ok=8,total_text_chars=93757)","checked_pages_not_found (pages_checked=8,fetched_ok=8,total_text_chars=93757)",extracted,extracted,extracted,Pace Analytical Services,False,Lenexa Lab @ Pace Analytical Services
ENT-000893,1,env_labs_standardized.csv,"Pace Analytical Services, LLC - Lexington VA",,TNI00548,2456 Fortune Dr Suite 155,Lexington,Virginia,,,env_labs,https://www.pacelabs.com/,Howard Varner,hvarner@leadlab.com,,,,,,"Provides laboratory and facility-related services including analytical testing services across environmental and life sciences, and professional services such as CDMO/CRO services and facility services. Also lists services such as cleanroom testing and certification (including cGMP/ISO/IEST-aligned testing), facility qualification, environmental monitoring, validation and compliance, and laboratory relocation.",explicit_gmp,True,found_via_search,extracted,found_via_fallback_search,found_via_fallback_search,extracted,extracted,extracted,Pace Analytical Services,False,Lexington Lab @ Pace Analytical Services
ENT-000894,1,env_labs_standardized.csv,"Pace Analytical Services, LLC - Madisonville",,TNI02188,825 Industrial Rd,Madisonville,Kentucky,,,env_labs,https://www.pacelabs.com/,,,,,,,,"Pace Analytical provides analytical and environmental testing services (including 1,4-Dioxane, PFAS, Legionella, USP 797/800, and others) along with life sciences CDMO/CRO services and central laboratory services. The page also lists professional services such as emergency/disaster response, environmental field testing, cleanroom testing & certification, facility qualification/validation, environmental monitoring, and laboratory relocation.",explicit_gmp,True,found_via_search,extracted,"checked_pages_not_found (pages_checked=8,fetched_ok=8,total_text_chars=93757)","checked_pages_not_found (pages_checked=8,fetched_ok=8,total_text_chars=93757)",extracted,extracted,extracted,Pace Analytical Services,False,Madisonville Lab @ Pace Analytical Services
ENT-000895,1,env_labs_standardized.csv,"PACE ANALYTICAL SERVICES, LLC - MELVILLE, NY",,TNI01559,,MELVILLE,New York,,,env_labs,https://www.pacelabs.com/,,,,,,,,"The company provides cleanroom testing and certification services, including certification performed by trained professionals and cleanroom qualification/testing (e.g., particle counts, HEPA filter integrity, viable air/surface sampling, IQ/OQ/PQ). It also offers environmental monitoring services including cleanroom qualification, controlled environment monitoring (viable particulates/viable organisms), compressed air & gas systems testing, and water testing with compliance documentation.",explicit_gmp,True,found_via_search,found_via_fallback_search,"checked_pages_not_found (pages_checked=8,fetched_ok=8,total_text_chars=93757)","checked_pages_not_found (pages_checked=8,fetched_ok=8,total_text_chars=93757)",extracted,extracted,extracted,PACE ANALYTICAL SERVICES,False,Melville Lab @ PACE ANALYTICAL SERVICES
ENT-000896,1,env_labs_standardized.csv,"Pace Analytical Services, LLC - Minneapolis MN",,TNI00223,1700 Elm Street SE Suite 200,Minneapolis,Minnesota,,,env_labs,https://www.pacelabs.com/,Charity Nolan,charity.nowlan@pacelabs.com,,,,,,"Pace provides analytical and environmental testing services across a range of listed testing categories (e.g., PFAS, Legionella, metals/trace metals, USP 797/800, VOCs) and also offers CDMO/CRO services including “Drug Product Development and Manufacturing,” “Analytical Testing,” and “Regulatory and Operational Support.” In addition, the facility/professional services sections describe facility qualification, cleanroom testing & certification, validation and compliance, laboratory relocation, and environmental monitoring (e.g., cleanroom environmental monitoring, water testing, and compressed air/gas system testing).",explicit_gmp,True,found_via_search,found_via_fallback_search,found_via_fallback_search,found_via_fallback_search,extracted,extracted,extracted,Pace Analytical Services,False,Minneapolis Lab @ Pace Analytical Services
ENT-000897,1,env_labs_standardized.csv,"Pace Analytical Services, LLC - Ormond Beach FL",,TNI00527,8 East Tower Circle,Ormond Beach,Florida,,,env_labs,https://www.pacelabs.com/,Lynn Baylor,Lynn.Baylor@pacelabs.com,,,,,,"Provides analytical and environmental testing services (e.g., 1,4-Dioxane, asbestos, PFAS, USP 797/800, volatile organic compounds, whole effluent toxicity testing) and a network of laboratory services. Also offers professional services such as CDMO/CRO services, cleanroom testing and certification (including cGMP compliance testing), facility qualification, validation and compliance, laboratory relocation, and environmental monitoring.",explicit_gmp,True,found_via_search,extracted,found_via_fallback_search,found_via_fallback_search,extracted,extracted,extracted,Pace Analytical Services,False,Ormond Beach Lab @ Pace Analytical Services
ENT-000898,1,env_labs_standardized.csv,"Pace Analytical Services, LLC - Sheridan, WY",,TNI02261,1673 Terra Avenue,Sheridan,Wyoming,,,env_labs,https://www.pacelabs.com/,Amy Eady,amy.eady@pacelabs.com,,,,,,"Pace Analytical provides analytical + environmental testing services and life sciences CDMO/CRO offerings, including “Drug Product Development and Manufacturing,” “Analytical Testing,” and “Regulatory and Operational Support.” It also offers facilities and compliance services such as “Cleanroom Testing & Certification,” “Validation and Compliance,” “Environmental Monitoring,” and “Laboratory Relocation.”",explicit_gmp,True,found_via_search,found_via_fallback_search,found_via_fallback_search,found_via_fallback_search,extracted,extracted,extracted,Pace Analytical Services,False,Sheridan Lab @ Pace Analytical Services
ENT-000899,1,env_labs_standardized.csv,"Pace Analytical Services, LLC - Springfield, MO",,TNI02780,,Springfield,Missouri,,,env_labs,https://www.pacelabs.com/,,,,,,,,"Pace provides analytical testing services including life sciences and central laboratory services, plus professional services for laboratories such as cleanroom testing and certification, facility qualification/validation, environmental monitoring, and laboratory relocation.",explicit_gmp,True,found_via_search,extracted,extracted,extracted,extracted,extracted,extracted,Pace Analytical Services,False,Springfield Lab @ Pace Analytical Services
ENT-000900,1,env_labs_standardized.csv,"Pace Analytical Services, LLC - Virginia MN",,TNI02156,,Virginia,Minnesota,,,env_labs,https://www.pacelabs.com/,,chuck.sueper@pacelabs.com,,,,,,"Pace Analytical provides analytical and environmental testing services, plus life sciences and CDMO/CRO services including drug product development and manufacturing, analytical testing, and regulatory/operational support. It also offers facility qualification, cleanroom testing and certification (including USP <797> supplies/testing), environmental monitoring, validation and compliance services, and laboratory relocation services.",explicit_gmp,True,found_via_search,found_via_fallback_search,"checked_pages_not_found (pages_checked=8,fetched_ok=8,total_text_chars=93757)",found_via_fallback_search,extracted,extracted,extracted,Pace Analytical Services,False,Virginia Lab @ Pace Analytical Services
ENT-000901,1,env_labs_standardized.csv,"Pace Analytical Services, LLC - West Columbia SC",,TNI00560,106 Vantage Point Drive,West Columbia,South Carolina,,,env_labs,https://www.pacelabs.com/,,brooke.speers@pacelabs.com,,,,,,"Provides cleanroom testing and certification services, including cleanroom certification (particle counts, HEPA filter integrity, viable air/surface sampling, and room qualification IQ/OQ/PQ) as well as equipment certification (e.g., biosafety cabinets, fume hoods, and laminar flow hoods). Also offers facility qualification, including URS/DQ/IQ/OQ/PQ and certification/mapping for controlled environments and pharmacy certification for USP <797> and USP <800> with related engineering controls and sampling.",explicit_gmp,True,found_via_search,found_via_fallback_search,"checked_pages_not_found (pages_checked=8,fetched_ok=8,total_text_chars=93757)",found_via_fallback_search,extracted,extracted,extracted,Pace Analytical Services,False,West Columbia Lab @ Pace Analytical Services
ENT-000902,1,env_labs_standardized.csv,"Pace Analytical Services, LLC - Wysox",,TNI02601,1851 Golden Mile Road,Wysox,Pennsylvania,,,env_labs,https://www.pacelabs.com/,,,,,,,,"Provides analytical and environmental testing services (including life sciences and environmental monitoring) and CDMO/CRO-related capabilities. Also offers facility-related services such as cleanroom testing & certification, facility qualification/validation, environmental monitoring, and laboratory relocation support.",explicit_gmp,True,found_via_search,found_via_fallback_search,"checked_pages_not_found (pages_checked=8,fetched_ok=8,total_text_chars=93757)","checked_pages_not_found (pages_checked=8,fetched_ok=8,total_text_chars=93757)",extracted,extracted,extracted,Pace Analytical Services,False,Wysox Lab @ Pace Analytical Services
ENT-000903,1,env_labs_standardized.csv,"Pace Analytical Services, LLC -- Bakersfield",,TNI02286,4100 Atlas Court,Bakersfield,California,,,env_labs,https://www.pacelabs.com/,,,,,,,,"The text lists analytical + environmental testing services (including multiple analytes and specialties such as USP 797/800 and whole effluent toxicity testing). It also describes life sciences and CDMO/CRO services, plus professional services for laboratories including cleanroom testing & certification, environmental monitoring, facility qualification, validation and compliance, and laboratory relocation.",explicit_gmp,True,found_via_search,extracted,"checked_pages_not_found (pages_checked=8,fetched_ok=8,total_text_chars=93757)","checked_pages_not_found (pages_checked=8,fetched_ok=8,total_text_chars=93757)",extracted,extracted,extracted,Pace Analytical Services,False,Bakersfield Lab @ Pace Analytical Services
ENT-000904,1,env_labs_standardized.csv,"Pace Analytical Services, LLC – Hazelwood, Missouri",,TNI02102,944 Anglum Rd.,Hazelwood,Missouri,,,env_labs,https://www.pacelabs.com/company/lab-results/hazelwood-laboratory/,Lisa Grant,lisa.grant@pacelabs.com,,,,,,"Provides “Testing” and “Sample Collection” services at Hazelwood Laboratory, with “Testing Sample Collection Logistics Services.” The site also describes analytical/environmental services across many testing categories such as air, water, environmental monitoring, and lab support services.",explicit_gmp,True,found_via_search,extracted,found_via_fallback_search,found_via_fallback_search,extracted,extracted,extracted,Pace Analytical Services,False,Hazelwood Lab @ Pace Analytical Services
ENT-000905,1,env_labs_standardized.csv,"Pace Analytical Services, LLC – McHenry, Illinois",,TNI02036,4314-A Crystal Lake Rd.,McHenry,Illinois,,,env_labs,https://www.pacelabs.com/,John Briney,john.briney@pacelabs.com,,,,,,"Pace Analytical provides cleanroom testing and certification (including cleanroom qualification, equipment certification, pharmacy certification for USP <797> and USP <800>, and related cleanroom services). The site also lists environmental monitoring services such as cleanroom qualification, controlled environment monitoring, water testing, and environmental monitoring process support performed in compliance with cGMP requirements.",explicit_gmp,True,found_via_search,extracted,found_via_fallback_search,found_via_fallback_search,extracted,extracted,extracted,Pace Analytical Services,False,Mchenry Lab @ Pace Analytical Services
ENT-000906,1,env_labs_standardized.csv,"Pace Analytical Services, LLC- Atlanta GA",,TNI00271,110 Technology Pkwy,Peachtree Corners,Georgia,,,env_labs,https://www.pacelabs.com/,,eben.buchanan@pacelabs.com,,,,,,"Pace Analytical provides analytical + environmental testing services across topics listed on the site (e.g., 1,4-Dioxane, PFAS, Legionella, USP 797/800, and Whole Effluent Toxicity Testing). It also offers professional services for lab operations and facilities, including cleanroom testing/certification, facility qualification/validation, environmental monitoring, and laboratory relocation.",explicit_gmp,True,found_via_search,extracted,"checked_pages_not_found (pages_checked=8,fetched_ok=8,total_text_chars=93757)",found_via_fallback_search,extracted,extracted,extracted,Pace Analytical Services,False,Peachtree Corners Lab @ Pace Analytical Services
ENT-000907,1,env_labs_standardized.csv,"Pace Analytical Services, LLC- Green Bay WI",,TNI00523,,Green Bay,Wisconsin,,,env_labs,https://www.pacelabs.com/,Cindy Varga,cindy.varga@pacelabs.com,,,,,,"Provides analytical and environmental testing services (including a range of listed analytes and specialties), along with professional services for cleanroom testing & certification, facility qualification/validation, environmental monitoring, and laboratory relocation. Also offers life sciences CDMO/CRO capabilities such as drug product development and manufacturing, analytical testing, and regulatory/operational support.",explicit_gmp,True,found_via_search,found_via_fallback_search,found_via_fallback_search,found_via_fallback_search,extracted,extracted,extracted,Pace Analytical Services,False,Green Bay Lab @ Pace Analytical Services
ENT-000908,1,env_labs_standardized.csv,"PACE ANALYTICAL SERVICES, LLC-FAIRFIELD",,TNI01277,"1275 Bloomfield Ave, Suite 37D",FAIRFIELD,New Jersey,,,env_labs,https://www.pacelabs.com/,,,,,,,,"Provides cleanroom testing and certification, including cleanroom qualification and certification (e.g., particle counts, HEPA filter integrity/velocity, room air changes, room pressure, viable air sampling/surface sampling, and IQ/OQ/PQ). Also offers environmental monitoring services, including cleanroom qualification, controlled environment monitoring, water testing (e.g., bacterial endotoxins, conductivity, microbial counts, TOC), and compressed air/gas and air monitoring.",explicit_gmp,True,found_via_search,found_via_fallback_search,"checked_pages_not_found (pages_checked=8,fetched_ok=8,total_text_chars=93757)","checked_pages_not_found (pages_checked=8,fetched_ok=8,total_text_chars=93757)",extracted,extracted,extracted,PACE ANALYTICAL SERVICES,False,Fairfield Lab @ PACE ANALYTICAL SERVICES
ENT-000909,1,env_labs_standardized.csv,"Pace Analytical Services, LLC-Indiana",,TNI02271,"1638 Roseytown Road, Suites 2, 3, 4",Indiana,Pennsylvania,,,env_labs,https://www.pacelabs.com/,,,,,,,,"Pace Analytical provides analytical + environmental testing services and professional services including CDMO/CRO services, laboratory services, and facility-related support. It also offers cleanroom certification/testing, environmental monitoring, validation and compliance, and laboratory relocation services.",explicit_gmp,True,found_via_search,found_via_fallback_search,"checked_pages_not_found (pages_checked=8,fetched_ok=8,total_text_chars=93757)","checked_pages_not_found (pages_checked=8,fetched_ok=8,total_text_chars=93757)",extracted,extracted,extracted,Pace Analytical Services,False,Indiana Lab @ Pace Analytical Services
ENT-000910,1,env_labs_standardized.csv,"PACE ANALYTICAL SERVICES, LLC-NEWBURGH",,TNI01452,,NEWBURGH,New York,,,env_labs,https://www.pacelabs.com/,,,,,,,,"Provides analytical, environmental testing, and a range of facility/professional services including cleanroom testing & certification, facility qualification, equipment qualification, validation and compliance, laboratory relocation, and environmental monitoring. Cleanroom services include particle counts, HEPA filter integrity/velocity, viable air/surface sampling, qualification (IQ/OQ/PQ), and pharmacy certification for USP <797> and USP <800>.",explicit_gmp,True,found_via_search,found_via_fallback_search,"checked_pages_not_found (pages_checked=8,fetched_ok=8,total_text_chars=93757)","checked_pages_not_found (pages_checked=8,fetched_ok=8,total_text_chars=93757)",extracted,extracted,extracted,PACE ANALYTICAL SERVICES,False,Newburgh Lab @ PACE ANALYTICAL SERVICES
ENT-000911,1,env_labs_standardized.csv,"Pace Analytical Services, LLC-Pompano FL",,TNI00439,3610 Park Central Blvd North,Pompano Beach,Florida,,,env_labs,https://www.pacelabs.com/,,,,,,,,"Provides laboratory relocation services including assessment, pack & ship, unpack & place, organize & requalify, and support to return to operations. Also offers environmental monitoring services including cleanroom qualification, controlled environment monitoring, compressed air & gas systems testing, and water testing.",explicit_gmp,True,found_via_search,extracted,"checked_pages_not_found (pages_checked=8,fetched_ok=8,total_text_chars=93757)","checked_pages_not_found (pages_checked=8,fetched_ok=8,total_text_chars=93757)",found_via_fallback_search,extracted,extracted,Pace Analytical Services,False,Pompano Beach Lab @ Pace Analytical Services
ENT-000912,1,env_labs_standardized.csv,"Pace Analytical Services, LLC.- Peoria",,TNI02044,2231 W. Altorfer Dr.,Peoria,Illinois,,,env_labs,https://www.pacelabs.com/,Lisa Grant,lisa.grant@pacelabs.com,,,,,,"Pace provides analytical and environmental testing services across areas such as air, water, environmental disaster response, and life sciences services. For facilities, it also offers cleanroom testing & certification, validation and compliance services, and environmental monitoring services.",explicit_gmp,True,found_via_search,extracted,found_via_fallback_search,found_via_fallback_search,extracted,extracted,extracted,Pace Analytical Services,False,Peoria Lab @ Pace Analytical Services
ENT-000913,1,env_labs_standardized.csv,"PACE ANALYTICAL SERVICES,LLC-BALLSTON SPA",,TNI01720,,BALLSTON SPA,New York,,,env_labs,https://www.pacelabs.com/,,,,,,,,"Pace provides analytical and environmental testing services and a range of professional services for laboratories and regulated operations, including cleanroom testing & certification, facility qualification/validation, and environmental monitoring. Services include items such as cleanroom qualification (e.g., particle counts, HEPA filter integrity/velocity, viable air/surface sampling) and environmental monitoring (e.g., air/surface/personnel/water/compressed gas monitoring and water testing).",explicit_gmp,True,found_via_search,found_via_fallback_search,"checked_pages_not_found (pages_checked=8,fetched_ok=8,total_text_chars=93757)","checked_pages_not_found (pages_checked=8,fetched_ok=8,total_text_chars=93757)",extracted,extracted,extracted,PACE ANALYTICAL SERVICES,False,Ballston Spa Lab @ PACE ANALYTICAL SERVICES
ENT-000914,1,env_labs_standardized.csv,PACE ANALYTICALSERVICES LLC WESTBOROUGH MA,,TNI01316,,WESTBOROUGH,Massachusetts,,,env_labs,https://www.pacelabs.com/,,,,,,,,"Pace Analytical provides analytical + environmental testing services across life sciences and environmental/industrial categories, including CDMO/CRO drug product development and manufacturing, analytical testing, and regulatory/operational support. The site also lists facility/professional services such as cleanroom certification & testing, facility qualification/validation, environmental monitoring, and laboratory relocation support.",explicit_gmp,True,found_via_search,found_via_fallback_search,"checked_pages_not_found (pages_checked=8,fetched_ok=8,total_text_chars=93757)","checked_pages_not_found (pages_checked=8,fetched_ok=8,total_text_chars=93757)",extracted,extracted,extracted,PACE ANALYTICALSERVICES,True,HQ Lab @ PACE ANALYTICALSERVICES
ENT-000915,1,env_labs_standardized.csv,PacGenomics Environmental Division Laboratory,,TNI03061,28222 Agoura Road Suite 200,Agoura Hills,California,,,env_labs,https://pacgenomics.com/,Robert Snyder,info@pacgenomics.com,,,,,,"PacGenomics offers Infectious Disease Tests, Preimplantation Genetic Testing, DNA Identity Testing (including 24-hour turnaround mentioned), and Clinical Toxicology. The site also describes Sequencing Services (including Next-Generation Sequencing, Long-Read Sequencing, and Sanger Sequencing) plus STOmics and instrumentation including PCR and Liquid Chromatography-Mass Spectrometry (LCMS).",no_explicit_gmp,True,found_via_search,extracted,extracted,extracted,extracted,extracted,extracted,PacGenomics Environmental Division Laboratory,True,HQ Lab @ PacGenomics Environmental Division Laboratory
ENT-000916,1,env_labs_standardized.csv,Pacific EcoRisk,,TNI01225,2250 Cordelia Rd,Fairfield,California,,,env_labs,https://www.pacificecorisk.com/,Dr. Brant Jorgenson,info@pacificecorisk.com,,,,,,"Pacific EcoRisk provides environmental consulting and research/testing services in environmental toxicology, aquatic biology, and environmental chemistry. Services include aquatic toxicity testing, sediment toxicity and bioaccumulation testing, dredge materials evaluations, TIEs/TREs, field monitoring and sampling, biological assessments, and additional consulting such as criteria development, toxicity reduction evaluation, permit negotiation + compliance, and data management + review.",no_explicit_gmp,True,found_via_search,extracted,extracted,extracted,extracted,extracted,extracted,Pacific EcoRisk,False,Fairfield Lab @ Pacific EcoRisk
ENT-000917,1,env_labs_standardized.csv,Pacific EcoRisk,,TNI02755,2250 Cordelia Rd,Fairfiled,California,,,env_labs,https://www.pacificecorisk.com/,Dr. Brant Jorgenson,info@pacificecorisk.com,,,,,,"Pacific EcoRisk provides environmental consulting and research/testing, including aquatic toxicity testing, sediment toxicity and bioaccumulation testing, dredge materials evaluations, TIEs/TREs, field monitoring and sampling, biological assessments, terrestrial soil testing, and water chemical/product testing. It also offers consulting services such as dredged material assessments, criteria development + recalculation, toxicity reduction evaluation, permit negotiation + compliance, toxicity identification evaluation, data management + review, water effect ratio monitoring, and monitoring program design + implement.",no_explicit_gmp,True,found_via_search,extracted,extracted,extracted,extracted,extracted,extracted,Pacific EcoRisk,False,Fairfiled Lab @ Pacific EcoRisk
ENT-000918,1,env_labs_standardized.csv,"Pacific Rim Laboratories, Inc.",,TNI00529,"#103, 19575 - 55A Avenue",Surrey,British Columbia,,,env_labs,https://www.pacificrimlabs.com/,David Hope,info@pacificrimlabs.com,,,,,,"Pacific Rim Laboratories provides low-level detection high resolution mass spectrometry trace analysis testing for dioxins, PCBs, PFAS, PBDE, PAH & alkylated PAH, OCP, TBT, NP and NPEO, and related samples (e.g., PFAS testing in water and soil down to low parts per trillion). They also offer the “Total Oxidizable Precursors Assay ('TOP Assay' or 'TOPA')” to estimate unconventional and polymeric PFAS precursors in water samples.",no_explicit_gmp,True,found_via_search,extracted,extracted,extracted,extracted,extracted,extracted,Pacific Rim Laboratories,True,HQ Lab @ Pacific Rim Laboratories
ENT-000919,1,env_labs_standardized.csv,Pacific Water Analytics,,TNI02816,,Eugene,Oregon,,,env_labs,https://www.pacificwateranalytics.com/,,,,,,,,,no_explicit_gmp,False,found_via_search,found_via_fallback_search,"checked_pages_not_found (pages_checked=2,fetched_ok=2,total_text_chars=403)","checked_pages_not_found (pages_checked=2,fetched_ok=2,total_text_chars=403)",extracted,"checked_pages_not_found (pages_checked=2,fetched_ok=2,total_text_chars=403)","checked_pages_not_found (pages_checked=2,fetched_ok=2,total_text_chars=403)",Pacific Water Analytics,True,HQ Lab @ Pacific Water Analytics
ENT-000920,1,env_labs_standardized.csv,Packaging Corporation of America - Valdosta Mill,,TNI00530,5495 Clyattville Lake Park Road,Valdosta,Georgia,,,env_labs,https://www.packagingcorp.com/location/valdosta-containerboard-mill/,,,,,,,,,,,found_via_search,found_via_fallback_search,"no_pages_fetched_ok (pages_checked=1,fetched_ok=0,total_text_chars=0)","no_pages_fetched_ok (pages_checked=1,fetched_ok=0,total_text_chars=0)","no_pages_fetched_ok (pages_checked=1,fetched_ok=0,total_text_chars=0)","no_pages_fetched_ok (pages_checked=1,fetched_ok=0,total_text_chars=0)","no_pages_fetched_ok (pages_checked=1,fetched_ok=0,total_text_chars=0)",Packaging,True,HQ Lab @ Packaging
ENT-000921,1,env_labs_standardized.csv,Palm Beach County Water Utilities,,TNI00531,P.O. Box 24740,Delray Beach,Florida,,,env_labs,https://discover.pbc.gov/waterutilities/,Francine Freitas,pretreatment@pbcwater.com,,,,,,"Provides regulation of wastewater dischargers into the sanitary sewer system through its Pretreatment Program, including inspection and sampling of pretreatment equipment and administration of industrial user permits. Also conducts and mentions extensive drinking water quality testing (""more than 50,000 water quality tests annually"").",no_explicit_gmp,False,found_via_search,extracted,found_via_fallback_search,extracted,extracted,"checked_pages_not_found (pages_checked=8,fetched_ok=7,total_text_chars=55700)",extracted,Palm Beach County Water Utilities,True,HQ Lab @ Palm Beach County Water Utilities
ENT-000922,1,env_labs_standardized.csv,PANEK LABORATORY LLC DBA JLI ENVIRONMENTAL LABORATORIES,,TNI01434,,AUBURN,New York,,,env_labs,,,,,,,,,,,,search_found_nothing,found_via_fallback_search,no_website_cannot_check_pages,no_website_cannot_check_pages,no_website_cannot_check_pages,no_website_cannot_check_pages,no_website_cannot_check_pages,PANEK LABORATORY,True,HQ Lab @ PANEK LABORATORY
ENT-000923,1,env_labs_standardized.csv,PARADIGM ENVIRONMENTAL SERVICES INC,,TNI01631,"205 East 42 nd St, Ste 1900",ROCHESTER,New York,,,env_labs,https://paradigmenv.com/,monica,info@paradigmenv.com,,,,,,"Provides environmental lab testing and related services including asbestos testing/removal, lead testing/removal, air monitoring and sample analysis (PCM & TEM), bulk asbestos sample analysis (PLM & TEM), personal air sample analysis (PCM), hazardous waste characterizations, industrial wastewater monitoring, site investigation support, and petroleum hydrocarbon analysis/field sampling. Also offers environmental consulting including environmental chemistry/analytical chemistry, environmental consulting, industrial hygiene & indoor air quality, environmental safety consulting, environmental due diligence (Phase I/II assessments, transaction screens, soil vapor investigations, RIFS), environmental remediation, and regulatory compliance & permitting.",no_explicit_gmp,True,found_via_search,extracted,extracted,extracted,extracted,extracted,extracted,PARADIGM ENVIRONMENTAL SERVICES,True,HQ Lab @ PARADIGM ENVIRONMENTAL SERVICES
ENT-000924,1,env_labs_standardized.csv,"Paragon Laboratories, Inc.",,TNI02754,12649 Richfield Ct,Livonia,Michigan,,,env_labs,https://www.paragonlaboratories.com/,John Parmentier,johnp@paragonlaboratories.com,,,,,,,,,found_via_search,found_via_fallback_search,found_via_fallback_search,found_via_fallback_search,"no_pages_fetched_ok (pages_checked=1,fetched_ok=0,total_text_chars=0)","no_pages_fetched_ok (pages_checked=1,fetched_ok=0,total_text_chars=0)","no_pages_fetched_ok (pages_checked=1,fetched_ok=0,total_text_chars=0)",Paragon Laboratories,True,HQ Lab @ Paragon Laboratories
ENT-000925,1,env_labs_standardized.csv,Pasco County Utilities Environmental Laboratory,,TNI00533,8864 Government Drive,New Port Richey,Florida,,,env_labs,,,,,,,,,,,,search_found_nothing,found_via_fallback_search,no_website_cannot_check_pages,no_website_cannot_check_pages,no_website_cannot_check_pages,no_website_cannot_check_pages,no_website_cannot_check_pages,Pasco County Utilities Environmental Laboratory,True,HQ Lab @ Pasco County Utilities Environmental Laboratory
ENT-000926,1,env_labs_standardized.csv,PAUL SMITH'S COLLEGE ADIRONDACK WATERSHED INSTITUTE,,TNI02790,"Paul Smith’s College, PO Box 265, Routes 86 & 30",PAUL SMITHS,New York,,,env_labs,https://www.adkwatershed.org/,Maureen Cunningham,info@adkwatershed.org,,,,,,"The Adirondack Watershed Institute supports research and monitoring work for environmental science, including long-term monitoring and lake & stream monitoring. Its laboratory and instruments are used for analytical work supporting environmental research, including monitoring acid and base cations, heavy metals (such as mercury), anions (such as chloride), total nitrogen and carbon, and pesticides.",no_explicit_gmp,False,found_via_search,extracted,found_via_fallback_search,extracted,extracted,"checked_pages_not_found (pages_checked=4,fetched_ok=4,total_text_chars=23222)",extracted,PAUL SMITHS COLLEGE ADIRONDACK WATERSHED INSTITUTE,True,HQ Lab @ PAUL SMITHS COLLEGE ADIRONDACK WATERSHED INSTITUTE
ENT-000927,1,env_labs_standardized.csv,Peace River Manasota Regional Water Supply Authority,,TNI02511,9415 Town Center Parkway,Arcadia,Florida,,,env_labs,https://regionalwater.org/,,PeaceRiver@RegionalWater.org,,,,,,"Provides wholesale drinking water as a regional water supplier, including planning and operations to ensure member governments have a safe and reliable water supply. Supplies an average of 26 million gallons of water per day (MGD) to member governments and provides connections to other water systems for emergency situations.",no_explicit_gmp,False,found_via_search,extracted,"checked_pages_not_found (pages_checked=4,fetched_ok=3,total_text_chars=5493)",extracted,extracted,"checked_pages_not_found (pages_checked=4,fetched_ok=3,total_text_chars=5493)",extracted,Peace River Manasota Regional Water Supply Authority,True,HQ Lab @ Peace River Manasota Regional Water Supply Authority
ENT-000928,1,env_labs_standardized.csv,Pendleton Wastewater Treatment Plant,,TNI00225,4300 SW Houtama Road,Pendleton,Oregon,,,env_labs,https://www.pendletonor.gov/,kyle.willman,kyle.willman [at] pendletonor.gov,,,,,,"The page identifies a ""Resource Recovery Facility"" and a ""Wastewater Treatment Plant"" with office and fax contact information for the facility.",no_explicit_gmp,False,found_via_search,extracted,extracted,extracted,extracted,"checked_pages_not_found (pages_checked=8,fetched_ok=8,total_text_chars=46802)",extracted,Pendleton Wastewater Treatment Plant,True,HQ Lab @ Pendleton Wastewater Treatment Plant
ENT-000929,1,env_labs_standardized.csv,"Perma-Fix Analytical Services Laboratory - Perma-Fix of Florida, Inc.",,TNI02757,1940 N.W. 67th Pl.,Gainesville,Florida,,,env_labs,https://www.perma-fix.com/PFF.aspx,,,,,,,,"Provides waste treatment capabilities including vacuum thermal desorption, water-based PFAS destruction, stabilization/neutralization/deactivation, solidification and macroencapsulation, labpack processing, sort and segregation, solvent extraction/debris washing, and bulking and pretreatment of mixed waste. Also conducts radiological and chemical analysis in its primary R&D laboratory for on-site feedback during treatment process development.",no_explicit_gmp,True,found_via_search,extracted,"checked_pages_not_found (pages_checked=8,fetched_ok=8,total_text_chars=35154)","checked_pages_not_found (pages_checked=8,fetched_ok=8,total_text_chars=35154)",extracted,extracted,extracted,Perma Fix Analytical Services Laboratory Perma Fix of Florida,True,HQ Lab @ Perma Fix Analytical Services Laboratory Perma Fix of Florida
ENT-000930,1,env_labs_standardized.csv,"Permian Basin Environmental Lab, LP",,TNI02209,1400 Rankin Hwy,Midland,Texas,,,env_labs,https://pbelab.com/,Brent Barron,info@pbelab.com,,,,,,"Provides NELAP-accredited laboratory analytical services using accredited procedures based on protocols by the TCEQ, Railroad Commission, the state of New Mexico, and the EPA. Offers organic analysis (BTEX and TPH methods 8021, TX1005 and 8015 in soil and water using Gas Chromatography with PID/FID) and inorganic analysis including RCRA 8 single analyte or SAR performed by ICP using EPA method 6010.",no_explicit_gmp,True,found_via_search,extracted,found_via_fallback_search,extracted,extracted,extracted,extracted,Permian Basin Environmental Lab,True,HQ Lab @ Permian Basin Environmental Lab
ENT-000931,1,env_labs_standardized.csv,PGA Wastewater Treatment Facility - Seacoast Utility Authority,,TNI00536,4200 Hood Road,Palm Beach Gardens,Florida,,,env_labs,https://www.sua.com/,Brent Weidenhamer,kazulay@sua.com,,,,,,"Wastewater collection, treatment, and disposal services. The Engineering/Construction Department provides plan review and monitoring for new, existing water, sewer and reclaimed water projects.",no_explicit_gmp,False,found_via_search,extracted,found_via_fallback_search,extracted,extracted,"checked_pages_not_found (pages_checked=4,fetched_ok=4,total_text_chars=39316)",extracted,PGA Wastewater Treatment Facility Seacoast Utility Authority,True,HQ Lab @ PGA Wastewater Treatment Facility Seacoast Utility Authority
ENT-000932,1,env_labs_standardized.csv,Phase Separation Science Inc,,TNI02142,"6630 Baltimore National Pike, Suite 104",Baltimore,Maryland,,,env_labs,https://www.phaseonline.com/,Cathy Thompson,cathyt@phaseonline.com,,,,,,,,,found_via_search,found_via_fallback_search,found_via_fallback_search,found_via_fallback_search,"no_pages_fetched_ok (pages_checked=6,fetched_ok=0,total_text_chars=0)","no_pages_fetched_ok (pages_checked=6,fetched_ok=0,total_text_chars=0)","no_pages_fetched_ok (pages_checked=6,fetched_ok=0,total_text_chars=0)",Phase Separation Science,True,HQ Lab @ Phase Separation Science
ENT-000933,1,env_labs_standardized.csv,PHIGENICS ANALYTICAL SERVICES LABORATORY - FAYETTEVILLE,,TNI02788,"4375 North Vantage Drive, Suite A104",FAYETTEVILLE,Arkansas,,,env_labs,https://www.phigenics.com/,,info@phigenics.com,,,,,,,,,found_via_search,found_via_fallback_search,"no_pages_fetched_ok (pages_checked=1,fetched_ok=0,total_text_chars=0)",found_via_fallback_search,"no_pages_fetched_ok (pages_checked=1,fetched_ok=0,total_text_chars=0)","no_pages_fetched_ok (pages_checked=1,fetched_ok=0,total_text_chars=0)","no_pages_fetched_ok (pages_checked=1,fetched_ok=0,total_text_chars=0)",PHIGENICS ANALYTICAL SERVICES LABORATORY,True,HQ Lab @ PHIGENICS ANALYTICAL SERVICES LABORATORY
ENT-000934,1,env_labs_standardized.csv,PHILIS Analytical Laboratory (PAL),,TNI02200,,Castle Rock,Colorado,,,env_labs,,,,,,,,,,,,search_found_nothing,found_via_fallback_search,no_website_cannot_check_pages,no_website_cannot_check_pages,no_website_cannot_check_pages,no_website_cannot_check_pages,no_website_cannot_check_pages,PHILIS Analytical Laboratory PAL,True,HQ Lab @ PHILIS Analytical Laboratory PAL
ENT-000935,1,env_labs_standardized.csv,PHILIS ANALYTICAL PORTABLE LABORATORY (APL01),,TNI02273,,EDISON,New Jersey,,,env_labs,https://www.epa.gov/emergency-response/philis-portable-high-throughput-integrated-laboratory-identification-system,,,,,,,,"PHILIS provides on-site analysis of environmental samples contaminated with chemical warfare agents, pharmaceutical-based agents, and toxic industrial compounds for chemical, biological, radiological, and nuclear incident response actions, accidental chemical releases, and natural disasters. The labs provide organic chemical analyses (e.g., chemical warfare agent compounds/degradation products, pharmaceutical-based agents, volatile/semi-volatile organic compounds, PCBs, gas/diesel range organics, and organophosphorus/chlorinated pesticides) and cannot analyze coliforms in drinking water.",no_explicit_gmp,False,found_via_search,found_via_fallback_search,"checked_pages_not_found (pages_checked=8,fetched_ok=8,total_text_chars=34510)","checked_pages_not_found (pages_checked=8,fetched_ok=8,total_text_chars=34510)",extracted,"checked_pages_not_found (pages_checked=8,fetched_ok=8,total_text_chars=34510)",extracted,PHILIS ANALYTICAL PORTABLE LABORATORY APL01,True,HQ Lab @ PHILIS ANALYTICAL PORTABLE LABORATORY APL01
ENT-000936,1,env_labs_standardized.csv,PHILIS Laboratory Unit (PLU),,TNI02445,,Castle Rock,Colorado,,,env_labs,,,,,,,,,,,,search_found_nothing,found_via_fallback_search,no_website_cannot_check_pages,no_website_cannot_check_pages,no_website_cannot_check_pages,no_website_cannot_check_pages,no_website_cannot_check_pages,PHILIS Laboratory Unit PLU,True,HQ Lab @ PHILIS Laboratory Unit PLU
ENT-000937,1,env_labs_standardized.csv,PHOENIX ENVIRONMENTAL LABS,,TNI01678,587 Middle Turnpike East,MANCHESTER,Connecticut,,,env_labs,https://www.phoenixlabs.com/,Phyllis Shiller,phyllis@phoenixlabs.com,,,,,,,,,found_via_search,found_via_fallback_search,found_via_fallback_search,found_via_fallback_search,"no_pages_fetched_ok (pages_checked=1,fetched_ok=0,total_text_chars=0)","no_pages_fetched_ok (pages_checked=1,fetched_ok=0,total_text_chars=0)","no_pages_fetched_ok (pages_checked=1,fetched_ok=0,total_text_chars=0)",PHOENIX ENVIRONMENTAL LABS,True,HQ Lab @ PHOENIX ENVIRONMENTAL LABS
ENT-000938,1,env_labs_standardized.csv,"Phoslab Environmental Services, Inc.",,TNI00537,4705 Old Rd 37,Lakeland,Florida,,,env_labs,https://www.phoslab.com/,,info@phoslab.com,,,,,,"Phoslab Environmental Services provides full-service environmental laboratory testing and analytical services, including TCLP, BTEX, TRPH (TPH), VOC, and PAH testing, as well as pesticide testing, hazardous waste testing, wastewater testing, soil testing, SPLP testing, RCRA metals testing, brownfield testing, mineral testing, chemical testing, and field sampling and environmental consulting.",no_explicit_gmp,True,found_via_search,extracted,"checked_pages_not_found (pages_checked=8,fetched_ok=8,total_text_chars=28193)",extracted,extracted,extracted,extracted,Phoslab Environmental Services,True,HQ Lab @ Phoslab Environmental Services
ENT-000939,1,env_labs_standardized.csv,Pinellas County Utilities Laboratory,,TNI00538,,Largo,Florida,,,env_labs,https://pinellas.gov/,,UTLGMP@pinellascounty.org,,,,,,,,,found_via_search,found_via_fallback_search,"no_pages_fetched_ok (pages_checked=1,fetched_ok=0,total_text_chars=0)",found_via_fallback_search,"no_pages_fetched_ok (pages_checked=1,fetched_ok=0,total_text_chars=0)","no_pages_fetched_ok (pages_checked=1,fetched_ok=0,total_text_chars=0)","no_pages_fetched_ok (pages_checked=1,fetched_ok=0,total_text_chars=0)",Pinellas County Utilities Laboratory,True,HQ Lab @ Pinellas County Utilities Laboratory
ENT-000940,1,env_labs_standardized.csv,Pinnacle Analytics,,TNI02604,613 Market Street,Medford,Oregon,,,env_labs,https://pinnacle-analytics.com/,Kris Ford Lab Manager,[email protected],,,,,,"Pinnacle Analytics provides hemp and cannabis testing including cannabinoid potency analysis and testing for plant pathogens such as latent hop viroid, cryptic cannabis virus, and lettuce chlorosis virus using DNA/RNA-based early pathogen detection services (RT-qPCR multiplex detection). They also offer compliance COA testing for state-licensed hemp and marijuana businesses.",no_explicit_gmp,True,found_via_search,extracted,extracted,extracted,extracted,extracted,extracted,Pinnacle Analytics,True,HQ Lab @ Pinnacle Analytics
ENT-000941,1,env_labs_standardized.csv,Pittsburg Municipal Wastewater Laboratory,,TNI01930,201 W. 4th St.,Pittsburg,Kansas,,,env_labs,https://www.pittks.org/,,web@pittks.org,,,,,,"The City provides municipal services including wastewater (sewage collection system and wastewater treatment facility) and related utility operations. The site also references stormwater management, water treatment, and public works/utilities functions.",no_explicit_gmp,False,found_via_search,extracted,"checked_pages_not_found (pages_checked=8,fetched_ok=8,total_text_chars=73417)",extracted,extracted,"checked_pages_not_found (pages_checked=8,fetched_ok=8,total_text_chars=73417)",extracted,Pittsburg Municipal Wastewater Laboratory,True,HQ Lab @ Pittsburg Municipal Wastewater Laboratory
ENT-000942,1,env_labs_standardized.csv,PLATTSBURGH WPCP LABORATORY,,TNI01439,53 Green St,PLATTSBURGH,New York,,,env_labs,https://www.cityofplattsburgh-ny.gov/,,,,,,,,"The City describes municipal water and wastewater treatment services, including physical, biological, and chemical treatment at its Water Resource Recovery Facility (WRRF) and physical and chemical cleaning and disinfection of water at its Water Filtration Plant.",no_explicit_gmp,False,found_via_search,extracted,"checked_pages_not_found (pages_checked=8,fetched_ok=6,total_text_chars=17039)","checked_pages_not_found (pages_checked=8,fetched_ok=6,total_text_chars=17039)",extracted,"checked_pages_not_found (pages_checked=8,fetched_ok=6,total_text_chars=17039)",extracted,PLATTSBURGH WPCP LABORATORY,True,HQ Lab @ PLATTSBURGH WPCP LABORATORY
ENT-000943,1,env_labs_standardized.csv,Polk County Natural Resources Division,,TNI00540,4177 Ben Durrance Road,Bartow,Florida,,,env_labs,https://www.polk-county.net/natural-resources,"Gaye Sharpe, Director",gayesharpe@polk-county.net,,,,,,,,,found_via_search,found_via_fallback_search,found_via_fallback_search,found_via_fallback_search,"no_pages_fetched_ok (pages_checked=1,fetched_ok=0,total_text_chars=0)","no_pages_fetched_ok (pages_checked=1,fetched_ok=0,total_text_chars=0)","no_pages_fetched_ok (pages_checked=1,fetched_ok=0,total_text_chars=0)",Polk County Natural Resources Division,True,HQ Lab @ Polk County Natural Resources Division
ENT-000944,1,env_labs_standardized.csv,PORT WASHINGTON WPCD,,TNI01489,70 Harbor Road,PORT WASHINGTON,New York,,,env_labs,https://www.pwwpcd.us/,Superintendent Windsor J. Kinney,wkinney@pwwpcd.us,,,,,,"Provides sewer service and wastewater collection and treatment via a wastewater collection system and a wastewater treatment plant (WWTP). The WWTP offers preliminary, primary, secondary, advanced treatment (nitrogen reduction), and ultraviolet disinfection before discharging treated effluent into Manhasset Bay.",no_explicit_gmp,False,found_via_search,extracted,extracted,extracted,extracted,"checked_pages_not_found (pages_checked=8,fetched_ok=8,total_text_chars=26286)",extracted,PORT WASHINGTON WPCD,True,HQ Lab @ PORT WASHINGTON WPCD
ENT-000945,1,env_labs_standardized.csv,Portland Water Bureau Laboratory,,TNI00226,,Portland,Oregon,,,env_labs,https://www.portland.gov/water,,,,,,,,,,,found_via_search,found_via_fallback_search,"no_pages_fetched_ok (pages_checked=1,fetched_ok=0,total_text_chars=0)","no_pages_fetched_ok (pages_checked=1,fetched_ok=0,total_text_chars=0)","no_pages_fetched_ok (pages_checked=1,fetched_ok=0,total_text_chars=0)","no_pages_fetched_ok (pages_checked=1,fetched_ok=0,total_text_chars=0)","no_pages_fetched_ok (pages_checked=1,fetched_ok=0,total_text_chars=0)",Portland Water Bureau Laboratory,True,HQ Lab @ Portland Water Bureau Laboratory
ENT-000946,1,env_labs_standardized.csv,Portsmouth Analytical Laboratory,,TNI02008,,Piketon,Ohio,,,env_labs,,,,,,,,,,,,search_found_nothing,no_website_fallback_search_failed,no_website_cannot_check_pages,no_website_cannot_check_pages,no_website_cannot_check_pages,no_website_cannot_check_pages,no_website_cannot_check_pages,Portsmouth Analytical Laboratory,True,HQ Lab @ Portsmouth Analytical Laboratory
ENT-000947,1,env_labs_standardized.csv,POTSDAM SPECIALITY PAPER INC.,,TNI01599,547A Sissonville Road,POTSDAM,New York,,,env_labs,https://pspi.us.com/,Doug Drumm,doug.drumm@pspi.us.com,,,,,,,,,found_via_search,found_via_fallback_search,found_via_fallback_search,found_via_fallback_search,"no_pages_fetched_ok (pages_checked=1,fetched_ok=0,total_text_chars=0)","no_pages_fetched_ok (pages_checked=1,fetched_ok=0,total_text_chars=0)","no_pages_fetched_ok (pages_checked=1,fetched_ok=0,total_text_chars=0)",POTSDAM SPECIALITY PAPER,True,HQ Lab @ POTSDAM SPECIALITY PAPER
ENT-000948,1,env_labs_standardized.csv,POUGHKEEPSIES' WATER TREATMENT FACILITY,,TNI02521,70 Waterworks Road,POUGHKEEPSIE,New York,,,env_labs,https://www.pokwater.com/,Dottie DiNobile,ddinobile@pokwater.com,,,,,,Provides and operates a drinking water treatment facility that “tests annually for Atrazine” (to a detection limit) and manages water quality for the distribution systems.,no_explicit_gmp,False,found_via_search,extracted,extracted,found_via_fallback_search,extracted,"checked_pages_not_found (pages_checked=7,fetched_ok=7,total_text_chars=13445)",extracted,POUGHKEEPSIES WATER TREATMENT FACILITY,True,HQ Lab @ POUGHKEEPSIES WATER TREATMENT FACILITY
ENT-000949,1,env_labs_standardized.csv,"Precision Analytical Laboratories, LLC",,TNI02742,,Everett,Washington,,,env_labs,https://precisionanalyticallabs.com/,Julia Redfield,contact@precisionanalyticallabs.com,,,,,,,,,found_via_search,found_via_fallback_search,found_via_fallback_search,found_via_fallback_search,"no_pages_fetched_ok (pages_checked=1,fetched_ok=0,total_text_chars=0)","no_pages_fetched_ok (pages_checked=1,fetched_ok=0,total_text_chars=0)","no_pages_fetched_ok (pages_checked=1,fetched_ok=0,total_text_chars=0)",Precision Analytical Laboratories,True,HQ Lab @ Precision Analytical Laboratories
ENT-000950,1,env_labs_standardized.csv,"Precision Petroleum Labs, Inc.",,TNI00016,5915 Star Lane,Houston,Texas,,,env_labs,https://precisionlabs.org/,Daniel Zabihi,DanielZPPL@att.net; Lizppl@att.net,,,,,,"Precision Petroleum Labs, Inc. performs chemical and physical property testing of petroleum and petrochemicals, including products such as gasoline, diesel fuel, recycled oil, residual fuels, solvents, and others. It also performs environmental analysis on water, waste water, soil, sludges, and solids, and provides full biodiesel testing.",no_explicit_gmp,True,found_via_search,extracted,found_via_fallback_search,extracted,extracted,extracted,extracted,Precision Petroleum Labs,True,HQ Lab @ Precision Petroleum Labs
ENT-000951,1,env_labs_standardized.csv,PREE Laboratories,,TNI02501,,Corvallis,Oregon,,,env_labs,https://preelab.com/,,services@preelab.com,,,,,,,,,found_via_search,found_via_fallback_search,"no_pages_fetched_ok (pages_checked=1,fetched_ok=0,total_text_chars=0)",found_via_fallback_search,"no_pages_fetched_ok (pages_checked=1,fetched_ok=0,total_text_chars=0)","no_pages_fetched_ok (pages_checked=1,fetched_ok=0,total_text_chars=0)","no_pages_fetched_ok (pages_checked=1,fetched_ok=0,total_text_chars=0)",PREE Laboratories,False,Corvallis Lab @ PREE Laboratories
ENT-000952,1,env_labs_standardized.csv,PREE Laboratories LLC,,TNI02456,,Clackamas,Oregon,,,env_labs,https://preelab.com/,,medeiros@preelab.com,,,,,,,,,found_via_search,found_via_fallback_search,"no_pages_fetched_ok (pages_checked=1,fetched_ok=0,total_text_chars=0)",found_via_fallback_search,"no_pages_fetched_ok (pages_checked=1,fetched_ok=0,total_text_chars=0)","no_pages_fetched_ok (pages_checked=1,fetched_ok=0,total_text_chars=0)","no_pages_fetched_ok (pages_checked=1,fetched_ok=0,total_text_chars=0)",PREE Laboratories,False,Clackamas Lab @ PREE Laboratories
ENT-000953,1,env_labs_standardized.csv,PriorityLab,,TNI02758,,Fort Lauderdale,Florida,,,env_labs,https://prioritylab.com/,,marketing@thornberrygroup.com,,,,,,,,,found_via_search,found_via_fallback_search,"no_pages_fetched_ok (pages_checked=1,fetched_ok=0,total_text_chars=0)",found_via_fallback_search,"no_pages_fetched_ok (pages_checked=1,fetched_ok=0,total_text_chars=0)","no_pages_fetched_ok (pages_checked=1,fetched_ok=0,total_text_chars=0)","no_pages_fetched_ok (pages_checked=1,fetched_ok=0,total_text_chars=0)",PriorityLab,True,HQ Lab @ PriorityLab
ENT-000954,1,env_labs_standardized.csv,"Professional Environmental Testing and Consulting, LLC",,TNI02393,"4650 SW 51st Street, Unit 702",Davie,Florida,,,env_labs,https://petc-lab.com/,,petc702@comcast.net,,,,,,"PETC provides analytical testing for water sample testing and compliance consulting for water and wastewater operations, and it sells chemical reagents for water sample testing. It also offers free delivery and free consultations on regulatory issues (Florida DOH, EPA, etc.).",no_explicit_gmp,True,found_via_search,extracted,"checked_pages_not_found (pages_checked=6,fetched_ok=6,total_text_chars=30310)",extracted,extracted,extracted,extracted,Professional Environmental Testing and Consulting,True,HQ Lab @ Professional Environmental Testing and Consulting
ENT-000955,1,env_labs_standardized.csv,"Professional Testing Labs, Inc.",,TNI02675,,Medford,Oregon,,,env_labs,,,,,,,,,,,,search_found_nothing,found_via_fallback_search,no_website_cannot_check_pages,no_website_cannot_check_pages,no_website_cannot_check_pages,no_website_cannot_check_pages,no_website_cannot_check_pages,Professional Testing Labs,True,HQ Lab @ Professional Testing Labs
ENT-000956,1,env_labs_standardized.csv,Provo Water Resources Laboratory,,TNI01990,1377 S 350 E,Provo,Utah,,,env_labs,https://www.provo.gov/392/Wastewater-System-and-Programs,,,,,,,,"The Water Sources section manages the City’s culinary water supply and performs regular sampling and analysis to ensure high water quality. The Water Reclamation Facility processes wastewater from residential, commercial, and industrial sources and treats it to meet state and EPA standards.",no_explicit_gmp,False,found_via_search,extracted,"checked_pages_not_found (pages_checked=8,fetched_ok=6,total_text_chars=90970)","checked_pages_not_found (pages_checked=8,fetched_ok=6,total_text_chars=90970)",extracted,"checked_pages_not_found (pages_checked=8,fetched_ok=6,total_text_chars=90970)",extracted,Provo Water Resources Laboratory,True,HQ Lab @ Provo Water Resources Laboratory
ENT-000957,1,env_labs_standardized.csv,"PSTC Food Chemistry, Inc.",,TNI01932,,Salina,Kansas,,,env_labs,,,,,,,,,,,,search_found_nothing,no_website_fallback_search_failed,no_website_cannot_check_pages,no_website_cannot_check_pages,no_website_cannot_check_pages,no_website_cannot_check_pages,no_website_cannot_check_pages,PSTC Food Chemistry,True,HQ Lab @ PSTC Food Chemistry
ENT-000958,1,env_labs_standardized.csv,Q LABS LLC,,TNI02791,,CINCINNATI,Ohio,,,env_labs,https://www.qlaboratories.com/,,jknowles@qlaboratories.com,,,,,,,,,found_via_search,found_via_fallback_search,"no_pages_fetched_ok (pages_checked=1,fetched_ok=0,total_text_chars=0)",found_via_fallback_search,"no_pages_fetched_ok (pages_checked=1,fetched_ok=0,total_text_chars=0)","no_pages_fetched_ok (pages_checked=1,fetched_ok=0,total_text_chars=0)","no_pages_fetched_ok (pages_checked=1,fetched_ok=0,total_text_chars=0)",Q LABS,True,HQ Lab @ Q LABS
ENT-000959,1,env_labs_standardized.csv,QUEENSBURY LABORATORY,,TNI01579,742 Bay Road,QUEENSBURY,New York,,,env_labs,https://www.queensburyny.gov/departments/water/queensbury-laboratory/,Laboratory Operator: James LaFoy,,,,,,,"Bacteriological sample testing for drinking water, including Total Coliform and Combined Total Coliform & Plate Count, with results mailed 3-5 days after receipt. Accepts customers with a Public Water Supply (PWS) ID using a Queensbury sample kit and requires samples to be delivered on ice.",no_explicit_gmp,True,found_via_search,extracted,extracted,"checked_pages_not_found (pages_checked=8,fetched_ok=7,total_text_chars=39462)",extracted,extracted,extracted,QUEENSBURY LABORATORY,True,HQ Lab @ QUEENSBURY LABORATORY
ENT-000960,1,env_labs_standardized.csv,QUEST DIAGNOSTICS INCORPORATED,,TNI03021,"852 State Rt 3, Ste 208",CLIFTON,New Jersey,,,env_labs,https://www.questdiagnostics.com/,,,,,,,,"Quest Diagnostics provides lab testing services across specialties (e.g., Allergy & asthma, Cancer, Diabetes & pre-diabetes) and offers online access to test results through MyQuest. It also provides solutions for lab managers and ordering/workflow tools such as “Quanum Lab Services Manager” including ordering lab tests and viewing patient results.",explicit_gmp,True,found_via_search,found_via_fallback_search,"checked_pages_not_found (pages_checked=8,fetched_ok=7,total_text_chars=183252)","checked_pages_not_found (pages_checked=8,fetched_ok=7,total_text_chars=183252)",found_via_fallback_search,extracted,extracted,QUEST DIAGNOSTICS INCORPORATED,True,HQ Lab @ QUEST DIAGNOSTICS INCORPORATED
ENT-000961,1,env_labs_standardized.csv,"R&C Joy, Inc.",,TNI00149,19020 W. Little York Rd.,Katy,Texas,,,env_labs,https://www.rcjoy.net/,Ron Joy,,,,,,,"R&C Joy, Inc. provides NELAP accredited water and wastewater testing and analysis, including bacteriological testing for drinking water and bacteriological sample analysis for Public Water Systems. It also offers wastewater analysis & consulting for effluent/reclaimed water compliance reporting, including total suspended solids, turbidity, N-NH3, and cBOD/BOD, plus process control data such as pH/DO and microscopic analysis of organisms in aeration basins.",no_explicit_gmp,True,found_via_search,extracted,extracted,"checked_pages_not_found (pages_checked=6,fetched_ok=6,total_text_chars=13555)",extracted,extracted,extracted,RC Joy,True,HQ Lab @ RC Joy
ENT-000962,1,env_labs_standardized.csv,R&J LABORATORIES,,TNI01571,212 Sheppard St,PENN YAN,New York,,,env_labs,http://www.testthewater.com/,,info@testthewater.com,,,,,,"R&J Laboratories provides chemical and microbial analysis for water testing. It also offers related services such as bacteria (including Total Coliform; E. Coli), lead, nitrate, nitrite testing, septic inspections, and flow tests.",no_explicit_gmp,True,found_via_search,extracted,"checked_pages_not_found (pages_checked=8,fetched_ok=8,total_text_chars=7800)",extracted,extracted,extracted,extracted,RJ LABORATORIES,True,HQ Lab @ RJ LABORATORIES
ENT-000963,1,env_labs_standardized.csv,RADIATION SAFETY SERVICES INC (RSSI),,TNI01874,6312 Oakton Street,MORTON GROVE,Illinois,,,env_labs,https://rssi.us/,Herman Cember and Eli Port,consult@rssi.us,,,,,,"RSSI provides radiation safety consulting, full-service radiological laboratory testing (including high resolution gamma spectroscopy, internal proportional counting, sealed source and device leak test analysis, air monitoring, and surface contamination wipes), secondary standard calibration for radiation detection instruments, and radon testing and analysis with alpha-track radon detectors and radon test kits.",no_explicit_gmp,True,found_via_search,extracted,extracted,extracted,extracted,extracted,extracted,RADIATION SAFETY SERVICES,True,HQ Lab @ RADIATION SAFETY SERVICES
ENT-000964,1,env_labs_standardized.csv,RADONOVA,,TNI02421,"Södra Depågatan 2, 754 54 Uppsala",UPPSALA,Not Applicable,,,env_labs,https://radonova.se/,Karl Nilsson,karl.nilsson@radonova.com,,,,,,"Radonova provides radon measurements (“Radonmätning”) and radon dosimeters (“radondosor”). It offers products and services for private individuals, companies, and other settings such as workplaces and property management.",no_explicit_gmp,True,found_via_search,found_via_fallback_search,found_via_fallback_search,found_via_fallback_search,extracted,extracted,extracted,RADONOVA,True,HQ Lab @ RADONOVA
ENT-000965,1,env_labs_standardized.csv,Ramboll US Corporation,,TNI01384,,Brentwood,Tennessee,,,env_labs,https://www.ramboll.com/en-us,,,,,,,,,,,found_via_search,found_via_fallback_search,"no_pages_fetched_ok (pages_checked=1,fetched_ok=0,total_text_chars=0)","no_pages_fetched_ok (pages_checked=1,fetched_ok=0,total_text_chars=0)","no_pages_fetched_ok (pages_checked=1,fetched_ok=0,total_text_chars=0)","no_pages_fetched_ok (pages_checked=1,fetched_ok=0,total_text_chars=0)","no_pages_fetched_ok (pages_checked=1,fetched_ok=0,total_text_chars=0)",Ramboll US,True,HQ Lab @ Ramboll US
ENT-000966,1,env_labs_standardized.csv,"Rayonier Performance Fibers, LLC.",,TNI00544,,Fernandina Beach,Florida,,,env_labs,https://www.rayonier.com/,COLLIN MINGS,investorrelations@rayonier.com,,,,,,"The company’s described activities include forest management, wood products manufacturing, and real estate/land-based solutions. It also mentions land-based solutions such as carbon capture and storage, carbon offsets, and nature initiatives.",no_explicit_gmp,True,found_via_search,found_via_fallback_search,extracted,extracted,extracted,extracted,extracted,Rayonier Performance Fibers,True,HQ Lab @ Rayonier Performance Fibers
ENT-000967,1,env_labs_standardized.csv,Red River Authority of Texas Environmental Services Laboratory,,TNI00064,3000 Hammon Rd,Wichita Falls,Texas,,,env_labs,https://rra.texas.gov/,,info@rra.texas.gov,,,,,,"The Environmental Services Laboratory provides complete water/wastewater laboratory services and other specialized contract services including biological, receiving water, environmental impact, watershed/waterbody, pollution complaint investigations, and use attainability assessments. It also performs laboratory analysis such as general chemical analysis, metals analysis, microbiological analysis, and organics, with field services including GPS surveys and digital mapping.",no_explicit_gmp,False,found_via_search,extracted,"checked_pages_not_found (pages_checked=8,fetched_ok=8,total_text_chars=28866)",extracted,extracted,"checked_pages_not_found (pages_checked=8,fetched_ok=8,total_text_chars=28866)",extracted,Red River Authority of Texas Environmental Services Laboratory,True,HQ Lab @ Red River Authority of Texas Environmental Services Laboratory
ENT-000968,1,env_labs_standardized.csv,Red Wing City Laboratory,,TNI01152,1020 East Fifth St.,Red Wing,Minnesota,,,env_labs,https://redwingmn.gov/483/City-Laboratory,,,,,,,,"Provides biological and chemical analysis services for the City of Red Wing, S B. Foot Tanning Company, and other significant organizations, and also private analysis for companies and individuals. Offers water and wastewater analytical services including total coliform bacteria analysis (Colilert-18®) and nitrate as nitrogen screening (SM 4500NO3 Ultraviolet Spectrophotometer Screening Method).",no_explicit_gmp,True,found_via_search,extracted,"checked_pages_not_found (pages_checked=8,fetched_ok=7,total_text_chars=26656)","checked_pages_not_found (pages_checked=8,fetched_ok=7,total_text_chars=26656)",extracted,extracted,extracted,Red Wing City Laboratory,True,HQ Lab @ Red Wing City Laboratory
ENT-000969,1,env_labs_standardized.csv,Reference Labs LLC,,TNI02504,11654 SW Pacific HWY Suite 12A,Tigard,Oregon,,,env_labs,https://thereferencelabs.com/,Richard Holsten,richard@thereferencelabs.com,,,,,,"Reference Labs provides hemp/cannabis laboratory testing including potency, pesticides, mycotoxins, heavy metals, microbiological moisture and water activity, residual solvents, terpenes, and THC potency. They also offer sampling services such as in-lab sampling and on-site sampling (including pre-harvest hemp ODA sampling event compliance testing).",no_explicit_gmp,True,found_via_search,extracted,extracted,extracted,extracted,extracted,extracted,Reference Labs,True,HQ Lab @ Reference Labs
ENT-000970,1,env_labs_standardized.csv,REGIONAL WATER AUTHORITY (#2239),,TNI01819,90 Sargent Drive,NEW HAVEN,Connecticut,,,env_labs,https://www.rwater.com/,Sunny Lakshminarayanan,ask.info@rwater.com,,,,,,"Provides water service, including guidance for temporarily discolored water and instructions for flushing taps. Offers 24/7 emergency response for water-related emergencies and related programs such as PipeSafe/WellSafe.",no_explicit_gmp,False,found_via_search,extracted,found_via_fallback_search,extracted,extracted,"checked_pages_not_found (pages_checked=4,fetched_ok=4,total_text_chars=11109)",extracted,REGIONAL WATER AUTHORITY 2239,True,HQ Lab @ REGIONAL WATER AUTHORITY 2239
ENT-000971,1,env_labs_standardized.csv,RENSSELAER COUNTY SEWER DISTRICT #1,,TNI01437,99 Troy Road,TROY,New York,,,env_labs,https://www.rensco.com/,Steven F.  McLaughlin,jwheeler@rensco.com,,,,,,"The text describes county-level services and operations on the Rensselaer County official website, including general county government functions and service pages.",no_explicit_gmp,False,found_via_search,extracted,extracted,found_via_fallback_search,extracted,"checked_pages_not_found (pages_checked=5,fetched_ok=5,total_text_chars=9720)",extracted,RENSSELAER COUNTY SEWER DISTRICT 1,True,HQ Lab @ RENSSELAER COUNTY SEWER DISTRICT 1
ENT-000972,1,env_labs_standardized.csv,Research Triangle Institute,,TNI01400,3040 East Cornwallis Road,Research Triangle Park,North Carolina,,,env_labs,https://www.rti.org/,"Tim J. Gabel, president and CEO of RTI",Ethics@rti.org,,,,,,"RTI provides research and technical services, including “data, thorough analysis, innovative methods, novel technologies, and sustainable programs” to help clients inform public policy and ground practice in evidence. The site also describes offerings such as “Industrial Piloting & Scale-up,” “Drug Discovery and Development,” and “Analytical Laboratory Science.”",explicit_gmp,True,found_via_search,extracted,extracted,extracted,found_via_fallback_search,extracted,extracted,Research Triangle Institute,True,HQ Lab @ Research Triangle Institute
ENT-000973,1,env_labs_standardized.csv,"RESOLUTION ANALYTICS, INC.",,TNI02272,2481 Reliance Ave,APEX,North Carolina,,,env_labs,https://www.resolutionanalytics.com/,,,,,,,,,no_explicit_gmp,False,found_via_search,found_via_fallback_search,"checked_pages_not_found (pages_checked=8,fetched_ok=8,total_text_chars=32704)","checked_pages_not_found (pages_checked=8,fetched_ok=8,total_text_chars=32704)",extracted,"checked_pages_not_found (pages_checked=8,fetched_ok=8,total_text_chars=32704)","checked_pages_not_found (pages_checked=8,fetched_ok=8,total_text_chars=32704)",RESOLUTION ANALYTICS,True,HQ Lab @ RESOLUTION ANALYTICS
ENT-000974,1,env_labs_standardized.csv,Richards Laboratories of Utah Inc.,,TNI01991,,Pleasant Grove,Utah,,,env_labs,,,,,,,,,,,,search_found_nothing,found_via_fallback_search,no_website_cannot_check_pages,no_website_cannot_check_pages,no_website_cannot_check_pages,no_website_cannot_check_pages,no_website_cannot_check_pages,Richards Laboratories of Utah,True,HQ Lab @ Richards Laboratories of Utah
ENT-000975,1,env_labs_standardized.csv,Rio Tinto Kennecott Environmental and Industrial Hygiene Laboratory,,TNI01986,11600 SR 201 W,Magna,Utah,,,env_labs,,,,,,,,,,,,search_found_nothing,found_via_fallback_search,no_website_cannot_check_pages,no_website_cannot_check_pages,no_website_cannot_check_pages,no_website_cannot_check_pages,no_website_cannot_check_pages,Rio Tinto Kennecott Environmental and Industrial Hygiene Laboratory,True,HQ Lab @ Rio Tinto Kennecott Environmental and Industrial Hygiene Laboratory
ENT-000976,1,env_labs_standardized.csv,RJ Analytical LLC,,TNI01992,,Pleasant View,Utah,,,env_labs,https://www.rjalabs.com/,Richard Mickelsen,info@rjalabs.com,,,,,,"RJA Labs provides nutritional supplement testing, including vitamins (e.g., Vitamin A & Carotenoids, Vitamin B & Water-Soluble Vitamins, Vitamin C, Vitamin D/K, Vitamin E), elements and heavy metals, microbiological tests, and other chemical tests, with additional analytes upon request. It also offers drinking water and waste water testing (e.g., drinking water quality parameters and wastewater environmental water quality including ammonia, nitrate & nitrite, phosphorus, and BOD), plus local sample pick up and electronic chain of custody using Queue-C Alpha.",no_explicit_gmp,True,found_via_search,found_via_fallback_search,extracted,extracted,extracted,extracted,extracted,RJ Analytical,True,HQ Lab @ RJ Analytical
ENT-000977,1,env_labs_standardized.csv,"RJ Lee Group, Inc.",,TNI02146,800 Presque Isle Drive,Monroeville,Pennsylvania,,,env_labs,https://www.rjleegroup.com/,"Dr. Richard Lee, CEO",clientrelations@rjleegroup.com,,,,,,"RJ Lee Group provides scientific consulting and analytical laboratory services including air sampling & analysis, asbestos testing, chemical analysis & characterization, concrete petrography/construction materials, failure analysis/root cause investigations, environmental science & remediation, and quality assurance/testing.",no_explicit_gmp,True,found_via_search,extracted,extracted,extracted,extracted,extracted,extracted,RJ Lee Group,False,Monroeville Lab @ RJ Lee Group
ENT-000978,1,env_labs_standardized.csv,"RJ Lee Group, Inc./Columbia Basin Analytical Laboratories",,TNI01797,2710 North 20th Avenue,Pasco,Washington,,,env_labs,https://www.rjleegroup.com/,Dr. Richard Lee,clientrelations@rjleegroup.com,,,,,,"Provides scientific consulting and laboratory services including “independent, third-party quality assurance testing and failure analysis.” Capabilities mentioned include air sampling & analysis, asbestos testing, chemical analysis & characterization, concrete petrography/construction materials, PFAS testing, and environmental science & remediation.",no_explicit_gmp,True,found_via_search,extracted,extracted,extracted,extracted,extracted,extracted,RJ Lee Group,False,Pasco Lab @ RJ Lee Group
ENT-000979,1,env_labs_standardized.csv,"RMB Environmental Laboratories, Inc - Burnsville",,TNI02523,501 Highway 13 E Suite #104-108,Burnsville,Minnesota,,,env_labs,https://www.rmbel.com/,Robert Borash,customerserviceBL@rmbel.com,,,,,,"Provides environmental testing services including industrial & municipal wastewater testing, groundwater testing, drinking water testing, and RCRA monitoring & hazardous waste testing. Also offers field sampling services (including on-site sample collection), lakes and streams monitoring (including low-level & methyl mercury), environmental toxicity testing, data interpretation, and custom electronic reporting.",no_explicit_gmp,True,found_via_search,extracted,found_via_fallback_search,extracted,extracted,extracted,extracted,RMB Environmental Laboratories,False,Burnsville Lab @ RMB Environmental Laboratories
ENT-000980,1,env_labs_standardized.csv,"RMB Environmental Laboratories, Inc. - Virginia",,TNI02598,110 ½ S 15th Avenue W,Virginia,Minnesota,,,env_labs,https://www.rmbel.com/,,customerserviceVA@rmbel.com,,,,,,"Provides environmental testing services including industrial & municipal wastewater testing, groundwater testing, drinking water testing, lakes and streams monitoring, RCRA monitoring & hazardous waste testing, field sampling services, environmental toxicity testing, data interpretation, and custom electronic reporting.",no_explicit_gmp,True,found_via_search,extracted,"checked_pages_not_found (pages_checked=8,fetched_ok=8,total_text_chars=35603)",extracted,extracted,extracted,extracted,RMB Environmental Laboratories,False,Virginia Lab @ RMB Environmental Laboratories
ENT-000981,1,env_labs_standardized.csv,"RMB Environmental Laboratories, Inc.- Detroit Lakes",,TNI01182,22796 County Highway 6,Detroit Lakes,Minnesota,,,env_labs,https://www.rmbel.com/,Robert Borash,customerservice@rmbel.com,,,,,,"RMB Environmental Laboratories provides environmental testing services including industrial & municipal wastewater testing, groundwater testing, drinking water testing, lakes and streams monitoring, RCRA monitoring & hazardous waste testing, field sampling services, environmental toxicity testing, data interpretation & custom electronic reporting, and mobile laboratory and courier services.",no_explicit_gmp,True,found_via_search,extracted,found_via_fallback_search,extracted,extracted,extracted,extracted,RMB Environmental Laboratories,False,Detroit Lakes Lab @ RMB Environmental Laboratories
ENT-000982,1,env_labs_standardized.csv,RMB-Pequot Lakes,,TNI02970,30968 S Washington Ave,Pequot Lakes,Minnesota,,,env_labs,https://www.rmbel.com/,,customerservicePQ@rmbel.com,,,,,,"RMB provides environmental testing services including industrial and municipal wastewater testing, groundwater testing, drinking water testing, lakes and streams monitoring, RCRA monitoring and hazardous waste testing, environmental toxicity testing, and field sampling services. The site also lists data interpretation/custom electronic reporting, mobile laboratory, and courier services.",no_explicit_gmp,True,found_via_search,extracted,"checked_pages_not_found (pages_checked=8,fetched_ok=8,total_text_chars=35603)",extracted,extracted,extracted,extracted,RMB,True,HQ Lab @ RMB
ENT-000983,1,env_labs_standardized.csv,ROCHESTER (C) WATER BUREAU,,TNI01483,,HEMLOCK,New York,,,env_labs,https://www.cityofrochester.gov/,,watertest@cityofrochester.gov,,,,,,,,,found_via_search,found_via_fallback_search,"no_pages_fetched_ok (pages_checked=1,fetched_ok=0,total_text_chars=0)",found_via_fallback_search,"no_pages_fetched_ok (pages_checked=1,fetched_ok=0,total_text_chars=0)","no_pages_fetched_ok (pages_checked=1,fetched_ok=0,total_text_chars=0)","no_pages_fetched_ok (pages_checked=1,fetched_ok=0,total_text_chars=0)",ROCHESTER C WATER BUREAU,True,HQ Lab @ ROCHESTER C WATER BUREAU
ENT-000984,1,env_labs_standardized.csv,Rochester Public Utilities,,TNI01124,,Rochester,Minnesota,,,env_labs,https://www.rpu.org/,,customercare@rpu.org,,,,,,"Provides electric and water services, including upgrading electric and water meters through an Advanced Metering Project (remotely read meters, detect outages more quickly, and provide detailed usage data). Publishes water quality reports (Consumer Confidence Reports) and describes testing/monitoring of wells (e.g., chlorine and fluoride tests) and compliance with drinking water regulations.",no_explicit_gmp,False,found_via_search,extracted,"checked_pages_not_found (pages_checked=8,fetched_ok=8,total_text_chars=48900)",extracted,extracted,"checked_pages_not_found (pages_checked=8,fetched_ok=8,total_text_chars=48900)",extracted,Rochester Public Utilities,True,HQ Lab @ Rochester Public Utilities
ENT-000985,1,env_labs_standardized.csv,ROCKLAND COUNTY SEWER DISTRICT 1,,TNI01548,4 Route 340,ORANGEBURG,New York,,,env_labs,https://www.rocklandcountyny.gov/departments/sewer-district-1,"Michael R. Saber, P.E.",rcsd@co.rockland.ny.us,,,,,,,,,found_via_search,found_via_fallback_search,found_via_fallback_search,found_via_fallback_search,"no_pages_fetched_ok (pages_checked=1,fetched_ok=0,total_text_chars=0)","no_pages_fetched_ok (pages_checked=1,fetched_ok=0,total_text_chars=0)","no_pages_fetched_ok (pages_checked=1,fetched_ok=0,total_text_chars=0)",ROCKLAND COUNTY SEWER DISTRICT 1,True,HQ Lab @ ROCKLAND COUNTY SEWER DISTRICT 1
ENT-000986,1,env_labs_standardized.csv,Rogue Research Lab LLC,,TNI02502,,Rogue River,Oregon,,,env_labs,,,,,,,,,,,,search_found_nothing,found_via_fallback_search,no_website_cannot_check_pages,no_website_cannot_check_pages,no_website_cannot_check_pages,no_website_cannot_check_pages,no_website_cannot_check_pages,Rogue Research Lab,True,HQ Lab @ Rogue Research Lab
ENT-000987,1,env_labs_standardized.csv,Rose City Laboratories,,TNI02462,7200 SE Johnson Creek Blvd.,Portland,Oregon,,,env_labs,https://www.rosecitylabs.com/,Chris Griffey Laboratory Director,info@rosecitylabs.com,,,,,,"Rose City Labs provides environmental and product testing services including microbiological testing, water quality testing (e.g., heavy metals, lead, arsenic, radon, PFAS, and coliform/E.coli), mold/indoor air quality testing, radon testing, asbestos surveys/testing, legionella testing, and pesticides testing. They also provide cannabis and hemp-related compliance testing (including OLCC compliance testing for potency, pesticides, water activity, moisture content, residual solvents, mycotoxins, heavy metals, and microbiological screening), along with product testing such as psilocybin testing, plant virus/pathogen testing, genetics and gender ID, and terpenes - R&D testing.",no_explicit_gmp,True,found_via_search,extracted,extracted,extracted,extracted,extracted,extracted,Rose City Laboratories,True,HQ Lab @ Rose City Laboratories
ENT-000988,1,env_labs_standardized.csv,"RTCA-RADON TESTING CORPORATION OF AMERICA, INC",,TNI01608,2 Hayes Street,ELMSFORD,New York,,,env_labs,https://rtca.com/,,info@rtca.com,,,,,,"Provides radon testing services with ""same day reporting of results."" Also offers ""Mitigation Services"" and a ""Radon Education Program"" to become a certified tester.",no_explicit_gmp,True,found_via_search,extracted,"checked_pages_not_found (pages_checked=8,fetched_ok=8,total_text_chars=40224)",found_via_fallback_search,extracted,extracted,extracted,RTCA RADON TESTING,True,HQ Lab @ RTCA RADON TESTING
ENT-000989,1,env_labs_standardized.csv,RTI International,,TNI02672,3040 East Cornwallis Road,Durham,North Carolina,,,env_labs,https://www.rti.org/,Tim J. Gabel,rtipress@rti.org,,,,,,"RTI provides research institute services including delivering “reliable data, thorough analysis, innovative methods, novel technologies, and sustainable programs” for clients. RTI also publishes “peer-reviewed, open-access books, reports, and briefs” under RTI Press.",explicit_gmp,True,found_via_search,extracted,extracted,extracted,found_via_fallback_search,extracted,extracted,RTI International,True,HQ Lab @ RTI International
ENT-000990,1,env_labs_standardized.csv,"RTI Laboratories, Inc.",,TNI01993,31628 Glendale Street; 33080 Industrial Road,Livonia,Michigan,,,env_labs,https://rtilab.com/,Jerry Singh,sales@rtilab.com; information@rtilab.com,,,,,,"Environmental, chemical and materials testing services including environmental chemistry (semivolatile organics, volatile organics, pesticides/PCBs/herbicides, PFOS and PFOA, general chemistry, microbiology, metals), and specialty services such as explosives/energetics, sediment/dredge materials, lead testing, drinking water, waste characterization, metallurgical analysis/testing, failure analysis, alloy/mechanical/tensile/surface/corrosion testing, environmental exposure lab, product compliance testing, brake friction materials testing, RoHS and VOC content analysis (EPA Method 24), cleanliness testing, and industrial chemistry (paints/coatings/polymers, printed circuit board analysis, materials identification).",no_explicit_gmp,True,found_via_search,extracted,extracted,extracted,extracted,extracted,extracted,RTI Laboratories,True,HQ Lab @ RTI Laboratories
ENT-000991,1,env_labs_standardized.csv,S and S Onsite Analytical Ltd,,TNI02352,7277 Twp. Rd. 95,Findlay,Ohio,,,env_labs,https://www.snsonsite.com/,"Mr. Robert J. Schock, Owner",bschock212@aol.com,,,,,,"Provides fully equipped mobile laboratory services for real-time on-site analysis of water, soil, and hazardous waste samples to support environmental investigations, remediation, and compliance. Testing includes NELAP certified analytical support with VOC (8260), SVOC (8270), PCB (8082), and GRO & DRO (TPH) petroleum hydrocarbon analyses, with Level III (and upon request Level IV) data reporting.",no_explicit_gmp,True,found_via_search,extracted,found_via_fallback_search,extracted,extracted,extracted,extracted,S and S Onsite Analytical,True,HQ Lab @ S and S Onsite Analytical
ENT-000992,1,env_labs_standardized.csv,"SABAN ANALYTICAL, LLC",,TNI02537,201 Stuyvesant Avenue,LYNDHURST,New Jersey,,,env_labs,http://www.sabanlab.com,Stephen Pharai,[email protected],,,,,,,no_explicit_gmp,False,found_via_search,found_via_fallback_search,found_via_fallback_search,found_via_fallback_search,extracted,"checked_pages_not_found (pages_checked=5,fetched_ok=3,total_text_chars=14157)","checked_pages_not_found (pages_checked=5,fetched_ok=3,total_text_chars=14157)",SABAN ANALYTICAL,True,HQ Lab @ SABAN ANALYTICAL
ENT-000993,1,env_labs_standardized.csv,Sabetha Municipal Wastewater Laboratory,,TNI01931,810 S. Old Hwy 75,Sabetha,Kansas,,,env_labs,https://www.cityofsabetha.com/,,info@cityofsabetha.com,,,,,,"The provided text describes municipal operations such as streets, water treatment, water distribution, wastewater treatment, and wastewater collection.",no_explicit_gmp,False,found_via_search,found_via_fallback_search,"checked_pages_not_found (pages_checked=8,fetched_ok=8,total_text_chars=22826)",extracted,extracted,"checked_pages_not_found (pages_checked=8,fetched_ok=8,total_text_chars=22826)",extracted,Sabetha Municipal Wastewater Laboratory,True,HQ Lab @ Sabetha Municipal Wastewater Laboratory
ENT-000994,1,env_labs_standardized.csv,Sabine River Authority of Texas,,TNI00057,,Orange,Texas,,,env_labs,https://sratx.org/,,,,,,,,,,,found_via_search,found_via_fallback_search,"no_pages_fetched_ok (pages_checked=1,fetched_ok=0,total_text_chars=0)","no_pages_fetched_ok (pages_checked=1,fetched_ok=0,total_text_chars=0)","no_pages_fetched_ok (pages_checked=1,fetched_ok=0,total_text_chars=0)","no_pages_fetched_ok (pages_checked=1,fetched_ok=0,total_text_chars=0)","no_pages_fetched_ok (pages_checked=1,fetched_ok=0,total_text_chars=0)",Sabine River Authority of Texas,True,HQ Lab @ Sabine River Authority of Texas
ENT-000995,1,env_labs_standardized.csv,SAFETY-KLEEN CORP-BUFFALO,,TNI01735,41 N. Gates Avenue,BUFFALO,New York,,,env_labs,https://www.safety-kleen.com/,,,,,,,,"Safety-Kleen provides environmental services including parts washers (aqueous and solvent), used oil collection and oil re-refining, oil filter recycling, vacuum services, and waste services such as fuel blending, landfill, incineration, and waste water. It also offers compliance services (compliance training, SDS programs) and total project management, field services, remediation, and emergency response services.",no_explicit_gmp,True,found_via_search,extracted,"checked_pages_not_found (pages_checked=8,fetched_ok=8,total_text_chars=65037)","checked_pages_not_found (pages_checked=8,fetched_ok=8,total_text_chars=65037)",extracted,extracted,extracted,SAFETY KLEEN,True,HQ Lab @ SAFETY KLEEN
ENT-000996,1,env_labs_standardized.csv,Saint Paul Regional Water Services,,TNI01074,,St Paul,Minnesota,,,env_labs,https://www.stpaul.gov/departments/saint-paul-regional-water-services/,,waterinquiries@ci.stpaul.mn.us,,,,,,"The provided text shows Saint Paul Regional Water Services billing/payment-related navigation, including “Billing and Payment,” “Rates and Fees,” and “Water Construction Projects,” as well as “About Your Water,” “Annual Water Quality Report,” and “Water Conservation Publications.”",no_explicit_gmp,False,found_via_search,found_via_fallback_search,"checked_pages_not_found (pages_checked=8,fetched_ok=8,total_text_chars=102436)",found_via_fallback_search,extracted,"checked_pages_not_found (pages_checked=8,fetched_ok=8,total_text_chars=102436)",extracted,Saint Paul Regional Water Services,True,HQ Lab @ Saint Paul Regional Water Services
ENT-000997,1,env_labs_standardized.csv,Salt Lake City Water Reclamation Plant Lab,,TNI01994,2020 N Redwood Road,Salt Lake City,Utah,,,env_labs,https://makeitpure.slc.gov/,"Cas Knies, MPH",cas.knies@slcgov.com,,,,,,"Salt Lake City Department of Public Utilities operates the Water Reclamation Facility, treating an average of 35 million gallons of wastewater daily and returning treated water to the environment and Great Salt Lake. The facility treats wastewater to meet water quality standards set by the state and uses processes including biological nutrient removal (phosphorus) and UV disinfection.",no_explicit_gmp,False,found_via_search,found_via_fallback_search,found_via_fallback_search,found_via_fallback_search,extracted,"checked_pages_not_found (pages_checked=4,fetched_ok=4,total_text_chars=25016)",extracted,Salt Lake City Water Reclamation Plant Lab,True,HQ Lab @ Salt Lake City Water Reclamation Plant Lab
ENT-000998,1,env_labs_standardized.csv,San Antonio Metropolitan Health District,,TNI00113,,San Antonio,Texas,,,env_labs,https://www.sa.gov/Directory/Departments/SAMHD,,samhd@sanantonio.gov,,,,,,,,,found_via_search,found_via_fallback_search,"no_pages_fetched_ok (pages_checked=1,fetched_ok=0,total_text_chars=0)",found_via_fallback_search,"no_pages_fetched_ok (pages_checked=1,fetched_ok=0,total_text_chars=0)","no_pages_fetched_ok (pages_checked=1,fetched_ok=0,total_text_chars=0)","no_pages_fetched_ok (pages_checked=1,fetched_ok=0,total_text_chars=0)",San Antonio Metropolitan Health District,True,HQ Lab @ San Antonio Metropolitan Health District
ENT-000999,1,env_labs_standardized.csv,San Antonio River Authority Regional Environmental Laboratory,,TNI00053,600 E Euclid Ave,San Antonio,Texas,,,env_labs,https://www.sariverauthority.org/services/river-health/laboratory-services/,,saralab@sariverauthority.org,,,,,,,,,found_via_search,found_via_fallback_search,"no_pages_fetched_ok (pages_checked=1,fetched_ok=0,total_text_chars=0)",found_via_fallback_search,"no_pages_fetched_ok (pages_checked=1,fetched_ok=0,total_text_chars=0)","no_pages_fetched_ok (pages_checked=1,fetched_ok=0,total_text_chars=0)","no_pages_fetched_ok (pages_checked=1,fetched_ok=0,total_text_chars=0)",San Antonio River Authority Regional Environmental Laboratory,True,HQ Lab @ San Antonio River Authority Regional Environmental Laboratory
ENT-001000,1,env_labs_standardized.csv,San Antonio Water System Environmental Laboratory,,TNI00105,2800 US Hwy 281 N,San Antonio,Texas,,,env_labs,https://www.saws.org/,,tacosta@saws.org,,,,,,"The page describes SAWS as providing water and wastewater service, including maintaining water and sewer infrastructure (e.g., inspecting, cleaning and maintaining miles of water and sewer mains) and operating major facilities such as a desal plant that converts salty groundwater into drinking water.",no_explicit_gmp,False,found_via_search,extracted,"checked_pages_not_found (pages_checked=8,fetched_ok=8,total_text_chars=50196)",found_via_fallback_search,extracted,"checked_pages_not_found (pages_checked=8,fetched_ok=8,total_text_chars=50196)",extracted,San Antonio Water System Environmental Laboratory,True,HQ Lab @ San Antonio Water System Environmental Laboratory
ENT-001001,1,env_labs_standardized.csv,"SanAir Technologies Laboratory, Inc.",,TNI02295,10501 Trade Ct,North Chesterfield,Virginia,,,env_labs,https://sanair.com/,Sandra C. Sobrino,ssobrino@sanair.com,,,,,,,,,found_via_search,found_via_fallback_search,found_via_fallback_search,found_via_fallback_search,"no_pages_fetched_ok (pages_checked=1,fetched_ok=0,total_text_chars=0)","no_pages_fetched_ok (pages_checked=1,fetched_ok=0,total_text_chars=0)","no_pages_fetched_ok (pages_checked=1,fetched_ok=0,total_text_chars=0)",SanAir Technologies Laboratory,True,HQ Lab @ SanAir Technologies Laboratory
ENT-001002,1,env_labs_standardized.csv,"SANAIR TECHNOLOGIES LABORATORY, INC.",,TNI01798,,SYRACUSE,New York,,,env_labs,https://www.sanair.com/,Russ Pellegrino,rpellegrino@sanair.com,,,,,,,,,found_via_search,found_via_fallback_search,found_via_fallback_search,found_via_fallback_search,"no_pages_fetched_ok (pages_checked=1,fetched_ok=0,total_text_chars=0)","no_pages_fetched_ok (pages_checked=1,fetched_ok=0,total_text_chars=0)","no_pages_fetched_ok (pages_checked=1,fetched_ok=0,total_text_chars=0)",SANAIR TECHNOLOGIES LABORATORY,True,HQ Lab @ SANAIR TECHNOLOGIES LABORATORY
ENT-001003,1,env_labs_standardized.csv,Sangamon County Water Reclamation District,,TNI02546,3000 N. Eighth Street,Springfield,Illinois,,,env_labs,https://scwrd.org/,,info@scwrd.org,,,,,,"The District operates wastewater collection and treatment, including the Spring Creek plant (operating by 1929) and a second treatment plant, Sugar Creek (brought on line in 1973).",no_explicit_gmp,False,found_via_search,found_via_fallback_search,"checked_pages_not_found (pages_checked=2,fetched_ok=2,total_text_chars=5886)",found_via_fallback_search,extracted,"checked_pages_not_found (pages_checked=2,fetched_ok=2,total_text_chars=5886)",extracted,Sangamon County Water Reclamation District,True,HQ Lab @ Sangamon County Water Reclamation District
ENT-001004,1,env_labs_standardized.csv,Sanitation District No 1 Analytical Laboratory,,TNI02247,1045 Eaton Drive,Villa Hills,Kentucky,,,env_labs,https://www.sd1.org/,,info@sd1.org,,,,,,,no_explicit_gmp,False,found_via_search,extracted,"checked_pages_not_found (pages_checked=5,fetched_ok=4,total_text_chars=5987)",extracted,extracted,"checked_pages_not_found (pages_checked=5,fetched_ok=4,total_text_chars=5987)","checked_pages_not_found (pages_checked=5,fetched_ok=4,total_text_chars=5987)",Sanitation District No 1 Analytical Laboratory,True,HQ Lab @ Sanitation District No 1 Analytical Laboratory
ENT-001005,1,env_labs_standardized.csv,Sapphire Americas,,TNI01885,,Chanute,Kansas,,,env_labs,https://www.ashgrove.com/sapphire-americas,Jessica Gray,,,,,,,"Sapphire Americas specializes in transforming residual and non-recyclable materials into alternative fuels and raw materials for cement manufacturing. It provides waste management solutions and uses advanced pre-processing, laboratory testing, and feedstock analysis to evaluate and prepare materials for safe and efficient use.",no_explicit_gmp,True,found_via_search,"checked_pages_not_found (pages_checked=5,fetched_ok=5,total_text_chars=22409)",found_via_fallback_search,"checked_pages_not_found (pages_checked=5,fetched_ok=5,total_text_chars=22409)",extracted,extracted,extracted,Sapphire Americas,True,HQ Lab @ Sapphire Americas
ENT-001006,1,env_labs_standardized.csv,Sarasota County Utilities - Pump Station #2 Laboratory,,TNI00555,1001 South Beneva Road,Sarasota,Florida,,,env_labs,https://scgovutility.com/,,utilitybill@scgov.net,,,,,,,,,found_via_search,found_via_fallback_search,"no_pages_fetched_ok (pages_checked=1,fetched_ok=0,total_text_chars=0)",found_via_fallback_search,"no_pages_fetched_ok (pages_checked=1,fetched_ok=0,total_text_chars=0)","no_pages_fetched_ok (pages_checked=1,fetched_ok=0,total_text_chars=0)","no_pages_fetched_ok (pages_checked=1,fetched_ok=0,total_text_chars=0)",Sarasota County Utilities Pump Station 2 Laboratory,True,HQ Lab @ Sarasota County Utilities Pump Station 2 Laboratory
ENT-001007,1,env_labs_standardized.csv,Sarasota County Utilities - T. Mabry Carlton Water Treatment Plant Laboratory,,TNI00556,1255 T. Mabry Carlton Parkway,Venice,Florida,,,env_labs,https://www.scgov.net/,,utilitybill@scgov.net,,,,,,,,,found_via_search,found_via_fallback_search,"no_pages_fetched_ok (pages_checked=1,fetched_ok=0,total_text_chars=0)",found_via_fallback_search,"no_pages_fetched_ok (pages_checked=1,fetched_ok=0,total_text_chars=0)","no_pages_fetched_ok (pages_checked=1,fetched_ok=0,total_text_chars=0)","no_pages_fetched_ok (pages_checked=1,fetched_ok=0,total_text_chars=0)",Sarasota County Utilities T Mabry Carlton Water Treatment Plant Laboratory,True,HQ Lab @ Sarasota County Utilities T Mabry Carlton Water Treatment Plant Laboratory
ENT-001008,1,env_labs_standardized.csv,SARATOGA CO SEWER DIS 1,,TNI01494,1002 Hudson River Road,MECHANICVILLE,New York,,,env_labs,https://www.saratogacountyny.gov/departments/sewer-district-1/,"Chad M. Cooke, P.E.",Ccooke@saratogacountyny.gov,,,,,,,,,found_via_search,found_via_fallback_search,found_via_fallback_search,found_via_fallback_search,"no_pages_fetched_ok (pages_checked=8,fetched_ok=0,total_text_chars=0)","no_pages_fetched_ok (pages_checked=8,fetched_ok=0,total_text_chars=0)","no_pages_fetched_ok (pages_checked=8,fetched_ok=0,total_text_chars=0)",SARATOGA CO SEWER DIS 1,True,HQ Lab @ SARATOGA CO SEWER DIS 1
ENT-001009,1,env_labs_standardized.csv,SC Laboratories Oregon LLC,,TNI02474,"15865 SW 74th Avenue, Suite 110",Tigard,Oregon,,,env_labs,https://www.sclabs.com/,,info@sclabs.com,,,,,,,,,found_via_search,found_via_fallback_search,"no_pages_fetched_ok (pages_checked=1,fetched_ok=0,total_text_chars=0)",found_via_fallback_search,"no_pages_fetched_ok (pages_checked=1,fetched_ok=0,total_text_chars=0)","no_pages_fetched_ok (pages_checked=1,fetched_ok=0,total_text_chars=0)","no_pages_fetched_ok (pages_checked=1,fetched_ok=0,total_text_chars=0)",SC Laboratories Oregon,True,HQ Lab @ SC Laboratories Oregon
ENT-001010,1,env_labs_standardized.csv,SCDPW SANITATION DIVISION LABORATORY,,TNI01436,,WEST BABYLON,New York,,,env_labs,,,,,,,,,,,,search_found_nothing,found_via_fallback_search,no_website_cannot_check_pages,no_website_cannot_check_pages,no_website_cannot_check_pages,no_website_cannot_check_pages,no_website_cannot_check_pages,SCDPW SANITATION DIVISION LABORATORY,True,HQ Lab @ SCDPW SANITATION DIVISION LABORATORY
ENT-001011,1,env_labs_standardized.csv,SCHENECTADY (C) WATER LABORATORY,,TNI01471,,SCHENECTADY,New York,,,env_labs,,,,,,,,,,,,search_found_nothing,found_via_fallback_search,no_website_cannot_check_pages,no_website_cannot_check_pages,no_website_cannot_check_pages,no_website_cannot_check_pages,no_website_cannot_check_pages,SCHENECTADY C WATER LABORATORY,True,HQ Lab @ SCHENECTADY C WATER LABORATORY
ENT-001012,1,env_labs_standardized.csv,"Schneider Laboratories Global, Inc.",,TNI01693,,Richmond,Virginia,,,env_labs,https://www.slabinc.com/,Kelly Muncy,cs@slabinc.com,,,,,,"Provides environmental and industrial hygiene testing including asbestos bulk sample analysis (Polarized Light Microscopy) and air sample analysis (Phase Contrast Microscopy), plus air analysis, bulk analysis, and trace/priority pollutant metals analysis (including hexavalent chromium). Also offers industrial hygiene testing for lead, formaldehyde, PCBs, hydrocarbons, silica, and asbestos; microbiology/mold analysis (identification of spores and evaluation of debris) and bacteria analysis in water (E-coli and Total Coliform).",no_explicit_gmp,True,found_via_search,extracted,found_via_fallback_search,extracted,extracted,extracted,extracted,Schneider Laboratories Global,True,HQ Lab @ Schneider Laboratories Global
ENT-001013,1,env_labs_standardized.csv,"SCIENTIFIC ANALYTICAL INSTITUTE, INC.",,TNI01850,4604 Dundas Drive,GREENSBORO,North Carolina,,,env_labs,https://www.sailab.com/,"Ired GULLEY Vice President, Laboratory Director",ndurham@sailab.com,,,,,,"Provides laboratory testing and analysis services including Asbestos Analysis, Environmental Microbiology, Lead Analysis, Hexavalent Chromium Analysis, Silica Analysis, Forensics and Materials (FTIR), Heavy Metals Analysis, Industrial Hygiene, Legionella testing, and mobile Scopes on Site® for spore trap/direct exams, plus a free Pump Loan Program. Also supports Combustion Byproduct Analysis and Nanotubes & Nanoparticles analysis.",no_explicit_gmp,True,found_via_search,extracted,extracted,found_via_fallback_search,extracted,extracted,extracted,SCIENTIFIC ANALYTICAL INSTITUTE,True,HQ Lab @ SCIENTIFIC ANALYTICAL INSTITUTE
ENT-001014,1,env_labs_standardized.csv,"Scientific Control Laboratory, Inc.",,TNI02047,,Chicago,Illinois,,,env_labs,https://www.sclweb.com/,Joelie Zak,joeliezak@sclweb.com,,,,,,,,,found_via_search,found_via_fallback_search,found_via_fallback_search,found_via_fallback_search,"no_pages_fetched_ok (pages_checked=1,fetched_ok=0,total_text_chars=0)","no_pages_fetched_ok (pages_checked=1,fetched_ok=0,total_text_chars=0)","no_pages_fetched_ok (pages_checked=1,fetched_ok=0,total_text_chars=0)",Scientific Control Laboratory,True,HQ Lab @ Scientific Control Laboratory
ENT-001015,1,env_labs_standardized.csv,"SDK Laboratories, Inc.",,TNI01905,,Hutchinson,Kansas,,,env_labs,https://www.sdklabs.com/,,mail@sdklabs.com,,,,,,,no_explicit_gmp,,found_via_search,found_via_fallback_search,"pages_likely_js_rendered (pages_checked=1,fetched_ok=1,total_text_chars=26)",found_via_fallback_search,extracted,"pages_likely_js_rendered (pages_checked=1,fetched_ok=1,total_text_chars=26)","pages_likely_js_rendered (pages_checked=1,fetched_ok=1,total_text_chars=26)",SDK Laboratories,True,HQ Lab @ SDK Laboratories
ENT-001016,1,env_labs_standardized.csv,SE Utah District Health Department Laboratory,,TNI01995,149 East 100 South,Price,Utah,,,env_labs,https://seuhealth.gov/,Brady Bradford,bbradfor@utah.gov,,,,,,Provides immunization and tuberculosis screening services including vaccines and TB testing (TB tests (PPD) are placed during clinic hours and will be read 48 hours later). Also offers walk-in clinic services and other public health services such as food service inspections and food handler/food safety manager permitting.,no_explicit_gmp,False,found_via_search,extracted,extracted,extracted,extracted,"checked_pages_not_found (pages_checked=8,fetched_ok=8,total_text_chars=40875)",extracted,SE Utah District Health Department Laboratory,True,HQ Lab @ SE Utah District Health Department Laboratory
ENT-001017,1,env_labs_standardized.csv,SEACOAST ANALYTICAL SERVICES LLC (#1733),,TNI01062,72 Pinkham Road,LEE,New Hampshire,,,env_labs,https://seacoastanalytical.com/,,CustomerService@seacoastanalytical.com,,,,,,"Provides drinking water and radon testing, including water analysis and radon air analysis and radon water. Also offers an arsenic monitoring program with sample monitoring every 6 months, email reminders, and detailed reports after receiving samples.",no_explicit_gmp,True,found_via_search,extracted,"checked_pages_not_found (pages_checked=8,fetched_ok=8,total_text_chars=18453)",extracted,extracted,extracted,extracted,SEACOAST ANALYTICAL SERVICES,True,HQ Lab @ SEACOAST ANALYTICAL SERVICES
ENT-001018,1,env_labs_standardized.csv,Seacoast Utility Authority - Central Lab,,TNI00557,4200 Hood Road,Palm Beach Gardens,Florida,,,env_labs,https://www.sua.com/,,kazulay@sua.com,,,,,,"Provides wastewater collection, treatment, and disposal services. Also operates a state-of-the-art membrane water treatment plant that produces drinking water quality of the highest quality and allows waste stream recycling.",no_explicit_gmp,False,found_via_search,extracted,"checked_pages_not_found (pages_checked=4,fetched_ok=4,total_text_chars=39316)",extracted,extracted,"checked_pages_not_found (pages_checked=4,fetched_ok=4,total_text_chars=39316)",extracted,Seacoast Utility Authority Central Lab,True,HQ Lab @ Seacoast Utility Authority Central Lab
ENT-001019,1,env_labs_standardized.csv,Seminole Electric Cooperative Inc.,,TNI02641,16313 North Dale Mabry Highway,Palatka,Florida,,,env_labs,https://www.seminole-electric.com/,Leigh Holmes,lholmes@seminole-electric.com,,,,,,"Seminole Electric provides wholesale electric power to nine Member distribution electric cooperatives and owns/operates/maintains electric generation and transmission facilities, including coal-fired and natural gas-fired generating stations and a cooperative solar facility. It also operates a transmission vegetation management/right-of-way maintenance program for safe and reliable electric service.",no_explicit_gmp,False,found_via_search,extracted,extracted,extracted,extracted,"checked_pages_not_found (pages_checked=8,fetched_ok=8,total_text_chars=29811)",extracted,Seminole Electric Cooperative,True,HQ Lab @ Seminole Electric Cooperative
ENT-001020,1,env_labs_standardized.csv,"Servi-Tech, Inc",,TNI01890,1816 E Wyatt Earp Blvd,Dodge City,Kansas,,,env_labs,https://www.servitech.com/,Sean Jenkins,sean.jenkins@servitech.com,,,,,,"ServiTech Laboratories provide soil testing, feed and forages testing (including NIR testing), water testing, plant tissue analysis, fertilizer/lime/gypsum analysis, manure and compost analysis, wastewater analysis, and environmental solids testing. The company also offers laboratory support such as sample drop-off locations and lab reporting/interpretation.",no_explicit_gmp,True,found_via_search,extracted,found_via_fallback_search,found_via_fallback_search,extracted,extracted,extracted,Servi Tech,True,HQ Lab @ Servi Tech
ENT-001021,1,env_labs_standardized.csv,"ServiTech, Inc. - Amarillo Location",,TNI00055,6921 Bell St,Amarillo,Texas,,,env_labs,https://servitechlabs.com/,,,,,,,,"ServiTech Laboratories provides water testing with customizable water testing packages and result analysis, including parameters such as coliform, nitrate, EC, pH, sulfate, fluoride, TDS, hardness, alkalinity, and related calculated properties. The page also describes submitting water samples and receiving expert guidance to understand results.",explicit_gmp,True,found_via_search,extracted,"checked_pages_not_found (pages_checked=8,fetched_ok=6,total_text_chars=15951)","checked_pages_not_found (pages_checked=8,fetched_ok=6,total_text_chars=15951)",found_via_fallback_search,extracted,extracted,ServiTech,True,HQ Lab @ ServiTech
ENT-001022,1,env_labs_standardized.csv,SGS AXYS Analytical Services Ltd.,,TNI00279,"2045 Mills Road West, Sidney, BC V8L 5X2",Sidney,British Columbia,,,env_labs,http://www.sgsaxys.com/,Ms. Rhonda Stoddard,rhonda.stoddard@sgs.com,,,,,,,,,found_via_search,found_via_fallback_search,found_via_fallback_search,found_via_fallback_search,"no_pages_fetched_ok (pages_checked=1,fetched_ok=0,total_text_chars=0)","no_pages_fetched_ok (pages_checked=1,fetched_ok=0,total_text_chars=0)","no_pages_fetched_ok (pages_checked=1,fetched_ok=0,total_text_chars=0)",SGS AXYS Analytical Services,True,HQ Lab @ SGS AXYS Analytical Services
ENT-001023,1,env_labs_standardized.csv,"SGS Korea Co., Ltd.",,TNI02417,"11-12F, Cheongryong Building, 257, Hangang-daero, Galwol-dong, Yongsan-gu",Anyang-si,Not Applicable,,,env_labs,https://www.sgs.com/en-kr,Dr. Hingwo Tsang,,,,,,,"SGS provides testing, inspection and certification services, including “FCM testing, including migration tests,” and “documentation review” and guidance for compliance with regulatory and environmental standards.",no_explicit_gmp,True,found_via_search,extracted,extracted,"checked_pages_not_found (pages_checked=8,fetched_ok=8,total_text_chars=33345)",extracted,extracted,extracted,SGS Korea Co,True,HQ Lab @ SGS Korea Co
ENT-001024,1,env_labs_standardized.csv,SGS NA Mineral Services,,TNI02513,"400 Broadacres Drive, Suite 200, 2nd Floor",Sophia,West Virginia,,,env_labs,https://www.sgs.com/en-us,Dr. Hingwo Tsang,,,,,,,"Provides testing and certification/assurance services including “product certification” and “comprehensive FCM testing, including migration tests,” plus expert guidance on compliance and documentation review.",no_explicit_gmp,True,found_via_search,extracted,extracted,"checked_pages_not_found (pages_checked=8,fetched_ok=8,total_text_chars=33748)",extracted,extracted,extracted,SGS NA Mineral Services,True,HQ Lab @ SGS NA Mineral Services
ENT-001025,1,env_labs_standardized.csv,SGS North America Inc,,TNI01996,,Huntington,Utah,,,env_labs,https://www.sgs.com/,,,,,,,,"SGS provides testing and certification-related services, including “comprehensive FCM testing, including migration tests,” plus “expert guidance on evolving regulations, compliance issues and documentation review.”",no_explicit_gmp,True,found_via_search,"checked_pages_not_found (pages_checked=8,fetched_ok=8,total_text_chars=32606)","checked_pages_not_found (pages_checked=8,fetched_ok=8,total_text_chars=32606)","checked_pages_not_found (pages_checked=8,fetched_ok=8,total_text_chars=32606)",extracted,extracted,extracted,SGS North America,False,Huntington Lab @ SGS North America
ENT-001026,1,env_labs_standardized.csv,SGS North America Inc - Scott,,TNI01404,500 Ambassador Caffery Parkway,Scott,Louisiana,,,env_labs,https://env.sgs.com/,Ronald Benjamin,,,,,,,,,,found_via_search,found_via_fallback_search,found_via_fallback_search,"no_pages_fetched_ok (pages_checked=1,fetched_ok=0,total_text_chars=0)","no_pages_fetched_ok (pages_checked=1,fetched_ok=0,total_text_chars=0)","no_pages_fetched_ok (pages_checked=1,fetched_ok=0,total_text_chars=0)","no_pages_fetched_ok (pages_checked=1,fetched_ok=0,total_text_chars=0)",SGS North America,False,Scott Lab @ SGS North America
ENT-001027,1,env_labs_standardized.csv,SGS North America Inc - Wilmington NC,,TNI00558,,Wilmington,North Carolina,,,env_labs,https://env.sgs.com/,Jeannie Milholland,Jeannie.Milholland@sgs.com,,,,,,,,,found_via_search,found_via_fallback_search,found_via_fallback_search,found_via_fallback_search,"no_pages_fetched_ok (pages_checked=1,fetched_ok=0,total_text_chars=0)","no_pages_fetched_ok (pages_checked=1,fetched_ok=0,total_text_chars=0)","no_pages_fetched_ok (pages_checked=1,fetched_ok=0,total_text_chars=0)",SGS North America,False,Wilmington Lab @ SGS North America
ENT-001028,1,env_labs_standardized.csv,SGS North America Inc.  Houston,,TNI00031,,Houston,Texas,,,env_labs,https://env.sgs.com/,"Dr. Kesavalu M. Bagawandoss (Dr. Doss), Ph.D., J.D.",dr.doss@sgs.com,,,,,,,,,found_via_search,found_via_fallback_search,found_via_fallback_search,found_via_fallback_search,"no_pages_fetched_ok (pages_checked=1,fetched_ok=0,total_text_chars=0)","no_pages_fetched_ok (pages_checked=1,fetched_ok=0,total_text_chars=0)","no_pages_fetched_ok (pages_checked=1,fetched_ok=0,total_text_chars=0)",SGS North America,False,Houston Lab @ SGS North America
ENT-001029,1,env_labs_standardized.csv,SGS NORTH AMERICA INC. - DAYTON,,TNI01283,2235 Route 130,DAYTON,New Jersey,,,env_labs,https://env.sgs.com/,Marie Meidhof,EHS.Dayton.QA@sgs.com,,,,,,,,,found_via_search,found_via_fallback_search,found_via_fallback_search,found_via_fallback_search,"no_pages_fetched_ok (pages_checked=1,fetched_ok=0,total_text_chars=0)","no_pages_fetched_ok (pages_checked=1,fetched_ok=0,total_text_chars=0)","no_pages_fetched_ok (pages_checked=1,fetched_ok=0,total_text_chars=0)",SGS NORTH AMERICA,False,Dayton Lab @ SGS NORTH AMERICA
ENT-001030,1,env_labs_standardized.csv,SGS North America Inc. - Wheat Ridge,,TNI01950,,Wheat Ridge,Colorado,,,env_labs,https://env.sgs.com/,,,,,,,,,,,found_via_search,found_via_fallback_search,"no_pages_fetched_ok (pages_checked=1,fetched_ok=0,total_text_chars=0)","no_pages_fetched_ok (pages_checked=1,fetched_ok=0,total_text_chars=0)","no_pages_fetched_ok (pages_checked=1,fetched_ok=0,total_text_chars=0)","no_pages_fetched_ok (pages_checked=1,fetched_ok=0,total_text_chars=0)","no_pages_fetched_ok (pages_checked=1,fetched_ok=0,total_text_chars=0)",SGS North America,False,Wheat Ridge Lab @ SGS North America
ENT-001031,1,env_labs_standardized.csv,"SGS NORTH AMERICA, INC.",,TNI01736,"400 Broadacres Drive, Suite 200, 2nd Floor, Bloomfield, New Jersey",EAST SYRACUSE,New York,,,env_labs,https://www.sgs.com/en-us,Dr. Hingwo Tsang,USCTS.TCB@SGS.COM,,,,,,"Testing materials and articles for multiple markets, including ""comprehensive FCM testing, including migration tests."" Also provides product certification and documentation review to support regulatory and environmental compliance.",explicit_gmp,True,found_via_search,extracted,extracted,found_via_fallback_search,found_via_fallback_search,extracted,extracted,SGS NORTH AMERICA,False,East Syracuse Lab @ SGS NORTH AMERICA
ENT-001032,1,env_labs_standardized.csv,"SGS North America, Inc. - Clovis",,TNI01206,908 N Temperance Ave,Clovis,California,,,env_labs,https://env.sgs.com/locations/location-directory/,,,,,,,,,,,found_via_search,found_via_fallback_search,"no_pages_fetched_ok (pages_checked=1,fetched_ok=0,total_text_chars=0)","no_pages_fetched_ok (pages_checked=1,fetched_ok=0,total_text_chars=0)","no_pages_fetched_ok (pages_checked=1,fetched_ok=0,total_text_chars=0)","no_pages_fetched_ok (pages_checked=1,fetched_ok=0,total_text_chars=0)","no_pages_fetched_ok (pages_checked=1,fetched_ok=0,total_text_chars=0)",SGS North America,False,Clovis Lab @ SGS North America
ENT-001033,1,env_labs_standardized.csv,"SGS North America, Inc. - Orlando",,TNI00247,"4405 Vineland Rd., Ste. C-15",Orlando,Florida,,,env_labs,https://env.sgs.com/,Svetlana Izosimova,svetlana.izosimova@sgs.com,,,,,,,,,found_via_search,found_via_fallback_search,found_via_fallback_search,found_via_fallback_search,"no_pages_fetched_ok (pages_checked=1,fetched_ok=0,total_text_chars=0)","no_pages_fetched_ok (pages_checked=1,fetched_ok=0,total_text_chars=0)","no_pages_fetched_ok (pages_checked=1,fetched_ok=0,total_text_chars=0)",SGS North America,False,Orlando Lab @ SGS North America
ENT-001034,1,env_labs_standardized.csv,SGS Silver State Analytical Laboratories - Reno,,TNI02794,1135 Financial Blvd,Reno,Nevada,,,env_labs,https://env.sgs.com/,Carly Wood,,,,,,,,,,found_via_search,found_via_fallback_search,found_via_fallback_search,"no_pages_fetched_ok (pages_checked=1,fetched_ok=0,total_text_chars=0)","no_pages_fetched_ok (pages_checked=1,fetched_ok=0,total_text_chars=0)","no_pages_fetched_ok (pages_checked=1,fetched_ok=0,total_text_chars=0)","no_pages_fetched_ok (pages_checked=1,fetched_ok=0,total_text_chars=0)",SGS Silver State Analytical Laboratories,True,HQ Lab @ SGS Silver State Analytical Laboratories
ENT-001035,1,env_labs_standardized.csv,"Shale Testing Solutions, LLC",,TNI02291,,Cadiz,Ohio,,,env_labs,https://www.shaletestingsolutions.com/,"Dynelle Keller, RSO",dkeller@shaletestingsolutions.com,,,,,,"Provides radiological testing services for TENORM measurements and certifications of soil, liquid and mud extracted from shale oil drilling sites. Services include radium detection with a “patent-pending” process for radionuclide identification, on-site NORM references, gamma-ray spectroscopy, temperature stabilization, and automatic calibration.",no_explicit_gmp,True,found_via_search,"checked_pages_not_found (pages_checked=4,fetched_ok=4,total_text_chars=5236)",found_via_fallback_search,found_via_fallback_search,extracted,extracted,extracted,Shale Testing Solutions,True,HQ Lab @ Shale Testing Solutions
ENT-001036,1,env_labs_standardized.csv,"SKG Engineering, LLC",,TNI00047,706 South Abe Street,San Angelo,Texas,,,env_labs,https://www.skge.com/,Russell Gully,[email protected],,,,,,"SKG Engineering provides engineering, surveying, environmental, laboratory, drilling, and construction material testing services, including geotechnical investigations, property surveying/ALTA land title surveys, and water and soil analysis. It also performs geotechnical and environmental drilling, monitor well drilling & installation, rock coring, and construction material testing such as concrete, pavement, masonry, metals inspections, soil testing, and welding inspections.",no_explicit_gmp,True,found_via_search,extracted,found_via_fallback_search,extracted,extracted,extracted,extracted,SKG Engineering,True,HQ Lab @ SKG Engineering
ENT-001037,1,env_labs_standardized.csv,Snyderville Basin Water Reclamation District,,TNI01997,2800 Homestead Rd.,Park City,Utah,,,env_labs,https://www.sbwrd-ut.gov/,Tiffini Adams,tadams@sbwrd-ut.gov,,,,,,"Provides wastewater collection and reclamation services for the greater Park City area. Operates wastewater treatment facilities that treat wastewater mechanically, biologically, and chemically so it can be returned to adjacent waterways.",no_explicit_gmp,False,found_via_search,extracted,found_via_fallback_search,found_via_fallback_search,extracted,"checked_pages_not_found (pages_checked=8,fetched_ok=8,total_text_chars=58458)",extracted,Snyderville Basin Water Reclamation District,True,HQ Lab @ Snyderville Basin Water Reclamation District
ENT-001038,1,env_labs_standardized.csv,SOUTH  CENTER CHAUTAUQUA LAKE SEWER DISTRICT,,TNI01442,51 Gifford Avenue,CELORON,New York,,,env_labs,https://chautauquacountyny.gov/water-and-sewer-districts/South-Center-Chautauqua-Lake-Sewer-Distr,Thomas M. Walsh,Walsht@chqgov.com,,,,,,,,,found_via_search,found_via_fallback_search,found_via_fallback_search,found_via_fallback_search,"no_pages_fetched_ok (pages_checked=1,fetched_ok=0,total_text_chars=0)","no_pages_fetched_ok (pages_checked=1,fetched_ok=0,total_text_chars=0)","no_pages_fetched_ok (pages_checked=1,fetched_ok=0,total_text_chars=0)",SOUTH CENTER CHAUTAUQUA LAKE SEWER DISTRICT,True,HQ Lab @ SOUTH CENTER CHAUTAUQUA LAKE SEWER DISTRICT
ENT-001039,1,env_labs_standardized.csv,South Bay Environmental Laboratory,,TNI00566,,Clewiston,Florida,,,env_labs,https://southbayenv.com/,"Scott Stehlik, Founder and President",scott@southbayenv.com,,,,,,"South Bay Environmental provides environmental consulting including environmental site assessments; soil and groundwater investigations; asbestos, lead, radon, and mold surveys; storage tank closure; and a variety of remediation methods.",no_explicit_gmp,True,found_via_search,found_via_fallback_search,extracted,extracted,extracted,extracted,extracted,South Bay Environmental Laboratory,True,HQ Lab @ South Bay Environmental Laboratory
ENT-001040,1,env_labs_standardized.csv,South Central Regional Waste Water Treatment Plant Laboratory,,TNI02112,1801 N. Congress Ave.,Delray Beach,Florida,,,env_labs,https://scrwwtp.org/,"Doug Levine, Plant Manager",dlevine@scrwwtp.org,,,,,,"Processes and treats the cities’ wastewater, treating approximately 24 million gallons per day of raw sewage within environmental guidelines. The treated effluent is processed through a reclaimed water facility for irrigation and excess treated reclaimed water is disposed via a deep injection well.",no_explicit_gmp,False,found_via_search,extracted,extracted,extracted,extracted,"checked_pages_not_found (pages_checked=4,fetched_ok=4,total_text_chars=5053)",extracted,South Central Regional Waste Water Treatment Plant Laboratory,True,HQ Lab @ South Central Regional Waste Water Treatment Plant Laboratory
ENT-001041,1,env_labs_standardized.csv,South Florida Water Management District Chemistry Laboratory,,TNI00567,3301 Gun Club Road,West Palm Beach,Florida,,,env_labs,https://www.sfwmd.gov/,Dave Struve,dstruve@sfwmd.gov,,,,,,,no_explicit_gmp,False,found_via_search,extracted,found_via_fallback_search,found_via_fallback_search,extracted,"checked_pages_not_found (pages_checked=8,fetched_ok=7,total_text_chars=46283)","checked_pages_not_found (pages_checked=8,fetched_ok=7,total_text_chars=46283)",South Florida Water Management District Chemistry Laboratory,True,HQ Lab @ South Florida Water Management District Chemistry Laboratory
ENT-001042,1,env_labs_standardized.csv,South Valley Water Reclamation Facility,,TNI01998,7495 South 1300 West,West Jordan,Utah,,,env_labs,https://svwater.com/,Joshua Lawrence,tworthen@svwater.com,,,,,,"Treating wastewater 24 hours a day seven days a week 365 days a year, removing contamination from the wastewater stream so that water discharged to the Jordan River meets NPDES permit requirements. The site also describes providing public tours (scheduled in advance).",no_explicit_gmp,False,found_via_search,extracted,found_via_fallback_search,extracted,extracted,"checked_pages_not_found (pages_checked=7,fetched_ok=7,total_text_chars=19296)",extracted,South Valley Water Reclamation Facility,True,HQ Lab @ South Valley Water Reclamation Facility
ENT-001043,1,env_labs_standardized.csv,South Walton Utility Company Wastewater Treatment Plant,,TNI00568,,Miramar Beach,Florida,,,env_labs,https://swuci.org/,,RNC@swuci.org,,,,,,,,,found_via_search,found_via_fallback_search,"no_pages_fetched_ok (pages_checked=1,fetched_ok=0,total_text_chars=0)",found_via_fallback_search,"no_pages_fetched_ok (pages_checked=1,fetched_ok=0,total_text_chars=0)","no_pages_fetched_ok (pages_checked=1,fetched_ok=0,total_text_chars=0)","no_pages_fetched_ok (pages_checked=1,fetched_ok=0,total_text_chars=0)",South Walton Utility Company Wastewater Treatment Plant,True,HQ Lab @ South Walton Utility Company Wastewater Treatment Plant
ENT-001044,1,env_labs_standardized.csv,Southeast Environmental Research Center Mercury Laboratory Florida International University,,TNI00570,OE 148,Miami,Florida,,,env_labs,https://environment.fiu.edu/facilities-research-groups/beaf/,Dr. Yong Cai,cai@fiu.edu,,,,,,"The BEAF provides analytical support including total mercury analysis, methyl mercury analysis, arsenic speciation, selenium speciation, and metals analysis.",no_explicit_gmp,False,found_via_search,extracted,extracted,extracted,extracted,"checked_pages_not_found (pages_checked=8,fetched_ok=8,total_text_chars=66280)",extracted,Southeast Environmental Research Center Mercury Laboratory Florida International University,True,HQ Lab @ Southeast Environmental Research Center Mercury Laboratory Florida International University
ENT-001045,1,env_labs_standardized.csv,Southeastern Minnesota Water Analysis Laboratory,,TNI01186,2100 Campus Drive SE Suite 100,Rochester,Minnesota,,,env_labs,https://www.olmstedcounty.gov/residents/services-individuals-families/health-medical-wellbeing/food-water-air/southeastern-minnesota-water-analysis-laboratory,,waterlab@olmstedcounty.gov,,,,,,,,,found_via_search,found_via_fallback_search,"no_pages_fetched_ok (pages_checked=1,fetched_ok=0,total_text_chars=0)",found_via_fallback_search,"no_pages_fetched_ok (pages_checked=1,fetched_ok=0,total_text_chars=0)","no_pages_fetched_ok (pages_checked=1,fetched_ok=0,total_text_chars=0)","no_pages_fetched_ok (pages_checked=1,fetched_ok=0,total_text_chars=0)",Southeastern Minnesota Water Analysis Laboratory,True,HQ Lab @ Southeastern Minnesota Water Analysis Laboratory
ENT-001046,1,env_labs_standardized.csv,SOUTHERN CAYUGA LAKE INTERMUNICIPAL WATER,,TNI01522,1402 East Shore Drive,ITHACA,New York,,,env_labs,https://www.boltonpoint.org/,Glenn Ratajczak,scliwc@boltonpoint.org,,,,,,"Operates the Bolton Point water system, including day-to-day reliability of the ""Bolton Point Water System"" and planning to meet future water requirements. Provides municipal water treatment and ongoing operation of the intake, treatment plant, transmission, and distribution pipeline maintenance and metering/billing.",no_explicit_gmp,False,found_via_search,extracted,found_via_fallback_search,extracted,extracted,"checked_pages_not_found (pages_checked=6,fetched_ok=6,total_text_chars=14922)",extracted,SOUTHERN CAYUGA LAKE INTERMUNICIPAL WATER,True,HQ Lab @ SOUTHERN CAYUGA LAKE INTERMUNICIPAL WATER
ENT-001047,1,env_labs_standardized.csv,Southern Nevada Water Authority (SNWA) Water Quality (WQ) Laboratory,,TNI02751,"1001 S. Valley View Blvd., Mailstop 760",Henderson,Nevada,,,env_labs,https://www.snwa.com/,,,,,,,,"The SNWA states its ""cutting edge technology"" and ""state-of-the-art facilities"" are used to ""monitor your water 24 hours a day, seven days a week"" and that its tap water is ""highly treated and rigorously tested."" It also provides ""water quality reports"" through a water provider.",no_explicit_gmp,False,found_via_search,extracted,"checked_pages_not_found (pages_checked=8,fetched_ok=8,total_text_chars=58978)","checked_pages_not_found (pages_checked=8,fetched_ok=8,total_text_chars=58978)",extracted,"checked_pages_not_found (pages_checked=8,fetched_ok=8,total_text_chars=58978)",extracted,Southern Nevada Water Authority SNWA Water Quality WQ Laboratory,True,HQ Lab @ Southern Nevada Water Authority SNWA Water Quality WQ Laboratory
ENT-001048,1,env_labs_standardized.csv,"Southern Research Laboratories, Inc.",,TNI00572,"279 Douglas Ave, Suite 1110",Altamonte Springs,Florida,,,env_labs,https://srlab.com/,helen.turner@srlab.com,sales@srlab.com,,,,,,"SRL provides reliable testing services for non-potable water, solid and chemical materials, and air and emissions, including analytical services plus field services and client services. It offers specialized expert analysis in radiochemical, organics, PFAS, pesticides, wet chemistry, inorganic/metals, microbiology, and bioassessment, and provides certified sample containers at no extra cost.",no_explicit_gmp,True,found_via_search,extracted,extracted,extracted,extracted,extracted,extracted,Southern Research Laboratories,True,HQ Lab @ Southern Research Laboratories
ENT-001049,1,env_labs_standardized.csv,Southern Utah University Water Laboratory,,TNI01999,351 W. University Dr.,Cedar City,Utah,,,env_labs,https://www.suu.edu/waterlab/,"Management Director Kim Weaver, Ph.D.",waterlab@suu.edu,,,,,,"The laboratory maintains or subcontracts NELAP accredited analysis for all water quality parameters and is a one-stop location for water testing needs. It tests drinking water, and also tests industrial discharges and test wells to monitor pollution.",no_explicit_gmp,False,found_via_search,extracted,extracted,extracted,extracted,"checked_pages_not_found (pages_checked=8,fetched_ok=8,total_text_chars=14989)",extracted,Southern Utah University Water Laboratory,True,HQ Lab @ Southern Utah University Water Laboratory
ENT-001050,1,env_labs_standardized.csv,Southwest Florida Water Management District,,TNI00573,2379 Broad Street,Brooksville,Florida,,,env_labs,https://www.swfwmd.state.fl.us/,,info@watermatters.org,,,,,,,,,found_via_search,found_via_fallback_search,"no_pages_fetched_ok (pages_checked=1,fetched_ok=0,total_text_chars=0)",found_via_fallback_search,"no_pages_fetched_ok (pages_checked=1,fetched_ok=0,total_text_chars=0)","no_pages_fetched_ok (pages_checked=1,fetched_ok=0,total_text_chars=0)","no_pages_fetched_ok (pages_checked=1,fetched_ok=0,total_text_chars=0)",Southwest Florida Water Management District,True,HQ Lab @ Southwest Florida Water Management District
ENT-001051,1,env_labs_standardized.csv,Southwest Health and Human Services,,TNI01079,,Marshall,Minnesota,,,env_labs,https://swmhhs.com/,Carol Biren,,,,,,,,,,found_via_search,found_via_fallback_search,found_via_fallback_search,"no_pages_fetched_ok (pages_checked=1,fetched_ok=0,total_text_chars=0)","no_pages_fetched_ok (pages_checked=1,fetched_ok=0,total_text_chars=0)","no_pages_fetched_ok (pages_checked=1,fetched_ok=0,total_text_chars=0)","no_pages_fetched_ok (pages_checked=1,fetched_ok=0,total_text_chars=0)",Southwest Health and Human Services,True,HQ Lab @ Southwest Health and Human Services
ENT-001052,1,env_labs_standardized.csv,Southwest Research Institute,,TNI00024,6220 Culebra Road,San Antonio,Texas,,,env_labs,https://www.swri.org/,"Maria Stothoff, Director",,,,,,,"Provides independent, premier R&D services to government and industry clients and acts as a prime or subcontractor for industry and government contracts, remaining dedicated to client-sponsored contract research.",explicit_gmp,False,found_via_search,extracted,extracted,"checked_pages_not_found (pages_checked=8,fetched_ok=8,total_text_chars=30487)",found_via_fallback_search,"checked_pages_not_found (pages_checked=8,fetched_ok=8,total_text_chars=30487)",extracted,Southwest Research Institute,True,HQ Lab @ Southwest Research Institute
ENT-001053,1,env_labs_standardized.csv,Southwest Utah Public Health Laboratory,,TNI02252,620 South 400 East St.,St. George,Utah,,,env_labs,https://swuhealth.gov/,,info@swuhealth.gov,,,,,,"Provides clinic & vital records services including immunizations, travel health consultations, screenings and lab tests (e.g., A1c, lipid panels, prediabetes checks, and blood pressure monitoring), and birth and death certificates. Also provides environmental health services such as consultations, plan reviews, inspections, investigations, and water lab services.",no_explicit_gmp,False,found_via_search,extracted,"checked_pages_not_found (pages_checked=8,fetched_ok=8,total_text_chars=45867)",extracted,extracted,"checked_pages_not_found (pages_checked=8,fetched_ok=8,total_text_chars=45867)",extracted,Southwest Utah Public Health Laboratory,True,HQ Lab @ Southwest Utah Public Health Laboratory
ENT-001054,1,env_labs_standardized.csv,SPEC LAB LLC,,TNI02896,"1505 Franklin Blvd., RM 204",Eugene,Oregon,,,env_labs,https://speclabllc.com/,Laboratory Director: Brooke Baker,speclab@speclabllc.com,,,,,,"Provides PFAS testing using novel DART-MS (Direct Analysis in Real Time) and traditional mass spectrometry (LC-MS/MS), including rapid chromatography-free screening/quantitation and conventional LC-MS/MS workflows. Offers PFAS testing kits and additional services such as analytical services (analyst hourly rate, LC/MS/MS hourly rate, DART-MS hourly rate), sampling/courier services, sample preparation, and rush services.",no_explicit_gmp,True,found_via_search,extracted,extracted,extracted,extracted,extracted,extracted,SPEC LAB,True,HQ Lab @ SPEC LAB
ENT-001055,1,env_labs_standardized.csv,Specialty Analytical,,TNI02773,9011 SE Jannsen Rd.,Clackamas,Oregon,,,env_labs,https://www.specialtyanalytical.com/,Marty French,info@specialtyanalytical.com,,,,,,"Specialty Analytical provides environmental and analytical laboratory testing services including metals testing (e.g., ICP-MS and mercury methods), organics testing (e.g., VOC methods such as EPA 8260), conventional chemistry testing (e.g., TOC, sulfate, turbidity), and inorganic/environmental regulatory program support (e.g., CWA, RCRA, UST, RBCA, CERCLA). The website also lists courier services and in-house testing capabilities.",no_explicit_gmp,True,found_via_search,extracted,extracted,extracted,extracted,extracted,extracted,Specialty Analytical,True,HQ Lab @ Specialty Analytical
ENT-001056,1,env_labs_standardized.csv,Spectrum laboratories,,TNI02552,,Layton,Utah,,,env_labs,,,,,,,,,,,,search_found_nothing,found_via_fallback_search,no_website_cannot_check_pages,no_website_cannot_check_pages,no_website_cannot_check_pages,no_website_cannot_check_pages,no_website_cannot_check_pages,Spectrum laboratories,True,HQ Lab @ Spectrum laboratories
ENT-001057,1,env_labs_standardized.csv,Spheros Environmental,,TNI02491,,Port Gamble,Washington,,,env_labs,https://spherosenv.com/,,,,,,,,,,,found_via_search,found_via_fallback_search,"no_pages_fetched_ok (pages_checked=1,fetched_ok=0,total_text_chars=0)","no_pages_fetched_ok (pages_checked=1,fetched_ok=0,total_text_chars=0)","no_pages_fetched_ok (pages_checked=1,fetched_ok=0,total_text_chars=0)","no_pages_fetched_ok (pages_checked=1,fetched_ok=0,total_text_chars=0)","no_pages_fetched_ok (pages_checked=1,fetched_ok=0,total_text_chars=0)",Spheros Environmental,True,HQ Lab @ Spheros Environmental
ENT-001058,1,env_labs_standardized.csv,Spheros Environmental Group Parent Inc.,,TNI00464,,Alachua,Florida,,,env_labs,https://spherosenv.com/,,,,,,,,,,,found_via_search,"no_pages_fetched_ok (pages_checked=1,fetched_ok=0,total_text_chars=0)","no_pages_fetched_ok (pages_checked=1,fetched_ok=0,total_text_chars=0)","no_pages_fetched_ok (pages_checked=1,fetched_ok=0,total_text_chars=0)","no_pages_fetched_ok (pages_checked=1,fetched_ok=0,total_text_chars=0)","no_pages_fetched_ok (pages_checked=1,fetched_ok=0,total_text_chars=0)","no_pages_fetched_ok (pages_checked=1,fetched_ok=0,total_text_chars=0)",Spheros Environmental Group Parent,True,HQ Lab @ Spheros Environmental Group Parent
ENT-001059,1,env_labs_standardized.csv,SPL - Reading,,TNI02148,,Reading,Pennsylvania,,,env_labs,https://spllabs.com/,,info@spllabs.com,,,,,,"Accredited energy and environmental laboratory testing (hydrocarbon, fuels, lubricants and aviation testing; drinking water, wastewater, groundwater, soil, and solid waste including PFAS, dioxin, and other emerging contaminants) and measurement services including gas and liquid measurement, meter proving, calibration, automation, data services, production allocation, and emissions support.",explicit_gmp,True,found_via_search,found_via_fallback_search,"checked_pages_not_found (pages_checked=8,fetched_ok=8,total_text_chars=66740)",extracted,found_via_fallback_search,extracted,extracted,SPL,False,Reading Lab @ SPL
ENT-001060,1,env_labs_standardized.csv,SPL – Round Rock,,TNI00023,,Round Rock,Texas,,,env_labs,https://spllabs.com/,,info@spllabs.com,,,,,,"SPL provides energy laboratory testing (hydrocarbon, fuels, lubricants and aviation testing, along with flow assurance studies), environmental laboratory testing (drinking water, wastewater, groundwater, soil, and solid waste analysis including PFAS, dioxin, and QACs), and measurement services (gas and liquid measurement including meter proving, calibration, automation, production allocation, and emissions support). The site also lists sample collection and SureVue/WebLDS support.",no_explicit_gmp,True,found_via_search,extracted,"checked_pages_not_found (pages_checked=8,fetched_ok=8,total_text_chars=66740)",extracted,extracted,extracted,extracted,SPL,False,Round Rock Lab @ SPL
ENT-001061,1,env_labs_standardized.csv,"SPL, Inc – Kilgore",,TNI00014,,Kilgore,Texas,,,env_labs,https://spllabs.com/,James Wright,info@spllabs.com,,,,,,"SPL provides energy laboratory testing (e.g., hydrocarbon, fuels, lubricants and aviation testing; flow assurance studies), environmental lab testing (e.g., drinking water, wastewater, groundwater, soil, solid waste including PFAS and dioxin), and measurement services (e.g., gas and liquid measurement, meter proving, calibration, automation, data services, production allocation, and emissions support).",no_explicit_gmp,True,found_via_search,found_via_fallback_search,found_via_fallback_search,extracted,extracted,extracted,extracted,SPL,False,Kilgore Lab @ SPL
ENT-001062,1,env_labs_standardized.csv,"SPL, Inc. – Plano",,TNI00036,"1825 East Plano Parkway, Suite 160",Plano,Texas,,,env_labs,https://spllabs.com/,James Wright,info@spllabs.com,,,,,,"SPL provides hydrocarbon lab testing and environmental lab testing, including “drinking water, wastewater, groundwater, soil, and solid waste” analysis and specialty analysis for PFAS, dioxin, and Quaternary Ammonium Compounds. SPL also offers measurement services such as “gas and liquid measurement,” including “meter proving, calibration, automation, data services, production allocation, and emissions support.”",no_explicit_gmp,True,found_via_search,found_via_fallback_search,found_via_fallback_search,extracted,extracted,extracted,extracted,SPL,False,Plano Lab @ SPL
ENT-001063,1,env_labs_standardized.csv,"SPL, Inc.-Conroe",,TNI00040,,Conroe,Texas,,,env_labs,https://spllabs.com/,,info@spllabs.com,,,,,,"SPL provides “hydrocarbon lab testing,” “environmental testing,” and “measurement services” including gas and liquid measurement, meter proving, and calibration. The page also lists services such as flow assurance studies and regulatory-compliant testing for drinking water and wastewater, including specialty analysis for PFAS, dioxin, and Quaternary Ammonium Compounds.",no_explicit_gmp,True,found_via_search,found_via_fallback_search,"checked_pages_not_found (pages_checked=8,fetched_ok=8,total_text_chars=66740)",extracted,extracted,extracted,extracted,SPL,False,Conroe Lab @ SPL
ENT-001064,1,env_labs_standardized.csv,Spring Street Analytical Laboratory,,TNI00229,,Klamath Falls,Oregon,,,env_labs,http://www.springstreetanalytical.com/,Maurene Ehlers,waterlab@springstreetanalytical.com,,,,,,,,,found_via_search,found_via_fallback_search,found_via_fallback_search,found_via_fallback_search,"no_pages_fetched_ok (pages_checked=1,fetched_ok=0,total_text_chars=0)","no_pages_fetched_ok (pages_checked=1,fetched_ok=0,total_text_chars=0)","no_pages_fetched_ok (pages_checked=1,fetched_ok=0,total_text_chars=0)",Spring Street Analytical Laboratory,True,HQ Lab @ Spring Street Analytical Laboratory
ENT-001065,1,env_labs_standardized.csv,SRN Testing Services,,TNI02690,,Bartlett,Illinois,,,env_labs,https://srntest.com/,"Michelle Carpenter, PhD",mcarpenter@srntest.com,,,,,,,,,found_via_search,found_via_fallback_search,found_via_fallback_search,found_via_fallback_search,"no_pages_fetched_ok (pages_checked=1,fetched_ok=0,total_text_chars=0)","no_pages_fetched_ok (pages_checked=1,fetched_ok=0,total_text_chars=0)","no_pages_fetched_ok (pages_checked=1,fetched_ok=0,total_text_chars=0)",SRN Testing Services,True,HQ Lab @ SRN Testing Services
ENT-001066,1,env_labs_standardized.csv,St George RWRF Laboratory,,TNI02000,2176 West 3780 South,St George,Utah,,,env_labs,,,,,,,,,,,,search_found_nothing,found_via_fallback_search,no_website_cannot_check_pages,no_website_cannot_check_pages,no_website_cannot_check_pages,no_website_cannot_check_pages,no_website_cannot_check_pages,St George RWRF Laboratory,True,HQ Lab @ St George RWRF Laboratory
ENT-001067,1,env_labs_standardized.csv,St. Cloud Public Utilities - Water,,TNI01086,1201 7th Street South,St Cloud,Minnesota,,,env_labs,https://ci.stcloud.mn.us/PublicUtilities,,WaterMeters.CustomerService@ci.stcloud.mn.us,,,,,,"Operates a municipal water treatment facility and provides drinking water, including water treatment process upgrades (e.g., ozone, biologically activated carbon filtration, UV primary disinfection, and chlorine/chloramine secondary disinfection). Also conducts water quality and water quality improvement programs and projects such as rain gardens and other initiatives to improve local water quality.",no_explicit_gmp,False,found_via_search,extracted,"checked_pages_not_found (pages_checked=8,fetched_ok=7,total_text_chars=58112)",found_via_fallback_search,extracted,"checked_pages_not_found (pages_checked=8,fetched_ok=7,total_text_chars=58112)",extracted,St Cloud Public Utilities Water,True,HQ Lab @ St Cloud Public Utilities Water
ENT-001068,1,env_labs_standardized.csv,St. Johns County Utility Department Environmental Laboratory,,TNI00577,860 W. 16th Street,St. Augustine,Florida,,,env_labs,https://www.sjcfl.us/,,,,,,,,,,,found_via_search,found_via_fallback_search,"no_pages_fetched_ok (pages_checked=1,fetched_ok=0,total_text_chars=0)","no_pages_fetched_ok (pages_checked=1,fetched_ok=0,total_text_chars=0)","no_pages_fetched_ok (pages_checked=1,fetched_ok=0,total_text_chars=0)","no_pages_fetched_ok (pages_checked=1,fetched_ok=0,total_text_chars=0)","no_pages_fetched_ok (pages_checked=1,fetched_ok=0,total_text_chars=0)",St Johns County Utility Department Environmental Laboratory,True,HQ Lab @ St Johns County Utility Department Environmental Laboratory
ENT-001069,1,env_labs_standardized.csv,St. Johns River Water Management District,,TNI00578,4049 Reid Street,Palatka,Florida,,,env_labs,https://www.sjrwmd.com/,,,,,,,,,,,found_via_search,found_via_fallback_search,"no_pages_fetched_ok (pages_checked=1,fetched_ok=0,total_text_chars=0)","no_pages_fetched_ok (pages_checked=1,fetched_ok=0,total_text_chars=0)","no_pages_fetched_ok (pages_checked=1,fetched_ok=0,total_text_chars=0)","no_pages_fetched_ok (pages_checked=1,fetched_ok=0,total_text_chars=0)","no_pages_fetched_ok (pages_checked=1,fetched_ok=0,total_text_chars=0)",St Johns River Water Management District,True,HQ Lab @ St Johns River Water Management District
ENT-001070,1,env_labs_standardized.csv,St. Petersburg Environmental Compliance Division Laboratory,,TNI00579,,St. Petersburg,Florida,,,env_labs,,,,,,,,,,,,search_found_nothing,found_via_fallback_search,no_website_cannot_check_pages,no_website_cannot_check_pages,no_website_cannot_check_pages,no_website_cannot_check_pages,no_website_cannot_check_pages,St Petersburg Environmental Compliance Division Laboratory,True,HQ Lab @ St Petersburg Environmental Compliance Division Laboratory
ENT-001071,1,env_labs_standardized.csv,State Hygienic Laboratory at The University of Iowa - Ankeny,,TNI01231,2220 S. Ankeny Blvd,Ankeny,Iowa,,,env_labs,https://shl.uiowa.edu/,"Michael Pentella, Ph.D. (Director, Diagnostic and Clinical Division)",ask-shl@uiowa.edu,,,,,,Provides diagnostic and clinical testing (including clinical test requests and human specimen testing ordered by a licensed medical provider) and environmental testing such as ambient air quality monitoring. Also supports programs like newborn screening and credible threat testing.,no_explicit_gmp,False,found_via_search,extracted,extracted,extracted,extracted,"checked_pages_not_found (pages_checked=8,fetched_ok=8,total_text_chars=25937)",extracted,State Hygienic Laboratory at The University of Iowa,False,Ankeny Lab @ State Hygienic Laboratory at The University of Iowa
ENT-001072,1,env_labs_standardized.csv,State Hygienic Laboratory at The University of Iowa - Coralville,,TNI01227,2490 Crosspark Road,Coralville,Iowa,,,env_labs,https://shl.uiowa.edu/,"Michael Pentella, Ph.D.",ask-shl@uiowa.edu,,,,,,"Provides diagnostic and clinical testing (e.g., bacteriology, molecular/virology, mycobacteriology, mycology, newborn screening, parasitology, rabies, serology) and environmental testing (e.g., air quality monitoring, asbestos/lead testing program, environmental microbiology, industrial hygiene, inorganic/organic chemistry, radiochemistry). Also supports credible threat testing request processes and private well testing.",no_explicit_gmp,False,found_via_search,extracted,extracted,extracted,extracted,"checked_pages_not_found (pages_checked=8,fetched_ok=8,total_text_chars=25937)",extracted,State Hygienic Laboratory at The University of Iowa,False,Coralville Lab @ State Hygienic Laboratory at The University of Iowa
ENT-001073,1,env_labs_standardized.csv,State Hygienic Laboratory at The University of Iowa - Lakeside,,TNI02235,1838 Highway 86,Milford,Iowa,,,env_labs,https://shl.uiowa.edu/,"Michael Pentella, Ph.D.",ask-shl@uiowa.edu,,,,,,"Provides diagnostic and clinical testing and offers testing requests and test menus (including ""Clinical Test Menu"" and requests for ""Clinical Testing Or Kits""). Also provides environmental testing services such as ambient air quality monitoring using a statewide network of instruments and devices, and supports credible threat testing via sample intake and chain of custody.",no_explicit_gmp,False,found_via_search,extracted,extracted,extracted,extracted,"checked_pages_not_found (pages_checked=8,fetched_ok=8,total_text_chars=25937)",extracted,State Hygienic Laboratory at The University of Iowa Lakeside,True,HQ Lab @ State Hygienic Laboratory at The University of Iowa Lakeside
ENT-001074,1,env_labs_standardized.csv,Sterling Labs (fka Environmental Monitoring and Tech),,TNI02029,509 North 3rd Avenue,Des Plaines,Illinois,,,env_labs,https://www.thesterlinglab.com/,Amanda Smith,info@thesterlinglab.com,,,,,,"Sterling Labs provides environmental laboratory testing and analysis, including testing of water, air, soil, waste, and other environmental media. Services described include environmental laboratory testing, PFAS and other specialty services (including PFAS analysis and air testing services), industrial hygiene testing, asbestos analysis, and product testing.",no_explicit_gmp,True,found_via_search,extracted,extracted,extracted,extracted,extracted,extracted,Sterling Labs fka Environmental Monitoring and Tech,True,HQ Lab @ Sterling Labs fka Environmental Monitoring and Tech
ENT-001075,1,env_labs_standardized.csv,Sterling Labs (fka STAT Analytical),,TNI00230,"509 North 3rd Avenue; 2242 W. Harrison St., Suite 200",Chicago,Illinois,,,env_labs,https://www.thesterlinglab.com/,Amanda Smith,info@thesterlinglab.com,,,,,,"Environmental laboratory analysis for water, air, soil, waste, and other environmental media, including “Analysis of Soils, Waters, Solids, Wastes, Air, Sediments.” Also provides “PFAS and other specialty services,” “Industrial hygiene” testing, “Asbestos” analysis, “Product testing,” and specialty testing such as “Draft Method 1633,” “TO-14 and TO-15” VOCs by GC/MS, and multiple environmental monitoring services.",no_explicit_gmp,True,found_via_search,extracted,extracted,extracted,extracted,extracted,extracted,Sterling Labs fka STAT Analytical,True,HQ Lab @ Sterling Labs fka STAT Analytical
ENT-001076,1,env_labs_standardized.csv,"Steven M. Traut Wells, Inc.",,TNI01191,,Alexandria,Minnesota,,,env_labs,https://www.trautwellsalex.com/,"Steven M. Traut, Owner",TrautWells@WellDrilling.com,,,,,,"Well drilling services plus pump repair, water treatment, and water analysis. Services include water testing, water treatment system installation/repair/sales, pressure tank installation/repair, capacity testing, well specialist assistance, and commercial/municipal well drilling-related work such as abandoned well plugging and test wells.",no_explicit_gmp,True,found_via_search,found_via_fallback_search,found_via_fallback_search,found_via_fallback_search,extracted,extracted,extracted,Steven M Traut Wells,True,HQ Lab @ Steven M Traut Wells
ENT-001077,1,env_labs_standardized.csv,"Stillmeadow, Inc.",,TNI00131,12852 Park One Drive,Sugar Land,Texas,,,env_labs,https://www.stillmeadow.com/,Scott Sabol – President,info@stillmeadow.com,,,,,,"Provides drug development and toxicology CRO services, including mammalian, aquatic, avian, insect, plant, microbial, and biodegradation studies, plus whole effluent toxicity (WET) testing for permit-regulated clients. Also offers analytical chemistry services (physical/chemical property testing and HPLC/IC/LCMS/GC-FID/GC-MS) and compliant testing under EPA and FDA GLPs and EPA and OECD Guidelines.",no_explicit_gmp,True,found_via_search,extracted,extracted,extracted,extracted,extracted,extracted,Stillmeadow,True,HQ Lab @ Stillmeadow
ENT-001078,1,env_labs_standardized.csv,Stock Island Pump Station Lab,,TNI00435,5226 College Road,Key West,Florida,,,env_labs,,,,,,,,,,,,search_found_nothing,found_via_fallback_search,no_website_cannot_check_pages,no_website_cannot_check_pages,no_website_cannot_check_pages,no_website_cannot_check_pages,no_website_cannot_check_pages,Stock Island Pump Station Lab,True,HQ Lab @ Stock Island Pump Station Lab
ENT-001079,1,env_labs_standardized.csv,STRIDE Center for PFAS Solutions,,TNI02750,272 Quigley Blvd,New Castle,Delaware,,,env_labs,https://www.pfasolutions.org/,"Jessica Anton, MS",info@PFASolutions.org,,,,,,"Provides trace level PFAS analysis (e.g., LC-MS/MS and GC-MSD) and compliance PFAS drinking water testing using EPA methods 537.1 and 533. Also offers water treatment R&D support including adsorbent evaluation, rapid small scale column tests, pilot-scale testing, funnel concept/modeling, and waste management/destruction approaches using ionomer adsorbents and solvent-free desorption.",no_explicit_gmp,True,found_via_search,extracted,extracted,extracted,extracted,extracted,extracted,STRIDE Center for PFAS Solutions,True,HQ Lab @ STRIDE Center for PFAS Solutions
ENT-001080,1,env_labs_standardized.csv,STURGEON POINT WATER TREATMENT PLANT,,TNI01545,295 Main Street Room 350,DERBY,New York,,,env_labs,https://www.ecwa.org/,Jennifer L. Hibit,info@ecwa.org,,,,,,"Provides water under service management contracts, including bulk sale (selling bulk volumes of treated water to municipalities) and managed/direct service models where ECWA supplies and delivers treated water and is responsible for customer service, billing, meter reading, maintenance, and (for direct service) capital improvements.",no_explicit_gmp,False,found_via_search,extracted,extracted,extracted,extracted,"checked_pages_not_found (pages_checked=8,fetched_ok=8,total_text_chars=22235)",extracted,STURGEON POINT WATER TREATMENT PLANT,True,HQ Lab @ STURGEON POINT WATER TREATMENT PLANT
ENT-001081,1,env_labs_standardized.csv,SUFFOLK CO PUBLIC ENV HEALTH LAB,,TNI01575,725 Veteran's Memorial Highway,HAUPPAUGE,New York,,,env_labs,https://suffolkcountyny.gov/Departments/Health-Services/Environmental-Quality/PEHL,"Natalia Medvedeva, PhD",,,,,,,,,,found_via_search,found_via_fallback_search,found_via_fallback_search,"no_pages_fetched_ok (pages_checked=1,fetched_ok=0,total_text_chars=0)","no_pages_fetched_ok (pages_checked=1,fetched_ok=0,total_text_chars=0)","no_pages_fetched_ok (pages_checked=1,fetched_ok=0,total_text_chars=0)","no_pages_fetched_ok (pages_checked=1,fetched_ok=0,total_text_chars=0)",SUFFOLK CO PUBLIC ENV HEALTH LAB,True,HQ Lab @ SUFFOLK CO PUBLIC ENV HEALTH LAB
ENT-001082,1,env_labs_standardized.csv,SUFFOLK COUNTY WATER AUTHORITY LABORATORY,,TNI01504,4060 Sunrise Highway,HAUPPAUGE,New York,,,env_labs,https://www.scwa.com/,Thomas Schneider,,,,,,,"Provides drinking water testing for “400+ Testing for 400 compounds,” with detection “down to Parts Per Trillion.” Also supports water quality information and testing results reporting for customers.",no_explicit_gmp,False,found_via_search,extracted,extracted,"checked_pages_not_found (pages_checked=8,fetched_ok=8,total_text_chars=41887)",extracted,"checked_pages_not_found (pages_checked=8,fetched_ok=8,total_text_chars=41887)",extracted,SUFFOLK COUNTY WATER AUTHORITY LABORATORY,True,HQ Lab @ SUFFOLK COUNTY WATER AUTHORITY LABORATORY
ENT-001083,1,env_labs_standardized.csv,Summit County Health Department Laboratory,,TNI02001,,Coalville,Utah,,,env_labs,https://summitcountyhealth.org/,Jennifer Morrill,jmorrill@summitcountyutah.gov,,,,,,,,,found_via_search,found_via_fallback_search,found_via_fallback_search,found_via_fallback_search,"no_pages_fetched_ok (pages_checked=1,fetched_ok=0,total_text_chars=0)","no_pages_fetched_ok (pages_checked=1,fetched_ok=0,total_text_chars=0)","no_pages_fetched_ok (pages_checked=1,fetched_ok=0,total_text_chars=0)",Summit County Health Department Laboratory,True,HQ Lab @ Summit County Health Department Laboratory
ENT-001084,1,env_labs_standardized.csv,"Summit Environmental Technologies, Inc. - GA",,TNI00584,,Haddock,Georgia,,,env_labs,https://settek.com/,,,,,,,,,,,found_via_search,found_via_fallback_search,"no_pages_fetched_ok (pages_checked=1,fetched_ok=0,total_text_chars=0)","no_pages_fetched_ok (pages_checked=1,fetched_ok=0,total_text_chars=0)","no_pages_fetched_ok (pages_checked=1,fetched_ok=0,total_text_chars=0)","no_pages_fetched_ok (pages_checked=1,fetched_ok=0,total_text_chars=0)","no_pages_fetched_ok (pages_checked=1,fetched_ok=0,total_text_chars=0)",Summit Environmental Technologies,True,HQ Lab @ Summit Environmental Technologies
ENT-001085,1,env_labs_standardized.csv,"Summit Scientific Services, LLC (VIN 070808322480)",,TNI02427,,Heber City,Utah,,,env_labs,,,,,,,,,,,,search_found_nothing,found_via_fallback_search,no_website_cannot_check_pages,no_website_cannot_check_pages,no_website_cannot_check_pages,no_website_cannot_check_pages,no_website_cannot_check_pages,Summit Scientific Services,True,HQ Lab @ Summit Scientific Services
ENT-001086,1,env_labs_standardized.csv,Sunbelt Solomon Laboratory,,TNI00565,201 Polymer Dr,Decatur,Tennessee,,,env_labs,,,,,,,,,,,,search_found_nothing,found_via_fallback_search,no_website_cannot_check_pages,no_website_cannot_check_pages,no_website_cannot_check_pages,no_website_cannot_check_pages,no_website_cannot_check_pages,Sunbelt Solomon Laboratory,False,Decatur Lab @ Sunbelt Solomon Laboratory
ENT-001087,1,env_labs_standardized.csv,Sunbelt Solomon Laboratory,,TNI01936,,Solomon,Kansas,,,env_labs,https://sunbeltsolomon.com/,,info@sunbeltsolomon.com,,,,,,,,,found_via_search,found_via_fallback_search,"no_pages_fetched_ok (pages_checked=1,fetched_ok=0,total_text_chars=0)",found_via_fallback_search,"no_pages_fetched_ok (pages_checked=1,fetched_ok=0,total_text_chars=0)","no_pages_fetched_ok (pages_checked=1,fetched_ok=0,total_text_chars=0)","no_pages_fetched_ok (pages_checked=1,fetched_ok=0,total_text_chars=0)",Sunbelt Solomon Laboratory,False,Solomon Lab @ Sunbelt Solomon Laboratory
ENT-001088,1,env_labs_standardized.csv,Sunbelt Solomon Laboratory - TX,,TNI02363,,Temple,Texas,,,env_labs,https://www.sunbeltsolomon.com/,,info@sunbeltsolomon.com,,,,,,,,,found_via_search,found_via_fallback_search,"no_pages_fetched_ok (pages_checked=1,fetched_ok=0,total_text_chars=0)",found_via_fallback_search,"no_pages_fetched_ok (pages_checked=1,fetched_ok=0,total_text_chars=0)","no_pages_fetched_ok (pages_checked=1,fetched_ok=0,total_text_chars=0)","no_pages_fetched_ok (pages_checked=1,fetched_ok=0,total_text_chars=0)",Sunbelt Solomon Laboratory TX,True,HQ Lab @ Sunbelt Solomon Laboratory TX
ENT-001089,1,env_labs_standardized.csv,SUNY-BROCKPORT LIMNOLOGY LABORATORY,,TNI02787,350 New Campus Drive,BROCKPORT,New York,,,env_labs,https://www.brockport.edu/,Nina LaCombe,nlacombe@brockport.edu,,,,,,"Admissions-related recruitment/visitor support through the “Admissions Ambassadors” program, including handling campus tour-related recruitment for prospective students.",no_explicit_gmp,False,found_via_search,extracted,extracted,extracted,extracted,"checked_pages_not_found (pages_checked=8,fetched_ok=8,total_text_chars=32634)",extracted,SUNY BROCKPORT LIMNOLOGY LABORATORY,True,HQ Lab @ SUNY BROCKPORT LIMNOLOGY LABORATORY
ENT-001090,1,env_labs_standardized.csv,Superior National Forest Laboratory,,TNI01149,,Ely,Minnesota,,,env_labs,,,,,,,,,,,,search_found_nothing,no_website_fallback_search_failed,no_website_cannot_check_pages,no_website_cannot_check_pages,no_website_cannot_check_pages,no_website_cannot_check_pages,no_website_cannot_check_pages,Superior National Forest Laboratory,True,HQ Lab @ Superior National Forest Laboratory
ENT-001091,1,env_labs_standardized.csv,"SVL Analytical, Inc.",,TNI00586,,Kellogg,Idaho,,,env_labs,https://www.svl.net/,Michael Desmarais,michael@svl.net,,,,,,,explicit_gmp,,found_via_search,found_via_fallback_search,found_via_fallback_search,found_via_fallback_search,found_via_fallback_search,"no_pages_fetched_ok (pages_checked=1,fetched_ok=0,total_text_chars=0)","no_pages_fetched_ok (pages_checked=1,fetched_ok=0,total_text_chars=0)",SVL Analytical,True,HQ Lab @ SVL Analytical
ENT-001092,1,env_labs_standardized.csv,Sweetwater - Nolan County Health Department,,TNI00089,,Sweetwater,Texas,,,env_labs,https://nolancountyhealth.com/,,,,,,,,,,,found_via_search,found_via_fallback_search,"no_pages_fetched_ok (pages_checked=1,fetched_ok=0,total_text_chars=0)","no_pages_fetched_ok (pages_checked=1,fetched_ok=0,total_text_chars=0)","no_pages_fetched_ok (pages_checked=1,fetched_ok=0,total_text_chars=0)","no_pages_fetched_ok (pages_checked=1,fetched_ok=0,total_text_chars=0)","no_pages_fetched_ok (pages_checked=1,fetched_ok=0,total_text_chars=0)",Sweetwater Nolan County Health Department,True,HQ Lab @ Sweetwater Nolan County Health Department
ENT-001093,1,env_labs_standardized.csv,"Symbio Laboratories US, LLC",,TNI02799,,San Diego,California,,,env_labs,https://symbiolabs.us/,Mr. Erick Thacker,questions@symbiolabs.us,,,,,,,explicit_gmp,,found_via_search,found_via_fallback_search,found_via_fallback_search,found_via_fallback_search,found_via_fallback_search,"no_pages_fetched_ok (pages_checked=1,fetched_ok=0,total_text_chars=0)","no_pages_fetched_ok (pages_checked=1,fetched_ok=0,total_text_chars=0)",Symbio Laboratories US,True,HQ Lab @ Symbio Laboratories US
ENT-001094,1,env_labs_standardized.csv,Systech Environmental Corporation,,TNI01896,6211 N. Ann Arbor Road,Fredonia,Kansas,,,env_labs,https://www.go2systech.com/,Jackie Carpenter,jcarpenter@envirosys.com,,,,,,"Systech provides waste collection, processing, and secure destruction services, including environmentally safe co-processing of hazardous and non-hazardous byproducts. It also manages alternative raw materials by repurposing certain waste products into cement manufacturing.",no_explicit_gmp,True,found_via_search,extracted,found_via_fallback_search,found_via_fallback_search,extracted,extracted,extracted,Systech Environmental,True,HQ Lab @ Systech Environmental
ENT-001095,1,env_labs_standardized.csv,"Talquin Electric Cooperative, Inc.",,TNI00587,,Tallahassee,Florida,,,env_labs,https://www.talquinelectric.com/,"John Hallas, Ph.D. Director of Water Services",,,,,,,"Talquin provides electric, water, and wastewater services to its Members. The site also lists Member Services for “full service drive-thru” in-person support by appointment.",no_explicit_gmp,False,found_via_search,extracted,extracted,"checked_pages_not_found (pages_checked=8,fetched_ok=8,total_text_chars=35522)",extracted,"checked_pages_not_found (pages_checked=8,fetched_ok=8,total_text_chars=35522)",extracted,Talquin Electric Cooperative,True,HQ Lab @ Talquin Electric Cooperative
ENT-001096,1,env_labs_standardized.csv,Tampa Bay Water,,TNI00589,8865 Pump Station Road,Land O'Lakes,Florida,,,env_labs,https://www.tampabaywater.org/,,feedback@tampabaywater.org,,,,,,,,,found_via_search,found_via_fallback_search,"no_pages_fetched_ok (pages_checked=1,fetched_ok=0,total_text_chars=0)",found_via_fallback_search,"no_pages_fetched_ok (pages_checked=1,fetched_ok=0,total_text_chars=0)","no_pages_fetched_ok (pages_checked=1,fetched_ok=0,total_text_chars=0)","no_pages_fetched_ok (pages_checked=1,fetched_ok=0,total_text_chars=0)",Tampa Bay Water,True,HQ Lab @ Tampa Bay Water
ENT-001097,1,env_labs_standardized.csv,Tampa Electric Company Laboratory Services,,TNI00590,5012 Causeway Boulevard,Tampa,Florida,,,env_labs,https://www.tampaelectric.com/company/businessresources/laboratoryservices/,"Peggy Penner, Manager, Laboratory Services",papenner@tecoenergy.com,,,,,,,no_explicit_gmp,False,found_via_search,found_via_fallback_search,found_via_fallback_search,found_via_fallback_search,extracted,"checked_pages_not_found (pages_checked=8,fetched_ok=8,total_text_chars=121026)","checked_pages_not_found (pages_checked=8,fetched_ok=8,total_text_chars=121026)",Tampa Electric Company Laboratory Services,True,HQ Lab @ Tampa Electric Company Laboratory Services
ENT-001098,1,env_labs_standardized.csv,Tarrant County Public Health Laboratory,,TNI00118,,Fort Worth,Texas,,,env_labs,https://www.tarrantcountytx.gov/,,nturnage@tarrantcounty.com,,,,,,The provided text does not describe services specifically for 'Tarrant County Public Health Laboratory.' It only includes general Tarrant County public health related news items and government facility/locations information.,no_explicit_gmp,False,found_via_search,found_via_fallback_search,"checked_pages_not_found (pages_checked=8,fetched_ok=8,total_text_chars=64170)",found_via_fallback_search,extracted,"checked_pages_not_found (pages_checked=8,fetched_ok=8,total_text_chars=64170)",extracted,Tarrant County Public Health Laboratory,True,HQ Lab @ Tarrant County Public Health Laboratory
ENT-001099,1,env_labs_standardized.csv,TCEQ Air and Emissions Laboratory,,TNI01406,12100 Park 35 Circle,Austin,Texas,,,env_labs,https://www.tceq.texas.gov/,,info@tceq.texas.gov,,,,,,Provides statewide environmental regulation and public-facing services such as air quality forecasting (“Today’s Texas Air Quality Forecast”) and complaint intake for environmental concerns (“Make an Environmental Complaint”).,no_explicit_gmp,False,found_via_search,extracted,"checked_pages_not_found (pages_checked=8,fetched_ok=8,total_text_chars=30857)",extracted,extracted,"checked_pages_not_found (pages_checked=8,fetched_ok=8,total_text_chars=30857)",extracted,TCEQ Air and Emissions Laboratory,True,HQ Lab @ TCEQ Air and Emissions Laboratory
ENT-001100,1,env_labs_standardized.csv,TCEQ Sugar Land Laboratory,,TNI01407,,Sugar Land,Texas,,,env_labs,https://www.tceq.texas.gov/,,info@tceq.texas.gov,,,,,,The provided text describes TCEQ as the state's environmental agency and includes public services such as permitting-related online services and the ability to submit environmental complaints. It also lists contact/email options for general inquiries and complaints.,no_explicit_gmp,False,found_via_search,"checked_pages_not_found (pages_checked=8,fetched_ok=8,total_text_chars=30857)","checked_pages_not_found (pages_checked=8,fetched_ok=8,total_text_chars=30857)",extracted,extracted,"checked_pages_not_found (pages_checked=8,fetched_ok=8,total_text_chars=30857)",extracted,TCEQ Sugar Land Laboratory,True,HQ Lab @ TCEQ Sugar Land Laboratory
ENT-001101,1,env_labs_standardized.csv,"TechLaw, Inc.  ESAT Region 8",,TNI02263,1 Denver Federal Center Building 25,Denver,Colorado,,,env_labs,https://www.techlawinc.com/,,info@techlawinc.com,,,,,,"TechLaw provides environmental science and chemical analysis support, including custom designed analytics and EPA SW-846 methods support (developing and validating methods, and providing chemical analysis knowledge, editorial support, and research). It also supports PFAS detection method development and performs laboratory analysis and method development for asbestos using techniques such as TEM and PLM.",no_explicit_gmp,True,found_via_search,extracted,"checked_pages_not_found (pages_checked=8,fetched_ok=8,total_text_chars=24401)",extracted,extracted,extracted,extracted,TechLaw,True,HQ Lab @ TechLaw
ENT-001102,1,env_labs_standardized.csv,Technical Services Laboratory,,TNI01900,,Hays,Kansas,,,env_labs,,,,,,,,,,,,search_found_nothing,no_website_fallback_search_failed,no_website_cannot_check_pages,no_website_cannot_check_pages,no_website_cannot_check_pages,no_website_cannot_check_pages,no_website_cannot_check_pages,Technical Services Laboratory,True,HQ Lab @ Technical Services Laboratory
ENT-001103,1,env_labs_standardized.csv,Technical Testing International dba TTI Environmental Labs,,TNI00106,800 106th St,Arlington,Texas,,,env_labs,https://www.ttilabs.com/,Meera Neb,meeraneb@ttilabs.com,,,,,,"TTI Labs provides environmental, microbiological, water, soil, hospital hygiene & cooling tower, IAQ/LEED, aerospace, oilfield, coal and coke, and pharmaceutical testing services plus testing and consulting. The site also states it offers emergency and proactive sampling and testing services and lists specific offerings such as metals/organics/PCBs/TCLP and water and produced water testing.",no_explicit_gmp,True,found_via_search,extracted,found_via_fallback_search,found_via_fallback_search,extracted,extracted,extracted,Technical Testing International,True,HQ Lab @ Technical Testing International
ENT-001104,1,env_labs_standardized.csv,Techtron Environmental Solutions,,TNI01122,,Anoka,Minnesota,,,env_labs,https://www.techtronenv.com/,,info@techtronenv.com,,,,,,"Provides mobile lab services and laboratory services for environmental testing, including asbestos, mold, lead, and safety & air monitoring. Also offers soot mapping and mail/drop-off sample testing with chain of custody.",no_explicit_gmp,True,found_via_search,extracted,"checked_pages_not_found (pages_checked=8,fetched_ok=8,total_text_chars=22585)",extracted,extracted,extracted,extracted,Techtron Environmental Solutions,True,HQ Lab @ Techtron Environmental Solutions
ENT-001105,1,env_labs_standardized.csv,"Teklab, Inc-Bluff Rd",,TNI01408,120 United Drive,Collinsville,Illinois,,,env_labs,https://www.teklabinc.com/,Claire Bogner,cbogner@teklabinc.com,,,,,,"Teklab provides environmental analytical testing services including air and water quality analysis, soil analysis, and specialized testing such as PFAS testing, PCB analysis (including indoor air/PCB testing), hazardous waste testing, VOA/VOC testing, organic and inorganic testing, microbiology (total and fecal coliform), and metals testing (ICP/ICP-MS). It also lists additional methods such as EPA 1666 testing and EPA 524.2 PMI testing for pharmaceutical effluent.",no_explicit_gmp,True,found_via_search,extracted,found_via_fallback_search,found_via_fallback_search,extracted,extracted,extracted,Teklab,True,HQ Lab @ Teklab
ENT-001106,1,env_labs_standardized.csv,"Teklab, Incorporated",,TNI02051,120 United Drive,Collinsville,Illinois,,,env_labs,https://www.teklabinc.com/,Sherri Jones,,,,,,,"Teklab provides environmental analytical testing services including drinking water bacteria (total and fecal coliform), PFAS testing, PCB testing (e.g., indoor air and schools), hazardous waste testing, VOA/VOC testing, organic and inorganic testing, and metals testing using ICP/ICP-MS. The site also lists pharmaceutical effluent testing methods (EPA 1666 and EPA 524.2 PMI) and multiple air and soil testing capabilities.",no_explicit_gmp,True,found_via_search,extracted,extracted,"checked_pages_not_found (pages_checked=8,fetched_ok=8,total_text_chars=59046)",extracted,extracted,extracted,Teklab Incorporated,True,HQ Lab @ Teklab Incorporated
ENT-001107,1,env_labs_standardized.csv,Teledyne Brown Engineering Environmental Services,,TNI01754,2508 Quality Lane,Knoxville,Tennessee,,,env_labs,https://www.tbe.com/lab,,TBEBusiness@Teledyne.com,,,,,,"Provides radioanalytical services including analyses of air, water, milk, food crops, vegetation, soil, sediment, biota, bioassay, swipes, resins, filters, oil, waste, and other media, including unique sample matrices. Lists multiple report levels and associated analytical documentation such as report of analysis, sample receipt variance reports, raw sample data, blanks/spikes/duplicates/matrix spikes, calibration records, and annual/quarterly radiological environmental reports and quality assurance reports.",no_explicit_gmp,True,found_via_search,found_via_fallback_search,"checked_pages_not_found (pages_checked=3,fetched_ok=3,total_text_chars=4312)",found_via_fallback_search,extracted,extracted,extracted,Teledyne Brown Engineering Environmental Services,True,HQ Lab @ Teledyne Brown Engineering Environmental Services
ENT-001108,1,env_labs_standardized.csv,"Test,  Inc.",,TNI02052,2323 4th St,Peru,Illinois,,,env_labs,https://testinc.com/,Chris Perra – President,cperra@testinc.com,,,,,,"TEST provides state-certified drinking water and N.P.D.E.S. wastewater laboratory analyses, plus environmental laboratory analyses for industry, municipalities, and commercial/residential clients. It also offers water, storm, and wastewater sample collection and pick-up, portable flow meter services, landfill gas monitoring, in-the-field analyses with portable instruments, and installation of 24-hour composite samplers and recording rain gauges and pressure instruments.",no_explicit_gmp,True,found_via_search,found_via_fallback_search,extracted,extracted,extracted,extracted,extracted,Test,True,HQ Lab @ Test
ENT-001109,1,env_labs_standardized.csv,Tetra Tech Inc Ecological Testing Facility,,TNI01317,,Owings Mills,Maryland,,,env_labs,https://www.tetratech.com/,Marcus Bowersox,Marcus.Bowersox@tetratech.com,,,,,,,,,found_via_search,found_via_fallback_search,found_via_fallback_search,found_via_fallback_search,"no_pages_fetched_ok (pages_checked=1,fetched_ok=0,total_text_chars=0)","no_pages_fetched_ok (pages_checked=1,fetched_ok=0,total_text_chars=0)","no_pages_fetched_ok (pages_checked=1,fetched_ok=0,total_text_chars=0)",Tetra Tech,True,HQ Lab @ Tetra Tech
ENT-001110,1,env_labs_standardized.csv,Texas Department of State Health Services / South Texas Laboratory,,TNI00097,1301 S. Rangerville Road,Harlingen,Texas,,,env_labs,https://www.dshs.texas.gov/laboratory-services/south-texas-laboratory,Diagnostic Serology Section Chief,aurora.martinez@dshs.texas.gov,,,,,,"Performs serological screening and testing for a large variety of infectious diseases. Specimens are tested for programs including Maternal & Child Health, Family Planning, and Mental Health & Mental Retardation, with tests for Hepatitis B, Rubella (German Measles), and syphilis, and also confirm disease outbreaks including measles and less commonly encountered diseases such as Hantavirus and arboviral encephalitis.",no_explicit_gmp,False,found_via_search,found_via_fallback_search,extracted,found_via_fallback_search,extracted,"checked_pages_not_found (pages_checked=8,fetched_ok=8,total_text_chars=123847)",extracted,Texas Department of State Health Services South Texas Laboratory,True,HQ Lab @ Texas Department of State Health Services South Texas Laboratory
ENT-001111,1,env_labs_standardized.csv,Texas Department of State Health Services Laboratory - Austin,,TNI00082,1100 West 49th Street,Austin,Texas,,,env_labs,https://www.dshs.texas.gov/laboratory-services,Diagnostic Serology Section Chief,labinfo@dshs.texas.gov,,,,,,"The Diagnostic Serology Team performs serological screening and testing for a large variety of infectious diseases, including screening for Hepatitis B, Rubella (German Measles), and syphilis, and confirming disease outbreaks such as measles. It also tests for less commonly encountered diseases such as Hantavirus and arboviral encephalitis, using specimens including serum, and in some cases plasma and Cerebral Spinal Fluid (CSF).",no_explicit_gmp,False,found_via_search,extracted,extracted,extracted,extracted,"checked_pages_not_found (pages_checked=8,fetched_ok=8,total_text_chars=115990)",extracted,Texas Department of State Health Services Laboratory,True,HQ Lab @ Texas Department of State Health Services Laboratory
ENT-001112,1,env_labs_standardized.csv,Texas Institute for Applied Environmental Research (TIAER),,TNI00043,,Stephenville,Texas,,,env_labs,https://www.tarleton.edu/tiaer/,"Dr. Ali Saleh, Ph.D.",saleh@tarleton.edu,,,,,,,,,found_via_search,found_via_fallback_search,found_via_fallback_search,found_via_fallback_search,"no_pages_fetched_ok (pages_checked=1,fetched_ok=0,total_text_chars=0)","no_pages_fetched_ok (pages_checked=1,fetched_ok=0,total_text_chars=0)","no_pages_fetched_ok (pages_checked=1,fetched_ok=0,total_text_chars=0)",Texas Institute for Applied Environmental Research TIAER,True,HQ Lab @ Texas Institute for Applied Environmental Research TIAER
ENT-001113,1,env_labs_standardized.csv,Texas Research Institute for Environmental Studies,,TNI02108,,Huntsville,Texas,,,env_labs,https://www.shsu.edu/dept/tries/index.html,William I. Lutterschmidt,lutterschmidt@shsu.edu,,,,,,,,,found_via_search,found_via_fallback_search,found_via_fallback_search,found_via_fallback_search,"no_pages_fetched_ok (pages_checked=1,fetched_ok=0,total_text_chars=0)","no_pages_fetched_ok (pages_checked=1,fetched_ok=0,total_text_chars=0)","no_pages_fetched_ok (pages_checked=1,fetched_ok=0,total_text_chars=0)",Texas Research Institute for Environmental Studies,True,HQ Lab @ Texas Research Institute for Environmental Studies
ENT-001114,1,env_labs_standardized.csv,THE LAB,,TNI02596,70 Westchester Ave,POUND RIDGE,New York,,,env_labs,https://thelab.eco/,Phyllis Shiller,,,,,,,"Provides indoor air and water-related testing services including radon testing, mold testing, and indoor air quality (air quality) testing. It also describes tailoring sampling plans and using systems/devices such as E-PERM for radon measurements and continuous monitoring for hourly radon testing.",no_explicit_gmp,True,found_via_search,extracted,found_via_fallback_search,"checked_pages_not_found (pages_checked=5,fetched_ok=5,total_text_chars=14669)",extracted,extracted,extracted,THE LAB,True,HQ Lab @ THE LAB
ENT-001115,1,env_labs_standardized.csv,"THE METRO GROUP, INC.",,TNI02585,,LONG ISLAND CITY,New York,,,env_labs,https://www.metrogroupinc.com/,"John Caloritis , CWT",sales@metrogroupinc.com,,,,,,"Provides full-service water treatment and water management programs including cooling tower water treatment/compliance, boiler water treatment, drinking water services, and legionella sampling/testing with in-house ELAP certified laboratory testing. Also offers mechanical & HVAC services (boilers/HVAC repairs and installations), licensed electrical installation & construction (including EV charging station infrastructure), installation & construction, and remediation/secondary disinfection for building water systems.",no_explicit_gmp,True,found_via_search,extracted,extracted,found_via_fallback_search,extracted,extracted,extracted,THE METRO GROUP,True,HQ Lab @ THE METRO GROUP
ENT-001116,1,env_labs_standardized.csv,The Texas Water Lab,,TNI02870,,Waller,Texas,,,env_labs,,,,,,,,,,,,search_found_nothing,no_website_fallback_search_failed,no_website_cannot_check_pages,no_website_cannot_check_pages,no_website_cannot_check_pages,no_website_cannot_check_pages,no_website_cannot_check_pages,The Texas Water Lab,True,HQ Lab @ The Texas Water Lab
ENT-001117,1,env_labs_standardized.csv,The Village of Palm Springs Water Treatment Plant,,TNI00344,226 Cypress Lane,Palm Springs,Florida,,,env_labs,https://www.vpsfl.org/,,utilities@vpsfl.org,,,,,,"The Village provides water and sewer utilities, including ""two water treatment plants"" delivering water to residents and businesses. It also maintains sewer collection and transmission facilities sending wastewater to the East Central Regional Treatment Facility through connections.",no_explicit_gmp,False,found_via_search,extracted,"checked_pages_not_found (pages_checked=8,fetched_ok=8,total_text_chars=25489)",found_via_fallback_search,extracted,"checked_pages_not_found (pages_checked=8,fetched_ok=8,total_text_chars=25489)",extracted,The Village of Palm Springs Water Treatment Plant,True,HQ Lab @ The Village of Palm Springs Water Treatment Plant
ENT-001118,1,env_labs_standardized.csv,"The Water Shed Laboratories, Inc.",,TNI00605,304 S. Spring Garden Ave.,Deland,Florida,,,env_labs,https://www.watershedlab.com/,,WaterShedLab@aol.com,,,,,,"Provides well testing/water analysis and well water treatment services, including testing for well water quality and bacteriological safety, plus water treatment options such as iron removal, sulfur removal, water softeners, reverse osmosis systems (including under-sink systems), and water filtration system filters & cartridges. Also offers planned maintenance agreements for water treatment equipment (monthly, quarterly, semi-annual, annual plans).",no_explicit_gmp,True,found_via_search,extracted,"checked_pages_not_found (pages_checked=5,fetched_ok=4,total_text_chars=6662)",extracted,extracted,extracted,extracted,The Water Shed Laboratories,True,HQ Lab @ The Water Shed Laboratories
ENT-001119,1,env_labs_standardized.csv,The Water Spigot,,TNI00606,5806 East Hwy 22,Panama City,Florida,,,env_labs,http://thewaterspigot.com/,Trish Jackson,trish@thewaterspigot.com,,,,,,"Full Service Environmental Analytical Laboratory providing water and wastewater analyses and field sampling teams. Services include laboratory analyses across wastewater, drinking water, sludges, soils, and groundwater, and includes a HAZWOPER trained field team for groundwater sampling and bacteriological sample collection (MMO-MUGS).",no_explicit_gmp,True,found_via_search,extracted,found_via_fallback_search,found_via_fallback_search,extracted,extracted,extracted,The Water Spigot,True,HQ Lab @ The Water Spigot
ENT-001120,1,env_labs_standardized.csv,Timpanogos Special Service District,,TNI02003,6400 North 5050 West,American Fork,Utah,,,env_labs,https://timpssd.org/,Richard Mickelsen,info@timssd.gov,,,,,,"Provides wastewater collection and treatment service to northern Utah County. The service area includes multiple cities (Alpine, American Fork, Cedar Hills, Eagle Mountain, Highland, Lehi, Pleasant Grove, Saratoga Springs, Vineyard, and part of Draper).",no_explicit_gmp,False,found_via_search,extracted,extracted,extracted,extracted,"checked_pages_not_found (pages_checked=8,fetched_ok=8,total_text_chars=19189)",extracted,Timpanogos Special Service District,True,HQ Lab @ Timpanogos Special Service District
ENT-001121,1,env_labs_standardized.csv,Timpview Analytical Laboratories,,TNI02004,1384 West 130 South,Orem,Utah,,,env_labs,,,,,,,,,,,,search_found_nothing,found_via_fallback_search,no_website_cannot_check_pages,no_website_cannot_check_pages,no_website_cannot_check_pages,no_website_cannot_check_pages,no_website_cannot_check_pages,Timpview Analytical Laboratories,True,HQ Lab @ Timpview Analytical Laboratories
ENT-001122,1,env_labs_standardized.csv,Toho Water Authority Laboratory,,TNI00607,951 Martin Luther King Blvd.,Kissimmee,Florida,,,env_labs,https://www.tohowater.com/,Todd Swingle,customerservice@tohowater.com,,,,,,"Toho Water Authority provides water, wastewater, and reclaimed water services for its service area. The text also states that the community water services are “constantly tested for compliance with state and federal standards and regulations.”",no_explicit_gmp,False,found_via_search,extracted,extracted,extracted,extracted,"checked_pages_not_found (pages_checked=8,fetched_ok=8,total_text_chars=69362)",extracted,Toho Water Authority Laboratory,True,HQ Lab @ Toho Water Authority Laboratory
ENT-001123,1,env_labs_standardized.csv,TONAWANDA (T) WASTEWATER,,TNI01464,2919 Delaware Ave #14,TONAWANDA,New York,,,env_labs,https://www.tonawanda.ny.us/,Jason W. Koepsell,JKoepsell@northtonawanda.org,,,,,,,no_explicit_gmp,False,found_via_search,extracted,found_via_fallback_search,found_via_fallback_search,extracted,"checked_pages_not_found (pages_checked=8,fetched_ok=8,total_text_chars=81932)","checked_pages_not_found (pages_checked=8,fetched_ok=8,total_text_chars=81932)",TONAWANDA T WASTEWATER,True,HQ Lab @ TONAWANDA T WASTEWATER
ENT-001124,1,env_labs_standardized.csv,TONAWANDA (T) WATER TREATMENT PLANT,,TNI01450,3750 River Rd,TONAWANDA,New York,,,env_labs,https://www.tonawanda.ny.us/,Jason Koepsell,jkoepsell@northtonawanda.org,,,,,,"The provided text is from Town of Tonawanda pages and describes municipal functions such as Youth, Parks & Recreation facilities/programs and the Community Emergency Response Team (CERT) training.",no_explicit_gmp,False,found_via_search,found_via_fallback_search,found_via_fallback_search,found_via_fallback_search,extracted,"checked_pages_not_found (pages_checked=8,fetched_ok=8,total_text_chars=81932)",extracted,TONAWANDA T WATER TREATMENT PLANT,True,HQ Lab @ TONAWANDA T WATER TREATMENT PLANT
ENT-001125,1,env_labs_standardized.csv,Topeka Municipal Wastewater Laboratory,,TNI01940,,Topeka,Kansas,,,env_labs,,,,,,,,,,,,search_found_nothing,no_website_fallback_search_failed,no_website_cannot_check_pages,no_website_cannot_check_pages,no_website_cannot_check_pages,no_website_cannot_check_pages,no_website_cannot_check_pages,Topeka Municipal Wastewater Laboratory,True,HQ Lab @ Topeka Municipal Wastewater Laboratory
ENT-001126,1,env_labs_standardized.csv,Topeka Municipal Water Treatment Laboratory,,TNI01939,,Topeka,Kansas,,,env_labs,https://www.topeka.org/,,,,,,,,,no_explicit_gmp,False,found_via_search,"checked_pages_not_found (pages_checked=8,fetched_ok=8,total_text_chars=20480)","checked_pages_not_found (pages_checked=8,fetched_ok=8,total_text_chars=20480)","checked_pages_not_found (pages_checked=8,fetched_ok=8,total_text_chars=20480)",extracted,"checked_pages_not_found (pages_checked=8,fetched_ok=8,total_text_chars=20480)","checked_pages_not_found (pages_checked=8,fetched_ok=8,total_text_chars=20480)",Topeka Municipal Water Treatment Laboratory,True,HQ Lab @ Topeka Municipal Water Treatment Laboratory
ENT-001127,1,env_labs_standardized.csv,TOTAL WATER LABORATORIES LLC,,TNI02107,515 Old South 5,CAMDENTON,Missouri,,,env_labs,https://www.totalwaterlabs.com/,Kelly Goss,sales@totalwaterlabs.com,,,,,,"Provides routine water/wastewater laboratory testing including Biological Oxygen Demand (5-day, BOD5), Total Suspended Solids (TSS), Percent Solids, pH, Temperature, Ammonia as Nitrogen, Total Kjeldahl Nitrogen (TKN), Nitrate, Nitrite, Phosphorous, Chloride, Fecal Coliform, E. coli, Total Residual Chlorine, Sludge, Fecal Metals. Also offers additional services such as ASA Certified Statistical Analysis of Data, Data Verification, Quality Assurance/Quality Control, Review and Design, Sampling and Analysis Plans, Joint Performance Testing, Investigative Services, and “Non-Standard Technology” reviews and report services.",no_explicit_gmp,True,found_via_search,extracted,extracted,extracted,extracted,extracted,extracted,TOTAL WATER LABORATORIES,True,HQ Lab @ TOTAL WATER LABORATORIES
ENT-001128,1,env_labs_standardized.csv,Town of Jupiter Water System,,TNI00609,210 Military Trail,Jupiter,Florida,,,env_labs,https://www.jupiter.fl.us/,,utilities@jupiter.fl.us,,,,,,"Provides municipal facility rentals (Community Center, Civic Center, Old Town Hall) for hosting meetings, parties, or memorials. Also provides municipal building code enforcement and related permitting/records services through the Building Department and online permitting/plan review.",no_explicit_gmp,False,found_via_search,extracted,"checked_pages_not_found (pages_checked=8,fetched_ok=8,total_text_chars=25672)",found_via_fallback_search,extracted,"checked_pages_not_found (pages_checked=8,fetched_ok=8,total_text_chars=25672)",extracted,Town of Jupiter Water System,True,HQ Lab @ Town of Jupiter Water System
ENT-001129,1,env_labs_standardized.csv,TOWN OF LEWISTON,,TNI01455,1375 Ridge Road,LEWISTON,New York,,,env_labs,https://www.townoflewistonny.gov/,,,,,,,,"The provided page text lists Town departments and general town information (e.g., ""Town Departments"" and meeting/event navigation). It does not describe any laboratory or manufacturing services.",no_explicit_gmp,False,found_via_search,extracted,"checked_pages_not_found (pages_checked=5,fetched_ok=5,total_text_chars=18537)","checked_pages_not_found (pages_checked=5,fetched_ok=5,total_text_chars=18537)",extracted,"checked_pages_not_found (pages_checked=5,fetched_ok=5,total_text_chars=18537)",extracted,TOWN OF,True,HQ Lab @ TOWN OF
ENT-001130,1,env_labs_standardized.csv,"TOWN OF ORANGETOWN, SEWER DEPARTMENT",,TNI01572,127 Route 303,ORANGEBURG,New York,,,env_labs,https://www.orangetown.com/,,,,,,,,,,,found_via_search,found_via_fallback_search,"no_pages_fetched_ok (pages_checked=1,fetched_ok=0,total_text_chars=0)","no_pages_fetched_ok (pages_checked=1,fetched_ok=0,total_text_chars=0)","no_pages_fetched_ok (pages_checked=1,fetched_ok=0,total_text_chars=0)","no_pages_fetched_ok (pages_checked=1,fetched_ok=0,total_text_chars=0)","no_pages_fetched_ok (pages_checked=1,fetched_ok=0,total_text_chars=0)",TOWN OF ORANGETOWN SEWER DEPARTMENT,True,HQ Lab @ TOWN OF ORANGETOWN SEWER DEPARTMENT
ENT-001131,1,env_labs_standardized.csv,TRA RS&C Laboratory,,TNI00074,,Dallas,Texas,,,env_labs,,,,,,,,,,,,search_found_nothing,found_via_fallback_search,no_website_cannot_check_pages,no_website_cannot_check_pages,no_website_cannot_check_pages,no_website_cannot_check_pages,no_website_cannot_check_pages,TRA RSC Laboratory,True,HQ Lab @ TRA RSC Laboratory
ENT-001132,1,env_labs_standardized.csv,Trace Analytical,,TNI02768,,Muskegon,Michigan,,,env_labs,https://trace-labs.com/,Alyson Yagiela,ayagiela@trace-labs.com,,,,,,,,,found_via_search,found_via_fallback_search,found_via_fallback_search,found_via_fallback_search,"no_pages_fetched_ok (pages_checked=1,fetched_ok=0,total_text_chars=0)","no_pages_fetched_ok (pages_checked=1,fetched_ok=0,total_text_chars=0)","no_pages_fetched_ok (pages_checked=1,fetched_ok=0,total_text_chars=0)",Trace Analytical,True,HQ Lab @ Trace Analytical
ENT-001133,1,env_labs_standardized.csv,Traut Water Analysis Lab,,TNI01150,32640 Cty Rd 133,St Joseph,Minnesota,,,env_labs,https://trautcompanies.com/,Kelsey Klaphake,kelseyk@trautcompanies.com,,,,,,"Traut Companies provides municipal & commercial water system services including dual rotary drilling, geothermal heating & cooling installation (IGSHPA-accredited installer), small & large pump service, VFD solutions, downhole geophysical data logging & well video inspection, and water treatment and installation/service. The company also operates a “Minnesota State Certified Water Analysis Lab” that analyzes drinking water contaminants (e.g., bacteria, nitrates, arsenic, lead, manganese).",no_explicit_gmp,True,found_via_search,extracted,found_via_fallback_search,found_via_fallback_search,extracted,extracted,extracted,Traut Water Analysis Lab,True,HQ Lab @ Traut Water Analysis Lab
ENT-001134,1,env_labs_standardized.csv,TRC ENVIRONMENTAL CORPORATION,,TNI01634,21 Griffin Road North Windsor,WINDSOR,Connecticut,,,env_labs,https://www.trccompanies.com/,"Laura Ramey, Chief People Officer",kathleen.williamson@trccompanies.com,,,,,,"TRC provides consulting, engineering, construction management, and related services across markets including Power & Utilities, Energy, Transportation, Water, and Government services. It also offers Security & Emergency Management services such as emergency management and response planning, cybersecurity, disaster recovery, physical security and emergency management, power restoration, and spill prevention & response.",no_explicit_gmp,True,found_via_search,extracted,extracted,found_via_fallback_search,extracted,extracted,extracted,TRC ENVIRONMENTAL,True,HQ Lab @ TRC ENVIRONMENTAL
ENT-001135,1,env_labs_standardized.csv,"TRE Environmental Strategies, LLC",,TNI00257,,Fort Collins,Colorado,,,env_labs,https://treenvironmental.com/,David Pillard,pillardda.tre@gmail.com,,,,,,,,,found_via_search,found_via_fallback_search,found_via_fallback_search,found_via_fallback_search,"no_pages_fetched_ok (pages_checked=1,fetched_ok=0,total_text_chars=0)","no_pages_fetched_ok (pages_checked=1,fetched_ok=0,total_text_chars=0)","no_pages_fetched_ok (pages_checked=1,fetched_ok=0,total_text_chars=0)",TRE Environmental Strategies,True,HQ Lab @ TRE Environmental Strategies
ENT-001136,1,env_labs_standardized.csv,Tremonton Waste Water Treatment Plant Laboratory,,TNI02006,102 S. Tremont St.,Tremonton,Utah,,,env_labs,https://tremontoncity.gov/,Dan Griffin,connect@tremontoncity.gov,,,,,,"The provided pages list Tremonton City contact details and city functions such as city offices, utilities, emergency management, and city services, but do not describe any laboratory testing services for “Tremonton Waste Water Treatment Plant Laboratory.”",no_explicit_gmp,False,found_via_search,extracted,found_via_fallback_search,extracted,extracted,"checked_pages_not_found (pages_checked=8,fetched_ok=8,total_text_chars=41622)",extracted,Tremonton Waste Water Treatment Plant Laboratory,True,HQ Lab @ Tremonton Waste Water Treatment Plant Laboratory
ENT-001137,1,env_labs_standardized.csv,Tri-City/William Lloyd Analytical Lab,,TNI01130,,Bloomington,Minnesota,,,env_labs,https://www.bloomingtonmn.gov/util/utilities-division,,,,,,,,,,,found_via_search,found_via_fallback_search,"no_pages_fetched_ok (pages_checked=1,fetched_ok=0,total_text_chars=0)","no_pages_fetched_ok (pages_checked=1,fetched_ok=0,total_text_chars=0)","no_pages_fetched_ok (pages_checked=1,fetched_ok=0,total_text_chars=0)","no_pages_fetched_ok (pages_checked=1,fetched_ok=0,total_text_chars=0)","no_pages_fetched_ok (pages_checked=1,fetched_ok=0,total_text_chars=0)",Tri CityWilliam Lloyd Analytical Lab,True,HQ Lab @ Tri CityWilliam Lloyd Analytical Lab
ENT-001138,1,env_labs_standardized.csv,"Tri-State Laboratory Services, LLC",,TNI02240,,Pikeville,Kentucky,,,env_labs,,,,,,,,,,,,search_found_nothing,found_via_fallback_search,no_website_cannot_check_pages,no_website_cannot_check_pages,no_website_cannot_check_pages,no_website_cannot_check_pages,no_website_cannot_check_pages,Tri State Laboratory Services,True,HQ Lab @ Tri State Laboratory Services
ENT-001139,1,env_labs_standardized.csv,"Tri-Tech Laboratories, Inc.",,TNI00612,,Orlando,Florida,,,env_labs,,,,,,,,,,,,search_found_nothing,found_via_fallback_search,no_website_cannot_check_pages,no_website_cannot_check_pages,no_website_cannot_check_pages,no_website_cannot_check_pages,no_website_cannot_check_pages,Tri Tech Laboratories,True,HQ Lab @ Tri Tech Laboratories
ENT-001140,1,env_labs_standardized.csv,TriCounty Health Department Environmental Laboratory,,TNI02007,,Vernal,Utah,,,env_labs,https://www.tricountyhealthut.gov/,Sydnee Lyons,slamb@tricountyhealthut.gov,,,,,,Public health services including environmental quality work such as monitoring/protecting air quality and protecting and testing water sources (including recreational water quality).,no_explicit_gmp,False,found_via_search,extracted,extracted,extracted,extracted,"checked_pages_not_found (pages_checked=8,fetched_ok=8,total_text_chars=37326)",extracted,TriCounty Health Department Environmental Laboratory,True,HQ Lab @ TriCounty Health Department Environmental Laboratory
ENT-001141,1,env_labs_standardized.csv,Trinity River Authority Lake Livingston Project Laboratory,,TNI00070,Lake Livingston Project Laboratory 5170 S. FM 1988,Livingston,Texas,,,env_labs,https://www.trinityra.org/,,aguayot@trinityra.org,,,,,,"Operates water and wastewater treatment and related facilities within the Trinity River basin, including the Lake Livingston Project Reservoir. Provides services for wastewater treatment via its treatment process and facilities.",no_explicit_gmp,False,found_via_search,extracted,"checked_pages_not_found (pages_checked=8,fetched_ok=7,total_text_chars=37285)",found_via_fallback_search,extracted,"checked_pages_not_found (pages_checked=8,fetched_ok=7,total_text_chars=37285)",extracted,Trinity River Authority Lake Livingston Project Laboratory,True,HQ Lab @ Trinity River Authority Lake Livingston Project Laboratory
ENT-001142,1,env_labs_standardized.csv,TROY (C) PUBLIC UTILITY DEPARTMENT,,TNI01507,"433 River Street, Suite 5001",TROY,New York,,,env_labs,https://www.troyny.gov/251/Public-Utilities,,troyDPU@troyny.gov,,,,,,"Provides drinking water and wastewater services, including lead & drinking water programs (e.g., lead service line inventory and limited free tap water lead testing). Also includes stormwater management under the City’s Stormwater Management Program (SWMP) and related municipal separate storm sewer system requirements.",no_explicit_gmp,False,found_via_search,extracted,"checked_pages_not_found (pages_checked=8,fetched_ok=8,total_text_chars=26374)",found_via_fallback_search,extracted,"checked_pages_not_found (pages_checked=8,fetched_ok=8,total_text_chars=26374)",extracted,TROY C PUBLIC UTILITY DEPARTMENT,True,HQ Lab @ TROY C PUBLIC UTILITY DEPARTMENT
ENT-001143,1,env_labs_standardized.csv,TUNXIS LABORATORIES LLC,,TNI02528,,PLAINVILLE,Connecticut,,,env_labs,,,,,,,,,,,,search_found_nothing,found_via_fallback_search,no_website_cannot_check_pages,no_website_cannot_check_pages,no_website_cannot_check_pages,no_website_cannot_check_pages,no_website_cannot_check_pages,TUNXIS LABORATORIES,True,HQ Lab @ TUNXIS LABORATORIES
ENT-001144,1,env_labs_standardized.csv,"Turquoise Analytics, LLC",,TNI02803,,Traverse City,Michigan,,,env_labs,,,,,,,,,,,,search_found_nothing,no_website_fallback_search_failed,no_website_cannot_check_pages,no_website_cannot_check_pages,no_website_cannot_check_pages,no_website_cannot_check_pages,no_website_cannot_check_pages,Turquoise Analytics,True,HQ Lab @ Turquoise Analytics
ENT-001145,1,env_labs_standardized.csv,"Twin City Water Clinic, Inc.",,TNI01148,,Hopkins,Minnesota,,,env_labs,https://www.twincitywaterclinic.com/,Frances Turner,info@twincitywaterclinic.com,,,,,,"Twin City Water Clinic provides well water testing services including arsenic testing, lead testing, bacteria testing, and nitrate testing. The site also describes lead sampling for schools, including sample collection, reporting to MDH, and mandated reporting support.",no_explicit_gmp,True,found_via_search,extracted,extracted,extracted,extracted,extracted,extracted,Twin City Water Clinic,True,HQ Lab @ Twin City Water Clinic
ENT-001146,1,env_labs_standardized.csv,"U.S. Region 9 Lab - Corvallis, OR",,TNI02772,200 SW 35th Street,Corvallis,Oregon,,,env_labs,https://www.epa.gov/aboutepa/r9-regional-lab,"Brewer, Alex",brewer.alex@epa.gov,,,,,,"Provides chemical and biological analyses, field sampling services, and technical expertise. Biology services include aquatic and sediment toxicity testing and microbiological testing, while chemistry services analyze environmental samples for organic and inorganic contaminants; field services include collecting samples, field audits of EPA contractors, and on-site field analyses at Superfund sites.",no_explicit_gmp,False,found_via_search,extracted,extracted,extracted,extracted,"checked_pages_not_found (pages_checked=8,fetched_ok=8,total_text_chars=43827)",extracted,US Region 9 Lab Corvallis OR,True,HQ Lab @ US Region 9 Lab Corvallis OR
ENT-001147,1,env_labs_standardized.csv,U.S. Water Services Corporation,,TNI00614,4939 Cross Bayou Blvd.,Marathon,Florida,,,env_labs,https://www.uswatercorp.com/,,,,,,,,"Operations & Maintenance (O&M) for public water and wastewater facilities, including staffing, emergency utility services, compliance management, customer service solutions (call centers, meter reading, billing, auditing, and reporting), and infrastructure rehabilitation and construction. Engineering and consulting support including process control & monitoring (PC&M).",no_explicit_gmp,True,found_via_search,extracted,"checked_pages_not_found (pages_checked=8,fetched_ok=6,total_text_chars=55343)","checked_pages_not_found (pages_checked=8,fetched_ok=6,total_text_chars=55343)",extracted,extracted,extracted,US Water Services,True,HQ Lab @ US Water Services
ENT-001148,1,env_labs_standardized.csv,UC Laboratory,,TNI01102,,Janesville,Minnesota,,,env_labs,https://uclaboratory.net/,Ben Schreader // CEO,ben@uclaboratory.net,,,,,,"UC Laboratory provides environmental testing including “Wastewater Biosolid Analysis,” “Pathogen Reduction,” “Drinking Water,” “Ground Water Microbiological,” “Lakes & Rivers,” “Soil Analysis,” and “Stormwater Analysis (MPCA Compliant).” It also offers field services such as “On-site Wastewater Sampling,” “Groundwater Monitoring,” and “Flow Measurement Studies,” along with “functional testing services” for software and applications.",no_explicit_gmp,True,found_via_search,found_via_fallback_search,extracted,extracted,extracted,extracted,extracted,UC Laboratory,True,HQ Lab @ UC Laboratory
ENT-001149,1,env_labs_standardized.csv,UF/IFAS Environmental Quality Laboratory,,TNI00615,2390 Mowry Road Building #631,Gainesville,Florida,,,env_labs,https://arl.ifas.ufl.edu/EWQL%20Home.asp,"Dr. Franta Majs, associate scientist and director of the ANSERV Labs",,,,,,,"Provides “Environmental Water Quality Testing,” including “Soil, Tissue, Solution” and “Soil Moisture Core Testing.”",no_explicit_gmp,False,found_via_search,extracted,extracted,"checked_pages_not_found (pages_checked=8,fetched_ok=8,total_text_chars=17449)",extracted,"checked_pages_not_found (pages_checked=8,fetched_ok=8,total_text_chars=17449)",extracted,UFIFAS Environmental Quality Laboratory,True,HQ Lab @ UFIFAS Environmental Quality Laboratory
ENT-001150,1,env_labs_standardized.csv,UGRA Environmental Laboratory,,TNI00071,,Kerrville,Texas,,,env_labs,https://www.ugra.org/,,nshepherd@ugra.org,,,,,,,,,found_via_search,found_via_fallback_search,"no_pages_fetched_ok (pages_checked=1,fetched_ok=0,total_text_chars=0)",found_via_fallback_search,"no_pages_fetched_ok (pages_checked=1,fetched_ok=0,total_text_chars=0)","no_pages_fetched_ok (pages_checked=1,fetched_ok=0,total_text_chars=0)","no_pages_fetched_ok (pages_checked=1,fetched_ok=0,total_text_chars=0)",UGRA Environmental Laboratory,True,HQ Lab @ UGRA Environmental Laboratory
ENT-001151,1,env_labs_standardized.csv,Umpqua Research Company,,TNI00236,,Myrtle Creek,Oregon,,,env_labs,https://umpquaresearch.com/,Tom Williams,Lab@URCmail.net,,,,,,,,,found_via_search,found_via_fallback_search,found_via_fallback_search,found_via_fallback_search,"no_pages_fetched_ok (pages_checked=1,fetched_ok=0,total_text_chars=0)","no_pages_fetched_ok (pages_checked=1,fetched_ok=0,total_text_chars=0)","no_pages_fetched_ok (pages_checked=1,fetched_ok=0,total_text_chars=0)",Umpqua Research Company,False,Myrtle Creek Lab @ Umpqua Research Company
ENT-001152,1,env_labs_standardized.csv,Umpqua Research Company (Bend),,TNI00237,738 SE Glenwood Drive,Bend,Oregon,,,env_labs,https://umpquaresearch.com/,,bendlab@urcmail.net,,,,,,,,,found_via_search,found_via_fallback_search,"no_pages_fetched_ok (pages_checked=1,fetched_ok=0,total_text_chars=0)",found_via_fallback_search,"no_pages_fetched_ok (pages_checked=1,fetched_ok=0,total_text_chars=0)","no_pages_fetched_ok (pages_checked=1,fetched_ok=0,total_text_chars=0)","no_pages_fetched_ok (pages_checked=1,fetched_ok=0,total_text_chars=0)",Umpqua Research Company,False,Bend Lab @ Umpqua Research Company
ENT-001153,1,env_labs_standardized.csv,Umpqua Research Company - Table Rock,,TNI02231,,Pendleton,Oregon,,,env_labs,https://umpquaresearch.com/,,trlab@urcmail.net,,,,,,,,,found_via_search,found_via_fallback_search,"no_pages_fetched_ok (pages_checked=1,fetched_ok=0,total_text_chars=0)",found_via_fallback_search,"no_pages_fetched_ok (pages_checked=1,fetched_ok=0,total_text_chars=0)","no_pages_fetched_ok (pages_checked=1,fetched_ok=0,total_text_chars=0)","no_pages_fetched_ok (pages_checked=1,fetched_ok=0,total_text_chars=0)",Umpqua Research Company Table Rock,True,HQ Lab @ Umpqua Research Company Table Rock
ENT-001154,1,env_labs_standardized.csv,Universal Laboratories - Hampton,,TNI01262,20 Research Drive,Hampton,Virginia,,,env_labs,https://www.universallaboratories.net/,,,,,,,,"Universal Laboratories provides environmental sampling and analytical testing services, including microbiological testing (e.g., sterility checks, effectiveness testing, spore count on autoclaves), inorganic and organic chemistry testing (classical wet chemistry, trace metals, extraction techniques, and Gas Chromatography/Gas chromatography mass spectrometer testing with USEPA testing methods). They also offer field sampling services such as routine sample pick-up, permit sampling/support for industrial wastewater permits, stormwater outfalls sampling, and compliance-related services like permit management, DMR preparation, electronic reporting, river and stream monitoring, and groundwater sampling and analysis.",no_explicit_gmp,True,found_via_search,extracted,"checked_pages_not_found (pages_checked=6,fetched_ok=6,total_text_chars=7739)","checked_pages_not_found (pages_checked=6,fetched_ok=6,total_text_chars=7739)",extracted,extracted,extracted,Universal Laboratories,True,HQ Lab @ Universal Laboratories
ENT-001155,1,env_labs_standardized.csv,"UNIVERSITY OF MARYLAND, CBL-NASL",,TNI02477,,SOLOMONS,Maryland,,,env_labs,https://www.umces.edu/collaborate/services-tools/nutrient-analytical-services-laboratory/,Jerry Frank,frank@umces.edu,,,,,,,,,found_via_search,found_via_fallback_search,found_via_fallback_search,found_via_fallback_search,"no_pages_fetched_ok (pages_checked=1,fetched_ok=0,total_text_chars=0)","no_pages_fetched_ok (pages_checked=1,fetched_ok=0,total_text_chars=0)","no_pages_fetched_ok (pages_checked=1,fetched_ok=0,total_text_chars=0)",UNIVERSITY OF MARYLAND CBL NASL,True,HQ Lab @ UNIVERSITY OF MARYLAND CBL NASL
ENT-001156,1,env_labs_standardized.csv,UNIVERSITY OF NEW HAMPSHIRE STORM WATER CENTER,,TNI02766,"Stormwater Center Facility West Edge Lot, NW Corner",DURHAM,New Hampshire,,,env_labs,https://extension.unh.edu/stormwater-center,"James Houle, Ph.D., CPESC, CPSWQ",james.houle@unh.edu,,,,,,"Provides research and testing related to stormwater, and serves as a technical resource for water managers, planners, and design engineers. It also lists development of stormwater manuals and maintenance/design guidance for subsurface gravel wetlands.",no_explicit_gmp,False,found_via_search,extracted,extracted,extracted,extracted,"checked_pages_not_found (pages_checked=8,fetched_ok=7,total_text_chars=42488)",extracted,UNIVERSITY OF NEW HAMPSHIRE STORM WATER CENTER,True,HQ Lab @ UNIVERSITY OF NEW HAMPSHIRE STORM WATER CENTER
ENT-001157,1,env_labs_standardized.csv,University of West Florida Wetlands Research Laboratory,,TNI00619,"11000 University Parkway, Bldg 58",Pensacola,Florida,,,env_labs,https://uwf.edu/centers/environmental-diagnostics-and-bioremediation/resources/wetlands-research-laboratory/,Dr. Jane Caffrey,wetlandslab@uwf.edu,,,,,,"Performs environmental water analysis and provides certified lab methods for non-potable water and drinking water, with chain of custody sample storage and handling practices. The lab is equipped with instruments including nutrient analyzers and multiple spectrometry/GC/MS and liquid chromatography systems for analytical testing.",no_explicit_gmp,False,found_via_search,found_via_fallback_search,extracted,extracted,extracted,"checked_pages_not_found (pages_checked=8,fetched_ok=8,total_text_chars=41045)",extracted,University of West Florida Wetlands Research Laboratory,True,HQ Lab @ University of West Florida Wetlands Research Laboratory
ENT-001158,1,env_labs_standardized.csv,Upper Leon River Municipal Water District,,TNI00161,2250 Highway 2861,Comanche,Texas,,,env_labs,https://www.ulrmwd.com/,,office@ulrmwd.com,,,,,,"Provides and manages water service (""provide, process, and transport water""). The laboratory offers bacteriological testing for water samples, including instructions for submitting samples and microbial reporting forms.",no_explicit_gmp,False,found_via_search,extracted,"checked_pages_not_found (pages_checked=6,fetched_ok=6,total_text_chars=11144)",extracted,extracted,"checked_pages_not_found (pages_checked=6,fetched_ok=6,total_text_chars=11144)",extracted,Upper Leon River Municipal Water District,True,HQ Lab @ Upper Leon River Municipal Water District
ENT-001159,1,env_labs_standardized.csv,UPSTATE FRESHWATER INSTITUTE,,TNI01704,224 Midler Park Drive,SYRACUSE,New York,,,env_labs,https://www.upstatefreshwater.org/,MaryGail Perkins,g in ak@upstatefreshwater.org,,,,,,"Provides water quality analysis through its “NELAC/NELAP accredited laboratory,” including “fieldwork,” “laboratory analysis,” “data interpretation,” and “water quality modeling.” It also specializes in “developing monitoring programs” and “conducting field and laboratory research” to support ecosystem protection and management.",no_explicit_gmp,False,found_via_search,extracted,extracted,found_via_fallback_search,extracted,"checked_pages_not_found (pages_checked=6,fetched_ok=5,total_text_chars=17138)",extracted,UPSTATE FRESHWATER INSTITUTE,True,HQ Lab @ UPSTATE FRESHWATER INSTITUTE
ENT-001160,1,env_labs_standardized.csv,"US Army Corps of Engineers, Far East District",,TNI01232,,Pyeongtaek,South Korea,,,env_labs,https://www.pof.usace.army.mil/,,,,,,,,,,,found_via_search,"no_pages_fetched_ok (pages_checked=1,fetched_ok=0,total_text_chars=0)","no_pages_fetched_ok (pages_checked=1,fetched_ok=0,total_text_chars=0)","no_pages_fetched_ok (pages_checked=1,fetched_ok=0,total_text_chars=0)","no_pages_fetched_ok (pages_checked=1,fetched_ok=0,total_text_chars=0)","no_pages_fetched_ok (pages_checked=1,fetched_ok=0,total_text_chars=0)","no_pages_fetched_ok (pages_checked=1,fetched_ok=0,total_text_chars=0)",US Army Corps of Engineers Far East District,True,HQ Lab @ US Army Corps of Engineers Far East District
ENT-001161,1,env_labs_standardized.csv,"US Ecology Tampa, Inc.",,TNI02776,2002 N. ORIENT RD,Tampa,Florida,,,env_labs,https://www.usecology.com/,Don Locke,don.locke@usecology.com,,,,,,"Provides “turnkey, environmental services” including “treatment, disposal and recycling” for hazardous and non-hazardous waste streams such as PFAS, PCBs, radioactive, inorganic, metals and industrial waste. Also offers field and industrial services (e.g., remediation, retail, lab pack, industrial cleaning and maintenance, vacuum services, transportation, tank and equipment rental, and disposal) and emergency response services.",no_explicit_gmp,True,found_via_search,found_via_fallback_search,found_via_fallback_search,found_via_fallback_search,extracted,extracted,extracted,US Ecology,True,HQ Lab @ US Ecology
ENT-001162,1,env_labs_standardized.csv,US EPA NATIONAL ANALYTICAL RADIATION ENVIRONMENTAL LAB,,TNI00241,540 South Morris Avenue,MONTGOMERY,Alabama,,,env_labs,https://www.epa.gov/aboutepa/about-epas-national-analytical-radiation-environmental-laboratory-narel,"CAPT Jennifer Mosser , Acting Director",Mosser.Jennifer@epa.gov,,,,,,"NAREL is “a comprehensive environmental laboratory” that provides services including “the latest health and safety techniques” and “strict monitoring and control of laboratory emissions,” with a mission focused on “measuring environmental radioactivity and evaluating its risk to the public.” It also manages programs/projects including “RadNet (a national environmental radiation monitoring program),” “RERT (Radiological Emergency Response Team),” and “Rapid Radiochemical Analytical Methods.”",no_explicit_gmp,False,found_via_search,extracted,extracted,extracted,extracted,"checked_pages_not_found (pages_checked=8,fetched_ok=8,total_text_chars=35120)",extracted,US EPA NATIONAL ANALYTICAL RADIATION ENVIRONMENTAL LAB,True,HQ Lab @ US EPA NATIONAL ANALYTICAL RADIATION ENVIRONMENTAL LAB
ENT-001163,1,env_labs_standardized.csv,US EPA/Region 8 Laboratory,,TNI02153,One Denver Federal Center Building 25,Lakewood,Colorado,,,env_labs,https://www.epa.gov/aboutepa/about-region-8s-laboratory-services,Tiago Seabra De Oliveira,SeabraDeOliveira.Tiago@epa.gov,,,,,,"Provides centralized analytical and field support activities, including field sampling and training, and laboratory analysis for water quality parameters, metals, organic pollutants, PFAS, pharmaceutical and personal care products, and Harmful Algal Blooms (HABs). Also offers technical guidance and project planning support for agency regulatory and enforcement programs, Tribes, states, and local governments.",no_explicit_gmp,False,found_via_search,extracted,extracted,extracted,extracted,"checked_pages_not_found (pages_checked=8,fetched_ok=8,total_text_chars=42426)",extracted,US EPARegion 8 Laboratory,True,HQ Lab @ US EPARegion 8 Laboratory
ENT-001164,1,env_labs_standardized.csv,US SALT LLC,,TNI01578,3580 Salt Point Rd,WATKINS GLEN,New York,,,env_labs,https://ussaltllc.com/,,dispatchu@ussaltllc.com,,,,,,"US Salt produces evaporated salt products and offers products for general purpose, food processing, textiles and dyes, medical (USP uses), industrial, and water softeners and pools.",explicit_gmp,True,found_via_search,extracted,"checked_pages_not_found (pages_checked=4,fetched_ok=4,total_text_chars=15099)",found_via_fallback_search,found_via_fallback_search,extracted,extracted,US SALT,True,HQ Lab @ US SALT
ENT-001165,1,env_labs_standardized.csv,US Space Force - Cape Canaveral SFS Environmental Laboratory,,TNI00620,,CCSFS,Florida,,,env_labs,https://www.patrick.spaceforce.mil/Resources/Environmental-Information/,Capt. Kevin A. Moy,usaf.patrick.45sw-mdg.list.45-omrs-bioenvironmental@health.mil,,,,,,,,,found_via_search,"no_pages_fetched_ok (pages_checked=1,fetched_ok=0,total_text_chars=0)",found_via_fallback_search,found_via_fallback_search,"no_pages_fetched_ok (pages_checked=1,fetched_ok=0,total_text_chars=0)","no_pages_fetched_ok (pages_checked=1,fetched_ok=0,total_text_chars=0)","no_pages_fetched_ok (pages_checked=1,fetched_ok=0,total_text_chars=0)",US Space Force Cape Canaveral SFS Environmental Laboratory,True,HQ Lab @ US Space Force Cape Canaveral SFS Environmental Laboratory
ENT-001166,1,env_labs_standardized.csv,USEPA REGION 2 LABORATORY,,TNI00613,"2890 Woodbridge Ave, Bldg. 209",EDISON,New Jersey,,,env_labs,https://www.epa.gov/aboutepa/about-region-2s-laboratory-epas-edison-environmental-center,John Bourbon,bourbon.john@epa.gov,,,,,,"Provides analytical and technical support to major Region 2 programs, including chemical, microbiological and biological testing of pollutants in water, soil, sediment and tissue samples. The lab has two components: ""The Organic and Inorganic Chemistry Section (OICS)"" and ""the Sanitary Chemistry and Biology Team (SCBT).""",no_explicit_gmp,False,found_via_search,extracted,extracted,extracted,extracted,"checked_pages_not_found (pages_checked=8,fetched_ok=8,total_text_chars=41590)",extracted,USEPA REGION 2 LABORATORY,True,HQ Lab @ USEPA REGION 2 LABORATORY
ENT-001167,1,env_labs_standardized.csv,USGS NATIONAL WATER QUALITY LABORATORY,,TNI01740,12201 Sunrise Valley Drive,DENVER,Colorado,,,env_labs,https://www.usgs.gov/labs/national-water-quality-laboratory,"Selene Hernandez Ruiz, PhD",USGSPress@usgs.gov,,,,,,"Provides ""Environmental analytical capabilities to analyze over 800 inorganic and organic contaminants primarily in water, sediment, and fish tissue."" Also provides ""Quality Assurance"" with oversight of ""all quality programs"" documented in the NWQL's ""comprehensive Quality Management System.""",no_explicit_gmp,False,found_via_search,extracted,found_via_fallback_search,extracted,extracted,"checked_pages_not_found (pages_checked=8,fetched_ok=8,total_text_chars=48074)",extracted,USGS NATIONAL WATER QUALITY LABORATORY,True,HQ Lab @ USGS NATIONAL WATER QUALITY LABORATORY
ENT-001168,1,env_labs_standardized.csv,USGS NEW YORK WATER SCIENCE CENTER,,TNI01861,12201 Sunrise Valley Drive,TROY,New York,,,env_labs,https://www.usgs.gov/centers/ny-water,Robert Breault,rbreault@usgs.gov,,,,,,"Provides hydrologic observations, research, and modeling for integration of hydrogeologic, physiochemical, biological, and landscape processes. Also lists water-related science projects including surface-water and groundwater monitoring, water-quality monitoring, and related modeling.",no_explicit_gmp,False,found_via_search,extracted,found_via_fallback_search,found_via_fallback_search,extracted,"checked_pages_not_found (pages_checked=8,fetched_ok=8,total_text_chars=49538)",extracted,USGS NEW YORK WATER SCIENCE CENTER,True,HQ Lab @ USGS NEW YORK WATER SCIENCE CENTER
ENT-001169,1,env_labs_standardized.csv,Utah Public Health Laboratory,,TNI02771,4431 S 2700 W,Taylorsville,Utah,,,env_labs,https://uphl.utah.gov/,"Steve Abplanalp, MBA",uphl@utah.gov,,,,,,,,,found_via_search,found_via_fallback_search,found_via_fallback_search,found_via_fallback_search,"no_pages_fetched_ok (pages_checked=1,fetched_ok=0,total_text_chars=0)","no_pages_fetched_ok (pages_checked=1,fetched_ok=0,total_text_chars=0)","no_pages_fetched_ok (pages_checked=1,fetched_ok=0,total_text_chars=0)",Utah Public Health Laboratory,True,HQ Lab @ Utah Public Health Laboratory
ENT-001170,1,env_labs_standardized.csv,Utilities Commission New Smyrna Beach Laboratory,,TNI00621,,New Smyrna Beach,Florida,,,env_labs,https://www.nsbufl.com/,,,,,,,,,,,found_via_search,found_via_fallback_search,"no_pages_fetched_ok (pages_checked=1,fetched_ok=0,total_text_chars=0)","no_pages_fetched_ok (pages_checked=1,fetched_ok=0,total_text_chars=0)","no_pages_fetched_ok (pages_checked=1,fetched_ok=0,total_text_chars=0)","no_pages_fetched_ok (pages_checked=1,fetched_ok=0,total_text_chars=0)","no_pages_fetched_ok (pages_checked=1,fetched_ok=0,total_text_chars=0)",Utilities Commission New Smyrna Beach Laboratory,True,HQ Lab @ Utilities Commission New Smyrna Beach Laboratory
ENT-001171,1,env_labs_standardized.csv,VAN DE WATER TREATMENT PLANT,,TNI01719,295 Main Street Room 350,TONAWANDA,New York,,,env_labs,https://www.ecwa.org/,Jennifer L. Hibit,info@ecwa.org,,,,,,"Provides water under service management contracts: Bulk Sale (selling bulk volumes of safe, clean water to municipalities), Lease Managed (supplying and delivering treated water with ECWA responsible for customer service, billing, meter reading, and maintenance), and Direct Service (operating the system and handling customer service, billing, maintenance, and capital improvements).",no_explicit_gmp,False,found_via_search,extracted,extracted,extracted,extracted,"checked_pages_not_found (pages_checked=8,fetched_ok=8,total_text_chars=22235)",extracted,VAN DE WATER TREATMENT PLANT,True,HQ Lab @ VAN DE WATER TREATMENT PLANT
ENT-001172,1,env_labs_standardized.csv,"VEOLIA NEW YORK, WESTCHESTER LAB",,TNI01611,,EASTCHESTER,New York,,,env_labs,https://mywater.veolia.us/water-in-my-area/water-quality-reports,,,,,,,,"Veolia provides water quality reporting and describes rigorously monitoring and testing drinking water supplies and the distribution system. The site also offers information on water supply sources and updates such as local water quality reports, outages, and alerts.",no_explicit_gmp,False,found_via_search,found_via_fallback_search,"checked_pages_not_found (pages_checked=8,fetched_ok=7,total_text_chars=46571)","checked_pages_not_found (pages_checked=8,fetched_ok=7,total_text_chars=46571)",extracted,"checked_pages_not_found (pages_checked=8,fetched_ok=7,total_text_chars=46571)",extracted,VEOLIA NEW YORK WESTCHESTER LAB,True,HQ Lab @ VEOLIA NEW YORK WESTCHESTER LAB
ENT-001173,1,env_labs_standardized.csv,VEOLIA WATER NJ - HAWORTH WATER QUALITY LAB,,TNI01272,200 Lake Shore Drive,HAWORTH,New Jersey,,,env_labs,https://wq.veolianorthamerica.com/,Andrea McElroy,csnj@veolia.com,,,,,,"Provides safe, reliable drinking water and performs rigorous testing and improvements to corrosion control treatment. Conducts lead service line removal (including replacement of customer-owned lead service lines at no cost to the homeowner) and offers free home water testing.",no_explicit_gmp,True,found_via_search,found_via_fallback_search,found_via_fallback_search,extracted,extracted,extracted,extracted,VEOLIA WATER NJ HAWORTH WATER QUALITY LAB,True,HQ Lab @ VEOLIA WATER NJ HAWORTH WATER QUALITY LAB
ENT-001174,1,env_labs_standardized.csv,VERMONT AGRICULTURE ENVIRONMENTAL LABORATORY,,TNI01069,116 State Street,RANDOLPH,Vermont,,,env_labs,https://agriculture.vermont.gov/vermont-agriculture-and-environmental-laboratory-vael/,Sam Beck,sam.beck@vermont.gov,,,,,,"Performs mastitis diagnostics using classic cultural techniques to enumerate and characterize mastitis causing organisms and assess bulk milk quality, including ruminant quarter/half culture, bulk tank culture, and somatic cell (leukocyte) count. Provides sampling and submission processes for mastitis culture and bulk tank culture with results distributed via email.",no_explicit_gmp,True,found_via_search,extracted,extracted,extracted,extracted,extracted,extracted,VERMONT AGRICULTURE ENVIRONMENTAL LABORATORY,True,HQ Lab @ VERMONT AGRICULTURE ENVIRONMENTAL LABORATORY
ENT-001175,1,env_labs_standardized.csv,VERMONT DEPARTMENT OF HEALTH LABORATORY,,TNI01068,,COLCHESTER,Vermont,,,env_labs,https://www.healthvermont.gov/,,AHS.VDHLabCustomerService@vermont.gov,,,,,,,no_explicit_gmp,False,found_via_search,found_via_fallback_search,"checked_pages_not_found (pages_checked=8,fetched_ok=8,total_text_chars=167701)",found_via_fallback_search,extracted,"checked_pages_not_found (pages_checked=8,fetched_ok=8,total_text_chars=167701)","checked_pages_not_found (pages_checked=8,fetched_ok=8,total_text_chars=167701)",VERMONT DEPARTMENT OF HEALTH LABORATORY,True,HQ Lab @ VERMONT DEPARTMENT OF HEALTH LABORATORY
ENT-001176,1,env_labs_standardized.csv,VERONA LABORATORY INC,,TNI01580,,VERONA,New York,,,env_labs,,,,,,,,,,,,search_found_nothing,found_via_fallback_search,no_website_cannot_check_pages,no_website_cannot_check_pages,no_website_cannot_check_pages,no_website_cannot_check_pages,no_website_cannot_check_pages,VERONA LABORATORY,True,HQ Lab @ VERONA LABORATORY
ENT-001177,1,env_labs_standardized.csv,Victoria County Public Health Department Water Laboratory,,TNI00049,2805 N. Navarro,Victoria,Texas,,,env_labs,https://www.vcphd.org/,"Mary Tanguma, Environmental Services Supervisor & Water Lab Manager",mtanguma@vctx.org,,,,,,The Environmental Services Program monitors and tests water quality and manages environmental health activities. It also inspects food establishments for safety and investigates general sanitation complaints.,no_explicit_gmp,False,found_via_search,extracted,extracted,extracted,extracted,"checked_pages_not_found (pages_checked=8,fetched_ok=7,total_text_chars=35945)",extracted,Victoria County Public Health Department Water Laboratory,True,HQ Lab @ Victoria County Public Health Department Water Laboratory
ENT-001178,1,env_labs_standardized.csv,Village of Wellington Water Treatment Laboratory,,TNI00623,12300 Forest Hill Boulevard,Wellington,Florida,,,env_labs,https://www.wellingtonfl.gov/,Laurie Hand,grants@wellingtonfl.gov,,,,,,The text describes Village of Wellington housing rehabilitation grant programs (Community Development Block Grant (CDBG) and State Housing Initiatives Partnership (SHIP)) and application guidance through the Neighborly portal.,no_explicit_gmp,False,found_via_search,extracted,found_via_fallback_search,extracted,extracted,"checked_pages_not_found (pages_checked=8,fetched_ok=8,total_text_chars=30742)",extracted,Village of Wellington Water Treatment Laboratory,True,HQ Lab @ Village of Wellington Water Treatment Laboratory
ENT-001179,1,env_labs_standardized.csv,Volusia County Environmental Management Laboratory,,TNI02919,123 W. Indiana Ave.,Deland,Florida,,,env_labs,https://www.volusia.org/,Ginger Adair,gadair@volusia.gov,,,,,,"Facility Management describes services including janitorial contract administration for cleaning of more than 75 buildings, and responsibility for pest control, lawn maintenance and carpet cleaning contracts. It also describes building service staff performing work assignments and providing HVAC, electrical, plumbing, and carpentry support in county facilities.",no_explicit_gmp,False,found_via_search,extracted,found_via_fallback_search,found_via_fallback_search,extracted,"checked_pages_not_found (pages_checked=8,fetched_ok=8,total_text_chars=62326)",extracted,Volusia County Environmental Management Laboratory,True,HQ Lab @ Volusia County Environmental Management Laboratory
ENT-001180,1,env_labs_standardized.csv,"Wallgren Environmental Services, Inc. dba Pollution Control Services",,TNI00139,1532 Universal City Blvd.,Universal City,Texas,,,env_labs,https://pcslab.net/,Mr. Chuck Wallgren,Chuck@pcslab.net,,,,,,"Pollution Control Services is an environmental laboratory specializing in chemical testing, biological testing, and routine bacteriological testing of portable water systems. They also provide testing for potable water, streams, reservoirs, municipal and industrial facilities, commercial processes and waste streams, and analysis of soils and sludges from treatment and disposal operations.",no_explicit_gmp,True,found_via_search,extracted,extracted,found_via_fallback_search,extracted,extracted,extracted,Wallgren Environmental Services,True,HQ Lab @ Wallgren Environmental Services
ENT-001181,1,env_labs_standardized.csv,WALWORTH WATER POLLUTION CONTROL FAC,,TNI01474,,WALWORTH,New York,,,env_labs,,,,,,,,,,,,search_found_nothing,found_via_fallback_search,no_website_cannot_check_pages,no_website_cannot_check_pages,no_website_cannot_check_pages,no_website_cannot_check_pages,no_website_cannot_check_pages,WALWORTH WATER POLLUTION CONTROL FAC,True,HQ Lab @ WALWORTH WATER POLLUTION CONTROL FAC
ENT-001182,1,env_labs_standardized.csv,WARDS ISLAND PRIORITY POLLUTANTS LAB- NYCDEP,,TNI01762,,WARDS ISLAND,New York,,,env_labs,,,,,,,,,,,,search_found_nothing,found_via_fallback_search,no_website_cannot_check_pages,no_website_cannot_check_pages,no_website_cannot_check_pages,no_website_cannot_check_pages,no_website_cannot_check_pages,WARDS ISLAND PRIORITY POLLUTANTS LAB NYCDEP,True,HQ Lab @ WARDS ISLAND PRIORITY POLLUTANTS LAB NYCDEP
ENT-001183,1,env_labs_standardized.csv,WARDS ISLAND PROCESS CONTROL LAB,,TNI01517,,NEW YORK,New York,,,env_labs,,,,,,,,,,,,search_found_nothing,no_website_fallback_search_failed,no_website_cannot_check_pages,no_website_cannot_check_pages,no_website_cannot_check_pages,no_website_cannot_check_pages,no_website_cannot_check_pages,WARDS ISLAND PROCESS CONTROL LAB,True,HQ Lab @ WARDS ISLAND PROCESS CONTROL LAB
ENT-001184,1,env_labs_standardized.csv,Wasatch County Health Department,,TNI02698,55 South 500 East,Heber City,Utah,,,env_labs,https://www.wasatchcountyhealth.gov/,Jonelle Fitzgerald (Health Department Director),dwood@wasatch.utah.gov,,,,,,"Provides administrative information including vital records access, budgeting, and fee schedules; clinical services such as immunizations, screenings (breast and cervical cancer), dental care, family planning, and general health services including A1C testing, anemia testing, blood pressure checks, and cholesterol screening. Also provides community resources, emergency services information, environmental quality programs (air and water quality, waste management, and regulatory resources), health events and classes, permits and inspections, and WIC services.",no_explicit_gmp,False,found_via_search,extracted,extracted,found_via_fallback_search,extracted,"checked_pages_not_found (pages_checked=8,fetched_ok=8,total_text_chars=49452)",extracted,Wasatch County Health Department,True,HQ Lab @ Wasatch County Health Department
ENT-001185,1,env_labs_standardized.csv,WASHINGTON CO SEWER DIST 2 STP,,TNI01627,17 Cortland Street,FORT EDWARD,New York,,,env_labs,https://www.washingtoncountyny.gov/261/Sewer-District,Kevin Gorman Executive Director,jbrilling@co.washington.ny.us,,,,,,Provides sewer service and is dedicated to keeping waters clean. Handles sewer emergency response for pump station or sewer emergency calls.,no_explicit_gmp,False,found_via_search,extracted,extracted,found_via_fallback_search,extracted,"checked_pages_not_found (pages_checked=8,fetched_ok=8,total_text_chars=57192)",extracted,WASHINGTON CO SEWER DIST 2 STP,True,HQ Lab @ WASHINGTON CO SEWER DIST 2 STP
ENT-001186,1,env_labs_standardized.csv,Water & Environmental Testing Incorporated,,TNI02012,235 W 400 S,American Fork,Utah,,,env_labs,,,,,,,,,,,,search_found_nothing,found_via_fallback_search,no_website_cannot_check_pages,no_website_cannot_check_pages,no_website_cannot_check_pages,no_website_cannot_check_pages,no_website_cannot_check_pages,Water Environmental Testing Incorporated,True,HQ Lab @ Water Environmental Testing Incorporated
ENT-001187,1,env_labs_standardized.csv,Water District No 1 of Johnson County-WaterOne,,TNI01907,10747 Renner Boulevard,Kansas City,Kansas,,,env_labs,https://www.waterone.org/,"Kelly Fry, Communications Manager",,,,,,,"Provides public water utility services and information, including water quality reports and topics about substances tested for in the water. Also offers services such as ""Request a Locate"" and ""Main Break Cleanup"" referenced under service menus.",no_explicit_gmp,False,found_via_search,extracted,extracted,"checked_pages_not_found (pages_checked=8,fetched_ok=5,total_text_chars=11780)",extracted,"checked_pages_not_found (pages_checked=8,fetched_ok=5,total_text_chars=11780)",extracted,Water District No 1 of Johnson County WaterOne,True,HQ Lab @ Water District No 1 of Johnson County WaterOne
ENT-001188,1,env_labs_standardized.csv,WATER DYNAMICS LLC DBA MAGIC VALLEY LABS,,TNI00220,210 Addison Ave.,Twin Falls,Idaho,,,env_labs,https://magicvalleylabs.com/,Shelly Kolar – Laboratory Manager,info@magicvalleylabs.com,,,,,,Certified drinking water laboratory services including bacteriological and organic and inorganic chemical analysis of drinking water and wastewater. Provides courier and mail services so water systems can send samples including drinking water and waste water to the laboratory.,no_explicit_gmp,True,found_via_search,extracted,extracted,extracted,extracted,extracted,extracted,WATER DYNAMICS,True,HQ Lab @ WATER DYNAMICS
ENT-001189,1,env_labs_standardized.csv,"Water Laboratories, Inc.",,TNI01075,333 Main St NW,Elk River,Minnesota,,,env_labs,https://waterlabs.net/,,waterlabs@waterlabs.net,,,,,,"Water Laboratories, Inc. provides real estate-related water testing for private wells, including tests such as Coliform Bacteria, E-Coli, Nitrate, Nitrite, Lead, and Arsenic. It also offers drinking water analysis using equipment including Perkin-Elmer Atomic Absorption Spectrometer, Latchet Ion Analyzer, Hach Spectrometer, and a Denna sample digester.",no_explicit_gmp,True,found_via_search,extracted,"checked_pages_not_found (pages_checked=5,fetched_ok=4,total_text_chars=5498)",extracted,extracted,extracted,extracted,Water Laboratories,True,HQ Lab @ Water Laboratories
ENT-001190,1,env_labs_standardized.csv,Water Quality Assurance Laboratory,,TNI00626,351 Shearer Blvd.,Cocoa,Florida,,,env_labs,https://www.cocoafl.gov/Directory.aspx?did=43,DN David Nelson Water Quality Assurance Manager,,,,,,,,no_explicit_gmp,False,found_via_search,extracted,extracted,"checked_pages_not_found (pages_checked=7,fetched_ok=5,total_text_chars=47523)",extracted,"checked_pages_not_found (pages_checked=7,fetched_ok=5,total_text_chars=47523)","checked_pages_not_found (pages_checked=7,fetched_ok=5,total_text_chars=47523)",Water Quality Assurance Laboratory,True,HQ Lab @ Water Quality Assurance Laboratory
ENT-001191,1,env_labs_standardized.csv,Water Quality Lab University of Tennessee Knoxville,,TNI02673,2506 E.J. Chapman Drive,Knoxville,Tennessee,,,env_labs,https://bess.tennessee.edu/,,bess@utk.edu,,,,,,The facilities include “Specialized laboratories” for teaching and research activities in areas including “water quality analysis.”,no_explicit_gmp,False,found_via_search,extracted,"checked_pages_not_found (pages_checked=8,fetched_ok=8,total_text_chars=50700)",extracted,extracted,"checked_pages_not_found (pages_checked=8,fetched_ok=8,total_text_chars=50700)",extracted,Water Quality Lab University of Tennessee,True,HQ Lab @ Water Quality Lab University of Tennessee
ENT-001192,1,env_labs_standardized.csv,"Water Utility Services, Inc.",,TNI00094,,Spring,Texas,,,env_labs,https://www.waterutilityservice.com/,Mr. Steve Grychka,,,,,,,,,,found_via_search,found_via_fallback_search,found_via_fallback_search,"no_pages_fetched_ok (pages_checked=1,fetched_ok=0,total_text_chars=0)","no_pages_fetched_ok (pages_checked=1,fetched_ok=0,total_text_chars=0)","no_pages_fetched_ok (pages_checked=1,fetched_ok=0,total_text_chars=0)","no_pages_fetched_ok (pages_checked=1,fetched_ok=0,total_text_chars=0)",Water Utility Services,True,HQ Lab @ Water Utility Services
ENT-001193,1,env_labs_standardized.csv,Waterlab Corp.,,TNI00242,2603 12th St. SE,Salem,Oregon,,,env_labs,https://www.waterlabcorp.com/,Beth Myers,info@waterlabcorp.com,,,,,,"Provides ORELAP/EPA/TNI accredited water testing services in Salem, Oregon, including residential & well water bacterial testing (e.g., Total Coliform/E.coli), public water supply EPA compliance testing, irrigation water testing (e.g., Free Coliform Count Test), and industrial wastewater & stormwater testing including a range of parameters (e.g., BOD, COD, metals, pH, TSS, Oil & Grease, and others).",no_explicit_gmp,True,found_via_search,extracted,extracted,extracted,extracted,extracted,extracted,Waterlab,True,HQ Lab @ Waterlab
ENT-001194,1,env_labs_standardized.csv,WATERLOO WATER TREATMENT PLANT LAB,,TNI01680,3754 Kime Bch Road,GENEVA,New York,,,env_labs,,,,,,,,,,,,search_found_nothing,found_via_fallback_search,no_website_cannot_check_pages,no_website_cannot_check_pages,no_website_cannot_check_pages,no_website_cannot_check_pages,no_website_cannot_check_pages,WATERLOO WATER TREATMENT PLANT LAB,True,HQ Lab @ WATERLOO WATER TREATMENT PLANT LAB
ENT-001195,1,env_labs_standardized.csv,WATERTOWN (C) WATER PLANT,,TNI01569,557 Newell St.,WATERTOWN,New York,,,env_labs,https://www.watertown-ny.gov/,"Aaron Harvill, Chief Water Treatment Plant Operator",PublicWorks@watertown-ny.gov,,,,,,"Provides curbside pickup of refuse (weekly) and recyclables (weekly) for residents, including options such as purchasing Blue Refuse Stickers or renting a City of Watertown Refuse Tote.",no_explicit_gmp,False,found_via_search,extracted,found_via_fallback_search,extracted,extracted,"checked_pages_not_found (pages_checked=4,fetched_ok=3,total_text_chars=16760)",extracted,WATERTOWN C WATER PLANT,True,HQ Lab @ WATERTOWN C WATER PLANT
ENT-001196,1,env_labs_standardized.csv,WATERTOWN POLLUTION CONTROL PLANT LABORA,,TNI01460,,WATERTOWN,New York,,,env_labs,https://www.watertown-ny.gov/,,PublicWorks@watertown-ny.gov,,,,,,"The City provides curbside pickup of refuse (weekly) and recyclables (weekly) for residents using City refuse stickers or renting a City refuse tote. It also offers options such as blue refuse stickers, refuse totes with quarterly rates, curbside assistance forms, and bulk pickup requests.",no_explicit_gmp,False,found_via_search,found_via_fallback_search,"checked_pages_not_found (pages_checked=4,fetched_ok=3,total_text_chars=16760)",extracted,extracted,"checked_pages_not_found (pages_checked=4,fetched_ok=3,total_text_chars=16760)",extracted,WATERTOWN POLLUTION CONTROL PLANT LABORA,True,HQ Lab @ WATERTOWN POLLUTION CONTROL PLANT LABORA
ENT-001197,1,env_labs_standardized.csv,WaterWise Enterprises,,TNI02782,605 West Main Street,Oxford,Kansas,,,env_labs,https://waterwiseenterprises.com/,,Info@waterwiseenterprises.com,,,,,,"Provides complete water treatment programs including professional consultation, on-site inspection, water analysis, product selection, dosage rates, and technical 24-hr support. Also offers unique chemical pumping/off-loading and delivery capabilities, complimentary comprehensive water testing services, wastewater treatment, sanitizing with a 12.5% liquid hypochlorite solution, and pool and spa products.",no_explicit_gmp,True,found_via_search,extracted,"checked_pages_not_found (pages_checked=3,fetched_ok=3,total_text_chars=10241)",extracted,extracted,extracted,extracted,WaterWise Enterprises,True,HQ Lab @ WaterWise Enterprises
ENT-001198,1,env_labs_standardized.csv,Waypoint Analytical,,TNI02512,2790 Whitten Rd,Bremen,Georgia,,,env_labs,https://waypointanalytical.com/,,supportmtn@waypointanalytical.com,,,,,,"Provides environmental, agricultural, horticultural and landscaping, and microbiology services, with laboratories offering next day turn-around time on routine soils and tissues. Also lists services such as plant pathology and nitrate toxicity (Nitrate and Prussic Acid Toxicity in Forages), and offers EPA METHOD TO-15 determination of VOCs in air collected in special canisters and analyzed by Gas Chromatography.",no_explicit_gmp,True,found_via_search,extracted,"checked_pages_not_found (pages_checked=4,fetched_ok=2,total_text_chars=14334)",extracted,extracted,extracted,extracted,Waypoint Analytical,False,Bremen Lab @ Waypoint Analytical
ENT-001199,1,env_labs_standardized.csv,Waypoint Analytical - Charlotte,,TNI03123,449 Springbrook Rd,Charlotte,North Carolina,,,env_labs,https://www.waypointanalytical.com/,,supportcnc@waypointanalytical.com,,,,,,"Provides Environmental services at the Charlotte office location. The services section lists “Environmental” for “Waypoint Analytical Carolina, Inc.” (Charlotte Office).",no_explicit_gmp,True,found_via_search,extracted,"checked_pages_not_found (pages_checked=4,fetched_ok=2,total_text_chars=14334)",extracted,extracted,extracted,extracted,Waypoint Analytical,False,Charlotte Lab @ Waypoint Analytical
ENT-001200,1,env_labs_standardized.csv,"Waypoint Analytical - Florida, Inc.",,TNI02446,Wilson Office 2850 Daisy Ln,Lakeland,Florida,,,env_labs,https://waypointanalytical.com/,,supportwnc@waypointanalytical.com,,,,,,"Environmental testing services, as listed under “Services Environmental” for “Waypoint Analytical Carolina, Inc.”",no_explicit_gmp,True,found_via_search,extracted,"checked_pages_not_found (pages_checked=4,fetched_ok=2,total_text_chars=14334)",extracted,extracted,extracted,extracted,Waypoint Analytical Florida,True,HQ Lab @ Waypoint Analytical Florida
ENT-001201,1,env_labs_standardized.csv,Waypoint Analytical LLC,,TNI00190,2790 Whitten Rd,Memphis,Tennessee,,,env_labs,https://www.waypointanalytical.com/,MICHAEL KAUFFMAN,supportmtn@waypointanalytical.com,,,,,,"Provides laboratory services for Environmental, Agricultural, Horticultural and Landscaping, and Microbiology, with services also listed for Horticultural and Plant Pathology. The site also mentions EPA METHOD TO-15 determination of VOCs in air collected in special canisters and analyzed by Gas Chromatography.",no_explicit_gmp,True,found_via_search,extracted,found_via_fallback_search,extracted,extracted,extracted,extracted,Waypoint Analytical,False,Memphis Lab @ Waypoint Analytical
ENT-001202,1,env_labs_standardized.csv,Waypoint Analytical Louisiana Inc,,TNI01368,5041 Taravella Rd,Marrero,Louisiana,,,env_labs,https://waypointanalytical.com/,,supportmla@waypointanalytical.com,,,,,,"Provides “Environmental, Microbiology” services.",no_explicit_gmp,True,found_via_search,extracted,"checked_pages_not_found (pages_checked=4,fetched_ok=2,total_text_chars=14334)",extracted,extracted,extracted,extracted,Waypoint Analytical Louisiana,True,HQ Lab @ Waypoint Analytical Louisiana
ENT-001203,1,env_labs_standardized.csv,Waypoint Analytical Mississppi Inc,,TNI01377,235 Highpoint Dr,Ridgeland,Mississippi,,,env_labs,https://waypointanalytical.com/,Michael Kauffman,supportrms@waypointanalytical.com,,,,,,"Provides Environmental, Agricultural, Horticultural and Landscaping, and Microbiology services. The Mississippi location is listed with services: Environmental, Microbiology.",no_explicit_gmp,True,found_via_search,extracted,found_via_fallback_search,extracted,extracted,extracted,extracted,Waypoint Analytical Mississppi,True,HQ Lab @ Waypoint Analytical Mississppi
ENT-001204,1,env_labs_standardized.csv,"Webco Industries Inc, Lyndon",,TNI02695,900 E. Commercial,Lyndon,Illinois,,,env_labs,https://webcoindustries.com/,,,,,,,,"Webco provides value-added capabilities and custom solutions for tubing, including “research and development, metallurgy, and production” to address tubing challenges. It also operates value-added processing/warehouse facilities such as “Lyndon - Value Added Warehouse, Value Added Processing.”",no_explicit_gmp,True,found_via_search,extracted,"checked_pages_not_found (pages_checked=8,fetched_ok=8,total_text_chars=39440)","checked_pages_not_found (pages_checked=8,fetched_ok=8,total_text_chars=39440)",extracted,extracted,extracted,Webco Industries,True,HQ Lab @ Webco Industries
ENT-001205,1,env_labs_standardized.csv,Weber Basin Water Quality Laboratory,,TNI02013,2837 East Highway 193,Layton,Utah,,,env_labs,https://weberbasin.gov/NaturalSystems/WaterQualityLab,Jason D. Kim,customerservice@weberbasin.gov,,,,,,"Provides routine analysis of treated surface and ground water samples for regulatory compliance, including organic and inorganic analytes, metals, and microbial analysis. Also collects watershed samples to monitor water quality parameters and participates in voluntary and new regulatory monitoring programs.",no_explicit_gmp,False,found_via_search,extracted,found_via_fallback_search,extracted,extracted,"checked_pages_not_found (pages_checked=8,fetched_ok=8,total_text_chars=32587)",extracted,Weber Basin Water Quality Laboratory,True,HQ Lab @ Weber Basin Water Quality Laboratory
ENT-001206,1,env_labs_standardized.csv,WEBSTER (T) WASTEWATER TREATMENT PLANT,,TNI01542,226 Phillips Rd.,WEBSTER,New York,,,env_labs,https://websterny.gov/,Rick Kenealy,sewer@ci.webster.ny.us,,,,,,,no_explicit_gmp,False,found_via_search,found_via_fallback_search,found_via_fallback_search,found_via_fallback_search,extracted,"checked_pages_not_found (pages_checked=3,fetched_ok=3,total_text_chars=5426)","checked_pages_not_found (pages_checked=3,fetched_ok=3,total_text_chars=5426)",WEBSTER T WASTEWATER TREATMENT PLANT,True,HQ Lab @ WEBSTER T WASTEWATER TREATMENT PLANT
ENT-001207,1,env_labs_standardized.csv,"Weck Laboratories, Inc.",,TNI01236,14859 Clark Avenue,City of Industry,California,,,env_labs,https://www.wecklabs.com/,"Agustin Pierri, Ph.D. Laboratory Technical Director",info@wecklabs.com,,,,,,"Weck Laboratories provides drinking water, wastewater, soils and hazardous waste analyses, specialty analyses (including PFAS specialty testing and 6PPD-Quinone carbon testing), and field services. The company also provides sampling services, data deliverables, and file transfer protocol (FTP).",no_explicit_gmp,True,found_via_search,extracted,extracted,extracted,extracted,extracted,extracted,Weck Laboratories,True,HQ Lab @ Weck Laboratories
ENT-001208,1,env_labs_standardized.csv,WELLSVILLE WASTEWATER TRMT PLANT,,TNI01444,23 North Main Street,WELLSVILLE,New York,,,env_labs,https://www.wellsvilleny.com/,Mike Smith,info@wellsvilleny.com,,,,,,"The website describes municipal operations providing “low cost electric, water, refuse and sewer services” and links related to the Wellsville WWTP, including an “Environmental Report” and a “Village Wastewater Plant Study.”",no_explicit_gmp,False,found_via_search,extracted,found_via_fallback_search,extracted,extracted,"checked_pages_not_found (pages_checked=4,fetched_ok=1,total_text_chars=2006)",extracted,WELLSVILLE WASTEWATER TRMT PLANT,True,HQ Lab @ WELLSVILLE WASTEWATER TRMT PLANT
ENT-001209,1,env_labs_standardized.csv,WESTCHESTER CO LABS AND RESEARCH,,TNI01443,148 Martine Avenue,VALHALLA,New York,,,env_labs,https://labs.westchestergov.com/,"John H. Wolk, M.D.",microbiology@westchestergov.com,,,,,,"The Department of Laboratories and Research conducts laboratory analyses and death investigation, including DNA testing, investigations for select agents and pathogens via a Biosafety Level 3 laboratory, and forensic analyses. Environmental Services provides bacteriological, inorganic, organic, radiological, and well water testing, and bacteriology includes tests for total coliform, fecal coliform, E.Coli, fecal streptococcus, pseudomonas, Enterococcus, microscopic examinations for algae, and monitoring services for drinking water and wastewater compliance.",no_explicit_gmp,False,found_via_search,extracted,found_via_fallback_search,found_via_fallback_search,extracted,"checked_pages_not_found (pages_checked=8,fetched_ok=8,total_text_chars=25676)",extracted,WESTCHESTER CO LABS AND RESEARCH,True,HQ Lab @ WESTCHESTER CO LABS AND RESEARCH
ENT-001210,1,env_labs_standardized.csv,Western Environmental Testing Lab - Las Vegas,,TNI02824,3230 Polaris Ave. #3 & 4,Las Vegas,Nevada,,,env_labs,https://www.wetlaboratory.com/,Giavanna Herchik,info@wetlaboratory.com,,,,,,"WETLAB provides water, soil, and hazardous waste analysis, including microbiology, general chemistry, metals, organics, priority pollutants, TCLP compounds, and mine waste characterization. The Las Vegas satellite lab provides limited in-demand services including microbiology (e.g., E. coli, total coliforms, fecal coliforms, temperature, and odor) and wet-chemistry analysis (pH, Orthophosphate, Dissolved Oxygen, Biochemical Oxygen Demand (BOD), and Carbonaceous BOD (CBOD)).",no_explicit_gmp,True,found_via_search,extracted,extracted,found_via_fallback_search,extracted,extracted,extracted,Western Environmental Testing Lab,False,Las Vegas Lab @ Western Environmental Testing Lab
ENT-001211,1,env_labs_standardized.csv,Western Environmental Testing Lab - Sparks,,TNI02825,"475 E. Greg St, Suite 119",Sparks,Nevada,,,env_labs,https://www.wetlaboratory.com/,Andy Smith,SALES@WETLABORATORY.COM,,,,,,"WETLAB provides water, soil, and hazardous waste analysis services including Microbiology, General Chemistry, Metals, Organics, Priority Pollutants, TCLP Compounds, and Mine Waste Characterization. Services also include courier service, delivery of testing supplies, and subcontracting remaining analyses to partner labs when needed.",no_explicit_gmp,True,found_via_search,extracted,extracted,found_via_fallback_search,extracted,extracted,extracted,Western Environmental Testing Lab,False,Sparks Lab @ Western Environmental Testing Lab
ENT-001212,1,env_labs_standardized.csv,Weston Solutions,,TNI01416,1400 Weston Way,Auburn,Alabama,,,env_labs,https://www.westonsolutions.com/,Larry Bove | Chief Executive Officer,smallbusiness@westonsolutions.com,,,,,,"Weston Solutions provides environmental and infrastructure engineering and construction services, including “Remediation Investigation & Remediation of PFAS,” “Stack Testing and Air Quality Management,” “Water Engineering and Management,” “Air Quality Laboratory,” “Fueling Systems,” “Oil and Gas Well Plugging and Abandonment,” and “Electric Vehicle Charging Infrastructure.”",no_explicit_gmp,True,found_via_search,extracted,extracted,extracted,extracted,extracted,extracted,Weston Solutions,True,HQ Lab @ Weston Solutions
ENT-001213,1,env_labs_standardized.csv,WestRock Analytical Services Laboratory,,TNI01394,"965 Capstone Drive, Suite 219",Miamisburg,Ohio,,,env_labs,,,,,,,,,,,,search_found_nothing,found_via_fallback_search,no_website_cannot_check_pages,no_website_cannot_check_pages,no_website_cannot_check_pages,no_website_cannot_check_pages,no_website_cannot_check_pages,WestRock Analytical Services Laboratory,True,HQ Lab @ WestRock Analytical Services Laboratory
ENT-001214,1,env_labs_standardized.csv,"WestRock CP, LLC",,TNI00564,600 N 8th St,Fernandina Beach,Florida,,,env_labs,https://www.westrock.com/,,,,,,,,"The text describes Smurfit Westrock’s packaging manufacturing and product offerings, including packaging types such as corrugated packaging, paperboard packaging, ecommerce packaging, and food contact packaging.",no_explicit_gmp,True,found_via_search,found_via_fallback_search,"checked_pages_not_found (pages_checked=8,fetched_ok=8,total_text_chars=250628)","checked_pages_not_found (pages_checked=8,fetched_ok=8,total_text_chars=250628)",extracted,extracted,extracted,WestRock CP,True,HQ Lab @ WestRock CP
ENT-001215,1,env_labs_standardized.csv,Wetland Biogeochemistry Laboratory,,TNI02693,2181 McCarty Hall A,Gainesville,Florida,,,env_labs,https://soils.ifas.ufl.edu/wetland-biogeochemistry/,"Dr. Todd Z. Osborne, Ph.D.",krr@ufl.edu,,,,,,"Provides state-of-the-art instrumentation for the analysis of soils, water and other environmental samples. Major instrumentation listed includes isotope ratio mass spectrometer, elemental analyzer, total organic carbon analyzer, discrete and continuous flow nutrient analyzers, gas chromatographs, an ion chromatograph, scanning spectrophometer and fluorometer, and a cryogenic extraction line for CO2 isolation.",no_explicit_gmp,False,found_via_search,extracted,found_via_fallback_search,extracted,extracted,"checked_pages_not_found (pages_checked=8,fetched_ok=7,total_text_chars=30275)",extracted,Wetland Biogeochemistry Laboratory,True,HQ Lab @ Wetland Biogeochemistry Laboratory
ENT-001216,1,env_labs_standardized.csv,"White Springs Agricultural Chemicals, Inc.",,TNI00627,Suite 1700 211 19th Street East,White Springs,Florida,,,env_labs,https://www.nutrien.com/,Rachel Garland,gia@nutrien.com,,,,,,"Operates a network of production, distribution and ag retail facilities providing crop inputs and services, including “plant nutrition, crop protection products, seed, and agronomic advice.” Also produces and distributes potash, nitrogen and phosphate products.",no_explicit_gmp,True,found_via_search,extracted,found_via_fallback_search,extracted,extracted,extracted,extracted,White Springs Agricultural Chemicals,True,HQ Lab @ White Springs Agricultural Chemicals
ENT-001217,1,env_labs_standardized.csv,White Water Associates Laboratory,,TNI03062,429 River Lane,Amasa,Michigan,,,env_labs,https://white-water-associates.com/,"Bette Premo, Ph.D., founder of White Water Associates",jen.toivonen@white-water-associates.com,,,,,,"Provides analytical laboratory services including analyzing water and soil for organic and inorganic compounds using technologies such as ICP, ICPMS, CVAFS, high pressure ion chromatography (HPIC), qPCR and dd-PCR, and UV/VIS spectrophotometers. Also offers environmental consulting services including environmental impact statements, grant and proposal writing, technical writing and editing, GIS, control of invasive species, and SCUBA.",no_explicit_gmp,True,found_via_search,extracted,extracted,extracted,extracted,extracted,extracted,White Water Associates Laboratory,True,HQ Lab @ White Water Associates Laboratory
ENT-001218,1,env_labs_standardized.csv,Wichita Falls - Wichita County Public Health District Laboratory,,TNI00132,1300 7th Street,Wichita Falls,Texas,,,env_labs,https://www.wichitafallstx.gov/377/Laboratory,"Dr. Amy Fagan, Director of Health",amy.fagan@wichitafallstx.gov,,,,,,"The laboratory provides clinical and environmental testing to support the Wichita Falls-Wichita County Public Health District in-house operations, including testing for blood, serum, urine, and other body fluids for services such as STI Clinic, Disease Intervention Services (DIS), and the HIV Program. It also supports Environmental Health Division sampling including aquatic facility water samples and other samples in public health response such as processing food samples or surface swabs, with analysis of food, water, and soft serve ice cream samples.",no_explicit_gmp,False,found_via_search,extracted,found_via_fallback_search,found_via_fallback_search,extracted,"checked_pages_not_found (pages_checked=8,fetched_ok=8,total_text_chars=50932)",extracted,Wichita Falls Wichita County Public Health District Laboratory,True,HQ Lab @ Wichita Falls Wichita County Public Health District Laboratory
ENT-001219,1,env_labs_standardized.csv,Wichita Municipal Water & Wastewater Laboratory,,TNI01942,,Wichita,Kansas,,,env_labs,,,,,,,,,,,,search_found_nothing,found_via_fallback_search,no_website_cannot_check_pages,no_website_cannot_check_pages,no_website_cannot_check_pages,no_website_cannot_check_pages,no_website_cannot_check_pages,Wichita Municipal Water Wastewater Laboratory,True,HQ Lab @ Wichita Municipal Water Wastewater Laboratory
ENT-001220,1,env_labs_standardized.csv,Wichita Sewage Treatment Division Laboratory,,TNI01943,,Wichita,Kansas,,,env_labs,https://www.wichita.gov/906/Wastewater-Treatment,,,,,,,,"The Sewage Treatment Laboratory analyzes over 50 wastewater samples collected from four wastewater facilities to ensure the plants are operating in compliance with regulatory discharge requirements. The wastewater facilities provide primary, secondary, and advanced wastewater treatment, along with disinfection prior to discharge.",no_explicit_gmp,False,found_via_search,found_via_fallback_search,"checked_pages_not_found (pages_checked=8,fetched_ok=2,total_text_chars=10351)","checked_pages_not_found (pages_checked=8,fetched_ok=2,total_text_chars=10351)",extracted,"checked_pages_not_found (pages_checked=8,fetched_ok=2,total_text_chars=10351)",extracted,Wichita Sewage Treatment Division Laboratory,True,HQ Lab @ Wichita Sewage Treatment Division Laboratory
ENT-001221,1,env_labs_standardized.csv,Will County Health Dept. - Environ. Health Lab.,,TNI02056,501 Ella Ave,Joliet,Illinois,,,env_labs,https://www.willcountyhealth.org/environmental-health-laboratory/,,Info@willcountyhealth.org,,,,,,,,,found_via_search,found_via_fallback_search,"no_pages_fetched_ok (pages_checked=1,fetched_ok=0,total_text_chars=0)",found_via_fallback_search,"no_pages_fetched_ok (pages_checked=1,fetched_ok=0,total_text_chars=0)","no_pages_fetched_ok (pages_checked=1,fetched_ok=0,total_text_chars=0)","no_pages_fetched_ok (pages_checked=1,fetched_ok=0,total_text_chars=0)",Will County Health Dept Environ Health Lab,True,HQ Lab @ Will County Health Dept Environ Health Lab
ENT-001222,1,env_labs_standardized.csv,"Willoughby & Associates, Inc.",,TNI02186,15421 Suite A Forest Road,Forest,Virginia,,,env_labs,https://www.waehs.com/,Jeffery E. Willoughby Owner and President,info@waehs.com,,,,,,"The company provides EHS consulting including environmental, health and safety programs, regulatory consultation and assessments, and on-site/off-site training. It also operates a VELAP accredited water quality laboratory performing on-site microbiology testing (total coliform and E. coli) and additional water quality analyses for parameters including metals, nitrate, nitrite, and pesticides.",no_explicit_gmp,True,found_via_search,extracted,extracted,extracted,extracted,extracted,extracted,Willoughby Associates,True,HQ Lab @ Willoughby Associates
ENT-001223,1,env_labs_standardized.csv,"Willow Lake Laboratory, City of Salem",,TNI00243,,Salem,Oregon,,,env_labs,https://www.cityofsalem.net/,,,,,,,,,,,found_via_search,found_via_fallback_search,"no_pages_fetched_ok (pages_checked=1,fetched_ok=0,total_text_chars=0)","no_pages_fetched_ok (pages_checked=1,fetched_ok=0,total_text_chars=0)","no_pages_fetched_ok (pages_checked=1,fetched_ok=0,total_text_chars=0)","no_pages_fetched_ok (pages_checked=1,fetched_ok=0,total_text_chars=0)","no_pages_fetched_ok (pages_checked=1,fetched_ok=0,total_text_chars=0)",Willow Lake Laboratory City of,True,HQ Lab @ Willow Lake Laboratory City of
ENT-001224,1,env_labs_standardized.csv,Winfield Municipal Water-Wastewater Laboratory,,TNI01944,,Winfield,Kansas,,,env_labs,https://www.winfieldks.org/,,[email protected],,,,,,The City of Winfield water department routinely monitors and tests drinking water quality and provides treated water to the Winfield service area. It also operates a water treatment plant where raw water from Winfield City Lake is treated before distribution.,no_explicit_gmp,False,found_via_search,"checked_pages_not_found (pages_checked=8,fetched_ok=6,total_text_chars=26915)","checked_pages_not_found (pages_checked=8,fetched_ok=6,total_text_chars=26915)",extracted,extracted,"checked_pages_not_found (pages_checked=8,fetched_ok=6,total_text_chars=26915)",extracted,Winfield Municipal Water Wastewater Laboratory,True,HQ Lab @ Winfield Municipal Water Wastewater Laboratory
ENT-001225,1,env_labs_standardized.csv,WISCONSIN STATE LABORATORY OF HYGIENE,,TNI00629,"2601 Agriculture Drive, PO Box 7996",MADISON,Wisconsin,,,env_labs,https://www.slh.wisc.edu/,"Rudolph Johnson, PhD, WSLH Director",wslhdirector@slh.wisc.edu,,,,,,"Provides clinical testing (including communicable disease, newborn screening, cytogenetics, cytology, clinical metals, and cytotechnology). Also provides water & other environmental testing (including water testing, environmental toxicology, flow cytometry, inorganic/organic chemistry, radiochemistry, trace elements, and water microbiology), occupational health & safety services, forensic toxicology, and proficiency testing lab networks & surveillance.",no_explicit_gmp,False,found_via_search,extracted,extracted,extracted,extracted,"checked_pages_not_found (pages_checked=8,fetched_ok=8,total_text_chars=23646)",extracted,WISCONSIN STATE LABORATORY OF HYGIENE,True,HQ Lab @ WISCONSIN STATE LABORATORY OF HYGIENE
ENT-001226,1,env_labs_standardized.csv,Worthington Public Utilities Laboratory,,TNI01110,318 Ninth Street,Worthington,Minnesota,,,env_labs,https://www.worthingtonpublicutilities.com/,Scott Hain,wpu@worthingtonutilities.com,,,,,,"Provides electric, water, wastewater, and solid waste/residential trash and recycling services for the Worthington community. Water services include groundwater-based drinking water supply, iron and manganese removal treatment, and information on water quality and water softener hardness settings; wastewater services include operational control and management of municipal wastewater treatment and collection facilities using a three-stage trickling filter plant with discharge under an NPDES permit.",no_explicit_gmp,False,found_via_search,extracted,extracted,extracted,extracted,"checked_pages_not_found (pages_checked=8,fetched_ok=8,total_text_chars=20705)",extracted,Worthington Public Utilities Laboratory,True,HQ Lab @ Worthington Public Utilities Laboratory
ENT-001227,1,env_labs_standardized.csv,Wright County,,TNI02844,,Buffalo,Minnesota,,,env_labs,https://www.wrightcountymn.gov/,,HS.PublicHealth@wrightcountymn.gov,,,,,,"The text describes Wright County government services and operations, such as providing a public ""Contact Us"" form and managing county facilities and office closures.",no_explicit_gmp,False,found_via_search,extracted,"checked_pages_not_found (pages_checked=8,fetched_ok=8,total_text_chars=73239)",found_via_fallback_search,extracted,"checked_pages_not_found (pages_checked=8,fetched_ok=8,total_text_chars=73239)",extracted,Wright County,True,HQ Lab @ Wright County
ENT-001228,1,env_labs_standardized.csv,Xcel Energy - Amarillo Testing Laboratory,,TNI00130,7201 North Lakeside Drive,Amarillo,Texas,,,env_labs,https://www.xcelenergy.com/,,,,,,,,,no_explicit_gmp,,found_via_search,found_via_fallback_search,"pages_likely_js_rendered (pages_checked=1,fetched_ok=1,total_text_chars=58)","pages_likely_js_rendered (pages_checked=1,fetched_ok=1,total_text_chars=58)",extracted,"pages_likely_js_rendered (pages_checked=1,fetched_ok=1,total_text_chars=58)","pages_likely_js_rendered (pages_checked=1,fetched_ok=1,total_text_chars=58)",Xcel Energy Amarillo Testing Laboratory,True,HQ Lab @ Xcel Energy Amarillo Testing Laboratory
ENT-001229,1,env_labs_standardized.csv,Xcel Energy - Denver Testing Laboratory,,TNI00179,,Henderson,Colorado,,,env_labs,,,,,,,,,,,,search_found_nothing,found_via_fallback_search,no_website_cannot_check_pages,no_website_cannot_check_pages,no_website_cannot_check_pages,no_website_cannot_check_pages,no_website_cannot_check_pages,Xcel Energy Denver Testing Laboratory,True,HQ Lab @ Xcel Energy Denver Testing Laboratory
ENT-001230,1,env_labs_standardized.csv,"Xcel Energy, Inc., Minneapolis Testing Laboratory",,TNI01164,,Minneapolis,Minnesota,,,env_labs,https://www.xcelenergy.com/,Christine Keefe,,,,,,,,no_explicit_gmp,,found_via_search,found_via_fallback_search,found_via_fallback_search,"pages_likely_js_rendered (pages_checked=1,fetched_ok=1,total_text_chars=58)",extracted,"pages_likely_js_rendered (pages_checked=1,fetched_ok=1,total_text_chars=58)","pages_likely_js_rendered (pages_checked=1,fetched_ok=1,total_text_chars=58)",Xcel Energy,True,HQ Lab @ Xcel Energy
ENT-001231,1,env_labs_standardized.csv,YORKTOWN MEDICAL LABORATORY INC,,TNI01510,321 Kear Street,YORKTOWN HEIGHTS,New York,,,env_labs,,,,,,,,,,,,search_found_nothing,found_via_fallback_search,no_website_cannot_check_pages,no_website_cannot_check_pages,no_website_cannot_check_pages,no_website_cannot_check_pages,no_website_cannot_check_pages,YORKTOWN MEDICAL LABORATORY,True,HQ Lab @ YORKTOWN MEDICAL LABORATORY
