entity_id,num_source_files,source_files,company_name,cik,source_record_id,address_street,address_city,address_state,address_zip,address_country,source_name,website_url,contact_name,contact_email,phone,notes,company_status,stage,one_liner
ENT-000001,1,env_labs_standardized.csv,(809) US Air Force - Hill AFB Chemical Science Laboratory,,TNI01949,,Hill AFB,Utah,,,env_labs,,,,,,,,
ENT-000002,1,env_labs_standardized.csv,3B Analytical,,TNI02455,,Portland,Oregon,,,env_labs,,,,,,,,
ENT-000003,1,env_labs_standardized.csv,"A & B Environmental Services, Inc.",,TNI00025,,Houston,Texas,,,env_labs,,,,,,,,
ENT-000004,1,env_labs_standardized.csv,"A & B Environmental Services, Inc. Golden Triangle",,TNI02808,,Nederland,Texas,,,env_labs,,,,,,,,
ENT-000005,1,env_labs_standardized.csv,A & P WATER TESTING,,TNI01692,,MORRISVILLE,New York,,,env_labs,,,,,,,,
ENT-000006,1,env_labs_standardized.csv,"A.W. Research Laboratories, Inc.",,TNI01083,,Brainerd,Minnesota,,,env_labs,,,,,,,,
ENT-000007,1,env_labs_standardized.csv,"AbbVie Environmental, Health and Safety Laboratory",,TNI02017,,Abbot Park,Illinois,,,env_labs,,,,,,,,
ENT-000008,1,env_labs_standardized.csv,Abilene - Taylor County Public Health District,,TNI00110,,Abilene,Texas,,,env_labs,,,,,,,,
ENT-000009,1,env_labs_standardized.csv,AC Analytical & Consulting LLC,,TNI01127,,Puposky,Minnesota,,,env_labs,,,,,,,,
ENT-000010,1,env_labs_standardized.csv,"ACCU LABS, LLC",,TNI02461,,Independence,Oregon,,,env_labs,,,,,,,,
ENT-000011,1,env_labs_standardized.csv,"ACCURATE ANALYTICAL TESTING, LLC",,TNI02515,,ROMULUS,Michigan,,,env_labs,,,,,,,,
ENT-000012,1,env_labs_standardized.csv,Accurate Environmental Labs - OKC,,TNI02407,,Stillwater,Oklahoma,,,env_labs,,,,,,,,
ENT-000013,1,env_labs_standardized.csv,Accurate Environmental Labs - Stillwater,,TNI01938,,Stillwater,Oklahoma,,,env_labs,,,,,,,,
ENT-000014,1,env_labs_standardized.csv,Accurate Environmental Labs - Tulsa,,TNI02539,,Stillwater,Oklahoma,,,env_labs,,,,,,,,
ENT-000015,1,env_labs_standardized.csv,ACCUSTAR LABS,,TNI02980,,HARRISBURG,Pennsylvania,,,env_labs,,,,,,,,
ENT-000016,1,env_labs_standardized.csv,ACCUSTAR LABS,,TNI01776,,WARD HILL,Massachusetts,,,env_labs,,,,,,,,
ENT-000017,1,env_labs_standardized.csv,"Ackuritlabs, Inc.",,TNI00248,,Tallahassee,Florida,,,env_labs,,,,,,,,
ENT-000018,1,env_labs_standardized.csv,"ACZ Laboratories, Inc.",,TNI01951,,Steamboat Springs,Colorado,,,env_labs,,,,,,,,
ENT-000019,1,env_labs_standardized.csv,ADIRONDACK ENVIRONMENTAL SERVICES INC,,TNI01595,,ALBANY,New York,,,env_labs,,,,,,,,
ENT-000020,1,env_labs_standardized.csv,"Advanced Analysis, Inc.",,TNI00175,,Lubbock,Texas,,,env_labs,,,,,,,,
ENT-000021,1,env_labs_standardized.csv,"Advanced Analytical Laboratories, LLC",,TNI00143,,Whitehouse,Texas,,,env_labs,,,,,,,,
ENT-000022,1,env_labs_standardized.csv,ADVANCED ANALYTICAL TECHNOLOGIES,,TNI01758,,PEARL RIVER,New York,,,env_labs,,,,,,,,
ENT-000023,1,env_labs_standardized.csv,"Advanced Environmental Laboratories, Inc.",,TNI00252,,Jacksonville,Florida,,,env_labs,,,,,,,,
ENT-000024,1,env_labs_standardized.csv,"Advanced Environmental Laboratories, Inc. - Fort Myers",,TNI00552,,Fort Myers,Florida,,,env_labs,,,,,,,,
ENT-000025,1,env_labs_standardized.csv,"Advanced Environmental Laboratories, Inc. - Gainesville",,TNI00253,,Gainesville,Florida,,,env_labs,,,,,,,,
ENT-000026,1,env_labs_standardized.csv,"Advanced Environmental Laboratories, Inc. - Lake Placid",,TNI02827,,Lake Placid,Florida,,,env_labs,,,,,,,,
ENT-000027,1,env_labs_standardized.csv,"Advanced Environmental Laboratories, Inc. - Miami",,TNI00254,,Miramar,Florida,,,env_labs,,,,,,,,
ENT-000028,1,env_labs_standardized.csv,"Advanced Environmental Laboratories, Inc. - Orlando",,TNI00255,,Altamonte Springs,Florida,,,env_labs,,,,,,,,
ENT-000029,1,env_labs_standardized.csv,"Advanced Environmental Laboratories, Inc. - Tallahassee",,TNI02195,,Tallahassee,Florida,,,env_labs,,,,,,,,
ENT-000030,1,env_labs_standardized.csv,"Advanced Environmental Laboratories, Inc. - Tampa",,TNI00256,,Tampa,Florida,,,env_labs,,,,,,,,
ENT-000031,1,env_labs_standardized.csv,Advanced Technology Laboratories,,TNI01202,,Signal Hill,California,,,env_labs,,,,,,,,
ENT-000032,1,env_labs_standardized.csv,AG Environmental RSC LLC (DBA Sullivan County Labs),,TNI02607,,Ferndale,New York,,,env_labs,,,,,,,,
ENT-000033,1,env_labs_standardized.csv,AGAT LABORATORIES - CALGARY - 2420,,TNI03017,,Calgary,Alberta,,,env_labs,,,,,,,,
ENT-000034,1,env_labs_standardized.csv,AGAT LABORATORIES INC,,TNI02519,,ST-LAURENT,Not Applicable,,,env_labs,,,,,,,,
ENT-000035,1,env_labs_standardized.csv,AGQ USA,,TNI02648,,Oxnard,California,,,env_labs,,,,,,,,
ENT-000036,1,env_labs_standardized.csv,AIR CHEK,,TNI01701,,MILLS RIVER,North Carolina,,,env_labs,,,,,,,,
ENT-000037,1,env_labs_standardized.csv,"Air Hygiene International, Inc.",,TNI02280,,Broken Arrow,Oklahoma,,,env_labs,,,,,,,,
ENT-000038,1,env_labs_standardized.csv,Air Technology Laboratories Inc,,TNI00258,,City of Industry,California,,,env_labs,,,,,,,,
ENT-000039,1,env_labs_standardized.csv,AIRNOVA INC,,TNI01274,,PENNSAUKEN,New Jersey,,,env_labs,,,,,,,,
ENT-000040,1,env_labs_standardized.csv,AKRON (V) SEWAGE PLANT,,TNI01589,,AKRON,New York,,,env_labs,,,,,,,,
ENT-000041,1,env_labs_standardized.csv,Alabama Power Company General Testing Laboratory,,TNI02392,,Calera,Alabama,,,env_labs,,,,,,,,
ENT-000042,1,env_labs_standardized.csv,"Alamo Analytical Laboratories, Ltd.",,TNI00144,,San Antonio,Texas,,,env_labs,,,,,,,,
ENT-000043,1,env_labs_standardized.csv,"Alamo Analytical Laboratories, Ltd. - El Paso",,TNI02256,,El Paso,Texas,,,env_labs,,,,,,,,
ENT-000044,1,env_labs_standardized.csv,ALBANY COUNTY WATER PURIFICATION DISTRICT,,TNI01453,,MENANDS,New York,,,env_labs,,,,,,,,
ENT-000045,1,env_labs_standardized.csv,ALBANY WATER QUALITY LAB,,TNI01433,,SELKIRK,New York,,,env_labs,,,,,,,,
ENT-000046,1,env_labs_standardized.csv,Albert Lea Wastewater Treatment Plant,,TNI01098,,Albert Lea,Minnesota,,,env_labs,,,,,,,,
ENT-000047,1,env_labs_standardized.csv,ALBION (V) WATER PLANT,,TNI01698,,WATERPORT,New York,,,env_labs,,,,,,,,
ENT-000048,1,env_labs_standardized.csv,Albion Environmental,,TNI00050,,Bryan,Texas,,,env_labs,,,,,,,,
ENT-000049,1,env_labs_standardized.csv,"Alexin Analytical Laboratories, Inc.",,TNI00196,,Tigard,Oregon,,,env_labs,,,,,,,,
ENT-000050,1,env_labs_standardized.csv,ALLAB INC,,TNI02836,,BROOKLYN,New York,,,env_labs,,,,,,,,
ENT-000051,1,env_labs_standardized.csv,ALLEGANY COUNTY COMMUNITY ENVIRONMENTAL LABORATORY,,TNI02587,,BELMONT,New York,,,env_labs,,,,,,,,
ENT-000052,1,env_labs_standardized.csv,Alliance Source Testing LLC - Mobile Unit,,TNI02595,,Decatur,Alabama,,,env_labs,,,,,,,,
ENT-000053,1,env_labs_standardized.csv,Alliance Technical Group,,TNI02400,,Decatur,Alabama,,,env_labs,,,,,,,,
ENT-000054,1,env_labs_standardized.csv,Alliance Technical Group,,TNI00203,,Tigard,Oregon,,,env_labs,,,,,,,,
ENT-000055,1,env_labs_standardized.csv,"Alliance Technical Group - Carrollton, Texas",,TNI00167,,Carrollton,Texas,,,env_labs,,,,,,,,
ENT-000056,1,env_labs_standardized.csv,Alliance Technical Group - Greenville,,TNI00551,,Greenville,South Carolina,,,env_labs,,,,,,,,
ENT-000057,1,env_labs_standardized.csv,"ALLIANCE TECHNICAL GROUP, LLC",,TNI01322,,WILMINGTON,North Carolina,,,env_labs,,,,,,,,
ENT-000058,1,env_labs_standardized.csv,"ALLIANCE TECHNICAL GROUP, LLC - NEWARK",,TNI01285,,MOUNTAINSIDE,New Jersey,,,env_labs,,,,,,,,
ENT-000059,1,env_labs_standardized.csv,"Alliance Technical Group, LLC - Seattle",,TNI02227,,Seattle,Washington,,,env_labs,,,,,,,,
ENT-000060,1,env_labs_standardized.csv,"Alliance Technical Group, LLC DBA Interpoll Laboratories",,TNI01088,,Circle Pines,Minnesota,,,env_labs,,,,,,,,
ENT-000061,1,env_labs_standardized.csv,"Alliance Technical Group, LLC-Akron",,TNI00583,,Cuyahoga Falls,Ohio,,,env_labs,,,,,,,,
ENT-000062,1,env_labs_standardized.csv,"Alpha Analytical, Inc.",,TNI00197,,Sparks,Nevada,,,env_labs,,,,,,,,
ENT-000063,1,env_labs_standardized.csv,ALPHA LABS LLC,,TNI01800,,LONG ISLAND CITY,New York,,,env_labs,,,,,,,,
ENT-000064,1,env_labs_standardized.csv,ALS Environmental,,TNI01683,,Cincinnati,Ohio,,,env_labs,,,,,,,,
ENT-000065,1,env_labs_standardized.csv,ALS Environmental,,TNI02019,,Holland,Michigan,,,env_labs,,,,,,,,
ENT-000066,1,env_labs_standardized.csv,ALS Environmental - Irvine,,TNI02924,,Irvine,California,,,env_labs,,,,,,,,
ENT-000067,1,env_labs_standardized.csv,ALS Environmental - Jacksonville,,TNI00369,,Jacksonville,Florida,,,env_labs,,,,,,,,
ENT-000068,1,env_labs_standardized.csv,ALS Environmental - Middletown,,TNI02116,,Middletown,Pennsylvania,,,env_labs,,,,,,,,
ENT-000069,1,env_labs_standardized.csv,ALS ENVIRONMENTAL - NEWTOWN,,TNI01756,,NEWTOWN,Connecticut,,,env_labs,,,,,,,,
ENT-000070,1,env_labs_standardized.csv,ALS ENVIRONMENTAL - QUEENS,,TNI02476,,RICHMOND HILL,New York,,,env_labs,,,,,,,,
ENT-000071,1,env_labs_standardized.csv,ALS ENVIRONMENTAL - ROCHESTER,,TNI01454,,ROCHESTER,New York,,,env_labs,,,,,,,,
ENT-000072,1,env_labs_standardized.csv,ALS Environmental - Simi Valley,,TNI01213,,Simi Valley,California,,,env_labs,,,,,,,,
ENT-000073,1,env_labs_standardized.csv,ALS ENVIRONMENTAL - STRATFORD,,TNI01615,,STRATFORD,Connecticut,,,env_labs,,,,,,,,
ENT-000074,1,env_labs_standardized.csv,ALS ENVIRONMENTAL - TOMS RIVER,,TNI03009,,TOMS RIVER,New Jersey,,,env_labs,,,,,,,,
ENT-000075,1,env_labs_standardized.csv,ALS Environmental - Valparaiso,,TNI02447,,Valparaiso,Indiana,,,env_labs,,,,,,,,
ENT-000076,1,env_labs_standardized.csv,ALS Environmental Burlington - CANADA,,TNI01293,,Burlington,Ontario,,,env_labs,,,,,,,,
ENT-000077,1,env_labs_standardized.csv,ALS Environmental Holland MI,,TNI02268,,Holland,Michigan,,,env_labs,,,,,,,,
ENT-000078,1,env_labs_standardized.csv,"ALS Environmental, Kelso",,TNI00372,,Kelso,Washington,,,env_labs,,,,,,,,
ENT-000079,1,env_labs_standardized.csv,"ALS Laboratory Group, Environmental Services Division (Houston, Texas)",,TNI00037,,Houston,Texas,,,env_labs,,,,,,,,
ENT-000080,1,env_labs_standardized.csv,"Alternative Technologies, Inc.",,TNI02155,,Burnsville,Minnesota,,,env_labs,,,,,,,,
ENT-000081,1,env_labs_standardized.csv,AMA ANALYTICAL SERVICES INC,,TNI01623,,LANHAM,Maryland,,,env_labs,,,,,,,,
ENT-000082,1,env_labs_standardized.csv,"AMBIENT GROUP, INC.",,TNI01616,,NEW YORK,New York,,,env_labs,,,,,,,,
ENT-000083,1,env_labs_standardized.csv,"AMERICA SCIENCE TEAM NEW YORK, INC",,TNI01708,,NEW YORK,New York,,,env_labs,,,,,,,,
ENT-000084,1,env_labs_standardized.csv,AMERICAN ANALYTICAL LABORATORIES LLC.,,TNI01695,,FARMINGDALE,New York,,,env_labs,,,,,,,,
ENT-000085,1,env_labs_standardized.csv,American Analytics Inc.,,TNI02232,,Chatsworth,California,,,env_labs,,,,,,,,
ENT-000086,1,env_labs_standardized.csv,American Bottoms Regional Wastewater Treatment Facility,,TNI02020,,Sauget,Illinois,,,env_labs,,,,,,,,
ENT-000087,1,env_labs_standardized.csv,American Electric Power Dolan Chemical Laboratory,,TNI02223,,Groveport,Ohio,,,env_labs,,,,,,,,
ENT-000088,1,env_labs_standardized.csv,American Radiation Services (ARS),,TNI00266,,Port Allen,Louisiana,,,env_labs,,,,,,,,
ENT-000089,1,env_labs_standardized.csv,"American Testing Technologies, Inc.",,TNI02164,,Akron,Ohio,,,env_labs,,,,,,,,
ENT-000090,1,env_labs_standardized.csv,American Water Central Laboratory,,TNI02194,,Belleville,Illinois,,,env_labs,,,,,,,,
ENT-000091,1,env_labs_standardized.csv,American West Analytical Laboratories,,TNI01955,,Salt Lake City,Utah,,,env_labs,,,,,,,,
ENT-000092,1,env_labs_standardized.csv,AMERISCI RICHMOND,,TNI01636,,MIDLOTHIAN,Virginia,,,env_labs,,,,,,,,
ENT-000093,1,env_labs_standardized.csv,AMHERST (T) WPCF,,TNI01426,,AMHERST,New York,,,env_labs,,,,,,,,
ENT-000094,1,env_labs_standardized.csv,AMSTERDAM WATER TREATMENT,,TNI01604,,AMSTERDAM,New York,,,env_labs,,,,,,,,
ENT-000095,1,env_labs_standardized.csv,"Analytical Environmental Laboratory, LLC",,TNI00068,,Tyler,Texas,,,env_labs,,,,,,,,
ENT-000096,1,env_labs_standardized.csv,"Analytical Food Laboratories, Inc.",,TNI00182,,Grand Prairie,Texas,,,env_labs,,,,,,,,
ENT-000097,1,env_labs_standardized.csv,"Analytical Laboratories, Inc.",,TNI02545,,Boise,Idaho,,,env_labs,,,,,,,,
ENT-000098,1,env_labs_standardized.csv,Analytical Laboratory Group,,TNI00198,,Eugene,Oregon,,,env_labs,,,,,,,,
ENT-000099,1,env_labs_standardized.csv,"Analytical Resources, LLC",,TNI00199,,Tukwila,Washington,,,env_labs,,,,,,,,
ENT-000100,1,env_labs_standardized.csv,Analytical Services Corporation,,TNI00270,,Niceville,Florida,,,env_labs,,,,,,,,
ENT-000101,1,env_labs_standardized.csv,"Analytical Services, Inc.",,TNI00273,,Williston,Vermont,,,env_labs,,,,,,,,
ENT-000102,1,env_labs_standardized.csv,"Anatek Labs, Inc.",,TNI00274,,Moscow,Idaho,,,env_labs,,,,,,,,
ENT-000103,1,env_labs_standardized.csv,"Anatek Labs, Inc. - Spokane",,TNI02364,,Spokane,Washington,,,env_labs,,,,,,,,
ENT-000104,1,env_labs_standardized.csv,"Anatek Labs, Inc. - Yakima",,TNI02783,,Yakima,Washington,,,env_labs,,,,,,,,
ENT-000105,1,env_labs_standardized.csv,Angelina and Neches River Authority Environmental Laboratory,,TNI00077,,Lufkin,Texas,,,env_labs,,,,,,,,
ENT-000106,1,env_labs_standardized.csv,"Apex Laboratories, LLC",,TNI02169,,Tigard,Oregon,,,env_labs,,,,,,,,
ENT-000107,1,env_labs_standardized.csv,"AQUA CHECK LABORATORIES, INC",,TNI01723,,STONE RIDGE,New York,,,env_labs,,,,,,,,
ENT-000108,1,env_labs_standardized.csv,"Aqua Pure Water & Sewage Service, LLC",,TNI00275,,Ocala,Florida,,,env_labs,,,,,,,,
ENT-000109,1,env_labs_standardized.csv,Aqua Water Supply Corporation,,TNI00092,,Bastrop,Texas,,,env_labs,,,,,,,,
ENT-000110,1,env_labs_standardized.csv,"Aqua-Tech Laboratories, Inc.",,TNI00148,,Bryan,Texas,,,env_labs,,,,,,,,
ENT-000111,1,env_labs_standardized.csv,AQUATEC ENVIRONMENTAL INC,,TNI01026,,WILLISTON,Vermont,,,env_labs,,,,,,,,
ENT-000112,1,env_labs_standardized.csv,AQUATEK LABS,,TNI02815,,WOODBRIDGE,Connecticut,,,env_labs,,,,,,,,
ENT-000113,1,env_labs_standardized.csv,"Aquatic Laboratories, LLC",,TNI02424,,Lexington,Kentucky,,,env_labs,,,,,,,,
ENT-000114,1,env_labs_standardized.csv,"AQUATOX RESEARCH, INC.",,TNI02979,,SYRACUSE,New York,,,env_labs,,,,,,,,
ENT-000115,1,env_labs_standardized.csv,"ARDL, Inc.",,TNI02022,,Mt. Vernon,Illinois,,,env_labs,,,,,,,,
ENT-000116,1,env_labs_standardized.csv,"Arkansas Analytical, Inc.",,TNI00174,,Little Rock,Arkansas,,,env_labs,,,,,,,,
ENT-000117,1,env_labs_standardized.csv,Arkansas City Municipal Wastewater Laboratory,,TNI01882,,Arkansas City,Kansas,,,env_labs,,,,,,,,
ENT-000118,1,env_labs_standardized.csv,"Armstrong Forensic Laboratory, Inc.",,TNI00041,,Arlington,Texas,,,env_labs,,,,,,,,
ENT-000119,1,env_labs_standardized.csv,Ascend Performance Materials LLC,,TNI00276,,Cantonment,Florida,,,env_labs,,,,,,,,
ENT-000120,1,env_labs_standardized.csv,Ashley Valley WTP Laboratory,,TNI01958,,Vernal,Utah,,,env_labs,,,,,,,,
ENT-000121,1,env_labs_standardized.csv,ASSET Laboratories,,TNI01203,,Las Vegas,Nevada,,,env_labs,,,,,,,,
ENT-000122,1,env_labs_standardized.csv,ATC GROUP SERVICES LLC,,TNI01618,,NEW YORK,New York,,,env_labs,,,,,,,,
ENT-000123,1,env_labs_standardized.csv,ATLAS ENVIRONMENTAL LABS CORP,,TNI02323,,NEW YORK,New York,,,env_labs,,,,,,,,
ENT-000124,1,env_labs_standardized.csv,"Atmospheric Analysis and Consulting, Inc.",,TNI00277,,Ventura,California,,,env_labs,,,,,,,,
ENT-000125,1,env_labs_standardized.csv,AUBURN WATER TREATMENT PLANT,,TNI01499,,AUBURN,New York,,,env_labs,,,,,,,,
ENT-000126,1,env_labs_standardized.csv,AUBURN WPCP (LAB),,TNI01498,,AUBURN,New York,,,env_labs,,,,,,,,
ENT-000127,1,env_labs_standardized.csv,"Avery Laboratories & Environmental Services, LLC",,TNI00278,,Savannah,Georgia,,,env_labs,,,,,,,,
ENT-000128,1,env_labs_standardized.csv,"AWWS, Inc. (Analytical Water & Wastewater Services)",,TNI00083,,Hallsville,Texas,,,env_labs,,,,,,,,
ENT-000129,1,env_labs_standardized.csv,"B & B Consultants, Inc.",,TNI01256,,Chase City,Virginia,,,env_labs,,,,,,,,
ENT-000130,1,env_labs_standardized.csv,"B.A.T. Laboratories, LLC",,TNI00125,,Amarillo,Texas,,,env_labs,,,,,,,,
ENT-000131,1,env_labs_standardized.csv,B3 Labs,,TNI02711,,Spring,Texas,,,env_labs,,,,,,,,
ENT-000132,1,env_labs_standardized.csv,"Babcock Laboratories, Inc.",,TNI01218,,Riverside,California,,,env_labs,,,,,,,,
ENT-000133,1,env_labs_standardized.csv,BATAVIA (C) WATER TREATMENT PLANT,,TNI01526,,BATAVIA,New York,,,env_labs,,,,,,,,
ENT-000134,1,env_labs_standardized.csv,BATAVIA WASTEWATER TREATMENT FACILITY,,TNI01525,,BATAVIA,New York,,,env_labs,,,,,,,,
ENT-000135,1,env_labs_standardized.csv,"BATTA LABORATORIES, LLC.",,TNI02320,,NEWARK,Delaware,,,env_labs,,,,,,,,
ENT-000136,1,env_labs_standardized.csv,Battelle Analytical Chemistry Services Laboratory,,TNI00280,,Norwell,Massachusetts,,,env_labs,,,,,,,,
ENT-000137,1,env_labs_standardized.csv,Bay County Laboratory Services,,TNI00281,,Panama City,Florida,,,env_labs,,,,,,,,
ENT-000138,1,env_labs_standardized.csv,"BCS Laboratories, Inc. - Gainesville",,TNI00282,,Gainesville,Florida,,,env_labs,,,,,,,,
ENT-000139,1,env_labs_standardized.csv,"Beacon Environmental Services, Inc.",,TNI02428,,Bel Air,Maryland,,,env_labs,,,,,,,,
ENT-000140,1,env_labs_standardized.csv,Bear River District Health Department Water Laboratory,,TNI01961,,Logan,Utah,,,env_labs,,,,,,,,
ENT-000141,1,env_labs_standardized.csv,Beckton Environmental Laboratories,,TNI00284,,Ponce,Puerto Rico,,,env_labs,,,,,,,,
ENT-000142,1,env_labs_standardized.csv,BELGRAVE WATER POL CNTRL DIST,,TNI01430,,LITTLE NECK,New York,,,env_labs,,,,,,,,
ENT-000143,1,env_labs_standardized.csv,Benchmark EA South,,TNI00285,,North Port,Florida,,,env_labs,,,,,,,,
ENT-000144,1,env_labs_standardized.csv,"Benchmark EnviroAnalytical, Inc.",,TNI00286,,Palmetto,Florida,,,env_labs,,,,,,,,
ENT-000145,1,env_labs_standardized.csv,Benchmark Mid Florida Laboratory,,TNI00500,,Winter Haven,Florida,,,env_labs,,,,,,,,
ENT-000146,1,env_labs_standardized.csv,BINGHAMTON WATER TREATMENT PLANT,,TNI01597,,BINGHAMTON,New York,,,env_labs,,,,,,,,
ENT-000147,1,env_labs_standardized.csv,BINGHAMTON-JOHNSON (C) STP,,TNI01563,,VESTAL,New York,,,env_labs,,,,,,,,
ENT-000148,1,env_labs_standardized.csv,"Bio Chem Lab, Inc.",,TNI00061,,West,Texas,,,env_labs,,,,,,,,
ENT-000149,1,env_labs_standardized.csv,Bio-Analytical Laboratories,,TNI01379,,Doyline,Louisiana,,,env_labs,,,,,,,,
ENT-000150,1,env_labs_standardized.csv,Biological Monitoring Incorporated,,TNI01243,,Blacksburg,Virginia,,,env_labs,,,,,,,,
ENT-000151,1,env_labs_standardized.csv,BIOTRAX TESTING LABORATORY,,TNI01744,,CHEEKTOWAGA,New York,,,env_labs,,,,,,,,
ENT-000152,1,env_labs_standardized.csv,Blue Ridge Analytical LLC,,TNI02567,,Wytheville,Virginia,,,env_labs,,,,,,,,
ENT-000153,1,env_labs_standardized.csv,"Blue Triton Brands, Inc.",,TNI02139,,Breinigsville,Pennsylvania,,,env_labs,,,,,,,,
ENT-000154,1,env_labs_standardized.csv,BlueTriton Brands Dallas QA Lab,,TNI00156,,Dallas,Texas,,,env_labs,,,,,,,,
ENT-000155,1,env_labs_standardized.csv,BLUETRITON BRANDS NATIONAL QUALITY LABORATORY,,TNI02786,,LOS ANGELES,California,,,env_labs,,,,,,,,
ENT-000156,1,env_labs_standardized.csv,BlueTriton Brands Pasadena QA Lab,,TNI02681,,Pasadena,Texas,,,env_labs,,,,,,,,
ENT-000157,1,env_labs_standardized.csv,BLUETRITON BRANDS SARATOGA SPRINGS QA LAB,,TNI01790,,SARATOGA SPRINGS,New York,,,env_labs,,,,,,,,
ENT-000158,1,env_labs_standardized.csv,bmh environmental lab llc dba Utility Testing Laboratory,,TNI02011,,Salt Lake City,Utah,,,env_labs,,,,,,,,
ENT-000159,1,env_labs_standardized.csv,Bonner Analytical Testing Co,,TNI02178,,Hattiesburg,Mississippi,,,env_labs,,,,,,,,
ENT-000160,1,env_labs_standardized.csv,"Box R Water Analysis Laboratory, L.L.C.",,TNI00200,,Prineville,Oregon,,,env_labs,,,,,,,,
ENT-000161,1,env_labs_standardized.csv,Brazoria County Health Department Water Laboratory,,TNI00111,,Angleton,Texas,,,env_labs,,,,,,,,
ENT-000162,1,env_labs_standardized.csv,Brazos River Authority Environmental Services Laboratory,,TNI00067,,Waco,Texas,,,env_labs,,,,,,,,
ENT-000163,1,env_labs_standardized.csv,Brevard County Utility Services Laboratory,,TNI00287,,Viera,Florida,,,env_labs,,,,,,,,
ENT-000164,1,env_labs_standardized.csv,Brigham City Laboratory,,TNI01962,,Brigham City,Utah,,,env_labs,,,,,,,,
ENT-000165,1,env_labs_standardized.csv,Brighton Analytical LLC,,TNI02024,,Brighton,Michigan,,,env_labs,,,,,,,,
ENT-000166,1,env_labs_standardized.csv,"Britebox Labs, Inc",,TNI02464,,Bend,Oregon,,,env_labs,,,,,,,,
ENT-000167,1,env_labs_standardized.csv,"Brooks Applied Labs, LLC",,TNI00288,,Seattle,Washington,,,env_labs,,,,,,,,
ENT-000168,1,env_labs_standardized.csv,Brothers Laboratory Services,,TNI03071,,Maryland Heights,Missouri,,,env_labs,,,,,,,,
ENT-000169,1,env_labs_standardized.csv,Broward County Environmental Monitoring Laboratory,,TNI00289,,Davie,Florida,,,env_labs,,,,,,,,
ENT-000170,1,env_labs_standardized.csv,Broward County Water and Wastewater Services Laboratory,,TNI00290,,Pompano Beach,Florida,,,env_labs,,,,,,,,
ENT-000171,1,env_labs_standardized.csv,Brownsville Public Utilities Board Analytical Laboratory,,TNI00135,,Brownsville,Texas,,,env_labs,,,,,,,,
ENT-000172,1,env_labs_standardized.csv,BSK Associates,,TNI02245,,Fresno,California,,,env_labs,,,,,,,,
ENT-000173,1,env_labs_standardized.csv,BSK Associates ?Vancouver,,TNI00194,,Vancouver,Washington,,,env_labs,,,,,,,,
ENT-000174,1,env_labs_standardized.csv,BSK-San Bernardino,,TNI02468,,San Bernardino,California,,,env_labs,,,,,,,,
ENT-000175,1,env_labs_standardized.csv,BUFFALO SEWER AUTHORITY,,TNI01449,,BUFFALO,New York,,,env_labs,,,,,,,,
ENT-000176,1,env_labs_standardized.csv,BUFFALO WATER AUTHORITY FILTRATION PLANT LABORATORY,,TNI01543,,BUFFALO,New York,,,env_labs,,,,,,,,
ENT-000177,1,env_labs_standardized.csv,Bureau of Agricultural Environmental Laboratories (BAEL),,TNI00293,,Tallahassee,Florida,,,env_labs,,,,,,,,
ENT-000178,1,env_labs_standardized.csv,Bureau Veritas Canada Inc,,TNI01292,,Mississauga,Ontario,,,env_labs,,,,,,,,
ENT-000179,1,env_labs_standardized.csv,"BUREAU VERITAS NORTH AMERICA, INC.",,TNI01741,,KENNESAW,Georgia,,,env_labs,,,,,,,,
ENT-000180,1,env_labs_standardized.csv,"Bureau Veritas North America, Inc.",,TNI02888,,Lake Zurich,Alabama,,,env_labs,,,,,,,,
ENT-000181,1,env_labs_standardized.csv,"Bureau Veritas North America, Inc.",,TNI02889,,Lake Zurich,Illinois,,,env_labs,,,,,,,,
ENT-000182,1,env_labs_standardized.csv,"Bureau Veritas North America, Inc.",,TNI00294,,Novi,Michigan,,,env_labs,,,,,,,,
ENT-000183,1,env_labs_standardized.csv,BWXT Lynchburg Technology Center,,TNI01267,,Lynchburg,Virginia,,,env_labs,,,,,,,,
ENT-000184,1,env_labs_standardized.csv,CALTEST ANALYTICAL LABORATORY,,TNI01211,,NAPA,California,,,env_labs,,,,,,,,
ENT-000185,1,env_labs_standardized.csv,Camp Rilea Laboratory,,TNI02228,,Warrenton,Oregon,,,env_labs,,,,,,,,
ENT-000186,1,env_labs_standardized.csv,CAMPFIELD RESERVOIR  FILTER PLANT,,TNI01593,,PEEKSKILL,New York,,,env_labs,,,,,,,,
ENT-000187,1,env_labs_standardized.csv,CANANDAIGUA WASTEWATER TREATMENT FACILITY,,TNI01586,,CANANDAIGUA,New York,,,env_labs,,,,,,,,
ENT-000188,1,env_labs_standardized.csv,CANANDAIGUA WATER TREATMENT PLANT,,TNI01622,,CANANDAIGUA,New York,,,env_labs,,,,,,,,
ENT-000189,1,env_labs_standardized.csv,CANISTEO WASTEWATER PLANT LAB,,TNI01432,,CANISTEO,New York,,,env_labs,,,,,,,,
ENT-000190,1,env_labs_standardized.csv,CANOBIE LAKE WATER TREATMENT PLANT LABORATORY,,TNI01028,,SALEM,New Hampshire,,,env_labs,,,,,,,,
ENT-000191,1,env_labs_standardized.csv,"Cape Fear Analytical, LLC",,TNI01963,,Wilmington,North Carolina,,,env_labs,,,,,,,,
ENT-000192,1,env_labs_standardized.csv,CAPITAL REGION ENVIRONMENTAL LABORATORY,,TNI01520,,RENSSELAER,New York,,,env_labs,,,,,,,,
ENT-000193,1,env_labs_standardized.csv,Capzer Pharmaceuticals,,TNI02210,,Lake Worth,Florida,,,env_labs,,,,,,,,
ENT-000194,1,env_labs_standardized.csv,Carbondale Central Laboratory,,TNI02547,,Carbondale,Illinois,,,env_labs,,,,,,,,
ENT-000195,1,env_labs_standardized.csv,Cardinal Laboratories,,TNI00162,,Hobbs,New Mexico,,,env_labs,,,,,,,,
ENT-000196,1,env_labs_standardized.csv,CATTARAUGUS COUNTY LABORATORY,,TNI01445,,OLEAN,New York,,,env_labs,,,,,,,,
ENT-000197,1,env_labs_standardized.csv,CCNY ENVIRONMENTAL LAB,,TNI01739,,NEW YORK,New York,,,env_labs,,,,,,,,
ENT-000198,1,env_labs_standardized.csv,CCWT - SOMAS NORTH,,TNI02517,,STONY BROOK,New York,,,env_labs,,,,,,,,
ENT-000199,1,env_labs_standardized.csv,CCWT - SOMAS SOUTH,,TNI02582,,SOUTHHAMPTON,New York,,,env_labs,,,,,,,,
ENT-000200,1,env_labs_standardized.csv,CCWT ENGINEERING,,TNI02518,,STONY BROOK,New York,,,env_labs,,,,,,,,
ENT-000201,1,env_labs_standardized.csv,Cedar City Regional Water Treatment Facility Laboratory,,TNI01964,,Cedar City,Utah,,,env_labs,,,,,,,,
ENT-000202,1,env_labs_standardized.csv,Center for Aquatic Chemistry and Environment - Nutrient Analysis Core Facility (CAChE-NACF),,TNI00569,,Miami,Florida,,,env_labs,,,,,,,,
ENT-000203,1,env_labs_standardized.csv,Central Davis Sewer District,,TNI01965,,Kaysville,Utah,,,env_labs,,,,,,,,
ENT-000204,1,env_labs_standardized.csv,Central Florida Tourism Oversight District Environmental Sciences,,TNI00545,,Lake Buena Vista,Florida,,,env_labs,,,,,,,,
ENT-000205,1,env_labs_standardized.csv,Central Florida Water Testing LLC DBA Plant Technicians,,TNI00539,,Leesburg,Florida,,,env_labs,,,,,,,,
ENT-000206,1,env_labs_standardized.csv,Central Utah Public Health Laboratory,,TNI01966,,Richfield,Utah,,,env_labs,,,,,,,,
ENT-000207,1,env_labs_standardized.csv,Central Valley Water Reclamation Facility,,TNI01967,,South Salt Lake,Utah,,,env_labs,,,,,,,,
ENT-000208,1,env_labs_standardized.csv,Central Water Testing Laboratory,,TNI01118,,Brainerd,Minnesota,,,env_labs,,,,,,,,
ENT-000209,1,env_labs_standardized.csv,Central Weber SID Laboratory,,TNI01968,,Ogden,Utah,,,env_labs,,,,,,,,
ENT-000210,1,env_labs_standardized.csv,"Ceres Analytical Laboratory, Inc.",,TNI02279,,El Dorado Hills,California,,,env_labs,,,,,,,,
ENT-000211,1,env_labs_standardized.csv,CERTIFIED ENVIRONMENTAL SERVICES INC,,TNI01669,,NORTH SYRACUSE,New York,,,env_labs,,,,,,,,
ENT-000212,1,env_labs_standardized.csv,CERTIFIED LABORATORIES LLC,,TNI01515,,MELVILLE,New York,,,env_labs,,,,,,,,
ENT-000213,1,env_labs_standardized.csv,Certified Labs of Florida,,TNI00296,,Melrose,Florida,,,env_labs,,,,,,,,
ENT-000214,1,env_labs_standardized.csv,CETCON Inc,,TNI02484,,Tulsa,Oklahoma,,,env_labs,,,,,,,,
ENT-000215,1,env_labs_standardized.csv,CHAMPLAIN WATER DISTRICT,,TNI01839,,SOUTH BURLINGTON,Vermont,,,env_labs,,,,,,,,
ENT-000216,1,env_labs_standardized.csv,Charlotte County Utilities - East Port Laboratory,,TNI00297,,Port Charlotte,Florida,,,env_labs,,,,,,,,
ENT-000217,1,env_labs_standardized.csv,CHARLOTTE WATER,,TNI02249,,CHARLOTTE,North Carolina,,,env_labs,,,,,,,,
ENT-000218,1,env_labs_standardized.csv,CHAUTAUQUA COUNTY HEALTH,,TNI01537,,MAYVILLE,New York,,,env_labs,,,,,,,,
ENT-000219,1,env_labs_standardized.csv,ChemHistory,,TNI02450,,Milwaukie,Oregon,,,env_labs,,,,,,,,
ENT-000220,1,env_labs_standardized.csv,"Chemtech-Ford, Inc.",,TNI01969,,Sandy,Utah,,,env_labs,,,,,,,,
ENT-000221,1,env_labs_standardized.csv,CHEMTEX,,TNI01199,,Sulphur,Louisiana,,,env_labs,,,,,,,,
ENT-000222,1,env_labs_standardized.csv,CHEMTEX - Corpus Christi,,TNI02560,,Corpus Christi,Texas,,,env_labs,,,,,,,,
ENT-000223,1,env_labs_standardized.csv,CHEMUNG CO ELMIRA SD,,TNI01650,,ELMIRA,New York,,,env_labs,,,,,,,,
ENT-000224,1,env_labs_standardized.csv,Chevron Salt Lake Refinery Environmental Laboratory,,TNI01970,,North Salt Lake,Utah,,,env_labs,,,,,,,,
ENT-000225,1,env_labs_standardized.csv,City of Abilene Environmental Laboratory,,TNI00102,,Abilene,Texas,,,env_labs,,,,,,,,
ENT-000226,1,env_labs_standardized.csv,City of Altamonte Springs Environmental Laboratory,,TNI00300,,Altamonte Springs,Florida,,,env_labs,,,,,,,,
ENT-000227,1,env_labs_standardized.csv,City of Amarillo Environmental Laboratory,,TNI00150,,Amarillo,Texas,,,env_labs,,,,,,,,
ENT-000228,1,env_labs_standardized.csv,City of Arlington Water Utilities Laboratory Services,,TNI00093,,Arlington,Texas,,,env_labs,,,,,,,,
ENT-000229,1,env_labs_standardized.csv,"City of Atlanta, Department of Watershed Management, Wastewater Laboratory",,TNI00302,,Atlanta,Georgia,,,env_labs,,,,,,,,
ENT-000230,1,env_labs_standardized.csv,City of Austin Water Utility Laboratory Services Division,,TNI00081,,Austin,Texas,,,env_labs,,,,,,,,
ENT-000231,1,env_labs_standardized.csv,City of Beaumont Water Production Laboratory,,TNI00120,,Beaumont,Texas,,,env_labs,,,,,,,,
ENT-000232,1,env_labs_standardized.csv,City of Bend Water Quality Laboratory,,TNI00204,,Bend,Oregon,,,env_labs,,,,,,,,
ENT-000233,1,env_labs_standardized.csv,City of Boca Raton Quality Control Laboratory,,TNI00303,,Boca Raton,Florida,,,env_labs,,,,,,,,
ENT-000234,1,env_labs_standardized.csv,City of Borger Water Plant Laboratory,,TNI00090,,Borger,Texas,,,env_labs,,,,,,,,
ENT-000235,1,env_labs_standardized.csv,City of Boynton Beach Utilities Department,,TNI00304,,Boynton Beach,Florida,,,env_labs,,,,,,,,
ENT-000236,1,env_labs_standardized.csv,City of Cape Canaveral Water Reclamation Plant,,TNI00306,,Cape Canaveral,Florida,,,env_labs,,,,,,,,
ENT-000237,1,env_labs_standardized.csv,City of Cape Coral ERD Laboratory,,TNI00307,,Cape Coral,Florida,,,env_labs,,,,,,,,
ENT-000238,1,env_labs_standardized.csv,"City of Chicago, Water Purification Laboratories",,TNI02026,,Chicago,Illinois,,,env_labs,,,,,,,,
ENT-000239,1,env_labs_standardized.csv,City of Clearwater Public Utilities Laboratory,,TNI00308,,Clearwater,Florida,,,env_labs,,,,,,,,
ENT-000240,1,env_labs_standardized.csv,City of Cocoa Beach Water Reclamation Laboratory,,TNI00309,,Cocoa Beach,Florida,,,env_labs,,,,,,,,
ENT-000241,1,env_labs_standardized.csv,City of Corpus Christi Water Utilities Laboratory,,TNI00159,,Corpus Christi,Texas,,,env_labs,,,,,,,,
ENT-000242,1,env_labs_standardized.csv,City of Corvallis Water Quality Laboratory,,TNI00206,,Corvallis,Oregon,,,env_labs,,,,,,,,
ENT-000243,1,env_labs_standardized.csv,City of Dallas Water Utilities Bachman Water Treatment Plant Laboratory,,TNI00088,,Dallas,Texas,,,env_labs,,,,,,,,
ENT-000244,1,env_labs_standardized.csv,City of Dallas Water Utilities Eastside Drinking Water Laboratory,,TNI00087,,Sunnyvale,Texas,,,env_labs,,,,,,,,
ENT-000245,1,env_labs_standardized.csv,City of Dallas Water Utilities Elm Fork Plant Laboratory,,TNI00086,,Carrolton,Texas,,,env_labs,,,,,,,,
ENT-000246,1,env_labs_standardized.csv,City of Daytona Beach Regulatory Compliance Laboratory,,TNI00310,,Daytona Beach,Florida,,,env_labs,,,,,,,,
ENT-000247,1,env_labs_standardized.csv,City of Deer Park Surface Water Treatment Plant Laboratory,,TNI00134,,Deer Park,Texas,,,env_labs,,,,,,,,
ENT-000248,1,env_labs_standardized.csv,City of Deerfield Beach Water Treatment Plant,,TNI00311,,Deerfield Beach,Florida,,,env_labs,,,,,,,,
ENT-000249,1,env_labs_standardized.csv,City of DeLand Environmental Services Laboratory,,TNI00312,,DeLand,Florida,,,env_labs,,,,,,,,
ENT-000250,1,env_labs_standardized.csv,City of Delray Beach Environmental Services Laboratory,,TNI00313,,Delray Beach,Florida,,,env_labs,,,,,,,,
ENT-000251,1,env_labs_standardized.csv,City of Denison Laboratory,,TNI00058,,Denison,Texas,,,env_labs,,,,,,,,
ENT-000252,1,env_labs_standardized.csv,City of Denton Municipal Laboratory,,TNI00155,,Denton,Texas,,,env_labs,,,,,,,,
ENT-000253,1,env_labs_standardized.csv,City of Duluth,,TNI01081,,Duluth,Minnesota,,,env_labs,,,,,,,,
ENT-000254,1,env_labs_standardized.csv,City of Eden Prairie Utilities Laboratory,,TNI01135,,Eden Prairie,Minnesota,,,env_labs,,,,,,,,
ENT-000255,1,env_labs_standardized.csv,City of Edgewater - Alan R. Thomas Water Treatment Plant,,TNI00314,,Edgewater,Florida,,,env_labs,,,,,,,,
ENT-000256,1,env_labs_standardized.csv,City of Edgewater Environmental Services Laboratory,,TNI00315,,Edgewater,Florida,,,env_labs,,,,,,,,
ENT-000257,1,env_labs_standardized.csv,City of El Paso Department of Public Health,,TNI00096,,El Paso,Texas,,,env_labs,,,,,,,,
ENT-000258,1,env_labs_standardized.csv,City of Eustis Wastewater Treatment Plant,,TNI00317,,Eustis,Florida,,,env_labs,,,,,,,,
ENT-000259,1,env_labs_standardized.csv,City of Fort Lauderdale Environmental Laboratory,,TNI00318,,Ft. Lauderdale,Florida,,,env_labs,,,,,,,,
ENT-000260,1,env_labs_standardized.csv,City of Garland Water Utility Laboratory,,TNI00151,,Garland,Texas,,,env_labs,,,,,,,,
ENT-000261,1,env_labs_standardized.csv,City of Graceville Wastewater Treatment Plant Laboratory,,TNI00322,,Graceville,Florida,,,env_labs,,,,,,,,
ENT-000262,1,env_labs_standardized.csv,City of Gresham WWTP Laboratory,,TNI02171,,Portland,Oregon,,,env_labs,,,,,,,,
ENT-000263,1,env_labs_standardized.csv,City of Harlingen Waterworks System,,TNI00101,,Harlingen,Texas,,,env_labs,,,,,,,,
ENT-000264,1,env_labs_standardized.csv,City of Holly Hill Water & Wastewater Treatment Plant Laboratory,,TNI00323,,Holly Hill,Florida,,,env_labs,,,,,,,,
ENT-000265,1,env_labs_standardized.csv,City of Hollywood Utilities Laboratory,,TNI00324,,Hollywood,Florida,,,env_labs,,,,,,,,
ENT-000266,1,env_labs_standardized.csv,City of Houston - Drinking Water Regulatory Compliance Laboratory,,TNI00066,,Houston,Texas,,,env_labs,,,,,,,,
ENT-000267,1,env_labs_standardized.csv,"City of Houston Health Department, Bureau of Laboratory Services",,TNI00046,,Houston,Texas,,,env_labs,,,,,,,,
ENT-000268,1,env_labs_standardized.csv,"City of Houston, Wastewater Operations Laboratory",,TNI02257,,Houston,Texas,,,env_labs,,,,,,,,
ENT-000269,1,env_labs_standardized.csv,City of Huntsville Parker Creek Laboratory,,TNI00099,,Huntsville,Texas,,,env_labs,,,,,,,,
ENT-000270,1,env_labs_standardized.csv,CITY OF ITHACA WATER TREATMENT PLANT LABORATORY,,TNI01789,,ITHACA,New York,,,env_labs,,,,,,,,
ENT-000271,1,env_labs_standardized.csv,"City of Jacksonville, EQD Lab",,TNI00396,,Jacksonville,Florida,,,env_labs,,,,,,,,
ENT-000272,1,env_labs_standardized.csv,City of Kerrville Laboratory,,TNI00095,,Kerrville,Texas,,,env_labs,,,,,,,,
ENT-000273,1,env_labs_standardized.csv,City of Key West WWTP Laboratory,,TNI00325,,Key West,Florida,,,env_labs,,,,,,,,
ENT-000274,1,env_labs_standardized.csv,City of Lake Worth Beach Water Treatment Plant Laboratory,,TNI00326,,Lake Worth,Florida,,,env_labs,,,,,,,,
ENT-000275,1,env_labs_standardized.csv,City of Lakeland -Thomas B. Williams Water Treatment Plant,,TNI00328,,Lakeland,Florida,,,env_labs,,,,,,,,
ENT-000276,1,env_labs_standardized.csv,City of Lakeland Wastewater Treatment Plant - Glendale,,TNI00329,,Lakeland,Florida,,,env_labs,,,,,,,,
ENT-000277,1,env_labs_standardized.csv,City of Laredo Public Health Department Laboratory,,TNI00145,,Laredo,Texas,,,env_labs,,,,,,,,
ENT-000278,1,env_labs_standardized.csv,City of Largo Wastewater Treatment Plant,,TNI00330,,Clearwater,Florida,,,env_labs,,,,,,,,
ENT-000279,1,env_labs_standardized.csv,City of Lewisville Environmental Control Services Laboratory,,TNI00129,,Lewisville,Texas,,,env_labs,,,,,,,,
ENT-000280,1,env_labs_standardized.csv,City of Lubbock Water Treatment Plant Laboratory,,TNI00153,,Lubbock,Texas,,,env_labs,,,,,,,,
ENT-000281,1,env_labs_standardized.csv,City of Margate Utilities,,TNI00332,,Margate,Florida,,,env_labs,,,,,,,,
ENT-000282,1,env_labs_standardized.csv,City of McAllen Central Laboratory,,TNI00133,,McAllen,Texas,,,env_labs,,,,,,,,
ENT-000283,1,env_labs_standardized.csv,City of Melbourne Wastewater Treatment Compliance Monitoring Laboratory,,TNI00333,,Melbourne,Florida,,,env_labs,,,,,,,,
ENT-000284,1,env_labs_standardized.csv,City of Melbourne Water Treatment Plant Laboratory,,TNI00334,,Melbourne,Florida,,,env_labs,,,,,,,,
ENT-000285,1,env_labs_standardized.csv,City of Midland Utilities Laboratory,,TNI02185,,Midland,Texas,,,env_labs,,,,,,,,
ENT-000286,1,env_labs_standardized.csv,City of Naples Central Laboratory,,TNI00336,,Naples,Florida,,,env_labs,,,,,,,,
ENT-000287,1,env_labs_standardized.csv,City of New Port Richey Wastewater Treatment Plant,,TNI00337,,New Port Richey,Florida,,,env_labs,,,,,,,,
ENT-000288,1,env_labs_standardized.csv,City of North Miami Beach Quality Control Laboratory,,TNI00338,,Miami,Florida,,,env_labs,,,,,,,,
ENT-000289,1,env_labs_standardized.csv,City of North Miami Water Treatment Plant,,TNI00339,,North Miami,Florida,,,env_labs,,,,,,,,
ENT-000290,1,env_labs_standardized.csv,City of Ocala Water Quality Laboratory,,TNI00340,,Ocala,Florida,,,env_labs,,,,,,,,
ENT-000291,1,env_labs_standardized.csv,City of Odessa Laboratory Services,,TNI00141,,Odessa,Texas,,,env_labs,,,,,,,,
ENT-000292,1,env_labs_standardized.csv,"City of Orlando, Environmental Laboratory Services",,TNI00342,,Oviedo,Florida,,,env_labs,,,,,,,,
ENT-000293,1,env_labs_standardized.csv,City of Ormond Beach WRF Laboratory,,TNI02832,,Ormond Beach,Florida,,,env_labs,,,,,,,,
ENT-000294,1,env_labs_standardized.csv,City of Panama City Area Environmental Laboratory,,TNI00345,,Panama City,Florida,,,env_labs,,,,,,,,
ENT-000295,1,env_labs_standardized.csv,City of Pharr Water Laboratory,,TNI00152,,Pharr,Texas,,,env_labs,,,,,,,,
ENT-000296,1,env_labs_standardized.csv,City of Phoenix Water Quality Laboratory,,TNI00207,,Phoenix,Arizona,,,env_labs,,,,,,,,
ENT-000297,1,env_labs_standardized.csv,City of Phoenix Water Services Laboratory,,TNI02723,,Phoenix,Arizona,,,env_labs,,,,,,,,
ENT-000298,1,env_labs_standardized.csv,City of Plantation Utilities Department Laboratory,,TNI00347,,Plantation,Florida,,,env_labs,,,,,,,,
ENT-000299,1,env_labs_standardized.csv,City of Pompano Beach Utilities Laboratory,,TNI00348,,Pompano Beach,Florida,,,env_labs,,,,,,,,
ENT-000300,1,env_labs_standardized.csv,City of Port Arthur Water Purification Plant Laboratory,,TNI00121,,Port Arthur,Texas,,,env_labs,,,,,,,,
ENT-000301,1,env_labs_standardized.csv,City of Port Orange Central Lab,,TNI00349,,Port Orange,Florida,,,env_labs,,,,,,,,
ENT-000302,1,env_labs_standardized.csv,City of Port St. Lucie Utility Systems Department,,TNI00350,,Port St. Lucie,Florida,,,env_labs,,,,,,,,
ENT-000303,1,env_labs_standardized.csv,City of Portland Water Pollution Control Laboratory,,TNI02276,,Portland,Oregon,,,env_labs,,,,,,,,
ENT-000304,1,env_labs_standardized.csv,City of Punta Gorda Water Treatment Plant,,TNI00351,,Punta Gorda,Florida,,,env_labs,,,,,,,,
ENT-000305,1,env_labs_standardized.csv,City of Round Rock Environmental Services Laboratory,,TNI00108,,Round Rock,Texas,,,env_labs,,,,,,,,
ENT-000306,1,env_labs_standardized.csv,CITY OF RUTLAND WATER LABORATORY,,TNI01030,,RUTLAND,Vermont,,,env_labs,,,,,,,,
ENT-000307,1,env_labs_standardized.csv,City of San Angelo Water Quality Laboratory,,TNI00114,,San Angelo,Texas,,,env_labs,,,,,,,,
ENT-000308,1,env_labs_standardized.csv,City of Sarasota Wastewater Treatment Plant Laboratory,,TNI00352,,Sarasota,Florida,,,env_labs,,,,,,,,
ENT-000309,1,env_labs_standardized.csv,City of Sherman Utilities Laboratory,,TNI00072,,Sherman,Texas,,,env_labs,,,,,,,,
ENT-000310,1,env_labs_standardized.csv,City of St. Augustine Water Pollution Control Laboratory,,TNI00353,,St. Augustine,Florida,,,env_labs,,,,,,,,
ENT-000311,1,env_labs_standardized.csv,City of Sunrise Utilities Laboratory,,TNI00354,,Sunrise,Florida,,,env_labs,,,,,,,,
ENT-000312,1,env_labs_standardized.csv,City of Tallahassee Water Quality Laboratory,,TNI00355,,Tallahassee,Florida,,,env_labs,,,,,,,,
ENT-000313,1,env_labs_standardized.csv,City of Tampa Water Quality Laboratory,,TNI00357,,Tampa,Florida,,,env_labs,,,,,,,,
ENT-000314,1,env_labs_standardized.csv,City of Tavares Wastewater Utilities Laboratory,,TNI00358,,Tavares,Florida,,,env_labs,,,,,,,,
ENT-000315,1,env_labs_standardized.csv,City of Texarkana Water Utilities Laboratory,,TNI00123,,Texarkana,Texas,,,env_labs,,,,,,,,
ENT-000316,1,env_labs_standardized.csv,City of The Dalles Water Quality Lab,,TNI00208,,The Dalles,Oregon,,,env_labs,,,,,,,,
ENT-000317,1,env_labs_standardized.csv,City of Titusville - Laboratory Services,,TNI00359,,Titusville,Florida,,,env_labs,,,,,,,,
ENT-000318,1,env_labs_standardized.csv,City of Waco Regional Water Quality Laboratory,,TNI00170,,Waco,Texas,,,env_labs,,,,,,,,
ENT-000319,1,env_labs_standardized.csv,City of West Palm Beach East Central Wastewater Plant,,TNI00361,,West Palm Beach,Florida,,,env_labs,,,,,,,,
ENT-000320,1,env_labs_standardized.csv,City of West Palm Beach Public Utilities Water Laboratory,,TNI00362,,West Palm Beach,Florida,,,env_labs,,,,,,,,
ENT-000321,1,env_labs_standardized.csv,City of Wichita Falls Cypress Environmental Laboratory,,TNI00158,,Wichita Falls,Texas,,,env_labs,,,,,,,,
ENT-000322,1,env_labs_standardized.csv,City of Winter Park Central Utilities Laboratory,,TNI00364,,Winter Park,Florida,,,env_labs,,,,,,,,
ENT-000323,1,env_labs_standardized.csv,City of Woodburn,,TNI02229,,Woodburn,Oregon,,,env_labs,,,,,,,,
ENT-000324,1,env_labs_standardized.csv,"CITY OF YONKERS, BUREAU OF WATER'S LABORATORY",,TNI01463,,YONKERS,New York,,,env_labs,,,,,,,,
ENT-000325,1,env_labs_standardized.csv,Clackamas River Water Drinking Water Quality Laboratory,,TNI00210,,Clackamas,Oregon,,,env_labs,,,,,,,,
ENT-000326,1,env_labs_standardized.csv,Clackamas Water Environment Services-Water Quality Laboratory,,TNI00209,,Oregon City,Oregon,,,env_labs,,,,,,,,
ENT-000327,1,env_labs_standardized.csv,Clay County Utility Authority Environmental Laboratory,,TNI02953,,Middleburg,Florida,,,env_labs,,,,,,,,
ENT-000328,1,env_labs_standardized.csv,"Clean Air Engineering, Inc.",,TNI00173,,Palatine,Illinois,,,env_labs,,,,,,,,
ENT-000329,1,env_labs_standardized.csv,"Clean Harbors Aragonite, LLC",,TNI01971,,Dugway,Utah,,,env_labs,,,,,,,,
ENT-000330,1,env_labs_standardized.csv,CLEAN HARBORS EAST CORPORATE LABORATORY,,TNI02789,,BALTIMORE,Maryland,,,env_labs,,,,,,,,
ENT-000331,1,env_labs_standardized.csv,"Clean Harbors Environmental Services, Inc.",,TNI01972,,Kimball,Nebraska,,,env_labs,,,,,,,,
ENT-000332,1,env_labs_standardized.csv,"Clean Harbors Grassy Mountain, LLC",,TNI01973,,Clive,Utah,,,env_labs,,,,,,,,
ENT-000333,1,env_labs_standardized.csv,Cloquet Water Laboratory c/o Cloquet City Hall,,TNI01155,,Duluth,Minnesota,,,env_labs,,,,,,,,
ENT-000334,1,env_labs_standardized.csv,"CNS, LLC Y-12 Analytical Chemistry Organization Laboratory",,TNI01960,,Oak Ridge,Tennessee,,,env_labs,,,,,,,,
ENT-000335,1,env_labs_standardized.csv,"Coastal Bioanalysts, Inc.",,TNI01257,,Gloucester,Virginia,,,env_labs,,,,,,,,
ENT-000336,1,env_labs_standardized.csv,Collier County Pollution Control and Prevention Department Laboratory,,TNI00366,,Naples,Florida,,,env_labs,,,,,,,,
ENT-000337,1,env_labs_standardized.csv,Collier County Regional Water Plant Laboratory,,TNI00367,,Naples,Florida,,,env_labs,,,,,,,,
ENT-000338,1,env_labs_standardized.csv,Collier County Water Reclamation Laboratory,,TNI00368,,Naples,Florida,,,env_labs,,,,,,,,
ENT-000339,1,env_labs_standardized.csv,Columbia Laboratories - Portland,,TNI02840,,Portland,Oregon,,,env_labs,,,,,,,,
ENT-000340,1,env_labs_standardized.csv,Columbia Laboratories Inc.,,TNI00227,,Portland,Oregon,,,env_labs,,,,,,,,
ENT-000341,1,env_labs_standardized.csv,"COMMUNITY SCIENCE INSTITUTE, INC.",,TNI01779,,ITHACA,New York,,,env_labs,,,,,,,,
ENT-000342,1,env_labs_standardized.csv,Compass Minerals,,TNI01919,,Lyons,Kansas,,,env_labs,,,,,,,,
ENT-000343,1,env_labs_standardized.csv,COMPLETE ENVIRONMENTAL TESTING INC,,TNI00373,,STRATFORD,Connecticut,,,env_labs,,,,,,,,
ENT-000344,1,env_labs_standardized.csv,CON ED CO OF NY - EH&S CHEMLAB,,TNI01528,,LONG ISLAND CITY,New York,,,env_labs,,,,,,,,
ENT-000345,1,env_labs_standardized.csv,CONCORD WATER TREATMENT PLANT LABORATORY,,TNI01033,,CONCORD,New Hampshire,,,env_labs,,,,,,,,
ENT-000346,1,env_labs_standardized.csv,CONSOLIDATED LABORATORIES,,TNI01475,,OSWEGO,New York,,,env_labs,,,,,,,,
ENT-000347,1,env_labs_standardized.csv,Continental Water Laboratory,,TNI01214,,Sacramento,California,,,env_labs,,,,,,,,
ENT-000348,1,env_labs_standardized.csv,CONVERSE LABORATORIES INC,,TNI01594,,WATERTOWN,New York,,,env_labs,,,,,,,,
ENT-000349,1,env_labs_standardized.csv,Coos Bay-North Bend Water Board,,TNI00212,,Coos Bay,Oregon,,,env_labs,,,,,,,,
ENT-000350,1,env_labs_standardized.csv,"Core Laboratories, LP",,TNI02258,,Deer Park,Texas,,,env_labs,,,,,,,,
ENT-000351,1,env_labs_standardized.csv,Cornwell Engineering Group Laboratory,,TNI01753,,Newport News,Virginia,,,env_labs,,,,,,,,
ENT-000352,1,env_labs_standardized.csv,Corpus Christi - Nueces County Public Health District Laboratory,,TNI00117,,Corpus Christi,Texas,,,env_labs,,,,,,,,
ENT-000353,1,env_labs_standardized.csv,"Cove Environmental, LLC.",,TNI02371,,Stillwater,Oklahoma,,,env_labs,,,,,,,,
ENT-000354,1,env_labs_standardized.csv,"Crisp Analytical Labs, LLC",,TNI02238,,Carrollton,Texas,,,env_labs,,,,,,,,
ENT-000355,1,env_labs_standardized.csv,"CS Laboratories, Inc.",,TNI02471,,Tigard,Oregon,,,env_labs,,,,,,,,
ENT-000356,1,env_labs_standardized.csv,"CSRA Analytical Laboratories, Inc.",,TNI00375,,Augusta,Georgia,,,env_labs,,,,,,,,
ENT-000357,1,env_labs_standardized.csv,CT Laboratories LLC,,TNI02181,,Baraboo,Wisconsin,,,env_labs,,,,,,,,
ENT-000358,1,env_labs_standardized.csv,Culligan Analytical Laboratory,,TNI02028,,Rosemont,Illinois,,,env_labs,,,,,,,,
ENT-000359,1,env_labs_standardized.csv,CWM CHEMICAL SERVICES LLC,,TNI01685,,MODEL CITY,New York,,,env_labs,,,,,,,,
ENT-000360,1,env_labs_standardized.csv,Dallas County Park Cities Municipal Utility District,,TNI00166,,Dallas,Texas,,,env_labs,,,,,,,,
ENT-000361,1,env_labs_standardized.csv,Dallas Water Utilities - PALS Analytical Laboratory,,TNI02368,,Dallas,Texas,,,env_labs,,,,,,,,
ENT-000362,1,env_labs_standardized.csv,DARRIN FRESH WATER INSTITUTE,,TNI01596,,BOLTON LANDING,New York,,,env_labs,,,,,,,,
ENT-000363,1,env_labs_standardized.csv,Davis County Environmental Health Laboratory,,TNI01975,,Clearfield,Utah,,,env_labs,,,,,,,,
ENT-000364,1,env_labs_standardized.csv,Davy Laboratories,,TNI01089,,La Crosse,Wisconsin,,,env_labs,,,,,,,,
ENT-000365,1,env_labs_standardized.csv,"DB Environmental Laboratories, Inc.",,TNI00379,,Rockledge,Florida,,,env_labs,,,,,,,,
ENT-000366,1,env_labs_standardized.csv,"Deibel BioScience of Oregon, LLC",,TNI02463,,Hood River,Oregon,,,env_labs,,,,,,,,
ENT-000367,1,env_labs_standardized.csv,Delaware State University Water Analysis Group,,TNI02697,,Dover,Delaware,,,env_labs,,,,,,,,
ENT-000368,1,env_labs_standardized.csv,"Department of Water Supply, County of Maui",,TNI01216,,Kahului,Hawaii,,,env_labs,,,,,,,,
ENT-000369,1,env_labs_standardized.csv,Derby Municipal Wastewater Laboratory,,TNI01888,,Derby,Kansas,,,env_labs,,,,,,,,
ENT-000370,1,env_labs_standardized.csv,DERRY WASTEWATER TREATMENT PLANT,,TNI01034,,DERRY,New Hampshire,,,env_labs,,,,,,,,
ENT-000371,1,env_labs_standardized.csv,Desert Research Institute - Environmental Analysis Facility,,TNI00062,,Reno,Nevada,,,env_labs,,,,,,,,
ENT-000372,1,env_labs_standardized.csv,"Destin Water Users, Inc.",,TNI00380,,Destin,Florida,,,env_labs,,,,,,,,
ENT-000373,1,env_labs_standardized.csv,DFW Environmental Laboratories,,TNI02714,,Carrollton,Texas,,,env_labs,,,,,,,,
ENT-000374,1,env_labs_standardized.csv,DIST WATER QUAL OPS NYCDEP DISTRIBUTION LAB,,TNI01602,,CORONA,New York,,,env_labs,,,,,,,,
ENT-000375,1,env_labs_standardized.csv,"Diversified Environmental Laboratories, Inc.",,TNI00381,,Jacksonville,Florida,,,env_labs,,,,,,,,
ENT-000376,1,env_labs_standardized.csv,Division of Consolidated Laboratory Services,,TNI01359,,Richmond,Virginia,,,env_labs,,,,,,,,
ENT-000377,1,env_labs_standardized.csv,Dodge City Municipal Wastewater Laboratory,,TNI01889,,Dodge City,Kansas,,,env_labs,,,,,,,,
ENT-000378,1,env_labs_standardized.csv,DOH-EPH Orange Water Testing Laboratory,,TNI02901,,Orlando,Florida,,,env_labs,,,,,,,,
ENT-000379,1,env_labs_standardized.csv,Don A. Christiansen Regional Water Treatment Plant Laboratory,,TNI02010,,Orem,Utah,,,env_labs,,,,,,,,
ENT-000380,1,env_labs_standardized.csv,Dr. Roy L. Virgin West Water Treatment Lab,,TNI00335,,Miramar,Florida,,,env_labs,,,,,,,,
ENT-000381,1,env_labs_standardized.csv,Drinking Water and Radiation Laboratory,,TNI02708,,Richmond,California,,,env_labs,,,,,,,,
ENT-000382,1,env_labs_standardized.csv,Duchesne Valley Water Treatment Plant Laboratory,,TNI01976,,Duchesne,Utah,,,env_labs,,,,,,,,
ENT-000383,1,env_labs_standardized.csv,Duke Energy Analytical Laboratory,,TNI03053,,Huntersville,North Carolina,,,env_labs,,,,,,,,
ENT-000384,1,env_labs_standardized.csv,DUNKIRK WATER TREATMENT PLANT LAB,,TNI01482,,DUNKIRK,New York,,,env_labs,,,,,,,,
ENT-000385,1,env_labs_standardized.csv,DUNKIRK WWTP LAB,,TNI01462,,DUNKIRK,New York,,,env_labs,,,,,,,,
ENT-000386,1,env_labs_standardized.csv,DUNN PAPER - NATURAL DAM INC.,,TNI01458,,GOUVERNEUR,New York,,,env_labs,,,,,,,,
ENT-000387,1,env_labs_standardized.csv,DUREZ CORPORATION - NIAGARA FALLS PLANT,,TNI01836,,NIAGARA FALLS,New York,,,env_labs,,,,,,,,
ENT-000388,1,env_labs_standardized.csv,"EA Engineering, Science, and Technology - Ecotoxicology Laboratory",,TNI00383,,Hunt Valley,Maryland,,,env_labs,,,,,,,,
ENT-000389,1,env_labs_standardized.csv,"Earth Analytical Sciences, Inc.",,TNI00078,,Beaumont,Texas,,,env_labs,,,,,,,,
ENT-000390,1,env_labs_standardized.csv,EAS INC - EASTERN ANALYTICAL SERVICES INC,,TNI01614,,ELMSFORD,New York,,,env_labs,,,,,,,,
ENT-000391,1,env_labs_standardized.csv,EASI LLC,,TNI01382,,Kenner,Louisiana,,,env_labs,,,,,,,,
ENT-000392,1,env_labs_standardized.csv,"Eastern Research Group, Inc.",,TNI00384,,Morrisville,North Carolina,,,env_labs,,,,,,,,
ENT-000393,1,env_labs_standardized.csv,"Eastex Environmental Laboratory, Inc. - Coldspring",,TNI00065,,Coldspring,Texas,,,env_labs,,,,,,,,
ENT-000394,1,env_labs_standardized.csv,"Eastex Environmental Laboratory, Nacogdoches",,TNI00098,,Nacogdoches,Texas,,,env_labs,,,,,,,,
ENT-000395,1,env_labs_standardized.csv,"Eastman Chemical Company, Environmental Laboratory, Texas Operations",,TNI03078,,Longview,Texas,,,env_labs,,,,,,,,
ENT-000396,1,env_labs_standardized.csv,Eberline Analytical Corporation,,TNI01978,,Oak Ridge,Tennessee,,,env_labs,,,,,,,,
ENT-000397,1,env_labs_standardized.csv,ECOBAT RESOURCES NY QUALITY CONTROL LABORATORY,,TNI02394,,MIDDLETOWN,New York,,,env_labs,,,,,,,,
ENT-000398,1,env_labs_standardized.csv,Ecolytix Environmental Laboratory,,TNI03011,,Stuart,Florida,,,env_labs,,,,,,,,
ENT-000399,1,env_labs_standardized.csv,Ecosystems Research Inst Laboratory,,TNI02002,,Logan,Utah,,,env_labs,,,,,,,,
ENT-000400,1,env_labs_standardized.csv,"EDEN LABORATORY, INC",,TNI02978,,SCHENECTADY,New York,,,env_labs,,,,,,,,
ENT-000401,1,env_labs_standardized.csv,Edwards Aquifer Research and Data Center,,TNI00165,,San Marcos,Texas,,,env_labs,,,,,,,,
ENT-000402,1,env_labs_standardized.csv,El Dorado Wetlands & Water Reclamation Facility,,TNI01892,,El Dorado,Kansas,,,env_labs,,,,,,,,
ENT-000403,1,env_labs_standardized.csv,"Element Materials Technology Fort Wayne, LLC",,TNI02688,,Fort Wayne,Indiana,,,env_labs,,,,,,,,
ENT-000404,1,env_labs_standardized.csv,Element Materials Technology Houston LLC,,TNI00169,,Houston,Texas,,,env_labs,,,,,,,,
ENT-000405,1,env_labs_standardized.csv,Element Materials Technology Lafayette LLC,,TNI01402,,Lafayette,Louisiana,,,env_labs,,,,,,,,
ENT-000406,1,env_labs_standardized.csv,Elevation Diagnostics,,TNI02762,,Aurora,Colorado,,,env_labs,,,,,,,,
ENT-000407,1,env_labs_standardized.csv,ELMA (T) SEWER DISTRICTS-ROLLING GREEN LANE,,TNI01512,,ELMA,New York,,,env_labs,,,,,,,,
ENT-000408,1,env_labs_standardized.csv,ELMIRA WATER BOARD,,TNI01734,,ELMIRA,New York,,,env_labs,,,,,,,,
ENT-000409,1,env_labs_standardized.csv,"EMAX Laboratories, Inc.",,TNI01219,,Torrance,California,,,env_labs,,,,,,,,
ENT-000410,1,env_labs_standardized.csv,Emerald Coast Utilities Authority,,TNI00387,,Pensacola,Florida,,,env_labs,,,,,,,,
ENT-000411,1,env_labs_standardized.csv,"Emerald Transformer PPM, LLC",,TNI01887,,Coffeyville,Kansas,,,env_labs,,,,,,,,
ENT-000412,1,env_labs_standardized.csv,Emporia Municipal Wastewater Laboratory,,TNI01894,,Emporia,Kansas,,,env_labs,,,,,,,,
ENT-000413,1,env_labs_standardized.csv,EMSL ANALYTICAL INC,,TNI01273,,CINNAMINSON,New Jersey,,,env_labs,,,,,,,,
ENT-000414,1,env_labs_standardized.csv,EMSL ANALYTICAL INC,,TNI01732,,DEPEW,New York,,,env_labs,,,,,,,,
ENT-000415,1,env_labs_standardized.csv,EMSL ANALYTICAL INC,,TNI01282,,PISCATAWAY TWP,New Jersey,,,env_labs,,,,,,,,
ENT-000416,1,env_labs_standardized.csv,"EMSL ANALYTICAL, INC",,TNI01331,,LONG ISLAND CITY,New York,,,env_labs,,,,,,,,
ENT-000417,1,env_labs_standardized.csv,"EMSL ANALYTICAL, INC.",,TNI01706,,CARLE PLACE,New York,,,env_labs,,,,,,,,
ENT-000418,1,env_labs_standardized.csv,"EMSL Analytical, Inc.",,TNI02704,,Indianapolis,Indiana,,,env_labs,,,,,,,,
ENT-000419,1,env_labs_standardized.csv,"EMSL ANALYTICAL, INC.",,TNI02516,,MERIDEN,Connecticut,,,env_labs,,,,,,,,
ENT-000420,1,env_labs_standardized.csv,"EMSL Analytical, Inc.",,TNI02497,,New Hope,Minnesota,,,env_labs,,,,,,,,
ENT-000421,1,env_labs_standardized.csv,"EMSL ANALYTICAL, INC.",,TNI02584,,ROCHESTER,New York,,,env_labs,,,,,,,,
ENT-000422,1,env_labs_standardized.csv,"EMSL Analytical, Inc.",,TNI02793,,St. Louis,Missouri,,,env_labs,,,,,,,,
ENT-000423,1,env_labs_standardized.csv,"EMSL Analytical, Inc. - FL",,TNI00389,,North Miami Beach,Florida,,,env_labs,,,,,,,,
ENT-000424,1,env_labs_standardized.csv,"EMSL Analytical, Inc. - Houston",,TNI00154,,Houston,Texas,,,env_labs,,,,,,,,
ENT-000425,1,env_labs_standardized.csv,"EMSL Analytical, Inc. - Indianapolis",,TNI02705,,Indianapolis,Indiana,,,env_labs,,,,,,,,
ENT-000426,1,env_labs_standardized.csv,"EMSL Analytical, Inc. - Orlando",,TNI00390,,Orlando,Florida,,,env_labs,,,,,,,,
ENT-000427,1,env_labs_standardized.csv,ENDICOTT WASTEWATER TREATMENT,,TNI01551,,ENDICOTT,New York,,,env_labs,,,,,,,,
ENT-000428,1,env_labs_standardized.csv,ENDYNE INC (#2037),,TNI01038,,LEBANON,New Hampshire,,,env_labs,,,,,,,,
ENT-000429,1,env_labs_standardized.csv,ENDYNE INC WILLISTON VT,,TNI01671,,WILLISTON,Vermont,,,env_labs,,,,,,,,
ENT-000430,1,env_labs_standardized.csv,"ENDYNE, INC",,TNI01831,,LAKE GEORGE,New York,,,env_labs,,,,,,,,
ENT-000431,1,env_labs_standardized.csv,Energy Laboratories Inc.,,TNI00391,,Casper,Wyoming,,,env_labs,,,,,,,,
ENT-000432,1,env_labs_standardized.csv,"Energy Laboratories, Inc. - MT",,TNI00393,,Billings,Montana,,,env_labs,,,,,,,,
ENT-000433,1,env_labs_standardized.csv,"Engel Water Testing, Inc.",,TNI01073,,Minnetrista,Minnesota,,,env_labs,,,,,,,,
ENT-000434,1,env_labs_standardized.csv,Englewood Water District,,TNI00316,,Englewood,Florida,,,env_labs,,,,,,,,
ENT-000435,1,env_labs_standardized.csv,"Entech Engineering, Inc.",,TNI00115,,League City,Texas,,,env_labs,,,,,,,,
ENT-000436,1,env_labs_standardized.csv,Enthalpy Analtytical LLC,,TNI01387,,Durham,North Carolina,,,env_labs,,,,,,,,
ENT-000437,1,env_labs_standardized.csv,Enthalpy Analytical LLC,,TNI02486,,Wilmington,North Carolina,,,env_labs,,,,,,,,
ENT-000438,1,env_labs_standardized.csv,ENVIRO TESTING/KEYSTONE MATERIAL TESTING (LLC),,TNI01690,,BINGHAMTON,New York,,,env_labs,,,,,,,,
ENT-000439,1,env_labs_standardized.csv,"Envirodyne Laboratories, Inc.",,TNI00056,,Stafford,Texas,,,env_labs,,,,,,,,
ENT-000440,1,env_labs_standardized.csv,Environmental  Sciences And Toxicology Laboratory,,TNI01431,,New York,New York,,,env_labs,,,,,,,,
ENT-000441,1,env_labs_standardized.csv,Environmental Analytical Service,,TNI02440,,San Luis Obispo,California,,,env_labs,,,,,,,,
ENT-000442,1,env_labs_standardized.csv,"ENVIRONMENTAL BUILDING SOLUTIONS, LLC",,TNI01820,,NEW YORK,New York,,,env_labs,,,,,,,,
ENT-000443,1,env_labs_standardized.csv,Environmental Enterprises USA Inc,,TNI01386,,Slidell,Louisiana,,,env_labs,,,,,,,,
ENT-000444,1,env_labs_standardized.csv,"Environmental Hazards Services, L L C",,TNI01759,,Richmond,Virginia,,,env_labs,,,,,,,,
ENT-000445,1,env_labs_standardized.csv,ENVIRONMENTAL LABWORKS  INC,,TNI01612,,MARLBORO,New York,,,env_labs,,,,,,,,
ENT-000446,1,env_labs_standardized.csv,"Environmental Monitoring Laboratory, LLC",,TNI00042,,Hillsboro,Texas,,,env_labs,,,,,,,,
ENT-000447,1,env_labs_standardized.csv,"Environmental Monitoring, Inc.",,TNI01263,,Norton,Virginia,,,env_labs,,,,,,,,
ENT-000448,1,env_labs_standardized.csv,"Environmental Quality Laboratories, Inc. - PR",,TNI00402,,Bayamon,Puerto Rico,,,env_labs,,,,,,,,
ENT-000449,1,env_labs_standardized.csv,ENVIRONMENTAL QUALITY TESTING LABORATORY,,TNI02401,,WASHINGTON,District of Columbia,,,env_labs,,,,,,,,
ENT-000450,1,env_labs_standardized.csv,Environmental Reagent Service,,TNI00403,,Ft. Lauderdale,Florida,,,env_labs,,,,,,,,
ENT-000451,1,env_labs_standardized.csv,Environmental Resource Analysts - AL,,TNI00405,,Auburn,Alabama,,,env_labs,,,,,,,,
ENT-000452,1,env_labs_standardized.csv,Environmental Services Company Inc,,TNI02498,,Little Rock,Arkansas,,,env_labs,,,,,,,,
ENT-000453,1,env_labs_standardized.csv,"Environmental Systems Service, LTD.- Culpeper",,TNI01246,,Culpeper,Virginia,,,env_labs,,,,,,,,
ENT-000454,1,env_labs_standardized.csv,"Environmental Testing Group, Inc.",,TNI00407,,Bentonville,Arkansas,,,env_labs,,,,,,,,
ENT-000455,1,env_labs_standardized.csv,"Environmental Testing Laboratories, Inc.",,TNI00408,,Thomasville,Georgia,,,env_labs,,,,,,,,
ENT-000456,1,env_labs_standardized.csv,"ENVIROSCIENCE CONSULTANTS, LLC",,TNI01749,,RONKONKOMA,New York,,,env_labs,,,,,,,,
ENT-000457,1,env_labs_standardized.csv,ENVIROSCIENCE INC.,,TNI02792,,STOW,Ohio,,,env_labs,,,,,,,,
ENT-000458,1,env_labs_standardized.csv,Envirosource Corp. dba Green Analytical Laboratories,,TNI02259,,Durango,Colorado,,,env_labs,,,,,,,,
ENT-000459,1,env_labs_standardized.csv,"Envirotech, Inc.",,TNI02505,,Farmington,New Mexico,,,env_labs,,,,,,,,
ENT-000460,1,env_labs_standardized.csv,EPA Region 9 Field Services Support Center,,TNI00238,,Hayward,California,,,env_labs,,,,,,,,
ENT-000461,1,env_labs_standardized.csv,ERD Water LLC,,TNI00404,,Orlando,Florida,,,env_labs,,,,,,,,
ENT-000462,1,env_labs_standardized.csv,ERIE 1 BOCES,,TNI01705,,WEST SENECA,New York,,,env_labs,,,,,,,,
ENT-000463,1,env_labs_standardized.csv,ERIE COUNTY PUBLIC HEALTH LABORATORY,,TNI01555,,BUFFALO,New York,,,env_labs,,,,,,,,
ENT-000464,1,env_labs_standardized.csv,ERIE COUNTY SOUTHTOWNS AGENCY,,TNI01534,,BUFFALO,New York,,,env_labs,,,,,,,,
ENT-000465,1,env_labs_standardized.csv,ERT/REAC LABORATORY,,TNI01280,,EDISON,New Jersey,,,env_labs,,,,,,,,
ENT-000466,1,env_labs_standardized.csv,Escambia County Water Quality Laboratory,,TNI02441,,Pensacola,Florida,,,env_labs,,,,,,,,
ENT-000467,1,env_labs_standardized.csv,"ETT Environmental, Inc.",,TNI00409,,Greer,South Carolina,,,env_labs,,,,,,,,
ENT-000468,1,env_labs_standardized.csv,Eurofins - Midland,,TNI00163,,Midland,Texas,,,env_labs,,,,,,,,
ENT-000469,1,env_labs_standardized.csv,Eurofins Albuquerque,,TNI00218,,Albuquerque,New Mexico,,,env_labs,,,,,,,,
ENT-000470,1,env_labs_standardized.csv,Eurofins Arkansas,,TNI01373,,Little Rock,Arkansas,,,env_labs,,,,,,,,
ENT-000471,1,env_labs_standardized.csv,"EUROFINS ASCEND CLINICAL, LLC",,TNI02813,,SUNNYVALE,California,,,env_labs,,,,,,,,
ENT-000472,1,env_labs_standardized.csv,Eurofins Atlanta,,TNI00267,,Atlanta,Georgia,,,env_labs,,,,,,,,
ENT-000473,1,env_labs_standardized.csv,EUROFINS AUBURN (#2501),,TNI01021,,AUBURN,Maine,,,env_labs,,,,,,,,
ENT-000474,1,env_labs_standardized.csv,Eurofins Bend,,TNI02413,,Bend,Oregon,,,env_labs,,,,,,,,
ENT-000475,1,env_labs_standardized.csv,EUROFINS BUFFALO,,TNI01424,,AMHERST,New York,,,env_labs,,,,,,,,
ENT-000476,1,env_labs_standardized.csv,"Eurofins Built Environment Testing Central, LLC - Houston, TX",,TNI02597,,Pasadena,Texas,,,env_labs,,,,,,,,
ENT-000477,1,env_labs_standardized.csv,EUROFINS BUILT ENVIRONMENT TESTING EAST,,TNI02663,,CHERRY HILL,New Jersey,,,env_labs,,,,,,,,
ENT-000478,1,env_labs_standardized.csv,EUROFINS BUILT ENVIRONMENT TESTING EAST LLC - CARY NC,,TNI02581,,CARY,North Carolina,,,env_labs,,,,,,,,
ENT-000479,1,env_labs_standardized.csv,Eurofins Built Environment Testing – Pasadena,,TNI02109,,Pasadena,Texas,,,env_labs,,,,,,,,
ENT-000480,1,env_labs_standardized.csv,Eurofins Calscience,,TNI01210,,Tustin,California,,,env_labs,,,,,,,,
ENT-000481,1,env_labs_standardized.csv,Eurofins Calscience Irvine,,TNI01228,,Irvine,California,,,env_labs,,,,,,,,
ENT-000482,1,env_labs_standardized.csv,Eurofins Cedar Falls,,TNI00232,,Cedar Falls,Iowa,,,env_labs,,,,,,,,
ENT-000483,1,env_labs_standardized.csv,Eurofins Chicago,,TNI02053,,Tinley Park,Illinois,,,env_labs,,,,,,,,
ENT-000484,1,env_labs_standardized.csv,Eurofins Cleveland,,TNI00592,,Barberton,Ohio,,,env_labs,,,,,,,,
ENT-000485,1,env_labs_standardized.csv,Eurofins Columbia,,TNI02554,,Irmo,South Carolina,,,env_labs,,,,,,,,
ENT-000486,1,env_labs_standardized.csv,EUROFINS CONCORD (#1012),,TNI01037,,CONCORD,New Hampshire,,,env_labs,,,,,,,,
ENT-000487,1,env_labs_standardized.csv,Eurofins Corpus Christi,,TNI00022,,Corpus Christi,Texas,,,env_labs,,,,,,,,
ENT-000488,1,env_labs_standardized.csv,Eurofins Corvallis,,TNI00224,,Corvallis,Oregon,,,env_labs,,,,,,,,
ENT-000489,1,env_labs_standardized.csv,Eurofins Dallas,,TNI00080,,Dallas,Texas,,,env_labs,,,,,,,,
ENT-000490,1,env_labs_standardized.csv,Eurofins Denver,,TNI00010,,Arvada,Colorado,,,env_labs,,,,,,,,
ENT-000491,1,env_labs_standardized.csv,EUROFINS DERRY (#1015),,TNI01043,,DERRY,New Hampshire,,,env_labs,,,,,,,,
ENT-000492,1,env_labs_standardized.csv,"EUROFINS DRINKING WATER AND WASTEWATER CENTRAL, LLC",,TNI01646,,MARION,Ohio,,,env_labs,,,,,,,,
ENT-000493,1,env_labs_standardized.csv,"Eurofins Eaton Analytical, LLC - Pomona",,TNI02760,,Pomona,California,,,env_labs,,,,,,,,
ENT-000494,1,env_labs_standardized.csv,EUROFINS EDISON,,TNI01281,,EDISON,New Jersey,,,env_labs,,,,,,,,
ENT-000495,1,env_labs_standardized.csv,Eurofins El Paso,,TNI00032,,El Paso,Texas,,,env_labs,,,,,,,,
ENT-000496,1,env_labs_standardized.csv,EUROFINS ENVIRONMENT TESTING CANADA INC (#2248),,TNI02805,,Ottawa,Ontario,,,env_labs,,,,,,,,
ENT-000497,1,env_labs_standardized.csv,Eurofins Environment Testing Ecotoxicology,,TNI00021,,Carrollton,Texas,,,env_labs,,,,,,,,
ENT-000498,1,env_labs_standardized.csv,Eurofins Environment Testing North Central,,TNI02593,,Cleveland,Ohio,,,env_labs,,,,,,,,
ENT-000499,1,env_labs_standardized.csv,"Eurofins Environment Testing Northern California, LLC",,TNI01204,,Folsom,California,,,env_labs,,,,,,,,
ENT-000500,1,env_labs_standardized.csv,Eurofins Environment Testing Northwest - ASL,,TNI00202,,Corvallis,Oregon,,,env_labs,,,,,,,,
ENT-000501,1,env_labs_standardized.csv,EUROFINS ENVIRONMENT TESTING NORWAY AS,,TNI02397,,KRISTIANSAND,Not Applicable,,,env_labs,,,,,,,,
ENT-000502,1,env_labs_standardized.csv,EUROFINS ENVIRONMENT TESTING RADON LLC,,TNI01699,,CARROLLTON,Texas,,,env_labs,,,,,,,,
ENT-000503,1,env_labs_standardized.csv,Eurofins Environment Testing South Central-SATL,,TNI00138,,San Antonio,Texas,,,env_labs,,,,,,,,
ENT-000504,1,env_labs_standardized.csv,"Eurofins EPK Built Environment Testing, LLC",,TNI01771,,Seattle,Washington,,,env_labs,,,,,,,,
ENT-000505,1,env_labs_standardized.csv,Eurofins Florida Keys,,TNI00445,,Marathon,Florida,,,env_labs,,,,,,,,
ENT-000506,1,env_labs_standardized.csv,Eurofins Fort Lauderdale,,TNI02553,,Fort Lauderdale,Florida,,,env_labs,,,,,,,,
ENT-000507,1,env_labs_standardized.csv,Eurofins Ft. Myers,,TNI00554,,Ft. Myers,Florida,,,env_labs,,,,,,,,
ENT-000508,1,env_labs_standardized.csv,Eurofins Geneva,,TNI02050,,Geneva,Illinois,,,env_labs,,,,,,,,
ENT-000509,1,env_labs_standardized.csv,Eurofins Houston,,TNI00026,,Stafford,Texas,,,env_labs,,,,,,,,
ENT-000510,1,env_labs_standardized.csv,Eurofins Huntsville,,TNI00017,,Huntsville,Texas,,,env_labs,,,,,,,,
ENT-000511,1,env_labs_standardized.csv,Eurofins Jacksonville,,TNI00399,,Jacksonville,Florida,,,env_labs,,,,,,,,
ENT-000512,1,env_labs_standardized.csv,Eurofins Kansas City,,TNI03063,,Lenexa,Kansas,,,env_labs,,,,,,,,
ENT-000513,1,env_labs_standardized.csv,Eurofins Knoxville,,TNI00189,,Knoxville,Tennessee,,,env_labs,,,,,,,,
ENT-000514,1,env_labs_standardized.csv,"Eurofins Lancaster Laboratories Environment Testing, LLC",,TNI02128,,Lancaster,Pennsylvania,,,env_labs,,,,,,,,
ENT-000515,1,env_labs_standardized.csv,Eurofins Lubbock,,TNI00030,,Lubbock,Texas,,,env_labs,,,,,,,,
ENT-000516,1,env_labs_standardized.csv,Eurofins Madison,,TNI00446,,Madison,Florida,,,env_labs,,,,,,,,
ENT-000517,1,env_labs_standardized.csv,Eurofins Nokomis,,TNI00553,,Nokomis,Florida,,,env_labs,,,,,,,,
ENT-000518,1,env_labs_standardized.csv,Eurofins Oklahoma City,,TNI02180,,Oklahoma City,Oklahoma,,,env_labs,,,,,,,,
ENT-000519,1,env_labs_standardized.csv,Eurofins Orlando,,TNI00444,,Altamonte Springs,Florida,,,env_labs,,,,,,,,
ENT-000520,1,env_labs_standardized.csv,Eurofins Orlando,,TNI00400,,Orlando,Florida,,,env_labs,,,,,,,,
ENT-000521,1,env_labs_standardized.csv,Eurofins Pensacola,,TNI00601,,Pensacola,Florida,,,env_labs,,,,,,,,
ENT-000522,1,env_labs_standardized.csv,Eurofins Philadelphia - Horsham,,TNI02569,,Horsham,Pennsylvania,,,env_labs,,,,,,,,
ENT-000523,1,env_labs_standardized.csv,Eurofins Phoenix,,TNI00231,,Phoenix,Arizona,,,env_labs,,,,,,,,
ENT-000524,1,env_labs_standardized.csv,Eurofins Pittsburgh,,TNI02151,,Pittsburgh,Pennsylvania,,,env_labs,,,,,,,,
ENT-000525,1,env_labs_standardized.csv,Eurofins Port St. Lucie,,TNI00447,,Port St. Lucie,Florida,,,env_labs,,,,,,,,
ENT-000526,1,env_labs_standardized.csv,EUROFINS PORTSMOUTH (#1732),,TNI01061,,PORTSMOUTH,New Hampshire,,,env_labs,,,,,,,,
ENT-000527,1,env_labs_standardized.csv,EUROFINS PROVIDENCE (ESS) (#2424),,TNI01041,,CRANSTON,Rhode Island,,,env_labs,,,,,,,,
ENT-000528,1,env_labs_standardized.csv,Eurofins Raleigh,,TNI00398,,Cary,North Carolina,,,env_labs,,,,,,,,
ENT-000529,1,env_labs_standardized.csv,EUROFINS RHODE ISLAND (#2245),,TNI00575,,NORTH KINGSTON,Rhode Island,,,env_labs,,,,,,,,
ENT-000530,1,env_labs_standardized.csv,Eurofins Sacramento,,TNI01230,,West Sacramento,California,,,env_labs,,,,,,,,
ENT-000531,1,env_labs_standardized.csv,Eurofins Savannah,,TNI00593,,Savannah,Georgia,,,env_labs,,,,,,,,
ENT-000532,1,env_labs_standardized.csv,EUROFINS SCITEC SA,,TNI01664,,1007 LAUSANNE,Not Applicable,,,env_labs,,,,,,,,
ENT-000533,1,env_labs_standardized.csv,Eurofins Seattle,,TNI00452,,Tacoma,Washington,,,env_labs,,,,,,,,
ENT-000534,1,env_labs_standardized.csv,Eurofins South Bend,,TNI00617,,South Bend,Indiana,,,env_labs,,,,,,,,
ENT-000535,1,env_labs_standardized.csv,Eurofins Spokane,,TNI02475,,Spokane,Washington,,,env_labs,,,,,,,,
ENT-000536,1,env_labs_standardized.csv,Eurofins St. Louis,,TNI00602,,Earth City,Missouri,,,env_labs,,,,,,,,
ENT-000537,1,env_labs_standardized.csv,Eurofins Tampa,,TNI00594,,Tampa,Florida,,,env_labs,,,,,,,,
ENT-000538,1,env_labs_standardized.csv,Eurofins TestAmerica - Houston,,TNI00034,,Houston,Texas,,,env_labs,,,,,,,,
ENT-000539,1,env_labs_standardized.csv,Eurofins TestAmerica Seattle,,TNI00235,,Tacoma,Washington,,,env_labs,,,,,,,,
ENT-000540,1,env_labs_standardized.csv,Eurofins Washington,,TNI00385,,Burlington,Washington,,,env_labs,,,,,,,,
ENT-000541,1,env_labs_standardized.csv,Eurofins Wilsonville,,TNI02170,,Wilsonville,Oregon,,,env_labs,,,,,,,,
ENT-000542,1,env_labs_standardized.csv,EVANS CHEMETICS ANALYTICAL LAB,,TNI01466,,WATERLOO,New York,,,env_labs,,,,,,,,
ENT-000543,1,env_labs_standardized.csv,"Everglades Laboratories, Inc.",,TNI00410,,West Palm Beach,Florida,,,env_labs,,,,,,,,
ENT-000544,1,env_labs_standardized.csv,Everglades Research and Education Center,,TNI00411,,Belle Glade,Florida,,,env_labs,,,,,,,,
ENT-000545,1,env_labs_standardized.csv,EWEB Water Quality Laboratory,,TNI00215,,Springfield,Oregon,,,env_labs,,,,,,,,
ENT-000546,1,env_labs_standardized.csv,FALLSBURG (T) ENV LAB,,TNI01568,,SO FALLSBURG,New York,,,env_labs,,,,,,,,
ENT-000547,1,env_labs_standardized.csv,FDOH Environmental Laboratory West Palm Beach,,TNI02728,,West Palm Beach,Florida,,,env_labs,,,,,,,,
ENT-000548,1,env_labs_standardized.csv,Fibertec Environmental Services,,TNI02260,,Holt,Michigan,,,env_labs,,,,,,,,
ENT-000549,1,env_labs_standardized.csv,Fillmore SWCD Water Quality Laboratory,,TNI01145,,Preston,Minnesota,,,env_labs,,,,,,,,
ENT-000550,1,env_labs_standardized.csv,FINGER LAKES INSTITUTE,,TNI02814,,GENEVA,New York,,,env_labs,,,,,,,,
ENT-000551,1,env_labs_standardized.csv,FINGER LAKES LPG STORAGE LLC,,TNI01737,,SAVONA,New York,,,env_labs,,,,,,,,
ENT-000552,1,env_labs_standardized.csv,"First Environmental Laboratories, Inc.",,TNI02031,,Naperville,Illinois,,,env_labs,,,,,,,,
ENT-000553,1,env_labs_standardized.csv,FL Department of Health -  Miami Branch Laboratory,,TNI00416,,Miami,Florida,,,env_labs,,,,,,,,
ENT-000554,1,env_labs_standardized.csv,FL Dept. of Health - Alachua County Health Department,,TNI00420,,Gainesville,Florida,,,env_labs,,,,,,,,
ENT-000555,1,env_labs_standardized.csv,FL Dept. of Health - Columbia County Health Department,,TNI00421,,Lake City,Florida,,,env_labs,,,,,,,,
ENT-000556,1,env_labs_standardized.csv,FL Dept. of Health - Hendry County Environmental Laboratory,,TNI00422,,LaBelle,Florida,,,env_labs,,,,,,,,
ENT-000557,1,env_labs_standardized.csv,FL Dept. of Health - Indian River County Health Department,,TNI00424,,Vero Beach,Florida,,,env_labs,,,,,,,,
ENT-000558,1,env_labs_standardized.csv,FL Dept. of Health - Lee County Health Department,,TNI00425,,Ft. Myers,Florida,,,env_labs,,,,,,,,
ENT-000559,1,env_labs_standardized.csv,FL Dept. of Health - Walton County Health Department,,TNI00430,,DeFuniak Springs,Florida,,,env_labs,,,,,,,,
ENT-000560,1,env_labs_standardized.csv,FL DOH/BUREAU OF LAB/ENVIRONMENTAL MICRO SECTION,,TNI01787,,JACKSONVILLE,Florida,,,env_labs,,,,,,,,
ENT-000561,1,env_labs_standardized.csv,FLDOH BUREAU OF PUBLIC HEALTH LABORATORIES,,TNI01770,,JACKSONVILLE,Florida,,,env_labs,,,,,,,,
ENT-000562,1,env_labs_standardized.csv,Florida DEP Laboratory,,TNI00414,,Tallahassee,Florida,,,env_labs,,,,,,,,
ENT-000563,1,env_labs_standardized.csv,Florida Keys Aqueduct Authority - Florida City Treatment Plant,,TNI00434,,Florida City,Florida,,,env_labs,,,,,,,,
ENT-000564,1,env_labs_standardized.csv,Florida Power & Light Central Laboratory,,TNI00436,,West Palm Beach,Florida,,,env_labs,,,,,,,,
ENT-000565,1,env_labs_standardized.csv,"Florida Radiochemistry Services, Inc.",,TNI00437,,Orlando,Florida,,,env_labs,,,,,,,,
ENT-000566,1,env_labs_standardized.csv,Florida Spectrum Environmental Services Inc. - Space Coast Laboratory,,TNI00449,,Merrit Island,Florida,,,env_labs,,,,,,,,
ENT-000567,1,env_labs_standardized.csv,"Florida-Spectrum Environmental Services, Inc.",,TNI00442,,Ft. Lauderdale,Florida,,,env_labs,,,,,,,,
ENT-000568,1,env_labs_standardized.csv,"Florida-Spectrum Environmental Services, Inc. - Savannah",,TNI00448,,Garden City,Georgia,,,env_labs,,,,,,,,
ENT-000569,1,env_labs_standardized.csv,Florida-Spectrum Environmental Services-Big Lake Laboratory,,TNI00443,,Okeechobee,Florida,,,env_labs,,,,,,,,
ENT-000570,1,env_labs_standardized.csv,Food Safety Net Services,,TNI02720,,Dodge City,Kansas,,,env_labs,,,,,,,,
ENT-000571,1,env_labs_standardized.csv,Fort Pierce Utilities Authority Water Treatment Plant,,TNI00450,,Ft. Pierce,Florida,,,env_labs,,,,,,,,
ENT-000572,1,env_labs_standardized.csv,Fort Worth Water Department Centralized Water & Wastewater Laboratory,,TNI00013,,Fort Worth,Texas,,,env_labs,,,,,,,,
ENT-000573,1,env_labs_standardized.csv,Four Rivers Sanitation Authority,,TNI02046,,Rockford,Illinois,,,env_labs,,,,,,,,
ENT-000574,1,env_labs_standardized.csv,"Friedman & Bruya, Inc",,TNI00216,,Seattle,Washington,,,env_labs,,,,,,,,
ENT-000575,1,env_labs_standardized.csv,Frontier Analytical Laboratory,,TNI01220,,El Dorado Hills,California,,,env_labs,,,,,,,,
ENT-000576,1,env_labs_standardized.csv,FRONTIER TECHNICAL ASSOC INC,,TNI01557,,WILLIAMSVILLE,New York,,,env_labs,,,,,,,,
ENT-000577,1,env_labs_standardized.csv,FULTON SEWAGE TREATMENT PLANT,,TNI01506,,FULTON,New York,,,env_labs,,,,,,,,
ENT-000578,1,env_labs_standardized.csv,"Future Laboratories, Inc.",,TNI00453,,Milton,Florida,,,env_labs,,,,,,,,
ENT-000579,1,env_labs_standardized.csv,"Gabriel Laboratories, Ltd.",,TNI02032,,Chicago,Illinois,,,env_labs,,,,,,,,
ENT-000580,1,env_labs_standardized.csv,Garden City Municipal Wastewater Laboratory,,TNI01897,,Garden City,Kansas,,,env_labs,,,,,,,,
ENT-000581,1,env_labs_standardized.csv,GARDEN STATE LABORATORIES INC,,TNI01287,,HILLSIDE,New Jersey,,,env_labs,,,,,,,,
ENT-000582,1,env_labs_standardized.csv,GASPORT SD#1 STP,,TNI01609,,GASPORT,New York,,,env_labs,,,,,,,,
ENT-000583,1,env_labs_standardized.csv,"GD Air Testing, Inc.",,TNI00142,,Plano,Texas,,,env_labs,,,,,,,,
ENT-000584,1,env_labs_standardized.csv,"GEL Laboratories, LLC",,TNI00188,,Charleston,South Carolina,,,env_labs,,,,,,,,
ENT-000585,1,env_labs_standardized.csv,Geochemical Testing,,TNI02126,,Somerset,Pennsylvania,,,env_labs,,,,,,,,
ENT-000586,1,env_labs_standardized.csv,Georgia Power Environmental Laboratory,,TNI00456,,Atlanta,Georgia,,,env_labs,,,,,,,,
ENT-000587,1,env_labs_standardized.csv,GHM ENVIRONMENTAL,,TNI01677,,SAVONA,New York,,,env_labs,,,,,,,,
ENT-000588,1,env_labs_standardized.csv,Glen Canyon - Wahweap,,TNI01981,,Page,Arizona,,,env_labs,,,,,,,,
ENT-000589,1,env_labs_standardized.csv,GLENS FALLS WATER LABORATORY,,TNI01633,,GLENS FALLS,New York,,,env_labs,,,,,,,,
ENT-000590,1,env_labs_standardized.csv,GLOVERSVILLE WATER WORKS,,TNI01539,,GLOVERSVILLE,New York,,,env_labs,,,,,,,,
ENT-000591,1,env_labs_standardized.csv,GLOVERSVILLE-JOHNSTOWN JWTF,,TNI01435,,JOHNSTOWN,New York,,,env_labs,,,,,,,,
ENT-000592,1,env_labs_standardized.csv,Gopher Resource - Tampa,,TNI02659,,Tampa,Florida,,,env_labs,,,,,,,,
ENT-000593,1,env_labs_standardized.csv,Gopher Resource Corp. Laboratory,,TNI01144,,Eagan,Minnesota,,,env_labs,,,,,,,,
ENT-000594,1,env_labs_standardized.csv,GORHAM WASTEWATER TREATMENT FACILITY LABORATORY,,TNI01042,,GORHAM,New Hampshire,,,env_labs,,,,,,,,
ENT-000595,1,env_labs_standardized.csv,"GPI LABORATORIES, INC.",,TNI01733,,KENTWOOD,Michigan,,,env_labs,,,,,,,,
ENT-000596,1,env_labs_standardized.csv,"Grace Consulting, Inc.",,TNI02661,,Plainfield,Indiana,,,env_labs,,,,,,,,
ENT-000597,1,env_labs_standardized.csv,GRAHAMSVILLE LABORATORY,,TNI01582,,GRAHAMSVILLE,New York,,,env_labs,,,,,,,,
ENT-000598,1,env_labs_standardized.csv,GRAND ISLAND WASTEWATER PLANT,,TNI01468,,GRAND ISLAND,New York,,,env_labs,,,,,,,,
ENT-000599,1,env_labs_standardized.csv,"Grants Pass Water Laboratory, Inc./The Water Lab",,TNI00217,,Grants Pass,Oregon,,,env_labs,,,,,,,,
ENT-000600,1,env_labs_standardized.csv,GREAT LAKES ENVIRONMENTAL CENTER INC (MI),,TNI02205,,TRAVERSE CITY,Michigan,,,env_labs,,,,,,,,
ENT-000601,1,env_labs_standardized.csv,GREAT LAKES ENVIRONMENTAL CENTER INC (OH),,TNI02590,,COLUMBUS,Ohio,,,env_labs,,,,,,,,
ENT-000602,1,env_labs_standardized.csv,"Green Country Testing, Inc. - OKC",,TNI02639,,Oklahoma City,Oklahoma,,,env_labs,,,,,,,,
ENT-000603,1,env_labs_standardized.csv,"Green Country Testing, Inc. - Tulsa",,TNI01389,,Tulsa,Oklahoma,,,env_labs,,,,,,,,
ENT-000604,1,env_labs_standardized.csv,Green Leaf Lab,,TNI02452,,Portland,Oregon,,,env_labs,,,,,,,,
ENT-000605,1,env_labs_standardized.csv,Green Leaf Lab - Rogue River,,TNI02715,,Rogue River,Oregon,,,env_labs,,,,,,,,
ENT-000606,1,env_labs_standardized.csv,GreenWater Laboratory / CyanoLab,,TNI02510,,Palatka,Florida,,,env_labs,,,,,,,,
ENT-000607,1,env_labs_standardized.csv,Guadalupe-Blanco River Authority Regional Laboratory,,TNI00060,,Seguin,Texas,,,env_labs,,,,,,,,
ENT-000608,1,env_labs_standardized.csv,Gulf Coast Analytical Laboratories LLC dba Pace Analytical Gulf Coast,,TNI01390,,Baton Rouge,Louisiana,,,env_labs,,,,,,,,
ENT-000609,1,env_labs_standardized.csv,Gulf Coast Authority,,TNI00085,,Pasadena,Texas,,,env_labs,,,,,,,,
ENT-000610,1,env_labs_standardized.csv,Gulf Coast Testing LLC,,TNI02493,,Prairieville,Louisiana,,,env_labs,,,,,,,,
ENT-000611,1,env_labs_standardized.csv,Gulf States Environmental Laboratories Inc,,TNI01391,,Shreveport,Louisiana,,,env_labs,,,,,,,,
ENT-000612,1,env_labs_standardized.csv,H&P Mobile Geochemistry Inc,,TNI02365,,Carlsbad,California,,,env_labs,,,,,,,,
ENT-000613,1,env_labs_standardized.csv,H2O Quality Laboratory a Division of Prince William Water,,TNI01240,,Woodbridge,Virginia,,,env_labs,,,,,,,,
ENT-000614,1,env_labs_standardized.csv,HAMPTON- CLARKE,,TNI01278,,FAIRFIELD,New Jersey,,,env_labs,,,,,,,,
ENT-000615,1,env_labs_standardized.csv,HAMPTON-CLARKE INC,,TNI02253,,MOUNT LAUREL,New Jersey,,,env_labs,,,,,,,,
ENT-000616,1,env_labs_standardized.csv,Harris County Pollution Control Services Department,,TNI00045,,Pasadena,Texas,,,env_labs,,,,,,,,
ENT-000617,1,env_labs_standardized.csv,HAWTHORNE LABORATORY,,TNI01603,,HAWTHORNE,New York,,,env_labs,,,,,,,,
ENT-000618,1,env_labs_standardized.csv,HAZEN RESEARCH INC,,TNI01694,,GOLDEN,Colorado,,,env_labs,,,,,,,,
ENT-000619,1,env_labs_standardized.csv,HENNINGSON DURHAM & RICHARDSON ARCHITECTURE & ENGINEERING PC,,TNI01511,,NANUET,New York,,,env_labs,,,,,,,,
ENT-000620,1,env_labs_standardized.csv,Henrico County D.P.U. Central Environmental Laboratory,,TNI02222,,Henrico,Virginia,,,env_labs,,,,,,,,
ENT-000621,1,env_labs_standardized.csv,HF Sinclair El Dorado Refining LLC,,TNI01893,,El Dorado,Kansas,,,env_labs,,,,,,,,
ENT-000622,1,env_labs_standardized.csv,HGS Analytical Laboratory,,TNI02532,,Oxford,Alabama,,,env_labs,,,,,,,,
ENT-000623,1,env_labs_standardized.csv,"HILLMANN CONSULTING, LLC",,TNI01286,,UNION,New Jersey,,,env_labs,,,,,,,,
ENT-000624,1,env_labs_standardized.csv,Hillsborough County Environmental Laboratory,,TNI00461,,Tampa,Florida,,,env_labs,,,,,,,,
ENT-000625,1,env_labs_standardized.csv,Hillsborough County Environmental Protection Commission,,TNI00460,,Tampa,Florida,,,env_labs,,,,,,,,
ENT-000626,1,env_labs_standardized.csv,HORNELL (C) WATER TREATMENT PLANT,,TNI01429,,HORNELL,New York,,,env_labs,,,,,,,,
ENT-000627,1,env_labs_standardized.csv,Howard F. Curren Advanced Wastewater Treatment Plant Analytical Laboratory,,TNI00462,,Tampa,Florida,,,env_labs,,,,,,,,
ENT-000628,1,env_labs_standardized.csv,HRSD Central Environmental Laboratory,,TNI01239,,Virginia Beach,Virginia,,,env_labs,,,,,,,,
ENT-000629,1,env_labs_standardized.csv,Hutchinson Municipal Wastewater Laboratory,,TNI01904,,Hutchinson,Kansas,,,env_labs,,,,,,,,
ENT-000630,1,env_labs_standardized.csv,"Huther and Associates, Inc.",,TNI00039,,Denton,Texas,,,env_labs,,,,,,,,
ENT-000631,1,env_labs_standardized.csv,"HYDRO TECHNOLOGIES, LLC",,TNI01880,,NEW MILFORD,Connecticut,,,env_labs,,,,,,,,
ENT-000632,1,env_labs_standardized.csv,IEH - JL Analytical,,TNI02561,,Modesto,California,,,env_labs,,,,,,,,
ENT-000633,1,env_labs_standardized.csv,IEH SCIENTIFIC METHODS,,TNI02288,,GRANGER,Indiana,,,env_labs,,,,,,,,
ENT-000634,1,env_labs_standardized.csv,Illinois Environmental Protection Agency Laboratory,,TNI00466,,Springfield,Illinois,,,env_labs,,,,,,,,
ENT-000635,1,env_labs_standardized.csv,"Inboden Environmental Services, Inc.",,TNI01251,,Mount Jackson,Virginia,,,env_labs,,,,,,,,
ENT-000636,1,env_labs_standardized.csv,INFRAMARK,,TNI01821,,STATEN ISLAND,New York,,,env_labs,,,,,,,,
ENT-000637,1,env_labs_standardized.csv,"Instrumental Research, Inc",,TNI01082,,Fridley,Minnesota,,,env_labs,,,,,,,,
ENT-000638,1,env_labs_standardized.csv,"Integrity Testing, Inc.",,TNI02281,,Austin,Texas,,,env_labs,,,,,,,,
ENT-000639,1,env_labs_standardized.csv,International Paper Pensacola Mill Central Laboratory,,TNI00467,,Cantonment,Florida,,,env_labs,,,,,,,,
ENT-000640,1,env_labs_standardized.csv,International Water Quality Laboratory,,TNI00137,,El Paso,Texas,,,env_labs,,,,,,,,
ENT-000641,1,env_labs_standardized.csv,INTERSTATE ENVIRONMENTAL COMMISSION,,TNI01547,,BROOKLYN,New York,,,env_labs,,,,,,,,
ENT-000642,1,env_labs_standardized.csv,Ion Testing Laboratory,,TNI02684,,Georgetown,Texas,,,env_labs,,,,,,,,
ENT-000643,1,env_labs_standardized.csv,"IRIS ENVIRONMENTAL LABORATORIES, LLC",,TNI02478,,UNION,New Jersey,,,env_labs,,,,,,,,
ENT-000644,1,env_labs_standardized.csv,IRON Laboratories Oregon,,TNI02459,,Eugene,Oregon,,,env_labs,,,,,,,,
ENT-000645,1,env_labs_standardized.csv,Irwin Army Community Hospital-Water Laboratory-PH-EH,,TNI02529,,Fort Riley,Kansas,,,env_labs,,,,,,,,
ENT-000646,1,env_labs_standardized.csv,ITHACA AREA WASTE WATER TREATMENT FACILITY,,TNI01617,,ITHACA,New York,,,env_labs,,,,,,,,
ENT-000647,1,env_labs_standardized.csv,J MYERS WATER SERVICES INC,,TNI01840,,HUNTER,New York,,,env_labs,,,,,,,,
ENT-000648,1,env_labs_standardized.csv,JACO ANALYTICAL LABORATORY,,TNI01686,,EPHRATA,Washington,,,env_labs,,,,,,,,
ENT-000649,1,env_labs_standardized.csv,James R. Reed & Associates,,TNI01241,,Newport News,Virginia,,,env_labs,,,,,,,,
ENT-000650,1,env_labs_standardized.csv,JB3 CONSULTING,,TNI01738,,LAKE GEORGE,New York,,,env_labs,,,,,,,,
ENT-000651,1,env_labs_standardized.csv,JEA Laboratory Services,,TNI00468,,Jacksonville,Florida,,,env_labs,,,,,,,,
ENT-000652,1,env_labs_standardized.csv,"JH CONSULTING GROUP, INC",,TNI01784,,LOUDONVILLE,New York,,,env_labs,,,,,,,,
ENT-000653,1,env_labs_standardized.csv,Johnson County Water Quality Laboratory,,TNI01926,,Olathe,Kansas,,,env_labs,,,,,,,,
ENT-000654,1,env_labs_standardized.csv,"Joiner Labs, LLC dba Joiner Micro Labs",,TNI01261,,Warrenton,Virginia,,,env_labs,,,,,,,,
ENT-000655,1,env_labs_standardized.csv,JOINT REGIONAL SEWERAGE BOARD,,TNI01656,,WEST HAVERSTRAW,New York,,,env_labs,,,,,,,,
ENT-000656,1,env_labs_standardized.csv,JORDAN (V) WATER POLLUTION CONTROL PLANT,,TNI01476,,JORDAN,New York,,,env_labs,,,,,,,,
ENT-000657,1,env_labs_standardized.csv,Jordan Basin Water Reclamation Facility Laboratory,,TNI02226,,Riverton,Utah,,,env_labs,,,,,,,,
ENT-000658,1,env_labs_standardized.csv,Jordan Valley Laboratory,,TNI01984,,Herriman,Utah,,,env_labs,,,,,,,,
ENT-000659,1,env_labs_standardized.csv,Jordanelle Laboratory,,TNI01985,,Heber City,Utah,,,env_labs,,,,,,,,
ENT-000660,1,env_labs_standardized.csv,"Jupiter Environmental Laboratories, Inc.",,TNI00469,,Jupiter,Florida,,,env_labs,,,,,,,,
ENT-000661,1,env_labs_standardized.csv,KAM CONSULTANTS,,TNI01674,,LONG ISLAND CITY,New York,,,env_labs,,,,,,,,
ENT-000662,1,env_labs_standardized.csv,Kanapaha Laboratory - Gainesville Utilities,,TNI00473,,Gainesville,Florida,,,env_labs,,,,,,,,
ENT-000663,1,env_labs_standardized.csv,Kansas City Board of Public Utilities-Nearman Water Laboratory,,TNI01908,,Kansas City,Kansas,,,env_labs,,,,,,,,
ENT-000664,1,env_labs_standardized.csv,Kansas City Municipal Wastewater Laboratory,,TNI01910,,Kansas City,Kansas,,,env_labs,,,,,,,,
ENT-000665,1,env_labs_standardized.csv,KATAHDIN ANALYTICAL SERVICES LLC (#2001),,TNI00476,,SCARBOROUGH,Maine,,,env_labs,,,,,,,,
ENT-000666,1,env_labs_standardized.csv,Kaycha Labs Oregon,,TNI02457,,Central Point,Oregon,,,env_labs,,,,,,,,
ENT-000667,1,env_labs_standardized.csv,KC Water Services Laboratory,,TNI02727,,Kansas City,Missouri,,,env_labs,,,,,,,,
ENT-000668,1,env_labs_standardized.csv,KEENE CITY LABORATORY,,TNI01046,,SWANZEY,New Hampshire,,,env_labs,,,,,,,,
ENT-000669,1,env_labs_standardized.csv,Kennedy Space Center Environmental Microbiology Laboratory,,TNI00477,,Kennedy Space Center,Florida,,,env_labs,,,,,,,,
ENT-000670,1,env_labs_standardized.csv,KENTUCKY EEC DEP DIV ENVIRONMENTAL PROGRAM SUPPORT,,TNI01063,,FRANKFORT,Kentucky,,,env_labs,,,,,,,,
ENT-000671,1,env_labs_standardized.csv,KINGSTON LABORATORY - NYC DEP,,TNI01425,,KINGSTON,New York,,,env_labs,,,,,,,,
ENT-000672,1,env_labs_standardized.csv,KINGSTON WATER DEPARTMENT LAB,,TNI01457,,KINGSTON,New York,,,env_labs,,,,,,,,
ENT-000673,1,env_labs_standardized.csv,Klamath Tribes Sprague River Water Quality Laboratory,,TNI02451,,Chiloquin,Oregon,,,env_labs,,,,,,,,
ENT-000674,1,env_labs_standardized.csv,KNL Environmental Testing,,TNI00478,,Tampa,Florida,,,env_labs,,,,,,,,
ENT-000675,1,env_labs_standardized.csv,Koochiching Health Department Water Testing,,TNI01147,,International Falls,Minnesota,,,env_labs,,,,,,,,
ENT-000676,1,env_labs_standardized.csv,LACONIA WATER WORKS LABORATORY,,TNI01047,,LAKEPORT,New Hampshire,,,env_labs,,,,,,,,
ENT-000677,1,env_labs_standardized.csv,Lafayette Consolidated Government,,TNI01392,,Lafayette,Louisiana,,,env_labs,,,,,,,,
ENT-000678,1,env_labs_standardized.csv,Lake County Environmental Laboratory,,TNI02035,,Libertyville,Illinois,,,env_labs,,,,,,,,
ENT-000679,1,env_labs_standardized.csv,Lake County Water Resource Management Laboratory,,TNI00479,,Tavares,Florida,,,env_labs,,,,,,,,
ENT-000680,1,env_labs_standardized.csv,LAKE PLACID VILLAGE,,TNI01492,,LAKE PLACID,New York,,,env_labs,,,,,,,,
ENT-000681,1,env_labs_standardized.csv,Lawrence Municipal Laboratory - Utilities,,TNI01914,,Lawrence,Kansas,,,env_labs,,,,,,,,
ENT-000682,1,env_labs_standardized.csv,Leavenworth Municipal Wastewater Treatment Plant,,TNI01915,,Leavenworth,Kansas,,,env_labs,,,,,,,,
ENT-000683,1,env_labs_standardized.csv,Lee County Environmental Laboratory,,TNI00481,,Ft. Myers,Florida,,,env_labs,,,,,,,,
ENT-000684,1,env_labs_standardized.csv,LEFRAK CITY PRIORITY POLLUTANTS LAB-NYCDEP,,TNI01703,,CORONA,New York,,,env_labs,,,,,,,,
ENT-000685,1,env_labs_standardized.csv,"Legend Technical Services, Inc.",,TNI01120,,St Paul,Minnesota,,,env_labs,,,,,,,,
ENT-000686,1,env_labs_standardized.csv,Liberal Municipal Wastewater Laboratory,,TNI01918,,Liberal,Kansas,,,env_labs,,,,,,,,
ENT-000687,1,env_labs_standardized.csv,LIFE SCIENCE LABORATORIES - CENTRAL,,TNI01488,,EAST SYRACUSE,New York,,,env_labs,,,,,,,,
ENT-000688,1,env_labs_standardized.csv,LIFE SCIENCE LABORATORIES INC - FINGER LAKES,,TNI01745,,WAYLAND,New York,,,env_labs,,,,,,,,
ENT-000689,1,env_labs_standardized.csv,LIFE SCIENCE LABORATORIES INC - NORTH,,TNI01621,,WADDINGTON,New York,,,env_labs,,,,,,,,
ENT-000690,1,env_labs_standardized.csv,Lightscale Labs,,TNI02466,,Portland,Oregon,,,env_labs,,,,,,,,
ENT-000691,1,env_labs_standardized.csv,LOCKPORT WASTEWATER TREATMENT PLANT,,TNI01423,,LOCKPORT,New York,,,env_labs,,,,,,,,
ENT-000692,1,env_labs_standardized.csv,LOCKPORT WATER TREATMENT PLANT LAB,,TNI01587,,LOCKPORT,New York,,,env_labs,,,,,,,,
ENT-000693,1,env_labs_standardized.csv,"LONG ISLAND ANALYTICAL LABORATORIES, INC",,TNI01752,,HOLBROOK,New York,,,env_labs,,,,,,,,
ENT-000694,1,env_labs_standardized.csv,Lower Colorado River Authority - Environmental Laboratory Services,,TNI00029,,Austin,Texas,,,env_labs,,,,,,,,
ENT-000695,1,env_labs_standardized.csv,Lower Neches Valley Authority - North Regional Treatment Plant Laboratory,,TNI00104,,Beaumont,Texas,,,env_labs,,,,,,,,
ENT-000696,1,env_labs_standardized.csv,Loxahatchee River Environmental Control District,,TNI00483,,Jupiter,Florida,,,env_labs,,,,,,,,
ENT-000697,1,env_labs_standardized.csv,"LOZIER ENVIRONMENTAL CONSULTING, INC",,TNI01777,,ROCHESTER,New York,,,env_labs,,,,,,,,
ENT-000698,1,env_labs_standardized.csv,Luman's Laboratories,,TNI02717,,Chetopa,Kansas,,,env_labs,,,,,,,,
ENT-000699,1,env_labs_standardized.csv,M. J. Reider Associates Inc,,TNI02130,,Reading,Pennsylvania,,,env_labs,,,,,,,,
ENT-000700,1,env_labs_standardized.csv,MAIN PUMP STATION NO 5,,TNI01601,,CHEEKTOWAGA,New York,,,env_labs,,,,,,,,
ENT-000701,1,env_labs_standardized.csv,MAINE LABORATORIES LLC,,TNI02801,,NORRIDGEWOCK,Maine,,,env_labs,,,,,,,,
ENT-000702,1,env_labs_standardized.csv,Manatee County Natural Resources Department,,TNI00485,,Bradenton,Florida,,,env_labs,,,,,,,,
ENT-000703,1,env_labs_standardized.csv,Manatee County Utilities Department WTPQC Laboratory,,TNI00486,,Bradenton,Florida,,,env_labs,,,,,,,,
ENT-000704,1,env_labs_standardized.csv,Manatee County Utility Department Central Laboratory,,TNI00487,,Bradenton,Florida,,,env_labs,,,,,,,,
ENT-000705,1,env_labs_standardized.csv,MANCHESTER WATER WORKS LABORATORY,,TNI01049,,MANCHESTER,New Hampshire,,,env_labs,,,,,,,,
ENT-000706,1,env_labs_standardized.csv,Manhattan Municipal Wastewater Laboratory,,TNI01920,,Manhattan,Kansas,,,env_labs,,,,,,,,
ENT-000707,1,env_labs_standardized.csv,Mankato Water Plant,,TNI01076,,Mankato,Minnesota,,,env_labs,,,,,,,,
ENT-000708,1,env_labs_standardized.csv,"Marathon Petroleum, LP - RAD Environmental Services Laboratory",,TNI02111,,Catlettsburg,Kentucky,,,env_labs,,,,,,,,
ENT-000709,1,env_labs_standardized.csv,"Marinco Bioassay Laboratory, Inc.",,TNI00488,,Sarasota,Florida,,,env_labs,,,,,,,,
ENT-000710,1,env_labs_standardized.csv,"Marine Chemist Service, Inc.",,TNI02362,,Newport News,Virginia,,,env_labs,,,,,,,,
ENT-000711,1,env_labs_standardized.csv,"Marion County Water Test Lab., LLC",,TNI02198,,Ocala,Florida,,,env_labs,,,,,,,,
ENT-000712,1,env_labs_standardized.csv,Martin County Environmental Services - North Water Treatment Plant Laboratory,,TNI00489,,Jensen Beach,Florida,,,env_labs,,,,,,,,
ENT-000713,1,env_labs_standardized.csv,"Maryland Spectral Services, Inc.",,TNI01265,,Halethorpe,Maryland,,,env_labs,,,,,,,,
ENT-000714,1,env_labs_standardized.csv,Matrix Sciences dba KTL,,TNI02416,,Pasco,Washington,,,env_labs,,,,,,,,
ENT-000715,1,env_labs_standardized.csv,MCANDREW LABORATORY INC,,TNI01481,,ORCHARD PARK,New York,,,env_labs,,,,,,,,
ENT-000716,1,env_labs_standardized.csv,McCampbell Analytical Inc.,,TNI02278,,PITTSBURG,California,,,env_labs,,,,,,,,
ENT-000717,1,env_labs_standardized.csv,McCowan Clinical Laboratory Inc.,,TNI00213,,Coos Bay,Oregon,,,env_labs,,,,,,,,
ENT-000718,1,env_labs_standardized.csv,"McGlynn Laboratories, Inc.",,TNI00490,,Tallahassee,Florida,,,env_labs,,,,,,,,
ENT-000719,1,env_labs_standardized.csv,McPherson Municipal Wastewater Laboratory,,TNI01921,,McPherson,Kansas,,,env_labs,,,,,,,,
ENT-000720,1,env_labs_standardized.csv,"Meridian Analytical Laboratories, LLC - Mound Valley",,TNI01923,,Mound Valley,Kansas,,,env_labs,,,,,,,,
ENT-000721,1,env_labs_standardized.csv,Meridian Analytical Laboratory - Wichita,,TNI01941,,Wichita,Kansas,,,env_labs,,,,,,,,
ENT-000722,1,env_labs_standardized.csv,Merieux NutriSciences,,TNI00245,,Gainesville,Florida,,,env_labs,,,,,,,,
ENT-000723,1,env_labs_standardized.csv,"MERIT LABORATORIES, INC.",,TNI01791,,EAST LANSING,Michigan,,,env_labs,,,,,,,,
ENT-000724,1,env_labs_standardized.csv,MERRIMACK WASTEWATER TREATMENT PLANT LABORATORY,,TNI01050,,MERRIMACK,New Hampshire,,,env_labs,,,,,,,,
ENT-000725,1,env_labs_standardized.csv,"Metiri Analytical Group, Inc",,TNI02123,,Kittanning,Pennsylvania,,,env_labs,,,,,,,,
ENT-000726,1,env_labs_standardized.csv,Metropolitan Solutions,,TNI02221,,Portsmouth,Virginia,,,env_labs,,,,,,,,
ENT-000727,1,env_labs_standardized.csv,Metropolitan Water District Laboratory,,TNI01987,,Cottonwood Heights,Utah,,,env_labs,,,,,,,,
ENT-000728,1,env_labs_standardized.csv,Miami-Dade Central District Wastewater Treatment Plant Laboratory,,TNI00492,,Virginia Key-Miami,Florida,,,env_labs,,,,,,,,
ENT-000729,1,env_labs_standardized.csv,"Miami-Dade County, Department of Environmental Resources Management (DERM)",,TNI00376,,Miami,Florida,,,env_labs,,,,,,,,
ENT-000730,1,env_labs_standardized.csv,Miami-Dade North District Wastewater Treatment Plant Laboratory,,TNI00494,,North Miami Beach,Florida,,,env_labs,,,,,,,,
ENT-000731,1,env_labs_standardized.csv,Miami-Dade South District Wastewater Treatment Plant Laboratory,,TNI00495,,Miami,Florida,,,env_labs,,,,,,,,
ENT-000732,1,env_labs_standardized.csv,Miami-Dade Water & Sewer Authority - Orr Water Treatment Plant Laboratory,,TNI00496,,Miami,Florida,,,env_labs,,,,,,,,
ENT-000733,1,env_labs_standardized.csv,Miami-Dade Water & Sewer Department - John E. Preston Water Quality Laboratory,,TNI00497,,Hialeah,Florida,,,env_labs,,,,,,,,
ENT-000734,1,env_labs_standardized.csv,"Michigan Department of Environment, Great Lakes, and Energy",,TNI02687,,Lansing,Michigan,,,env_labs,,,,,,,,
ENT-000735,1,env_labs_standardized.csv,"Michigan Department of Environment, Great Lakes, and Energy Laboratory Services",,TNI02677,,Lansing,Michigan,,,env_labs,,,,,,,,
ENT-000736,1,env_labs_standardized.csv,Micro Methods Laboratory Inc,,TNI01397,,Ocean Springs,Mississippi,,,env_labs,,,,,,,,
ENT-000737,1,env_labs_standardized.csv,MICROBAC LABORATORIES INC (CT) #2243,,TNI01724,,DAYVILLE,Connecticut,,,env_labs,,,,,,,,
ENT-000738,1,env_labs_standardized.csv,"Microbac Laboratories, Inc - Kansas",,TNI01911,,Lenexa,Kansas,,,env_labs,,,,,,,,
ENT-000739,1,env_labs_standardized.csv,"Microbac Laboratories, Inc - Kentucky Division",,TNI02199,,Louisville,Kentucky,,,env_labs,,,,,,,,
ENT-000740,1,env_labs_standardized.csv,"Microbac Laboratories, Inc - Marietta Division",,TNI00498,,Marietta,Ohio,,,env_labs,,,,,,,,
ENT-000741,1,env_labs_standardized.csv,"MICROBAC LABORATORIES, INC-NORTHBROOK",,TNI02420,,NORTHBROOK,Illinois,,,env_labs,,,,,,,,
ENT-000742,1,env_labs_standardized.csv,"Microbac Laboratories, Inc. - Baltimore",,TNI02442,,Baltimore,Maryland,,,env_labs,,,,,,,,
ENT-000743,1,env_labs_standardized.csv,"Microbac Laboratories, Inc. - Chicagoland Division",,TNI01842,,Merrillville,Indiana,,,env_labs,,,,,,,,
ENT-000744,1,env_labs_standardized.csv,"Microbac Laboratories, Inc. - Pittston",,TNI02680,,Pittston,Pennsylvania,,,env_labs,,,,,,,,
ENT-000745,1,env_labs_standardized.csv,"Microbac Laboratories, Inc. Pittsburgh Division",,TNI02133,,Warrendale,Pennsylvania,,,env_labs,,,,,,,,
ENT-000746,1,env_labs_standardized.csv,"Microbac Laboratories, Inc., Knoxville Division",,TNI01946,,Maryville,Tennessee,,,env_labs,,,,,,,,
ENT-000747,1,env_labs_standardized.csv,"Microbac Laboratories, Inc.-Newton",,TNI01303,,Newton,Iowa,,,env_labs,,,,,,,,
ENT-000748,1,env_labs_standardized.csv,MICROBAC NEW YORK-CORTLAND,,TNI01606,,CORTLAND,New York,,,env_labs,,,,,,,,
ENT-000749,1,env_labs_standardized.csv,"MID-ATLANTIC ENVIRONMENTAL LABORATORIES, INC.",,TNI01298,,NEW CASTLE,Delaware,,,env_labs,,,,,,,,
ENT-000750,1,env_labs_standardized.csv,MIDDLEPORT TREATMENT FACILITY,,TNI01566,,MIDDLEPORT,New York,,,env_labs,,,,,,,,
ENT-000751,1,env_labs_standardized.csv,"Midwest Laboratories, Inc.",,TNI00502,,Omaha,Nebraska,,,env_labs,,,,,,,,
ENT-000752,1,env_labs_standardized.csv,Mill Creek Lab of Cincinnati Metropolitan Sewer District,,TNI02386,,Cincinnati,Ohio,,,env_labs,,,,,,,,
ENT-000753,1,env_labs_standardized.csv,Milwaukee Metropolitan Sewerage District,,TNI00504,,Milwaukee,Wisconsin,,,env_labs,,,,,,,,
ENT-000754,1,env_labs_standardized.csv,Minneapolis Water Department,,TNI01151,,Fridley,Minnesota,,,env_labs,,,,,,,,
ENT-000755,1,env_labs_standardized.csv,"Minnesota Valley Testing Laboratories, Inc.",,TNI01080,,New Ulm,Minnesota,,,env_labs,,,,,,,,
ENT-000756,1,env_labs_standardized.csv,Minnesota Valley Testing Labs Inc.,,TNI01176,,Bismarck,North Dakota,,,env_labs,,,,,,,,
ENT-000757,1,env_labs_standardized.csv,MOHAWK VALLEY WATER AUTHORITY,,TNI01508,,UTICA,New York,,,env_labs,,,,,,,,
ENT-000758,1,env_labs_standardized.csv,MOHAWK VIEW LABORATORY,,TNI01418,,LATHAM,New York,,,env_labs,,,,,,,,
ENT-000759,1,env_labs_standardized.csv,MONROE COUNTY ENVIRONMENTAL LABORATORY,,TNI01527,,ROCHESTER,New York,,,env_labs,,,,,,,,
ENT-000760,1,env_labs_standardized.csv,MONROE COUNTY WATER AUTHORITY WTP,,TNI01447,,ROCHESTER,New York,,,env_labs,,,,,,,,
ENT-000761,1,env_labs_standardized.csv,MONTICELLO (V),,TNI01486,,MONTICELLO,New York,,,env_labs,,,,,,,,
ENT-000762,1,env_labs_standardized.csv,Moody Labs LLC,,TNI02811,,Farmers Branch,Texas,,,env_labs,,,,,,,,
ENT-000763,1,env_labs_standardized.csv,Moorhead Public Service Laboratory,,TNI01154,,Moorhead,Minnesota,,,env_labs,,,,,,,,
ENT-000764,1,env_labs_standardized.csv,"Morton Salt, Inc.",,TNI01937,,South Hutchinson,Kansas,,,env_labs,,,,,,,,
ENT-000765,1,env_labs_standardized.csv,Mosaic Fertilizer LLC Environmental Laboratory,,TNI00505,,Mulberry,Florida,,,env_labs,,,,,,,,
ENT-000766,1,env_labs_standardized.csv,Mote Marine Laboratory,,TNI00506,,Sarasota,Florida,,,env_labs,,,,,,,,
ENT-000767,1,env_labs_standardized.csv,Murphree Water Treatment Plant,,TNI00321,,Gainesville,Florida,,,env_labs,,,,,,,,
ENT-000768,1,env_labs_standardized.csv,MW labs,,TNI02480,,Medford,Oregon,,,env_labs,,,,,,,,
ENT-000769,1,env_labs_standardized.csv,MWRDGC Calumet Analytical Laboratory,,TNI02037,,Chicago,Illinois,,,env_labs,,,,,,,,
ENT-000770,1,env_labs_standardized.csv,MWRDGC Egan Analytical Laboratory,,TNI02038,,Schaumburg,Illinois,,,env_labs,,,,,,,,
ENT-000771,1,env_labs_standardized.csv,MWRDGC Industrial Waste Laboratory,,TNI02039,,Cicero,Illinois,,,env_labs,,,,,,,,
ENT-000772,1,env_labs_standardized.csv,MWRDGC Organic Compounds Laboratory,,TNI02040,,Schaumburg,Illinois,,,env_labs,,,,,,,,
ENT-000773,1,env_labs_standardized.csv,MWRDGC Stickney Analytical Laboratory,,TNI02041,,Cicero,Illinois,,,env_labs,,,,,,,,
ENT-000774,1,env_labs_standardized.csv,NASA Johnson Space Center Microbiology Laboratory,,TNI00178,,Houston,Texas,,,env_labs,,,,,,,,
ENT-000775,1,env_labs_standardized.csv,NASSAU COUNTY DEPT OF HEALTH,,TNI01516,,HEMPSTEAD,New York,,,env_labs,,,,,,,,
ENT-000776,1,env_labs_standardized.csv,National Environment Lab,,TNI02699,,Seoul,Not Applicable,,,env_labs,,,,,,,,
ENT-000777,1,env_labs_standardized.csv,"National Testing Laboratories, Ltd.",,TNI02138,,Ypsilanti,Michigan,,,env_labs,,,,,,,,
ENT-000778,1,env_labs_standardized.csv,Natural Waters of Viti Pte Limited,,TNI02379,,"Tavua, Fiji Island",Not Applicable,,,env_labs,,,,,,,,
ENT-000779,1,env_labs_standardized.csv,"Nautilus Environmental, Inc",,TNI02313,,San Diego,California,,,env_labs,,,,,,,,
ENT-000780,1,env_labs_standardized.csv,Neilson Research Corporation,,TNI00221,,Medford,Oregon,,,env_labs,,,,,,,,
ENT-000781,1,env_labs_standardized.csv,NELANALYTICAL (#2534),,TNI01057,,WINSLOW,Maine,,,env_labs,,,,,,,,
ENT-000782,1,env_labs_standardized.csv,NELSON ANALYTICAL LAB - KEENE DIVISION,,TNI01036,,SWANZEY,New Hampshire,,,env_labs,,,,,,,,
ENT-000783,1,env_labs_standardized.csv,NELSON ANALYTICAL LLC,,TNI01053,,MANCHESTER,New Hampshire,,,env_labs,,,,,,,,
ENT-000784,1,env_labs_standardized.csv,NELSON ANALYTICAL LLC - MAINE DIVISION,,TNI01054,,KENNEBUNK,Maine,,,env_labs,,,,,,,,
ENT-000785,1,env_labs_standardized.csv,NESTLE WATERS QUALITY ASSURANCE LAB,,TNI01679,,LOS ANGELES,California,,,env_labs,,,,,,,,
ENT-000786,1,env_labs_standardized.csv,NESTLE WATERS SUPPLY SUD,,TNI01658,,VERGEZE,Not Applicable,,,env_labs,,,,,,,,
ENT-000787,1,env_labs_standardized.csv,New Age Landmark Inc dba New Age Laboratories,,TNI00509,,South Haven,Michigan,,,env_labs,,,,,,,,
ENT-000788,1,env_labs_standardized.csv,New Age/Landmark Inc. #2,,TNI00510,,South Haven,Michigan,,,env_labs,,,,,,,,
ENT-000789,1,env_labs_standardized.csv,NEW ENGLAND BIOASSAY INC.,,TNI02408,,WINDSOR,Connecticut,,,env_labs,,,,,,,,
ENT-000790,1,env_labs_standardized.csv,NEW ENGLAND TESTING LAB INC,,TNI01747,,WEST WARWICK,Rhode Island,,,env_labs,,,,,,,,
ENT-000791,1,env_labs_standardized.csv,NEW HAMPSHIRE DHHS PUBLIC HEALTH LABORATORIES,,TNI01056,,CONCORD,New Hampshire,,,env_labs,,,,,,,,
ENT-000792,1,env_labs_standardized.csv,Newport News Shipbuilding- A Division of Huntington Ingalls Industries,,TNI01238,,Newport News,Virginia,,,env_labs,,,,,,,,
ENT-000793,1,env_labs_standardized.csv,Newton Municipal Wastewater Laboratory,,TNI01924,,Newton,Kansas,,,env_labs,,,,,,,,
ENT-000794,1,env_labs_standardized.csv,NEWTOWN CREEK MICROBIOLOGY LABORATORY,,TNI01648,,BROOKLYN,New York,,,env_labs,,,,,,,,
ENT-000795,1,env_labs_standardized.csv,NEWTOWN CREEK PROCESS CONTROL LAB,,TNI01518,,BROOKLYN,New York,,,env_labs,,,,,,,,
ENT-000796,1,env_labs_standardized.csv,"Niagara Bottling, LLC",,TNI02121,,Howard,Pennsylvania,,,env_labs,,,,,,,,
ENT-000797,1,env_labs_standardized.csv,NIAGARA CO SEWER DISTRICT  #1,,TNI01446,,WHEATFIELD,New York,,,env_labs,,,,,,,,
ENT-000798,1,env_labs_standardized.csv,NIAGARA COUNTY WATER DISTRICT,,TNI01592,,NIAGARA FALLS,New York,,,env_labs,,,,,,,,
ENT-000799,1,env_labs_standardized.csv,NIAGARA FALLS WATER BOARD WASTEWATER  LABORATORY,,TNI01536,,NIAGARA FALLS,New York,,,env_labs,,,,,,,,
ENT-000800,1,env_labs_standardized.csv,NIAGARA FALLS WATER QUALITY LABORATORY,,TNI01535,,NIAGARA FALLS,New York,,,env_labs,,,,,,,,
ENT-000801,1,env_labs_standardized.csv,"Niceville-Valparaiso Regional Sewer Board, Inc.",,TNI00512,,Niceville,Florida,,,env_labs,,,,,,,,
ENT-000802,1,env_labs_standardized.csv,"NORLITE, LLC",,TNI01718,,COHOES,New York,,,env_labs,,,,,,,,
ENT-000803,1,env_labs_standardized.csv,NORTH AMERICAN TESTING,,TNI02586,,NORWALK,Ohio,,,env_labs,,,,,,,,
ENT-000804,1,env_labs_standardized.csv,North Davis Sewer District Laboratory,,TNI01988,,Syracuse,Utah,,,env_labs,,,,,,,,
ENT-000805,1,env_labs_standardized.csv,"North Shore Analytical, Inc.",,TNI01185,,Duluth,Minnesota,,,env_labs,,,,,,,,
ENT-000806,1,env_labs_standardized.csv,North Shore Water Reclamation District,,TNI02042,,Gurnee,Illinois,,,env_labs,,,,,,,,
ENT-000807,1,env_labs_standardized.csv,North Texas Municipal Water District Environmental Laboratory,,TNI00069,,Wylie,Texas,,,env_labs,,,,,,,,
ENT-000808,1,env_labs_standardized.csv,NORTH TONAWANDA WWTP,,TNI01493,,N TONAWANDA,New York,,,env_labs,,,,,,,,
ENT-000809,1,env_labs_standardized.csv,"North Water District Laboratory Services, Inc. Toxicology Laboratory",,TNI00015,,Conroe,Texas,,,env_labs,,,,,,,,
ENT-000810,1,env_labs_standardized.csv,NORTHEAST OHIO REGIONAL SEWER DISTRICT ANALYTICAL SERVICES (#2238),,TNI02602,,CUYAHOGA HEIGHTS,Ohio,,,env_labs,,,,,,,,
ENT-000811,1,env_labs_standardized.csv,Northeast Texas Public Health District Laboratory,,TNI00048,,Tyler,Texas,,,env_labs,,,,,,,,
ENT-000812,1,env_labs_standardized.csv,NORTHERN WESTCHESTER JOINT WATER WORKS,,TNI01803,,CORTLANDT MANOR,New York,,,env_labs,,,,,,,,
ENT-000813,1,env_labs_standardized.csv,Northrop Grumman Space Systems Environmental Laboratory,,TNI01959,,Corinne,Utah,,,env_labs,,,,,,,,
ENT-000814,1,env_labs_standardized.csv,NOVA ANALYTIC LABS,,TNI02941,,PORTLAND,Maine,,,env_labs,,,,,,,,
ENT-000815,1,env_labs_standardized.csv,"Nova Biologicals, Inc",,TNI02533,,Conroe,Texas,,,env_labs,,,,,,,,
ENT-000816,1,env_labs_standardized.csv,NSF INTERNATIONAL,,TNI01665,,ANN ARBOR,Michigan,,,env_labs,,,,,,,,
ENT-000817,1,env_labs_standardized.csv,NTM Environmental Reference Laboratory,,TNI03081,,Tyler,Texas,,,env_labs,,,,,,,,
ENT-000818,1,env_labs_standardized.csv,NY ENVIRONMENTAL AND ANALYTICAL LABS INC,,TNI01713,,PORT WASHINGTON,New York,,,env_labs,,,,,,,,
ENT-000819,1,env_labs_standardized.csv,NYC DEP BEC - ENVIROMENTAL TESTING LABORATORY,,TNI01643,,CORONA,New York,,,env_labs,,,,,,,,
ENT-000820,1,env_labs_standardized.csv,NYS DOH Environmental Biology Laboratory,,TNI00514,,Albany,New York,,,env_labs,,,,,,,,
ENT-000821,1,env_labs_standardized.csv,NYS DOH Inorganic & Nuclear Chemistry Laboratory,,TNI00515,,Albany,New York,,,env_labs,,,,,,,,
ENT-000822,1,env_labs_standardized.csv,NYS DOH Organic Analytical Chemistry Laboratory,,TNI00516,,Albany,New York,,,env_labs,,,,,,,,
ENT-000823,1,env_labs_standardized.csv,OAKWOOD BEACH PROCESS CONTROL LAB,,TNI01519,,STATEN ISLAND,New York,,,env_labs,,,,,,,,
ENT-000824,1,env_labs_standardized.csv,Obsidian Analytical,,TNI02415,,Golden,Colorado,,,env_labs,,,,,,,,
ENT-000825,1,env_labs_standardized.csv,Occoquan Watershed Monitoring Laboratory,,TNI01253,,Manassas,Virginia,,,env_labs,,,,,,,,
ENT-000826,1,env_labs_standardized.csv,OCL ANALYTICAL SERVICES,,TNI01567,,BLOOMINGBURG,New York,,,env_labs,,,,,,,,
ENT-000827,1,env_labs_standardized.csv,Ogden City Water Treatment Plant,,TNI02551,,Ogden,Utah,,,env_labs,,,,,,,,
ENT-000828,1,env_labs_standardized.csv,Ohio Lumex Analytical Laboratory,,TNI02212,,Solon,Ohio,,,env_labs,,,,,,,,
ENT-000829,1,env_labs_standardized.csv,"Oilfield Environmental & Compliance, Inc. (OEC)",,TNI02666,,Santa Maria,California,,,env_labs,,,,,,,,
ENT-000830,1,env_labs_standardized.csv,Okaloosa County Water and Sewer Laboratory,,TNI00517,,Ft. Walton Beach,Florida,,,env_labs,,,,,,,,
ENT-000831,1,env_labs_standardized.csv,OKLAHOMA STATE ENVIRONMENTAL LABORATORY SERVICES #2338,,TNI02423,,OKLAHOMA CITY,Oklahoma,,,env_labs,,,,,,,,
ENT-000832,1,env_labs_standardized.csv,Olathe Environmental Laboratory,,TNI01925,,Olathe,Kansas,,,env_labs,,,,,,,,
ENT-000833,1,env_labs_standardized.csv,OLEAN (C) WATER TREATMENT PLANT,,TNI01529,,OLEAN,New York,,,env_labs,,,,,,,,
ENT-000834,1,env_labs_standardized.csv,OLEAN WASTEWATER TREATMENT PLT,,TNI01448,,OLEAN,New York,,,env_labs,,,,,,,,
ENT-000835,1,env_labs_standardized.csv,OMIC USA Inc.,,TNI00222,,Portland,Oregon,,,env_labs,,,,,,,,
ENT-000836,1,env_labs_standardized.csv,ONEIDA COUNTY WATER POLLUTION CONTROL,,TNI01419,,UTICA,New York,,,env_labs,,,,,,,,
ENT-000837,1,env_labs_standardized.csv,ONEONTA (C) WATER LABORATORY,,TNI01585,,ONEONTA,New York,,,env_labs,,,,,,,,
ENT-000838,1,env_labs_standardized.csv,ONONDAGA CO WATER AUTHORITY,,TNI01531,,SYRACUSE,New York,,,env_labs,,,,,,,,
ENT-000839,1,env_labs_standardized.csv,ONONDAGA COUNTY DEPT WATER ENV PROTECTIO,,TNI01472,,LIVERPOOL,New York,,,env_labs,,,,,,,,
ENT-000840,1,env_labs_standardized.csv,ONONDAGA COUNTY WATER AUTHORITY OSWEGO LABORATORY,,TNI01484,,OSWEGO,New York,,,env_labs,,,,,,,,
ENT-000841,1,env_labs_standardized.csv,ONTARIO WATER UTILITIES,,TNI01552,,ONTARIO,New York,,,env_labs,,,,,,,,
ENT-000842,1,env_labs_standardized.csv,"Onterris Air Quality Services, LLC",,TNI02266,,Roanoke,Virginia,,,env_labs,,,,,,,,
ENT-000843,1,env_labs_standardized.csv,"Onterris Air Quality Services, LLC - Deer Park",,TNI00172,,Deer Park,Texas,,,env_labs,,,,,,,,
ENT-000844,1,env_labs_standardized.csv,"Onterris Air Quality Services, LLC - Mobile #1",,TNI02489,,Roanoke,Virginia,,,env_labs,,,,,,,,
ENT-000845,1,env_labs_standardized.csv,"Onterris Laboratories, LLC",,TNI02207,,Denver,Colorado,,,env_labs,,,,,,,,
ENT-000846,1,env_labs_standardized.csv,"Onterris Laboratories, LLC",,TNI01235,,El Dorado Hills,California,,,env_labs,,,,,,,,
ENT-000847,1,env_labs_standardized.csv,"Onterris Laboratories, LLC",,TNI01248,,Richmond,Virginia,,,env_labs,,,,,,,,
ENT-000848,1,env_labs_standardized.csv,"Onterris Laboratories, LLC - Anaheim",,TNI02902,,Anaheim,California,,,env_labs,,,,,,,,
ENT-000849,1,env_labs_standardized.csv,"Onterris Laboratories, LLC - Deer Park",,TNI00052,,Deer Park,Texas,,,env_labs,,,,,,,,
ENT-000850,1,env_labs_standardized.csv,"Onterris Laboratories, LLC - Houston",,TNI00035,,Deer Park,Texas,,,env_labs,,,,,,,,
ENT-000851,1,env_labs_standardized.csv,"ONTERRIS LABORATORIES, LLC - MT. PLEASANT",,TNI02583,,MT. PLEASANT,Michigan,,,env_labs,,,,,,,,
ENT-000852,1,env_labs_standardized.csv,"Onterris Laboratories, LLC - Orange",,TNI01207,,Orange,California,,,env_labs,,,,,,,,
ENT-000853,1,env_labs_standardized.csv,Orange County Environmental Protection Division,,TNI00519,,Orlando,Florida,,,env_labs,,,,,,,,
ENT-000854,1,env_labs_standardized.csv,Orange County Sanitation District,,TNI02549,,Fountain Valley,California,,,env_labs,,,,,,,,
ENT-000855,1,env_labs_standardized.csv,Orange County Utilities Central Laboratory,,TNI00520,,Orlando,Florida,,,env_labs,,,,,,,,
ENT-000856,1,env_labs_standardized.csv,"Oregon Department of Environmental Quality, Laboratory and Environmental Assessment Division",,TNI02592,,Hillsboro,Oregon,,,env_labs,,,,,,,,
ENT-000857,1,env_labs_standardized.csv,"Oregon Integrated Labs, LLC",,TNI02621,,Cave Junction,Oregon,,,env_labs,,,,,,,,
ENT-000858,1,env_labs_standardized.csv,Orlando Utilities Commission,,TNI00521,,Orlando,Florida,,,env_labs,,,,,,,,
ENT-000859,1,env_labs_standardized.csv,OSSINING (V) WATER DEPT LAB-INDIAN BROOK,,TNI01584,,OSSINING,New York,,,env_labs,,,,,,,,
ENT-000860,1,env_labs_standardized.csv,OSWEGO WATER TREATMENT PLANT LAB,,TNI01485,,OSWEGO,New York,,,env_labs,,,,,,,,
ENT-000861,1,env_labs_standardized.csv,OTISCO WATER TREATMENT PLANT,,TNI01628,,MARCELLUS,New York,,,env_labs,,,,,,,,
ENT-000862,1,env_labs_standardized.csv,Ott Story MDEQ Superfund Site Laboratory,,TNI02492,,N Muskegon,Michigan,,,env_labs,,,,,,,,
ENT-000863,1,env_labs_standardized.csv,Otto Analytical Lab LLC,,TNI02716,,Lebanon,Oregon,,,env_labs,,,,,,,,
ENT-000864,1,env_labs_standardized.csv,PA DEP BUREAU OF LABORATORIES,,TNI01349,,HARRISBURG,Pennsylvania,,,env_labs,,,,,,,,
ENT-000865,1,env_labs_standardized.csv,"Pace Analytical - Grand Rapids, MI",,TNI00611,,Kentwood,Michigan,,,env_labs,,,,,,,,
ENT-000866,1,env_labs_standardized.csv,Pace Analytical National - Las Vegas,,TNI02891,,Las Vegas,Nevada,,,env_labs,,,,,,,,
ENT-000867,1,env_labs_standardized.csv,Pace Analytical National Center for Testing & Innovation,,TNI01354,,Mount Juliet,Tennessee,,,env_labs,,,,,,,,
ENT-000868,1,env_labs_standardized.csv,Pace Analytical National Center for Testing & Innovation - Davis,,TNI01222,,Sacramento,California,,,env_labs,,,,,,,,
ENT-000869,1,env_labs_standardized.csv,Pace Analytical Services - Tampa,,TNI00571,,Oldsmar,Florida,,,env_labs,,,,,,,,
ENT-000870,1,env_labs_standardized.csv,Pace Analytical Services LLC  New Orleans,,TNI01398,,St. Rose,Louisiana,,,env_labs,,,,,,,,
ENT-000871,1,env_labs_standardized.csv,Pace Analytical Services LLC - Greensburg PA,,TNI02141,,Greensburg,Pennsylvania,,,env_labs,,,,,,,,
ENT-000872,1,env_labs_standardized.csv,PACE ANALYTICAL SERVICES LLC - MA,,TNI01060,,WOBURN,Massachusetts,,,env_labs,,,,,,,,
ENT-000873,1,env_labs_standardized.csv,"Pace Analytical Services LLC - Williamsport, PA",,TNI02269,,Williamsport,Pennsylvania,,,env_labs,,,,,,,,
ENT-000874,1,env_labs_standardized.csv,Pace Analytical Services LLC Baton Rouge,,TNI01376,,Baton Rouge,Louisiana,,,env_labs,,,,,,,,
ENT-000875,1,env_labs_standardized.csv,PACE ANALYTICAL SERVICES LLC MANSFIELD MA (120 FORBES),,TNI02820,,MANSFIELD,Massachusetts,,,env_labs,,,,,,,,
ENT-000876,1,env_labs_standardized.csv,"Pace Analytical Services, Inc - Frontenac",,TNI02535,,Frontenac,Kansas,,,env_labs,,,,,,,,
ENT-000877,1,env_labs_standardized.csv,"Pace Analytical Services, Inc - Indianapolis",,TNI02099,,Indianapolis,Indiana,,,env_labs,,,,,,,,
ENT-000878,1,env_labs_standardized.csv,"Pace Analytical Services, Inc. - Salina",,TNI01935,,Salina,Kansas,,,env_labs,,,,,,,,
ENT-000879,1,env_labs_standardized.csv,"Pace Analytical Services, LLC - Altoona, PA",,TNI02189,,Altoona,Pennsylvania,,,env_labs,,,,,,,,
ENT-000880,1,env_labs_standardized.csv,"Pace Analytical Services, LLC - Asheville NC",,TNI00524,,Asheville,North Carolina,,,env_labs,,,,,,,,
ENT-000881,1,env_labs_standardized.csv,"Pace Analytical Services, LLC - Beaver WV",,TNI00546,,Beaver,West Virginia,,,env_labs,,,,,,,,
ENT-000882,1,env_labs_standardized.csv,"Pace Analytical Services, LLC - Dallas, TX",,TNI00038,,Allen,Texas,,,env_labs,,,,,,,,
ENT-000883,1,env_labs_standardized.csv,"Pace Analytical Services, LLC - Duluth, MN",,TNI01090,,Duluth,Minnesota,,,env_labs,,,,,,,,
ENT-000884,1,env_labs_standardized.csv,"PACE ANALYTICAL SERVICES, LLC - EAST LONGMEADOW, MA",,TNI01620,,EAST LONGMEADOW,Massachusetts,,,env_labs,,,,,,,,
ENT-000885,1,env_labs_standardized.csv,"Pace Analytical Services, LLC - Eden NC",,TNI01252,,Eden,North Carolina,,,env_labs,,,,,,,,
ENT-000886,1,env_labs_standardized.csv,"Pace Analytical Services, LLC - Englewood, OH",,TNI02534,,Englewood,Ohio,,,env_labs,,,,,,,,
ENT-000887,1,env_labs_standardized.csv,"Pace Analytical Services, LLC - Erie",,TNI02647,,Erie,Pennsylvania,,,env_labs,,,,,,,,
ENT-000888,1,env_labs_standardized.csv,"PACE ANALYTICAL SERVICES, LLC - EWING",,TNI02425,,EWING,New Jersey,,,env_labs,,,,,,,,
ENT-000889,1,env_labs_standardized.csv,"Pace Analytical Services, LLC - Greenville SC",,TNI00272,,Greenville,South Carolina,,,env_labs,,,,,,,,
ENT-000890,1,env_labs_standardized.csv,"Pace Analytical Services, LLC - Huntersville NC",,TNI00525,,Huntersville,North Carolina,,,env_labs,,,,,,,,
ENT-000891,1,env_labs_standardized.csv,"Pace Analytical Services, LLC - Kentucky - Pikeville",,TNI02490,,Pikeville,Kentucky,,,env_labs,,,,,,,,
ENT-000892,1,env_labs_standardized.csv,"Pace Analytical Services, LLC - Lenexa KS",,TNI01917,,Lenexa,Kansas,,,env_labs,,,,,,,,
ENT-000893,1,env_labs_standardized.csv,"Pace Analytical Services, LLC - Lexington VA",,TNI00548,,Lexington,Virginia,,,env_labs,,,,,,,,
ENT-000894,1,env_labs_standardized.csv,"Pace Analytical Services, LLC - Madisonville",,TNI02188,,Madisonville,Kentucky,,,env_labs,,,,,,,,
ENT-000895,1,env_labs_standardized.csv,"PACE ANALYTICAL SERVICES, LLC - MELVILLE, NY",,TNI01559,,MELVILLE,New York,,,env_labs,,,,,,,,
ENT-000896,1,env_labs_standardized.csv,"Pace Analytical Services, LLC - Minneapolis MN",,TNI00223,,Minneapolis,Minnesota,,,env_labs,,,,,,,,
ENT-000897,1,env_labs_standardized.csv,"Pace Analytical Services, LLC - Ormond Beach FL",,TNI00527,,Ormond Beach,Florida,,,env_labs,,,,,,,,
ENT-000898,1,env_labs_standardized.csv,"Pace Analytical Services, LLC - Sheridan, WY",,TNI02261,,Sheridan,Wyoming,,,env_labs,,,,,,,,
ENT-000899,1,env_labs_standardized.csv,"Pace Analytical Services, LLC - Springfield, MO",,TNI02780,,Springfield,Missouri,,,env_labs,,,,,,,,
ENT-000900,1,env_labs_standardized.csv,"Pace Analytical Services, LLC - Virginia MN",,TNI02156,,Virginia,Minnesota,,,env_labs,,,,,,,,
ENT-000901,1,env_labs_standardized.csv,"Pace Analytical Services, LLC - West Columbia SC",,TNI00560,,West Columbia,South Carolina,,,env_labs,,,,,,,,
ENT-000902,1,env_labs_standardized.csv,"Pace Analytical Services, LLC - Wysox",,TNI02601,,Wysox,Pennsylvania,,,env_labs,,,,,,,,
ENT-000903,1,env_labs_standardized.csv,"Pace Analytical Services, LLC -- Bakersfield",,TNI02286,,Bakersfield,California,,,env_labs,,,,,,,,
ENT-000904,1,env_labs_standardized.csv,"Pace Analytical Services, LLC – Hazelwood, Missouri",,TNI02102,,Hazelwood,Missouri,,,env_labs,,,,,,,,
ENT-000905,1,env_labs_standardized.csv,"Pace Analytical Services, LLC – McHenry, Illinois",,TNI02036,,McHenry,Illinois,,,env_labs,,,,,,,,
ENT-000906,1,env_labs_standardized.csv,"Pace Analytical Services, LLC- Atlanta GA",,TNI00271,,Peachtree Corners,Georgia,,,env_labs,,,,,,,,
ENT-000907,1,env_labs_standardized.csv,"Pace Analytical Services, LLC- Green Bay WI",,TNI00523,,Green Bay,Wisconsin,,,env_labs,,,,,,,,
ENT-000908,1,env_labs_standardized.csv,"PACE ANALYTICAL SERVICES, LLC-FAIRFIELD",,TNI01277,,FAIRFIELD,New Jersey,,,env_labs,,,,,,,,
ENT-000909,1,env_labs_standardized.csv,"Pace Analytical Services, LLC-Indiana",,TNI02271,,Indiana,Pennsylvania,,,env_labs,,,,,,,,
ENT-000910,1,env_labs_standardized.csv,"PACE ANALYTICAL SERVICES, LLC-NEWBURGH",,TNI01452,,NEWBURGH,New York,,,env_labs,,,,,,,,
ENT-000911,1,env_labs_standardized.csv,"Pace Analytical Services, LLC-Pompano FL",,TNI00439,,Pompano Beach,Florida,,,env_labs,,,,,,,,
ENT-000912,1,env_labs_standardized.csv,"Pace Analytical Services, LLC.- Peoria",,TNI02044,,Peoria,Illinois,,,env_labs,,,,,,,,
ENT-000913,1,env_labs_standardized.csv,"PACE ANALYTICAL SERVICES,LLC-BALLSTON SPA",,TNI01720,,BALLSTON SPA,New York,,,env_labs,,,,,,,,
ENT-000914,1,env_labs_standardized.csv,PACE ANALYTICALSERVICES LLC WESTBOROUGH MA,,TNI01316,,WESTBOROUGH,Massachusetts,,,env_labs,,,,,,,,
ENT-000915,1,env_labs_standardized.csv,PacGenomics Environmental Division Laboratory,,TNI03061,,Agoura Hills,California,,,env_labs,,,,,,,,
ENT-000916,1,env_labs_standardized.csv,Pacific EcoRisk,,TNI01225,,Fairfield,California,,,env_labs,,,,,,,,
ENT-000917,1,env_labs_standardized.csv,Pacific EcoRisk,,TNI02755,,Fairfiled,California,,,env_labs,,,,,,,,
ENT-000918,1,env_labs_standardized.csv,"Pacific Rim Laboratories, Inc.",,TNI00529,,Surrey,British Columbia,,,env_labs,,,,,,,,
ENT-000919,1,env_labs_standardized.csv,Pacific Water Analytics,,TNI02816,,Eugene,Oregon,,,env_labs,,,,,,,,
ENT-000920,1,env_labs_standardized.csv,Packaging Corporation of America - Valdosta Mill,,TNI00530,,Valdosta,Georgia,,,env_labs,,,,,,,,
ENT-000921,1,env_labs_standardized.csv,Palm Beach County Water Utilities,,TNI00531,,Delray Beach,Florida,,,env_labs,,,,,,,,
ENT-000922,1,env_labs_standardized.csv,PANEK LABORATORY LLC DBA JLI ENVIRONMENTAL LABORATORIES,,TNI01434,,AUBURN,New York,,,env_labs,,,,,,,,
ENT-000923,1,env_labs_standardized.csv,PARADIGM ENVIRONMENTAL SERVICES INC,,TNI01631,,ROCHESTER,New York,,,env_labs,,,,,,,,
ENT-000924,1,env_labs_standardized.csv,"Paragon Laboratories, Inc.",,TNI02754,,Livonia,Michigan,,,env_labs,,,,,,,,
ENT-000925,1,env_labs_standardized.csv,Pasco County Utilities Environmental Laboratory,,TNI00533,,New Port Richey,Florida,,,env_labs,,,,,,,,
ENT-000926,1,env_labs_standardized.csv,PAUL SMITH'S COLLEGE ADIRONDACK WATERSHED INSTITUTE,,TNI02790,,PAUL SMITHS,New York,,,env_labs,,,,,,,,
ENT-000927,1,env_labs_standardized.csv,Peace River Manasota Regional Water Supply Authority,,TNI02511,,Arcadia,Florida,,,env_labs,,,,,,,,
ENT-000928,1,env_labs_standardized.csv,Pendleton Wastewater Treatment Plant,,TNI00225,,Pendleton,Oregon,,,env_labs,,,,,,,,
ENT-000929,1,env_labs_standardized.csv,"Perma-Fix Analytical Services Laboratory - Perma-Fix of Florida, Inc.",,TNI02757,,Gainesville,Florida,,,env_labs,,,,,,,,
ENT-000930,1,env_labs_standardized.csv,"Permian Basin Environmental Lab, LP",,TNI02209,,Midland,Texas,,,env_labs,,,,,,,,
ENT-000931,1,env_labs_standardized.csv,PGA Wastewater Treatment Facility - Seacoast Utility Authority,,TNI00536,,Palm Beach Gardens,Florida,,,env_labs,,,,,,,,
ENT-000932,1,env_labs_standardized.csv,Phase Separation Science Inc,,TNI02142,,Baltimore,Maryland,,,env_labs,,,,,,,,
ENT-000933,1,env_labs_standardized.csv,PHIGENICS ANALYTICAL SERVICES LABORATORY - FAYETTEVILLE,,TNI02788,,FAYETTEVILLE,Arkansas,,,env_labs,,,,,,,,
ENT-000934,1,env_labs_standardized.csv,PHILIS Analytical Laboratory (PAL),,TNI02200,,Castle Rock,Colorado,,,env_labs,,,,,,,,
ENT-000935,1,env_labs_standardized.csv,PHILIS ANALYTICAL PORTABLE LABORATORY (APL01),,TNI02273,,EDISON,New Jersey,,,env_labs,,,,,,,,
ENT-000936,1,env_labs_standardized.csv,PHILIS Laboratory Unit (PLU),,TNI02445,,Castle Rock,Colorado,,,env_labs,,,,,,,,
ENT-000937,1,env_labs_standardized.csv,PHOENIX ENVIRONMENTAL LABS,,TNI01678,,MANCHESTER,Connecticut,,,env_labs,,,,,,,,
ENT-000938,1,env_labs_standardized.csv,"Phoslab Environmental Services, Inc.",,TNI00537,,Lakeland,Florida,,,env_labs,,,,,,,,
ENT-000939,1,env_labs_standardized.csv,Pinellas County Utilities Laboratory,,TNI00538,,Largo,Florida,,,env_labs,,,,,,,,
ENT-000940,1,env_labs_standardized.csv,Pinnacle Analytics,,TNI02604,,Medford,Oregon,,,env_labs,,,,,,,,
ENT-000941,1,env_labs_standardized.csv,Pittsburg Municipal Wastewater Laboratory,,TNI01930,,Pittsburg,Kansas,,,env_labs,,,,,,,,
ENT-000942,1,env_labs_standardized.csv,PLATTSBURGH WPCP LABORATORY,,TNI01439,,PLATTSBURGH,New York,,,env_labs,,,,,,,,
ENT-000943,1,env_labs_standardized.csv,Polk County Natural Resources Division,,TNI00540,,Bartow,Florida,,,env_labs,,,,,,,,
ENT-000944,1,env_labs_standardized.csv,PORT WASHINGTON WPCD,,TNI01489,,PORT WASHINGTON,New York,,,env_labs,,,,,,,,
ENT-000945,1,env_labs_standardized.csv,Portland Water Bureau Laboratory,,TNI00226,,Portland,Oregon,,,env_labs,,,,,,,,
ENT-000946,1,env_labs_standardized.csv,Portsmouth Analytical Laboratory,,TNI02008,,Piketon,Ohio,,,env_labs,,,,,,,,
ENT-000947,1,env_labs_standardized.csv,POTSDAM SPECIALITY PAPER INC.,,TNI01599,,POTSDAM,New York,,,env_labs,,,,,,,,
ENT-000948,1,env_labs_standardized.csv,POUGHKEEPSIES' WATER TREATMENT FACILITY,,TNI02521,,POUGHKEEPSIE,New York,,,env_labs,,,,,,,,
ENT-000949,1,env_labs_standardized.csv,"Precision Analytical Laboratories, LLC",,TNI02742,,Everett,Washington,,,env_labs,,,,,,,,
ENT-000950,1,env_labs_standardized.csv,"Precision Petroleum Labs, Inc.",,TNI00016,,Houston,Texas,,,env_labs,,,,,,,,
ENT-000951,1,env_labs_standardized.csv,PREE Laboratories,,TNI02501,,Corvallis,Oregon,,,env_labs,,,,,,,,
ENT-000952,1,env_labs_standardized.csv,PREE Laboratories LLC,,TNI02456,,Clackamas,Oregon,,,env_labs,,,,,,,,
ENT-000953,1,env_labs_standardized.csv,PriorityLab,,TNI02758,,Fort Lauderdale,Florida,,,env_labs,,,,,,,,
ENT-000954,1,env_labs_standardized.csv,"Professional Environmental Testing and Consulting, LLC",,TNI02393,,Davie,Florida,,,env_labs,,,,,,,,
ENT-000955,1,env_labs_standardized.csv,"Professional Testing Labs, Inc.",,TNI02675,,Medford,Oregon,,,env_labs,,,,,,,,
ENT-000956,1,env_labs_standardized.csv,Provo Water Resources Laboratory,,TNI01990,,Provo,Utah,,,env_labs,,,,,,,,
ENT-000957,1,env_labs_standardized.csv,"PSTC Food Chemistry, Inc.",,TNI01932,,Salina,Kansas,,,env_labs,,,,,,,,
ENT-000958,1,env_labs_standardized.csv,Q LABS LLC,,TNI02791,,CINCINNATI,Ohio,,,env_labs,,,,,,,,
ENT-000959,1,env_labs_standardized.csv,QUEENSBURY LABORATORY,,TNI01579,,QUEENSBURY,New York,,,env_labs,,,,,,,,
ENT-000960,1,env_labs_standardized.csv,QUEST DIAGNOSTICS INCORPORATED,,TNI03021,,CLIFTON,New Jersey,,,env_labs,,,,,,,,
ENT-000961,1,env_labs_standardized.csv,"R&C Joy, Inc.",,TNI00149,,Katy,Texas,,,env_labs,,,,,,,,
ENT-000962,1,env_labs_standardized.csv,R&J LABORATORIES,,TNI01571,,PENN YAN,New York,,,env_labs,,,,,,,,
ENT-000963,1,env_labs_standardized.csv,RADIATION SAFETY SERVICES INC (RSSI),,TNI01874,,MORTON GROVE,Illinois,,,env_labs,,,,,,,,
ENT-000964,1,env_labs_standardized.csv,RADONOVA,,TNI02421,,UPPSALA,Not Applicable,,,env_labs,,,,,,,,
ENT-000965,1,env_labs_standardized.csv,Ramboll US Corporation,,TNI01384,,Brentwood,Tennessee,,,env_labs,,,,,,,,
ENT-000966,1,env_labs_standardized.csv,"Rayonier Performance Fibers, LLC.",,TNI00544,,Fernandina Beach,Florida,,,env_labs,,,,,,,,
ENT-000967,1,env_labs_standardized.csv,Red River Authority of Texas Environmental Services Laboratory,,TNI00064,,Wichita Falls,Texas,,,env_labs,,,,,,,,
ENT-000968,1,env_labs_standardized.csv,Red Wing City Laboratory,,TNI01152,,Red Wing,Minnesota,,,env_labs,,,,,,,,
ENT-000969,1,env_labs_standardized.csv,Reference Labs LLC,,TNI02504,,Tigard,Oregon,,,env_labs,,,,,,,,
ENT-000970,1,env_labs_standardized.csv,REGIONAL WATER AUTHORITY (#2239),,TNI01819,,NEW HAVEN,Connecticut,,,env_labs,,,,,,,,
ENT-000971,1,env_labs_standardized.csv,RENSSELAER COUNTY SEWER DISTRICT #1,,TNI01437,,TROY,New York,,,env_labs,,,,,,,,
ENT-000972,1,env_labs_standardized.csv,Research Triangle Institute,,TNI01400,,Research Triangle Park,North Carolina,,,env_labs,,,,,,,,
ENT-000973,1,env_labs_standardized.csv,"RESOLUTION ANALYTICS, INC.",,TNI02272,,APEX,North Carolina,,,env_labs,,,,,,,,
ENT-000974,1,env_labs_standardized.csv,Richards Laboratories of Utah Inc.,,TNI01991,,Pleasant Grove,Utah,,,env_labs,,,,,,,,
ENT-000975,1,env_labs_standardized.csv,Rio Tinto Kennecott Environmental and Industrial Hygiene Laboratory,,TNI01986,,Magna,Utah,,,env_labs,,,,,,,,
ENT-000976,1,env_labs_standardized.csv,RJ Analytical LLC,,TNI01992,,Pleasant View,Utah,,,env_labs,,,,,,,,
ENT-000977,1,env_labs_standardized.csv,"RJ Lee Group, Inc.",,TNI02146,,Monroeville,Pennsylvania,,,env_labs,,,,,,,,
ENT-000978,1,env_labs_standardized.csv,"RJ Lee Group, Inc./Columbia Basin Analytical Laboratories",,TNI01797,,Pasco,Washington,,,env_labs,,,,,,,,
ENT-000979,1,env_labs_standardized.csv,"RMB Environmental Laboratories, Inc - Burnsville",,TNI02523,,Burnsville,Minnesota,,,env_labs,,,,,,,,
ENT-000980,1,env_labs_standardized.csv,"RMB Environmental Laboratories, Inc. - Virginia",,TNI02598,,Virginia,Minnesota,,,env_labs,,,,,,,,
ENT-000981,1,env_labs_standardized.csv,"RMB Environmental Laboratories, Inc.- Detroit Lakes",,TNI01182,,Detroit Lakes,Minnesota,,,env_labs,,,,,,,,
ENT-000982,1,env_labs_standardized.csv,RMB-Pequot Lakes,,TNI02970,,Pequot Lakes,Minnesota,,,env_labs,,,,,,,,
ENT-000983,1,env_labs_standardized.csv,ROCHESTER (C) WATER BUREAU,,TNI01483,,HEMLOCK,New York,,,env_labs,,,,,,,,
ENT-000984,1,env_labs_standardized.csv,Rochester Public Utilities,,TNI01124,,Rochester,Minnesota,,,env_labs,,,,,,,,
ENT-000985,1,env_labs_standardized.csv,ROCKLAND COUNTY SEWER DISTRICT 1,,TNI01548,,ORANGEBURG,New York,,,env_labs,,,,,,,,
ENT-000986,1,env_labs_standardized.csv,Rogue Research Lab LLC,,TNI02502,,Rogue River,Oregon,,,env_labs,,,,,,,,
ENT-000987,1,env_labs_standardized.csv,Rose City Laboratories,,TNI02462,,Portland,Oregon,,,env_labs,,,,,,,,
ENT-000988,1,env_labs_standardized.csv,"RTCA-RADON TESTING CORPORATION OF AMERICA, INC",,TNI01608,,ELMSFORD,New York,,,env_labs,,,,,,,,
ENT-000989,1,env_labs_standardized.csv,RTI International,,TNI02672,,Durham,North Carolina,,,env_labs,,,,,,,,
ENT-000990,1,env_labs_standardized.csv,"RTI Laboratories, Inc.",,TNI01993,,Livonia,Michigan,,,env_labs,,,,,,,,
ENT-000991,1,env_labs_standardized.csv,S and S Onsite Analytical Ltd,,TNI02352,,Findlay,Ohio,,,env_labs,,,,,,,,
ENT-000992,1,env_labs_standardized.csv,"SABAN ANALYTICAL, LLC",,TNI02537,,LYNDHURST,New Jersey,,,env_labs,,,,,,,,
ENT-000993,1,env_labs_standardized.csv,Sabetha Municipal Wastewater Laboratory,,TNI01931,,Sabetha,Kansas,,,env_labs,,,,,,,,
ENT-000994,1,env_labs_standardized.csv,Sabine River Authority of Texas,,TNI00057,,Orange,Texas,,,env_labs,,,,,,,,
ENT-000995,1,env_labs_standardized.csv,SAFETY-KLEEN CORP-BUFFALO,,TNI01735,,BUFFALO,New York,,,env_labs,,,,,,,,
ENT-000996,1,env_labs_standardized.csv,Saint Paul Regional Water Services,,TNI01074,,St Paul,Minnesota,,,env_labs,,,,,,,,
ENT-000997,1,env_labs_standardized.csv,Salt Lake City Water Reclamation Plant Lab,,TNI01994,,Salt Lake City,Utah,,,env_labs,,,,,,,,
ENT-000998,1,env_labs_standardized.csv,San Antonio Metropolitan Health District,,TNI00113,,San Antonio,Texas,,,env_labs,,,,,,,,
ENT-000999,1,env_labs_standardized.csv,San Antonio River Authority Regional Environmental Laboratory,,TNI00053,,San Antonio,Texas,,,env_labs,,,,,,,,
ENT-001000,1,env_labs_standardized.csv,San Antonio Water System Environmental Laboratory,,TNI00105,,San Antonio,Texas,,,env_labs,,,,,,,,
ENT-001001,1,env_labs_standardized.csv,"SanAir Technologies Laboratory, Inc.",,TNI02295,,North Chesterfield,Virginia,,,env_labs,,,,,,,,
ENT-001002,1,env_labs_standardized.csv,"SANAIR TECHNOLOGIES LABORATORY, INC.",,TNI01798,,SYRACUSE,New York,,,env_labs,,,,,,,,
ENT-001003,1,env_labs_standardized.csv,Sangamon County Water Reclamation District,,TNI02546,,Springfield,Illinois,,,env_labs,,,,,,,,
ENT-001004,1,env_labs_standardized.csv,Sanitation District No 1 Analytical Laboratory,,TNI02247,,Villa Hills,Kentucky,,,env_labs,,,,,,,,
ENT-001005,1,env_labs_standardized.csv,Sapphire Americas,,TNI01885,,Chanute,Kansas,,,env_labs,,,,,,,,
ENT-001006,1,env_labs_standardized.csv,Sarasota County Utilities - Pump Station #2 Laboratory,,TNI00555,,Sarasota,Florida,,,env_labs,,,,,,,,
ENT-001007,1,env_labs_standardized.csv,Sarasota County Utilities - T. Mabry Carlton Water Treatment Plant Laboratory,,TNI00556,,Venice,Florida,,,env_labs,,,,,,,,
ENT-001008,1,env_labs_standardized.csv,SARATOGA CO SEWER DIS 1,,TNI01494,,MECHANICVILLE,New York,,,env_labs,,,,,,,,
ENT-001009,1,env_labs_standardized.csv,SC Laboratories Oregon LLC,,TNI02474,,Tigard,Oregon,,,env_labs,,,,,,,,
ENT-001010,1,env_labs_standardized.csv,SCDPW SANITATION DIVISION LABORATORY,,TNI01436,,WEST BABYLON,New York,,,env_labs,,,,,,,,
ENT-001011,1,env_labs_standardized.csv,SCHENECTADY (C) WATER LABORATORY,,TNI01471,,SCHENECTADY,New York,,,env_labs,,,,,,,,
ENT-001012,1,env_labs_standardized.csv,"Schneider Laboratories Global, Inc.",,TNI01693,,Richmond,Virginia,,,env_labs,,,,,,,,
ENT-001013,1,env_labs_standardized.csv,"SCIENTIFIC ANALYTICAL INSTITUTE, INC.",,TNI01850,,GREENSBORO,North Carolina,,,env_labs,,,,,,,,
ENT-001014,1,env_labs_standardized.csv,"Scientific Control Laboratory, Inc.",,TNI02047,,Chicago,Illinois,,,env_labs,,,,,,,,
ENT-001015,1,env_labs_standardized.csv,"SDK Laboratories, Inc.",,TNI01905,,Hutchinson,Kansas,,,env_labs,,,,,,,,
ENT-001016,1,env_labs_standardized.csv,SE Utah District Health Department Laboratory,,TNI01995,,Price,Utah,,,env_labs,,,,,,,,
ENT-001017,1,env_labs_standardized.csv,SEACOAST ANALYTICAL SERVICES LLC (#1733),,TNI01062,,LEE,New Hampshire,,,env_labs,,,,,,,,
ENT-001018,1,env_labs_standardized.csv,Seacoast Utility Authority - Central Lab,,TNI00557,,Palm Beach Gardens,Florida,,,env_labs,,,,,,,,
ENT-001019,1,env_labs_standardized.csv,Seminole Electric Cooperative Inc.,,TNI02641,,Palatka,Florida,,,env_labs,,,,,,,,
ENT-001020,1,env_labs_standardized.csv,"Servi-Tech, Inc",,TNI01890,,Dodge City,Kansas,,,env_labs,,,,,,,,
ENT-001021,1,env_labs_standardized.csv,"ServiTech, Inc. - Amarillo Location",,TNI00055,,Amarillo,Texas,,,env_labs,,,,,,,,
ENT-001022,1,env_labs_standardized.csv,SGS AXYS Analytical Services Ltd.,,TNI00279,,Sidney,British Columbia,,,env_labs,,,,,,,,
ENT-001023,1,env_labs_standardized.csv,"SGS Korea Co., Ltd.",,TNI02417,,Anyang-si,Not Applicable,,,env_labs,,,,,,,,
ENT-001024,1,env_labs_standardized.csv,SGS NA Mineral Services,,TNI02513,,Sophia,West Virginia,,,env_labs,,,,,,,,
ENT-001025,1,env_labs_standardized.csv,SGS North America Inc,,TNI01996,,Huntington,Utah,,,env_labs,,,,,,,,
ENT-001026,1,env_labs_standardized.csv,SGS North America Inc - Scott,,TNI01404,,Scott,Louisiana,,,env_labs,,,,,,,,
ENT-001027,1,env_labs_standardized.csv,SGS North America Inc - Wilmington NC,,TNI00558,,Wilmington,North Carolina,,,env_labs,,,,,,,,
ENT-001028,1,env_labs_standardized.csv,SGS North America Inc.  Houston,,TNI00031,,Houston,Texas,,,env_labs,,,,,,,,
ENT-001029,1,env_labs_standardized.csv,SGS NORTH AMERICA INC. - DAYTON,,TNI01283,,DAYTON,New Jersey,,,env_labs,,,,,,,,
ENT-001030,1,env_labs_standardized.csv,SGS North America Inc. - Wheat Ridge,,TNI01950,,Wheat Ridge,Colorado,,,env_labs,,,,,,,,
ENT-001031,1,env_labs_standardized.csv,"SGS NORTH AMERICA, INC.",,TNI01736,,EAST SYRACUSE,New York,,,env_labs,,,,,,,,
ENT-001032,1,env_labs_standardized.csv,"SGS North America, Inc. - Clovis",,TNI01206,,Clovis,California,,,env_labs,,,,,,,,
ENT-001033,1,env_labs_standardized.csv,"SGS North America, Inc. - Orlando",,TNI00247,,Orlando,Florida,,,env_labs,,,,,,,,
ENT-001034,1,env_labs_standardized.csv,SGS Silver State Analytical Laboratories - Reno,,TNI02794,,Reno,Nevada,,,env_labs,,,,,,,,
ENT-001035,1,env_labs_standardized.csv,"Shale Testing Solutions, LLC",,TNI02291,,Cadiz,Ohio,,,env_labs,,,,,,,,
ENT-001036,1,env_labs_standardized.csv,"SKG Engineering, LLC",,TNI00047,,San Angelo,Texas,,,env_labs,,,,,,,,
ENT-001037,1,env_labs_standardized.csv,Snyderville Basin Water Reclamation District,,TNI01997,,Park City,Utah,,,env_labs,,,,,,,,
ENT-001038,1,env_labs_standardized.csv,SOUTH  CENTER CHAUTAUQUA LAKE SEWER DISTRICT,,TNI01442,,CELORON,New York,,,env_labs,,,,,,,,
ENT-001039,1,env_labs_standardized.csv,South Bay Environmental Laboratory,,TNI00566,,Clewiston,Florida,,,env_labs,,,,,,,,
ENT-001040,1,env_labs_standardized.csv,South Central Regional Waste Water Treatment Plant Laboratory,,TNI02112,,Delray Beach,Florida,,,env_labs,,,,,,,,
ENT-001041,1,env_labs_standardized.csv,South Florida Water Management District Chemistry Laboratory,,TNI00567,,West Palm Beach,Florida,,,env_labs,,,,,,,,
ENT-001042,1,env_labs_standardized.csv,South Valley Water Reclamation Facility,,TNI01998,,West Jordan,Utah,,,env_labs,,,,,,,,
ENT-001043,1,env_labs_standardized.csv,South Walton Utility Company Wastewater Treatment Plant,,TNI00568,,Miramar Beach,Florida,,,env_labs,,,,,,,,
ENT-001044,1,env_labs_standardized.csv,Southeast Environmental Research Center Mercury Laboratory Florida International University,,TNI00570,,Miami,Florida,,,env_labs,,,,,,,,
ENT-001045,1,env_labs_standardized.csv,Southeastern Minnesota Water Analysis Laboratory,,TNI01186,,Rochester,Minnesota,,,env_labs,,,,,,,,
ENT-001046,1,env_labs_standardized.csv,SOUTHERN CAYUGA LAKE INTERMUNICIPAL WATER,,TNI01522,,ITHACA,New York,,,env_labs,,,,,,,,
ENT-001047,1,env_labs_standardized.csv,Southern Nevada Water Authority (SNWA) Water Quality (WQ) Laboratory,,TNI02751,,Henderson,Nevada,,,env_labs,,,,,,,,
ENT-001048,1,env_labs_standardized.csv,"Southern Research Laboratories, Inc.",,TNI00572,,Altamonte Springs,Florida,,,env_labs,,,,,,,,
ENT-001049,1,env_labs_standardized.csv,Southern Utah University Water Laboratory,,TNI01999,,Cedar City,Utah,,,env_labs,,,,,,,,
ENT-001050,1,env_labs_standardized.csv,Southwest Florida Water Management District,,TNI00573,,Brooksville,Florida,,,env_labs,,,,,,,,
ENT-001051,1,env_labs_standardized.csv,Southwest Health and Human Services,,TNI01079,,Marshall,Minnesota,,,env_labs,,,,,,,,
ENT-001052,1,env_labs_standardized.csv,Southwest Research Institute,,TNI00024,,San Antonio,Texas,,,env_labs,,,,,,,,
ENT-001053,1,env_labs_standardized.csv,Southwest Utah Public Health Laboratory,,TNI02252,,St. George,Utah,,,env_labs,,,,,,,,
ENT-001054,1,env_labs_standardized.csv,SPEC LAB LLC,,TNI02896,,Eugene,Oregon,,,env_labs,,,,,,,,
ENT-001055,1,env_labs_standardized.csv,Specialty Analytical,,TNI02773,,Clackamas,Oregon,,,env_labs,,,,,,,,
ENT-001056,1,env_labs_standardized.csv,Spectrum laboratories,,TNI02552,,Layton,Utah,,,env_labs,,,,,,,,
ENT-001057,1,env_labs_standardized.csv,Spheros Environmental,,TNI02491,,Port Gamble,Washington,,,env_labs,,,,,,,,
ENT-001058,1,env_labs_standardized.csv,Spheros Environmental Group Parent Inc.,,TNI00464,,Alachua,Florida,,,env_labs,,,,,,,,
ENT-001059,1,env_labs_standardized.csv,SPL - Reading,,TNI02148,,Reading,Pennsylvania,,,env_labs,,,,,,,,
ENT-001060,1,env_labs_standardized.csv,SPL – Round Rock,,TNI00023,,Round Rock,Texas,,,env_labs,,,,,,,,
ENT-001061,1,env_labs_standardized.csv,"SPL, Inc – Kilgore",,TNI00014,,Kilgore,Texas,,,env_labs,,,,,,,,
ENT-001062,1,env_labs_standardized.csv,"SPL, Inc. – Plano",,TNI00036,,Plano,Texas,,,env_labs,,,,,,,,
ENT-001063,1,env_labs_standardized.csv,"SPL, Inc.-Conroe",,TNI00040,,Conroe,Texas,,,env_labs,,,,,,,,
ENT-001064,1,env_labs_standardized.csv,Spring Street Analytical Laboratory,,TNI00229,,Klamath Falls,Oregon,,,env_labs,,,,,,,,
ENT-001065,1,env_labs_standardized.csv,SRN Testing Services,,TNI02690,,Bartlett,Illinois,,,env_labs,,,,,,,,
ENT-001066,1,env_labs_standardized.csv,St George RWRF Laboratory,,TNI02000,,St George,Utah,,,env_labs,,,,,,,,
ENT-001067,1,env_labs_standardized.csv,St. Cloud Public Utilities - Water,,TNI01086,,St Cloud,Minnesota,,,env_labs,,,,,,,,
ENT-001068,1,env_labs_standardized.csv,St. Johns County Utility Department Environmental Laboratory,,TNI00577,,St. Augustine,Florida,,,env_labs,,,,,,,,
ENT-001069,1,env_labs_standardized.csv,St. Johns River Water Management District,,TNI00578,,Palatka,Florida,,,env_labs,,,,,,,,
ENT-001070,1,env_labs_standardized.csv,St. Petersburg Environmental Compliance Division Laboratory,,TNI00579,,St. Petersburg,Florida,,,env_labs,,,,,,,,
ENT-001071,1,env_labs_standardized.csv,State Hygienic Laboratory at The University of Iowa - Ankeny,,TNI01231,,Ankeny,Iowa,,,env_labs,,,,,,,,
ENT-001072,1,env_labs_standardized.csv,State Hygienic Laboratory at The University of Iowa - Coralville,,TNI01227,,Coralville,Iowa,,,env_labs,,,,,,,,
ENT-001073,1,env_labs_standardized.csv,State Hygienic Laboratory at The University of Iowa - Lakeside,,TNI02235,,Milford,Iowa,,,env_labs,,,,,,,,
ENT-001074,1,env_labs_standardized.csv,Sterling Labs (fka Environmental Monitoring and Tech),,TNI02029,,Des Plaines,Illinois,,,env_labs,,,,,,,,
ENT-001075,1,env_labs_standardized.csv,Sterling Labs (fka STAT Analytical),,TNI00230,,Chicago,Illinois,,,env_labs,,,,,,,,
ENT-001076,1,env_labs_standardized.csv,"Steven M. Traut Wells, Inc.",,TNI01191,,Alexandria,Minnesota,,,env_labs,,,,,,,,
ENT-001077,1,env_labs_standardized.csv,"Stillmeadow, Inc.",,TNI00131,,Sugar Land,Texas,,,env_labs,,,,,,,,
ENT-001078,1,env_labs_standardized.csv,Stock Island Pump Station Lab,,TNI00435,,Key West,Florida,,,env_labs,,,,,,,,
ENT-001079,1,env_labs_standardized.csv,STRIDE Center for PFAS Solutions,,TNI02750,,New Castle,Delaware,,,env_labs,,,,,,,,
ENT-001080,1,env_labs_standardized.csv,STURGEON POINT WATER TREATMENT PLANT,,TNI01545,,DERBY,New York,,,env_labs,,,,,,,,
ENT-001081,1,env_labs_standardized.csv,SUFFOLK CO PUBLIC ENV HEALTH LAB,,TNI01575,,HAUPPAUGE,New York,,,env_labs,,,,,,,,
ENT-001082,1,env_labs_standardized.csv,SUFFOLK COUNTY WATER AUTHORITY LABORATORY,,TNI01504,,HAUPPAUGE,New York,,,env_labs,,,,,,,,
ENT-001083,1,env_labs_standardized.csv,Summit County Health Department Laboratory,,TNI02001,,Coalville,Utah,,,env_labs,,,,,,,,
ENT-001084,1,env_labs_standardized.csv,"Summit Environmental Technologies, Inc. - GA",,TNI00584,,Haddock,Georgia,,,env_labs,,,,,,,,
ENT-001085,1,env_labs_standardized.csv,"Summit Scientific Services, LLC (VIN 070808322480)",,TNI02427,,Heber City,Utah,,,env_labs,,,,,,,,
ENT-001086,1,env_labs_standardized.csv,Sunbelt Solomon Laboratory,,TNI00565,,Decatur,Tennessee,,,env_labs,,,,,,,,
ENT-001087,1,env_labs_standardized.csv,Sunbelt Solomon Laboratory,,TNI01936,,Solomon,Kansas,,,env_labs,,,,,,,,
ENT-001088,1,env_labs_standardized.csv,Sunbelt Solomon Laboratory - TX,,TNI02363,,Temple,Texas,,,env_labs,,,,,,,,
ENT-001089,1,env_labs_standardized.csv,SUNY-BROCKPORT LIMNOLOGY LABORATORY,,TNI02787,,BROCKPORT,New York,,,env_labs,,,,,,,,
ENT-001090,1,env_labs_standardized.csv,Superior National Forest Laboratory,,TNI01149,,Ely,Minnesota,,,env_labs,,,,,,,,
ENT-001091,1,env_labs_standardized.csv,"SVL Analytical, Inc.",,TNI00586,,Kellogg,Idaho,,,env_labs,,,,,,,,
ENT-001092,1,env_labs_standardized.csv,Sweetwater - Nolan County Health Department,,TNI00089,,Sweetwater,Texas,,,env_labs,,,,,,,,
ENT-001093,1,env_labs_standardized.csv,"Symbio Laboratories US, LLC",,TNI02799,,San Diego,California,,,env_labs,,,,,,,,
ENT-001094,1,env_labs_standardized.csv,Systech Environmental Corporation,,TNI01896,,Fredonia,Kansas,,,env_labs,,,,,,,,
ENT-001095,1,env_labs_standardized.csv,"Talquin Electric Cooperative, Inc.",,TNI00587,,Tallahassee,Florida,,,env_labs,,,,,,,,
ENT-001096,1,env_labs_standardized.csv,Tampa Bay Water,,TNI00589,,Land O'Lakes,Florida,,,env_labs,,,,,,,,
ENT-001097,1,env_labs_standardized.csv,Tampa Electric Company Laboratory Services,,TNI00590,,Tampa,Florida,,,env_labs,,,,,,,,
ENT-001098,1,env_labs_standardized.csv,Tarrant County Public Health Laboratory,,TNI00118,,Fort Worth,Texas,,,env_labs,,,,,,,,
ENT-001099,1,env_labs_standardized.csv,TCEQ Air and Emissions Laboratory,,TNI01406,,Austin,Texas,,,env_labs,,,,,,,,
ENT-001100,1,env_labs_standardized.csv,TCEQ Sugar Land Laboratory,,TNI01407,,Sugar Land,Texas,,,env_labs,,,,,,,,
ENT-001101,1,env_labs_standardized.csv,"TechLaw, Inc.  ESAT Region 8",,TNI02263,,Denver,Colorado,,,env_labs,,,,,,,,
ENT-001102,1,env_labs_standardized.csv,Technical Services Laboratory,,TNI01900,,Hays,Kansas,,,env_labs,,,,,,,,
ENT-001103,1,env_labs_standardized.csv,Technical Testing International dba TTI Environmental Labs,,TNI00106,,Arlington,Texas,,,env_labs,,,,,,,,
ENT-001104,1,env_labs_standardized.csv,Techtron Environmental Solutions,,TNI01122,,Anoka,Minnesota,,,env_labs,,,,,,,,
ENT-001105,1,env_labs_standardized.csv,"Teklab, Inc-Bluff Rd",,TNI01408,,Collinsville,Illinois,,,env_labs,,,,,,,,
ENT-001106,1,env_labs_standardized.csv,"Teklab, Incorporated",,TNI02051,,Collinsville,Illinois,,,env_labs,,,,,,,,
ENT-001107,1,env_labs_standardized.csv,Teledyne Brown Engineering Environmental Services,,TNI01754,,Knoxville,Tennessee,,,env_labs,,,,,,,,
ENT-001108,1,env_labs_standardized.csv,"Test,  Inc.",,TNI02052,,Peru,Illinois,,,env_labs,,,,,,,,
ENT-001109,1,env_labs_standardized.csv,Tetra Tech Inc Ecological Testing Facility,,TNI01317,,Owings Mills,Maryland,,,env_labs,,,,,,,,
ENT-001110,1,env_labs_standardized.csv,Texas Department of State Health Services / South Texas Laboratory,,TNI00097,,Harlingen,Texas,,,env_labs,,,,,,,,
ENT-001111,1,env_labs_standardized.csv,Texas Department of State Health Services Laboratory - Austin,,TNI00082,,Austin,Texas,,,env_labs,,,,,,,,
ENT-001112,1,env_labs_standardized.csv,Texas Institute for Applied Environmental Research (TIAER),,TNI00043,,Stephenville,Texas,,,env_labs,,,,,,,,
ENT-001113,1,env_labs_standardized.csv,Texas Research Institute for Environmental Studies,,TNI02108,,Huntsville,Texas,,,env_labs,,,,,,,,
ENT-001114,1,env_labs_standardized.csv,THE LAB,,TNI02596,,POUND RIDGE,New York,,,env_labs,,,,,,,,
ENT-001115,1,env_labs_standardized.csv,"THE METRO GROUP, INC.",,TNI02585,,LONG ISLAND CITY,New York,,,env_labs,,,,,,,,
ENT-001116,1,env_labs_standardized.csv,The Texas Water Lab,,TNI02870,,Waller,Texas,,,env_labs,,,,,,,,
ENT-001117,1,env_labs_standardized.csv,The Village of Palm Springs Water Treatment Plant,,TNI00344,,Palm Springs,Florida,,,env_labs,,,,,,,,
ENT-001118,1,env_labs_standardized.csv,"The Water Shed Laboratories, Inc.",,TNI00605,,Deland,Florida,,,env_labs,,,,,,,,
ENT-001119,1,env_labs_standardized.csv,The Water Spigot,,TNI00606,,Panama City,Florida,,,env_labs,,,,,,,,
ENT-001120,1,env_labs_standardized.csv,Timpanogos Special Service District,,TNI02003,,American Fork,Utah,,,env_labs,,,,,,,,
ENT-001121,1,env_labs_standardized.csv,Timpview Analytical Laboratories,,TNI02004,,Orem,Utah,,,env_labs,,,,,,,,
ENT-001122,1,env_labs_standardized.csv,Toho Water Authority Laboratory,,TNI00607,,Kissimmee,Florida,,,env_labs,,,,,,,,
ENT-001123,1,env_labs_standardized.csv,TONAWANDA (T) WASTEWATER,,TNI01464,,TONAWANDA,New York,,,env_labs,,,,,,,,
ENT-001124,1,env_labs_standardized.csv,TONAWANDA (T) WATER TREATMENT PLANT,,TNI01450,,TONAWANDA,New York,,,env_labs,,,,,,,,
ENT-001125,1,env_labs_standardized.csv,Topeka Municipal Wastewater Laboratory,,TNI01940,,Topeka,Kansas,,,env_labs,,,,,,,,
ENT-001126,1,env_labs_standardized.csv,Topeka Municipal Water Treatment Laboratory,,TNI01939,,Topeka,Kansas,,,env_labs,,,,,,,,
ENT-001127,1,env_labs_standardized.csv,TOTAL WATER LABORATORIES LLC,,TNI02107,,CAMDENTON,Missouri,,,env_labs,,,,,,,,
ENT-001128,1,env_labs_standardized.csv,Town of Jupiter Water System,,TNI00609,,Jupiter,Florida,,,env_labs,,,,,,,,
ENT-001129,1,env_labs_standardized.csv,TOWN OF LEWISTON,,TNI01455,,LEWISTON,New York,,,env_labs,,,,,,,,
ENT-001130,1,env_labs_standardized.csv,"TOWN OF ORANGETOWN, SEWER DEPARTMENT",,TNI01572,,ORANGEBURG,New York,,,env_labs,,,,,,,,
ENT-001131,1,env_labs_standardized.csv,TRA RS&C Laboratory,,TNI00074,,Dallas,Texas,,,env_labs,,,,,,,,
ENT-001132,1,env_labs_standardized.csv,Trace Analytical,,TNI02768,,Muskegon,Michigan,,,env_labs,,,,,,,,
ENT-001133,1,env_labs_standardized.csv,Traut Water Analysis Lab,,TNI01150,,St Joseph,Minnesota,,,env_labs,,,,,,,,
ENT-001134,1,env_labs_standardized.csv,TRC ENVIRONMENTAL CORPORATION,,TNI01634,,WINDSOR,Connecticut,,,env_labs,,,,,,,,
ENT-001135,1,env_labs_standardized.csv,"TRE Environmental Strategies, LLC",,TNI00257,,Fort Collins,Colorado,,,env_labs,,,,,,,,
ENT-001136,1,env_labs_standardized.csv,Tremonton Waste Water Treatment Plant Laboratory,,TNI02006,,Tremonton,Utah,,,env_labs,,,,,,,,
ENT-001137,1,env_labs_standardized.csv,Tri-City/William Lloyd Analytical Lab,,TNI01130,,Bloomington,Minnesota,,,env_labs,,,,,,,,
ENT-001138,1,env_labs_standardized.csv,"Tri-State Laboratory Services, LLC",,TNI02240,,Pikeville,Kentucky,,,env_labs,,,,,,,,
ENT-001139,1,env_labs_standardized.csv,"Tri-Tech Laboratories, Inc.",,TNI00612,,Orlando,Florida,,,env_labs,,,,,,,,
ENT-001140,1,env_labs_standardized.csv,TriCounty Health Department Environmental Laboratory,,TNI02007,,Vernal,Utah,,,env_labs,,,,,,,,
ENT-001141,1,env_labs_standardized.csv,Trinity River Authority Lake Livingston Project Laboratory,,TNI00070,,Livingston,Texas,,,env_labs,,,,,,,,
ENT-001142,1,env_labs_standardized.csv,TROY (C) PUBLIC UTILITY DEPARTMENT,,TNI01507,,TROY,New York,,,env_labs,,,,,,,,
ENT-001143,1,env_labs_standardized.csv,TUNXIS LABORATORIES LLC,,TNI02528,,PLAINVILLE,Connecticut,,,env_labs,,,,,,,,
ENT-001144,1,env_labs_standardized.csv,"Turquoise Analytics, LLC",,TNI02803,,Traverse City,Michigan,,,env_labs,,,,,,,,
ENT-001145,1,env_labs_standardized.csv,"Twin City Water Clinic, Inc.",,TNI01148,,Hopkins,Minnesota,,,env_labs,,,,,,,,
ENT-001146,1,env_labs_standardized.csv,"U.S. Region 9 Lab - Corvallis, OR",,TNI02772,,Corvallis,Oregon,,,env_labs,,,,,,,,
ENT-001147,1,env_labs_standardized.csv,U.S. Water Services Corporation,,TNI00614,,Marathon,Florida,,,env_labs,,,,,,,,
ENT-001148,1,env_labs_standardized.csv,UC Laboratory,,TNI01102,,Janesville,Minnesota,,,env_labs,,,,,,,,
ENT-001149,1,env_labs_standardized.csv,UF/IFAS Environmental Quality Laboratory,,TNI00615,,Gainesville,Florida,,,env_labs,,,,,,,,
ENT-001150,1,env_labs_standardized.csv,UGRA Environmental Laboratory,,TNI00071,,Kerrville,Texas,,,env_labs,,,,,,,,
ENT-001151,1,env_labs_standardized.csv,Umpqua Research Company,,TNI00236,,Myrtle Creek,Oregon,,,env_labs,,,,,,,,
ENT-001152,1,env_labs_standardized.csv,Umpqua Research Company (Bend),,TNI00237,,Bend,Oregon,,,env_labs,,,,,,,,
ENT-001153,1,env_labs_standardized.csv,Umpqua Research Company - Table Rock,,TNI02231,,Pendleton,Oregon,,,env_labs,,,,,,,,
ENT-001154,1,env_labs_standardized.csv,Universal Laboratories - Hampton,,TNI01262,,Hampton,Virginia,,,env_labs,,,,,,,,
ENT-001155,1,env_labs_standardized.csv,"UNIVERSITY OF MARYLAND, CBL-NASL",,TNI02477,,SOLOMONS,Maryland,,,env_labs,,,,,,,,
ENT-001156,1,env_labs_standardized.csv,UNIVERSITY OF NEW HAMPSHIRE STORM WATER CENTER,,TNI02766,,DURHAM,New Hampshire,,,env_labs,,,,,,,,
ENT-001157,1,env_labs_standardized.csv,University of West Florida Wetlands Research Laboratory,,TNI00619,,Pensacola,Florida,,,env_labs,,,,,,,,
ENT-001158,1,env_labs_standardized.csv,Upper Leon River Municipal Water District,,TNI00161,,Comanche,Texas,,,env_labs,,,,,,,,
ENT-001159,1,env_labs_standardized.csv,UPSTATE FRESHWATER INSTITUTE,,TNI01704,,SYRACUSE,New York,,,env_labs,,,,,,,,
ENT-001160,1,env_labs_standardized.csv,"US Army Corps of Engineers, Far East District",,TNI01232,,Pyeongtaek,South Korea,,,env_labs,,,,,,,,
ENT-001161,1,env_labs_standardized.csv,"US Ecology Tampa, Inc.",,TNI02776,,Tampa,Florida,,,env_labs,,,,,,,,
ENT-001162,1,env_labs_standardized.csv,US EPA NATIONAL ANALYTICAL RADIATION ENVIRONMENTAL LAB,,TNI00241,,MONTGOMERY,Alabama,,,env_labs,,,,,,,,
ENT-001163,1,env_labs_standardized.csv,US EPA/Region 8 Laboratory,,TNI02153,,Lakewood,Colorado,,,env_labs,,,,,,,,
ENT-001164,1,env_labs_standardized.csv,US SALT LLC,,TNI01578,,WATKINS GLEN,New York,,,env_labs,,,,,,,,
ENT-001165,1,env_labs_standardized.csv,US Space Force - Cape Canaveral SFS Environmental Laboratory,,TNI00620,,CCSFS,Florida,,,env_labs,,,,,,,,
ENT-001166,1,env_labs_standardized.csv,USEPA REGION 2 LABORATORY,,TNI00613,,EDISON,New Jersey,,,env_labs,,,,,,,,
ENT-001167,1,env_labs_standardized.csv,USGS NATIONAL WATER QUALITY LABORATORY,,TNI01740,,DENVER,Colorado,,,env_labs,,,,,,,,
ENT-001168,1,env_labs_standardized.csv,USGS NEW YORK WATER SCIENCE CENTER,,TNI01861,,TROY,New York,,,env_labs,,,,,,,,
ENT-001169,1,env_labs_standardized.csv,Utah Public Health Laboratory,,TNI02771,,Taylorsville,Utah,,,env_labs,,,,,,,,
ENT-001170,1,env_labs_standardized.csv,Utilities Commission New Smyrna Beach Laboratory,,TNI00621,,New Smyrna Beach,Florida,,,env_labs,,,,,,,,
ENT-001171,1,env_labs_standardized.csv,VAN DE WATER TREATMENT PLANT,,TNI01719,,TONAWANDA,New York,,,env_labs,,,,,,,,
ENT-001172,1,env_labs_standardized.csv,"VEOLIA NEW YORK, WESTCHESTER LAB",,TNI01611,,EASTCHESTER,New York,,,env_labs,,,,,,,,
ENT-001173,1,env_labs_standardized.csv,VEOLIA WATER NJ - HAWORTH WATER QUALITY LAB,,TNI01272,,HAWORTH,New Jersey,,,env_labs,,,,,,,,
ENT-001174,1,env_labs_standardized.csv,VERMONT AGRICULTURE ENVIRONMENTAL LABORATORY,,TNI01069,,RANDOLPH,Vermont,,,env_labs,,,,,,,,
ENT-001175,1,env_labs_standardized.csv,VERMONT DEPARTMENT OF HEALTH LABORATORY,,TNI01068,,COLCHESTER,Vermont,,,env_labs,,,,,,,,
ENT-001176,1,env_labs_standardized.csv,VERONA LABORATORY INC,,TNI01580,,VERONA,New York,,,env_labs,,,,,,,,
ENT-001177,1,env_labs_standardized.csv,Victoria County Public Health Department Water Laboratory,,TNI00049,,Victoria,Texas,,,env_labs,,,,,,,,
ENT-001178,1,env_labs_standardized.csv,Village of Wellington Water Treatment Laboratory,,TNI00623,,Wellington,Florida,,,env_labs,,,,,,,,
ENT-001179,1,env_labs_standardized.csv,Volusia County Environmental Management Laboratory,,TNI02919,,Deland,Florida,,,env_labs,,,,,,,,
ENT-001180,1,env_labs_standardized.csv,"Wallgren Environmental Services, Inc. dba Pollution Control Services",,TNI00139,,Universal City,Texas,,,env_labs,,,,,,,,
ENT-001181,1,env_labs_standardized.csv,WALWORTH WATER POLLUTION CONTROL FAC,,TNI01474,,WALWORTH,New York,,,env_labs,,,,,,,,
ENT-001182,1,env_labs_standardized.csv,WARDS ISLAND PRIORITY POLLUTANTS LAB- NYCDEP,,TNI01762,,WARDS ISLAND,New York,,,env_labs,,,,,,,,
ENT-001183,1,env_labs_standardized.csv,WARDS ISLAND PROCESS CONTROL LAB,,TNI01517,,NEW YORK,New York,,,env_labs,,,,,,,,
ENT-001184,1,env_labs_standardized.csv,Wasatch County Health Department,,TNI02698,,Heber City,Utah,,,env_labs,,,,,,,,
ENT-001185,1,env_labs_standardized.csv,WASHINGTON CO SEWER DIST 2 STP,,TNI01627,,FORT EDWARD,New York,,,env_labs,,,,,,,,
ENT-001186,1,env_labs_standardized.csv,Water & Environmental Testing Incorporated,,TNI02012,,American Fork,Utah,,,env_labs,,,,,,,,
ENT-001187,1,env_labs_standardized.csv,Water District No 1 of Johnson County-WaterOne,,TNI01907,,Kansas City,Kansas,,,env_labs,,,,,,,,
ENT-001188,1,env_labs_standardized.csv,WATER DYNAMICS LLC DBA MAGIC VALLEY LABS,,TNI00220,,Twin Falls,Idaho,,,env_labs,,,,,,,,
ENT-001189,1,env_labs_standardized.csv,"Water Laboratories, Inc.",,TNI01075,,Elk River,Minnesota,,,env_labs,,,,,,,,
ENT-001190,1,env_labs_standardized.csv,Water Quality Assurance Laboratory,,TNI00626,,Cocoa,Florida,,,env_labs,,,,,,,,
ENT-001191,1,env_labs_standardized.csv,Water Quality Lab University of Tennessee Knoxville,,TNI02673,,Knoxville,Tennessee,,,env_labs,,,,,,,,
ENT-001192,1,env_labs_standardized.csv,"Water Utility Services, Inc.",,TNI00094,,Spring,Texas,,,env_labs,,,,,,,,
ENT-001193,1,env_labs_standardized.csv,Waterlab Corp.,,TNI00242,,Salem,Oregon,,,env_labs,,,,,,,,
ENT-001194,1,env_labs_standardized.csv,WATERLOO WATER TREATMENT PLANT LAB,,TNI01680,,GENEVA,New York,,,env_labs,,,,,,,,
ENT-001195,1,env_labs_standardized.csv,WATERTOWN (C) WATER PLANT,,TNI01569,,WATERTOWN,New York,,,env_labs,,,,,,,,
ENT-001196,1,env_labs_standardized.csv,WATERTOWN POLLUTION CONTROL PLANT LABORA,,TNI01460,,WATERTOWN,New York,,,env_labs,,,,,,,,
ENT-001197,1,env_labs_standardized.csv,WaterWise Enterprises,,TNI02782,,Oxford,Kansas,,,env_labs,,,,,,,,
ENT-001198,1,env_labs_standardized.csv,Waypoint Analytical,,TNI02512,,Bremen,Georgia,,,env_labs,,,,,,,,
ENT-001199,1,env_labs_standardized.csv,Waypoint Analytical - Charlotte,,TNI03123,,Charlotte,North Carolina,,,env_labs,,,,,,,,
ENT-001200,1,env_labs_standardized.csv,"Waypoint Analytical - Florida, Inc.",,TNI02446,,Lakeland,Florida,,,env_labs,,,,,,,,
ENT-001201,1,env_labs_standardized.csv,Waypoint Analytical LLC,,TNI00190,,Memphis,Tennessee,,,env_labs,,,,,,,,
ENT-001202,1,env_labs_standardized.csv,Waypoint Analytical Louisiana Inc,,TNI01368,,Marrero,Louisiana,,,env_labs,,,,,,,,
ENT-001203,1,env_labs_standardized.csv,Waypoint Analytical Mississppi Inc,,TNI01377,,Ridgeland,Mississippi,,,env_labs,,,,,,,,
ENT-001204,1,env_labs_standardized.csv,"Webco Industries Inc, Lyndon",,TNI02695,,Lyndon,Illinois,,,env_labs,,,,,,,,
ENT-001205,1,env_labs_standardized.csv,Weber Basin Water Quality Laboratory,,TNI02013,,Layton,Utah,,,env_labs,,,,,,,,
ENT-001206,1,env_labs_standardized.csv,WEBSTER (T) WASTEWATER TREATMENT PLANT,,TNI01542,,WEBSTER,New York,,,env_labs,,,,,,,,
ENT-001207,1,env_labs_standardized.csv,"Weck Laboratories, Inc.",,TNI01236,,City of Industry,California,,,env_labs,,,,,,,,
ENT-001208,1,env_labs_standardized.csv,WELLSVILLE WASTEWATER TRMT PLANT,,TNI01444,,WELLSVILLE,New York,,,env_labs,,,,,,,,
ENT-001209,1,env_labs_standardized.csv,WESTCHESTER CO LABS AND RESEARCH,,TNI01443,,VALHALLA,New York,,,env_labs,,,,,,,,
ENT-001210,1,env_labs_standardized.csv,Western Environmental Testing Lab - Las Vegas,,TNI02824,,Las Vegas,Nevada,,,env_labs,,,,,,,,
ENT-001211,1,env_labs_standardized.csv,Western Environmental Testing Lab - Sparks,,TNI02825,,Sparks,Nevada,,,env_labs,,,,,,,,
ENT-001212,1,env_labs_standardized.csv,Weston Solutions,,TNI01416,,Auburn,Alabama,,,env_labs,,,,,,,,
ENT-001213,1,env_labs_standardized.csv,WestRock Analytical Services Laboratory,,TNI01394,,Miamisburg,Ohio,,,env_labs,,,,,,,,
ENT-001214,1,env_labs_standardized.csv,"WestRock CP, LLC",,TNI00564,,Fernandina Beach,Florida,,,env_labs,,,,,,,,
ENT-001215,1,env_labs_standardized.csv,Wetland Biogeochemistry Laboratory,,TNI02693,,Gainesville,Florida,,,env_labs,,,,,,,,
ENT-001216,1,env_labs_standardized.csv,"White Springs Agricultural Chemicals, Inc.",,TNI00627,,White Springs,Florida,,,env_labs,,,,,,,,
ENT-001217,1,env_labs_standardized.csv,White Water Associates Laboratory,,TNI03062,,Amasa,Michigan,,,env_labs,,,,,,,,
ENT-001218,1,env_labs_standardized.csv,Wichita Falls - Wichita County Public Health District Laboratory,,TNI00132,,Wichita Falls,Texas,,,env_labs,,,,,,,,
ENT-001219,1,env_labs_standardized.csv,Wichita Municipal Water & Wastewater Laboratory,,TNI01942,,Wichita,Kansas,,,env_labs,,,,,,,,
ENT-001220,1,env_labs_standardized.csv,Wichita Sewage Treatment Division Laboratory,,TNI01943,,Wichita,Kansas,,,env_labs,,,,,,,,
ENT-001221,1,env_labs_standardized.csv,Will County Health Dept. - Environ. Health Lab.,,TNI02056,,Joliet,Illinois,,,env_labs,,,,,,,,
ENT-001222,1,env_labs_standardized.csv,"Willoughby & Associates, Inc.",,TNI02186,,Forest,Virginia,,,env_labs,,,,,,,,
ENT-001223,1,env_labs_standardized.csv,"Willow Lake Laboratory, City of Salem",,TNI00243,,Salem,Oregon,,,env_labs,,,,,,,,
ENT-001224,1,env_labs_standardized.csv,Winfield Municipal Water-Wastewater Laboratory,,TNI01944,,Winfield,Kansas,,,env_labs,,,,,,,,
ENT-001225,1,env_labs_standardized.csv,WISCONSIN STATE LABORATORY OF HYGIENE,,TNI00629,,MADISON,Wisconsin,,,env_labs,,,,,,,,
ENT-001226,1,env_labs_standardized.csv,Worthington Public Utilities Laboratory,,TNI01110,,Worthington,Minnesota,,,env_labs,,,,,,,,
ENT-001227,1,env_labs_standardized.csv,Wright County,,TNI02844,,Buffalo,Minnesota,,,env_labs,,,,,,,,
ENT-001228,1,env_labs_standardized.csv,Xcel Energy - Amarillo Testing Laboratory,,TNI00130,,Amarillo,Texas,,,env_labs,,,,,,,,
ENT-001229,1,env_labs_standardized.csv,Xcel Energy - Denver Testing Laboratory,,TNI00179,,Henderson,Colorado,,,env_labs,,,,,,,,
ENT-001230,1,env_labs_standardized.csv,"Xcel Energy, Inc., Minneapolis Testing Laboratory",,TNI01164,,Minneapolis,Minnesota,,,env_labs,,,,,,,,
ENT-001231,1,env_labs_standardized.csv,YORKTOWN MEDICAL LABORATORY INC,,TNI01510,,YORKTOWN HEIGHTS,New York,,,env_labs,,,,,,,,
