entity_id,num_source_files,source_files,company_name,cik,source_record_id,address_street,address_city,address_state,address_zip,address_country,source_name,website_url,contact_name,contact_email,phone,notes,company_status,stage,one_liner,is_gmp_facility,is_commercial,website_url_status,address_street_status,contact_name_status,contact_email_status,is_gmp_facility_status,is_commercial_status,company_name_clean,is_hq,name,google_latitude,google_longitude,google_geocode_source,google_geocode_formatted_address
ENT-000001,1,env_labs_standardized.csv,(809) US Air Force - Hill AFB Chemical Science Laboratory,,TNI01949,,Hill AFB,Utah,,,env_labs,,,,,,,,,,,search_found_nothing,no_website_fallback_search_failed,no_website_cannot_check_pages,no_website_cannot_check_pages,no_website_cannot_check_pages,no_website_cannot_check_pages,809 US Air Force Hill AFB Chemical Science Laboratory,True,HQ Lab @ 809 US Air Force Hill AFB Chemical Science Laboratory,41.1060282,-111.9733355,google_approximate,"Hill AFB, UT, USA"
ENT-000002,1,env_labs_standardized.csv,3B Analytical,,TNI02455,,Portland,Oregon,,,env_labs,https://www.3banalytical.com/,Meghan Brock,test@3banalytical.com,,,,,,,,found_via_search,found_via_fallback_search,found_via_fallback_search,found_via_fallback_search,"no_pages_fetched_ok (pages_checked=1,fetched_ok=0,total_text_chars=0)","no_pages_fetched_ok (pages_checked=1,fetched_ok=0,total_text_chars=0)",3B Analytical,True,HQ Lab @ 3B Analytical,45.515232,-122.6783853,google_approximate,"Portland, OR, USA"
ENT-000003,1,env_labs_standardized.csv,"A & B Environmental Services, Inc.",,TNI00025,"10100 East Freeway, Suite 100",Houston,Texas,,,env_labs,https://ablabs.com/,"Dr. Ram Ramakrishnan, Ph.D., C.I.H",info@ablabs.com,,,,,,no_explicit_gmp,True,found_via_search,extracted,found_via_fallback_search,extracted,extracted,extracted,A B Environmental Services,False,Houston Lab @ A B Environmental Services,29.772866,-95.250835,google_rooftop,"10100 East Fwy #100, Houston, TX 77029, USA"
ENT-000004,1,env_labs_standardized.csv,"A & B Environmental Services, Inc. Golden Triangle",,TNI02808,"2400 Hwy 365, Suite 110",Nederland,Texas,,,env_labs,https://ablabs.com/,John Watson,info@ablabs.com,,,,,,no_explicit_gmp,True,found_via_search,extracted,found_via_fallback_search,extracted,extracted,extracted,A B Environmental Services,False,Nederland Lab @ A B Environmental Services,29.956501,-93.9853486,google_rooftop,"2400 FM 365 #110, Nederland, TX 776276249, USA"
ENT-000005,1,env_labs_standardized.csv,A & P WATER TESTING,,TNI01692,15 East Main Street,MORRISVILLE,New York,,,env_labs,,,,,,,,,,,search_found_nothing,found_via_fallback_search,no_website_cannot_check_pages,no_website_cannot_check_pages,no_website_cannot_check_pages,no_website_cannot_check_pages,A P WATER TESTING,True,HQ Lab @ A P WATER TESTING,42.898782,-75.63878489999999,google_range_interpolated,"15 E Main, Morrisville, NY 13408, USA"
ENT-000006,1,env_labs_standardized.csv,"A.W. Research Laboratories, Inc.",,TNI01083,314 Charles Street,Brainerd,Minnesota,,,env_labs,https://awlab.com/,Sara Ahlers,sara@awlab.com,,,,,,no_explicit_gmp,True,found_via_search,extracted,extracted,found_via_fallback_search,extracted,extracted,AW Research Laboratories,True,HQ Lab @ AW Research Laboratories,46.3569891,-94.2154214,google_rooftop,"314 Charles St, Brainerd, MN 56401, USA"
ENT-000007,1,env_labs_standardized.csv,"AbbVie Environmental, Health and Safety Laboratory",,TNI02017,100 Abbot Park Rd,Abbot Park,Illinois,,,env_labs,,,,,,,,,,,search_found_nothing,found_via_fallback_search,no_website_cannot_check_pages,no_website_cannot_check_pages,no_website_cannot_check_pages,no_website_cannot_check_pages,AbbVie Environmental Health and Safety Laboratory,True,HQ Lab @ AbbVie Environmental Health and Safety Laboratory,42.3024798,-87.8968034,google_rooftop,"100 Abbott Park Rd, Abbott Park, IL 60064, USA"
ENT-000008,1,env_labs_standardized.csv,Abilene - Taylor County Public Health District,,TNI00110,,Abilene,Texas,,,env_labs,https://www.abilenetx.gov/,"Dr. Gary Holland, MD",healthde@abilenetx.gov,,,,,,no_explicit_gmp,False,found_via_search,found_via_fallback_search,found_via_fallback_search,extracted,extracted,"checked_pages_not_found (pages_checked=6,fetched_ok=6,total_text_chars=27337)",Abilene Taylor County Public Health District,True,HQ Lab @ Abilene Taylor County Public Health District,32.4534878,-99.73128290000001,google_approximate,"Abilene, TX, USA"
ENT-000009,1,env_labs_standardized.csv,AC Analytical & Consulting LLC,,TNI01127,21518 Basset Drive NW,Puposky,Minnesota,,,env_labs,,,,,,,,,,,search_found_nothing,found_via_fallback_search,no_website_cannot_check_pages,no_website_cannot_check_pages,no_website_cannot_check_pages,no_website_cannot_check_pages,AC Analytical Consulting,True,HQ Lab @ AC Analytical Consulting,47.6795152,-94.8890126,google_rooftop,"21518 Basset Dr NW, Puposky, MN 56667, USA"
ENT-000010,1,env_labs_standardized.csv,"ACCU LABS, LLC",,TNI02461,,Independence,Oregon,,,env_labs,,,,,,,,,,,search_found_nothing,found_via_fallback_search,no_website_cannot_check_pages,no_website_cannot_check_pages,no_website_cannot_check_pages,no_website_cannot_check_pages,ACCU LABS,True,HQ Lab @ ACCU LABS,44.8512305,-123.1867655,google_approximate,"Independence, OR, USA"
ENT-000011,1,env_labs_standardized.csv,"ACCURATE ANALYTICAL TESTING, LLC",,TNI02515,30105 Beverly Road,ROMULUS,Michigan,,,env_labs,https://accurate-test.com/,Robert Theys,customersupport@accurate-test.biz,,,,,,no_explicit_gmp,True,found_via_search,extracted,found_via_fallback_search,extracted,extracted,extracted,ACCURATE ANALYTICAL TESTING,True,HQ Lab @ ACCURATE ANALYTICAL TESTING,42.2599418,-83.3356306,google_rooftop,"30105 Beverly Rd, Romulus, MI 48174, USA"
ENT-000012,1,env_labs_standardized.csv,Accurate Environmental Labs - OKC,,TNI02407,,Stillwater,Oklahoma,,,env_labs,https://www.accuratelabs.com/,Danny Chance,Danny@accuratelabs.com,,,,,,,,found_via_search,found_via_fallback_search,found_via_fallback_search,found_via_fallback_search,"no_pages_fetched_ok (pages_checked=1,fetched_ok=0,total_text_chars=0)","no_pages_fetched_ok (pages_checked=1,fetched_ok=0,total_text_chars=0)",Accurate Environmental Labs OKC,True,HQ Lab @ Accurate Environmental Labs OKC,36.1157217,-97.0585722,google_approximate,"Stillwater, OK, USA"
ENT-000013,1,env_labs_standardized.csv,Accurate Environmental Labs - Stillwater,,TNI01938,,Stillwater,Oklahoma,,,env_labs,https://www.accuratelabs.com/,,,,,,,,,,found_via_search,found_via_fallback_search,"no_pages_fetched_ok (pages_checked=1,fetched_ok=0,total_text_chars=0)","no_pages_fetched_ok (pages_checked=1,fetched_ok=0,total_text_chars=0)","no_pages_fetched_ok (pages_checked=1,fetched_ok=0,total_text_chars=0)","no_pages_fetched_ok (pages_checked=1,fetched_ok=0,total_text_chars=0)",Accurate Environmental Labs,True,HQ Lab @ Accurate Environmental Labs,36.1157217,-97.0585722,google_approximate,"Stillwater, OK, USA"
ENT-000014,1,env_labs_standardized.csv,Accurate Environmental Labs - Tulsa,,TNI02539,,Stillwater,Oklahoma,,,env_labs,https://www.accuratelabs.com/,,danny@accuratelabs.com,,,,,,,,found_via_search,found_via_fallback_search,"no_pages_fetched_ok (pages_checked=1,fetched_ok=0,total_text_chars=0)",found_via_fallback_search,"no_pages_fetched_ok (pages_checked=1,fetched_ok=0,total_text_chars=0)","no_pages_fetched_ok (pages_checked=1,fetched_ok=0,total_text_chars=0)",Accurate Environmental Labs Tulsa,True,HQ Lab @ Accurate Environmental Labs Tulsa,36.1157217,-97.0585722,google_approximate,"Stillwater, OK, USA"
ENT-000015,1,env_labs_standardized.csv,ACCUSTAR LABS,,TNI02980,,HARRISBURG,Pennsylvania,,,env_labs,https://www.accustarlabs.com/,,radonlabpa@accustarlabs.com,,,,,,no_explicit_gmp,True,found_via_search,extracted,"checked_pages_not_found (pages_checked=8,fetched_ok=8,total_text_chars=18483)",found_via_fallback_search,extracted,extracted,ACCUSTAR LABS,False,Harrisburg Lab @ ACCUSTAR LABS,40.2731911,-76.8867008,google_approximate,"Harrisburg, PA, USA"
ENT-000016,1,env_labs_standardized.csv,ACCUSTAR LABS,,TNI01776,2 Saber Way,WARD HILL,Massachusetts,,,env_labs,https://www.accustarlabs.com/,,,,,,,,no_explicit_gmp,True,found_via_search,extracted,"checked_pages_not_found (pages_checked=8,fetched_ok=8,total_text_chars=18483)","checked_pages_not_found (pages_checked=8,fetched_ok=8,total_text_chars=18483)",extracted,extracted,ACCUSTAR LABS,False,Ward Hill Lab @ ACCUSTAR LABS,42.7514275,-71.1122403,google_rooftop,"2 Saber Way, Haverhill, MA 01835, USA"
ENT-000017,1,env_labs_standardized.csv,"Ackuritlabs, Inc.",,TNI00248,3345 N Monroe St Ste B,Tallahassee,Florida,,,env_labs,https://www.ackuritlabs.com/,Todd Acker,[email protected],,,,,,no_explicit_gmp,True,found_via_search,extracted,extracted,extracted,extracted,extracted,Ackuritlabs,True,HQ Lab @ Ackuritlabs,30.4898745,-84.3217457,google_rooftop,"3345 N Monroe St Ste B, Tallahassee, FL 32303, USA"
ENT-000018,1,env_labs_standardized.csv,"ACZ Laboratories, Inc.",,TNI01951,2773 Downhill Drive,Steamboat Springs,Colorado,,,env_labs,https://acz.com/,Mark McNeal ext. 104,[email protected],,,,,,no_explicit_gmp,True,found_via_search,extracted,extracted,extracted,extracted,extracted,ACZ Laboratories,True,HQ Lab @ ACZ Laboratories,40.5090045,-106.8581329,google_rooftop,"2773 Downhill Dr, Steamboat Springs, CO 80487, USA"
ENT-000019,1,env_labs_standardized.csv,ADIRONDACK ENVIRONMENTAL SERVICES INC,,TNI01595,314 N. Pearl Street,ALBANY,New York,,,env_labs,https://www.adirondackenvironmental.com/,,[email protected],,,,,,no_explicit_gmp,True,found_via_search,extracted,"checked_pages_not_found (pages_checked=8,fetched_ok=7,total_text_chars=18951)",extracted,extracted,extracted,ADIRONDACK ENVIRONMENTAL SERVICES,True,HQ Lab @ ADIRONDACK ENVIRONMENTAL SERVICES,42.66104379999999,-73.7478699,google_rooftop,"314 N Pearl St, Albany, NY 12207, USA"
ENT-000020,1,env_labs_standardized.csv,"Advanced Analysis, Inc.",,TNI00175,,Lubbock,Texas,,,env_labs,http://www.aainc.biz/,,,,,,,,,,found_via_search,found_via_fallback_search,"no_pages_fetched_ok (pages_checked=1,fetched_ok=0,total_text_chars=0)","no_pages_fetched_ok (pages_checked=1,fetched_ok=0,total_text_chars=0)","no_pages_fetched_ok (pages_checked=1,fetched_ok=0,total_text_chars=0)","no_pages_fetched_ok (pages_checked=1,fetched_ok=0,total_text_chars=0)",Advanced Analysis,True,HQ Lab @ Advanced Analysis,33.5845235,-101.8552139,google_approximate,"Lubbock, TX, USA"
ENT-000021,1,env_labs_standardized.csv,"Advanced Analytical Laboratories, LLC",,TNI00143,15040 State Highway 110 S,Whitehouse,Texas,,,env_labs,http://advancedanalyticallabs.com/,"Mr. John Alexander, President",,,,,,,,,found_via_search,found_via_fallback_search,found_via_fallback_search,"no_pages_fetched_ok (pages_checked=1,fetched_ok=0,total_text_chars=0)","no_pages_fetched_ok (pages_checked=1,fetched_ok=0,total_text_chars=0)","no_pages_fetched_ok (pages_checked=1,fetched_ok=0,total_text_chars=0)",Advanced Analytical Laboratories,True,HQ Lab @ Advanced Analytical Laboratories,32.260143,-95.2397384,google_rooftop,"15040 TX-110, Whitehouse, TX 75791, USA"
ENT-000022,1,env_labs_standardized.csv,ADVANCED ANALYTICAL TECHNOLOGIES,,TNI01758,37 Ramland Road,PEARL RIVER,New York,,,env_labs,https://www.aatec.com/,Kathleen Farrell,moc/cetaa//taa,,,,,,no_explicit_gmp,True,found_via_search,extracted,extracted,extracted,extracted,extracted,ADVANCED ANALYTICAL TECHNOLOGIES,True,HQ Lab @ ADVANCED ANALYTICAL TECHNOLOGIES,41.0309514,-73.97089489999999,google_rooftop,"37 Ramland Rd, Orangeburg, NY 10962, USA"
ENT-000023,1,env_labs_standardized.csv,"Advanced Environmental Laboratories, Inc.",,TNI00252,6681 Southpoint Parkway,Jacksonville,Florida,,,env_labs,https://aellab.com/,Jason Gebhardt,sales@aellab.com,,,,,,no_explicit_gmp,True,found_via_search,extracted,extracted,extracted,extracted,extracted,Advanced Environmental Laboratories,False,Jacksonville Lab @ Advanced Environmental Laboratories,30.2593191,-81.5961888,google_rooftop,"6681 Southpoint Pkwy, Jacksonville, FL 32216, USA"
ENT-000024,1,env_labs_standardized.csv,"Advanced Environmental Laboratories, Inc. - Fort Myers",,TNI00552,"13100 Westlinks Terrace, Suite 10",Fort Myers,Florida,,,env_labs,https://aellab.com/,"Sindi-Gerbi, Lab Manager",sales@aellab.com,,,,,,no_explicit_gmp,True,found_via_search,extracted,extracted,extracted,extracted,extracted,Advanced Environmental Laboratories,False,Fort Myers Lab @ Advanced Environmental Laboratories,26.5534663,-81.7558681,google_rooftop,"13100 Westlinks Terrace Ste 10, Fort Myers, FL 33913, USA"
ENT-000025,1,env_labs_standardized.csv,"Advanced Environmental Laboratories, Inc. - Gainesville",,TNI00253,4965 SW 41st Blvd.,Gainesville,Florida,,,env_labs,https://aellab.com/,"Kara Erps, Lab Manager",sales@aellab.com,,,,,,no_explicit_gmp,True,found_via_search,extracted,extracted,extracted,extracted,extracted,Advanced Environmental Laboratories,False,Gainesville Lab @ Advanced Environmental Laboratories,29.6058573,-82.3780177,google_rooftop,"4965 SW 41st Blvd, Gainesville, FL 32608, USA"
ENT-000026,1,env_labs_standardized.csv,"Advanced Environmental Laboratories, Inc. - Lake Placid",,TNI02827,125 Tower Street,Lake Placid,Florida,,,env_labs,https://aellab.com/,"Jennifer Mazen, Lab Manager",sales@aellab.com,,,,,,no_explicit_gmp,True,found_via_search,extracted,extracted,extracted,extracted,extracted,Advanced Environmental Laboratories,False,Lake Placid Lab @ Advanced Environmental Laboratories,27.2993906,-81.35623679999999,google_rooftop,"125 Tower St, Lake Placid, FL 33852, USA"
ENT-000027,1,env_labs_standardized.csv,"Advanced Environmental Laboratories, Inc. - Miami",,TNI00254,10200 USA Today Way Miramar,Miramar,Florida,,,env_labs,https://aellab.com/,"Jesse Cutshaw, Lab Manager",sales@aellab.com,,,,,,no_explicit_gmp,True,found_via_search,extracted,extracted,extracted,extracted,extracted,Advanced Environmental Laboratories,False,Miramar Lab @ Advanced Environmental Laboratories,25.975926,-80.280228,google_rooftop,"10200 Usa Today Way, Miramar, FL 33025, USA"
ENT-000028,1,env_labs_standardized.csv,"Advanced Environmental Laboratories, Inc. - Orlando",,TNI00255,"380 North Lake Blvd., Suite 1048",Altamonte Springs,Florida,,,env_labs,https://aellab.com/,"Brandon O’Hara, Lab Manager",JSnead@aellab.com,,,,,,no_explicit_gmp,True,found_via_search,extracted,extracted,found_via_fallback_search,extracted,extracted,Advanced Environmental Laboratories,False,Altamonte Springs Lab @ Advanced Environmental Laboratories,28.653567,-81.3876382,google_rooftop,"380 Northlake Blvd #1048, Altamonte Springs, FL 32701, USA"
ENT-000029,1,env_labs_standardized.csv,"Advanced Environmental Laboratories, Inc. - Tallahassee",,TNI02195,2639 North Monroe St. Suite D,Tallahassee,Florida,,,env_labs,https://aellab.com/,Aly Garcia,sales@aellab.com,,,,,,no_explicit_gmp,True,found_via_search,extracted,extracted,extracted,extracted,extracted,Advanced Environmental Laboratories,False,Tallahassee Lab @ Advanced Environmental Laboratories,30.4778008,-84.2966898,google_rooftop,"2639 N Monroe St D, Tallahassee, FL 32303, USA"
ENT-000030,1,env_labs_standardized.csv,"Advanced Environmental Laboratories, Inc. - Tampa",,TNI00256,9610 Princess Palm Avenue,Tampa,Florida,,,env_labs,https://aellab.com/,"Michael Cammarata, Lab Manager",sales@aellab.com,,,,,,no_explicit_gmp,True,found_via_search,extracted,extracted,extracted,extracted,extracted,Advanced Environmental Laboratories,False,Tampa Lab @ Advanced Environmental Laboratories,27.9805564,-82.3402851,google_rooftop,"9610 Princess Palm Ave, Tampa, FL 33619, USA"
ENT-000031,1,env_labs_standardized.csv,Advanced Technology Laboratories,,TNI01202,,Signal Hill,California,,,env_labs,https://atlglobal.com/,,customer.relations@atlglobal.com,,,,,,no_explicit_gmp,True,found_via_search,extracted,"checked_pages_not_found (pages_checked=3,fetched_ok=3,total_text_chars=2269)",extracted,extracted,extracted,Advanced Technology Laboratories,True,HQ Lab @ Advanced Technology Laboratories,33.8044614,-118.1678456,google_approximate,"Signal Hill, CA, USA"
ENT-000032,1,env_labs_standardized.csv,AG Environmental RSC LLC (DBA Sullivan County Labs),,TNI02607,86 Queen Mountain Rd,Ferndale,New York,,,env_labs,https://www.agerny.com/,Jerry Berger,jberger@agerny.com,,,,,,no_explicit_gmp,True,found_via_search,extracted,found_via_fallback_search,found_via_fallback_search,extracted,extracted,AG Environmental RSC,True,HQ Lab @ AG Environmental RSC,41.7416735,-74.7275959,google_rooftop,"86 Queen Mountain Rd, Ferndale, NY 12734, USA"
ENT-000033,1,env_labs_standardized.csv,AGAT LABORATORIES - CALGARY - 2420,,TNI03017,,Calgary,Alberta,,,env_labs,https://agatlabs.com/,,info@agatlabs.com,,,,,,,,found_via_search,found_via_fallback_search,"no_pages_fetched_ok (pages_checked=1,fetched_ok=0,total_text_chars=0)",found_via_fallback_search,"no_pages_fetched_ok (pages_checked=1,fetched_ok=0,total_text_chars=0)","no_pages_fetched_ok (pages_checked=1,fetched_ok=0,total_text_chars=0)",AGAT LABORATORIES CALGARY 2420,True,HQ Lab @ AGAT LABORATORIES CALGARY 2420,38.7945952,-106.5348379,google_approximate,United States
ENT-000034,1,env_labs_standardized.csv,AGAT LABORATORIES INC,,TNI02519,"9770 Route Transcanadienne, St-Laurent, QC H4S 1V9",ST-LAURENT,Not Applicable,,,env_labs,https://agatlabs.com/,,info@agatlabs.com,,,,,,,,found_via_search,found_via_fallback_search,"no_pages_fetched_ok (pages_checked=1,fetched_ok=0,total_text_chars=0)",found_via_fallback_search,"no_pages_fetched_ok (pages_checked=1,fetched_ok=0,total_text_chars=0)","no_pages_fetched_ok (pages_checked=1,fetched_ok=0,total_text_chars=0)",AGAT LABORATORIES,True,HQ Lab @ AGAT LABORATORIES,38.7945952,-106.5348379,google_approximate,United States
ENT-000035,1,env_labs_standardized.csv,AGQ USA,,TNI02648,,Oxnard,California,,,env_labs,https://www.agqlabs.us.com/,Jeff Briceno Castillo,customerservice@agqlabs.com,,,,,,,,found_via_search,found_via_fallback_search,found_via_fallback_search,found_via_fallback_search,"no_pages_fetched_ok (pages_checked=1,fetched_ok=0,total_text_chars=0)","no_pages_fetched_ok (pages_checked=1,fetched_ok=0,total_text_chars=0)",AGQ USA,True,HQ Lab @ AGQ USA,34.1976816,-119.1774639,google_approximate,"Oxnard, CA, USA"
ENT-000036,1,env_labs_standardized.csv,AIR CHEK,,TNI01701,,MILLS RIVER,North Carolina,,,env_labs,https://www.airchekprm.com/,Shawn Price,shawn@radon.com,,,,,,,,found_via_search,found_via_fallback_search,found_via_fallback_search,found_via_fallback_search,"no_pages_fetched_ok (pages_checked=1,fetched_ok=0,total_text_chars=0)","no_pages_fetched_ok (pages_checked=1,fetched_ok=0,total_text_chars=0)",AIR CHEK,True,HQ Lab @ AIR CHEK,35.3884479,-82.566789,google_approximate,"Mills River, NC, USA"
ENT-000037,1,env_labs_standardized.csv,"Air Hygiene International, Inc.",,TNI02280,1600 West Tacoma St,Broken Arrow,Oklahoma,,,env_labs,https://www.airhygiene.com/,"JJ Cavender, CCO",jcavender@airhygiene.com,,,,,,no_explicit_gmp,True,found_via_search,extracted,extracted,extracted,extracted,extracted,Air Hygiene International,True,HQ Lab @ Air Hygiene International,36.071393,-95.80927779999999,google_rooftop,"1600 W Tacoma St, Broken Arrow, OK 74012, USA"
ENT-000038,1,env_labs_standardized.csv,Air Technology Laboratories Inc,,TNI00258,"18501 E Gale Ave, STE 130",City of Industry,California,,,env_labs,https://airtechlabs.com/,,info@airtechlabs.com,,,,,,,,found_via_search,found_via_fallback_search,"no_pages_fetched_ok (pages_checked=1,fetched_ok=0,total_text_chars=0)",found_via_fallback_search,"no_pages_fetched_ok (pages_checked=1,fetched_ok=0,total_text_chars=0)","no_pages_fetched_ok (pages_checked=1,fetched_ok=0,total_text_chars=0)",Air Technology Laboratories,True,HQ Lab @ Air Technology Laboratories,33.99644500000001,-117.8995978,google_rooftop,"18501 Gale Ave #130, City of Industry, CA 91748, USA"
ENT-000039,1,env_labs_standardized.csv,AIRNOVA INC,,TNI01274,3485 Haddonfield Rd.,PENNSAUKEN,New Jersey,,,env_labs,https://www.airnova.com/,Mark Daly,info@airnova.com,,,,,,no_explicit_gmp,True,found_via_search,extracted,found_via_fallback_search,extracted,extracted,extracted,AIRNOVA,True,HQ Lab @ AIRNOVA,39.96175660000001,-75.02562449999999,google_rooftop,"3485 Haddonfield Rd, Pennsauken, NJ 08109, USA"
ENT-000040,1,env_labs_standardized.csv,AKRON (V) SEWAGE PLANT,,TNI01589,21 Main Street,AKRON,New York,,,env_labs,https://www4.erie.gov/akron/,Robert Brady,brady@akronvillage.us,,,,,,no_explicit_gmp,False,found_via_search,extracted,extracted,extracted,extracted,"checked_pages_not_found (pages_checked=4,fetched_ok=4,total_text_chars=16747)",AKRON V SEWAGE PLANT,True,HQ Lab @ AKRON V SEWAGE PLANT,43.0197806,-78.5019477,google_rooftop,"21 Main St, Akron, NY 14001, USA"
ENT-000041,1,env_labs_standardized.csv,Alabama Power Company General Testing Laboratory,,TNI02392,"744 County Road 87, GSC #8",Calera,Alabama,,,env_labs,https://www.alabamapower.com/,Laura Midkiff,lbmidkif@southernco.com,,,,,,no_explicit_gmp,False,found_via_search,found_via_fallback_search,found_via_fallback_search,found_via_fallback_search,extracted,"checked_pages_not_found (pages_checked=8,fetched_ok=8,total_text_chars=31799)",Alabama Power Company General Testing Laboratory,True,HQ Lab @ Alabama Power Company General Testing Laboratory,33.1747695,-86.77458899999999,google_rooftop,"744 Co Rd 87, Calera, AL 35040, USA"
ENT-000042,1,env_labs_standardized.csv,"Alamo Analytical Laboratories, Ltd.",,TNI00144,,San Antonio,Texas,,,env_labs,https://alamoanalytical.com/,"Dr. Reddy Gosala, Ph.D",reports@alamoanalytical.com,,,,,,no_explicit_gmp,True,found_via_search,extracted,found_via_fallback_search,extracted,extracted,extracted,Alamo Analytical Laboratories,False,San Antonio Lab @ Alamo Analytical Laboratories,29.4251905,-98.4945922,google_approximate,"San Antonio, TX, USA"
ENT-000043,1,env_labs_standardized.csv,"Alamo Analytical Laboratories, Ltd. - El Paso",,TNI02256,2500 Montana Ave,El Paso,Texas,,,env_labs,https://alamoanalytical.com/,,reports@alamoanalytical.com,,,,,,no_explicit_gmp,True,found_via_search,extracted,"checked_pages_not_found (pages_checked=4,fetched_ok=4,total_text_chars=9746)",extracted,extracted,extracted,Alamo Analytical Laboratories,False,El Paso Lab @ Alamo Analytical Laboratories,31.77982739999999,-106.4663971,google_rooftop,"2500 Montana Ave, El Paso, TX 79903, USA"
ENT-000044,1,env_labs_standardized.csv,ALBANY COUNTY WATER PURIFICATION DISTRICT,,TNI01453,,MENANDS,New York,,,env_labs,https://www.albanycountyny.gov/departments/water-purification-district,,Angelo.Gaudio@albanycountyny.gov,,,,,,,,found_via_search,found_via_fallback_search,"no_pages_fetched_ok (pages_checked=1,fetched_ok=0,total_text_chars=0)",found_via_fallback_search,"no_pages_fetched_ok (pages_checked=1,fetched_ok=0,total_text_chars=0)","no_pages_fetched_ok (pages_checked=1,fetched_ok=0,total_text_chars=0)",ALBANY COUNTY WATER PURIFICATION DISTRICT,True,HQ Lab @ ALBANY COUNTY WATER PURIFICATION DISTRICT,42.6920233,-73.72456389999999,google_approximate,"Menands, NY, USA"
ENT-000045,1,env_labs_standardized.csv,ALBANY WATER QUALITY LAB,,TNI01433,,SELKIRK,New York,,,env_labs,https://www.albanyny.gov/,,,,,,,,no_explicit_gmp,False,found_via_search,found_via_fallback_search,"checked_pages_not_found (pages_checked=3,fetched_ok=2,total_text_chars=8892)","checked_pages_not_found (pages_checked=3,fetched_ok=2,total_text_chars=8892)",extracted,"checked_pages_not_found (pages_checked=3,fetched_ok=2,total_text_chars=8892)",ALBANY WATER QUALITY LAB,True,HQ Lab @ ALBANY WATER QUALITY LAB,42.5319998,-73.7985008,google_approximate,"Selkirk, NY 12158, USA"
ENT-000046,1,env_labs_standardized.csv,Albert Lea Wastewater Treatment Plant,,TNI01098,17424 780th Avenue,Albert Lea,Minnesota,,,env_labs,https://www.cityofalbertlea.org/departments/wastewater-treatment-plant/,Brandon Huston,bhuston@ci.albertlea.mn.us,,,,,,,,found_via_search,found_via_fallback_search,found_via_fallback_search,found_via_fallback_search,"no_pages_fetched_ok (pages_checked=1,fetched_ok=0,total_text_chars=0)","no_pages_fetched_ok (pages_checked=1,fetched_ok=0,total_text_chars=0)",Albert Lea Wastewater Treatment Plant,True,HQ Lab @ Albert Lea Wastewater Treatment Plant,43.605866,-93.301447,google_rooftop,"17424 780th Ave, Albert Lea, MN 56007, USA"
ENT-000047,1,env_labs_standardized.csv,ALBION (V) WATER PLANT,,TNI01698,961 Wilson Rd,WATERPORT,New York,,,env_labs,https://villageofalbionny.gov/departments/water-treatment-plant,Levi Boyer – Chief Operator,,,,,,,no_explicit_gmp,False,found_via_search,extracted,extracted,"checked_pages_not_found (pages_checked=8,fetched_ok=1,total_text_chars=5607)",extracted,"checked_pages_not_found (pages_checked=8,fetched_ok=1,total_text_chars=5607)",ALBION V WATER PLANT,True,HQ Lab @ ALBION V WATER PLANT,43.3705746,-78.21458059999999,google_rooftop,"961 Wilson Rd, Waterport, NY 14571, USA"
ENT-000048,1,env_labs_standardized.csv,Albion Environmental,,TNI00050,1414 Soquel Avenue Suite 205; 3563 Sueldo Street Suite P,Bryan,Texas,,,env_labs,https://www.albionenvironmental.com/,,snicchitta@albionenvironmental.com,,,,,,no_explicit_gmp,True,found_via_search,extracted,"checked_pages_not_found (pages_checked=5,fetched_ok=5,total_text_chars=9076)",found_via_fallback_search,extracted,extracted,Albion Environmental,True,HQ Lab @ Albion Environmental,30.6743643,-96.3699632,google_approximate,"Bryan, TX, USA"
ENT-000049,1,env_labs_standardized.csv,"Alexin Analytical Laboratories, Inc.",,TNI00196,13035 SW Pacific Highway,Tigard,Oregon,,,env_labs,https://alexinlabs.com/,,mail@alexinlabs.com,,,,,,no_explicit_gmp,True,found_via_search,extracted,"checked_pages_not_found (pages_checked=8,fetched_ok=8,total_text_chars=40572)",extracted,extracted,extracted,Alexin Analytical Laboratories,True,HQ Lab @ Alexin Analytical Laboratories,45.4260221,-122.7805217,google_rooftop,"13035 SW Pacific Hwy, Tigard, OR 97223, USA"
ENT-000050,1,env_labs_standardized.csv,ALLAB INC,,TNI02836,1544 E 13th St,BROOKLYN,New York,,,env_labs,https://www.allab.org/,,lab@allab.org,,,,,,no_explicit_gmp,True,found_via_search,extracted,"checked_pages_not_found (pages_checked=8,fetched_ok=8,total_text_chars=25958)",extracted,extracted,extracted,ALLAB,True,HQ Lab @ ALLAB,40.61165039999999,-73.96099939999999,google_rooftop,"1544 E 13th St, Brooklyn, NY 11230, USA"
ENT-000051,1,env_labs_standardized.csv,ALLEGANY COUNTY COMMUNITY ENVIRONMENTAL LABORATORY,,TNI02587,7 Court Street,BELMONT,New York,,,env_labs,,,,,,,,,,,search_found_nothing,found_via_fallback_search,no_website_cannot_check_pages,no_website_cannot_check_pages,no_website_cannot_check_pages,no_website_cannot_check_pages,ALLEGANY COUNTY COMMUNITY ENVIRONMENTAL LABORATORY,True,HQ Lab @ ALLEGANY COUNTY COMMUNITY ENVIRONMENTAL LABORATORY,42.2250934,-78.0333022,google_rooftop,"7 Court St, Belmont, NY 14813, USA"
ENT-000052,1,env_labs_standardized.csv,Alliance Source Testing LLC - Mobile Unit,,TNI02595,255 Grant St. SE Ste 600,Decatur,Alabama,,,env_labs,https://www.alliancetg.com/,,info@alliancetg.com,,,,,,no_explicit_gmp,True,found_via_search,extracted,"checked_pages_not_found (pages_checked=8,fetched_ok=7,total_text_chars=31621)",extracted,extracted,extracted,Alliance Source Testing,True,HQ Lab @ Alliance Source Testing,34.6015247,-86.9828354,google_rooftop,"255 Grant St SE #600, Decatur, AL 35601, USA"
ENT-000053,1,env_labs_standardized.csv,Alliance Technical Group,,TNI02400,255 Grant St. SE Ste 600,Decatur,Alabama,,,env_labs,https://www.alliancetg.com/,,info@alliancetg.com,,,,,,no_explicit_gmp,True,found_via_search,extracted,"checked_pages_not_found (pages_checked=8,fetched_ok=1,total_text_chars=1357)",extracted,extracted,extracted,Alliance Technical Group,False,Decatur Lab @ Alliance Technical Group,34.6015247,-86.9828354,google_rooftop,"255 Grant St SE #600, Decatur, AL 35601, USA"
ENT-000054,1,env_labs_standardized.csv,Alliance Technical Group,,TNI00203,12242 SW Garden Place,Tigard,Oregon,,,env_labs,https://www.alliancetg.com/,,info@alliancetg.com,,,,,,,,found_via_search,found_via_fallback_search,"no_pages_fetched_ok (pages_checked=1,fetched_ok=0,total_text_chars=0)",found_via_fallback_search,"no_pages_fetched_ok (pages_checked=1,fetched_ok=0,total_text_chars=0)","no_pages_fetched_ok (pages_checked=1,fetched_ok=0,total_text_chars=0)",Alliance Technical Group,False,Tigard Lab @ Alliance Technical Group,45.4318432,-122.7635189,google_rooftop,"12242 SW Garden Pl, Tigard, OR 97223, USA"
ENT-000055,1,env_labs_standardized.csv,"Alliance Technical Group - Carrollton, Texas",,TNI00167,,Carrollton,Texas,,,env_labs,https://www.alliancetg.com/,,info@alliancetg.com,,,,,,,,found_via_search,found_via_fallback_search,"no_pages_fetched_ok (pages_checked=1,fetched_ok=0,total_text_chars=0)",found_via_fallback_search,"no_pages_fetched_ok (pages_checked=1,fetched_ok=0,total_text_chars=0)","no_pages_fetched_ok (pages_checked=1,fetched_ok=0,total_text_chars=0)",Alliance Technical Group Carrollton Texas,True,HQ Lab @ Alliance Technical Group Carrollton Texas,32.9756415,-96.8899636,google_approximate,"Carrollton, TX, USA"
ENT-000056,1,env_labs_standardized.csv,Alliance Technical Group - Greenville,,TNI00551,255 Grant St. SE Ste 600,Greenville,South Carolina,,,env_labs,https://www.alliancetg.com/,Rebecca Musick,info@alliancetg.com,,,,,,no_explicit_gmp,True,found_via_search,extracted,found_via_fallback_search,extracted,extracted,extracted,Alliance Technical Group,False,Greenville Lab @ Alliance Technical Group,34.8484984,-82.40001579999999,google_approximate,"Greenville, SC, USA"
ENT-000057,1,env_labs_standardized.csv,"ALLIANCE TECHNICAL GROUP, LLC",,TNI01322,,WILMINGTON,North Carolina,,,env_labs,https://alliancetg.com/,,info@alliancetg.com,,,,,,,,found_via_search,"no_pages_fetched_ok (pages_checked=1,fetched_ok=0,total_text_chars=0)","no_pages_fetched_ok (pages_checked=1,fetched_ok=0,total_text_chars=0)",found_via_fallback_search,"no_pages_fetched_ok (pages_checked=1,fetched_ok=0,total_text_chars=0)","no_pages_fetched_ok (pages_checked=1,fetched_ok=0,total_text_chars=0)",ALLIANCE TECHNICAL GROUP,False,Wilmington Lab @ ALLIANCE TECHNICAL GROUP,34.2103894,-77.8868117,google_approximate,"Wilmington, NC, USA"
ENT-000058,1,env_labs_standardized.csv,"ALLIANCE TECHNICAL GROUP, LLC - NEWARK",,TNI01285,284 Sheffield Street,MOUNTAINSIDE,New Jersey,,,env_labs,https://www.chemtech.net/,,mohammad.ahmed@alliancetg.com,,,,,,no_explicit_gmp,True,found_via_search,extracted,"checked_pages_not_found (pages_checked=7,fetched_ok=7,total_text_chars=18149)",extracted,extracted,extracted,ALLIANCE TECHNICAL GROUP,False,Mountainside Lab @ ALLIANCE TECHNICAL GROUP,40.6862122,-74.3434961,google_rooftop,"284 Sheffield St, Mountainside, NJ 07092, USA"
ENT-000059,1,env_labs_standardized.csv,"Alliance Technical Group, LLC - Seattle",,TNI02227,3600 Fremont Avenue N,Seattle,Washington,,,env_labs,https://www.fremontanalytical.com/,,info.seattle@alliancetg.com,,,,,,no_explicit_gmp,True,found_via_search,extracted,"checked_pages_not_found (pages_checked=3,fetched_ok=3,total_text_chars=5416)",extracted,extracted,extracted,Alliance Technical Group,False,Seattle Lab @ Alliance Technical Group,47.6516071,-122.3497181,google_rooftop,"3600 Fremont Ave N, Seattle, WA 98103, USA"
ENT-000060,1,env_labs_standardized.csv,"Alliance Technical Group, LLC DBA Interpoll Laboratories",,TNI01088,,Circle Pines,Minnesota,,,env_labs,http://www.interpoll-labs.com/,Robert L. Walsky,interpoll@interpoll-labs.com,,,,,,,,found_via_search,found_via_fallback_search,found_via_fallback_search,found_via_fallback_search,"no_pages_fetched_ok (pages_checked=1,fetched_ok=0,total_text_chars=0)","no_pages_fetched_ok (pages_checked=1,fetched_ok=0,total_text_chars=0)",Alliance Technical Group,False,Circle Pines Lab @ Alliance Technical Group,45.1485771,-93.15161239999999,google_approximate,"Circle Pines, MN 55014, USA"
ENT-000061,1,env_labs_standardized.csv,"Alliance Technical Group, LLC-Akron",,TNI00583,255 Grant St. SE Ste 600,Cuyahoga Falls,Ohio,,,env_labs,https://www.alliancetg.com/,Krista Caudill,info@alliancetg.com,,,,,,no_explicit_gmp,True,found_via_search,extracted,found_via_fallback_search,extracted,extracted,extracted,Alliance Technical Group,False,Cuyahoga Falls Lab @ Alliance Technical Group,41.1339449,-81.48455849999999,google_approximate,"Cuyahoga Falls, OH, USA"
ENT-000062,1,env_labs_standardized.csv,"Alpha Analytical, Inc.",,TNI00197,,Sparks,Nevada,,,env_labs,https://www.alpha-analytical.com/,,info@alpha-analytical.com,,,,,,,,found_via_search,found_via_fallback_search,"no_pages_fetched_ok (pages_checked=1,fetched_ok=0,total_text_chars=0)",found_via_fallback_search,"no_pages_fetched_ok (pages_checked=1,fetched_ok=0,total_text_chars=0)","no_pages_fetched_ok (pages_checked=1,fetched_ok=0,total_text_chars=0)",Alpha Analytical,True,HQ Lab @ Alpha Analytical,39.5349112,-119.7526886,google_approximate,"Sparks, NV, USA"
ENT-000063,1,env_labs_standardized.csv,ALPHA LABS LLC,,TNI01800,208 Mason St,LONG ISLAND CITY,New York,,,env_labs,https://www.alpha-labs.com/,Mr. Dimitrios Molohides,robbie@alpha-labs.com,,,,,,explicit_gmp,True,found_via_search,extracted,found_via_fallback_search,extracted,found_via_fallback_search,extracted,ALPHA LABS,True,HQ Lab @ ALPHA LABS,40.5979466,-74.0970395,google_range_interpolated,"208 Mason St, Staten Island, NY 10304, USA"
ENT-000064,1,env_labs_standardized.csv,ALS Environmental,,TNI01683,"ALS Marshfield, LLC",Cincinnati,Ohio,,,env_labs,https://www.alsglobal.com/,"Chad Stoike, Lab Director",chad.stoike@alsglobal.com,,,,,,no_explicit_gmp,True,found_via_search,extracted,found_via_fallback_search,found_via_fallback_search,extracted,extracted,ALS Environmental,False,Cincinnati Lab @ ALS Environmental,39.135282,-84.53818559999999,google_rooftop,"2500 Spring Grove Ave, Cincinnati, OH 45214, USA"
ENT-000065,1,env_labs_standardized.csv,ALS Environmental,,TNI02019,3352 128th Avenue,Holland,Michigan,,,env_labs,https://www.alsglobal.com/en/USA/usa-environmental,Christopher Leavy,Chris.Leavy@alsglobal.com,,,,,,no_explicit_gmp,True,found_via_search,found_via_fallback_search,found_via_fallback_search,found_via_fallback_search,extracted,extracted,ALS Environmental,False,Holland Lab @ ALS Environmental,42.8295879,-86.096863,google_rooftop,"3352 128th Ave, Holland, MI 49424, USA"
ENT-000066,1,env_labs_standardized.csv,ALS Environmental - Irvine,,TNI02924,,Irvine,California,,,env_labs,https://www.alsglobal.com/,,,,,,,,no_explicit_gmp,True,found_via_search,"checked_pages_not_found (pages_checked=8,fetched_ok=8,total_text_chars=77546)","checked_pages_not_found (pages_checked=8,fetched_ok=8,total_text_chars=77546)","checked_pages_not_found (pages_checked=8,fetched_ok=8,total_text_chars=77546)",extracted,extracted,ALS Environmental,False,Irvine Lab @ ALS Environmental,33.6845673,-117.8265049,google_approximate,"Irvine, CA, USA"
ENT-000067,1,env_labs_standardized.csv,ALS Environmental - Jacksonville,,TNI00369,"9143 Phillips Highway, Suite 200",Jacksonville,Florida,,,env_labs,,,,,,,,,,,search_found_nothing,found_via_fallback_search,no_website_cannot_check_pages,no_website_cannot_check_pages,no_website_cannot_check_pages,no_website_cannot_check_pages,ALS Environmental,False,Jacksonville Lab @ ALS Environmental,30.20029139999999,-81.57178449999999,google_rooftop,"9143 Philips Hwy #200, Jacksonville, FL 32256, USA"
ENT-000068,1,env_labs_standardized.csv,ALS Environmental - Middletown,,TNI02116,301 Fulling Mill Road,Middletown,Pennsylvania,,,env_labs,https://www.alsglobal.com/,Susan Magness,susan.magness@alsglobal.com,,,,,,no_explicit_gmp,True,found_via_search,found_via_fallback_search,found_via_fallback_search,found_via_fallback_search,extracted,extracted,ALS Environmental,False,Middletown Lab @ ALS Environmental,40.2310341,-76.7449096,google_rooftop,"301 Fulling Mill Rd, Middletown, PA 17057, USA"
ENT-000069,1,env_labs_standardized.csv,ALS ENVIRONMENTAL - NEWTOWN,,TNI01756,,NEWTOWN,Connecticut,,,env_labs,https://www.alsglobal.com/en/USA/usa-environmental,,usaenviro.stratford@alsglobal.com,,,,,,no_explicit_gmp,True,found_via_search,found_via_fallback_search,"checked_pages_not_found (pages_checked=8,fetched_ok=8,total_text_chars=71764)",found_via_fallback_search,extracted,extracted,ALS ENVIRONMENTAL,False,Newtown Lab @ ALS ENVIRONMENTAL,41.4141172,-73.3035651,google_approximate,"Newtown, CT 06470, USA"
ENT-000070,1,env_labs_standardized.csv,ALS ENVIRONMENTAL - QUEENS,,TNI02476,"10450 Stancliff Road, Suite 210",RICHMOND HILL,New York,,,env_labs,https://www.alsglobal.com/en/USA,,usaenviro.stratford@alsglobal.com,,,,,,no_explicit_gmp,True,found_via_search,extracted,"checked_pages_not_found (pages_checked=8,fetched_ok=8,total_text_chars=80477)",found_via_fallback_search,extracted,extracted,ALS ENVIRONMENTAL QUEENS,True,HQ Lab @ ALS ENVIRONMENTAL QUEENS,40.6999853,-73.8310309,google_approximate,"Richmond Hill, Queens, NY, USA"
ENT-000071,1,env_labs_standardized.csv,ALS ENVIRONMENTAL - ROCHESTER,,TNI01454,,ROCHESTER,New York,,,env_labs,https://www.alsglobal.com/en/locations/americas/north-america/usa/new-york/rochester-environmental,,usaenviro.rochester@alsglobal.com,,,,,,no_explicit_gmp,True,found_via_search,found_via_fallback_search,"checked_pages_not_found (pages_checked=8,fetched_ok=7,total_text_chars=58033)",found_via_fallback_search,extracted,extracted,ALS ENVIRONMENTAL,False,Rochester Lab @ ALS ENVIRONMENTAL,43.15657789999999,-77.6088465,google_approximate,"Rochester, NY, USA"
ENT-000072,1,env_labs_standardized.csv,ALS Environmental - Simi Valley,,TNI01213,"2655 Park Center Dr, Suite A",Simi Valley,California,,,env_labs,https://www.alsglobal.com/,,usaenviro.simivalley@alsglobal.com,,,,,,no_explicit_gmp,True,found_via_search,found_via_fallback_search,"checked_pages_not_found (pages_checked=8,fetched_ok=8,total_text_chars=77546)",found_via_fallback_search,extracted,extracted,ALS Environmental,False,Simi Valley Lab @ ALS Environmental,34.284132,-118.7981535,google_rooftop,"2655 Park Center Dr A, Simi Valley, CA 93065, USA"
ENT-000073,1,env_labs_standardized.csv,ALS ENVIRONMENTAL - STRATFORD,,TNI01615,120 Research Drive,STRATFORD,Connecticut,,,env_labs,https://www.alsglobal.com/usaenviro,Cassie Mosher,usaenviro.stratford@alsglobal.com,,,,,,no_explicit_gmp,True,found_via_search,found_via_fallback_search,found_via_fallback_search,found_via_fallback_search,extracted,extracted,ALS ENVIRONMENTAL,False,Stratford Lab @ ALS ENVIRONMENTAL,41.1732185,-73.1538293,google_rooftop,"120 Research Dr, Stratford, CT 06615, USA"
ENT-000074,1,env_labs_standardized.csv,ALS ENVIRONMENTAL - TOMS RIVER,,TNI03009,,TOMS RIVER,New Jersey,,,env_labs,https://www.alsglobal.com/en/USA/usa-environmental,Mark Hoots General Manager,usaenviro.tomsriver@alsglobal.com,,,,,,no_explicit_gmp,True,found_via_search,found_via_fallback_search,extracted,found_via_fallback_search,extracted,extracted,ALS ENVIRONMENTAL,False,Toms River Lab @ ALS ENVIRONMENTAL,39.96341779999999,-74.18733859999999,google_approximate,"Toms River, NJ, USA"
ENT-000075,1,env_labs_standardized.csv,ALS Environmental - Valparaiso,,TNI02447,2400 Cumberland Drive,Valparaiso,Indiana,,,env_labs,https://www.alsglobal.com/,,chad.stoike@alsglobal.com,,,,,,no_explicit_gmp,True,found_via_search,found_via_fallback_search,"checked_pages_not_found (pages_checked=8,fetched_ok=8,total_text_chars=77217)",found_via_fallback_search,extracted,extracted,ALS Environmental,False,Valparaiso Lab @ ALS Environmental,41.4901692,-87.0503609,google_rooftop,"2400 Cumberland Dr, Valparaiso, IN 46383, USA"
ENT-000076,1,env_labs_standardized.csv,ALS Environmental Burlington - CANADA,,TNI01293,"1435 Norjohn Court, Unit 1",Burlington,Ontario,,,env_labs,https://www.alsglobal.com/en/,Cameron McIntosh,quality.burlington@alsglobal.com,,,,,,no_explicit_gmp,True,found_via_search,found_via_fallback_search,found_via_fallback_search,found_via_fallback_search,extracted,extracted,ALS Environmental Burlington CANADA,True,HQ Lab @ ALS Environmental Burlington CANADA,38.7945952,-106.5348379,google_approximate,United States
ENT-000077,1,env_labs_standardized.csv,ALS Environmental Holland MI,,TNI02268,,Holland,Michigan,,,env_labs,https://www.alsglobal.com/en/USA/usa-environmental,Chad Stoike,chad.stoike@alsglobal.com,,,,,,no_explicit_gmp,True,found_via_search,found_via_fallback_search,found_via_fallback_search,found_via_fallback_search,extracted,extracted,ALS Environmental Holland MI,True,HQ Lab @ ALS Environmental Holland MI,42.7893867,-86.1089511,google_approximate,"Holland, MI 49423, USA"
ENT-000078,1,env_labs_standardized.csv,"ALS Environmental, Kelso",,TNI00372,"10450 Stancliff Road, Suite 210",Kelso,Washington,,,env_labs,https://www.alsglobal.com/en/USA,Katy Brown,katy.brown@alsglobal.com,,,,,,explicit_gmp,True,found_via_search,extracted,found_via_fallback_search,found_via_fallback_search,extracted,extracted,ALS Environmental,False,Kelso Lab @ ALS Environmental,46.146779,-122.9084445,google_approximate,"Kelso, WA, USA"
ENT-000079,1,env_labs_standardized.csv,"ALS Laboratory Group, Environmental Services Division (Houston, Texas)",,TNI00037,"Level 9B, 25 King Street",Houston,Texas,,,env_labs,https://www.alsglobal.com/en/water-industry,Mark Johnston,mark.johnston@alsglobal.com,,,,,,explicit_gmp,True,found_via_search,extracted,found_via_fallback_search,found_via_fallback_search,found_via_fallback_search,extracted,ALS Laboratory Group Environmental Services Division Houston Texas,True,HQ Lab @ ALS Laboratory Group Environmental Services Division Houston Texas,29.8178056,-95.33443310000001,google_rooftop,"25 King St level 9b, Houston, TX 77026, USA"
ENT-000080,1,env_labs_standardized.csv,"Alternative Technologies, Inc.",,TNI02155,,Burnsville,Minnesota,,,env_labs,,,,,,,,,,,search_found_nothing,found_via_fallback_search,no_website_cannot_check_pages,no_website_cannot_check_pages,no_website_cannot_check_pages,no_website_cannot_check_pages,Alternative Technologies,True,HQ Lab @ Alternative Technologies,44.7677424,-93.27772259999999,google_approximate,"Burnsville, MN, USA"
ENT-000081,1,env_labs_standardized.csv,AMA ANALYTICAL SERVICES INC,,TNI01623,,LANHAM,Maryland,,,env_labs,https://www.amalab.com/,Mr. Andreas Saldivar,andreas@amalab.com,,,,,,,,found_via_search,found_via_fallback_search,found_via_fallback_search,found_via_fallback_search,"no_pages_fetched_ok (pages_checked=1,fetched_ok=0,total_text_chars=0)","no_pages_fetched_ok (pages_checked=1,fetched_ok=0,total_text_chars=0)",AMA ANALYTICAL SERVICES,True,HQ Lab @ AMA ANALYTICAL SERVICES,38.9614131,-76.8432663,google_approximate,"Lanham, MD, USA"
ENT-000082,1,env_labs_standardized.csv,"AMBIENT GROUP, INC.",,TNI01616,"470 7th Avenue, 12th Floor",NEW YORK,New York,,,env_labs,https://www.ambientgroup.com/,Dr. William A. Esposito,wesposito@ambientgroup.com,,,,,,no_explicit_gmp,True,found_via_search,extracted,extracted,found_via_fallback_search,extracted,extracted,AMBIENT GROUP,True,HQ Lab @ AMBIENT GROUP,40.7521163,-73.9902176,google_rooftop,"470 7th Ave 12th floor, New York, NY 10018, USA"
ENT-000083,1,env_labs_standardized.csv,"AMERICA SCIENCE TEAM NEW YORK, INC",,TNI01708,117 East 30th Street,NEW YORK,New York,,,env_labs,https://www.amerisci.com/,Mr. Paul Mucha,email [email protected],,,,,,no_explicit_gmp,True,found_via_search,extracted,found_via_fallback_search,extracted,extracted,extracted,AMERICA SCIENCE TEAM,True,HQ Lab @ AMERICA SCIENCE TEAM,40.7443906,-73.98230079999999,google_rooftop,"117 E 30th St, New York, NY 10016, USA"
ENT-000084,1,env_labs_standardized.csv,AMERICAN ANALYTICAL LABORATORIES LLC.,,TNI01695,56 Toledo St,FARMINGDALE,New York,,,env_labs,https://www.american-analytical.com/,Lori Beyer,lbeyer@american-analytical.com,,,,,,no_explicit_gmp,,found_via_search,found_via_fallback_search,found_via_fallback_search,found_via_fallback_search,extracted,"pages_likely_js_rendered (pages_checked=1,fetched_ok=1,total_text_chars=43)",AMERICAN ANALYTICAL LABORATORIES,True,HQ Lab @ AMERICAN ANALYTICAL LABORATORIES,40.7119972,-73.4233563,google_rooftop,"56 Toledo St, Farmingdale, NY 11735, USA"
ENT-000085,1,env_labs_standardized.csv,American Analytics Inc.,,TNI02232,9765 Eton Avenue,Chatsworth,California,,,env_labs,https://americananalytics.com/,Ms. Zvia Uziel,support@americananalytics.com,,,,,,no_explicit_gmp,True,found_via_search,extracted,extracted,extracted,extracted,extracted,American Analytics,True,HQ Lab @ American Analytics,34.2482326,-118.5947403,google_rooftop,"9765 Eton Ave, Chatsworth, CA 91311, USA"
ENT-000086,1,env_labs_standardized.csv,American Bottoms Regional Wastewater Treatment Facility,,TNI02020,American Bottom Rd,Sauget,Illinois,,,env_labs,https://www.americanbottoms.com/,,,,,,,,no_explicit_gmp,False,found_via_search,extracted,"checked_pages_not_found (pages_checked=8,fetched_ok=8,total_text_chars=24903)","checked_pages_not_found (pages_checked=8,fetched_ok=8,total_text_chars=24903)",extracted,"checked_pages_not_found (pages_checked=8,fetched_ok=8,total_text_chars=24903)",American Bottoms Regional Wastewater Treatment Facility,True,HQ Lab @ American Bottoms Regional Wastewater Treatment Facility,38.5949785,-90.1806736,google_geometric_center,"American Bottom Rd, Sauget, IL 62201, USA"
ENT-000087,1,env_labs_standardized.csv,American Electric Power Dolan Chemical Laboratory,,TNI02223,,Groveport,Ohio,,,env_labs,http://aepenv/labs,,msohlinger@aep.com,,,,,,,,found_via_search,found_via_fallback_search,"no_pages_fetched_ok (pages_checked=1,fetched_ok=0,total_text_chars=0)",found_via_fallback_search,"no_pages_fetched_ok (pages_checked=1,fetched_ok=0,total_text_chars=0)","no_pages_fetched_ok (pages_checked=1,fetched_ok=0,total_text_chars=0)",American Electric Power Dolan Chemical Laboratory,True,HQ Lab @ American Electric Power Dolan Chemical Laboratory,39.8532057,-82.88827599999999,google_approximate,"Groveport, OH, USA"
ENT-000088,1,env_labs_standardized.csv,American Radiation Services (ARS),,TNI00266,2609 N. River Rd,Port Allen,Louisiana,,,env_labs,https://www.ars-analytical.com/,Keith Greene,cdicharry@amrad.com,,,,,,no_explicit_gmp,True,found_via_search,extracted,extracted,found_via_fallback_search,extracted,extracted,American Radiation Services ARS,True,HQ Lab @ American Radiation Services ARS,30.486197,-91.2030731,google_rooftop,"2609 River Rd, Port Allen, LA 70767, USA"
ENT-000089,1,env_labs_standardized.csv,"American Testing Technologies, Inc.",,TNI02164,1350 Home Ave Suite G-I,Akron,Ohio,,,env_labs,https://www.americantestingtechnologies.com/,,,,,,,,no_explicit_gmp,True,found_via_search,extracted,"checked_pages_not_found (pages_checked=8,fetched_ok=8,total_text_chars=15372)","checked_pages_not_found (pages_checked=8,fetched_ok=8,total_text_chars=15372)",extracted,extracted,American Testing Technologies,True,HQ Lab @ American Testing Technologies,41.1086229,-81.4896089,google_rooftop,"1350 Home Ave, Akron, OH 44310, USA"
ENT-000090,1,env_labs_standardized.csv,American Water Central Laboratory,,TNI02194,1 Water St,Belleville,Illinois,,,env_labs,https://www.amwater.com/,Linda Macauley,Linda.Macauley@amwater.com,,,,,,no_explicit_gmp,True,found_via_search,extracted,found_via_fallback_search,found_via_fallback_search,extracted,extracted,American Water Central Laboratory,True,HQ Lab @ American Water Central Laboratory,38.5200504,-89.9839935,google_approximate,"Belleville, IL, USA"
ENT-000091,1,env_labs_standardized.csv,American West Analytical Laboratories,,TNI01955,463 W 3600 S,Salt Lake City,Utah,,,env_labs,,,,,,,,,,,search_found_nothing,found_via_fallback_search,no_website_cannot_check_pages,no_website_cannot_check_pages,no_website_cannot_check_pages,no_website_cannot_check_pages,American West Analytical Laboratories,True,HQ Lab @ American West Analytical Laboratories,40.6932926,-111.9040381,google_rooftop,"463 W 3600 S, South Salt Lake, UT 84115, USA"
ENT-000092,1,env_labs_standardized.csv,AMERISCI RICHMOND,,TNI01636,13635 Genito Road,MIDLOTHIAN,Virginia,,,env_labs,https://www.amerisci.com/,Cory Parnell,[email protected],,,,,,no_explicit_gmp,True,found_via_search,extracted,found_via_fallback_search,extracted,extracted,extracted,AMERISCI RICHMOND,True,HQ Lab @ AMERISCI RICHMOND,37.4492453,-77.6513221,google_rooftop,"13635 Genito Rd, Midlothian, VA 23112, USA"
ENT-000093,1,env_labs_standardized.csv,AMHERST (T) WPCF,,TNI01426,,AMHERST,New York,,,env_labs,https://www.amherst.ny.us/content/departments.php?dept_id=dept_10&div_id=div_15&menu_id=menu_64,"Armstrong, Brian Engineering Services Administrator",toainfo@amherst.ny.us,,,,,,no_explicit_gmp,False,found_via_search,extracted,extracted,extracted,extracted,"checked_pages_not_found (pages_checked=8,fetched_ok=5,total_text_chars=38504)",AMHERST T WPCF,True,HQ Lab @ AMHERST T WPCF,42.9625285,-78.7467479,google_approximate,"Amherst, NY, USA"
ENT-000094,1,env_labs_standardized.csv,AMSTERDAM WATER TREATMENT,,TNI01604,250 Brookside Avenue,AMSTERDAM,New York,,,env_labs,,,,,,,,,,,search_found_nothing,found_via_fallback_search,no_website_cannot_check_pages,no_website_cannot_check_pages,no_website_cannot_check_pages,no_website_cannot_check_pages,AMSTERDAM WATER TREATMENT,True,HQ Lab @ AMSTERDAM WATER TREATMENT,42.9550569,-74.1785024,google_rooftop,"250 Brookside Ave, Amsterdam, NY 12010, USA"
ENT-000095,1,env_labs_standardized.csv,"Analytical Environmental Laboratory, LLC",,TNI00068,8310 South Broadway Avenue,Tyler,Texas,,,env_labs,https://www.aeltyler.com/,luke@aeltyler.com,info@aeltyler.com,,,,,,no_explicit_gmp,True,found_via_search,extracted,extracted,extracted,extracted,extracted,Analytical Environmental Laboratory,True,HQ Lab @ Analytical Environmental Laboratory,32.258414,-95.3064363,google_rooftop,"8310 S Broadway Ave, Tyler, TX 75703, USA"
ENT-000096,1,env_labs_standardized.csv,"Analytical Food Laboratories, Inc.",,TNI00182,860 Greenview Drive,Grand Prairie,Texas,,,env_labs,https://www.afltexas.com/,Tiffany Williams,afl@tentamus.com,,,,,,no_explicit_gmp,True,found_via_search,extracted,found_via_fallback_search,extracted,extracted,extracted,Analytical Food Laboratories,True,HQ Lab @ Analytical Food Laboratories,32.7719472,-97.0548017,google_rooftop,"860 Greenview Dr, Grand Prairie, TX 75050, USA"
ENT-000097,1,env_labs_standardized.csv,"Analytical Laboratories, Inc.",,TNI02545,1804 N. 33rd St.,Boise,Idaho,,,env_labs,https://www.analyticallabsinc.com/,Brian McGovern,ali@analyticallaboratories.com,,,,,,no_explicit_gmp,True,found_via_search,extracted,found_via_fallback_search,extracted,extracted,extracted,Analytical Laboratories,True,HQ Lab @ Analytical Laboratories,43.6366643,-116.2293774,google_rooftop,"1804 N 33rd St, Boise, ID 83703, USA"
ENT-000098,1,env_labs_standardized.csv,Analytical Laboratory Group,,TNI00198,,Eugene,Oregon,,,env_labs,https://alglabsinc.com/,,alglabs@alglabsinc.com,,,,,,,,found_via_search,found_via_fallback_search,"no_pages_fetched_ok (pages_checked=1,fetched_ok=0,total_text_chars=0)",found_via_fallback_search,"no_pages_fetched_ok (pages_checked=1,fetched_ok=0,total_text_chars=0)","no_pages_fetched_ok (pages_checked=1,fetched_ok=0,total_text_chars=0)",Analytical Laboratory Group,True,HQ Lab @ Analytical Laboratory Group,44.052121,-123.0896705,google_approximate,"Eugene, OR, USA"
ENT-000099,1,env_labs_standardized.csv,"Analytical Resources, LLC",,TNI00199,4611 S 134th Place Suite 100,Tukwila,Washington,,,env_labs,https://www.arilabs.com/,Douglas Elijew,douglas.elijew@arilabs.com,,,,,,no_explicit_gmp,True,found_via_search,extracted,found_via_fallback_search,found_via_fallback_search,extracted,extracted,Analytical Resources,True,HQ Lab @ Analytical Resources,47.4831847,-122.2757703,google_rooftop,"4611 S 134th Pl #100, Tukwila, WA 98168, USA"
ENT-000100,1,env_labs_standardized.csv,Analytical Services Corporation,,TNI00270,40 Commerce Lane Suite C,Niceville,Florida,,,env_labs,https://www.asincorp.com/,Mike Slivinski-President,mike@asincorp.com,,,,,,no_explicit_gmp,True,found_via_search,extracted,extracted,extracted,extracted,extracted,Analytical Services,False,Niceville Lab @ Analytical Services,30.5187352,-86.5037662,google_geometric_center,"Hill Ln, Niceville, FL 32578, USA"
ENT-000101,1,env_labs_standardized.csv,"Analytical Services, Inc.",,TNI00273,130 Allen Brook Lane,Williston,Vermont,,,env_labs,https://www.analyticalservices.com/,Paul Warden,pwarden@analyticalservices.com,,,,,,no_explicit_gmp,True,found_via_search,extracted,extracted,extracted,extracted,extracted,Analytical Services,False,Williston Lab @ Analytical Services,44.4517221,-73.1026753,google_rooftop,"130 Allen Brook Ln, Williston, VT 05495, USA"
ENT-000102,1,env_labs_standardized.csv,"Anatek Labs, Inc.",,TNI00274,1282 Alturas Drive,Moscow,Idaho,,,env_labs,https://www.anateklabs.com/,Niki Lee,moscow@anateklabs.com,,,,,,no_explicit_gmp,True,found_via_search,extracted,found_via_fallback_search,extracted,extracted,extracted,Anatek Labs,False,Moscow Lab @ Anatek Labs,46.7193326,-116.9820854,google_rooftop,"1282 Alturas Dr, Moscow, ID 83843, USA"
ENT-000103,1,env_labs_standardized.csv,"Anatek Labs, Inc. - Spokane",,TNI02364,504 E. Sprague Ave #D,Spokane,Washington,,,env_labs,https://www.anateklabs.com/,Kathy Sattler,spokane@anateklabs.com,,,,,,no_explicit_gmp,True,found_via_search,extracted,extracted,extracted,extracted,extracted,Anatek Labs,False,Spokane Lab @ Anatek Labs,47.656925,-117.40314,google_rooftop,"504 E Sprague Ave D, Spokane, WA 99202, USA"
ENT-000104,1,env_labs_standardized.csv,"Anatek Labs, Inc. - Yakima",,TNI02783,4802 Tieton Drive,Yakima,Washington,,,env_labs,https://www.anateklabs.com/,Mike Pearson,yakima@anateklabs.com,,,,,,no_explicit_gmp,True,found_via_search,extracted,found_via_fallback_search,extracted,extracted,extracted,Anatek Labs,False,Yakima Lab @ Anatek Labs,46.5923252,-120.57283,google_rooftop,"4802 W Tieton Dr, Yakima, WA 98908, USA"
ENT-000105,1,env_labs_standardized.csv,Angelina and Neches River Authority Environmental Laboratory,,TNI00077,2901 N John Redditt Drive,Lufkin,Texas,,,env_labs,https://www.anra.org/,,info@anra.org,,,,,,no_explicit_gmp,False,found_via_search,extracted,"checked_pages_not_found (pages_checked=8,fetched_ok=8,total_text_chars=40786)",extracted,extracted,"checked_pages_not_found (pages_checked=8,fetched_ok=8,total_text_chars=40786)",Angelina and Neches River Authority Environmental Laboratory,True,HQ Lab @ Angelina and Neches River Authority Environmental Laboratory,31.364371,-94.759795,google_rooftop,"2901 N John Redditt Dr, Lufkin, TX 75904, USA"
ENT-000106,1,env_labs_standardized.csv,"Apex Laboratories, LLC",,TNI02169,6700 SW Sandburg St,Tigard,Oregon,,,env_labs,https://www.apex-labs.com/,,info@apex-labs.com,,,,,,,,found_via_search,found_via_fallback_search,"no_pages_fetched_ok (pages_checked=1,fetched_ok=0,total_text_chars=0)",found_via_fallback_search,"no_pages_fetched_ok (pages_checked=1,fetched_ok=0,total_text_chars=0)","no_pages_fetched_ok (pages_checked=1,fetched_ok=0,total_text_chars=0)",Apex Laboratories,True,HQ Lab @ Apex Laboratories,45.420087,-122.7474808,google_rooftop,"6700 SW Sandburg St, Tigard, OR 97223, USA"
ENT-000107,1,env_labs_standardized.csv,"AQUA CHECK LABORATORIES, INC",,TNI01723,3555 Main St,STONE RIDGE,New York,,,env_labs,https://www.aquacheckllc.com/,,aquacheckllc@gmail.com,,,,,,no_explicit_gmp,True,found_via_search,extracted,"checked_pages_not_found (pages_checked=2,fetched_ok=2,total_text_chars=1882)",extracted,extracted,extracted,AQUA CHECK LABORATORIES,True,HQ Lab @ AQUA CHECK LABORATORIES,41.8525455,-74.1392051,google_rooftop,"3555 Main St, Stone Ridge, NY 12484, USA"
ENT-000108,1,env_labs_standardized.csv,"Aqua Pure Water & Sewage Service, LLC",,TNI00275,,Ocala,Florida,,,env_labs,https://aqua-pure-water-sewage-service-llc.business.site/,Lisa K. Saupp,,,,,,,,,found_via_search,found_via_fallback_search,found_via_fallback_search,"no_pages_fetched_ok (pages_checked=1,fetched_ok=0,total_text_chars=0)","no_pages_fetched_ok (pages_checked=1,fetched_ok=0,total_text_chars=0)","no_pages_fetched_ok (pages_checked=1,fetched_ok=0,total_text_chars=0)",Aqua Pure Water Sewage Service,True,HQ Lab @ Aqua Pure Water Sewage Service,29.1850783,-82.1342596,google_approximate,"Ocala, FL, USA"
ENT-000109,1,env_labs_standardized.csv,Aqua Water Supply Corporation,,TNI00092,,Bastrop,Texas,,,env_labs,https://www.aquawsc.com/,,labinfo@aquawsc.com,,,,,,,,found_via_search,found_via_fallback_search,"no_pages_fetched_ok (pages_checked=1,fetched_ok=0,total_text_chars=0)",found_via_fallback_search,"no_pages_fetched_ok (pages_checked=1,fetched_ok=0,total_text_chars=0)","no_pages_fetched_ok (pages_checked=1,fetched_ok=0,total_text_chars=0)",Aqua Water Supply,True,HQ Lab @ Aqua Water Supply,30.1104947,-97.3152701,google_approximate,"Bastrop, TX 78602, USA"
ENT-000110,1,env_labs_standardized.csv,"Aqua-Tech Laboratories, Inc.",,TNI00148,"3512 Montopolis Dr., Suite A",Bryan,Texas,,,env_labs,https://www.aqua-techlabs.com/,"June M. Brien, Executive Technical Director",corp@aqua-techlabs.com,,,,,,no_explicit_gmp,True,found_via_search,extracted,found_via_fallback_search,found_via_fallback_search,extracted,extracted,Aqua Tech Laboratories,True,HQ Lab @ Aqua Tech Laboratories,30.2071619,-97.71625449999999,google_rooftop,"3512 Montopolis Dr Ste A, Austin, TX 78744, USA"
ENT-000111,1,env_labs_standardized.csv,AQUATEC ENVIRONMENTAL INC,,TNI01026,273 Commerce St.,WILLISTON,Vermont,,,env_labs,https://www.aquatecenv.com/,"John Williams, B.S. (with Master's courses)",jwilliams@aquatecenv.com,,,,,,no_explicit_gmp,True,found_via_search,extracted,extracted,extracted,extracted,extracted,AQUATEC ENVIRONMENTAL,True,HQ Lab @ AQUATEC ENVIRONMENTAL,44.4498094,-73.12160089999999,google_rooftop,"273 Commerce St, Williston, VT 05495, USA"
ENT-000112,1,env_labs_standardized.csv,AQUATEK LABS,,TNI02815,3 Research Drive,WOODBRIDGE,Connecticut,,,env_labs,https://aquateklabs.com/,"Michael Berman, Ph.D",info@aquateklabs.com,,,,,,no_explicit_gmp,True,found_via_search,extracted,found_via_fallback_search,extracted,extracted,extracted,AQUATEK LABS,True,HQ Lab @ AQUATEK LABS,41.3446054,-72.9771203,google_rooftop,"3 Research Dr, Woodbridge, CT 06525, USA"
ENT-000113,1,env_labs_standardized.csv,"Aquatic Laboratories, LLC",,TNI02424,2554 Palumbo Drive,Lexington,Kentucky,,,env_labs,https://www.aquaticlaboratories.com/,,jhoward@aquaticresources.us,,,,,,no_explicit_gmp,True,found_via_search,extracted,"checked_pages_not_found (pages_checked=8,fetched_ok=8,total_text_chars=19389)",extracted,extracted,extracted,Aquatic Laboratories,True,HQ Lab @ Aquatic Laboratories,38.0149616,-84.4422228,google_rooftop,"2554 Palumbo Dr, Lexington, KY 40509, USA"
ENT-000114,1,env_labs_standardized.csv,"AQUATOX RESEARCH, INC.",,TNI02979,,SYRACUSE,New York,,,env_labs,https://aquatoxresearch.com/,Frank Doherty,contactus@aquatoxresearch.com,,,,,,,,found_via_search,found_via_fallback_search,found_via_fallback_search,found_via_fallback_search,"no_pages_fetched_ok (pages_checked=1,fetched_ok=0,total_text_chars=0)","no_pages_fetched_ok (pages_checked=1,fetched_ok=0,total_text_chars=0)",AQUATOX RESEARCH,True,HQ Lab @ AQUATOX RESEARCH,43.0494832,-76.14739770000001,google_approximate,"Syracuse, NY, USA"
ENT-000115,1,env_labs_standardized.csv,"ARDL, Inc.",,TNI02022,400 Aviation Drive,Mt. Vernon,Illinois,,,env_labs,https://ardlinc.com/,Dean Dickerson,Ddickerson@ardlinc.com,,,,,,explicit_gmp,,found_via_search,found_via_fallback_search,found_via_fallback_search,found_via_fallback_search,found_via_fallback_search,"no_pages_fetched_ok (pages_checked=1,fetched_ok=0,total_text_chars=0)",ARDL,True,HQ Lab @ ARDL,38.3213991,-88.8524417,google_rooftop,"400 Aviation Dr, Mt Vernon, IL 62864, USA"
ENT-000116,1,env_labs_standardized.csv,"Arkansas Analytical, Inc.",,TNI00174,8100 National Drive,Little Rock,Arkansas,,,env_labs,https://www.arkansasanalytical.com/,Norma James President / QA Officer,,,,,,,no_explicit_gmp,True,found_via_search,extracted,extracted,"checked_pages_not_found (pages_checked=8,fetched_ok=7,total_text_chars=7989)",extracted,extracted,Arkansas Analytical,True,HQ Lab @ Arkansas Analytical,34.6763314,-92.33703129999999,google_rooftop,"8100 National Dr, Little Rock, AR 72209, USA"
ENT-000117,1,env_labs_standardized.csv,Arkansas City Municipal Wastewater Laboratory,,TNI01882,118 W. CENTRAL AVE.,Arkansas City,Kansas,,,env_labs,https://www.arkcity.org/,,,,,,,,no_explicit_gmp,False,found_via_search,extracted,"checked_pages_not_found (pages_checked=4,fetched_ok=4,total_text_chars=10148)","checked_pages_not_found (pages_checked=4,fetched_ok=4,total_text_chars=10148)",extracted,"checked_pages_not_found (pages_checked=4,fetched_ok=4,total_text_chars=10148)",Arkansas City Municipal Wastewater Laboratory,True,HQ Lab @ Arkansas City Municipal Wastewater Laboratory,37.0628872,-97.0399305,google_geometric_center,"118 W Central Ave, Arkansas City, KS 67005, USA"
ENT-000118,1,env_labs_standardized.csv,"Armstrong Forensic Laboratory, Inc.",,TNI00041,330 Loch N Green Trail,Arlington,Texas,,,env_labs,https://aflab.com/,Dr. Andrew T. Armstrong,info@aflab.com,,,,,,no_explicit_gmp,True,found_via_search,extracted,extracted,extracted,extracted,extracted,Armstrong Forensic Laboratory,True,HQ Lab @ Armstrong Forensic Laboratory,32.7370154,-97.1592019,google_rooftop,"330 Loch N Green Trail, Arlington, TX 76012, USA"
ENT-000119,1,env_labs_standardized.csv,Ascend Performance Materials LLC,,TNI00276,1010 Travis Street Suite 900,Cantonment,Florida,,,env_labs,https://www.ascendmaterials.com/,,rfergu@ascendmaterials.com,,,,,,no_explicit_gmp,True,found_via_search,extracted,"checked_pages_not_found (pages_checked=8,fetched_ok=8,total_text_chars=55723)",extracted,extracted,extracted,Ascend Performance Materials,True,HQ Lab @ Ascend Performance Materials,30.6053644,-87.34464919999999,google_approximate,"Cantonment, FL 32533, USA"
ENT-000120,1,env_labs_standardized.csv,Ashley Valley WTP Laboratory,,TNI01958,,Vernal,Utah,,,env_labs,,,,,,,,,,,search_found_nothing,found_via_fallback_search,no_website_cannot_check_pages,no_website_cannot_check_pages,no_website_cannot_check_pages,no_website_cannot_check_pages,Ashley Valley WTP Laboratory,True,HQ Lab @ Ashley Valley WTP Laboratory,40.4555157,-109.5287479,google_approximate,"Vernal, UT 84078, USA"
ENT-000121,1,env_labs_standardized.csv,ASSET Laboratories,,TNI01203,3151 W. Post Road,Las Vegas,Nevada,,,env_labs,https://www.assetlaboratories.com/,Thad Malit,sales.lv@assetlaboratories.com,,,,,,no_explicit_gmp,True,found_via_search,extracted,extracted,extracted,extracted,extracted,ASSET Laboratories,True,HQ Lab @ ASSET Laboratories,36.0745996,-115.1831013,google_rooftop,"3151 W Post Rd, Las Vegas, NV 89118, USA"
ENT-000122,1,env_labs_standardized.csv,ATC GROUP SERVICES LLC,,TNI01618,,NEW YORK,New York,,,env_labs,https://www.atcassociates.com/,Denise Cosenza,denise.cosenza@atcgs.com,,,,,,,,found_via_search,found_via_fallback_search,found_via_fallback_search,found_via_fallback_search,"no_pages_fetched_ok (pages_checked=1,fetched_ok=0,total_text_chars=0)","no_pages_fetched_ok (pages_checked=1,fetched_ok=0,total_text_chars=0)",ATC GROUP SERVICES,True,HQ Lab @ ATC GROUP SERVICES,40.7127753,-74.0059728,google_approximate,"New York, NY, USA"
ENT-000123,1,env_labs_standardized.csv,ATLAS ENVIRONMENTAL LABS CORP,,TNI02323,"255 W 36th Street, Suite# 1503",NEW YORK,New York,,,env_labs,https://www.atlasenvironmentallab.com/,,info@atlasenvironmentallab.com,,,,,,no_explicit_gmp,True,found_via_search,extracted,"checked_pages_not_found (pages_checked=8,fetched_ok=8,total_text_chars=15607)",extracted,extracted,extracted,ATLAS ENVIRONMENTAL LABS,True,HQ Lab @ ATLAS ENVIRONMENTAL LABS,40.7532276,-73.9914584,google_rooftop,"255 W 36th St. Suite# 1503, New York, NY 10018, USA"
ENT-000124,1,env_labs_standardized.csv,"Atmospheric Analysis and Consulting, Inc.",,TNI00277,2225 Sperry Ave,Ventura,California,,,env_labs,https://www.aaclab.com/,Dr. Sucha Parmar,info@aaclab.com,,,,,,no_explicit_gmp,True,found_via_search,extracted,extracted,found_via_fallback_search,extracted,extracted,Atmospheric Analysis and Consulting,True,HQ Lab @ Atmospheric Analysis and Consulting,34.2522968,-119.2180638,google_rooftop,"2225 Sperry Ave, Ventura, CA 93003, USA"
ENT-000125,1,env_labs_standardized.csv,AUBURN WATER TREATMENT PLANT,,TNI01499,24 South Street,AUBURN,New York,,,env_labs,https://www.auburnny.gov/,,Sjensen@auburnny.gov,,,,,,no_explicit_gmp,False,found_via_search,extracted,"checked_pages_not_found (pages_checked=2,fetched_ok=2,total_text_chars=25778)",found_via_fallback_search,extracted,"checked_pages_not_found (pages_checked=2,fetched_ok=2,total_text_chars=25778)",AUBURN WATER TREATMENT PLANT,True,HQ Lab @ AUBURN WATER TREATMENT PLANT,42.9302012,-76.5656656,google_rooftop,"24 South St, Auburn, NY 13021, USA"
ENT-000126,1,env_labs_standardized.csv,AUBURN WPCP (LAB),,TNI01498,35 Bradley Street,AUBURN,New York,,,env_labs,,,,,,,,,,,search_found_nothing,found_via_fallback_search,no_website_cannot_check_pages,no_website_cannot_check_pages,no_website_cannot_check_pages,no_website_cannot_check_pages,AUBURN WPCP LAB,True,HQ Lab @ AUBURN WPCP LAB,42.9422058,-76.5954387,google_rooftop,"35 Bradley St, Auburn, NY 13021, USA"
ENT-000127,1,env_labs_standardized.csv,"Avery Laboratories & Environmental Services, LLC",,TNI00278,"2720 Gregory St, Unit 200",Savannah,Georgia,,,env_labs,,,,,,,,,,,search_found_nothing,found_via_fallback_search,no_website_cannot_check_pages,no_website_cannot_check_pages,no_website_cannot_check_pages,no_website_cannot_check_pages,Avery Laboratories Environmental Services,True,HQ Lab @ Avery Laboratories Environmental Services,32.0635807,-81.0453861,google_rooftop,"2720 Gregory St #200, Savannah, GA 31404, USA"
ENT-000128,1,env_labs_standardized.csv,"AWWS, Inc. (Analytical Water & Wastewater Services)",,TNI00083,7352 Greenridge Road,Hallsville,Texas,,,env_labs,https://awws.org/,Sean Dibble,sean@awws.org,,,,,,no_explicit_gmp,True,found_via_search,extracted,extracted,extracted,extracted,extracted,AWWS,True,HQ Lab @ AWWS,32.504316,-94.5740934,google_approximate,"Hallsville, TX 75650, USA"
ENT-000129,1,env_labs_standardized.csv,"B & B Consultants, Inc.",,TNI01256,212 E Ferrell Street,Chase City,Virginia,,,env_labs,https://www.bandbcons.com/,Michael Herring – Lab Manager,mherring@bandbcons.com,,,,,,no_explicit_gmp,True,found_via_search,extracted,extracted,found_via_fallback_search,extracted,extracted,B B Consultants,True,HQ Lab @ B B Consultants,36.7917904,-78.46782929999999,google_range_interpolated,"212 E St, Chase City, VA 23924, USA"
ENT-000130,1,env_labs_standardized.csv,"B.A.T. Laboratories, LLC",,TNI00125,,Amarillo,Texas,,,env_labs,https://www.batlaboratoriesllc.com/,,admin@batlaboratoriesllc.com,,,,,,,,found_via_search,found_via_fallback_search,"no_pages_fetched_ok (pages_checked=1,fetched_ok=0,total_text_chars=0)",found_via_fallback_search,"no_pages_fetched_ok (pages_checked=1,fetched_ok=0,total_text_chars=0)","no_pages_fetched_ok (pages_checked=1,fetched_ok=0,total_text_chars=0)",BAT Laboratories,True,HQ Lab @ BAT Laboratories,35.2069816,-101.8320065,google_approximate,"Amarillo, TX, USA"
ENT-000131,1,env_labs_standardized.csv,B3 Labs,,TNI02711,4503 Spring Cypress Road C-7,Spring,Texas,,,env_labs,https://b3labs.net/,Ben Walsh Owner,lexi@b3labs.net,,,,,,no_explicit_gmp,True,found_via_search,extracted,extracted,found_via_fallback_search,extracted,extracted,B3 Labs,True,HQ Lab @ B3 Labs,30.052401,-95.487551,google_rooftop,"4503 Spring Cypress Rd C7, Spring, TX 77388, USA"
ENT-000132,1,env_labs_standardized.csv,"Babcock Laboratories, Inc.",,TNI01218,6100 Quail Valley Court,Riverside,California,,,env_labs,https://www.babcocklabs.com/,Tiffany Gomez,info@babcocklabs.com,,,,,,no_explicit_gmp,True,found_via_search,extracted,extracted,extracted,extracted,extracted,Babcock Laboratories,True,HQ Lab @ Babcock Laboratories,33.9419955,-117.2958542,google_rooftop,"6100 Quail Valley Ct, Riverside, CA 92507, USA"
ENT-000133,1,env_labs_standardized.csv,BATAVIA (C) WATER TREATMENT PLANT,,TNI01526,,BATAVIA,New York,,,env_labs,https://www.cityofbataviany.gov/,"Steven J. Mountain, P.E.",smountain@townofbatavia.com,,,,,,no_explicit_gmp,False,found_via_search,"checked_pages_not_found (pages_checked=3,fetched_ok=3,total_text_chars=14074)",found_via_fallback_search,found_via_fallback_search,extracted,"checked_pages_not_found (pages_checked=3,fetched_ok=3,total_text_chars=14074)",BATAVIA C WATER TREATMENT PLANT,True,HQ Lab @ BATAVIA C WATER TREATMENT PLANT,42.9981156,-78.1875167,google_approximate,"Batavia, NY 14020, USA"
ENT-000134,1,env_labs_standardized.csv,BATAVIA WASTEWATER TREATMENT FACILITY,,TNI01525,One Batavia City Centre,BATAVIA,New York,,,env_labs,https://www.cityofbataviany.gov/,Bailey Groth,,,,,,,no_explicit_gmp,False,found_via_search,extracted,extracted,"checked_pages_not_found (pages_checked=3,fetched_ok=3,total_text_chars=14074)",extracted,"checked_pages_not_found (pages_checked=3,fetched_ok=3,total_text_chars=14074)",BATAVIA WASTEWATER TREATMENT FACILITY,True,HQ Lab @ BATAVIA WASTEWATER TREATMENT FACILITY,42.9988913,-78.1849557,google_geometric_center,"Batavia City Ctr, Batavia, NY 14020, USA"
ENT-000135,1,env_labs_standardized.csv,"BATTA LABORATORIES, LLC.",,TNI02320,6 Garfield Way,NEWARK,Delaware,,,env_labs,https://battaenv.com/,Naresh Batta,info@battaenv.com,,,,,,,,found_via_search,found_via_fallback_search,found_via_fallback_search,found_via_fallback_search,"no_pages_fetched_ok (pages_checked=1,fetched_ok=0,total_text_chars=0)","no_pages_fetched_ok (pages_checked=1,fetched_ok=0,total_text_chars=0)",BATTA LABORATORIES,True,HQ Lab @ BATTA LABORATORIES,39.65377,-75.72421419999999,google_rooftop,"6 Garfield Way, Newark, DE 19713, USA"
ENT-000136,1,env_labs_standardized.csv,Battelle Analytical Chemistry Services Laboratory,,TNI00280,,Norwell,Massachusetts,,,env_labs,https://www.battelle.org/,,willenbergz@battelle.org,,,,,,,,found_via_search,found_via_fallback_search,"no_pages_fetched_ok (pages_checked=1,fetched_ok=0,total_text_chars=0)",found_via_fallback_search,"no_pages_fetched_ok (pages_checked=1,fetched_ok=0,total_text_chars=0)","no_pages_fetched_ok (pages_checked=1,fetched_ok=0,total_text_chars=0)",Battelle Analytical Chemistry Services Laboratory,True,HQ Lab @ Battelle Analytical Chemistry Services Laboratory,42.1573988,-70.81784999999999,google_approximate,"Norwell, MA 02061, USA"
ENT-000137,1,env_labs_standardized.csv,Bay County Laboratory Services,,TNI00281,,Panama City,Florida,,,env_labs,https://www.baycountyfl.gov/209/Laboratory-Services,,,,,,,,,,found_via_search,found_via_fallback_search,"no_pages_fetched_ok (pages_checked=1,fetched_ok=0,total_text_chars=0)","no_pages_fetched_ok (pages_checked=1,fetched_ok=0,total_text_chars=0)","no_pages_fetched_ok (pages_checked=1,fetched_ok=0,total_text_chars=0)","no_pages_fetched_ok (pages_checked=1,fetched_ok=0,total_text_chars=0)",Bay County Laboratory Services,True,HQ Lab @ Bay County Laboratory Services,30.1588129,-85.6602058,google_approximate,"Panama City, FL, USA"
ENT-000138,1,env_labs_standardized.csv,"BCS Laboratories, Inc. - Gainesville",,TNI00282,"4609 NW 6th Street, Ste. A",Gainesville,Florida,,,env_labs,https://microbioservices.com/,"Jerzy ""George"" Lukasik, Ph.D.",info@microbioservices.com,,,,,,no_explicit_gmp,True,found_via_search,extracted,extracted,found_via_fallback_search,extracted,extracted,BCS Laboratories,True,HQ Lab @ BCS Laboratories,29.6984905,-82.33364159999999,google_rooftop,"4609 NW 6th St STE A, Gainesville, FL 32609, USA"
ENT-000139,1,env_labs_standardized.csv,"Beacon Environmental Services, Inc.",,TNI02428,526 Underwood Lane,Bel Air,Maryland,,,env_labs,https://beacon-usa.com/,Mr. Harry O'Neill,info@beacon-usa.com,,,,,,no_explicit_gmp,True,found_via_search,extracted,extracted,extracted,extracted,extracted,Beacon Environmental Services,True,HQ Lab @ Beacon Environmental Services,39.5719366,-76.35558,google_rooftop,"526 Underwood Ln, Bel Air, MD 21014, USA"
ENT-000140,1,env_labs_standardized.csv,Bear River District Health Department Water Laboratory,,TNI01961,655 East 1300 North Logan,Logan,Utah,,,env_labs,https://brhdut.gov/,,,,,,,,no_explicit_gmp,False,found_via_search,extracted,"checked_pages_not_found (pages_checked=8,fetched_ok=8,total_text_chars=26869)","checked_pages_not_found (pages_checked=8,fetched_ok=8,total_text_chars=26869)",extracted,"checked_pages_not_found (pages_checked=8,fetched_ok=8,total_text_chars=26869)",Bear River District Health Department Water Laboratory,True,HQ Lab @ Bear River District Health Department Water Laboratory,41.7559574,-111.8169877,google_geometric_center,"655 E 1300 N, Logan, UT 84341, USA"
ENT-000141,1,env_labs_standardized.csv,Beckton Environmental Laboratories,,TNI00284,192 Villa Street,Ponce,Puerto Rico,,,env_labs,https://beckton.com/,,beckton@beckton.com,,,,,,no_explicit_gmp,True,found_via_search,extracted,"checked_pages_not_found (pages_checked=7,fetched_ok=7,total_text_chars=32566)",extracted,extracted,extracted,Beckton Environmental Laboratories,True,HQ Lab @ Beckton Environmental Laboratories,38.7945952,-106.5348379,google_approximate,United States
ENT-000142,1,env_labs_standardized.csv,BELGRAVE WATER POL CNTRL DIST,,TNI01430,34-01 255th Street,LITTLE NECK,New York,,,env_labs,http://douglaston.com,"Brian Wirta, Superintendent",belgrave1call@yahoo.com,,,,,,,,found_via_search,found_via_fallback_search,found_via_fallback_search,found_via_fallback_search,"no_pages_fetched_ok (pages_checked=1,fetched_ok=0,total_text_chars=0)","no_pages_fetched_ok (pages_checked=1,fetched_ok=0,total_text_chars=0)",BELGRAVE WATER POL CNTRL DIST,True,HQ Lab @ BELGRAVE WATER POL CNTRL DIST,40.7778658,-73.7421865,google_rooftop,"3401 255th St, Flushing, NY 11363, USA"
ENT-000143,1,env_labs_standardized.csv,Benchmark EA South,,TNI00285,"1001 Corporate Avenue, Suite 102",North Port,Florida,,,env_labs,https://www.benchmarkea.com/,,,,,,,,no_explicit_gmp,True,found_via_search,found_via_fallback_search,"checked_pages_not_found (pages_checked=8,fetched_ok=1,total_text_chars=2993)","checked_pages_not_found (pages_checked=8,fetched_ok=1,total_text_chars=2993)",extracted,extracted,Benchmark EA South,True,HQ Lab @ Benchmark EA South,27.0820689,-82.1568301,google_rooftop,"1001 Corporate Ave #102, North Port, FL 34289, USA"
ENT-000144,1,env_labs_standardized.csv,"Benchmark EnviroAnalytical, Inc.",,TNI00286,,Palmetto,Florida,,,env_labs,https://www.benchmarkea.com/,Dale Dixon,dale.dixon@benchmarkea.net,,,,,,no_explicit_gmp,True,found_via_search,found_via_fallback_search,found_via_fallback_search,found_via_fallback_search,extracted,extracted,Benchmark EnviroAnalytical,True,HQ Lab @ Benchmark EnviroAnalytical,27.5214269,-82.57231929999999,google_approximate,"Palmetto, FL, USA"
ENT-000145,1,env_labs_standardized.csv,Benchmark Mid Florida Laboratory,,TNI00500,,Winter Haven,Florida,,,env_labs,https://www.benchmarkea.com/,,,,,,,,no_explicit_gmp,True,found_via_search,found_via_fallback_search,"checked_pages_not_found (pages_checked=8,fetched_ok=1,total_text_chars=2993)","checked_pages_not_found (pages_checked=8,fetched_ok=1,total_text_chars=2993)",extracted,extracted,Benchmark Mid Florida Laboratory,True,HQ Lab @ Benchmark Mid Florida Laboratory,28.0263794,-81.73065869999999,google_approximate,"Winter Haven, FL, USA"
ENT-000146,1,env_labs_standardized.csv,BINGHAMTON WATER TREATMENT PLANT,,TNI01597,,BINGHAMTON,New York,,,env_labs,https://www.binghamton-ny.gov/,,bingwaterplant@cityofbinghamton.com,,,,,,,,found_via_search,found_via_fallback_search,"no_pages_fetched_ok (pages_checked=1,fetched_ok=0,total_text_chars=0)",found_via_fallback_search,"no_pages_fetched_ok (pages_checked=1,fetched_ok=0,total_text_chars=0)","no_pages_fetched_ok (pages_checked=1,fetched_ok=0,total_text_chars=0)",BINGHAMTON WATER TREATMENT PLANT,True,HQ Lab @ BINGHAMTON WATER TREATMENT PLANT,42.09712040000001,-75.9116546,google_approximate,"Binghamton, NY, USA"
ENT-000147,1,env_labs_standardized.csv,BINGHAMTON-JOHNSON (C) STP,,TNI01563,,VESTAL,New York,,,env_labs,https://www.binghamton-ny.gov/government/departments/joint-sewage-project,,,,,,,,,,found_via_search,found_via_fallback_search,"no_pages_fetched_ok (pages_checked=1,fetched_ok=0,total_text_chars=0)","no_pages_fetched_ok (pages_checked=1,fetched_ok=0,total_text_chars=0)","no_pages_fetched_ok (pages_checked=1,fetched_ok=0,total_text_chars=0)","no_pages_fetched_ok (pages_checked=1,fetched_ok=0,total_text_chars=0)",BINGHAMTON JOHNSON C STP,True,HQ Lab @ BINGHAMTON JOHNSON C STP,42.0855898,-76.053575,google_approximate,"Vestal, NY 13850, USA"
ENT-000148,1,env_labs_standardized.csv,"Bio Chem Lab, Inc.",,TNI00061,,West,Texas,,,env_labs,https://biochemlabtx.com/,,customerservice@biochemlabtx.com,,,,,,,,found_via_search,found_via_fallback_search,"no_pages_fetched_ok (pages_checked=1,fetched_ok=0,total_text_chars=0)",found_via_fallback_search,"no_pages_fetched_ok (pages_checked=1,fetched_ok=0,total_text_chars=0)","no_pages_fetched_ok (pages_checked=1,fetched_ok=0,total_text_chars=0)",Bio Chem Lab,True,HQ Lab @ Bio Chem Lab,31.8023057,-97.0909551,google_approximate,"West, TX 76691, USA"
ENT-000149,1,env_labs_standardized.csv,Bio-Analytical Laboratories,,TNI01379,3240 Spurgin Road,Doyline,Louisiana,,,env_labs,https://www.bioanalyticallabs.com/,,bal@bioanalyticallabs.com,,,,,,,,found_via_search,found_via_fallback_search,"no_pages_fetched_ok (pages_checked=1,fetched_ok=0,total_text_chars=0)",found_via_fallback_search,"no_pages_fetched_ok (pages_checked=1,fetched_ok=0,total_text_chars=0)","no_pages_fetched_ok (pages_checked=1,fetched_ok=0,total_text_chars=0)",Bio Analytical Laboratories,True,HQ Lab @ Bio Analytical Laboratories,32.4945028,-93.4092778,google_rooftop,"3240 Spurgin Rd, Doyline, LA 71023, USA"
ENT-000150,1,env_labs_standardized.csv,Biological Monitoring Incorporated,,TNI01243,1800 Kraft Drive Suite 104,Blacksburg,Virginia,,,env_labs,https://biomon.com/,"David Gruber, PhD, President – TNI Lab Director",bmi@biomon.com,,,,,,no_explicit_gmp,True,found_via_search,found_via_fallback_search,extracted,extracted,extracted,extracted,Biological Monitoring Incorporated,True,HQ Lab @ Biological Monitoring Incorporated,37.2029975,-80.4106661,google_rooftop,"1800 Kraft Dr SW Ste 104, Blacksburg, VA 24060, USA"
ENT-000151,1,env_labs_standardized.csv,BIOTRAX TESTING LABORATORY,,TNI01744,3580 Harlem Road,CHEEKTOWAGA,New York,,,env_labs,https://mybiotrax.com/,"Edward Lukaszek, CEO",edward@biotrax.net,,,,,,no_explicit_gmp,True,found_via_search,extracted,found_via_fallback_search,found_via_fallback_search,extracted,extracted,BIOTRAX TESTING LABORATORY,True,HQ Lab @ BIOTRAX TESTING LABORATORY,42.941185,-78.78449909999999,google_rooftop,"3580 Harlem Rd, Buffalo, NY 14215, USA"
ENT-000152,1,env_labs_standardized.csv,Blue Ridge Analytical LLC,,TNI02567,2280 West Ridge Road,Wytheville,Virginia,,,env_labs,https://www.blueridgeanalytical.com/,Gary Mychel Johnson,info@blueridgeanalytical.com,,,,,,no_explicit_gmp,True,found_via_search,extracted,found_via_fallback_search,extracted,extracted,extracted,Blue Ridge Analytical,True,HQ Lab @ Blue Ridge Analytical,36.9495297,-81.12519379999999,google_rooftop,"2280 W Ridge Rd, Wytheville, VA 24382, USA"
ENT-000153,1,env_labs_standardized.csv,"Blue Triton Brands, Inc.",,TNI02139,305 Nestle Way,Breinigsville,Pennsylvania,,,env_labs,https://www.primobrands.com/,Tana Yost,,,,,,,no_explicit_gmp,True,found_via_search,found_via_fallback_search,found_via_fallback_search,"checked_pages_not_found (pages_checked=8,fetched_ok=8,total_text_chars=83012)",extracted,extracted,Blue Triton Brands,True,HQ Lab @ Blue Triton Brands,40.5727245,-75.6251587,google_rooftop,"305 Nestle Way, Breinigsville, PA 18031, USA"
ENT-000154,1,env_labs_standardized.csv,BlueTriton Brands Dallas QA Lab,,TNI00156,,Dallas,Texas,,,env_labs,https://www.bluetriton.com/,,,,,,,,no_explicit_gmp,False,found_via_search,found_via_fallback_search,"checked_pages_not_found (pages_checked=8,fetched_ok=8,total_text_chars=128632)","checked_pages_not_found (pages_checked=8,fetched_ok=8,total_text_chars=128632)",extracted,"checked_pages_not_found (pages_checked=8,fetched_ok=8,total_text_chars=128632)",BlueTriton Brands Dallas QA Lab,True,HQ Lab @ BlueTriton Brands Dallas QA Lab,32.7766642,-96.79698789999999,google_approximate,"Dallas, TX, USA"
ENT-000155,1,env_labs_standardized.csv,BLUETRITON BRANDS NATIONAL QUALITY LABORATORY,,TNI02786,,LOS ANGELES,California,,,env_labs,https://www.bluetriton.com/,Arshed James,,,,,,,no_explicit_gmp,False,found_via_search,found_via_fallback_search,found_via_fallback_search,"checked_pages_not_found (pages_checked=8,fetched_ok=7,total_text_chars=127884)",extracted,"checked_pages_not_found (pages_checked=8,fetched_ok=7,total_text_chars=127884)",BLUETRITON BRANDS NATIONAL QUALITY LABORATORY,True,HQ Lab @ BLUETRITON BRANDS NATIONAL QUALITY LABORATORY,34.0549076,-118.242643,google_approximate,"Los Angeles, CA, USA"
ENT-000156,1,env_labs_standardized.csv,BlueTriton Brands Pasadena QA Lab,,TNI02681,0 RED BLUFF RD,Pasadena,Texas,,,env_labs,https://bluetriton.com/,,,,,,,,no_explicit_gmp,False,found_via_search,found_via_fallback_search,"checked_pages_not_found (pages_checked=8,fetched_ok=7,total_text_chars=127884)","checked_pages_not_found (pages_checked=8,fetched_ok=7,total_text_chars=127884)",extracted,"checked_pages_not_found (pages_checked=8,fetched_ok=7,total_text_chars=127884)",BlueTriton Brands Pasadena QA Lab,True,HQ Lab @ BlueTriton Brands Pasadena QA Lab,29.6556731,-95.1262626,google_geometric_center,"Red Bluff Rd, Pasadena, TX, USA"
ENT-000157,1,env_labs_standardized.csv,BLUETRITON BRANDS SARATOGA SPRINGS QA LAB,,TNI01790,,SARATOGA SPRINGS,New York,,,env_labs,,,,,,,,,,,search_found_nothing,found_via_fallback_search,no_website_cannot_check_pages,no_website_cannot_check_pages,no_website_cannot_check_pages,no_website_cannot_check_pages,BLUETRITON BRANDS SARATOGA SPRINGS QA LAB,True,HQ Lab @ BLUETRITON BRANDS SARATOGA SPRINGS QA LAB,43.08337059999999,-73.7849756,google_approximate,"Saratoga Springs, NY, USA"
ENT-000158,1,env_labs_standardized.csv,bmh environmental lab llc dba Utility Testing Laboratory,,TNI02011,,Salt Lake City,Utah,,,env_labs,https://ut-labs.com/,,,,,,,,no_explicit_gmp,True,found_via_search,found_via_fallback_search,"pages_likely_js_rendered (pages_checked=1,fetched_ok=1,total_text_chars=26)","pages_likely_js_rendered (pages_checked=1,fetched_ok=1,total_text_chars=26)",extracted,extracted,bmh environmental lab,True,HQ Lab @ bmh environmental lab,40.7605601,-111.8881397,google_approximate,"Salt Lake City, UT, USA"
ENT-000159,1,env_labs_standardized.csv,Bonner Analytical Testing Co,,TNI02178,2703 Oak Grove Road,Hattiesburg,Mississippi,,,env_labs,https://batco.com/,,contact@batco.com,,,,,,no_explicit_gmp,True,found_via_search,extracted,"checked_pages_not_found (pages_checked=8,fetched_ok=7,total_text_chars=22530)",extracted,extracted,extracted,Bonner Analytical Testing Co,True,HQ Lab @ Bonner Analytical Testing Co,31.3062866,-89.37433879999999,google_rooftop,"2703 Oak Grove Rd, Hattiesburg, MS 39402, USA"
ENT-000160,1,env_labs_standardized.csv,"Box R Water Analysis Laboratory, L.L.C.",,TNI00200,567 NW Second ST,Prineville,Oregon,,,env_labs,https://boxrwaterlab.weebly.com/,Ms. Sherri Miyazaki,[email protected],,,,,,no_explicit_gmp,True,found_via_search,extracted,found_via_fallback_search,extracted,extracted,extracted,Box R Water Analysis Laboratory LLC,True,HQ Lab @ Box R Water Analysis Laboratory LLC,44.3022842,-120.8521606,google_rooftop,"567 NW 2nd St, Prineville, OR 97754, USA"
ENT-000161,1,env_labs_standardized.csv,Brazoria County Health Department Water Laboratory,,TNI00111,,Angleton,Texas,,,env_labs,https://www.brazoriacountytx.gov/departments/health-department/water-lab,Mayra Oyervides,WaterLab@brazoriacountytx.gov,,,,,,,,found_via_search,found_via_fallback_search,found_via_fallback_search,found_via_fallback_search,"no_pages_fetched_ok (pages_checked=1,fetched_ok=0,total_text_chars=0)","no_pages_fetched_ok (pages_checked=1,fetched_ok=0,total_text_chars=0)",Brazoria County Health Department Water Laboratory,True,HQ Lab @ Brazoria County Health Department Water Laboratory,29.1643904,-95.4334243,google_approximate,"Angleton, TX 77515, USA"
ENT-000162,1,env_labs_standardized.csv,Brazos River Authority Environmental Services Laboratory,,TNI00067,301 Observation Point Rd.,Waco,Texas,,,env_labs,https://brazos.org/,,,,,,,,no_explicit_gmp,False,found_via_search,extracted,"checked_pages_not_found (pages_checked=8,fetched_ok=8,total_text_chars=110622)","checked_pages_not_found (pages_checked=8,fetched_ok=8,total_text_chars=110622)",extracted,"checked_pages_not_found (pages_checked=8,fetched_ok=8,total_text_chars=110622)",Brazos River Authority Environmental Services Laboratory,True,HQ Lab @ Brazos River Authority Environmental Services Laboratory,31.5575916,-97.12899220000001,google_approximate,"Waco, TX, USA"
ENT-000163,1,env_labs_standardized.csv,Brevard County Utility Services Laboratory,,TNI00287,,Viera,Florida,,,env_labs,https://www.brevardfl.gov/UtilityServices,Edward Fontanin,,,,,,,,,found_via_search,found_via_fallback_search,found_via_fallback_search,"no_pages_fetched_ok (pages_checked=1,fetched_ok=0,total_text_chars=0)","no_pages_fetched_ok (pages_checked=1,fetched_ok=0,total_text_chars=0)","no_pages_fetched_ok (pages_checked=1,fetched_ok=0,total_text_chars=0)",Brevard County Utility Services Laboratory,True,HQ Lab @ Brevard County Utility Services Laboratory,28.2666258,-80.72905589999999,google_approximate,"Viera, FL, USA"
ENT-000164,1,env_labs_standardized.csv,Brigham City Laboratory,,TNI01962,,Brigham City,Utah,,,env_labs,,,,,,,,,,,search_found_nothing,found_via_fallback_search,no_website_cannot_check_pages,no_website_cannot_check_pages,no_website_cannot_check_pages,no_website_cannot_check_pages,Brigham City Laboratory,True,HQ Lab @ Brigham City Laboratory,41.5102129,-112.0155015,google_approximate,"Brigham City, UT, USA"
ENT-000165,1,env_labs_standardized.csv,Brighton Analytical LLC,,TNI02024,2105 Pless Drive,Brighton,Michigan,,,env_labs,https://www.brighton-analytical.net/,Cindy Williams - Lab Director,labdirector@brightonanalytical.com,,,,,,no_explicit_gmp,True,found_via_search,extracted,extracted,extracted,extracted,extracted,Brighton Analytical,True,HQ Lab @ Brighton Analytical,42.5703656,-83.81024359999999,google_rooftop,"2105 Pless Dr, Brighton, MI 48114, USA"
ENT-000166,1,env_labs_standardized.csv,"Britebox Labs, Inc",,TNI02464,20756 High Desert Court Suite 6,Bend,Oregon,,,env_labs,https://www.briteboxlabs.com/,Dan Huson CEO | OWNER,info@briteboxlabs.com,,,,,,no_explicit_gmp,True,found_via_search,extracted,extracted,found_via_fallback_search,extracted,extracted,Britebox Labs,True,HQ Lab @ Britebox Labs,44.0899347,-121.2859484,google_rooftop,"20756 High Desert Ct #6, Bend, OR 97701, USA"
ENT-000167,1,env_labs_standardized.csv,"Brooks Applied Labs, LLC",,TNI00288,,Seattle,Washington,,,env_labs,https://brooksapplied.com/,Michelle Briscoe,info@brooksapplied.com,,,,,,explicit_gmp,True,found_via_search,extracted,found_via_fallback_search,extracted,found_via_fallback_search,extracted,Brooks Applied Labs,True,HQ Lab @ Brooks Applied Labs,47.6061389,-122.3328481,google_approximate,"Seattle, WA, USA"
ENT-000168,1,env_labs_standardized.csv,Brothers Laboratory Services,,TNI03071,"10 Kimler Dr, Ste G",Maryland Heights,Missouri,,,env_labs,https://www.brotherslaboratoryservices.com/,Mark and Chris Juhl,sales@brotherslaboratoryservices.com,,,,,,no_explicit_gmp,True,found_via_search,extracted,extracted,extracted,extracted,extracted,Brothers Laboratory Services,True,HQ Lab @ Brothers Laboratory Services,38.709882,-90.44220729999999,google_rooftop,"10 Kimler Dr Ste G, Maryland Heights, MO 63043, USA"
ENT-000169,1,env_labs_standardized.csv,Broward County Environmental Monitoring Laboratory,,TNI00289,3211 College Avenue,Davie,Florida,,,env_labs,https://www.broward.org/NaturalResources/Lab/Pages/Default.aspx,,isuarezhale@broward.org,,,,,,no_explicit_gmp,False,found_via_search,found_via_fallback_search,"checked_pages_not_found (pages_checked=3,fetched_ok=2,total_text_chars=4319)",found_via_fallback_search,extracted,"checked_pages_not_found (pages_checked=3,fetched_ok=2,total_text_chars=4319)",Broward County Environmental Monitoring Laboratory,True,HQ Lab @ Broward County Environmental Monitoring Laboratory,26.0846572,-80.2391722,google_rooftop,"3211 College Ave, Davie, FL 33317, USA"
ENT-000170,1,env_labs_standardized.csv,Broward County Water and Wastewater Services Laboratory,,TNI00290,,Pompano Beach,Florida,,,env_labs,https://www.broward.org/WaterServices/,"Alan W. Garcia, P.E., Director",Water@broward.org,,,,,,no_explicit_gmp,False,found_via_search,found_via_fallback_search,extracted,found_via_fallback_search,extracted,"checked_pages_not_found (pages_checked=8,fetched_ok=5,total_text_chars=29821)",Broward County Water and Wastewater Services Laboratory,True,HQ Lab @ Broward County Water and Wastewater Services Laboratory,26.2305913,-80.12510209999999,google_approximate,"Pompano Beach, FL, USA"
ENT-000171,1,env_labs_standardized.csv,Brownsville Public Utilities Board Analytical Laboratory,,TNI00135,,Brownsville,Texas,,,env_labs,https://www.bpub.com/,Marilyn D. Gilbert,CustomerService@brownsville-pub.com,,,,,,no_explicit_gmp,False,found_via_search,extracted,extracted,extracted,extracted,"checked_pages_not_found (pages_checked=8,fetched_ok=8,total_text_chars=48162)",Brownsville Public Utilities Board Analytical Laboratory,True,HQ Lab @ Brownsville Public Utilities Board Analytical Laboratory,25.9017472,-97.4974838,google_approximate,"Brownsville, TX, USA"
ENT-000172,1,env_labs_standardized.csv,BSK Associates,,TNI02245,"691 N. Laverne Avenue, Suite 101",Fresno,California,,,env_labs,https://www.bskassociates.com/,Renea Rangell,rrangell@bskassociates.com,,,,,,no_explicit_gmp,True,found_via_search,extracted,found_via_fallback_search,found_via_fallback_search,extracted,extracted,BSK Associates,False,Fresno Lab @ BSK Associates,36.7459911,-119.6745427,google_rooftop,"691 N Laverne Ave #101, Fresno, CA 93727, USA"
ENT-000173,1,env_labs_standardized.csv,BSK Associates ?Vancouver,,TNI00194,2517 E. Evergreen Blvd,Vancouver,Washington,,,env_labs,https://www.bskassociates.com/,,ebunger@bskassociates.com,,,,,,no_explicit_gmp,True,found_via_search,extracted,"checked_pages_not_found (pages_checked=8,fetched_ok=8,total_text_chars=42600)",found_via_fallback_search,extracted,extracted,BSK Associates,False,Vancouver Lab @ BSK Associates,45.62579280000001,-122.6442795,google_rooftop,"2517 E Evergreen Blvd, Vancouver, WA 98661, USA"
ENT-000174,1,env_labs_standardized.csv,BSK-San Bernardino,,TNI02468,"350 E. Commercial Road, Suite 110",San Bernardino,California,,,env_labs,https://www.bskassociates.com/,,,,,,,,no_explicit_gmp,True,found_via_search,extracted,"checked_pages_not_found (pages_checked=8,fetched_ok=8,total_text_chars=42600)","checked_pages_not_found (pages_checked=8,fetched_ok=8,total_text_chars=42600)",extracted,extracted,BSK,True,HQ Lab @ BSK,34.0567554,-117.2773848,google_rooftop,"350 E Commercial Rd #110, San Bernardino, CA 92408, USA"
ENT-000175,1,env_labs_standardized.csv,BUFFALO SEWER AUTHORITY,,TNI01449,City Hall Room 1038,BUFFALO,New York,,,env_labs,https://buffalosewer.org/,"Rosaleen B. Nogle, P.E. Principal Sanitary Engineer",,,,,,,no_explicit_gmp,False,found_via_search,extracted,extracted,"checked_pages_not_found (pages_checked=8,fetched_ok=8,total_text_chars=39059)",extracted,"checked_pages_not_found (pages_checked=8,fetched_ok=8,total_text_chars=39059)",BUFFALO SEWER AUTHORITY,True,HQ Lab @ BUFFALO SEWER AUTHORITY,42.8866194,-78.879325,google_rooftop,"65 Niagara Square, Buffalo, NY 14202, USA"
ENT-000176,1,env_labs_standardized.csv,BUFFALO WATER AUTHORITY FILTRATION PLANT LABORATORY,,TNI01543,281 Exchange St,BUFFALO,New York,,,env_labs,https://buffalowater.org/,,customerservice@buffalowater.org,,,,,,no_explicit_gmp,False,found_via_search,extracted,"checked_pages_not_found (pages_checked=8,fetched_ok=8,total_text_chars=22382)",extracted,extracted,"checked_pages_not_found (pages_checked=8,fetched_ok=8,total_text_chars=22382)",BUFFALO WATER AUTHORITY FILTRATION PLANT LABORATORY,True,HQ Lab @ BUFFALO WATER AUTHORITY FILTRATION PLANT LABORATORY,42.8772277,-78.86710169999999,google_rooftop,"281 Exchange St, Buffalo, NY 14204, USA"
ENT-000177,1,env_labs_standardized.csv,Bureau of Agricultural Environmental Laboratories (BAEL),,TNI00293,,Tallahassee,Florida,,,env_labs,https://www.fdacs.gov/,Patricia Lucas,patricia.lucas@fdacs.gov,,,,,,no_explicit_gmp,False,found_via_search,found_via_fallback_search,found_via_fallback_search,found_via_fallback_search,extracted,"checked_pages_not_found (pages_checked=7,fetched_ok=6,total_text_chars=18153)",Bureau of Agricultural Environmental Laboratories BAEL,True,HQ Lab @ Bureau of Agricultural Environmental Laboratories BAEL,30.4381828,-84.28062349999999,google_approximate,"Tallahassee, FL, USA"
ENT-000178,1,env_labs_standardized.csv,Bureau Veritas Canada Inc,,TNI01292,"6740 Campobello Road, Mississauga, ON L5N 2L8",Mississauga,Ontario,,,env_labs,https://www.bvna.com/,Salima Haniff,Salima.Haniff@bureauveritas.com,,,,,,explicit_gmp,True,found_via_search,found_via_fallback_search,found_via_fallback_search,found_via_fallback_search,found_via_fallback_search,extracted,Bureau Veritas Canada,True,HQ Lab @ Bureau Veritas Canada,38.7945952,-106.5348379,google_approximate,United States
ENT-000179,1,env_labs_standardized.csv,"BUREAU VERITAS NORTH AMERICA, INC.",,TNI01741,"3380 Chastain Meadows Pkwy NW, Suite 300",KENNESAW,Georgia,,,env_labs,https://www.bvna.com/,Mr. Alan M. Segrave,alan.segrave@us.bureauveritas.com,,,,,,explicit_gmp,True,found_via_search,found_via_fallback_search,found_via_fallback_search,found_via_fallback_search,found_via_fallback_search,extracted,BUREAU VERITAS NORTH AMERICA,True,HQ Lab @ BUREAU VERITAS NORTH AMERICA,34.033178,-84.554965,google_rooftop,"3380 Chastain Meadows Pkwy NW Ste 300, Kennesaw, GA 30144, USA"
ENT-000180,1,env_labs_standardized.csv,"Bureau Veritas North America, Inc.",,TNI02888,"16800 Greenspoint Park Drive, Suite 300S",Lake Zurich,Alabama,,,env_labs,https://www.bvna.com/,,BV_LZLab@bureauveritas.com,,,,,,explicit_gmp,True,found_via_search,found_via_fallback_search,"checked_pages_not_found (pages_checked=8,fetched_ok=8,total_text_chars=48389)",found_via_fallback_search,found_via_fallback_search,extracted,Bureau Veritas North America,False,"16800 Greenspoint Park Drive, Suite 300S, Lake Zurich Lab @ Bureau Veritas North America",32.3182314,-86.902298,google_approximate,"Alabama, USA"
ENT-000181,1,env_labs_standardized.csv,"Bureau Veritas North America, Inc.",,TNI02889,,Lake Zurich,Illinois,,,env_labs,https://www.bvna.com/,,888-357-7020,,,,,,no_explicit_gmp,True,found_via_search,found_via_fallback_search,"checked_pages_not_found (pages_checked=8,fetched_ok=8,total_text_chars=48389)",extracted,extracted,extracted,Bureau Veritas North America,False,Lake Zurich Lab @ Bureau Veritas North America,42.19696889999999,-88.0934108,google_approximate,"Lake Zurich, IL, USA"
ENT-000182,1,env_labs_standardized.csv,"Bureau Veritas North America, Inc.",,TNI00294,,Novi,Michigan,,,env_labs,https://www.bvna.com/,"Dr. Derek Wong, Ph.D., P.E.",888-357-7020,,,,,,explicit_gmp,True,found_via_search,found_via_fallback_search,found_via_fallback_search,extracted,found_via_fallback_search,extracted,Bureau Veritas North America,False,Novi Lab @ Bureau Veritas North America,42.48059,-83.4754913,google_approximate,"Novi, MI, USA"
ENT-000183,1,env_labs_standardized.csv,BWXT Lynchburg Technology Center,,TNI01267,2016 Mt. Athos Road,Lynchburg,Virginia,,,env_labs,https://www.bwxt.com/,,,,,,,,,,found_via_search,found_via_fallback_search,"no_pages_fetched_ok (pages_checked=1,fetched_ok=0,total_text_chars=0)","no_pages_fetched_ok (pages_checked=1,fetched_ok=0,total_text_chars=0)","no_pages_fetched_ok (pages_checked=1,fetched_ok=0,total_text_chars=0)","no_pages_fetched_ok (pages_checked=1,fetched_ok=0,total_text_chars=0)",BWXT Lynchburg Technology Center,True,HQ Lab @ BWXT Lynchburg Technology Center,37.4072661,-79.0528027,google_rooftop,"2016 Mt Athos Rd, Lynchburg, VA 24504, USA"
ENT-000184,1,env_labs_standardized.csv,CALTEST ANALYTICAL LABORATORY,,TNI01211,,NAPA,California,,,env_labs,https://caltestlabs.com/,Patrick Ingram,Patrick_Ingram@caltestlabs.com,,,,,,,,found_via_search,found_via_fallback_search,found_via_fallback_search,found_via_fallback_search,"no_pages_fetched_ok (pages_checked=1,fetched_ok=0,total_text_chars=0)","no_pages_fetched_ok (pages_checked=1,fetched_ok=0,total_text_chars=0)",CALTEST ANALYTICAL LABORATORY,True,HQ Lab @ CALTEST ANALYTICAL LABORATORY,38.2975381,-122.286865,google_approximate,"Napa, CA, USA"
ENT-000185,1,env_labs_standardized.csv,Camp Rilea Laboratory,,TNI02228,33168 Patriot Way,Warrenton,Oregon,,,env_labs,https://www.oregon.gov/omd/rilea/pages/camp-rilea.aspx,henry.idica@omd.oregon.gov,cro.scheduling@omd.oregon.gov,,,,,,no_explicit_gmp,False,found_via_search,extracted,extracted,extracted,extracted,"checked_pages_not_found (pages_checked=2,fetched_ok=2,total_text_chars=5576)",Camp Rilea Laboratory,True,HQ Lab @ Camp Rilea Laboratory,46.1223467,-123.9339199,google_rooftop,"33168 Patriot Way, Warrenton, OR 97146, USA"
ENT-000186,1,env_labs_standardized.csv,CAMPFIELD RESERVOIR  FILTER PLANT,,TNI01593,1000 Lindbergh Place,PEEKSKILL,New York,,,env_labs,https://www.cityofpeekskillny.gov/,,,,,,,,no_explicit_gmp,False,found_via_search,found_via_fallback_search,"checked_pages_not_found (pages_checked=3,fetched_ok=3,total_text_chars=7614)","checked_pages_not_found (pages_checked=3,fetched_ok=3,total_text_chars=7614)",extracted,"checked_pages_not_found (pages_checked=3,fetched_ok=3,total_text_chars=7614)",CAMPFIELD RESERVOIR FILTER PLANT,True,HQ Lab @ CAMPFIELD RESERVOIR FILTER PLANT,41.3030816,-73.9069781,google_rooftop,"1000 Lindbergh Pl, Peekskill, NY 10566, USA"
ENT-000187,1,env_labs_standardized.csv,CANANDAIGUA WASTEWATER TREATMENT FACILITY,,TNI01586,2 North Main Street,CANANDAIGUA,New York,,,env_labs,https://canandaiguanewyork.gov/274/Water-Resource-Recovery-Facility,Michelle Hess- Chief Operator,,,,,,,no_explicit_gmp,False,found_via_search,extracted,extracted,"checked_pages_not_found (pages_checked=8,fetched_ok=8,total_text_chars=17399)",extracted,"checked_pages_not_found (pages_checked=8,fetched_ok=8,total_text_chars=17399)",CANANDAIGUA WASTEWATER TREATMENT FACILITY,True,HQ Lab @ CANANDAIGUA WASTEWATER TREATMENT FACILITY,42.8875167,-77.2817747,google_rooftop,"2 N Main St, Canandaigua, NY 14424, USA"
ENT-000188,1,env_labs_standardized.csv,CANANDAIGUA WATER TREATMENT PLANT,,TNI01622,3772 West Lake Road,CANANDAIGUA,New York,,,env_labs,https://www.canandaiguanewyork.gov/,"Cottrell, Brett, Assistant Chief Operator",asimmons@canandaiguanewyork.gov,,,,,,no_explicit_gmp,False,found_via_search,found_via_fallback_search,extracted,found_via_fallback_search,extracted,"checked_pages_not_found (pages_checked=5,fetched_ok=5,total_text_chars=12014)",CANANDAIGUA WATER TREATMENT PLANT,True,HQ Lab @ CANANDAIGUA WATER TREATMENT PLANT,42.8449939,-77.28107399999999,google_rooftop,"3772 W Lake Rd, Canandaigua, NY 14424, USA"
ENT-000189,1,env_labs_standardized.csv,CANISTEO WASTEWATER PLANT LAB,,TNI01432,8 Green Street,CANISTEO,New York,,,env_labs,https://villageofcanisteo.gov/,CHRISTOPHER BERTRAM,canisteolab@empireaccess.net,,,,,,no_explicit_gmp,False,found_via_search,found_via_fallback_search,found_via_fallback_search,found_via_fallback_search,extracted,"checked_pages_not_found (pages_checked=8,fetched_ok=8,total_text_chars=36094)",CANISTEO WASTEWATER PLANT LAB,True,HQ Lab @ CANISTEO WASTEWATER PLANT LAB,42.2724621,-77.605796,google_rooftop,"8 Green St, Canisteo, NY 14823, USA"
ENT-000190,1,env_labs_standardized.csv,CANOBIE LAKE WATER TREATMENT PLANT LABORATORY,,TNI01028,33 Geremonty Drive,SALEM,New Hampshire,,,env_labs,https://www.salemnh.gov/,Dianne Emanuelson,fwallace@salemnh.gov,,,,,,no_explicit_gmp,False,found_via_search,extracted,extracted,found_via_fallback_search,extracted,"checked_pages_not_found (pages_checked=7,fetched_ok=7,total_text_chars=20284)",CANOBIE LAKE WATER TREATMENT PLANT LABORATORY,True,HQ Lab @ CANOBIE LAKE WATER TREATMENT PLANT LABORATORY,42.7805532,-71.2093773,google_rooftop,"33 Geremonty Dr, Salem, NH 03079, USA"
ENT-000191,1,env_labs_standardized.csv,"Cape Fear Analytical, LLC",,TNI01963,"3306 Kitty Hawk Road, Suite 120",Wilmington,North Carolina,,,env_labs,https://www.gel.com/cape-fear-analytical/,"Christopher Cornwell, Vice President of Operations/Laboratory Director",Coleman.Corzine@cfanalytical.com,,,,,,no_explicit_gmp,True,found_via_search,extracted,extracted,found_via_fallback_search,extracted,extracted,Cape Fear Analytical,True,HQ Lab @ Cape Fear Analytical,34.2932419,-77.8995736,google_rooftop,"3306 Kitty Hawk Rd Ste 120, Wilmington, NC 28405, USA"
ENT-000192,1,env_labs_standardized.csv,CAPITAL REGION ENVIRONMENTAL LABORATORY,,TNI01520,137 Columbia Turnpike,RENSSELAER,New York,,,env_labs,https://crenvlab.com/,Brian Collins,admin@crenvlab.com,,,,,,no_explicit_gmp,True,found_via_search,extracted,extracted,extracted,extracted,extracted,CAPITAL REGION ENVIRONMENTAL LABORATORY,True,HQ Lab @ CAPITAL REGION ENVIRONMENTAL LABORATORY,42.6218473,-73.7365581,google_rooftop,"137 Columbia Turnpike, Rensselaer, NY 12144, USA"
ENT-000193,1,env_labs_standardized.csv,Capzer Pharmaceuticals,,TNI02210,"3677 23rd Ave South, Suite B-107",Lake Worth,Florida,,,env_labs,https://capzerpharmaceuticals.com/,,capzer@capzerpharma.com,,,,,,explicit_gmp,True,found_via_search,extracted,"checked_pages_not_found (pages_checked=6,fetched_ok=6,total_text_chars=11730)",extracted,extracted,extracted,Capzer Pharmaceuticals,True,HQ Lab @ Capzer Pharmaceuticals,26.6225443,-80.07915570000002,google_rooftop,"3677 23rd Ave S Ste B107, Lake Worth Beach, FL 33461, USA"
ENT-000194,1,env_labs_standardized.csv,Carbondale Central Laboratory,,TNI02547,2401 S. McLafferty Road,Carbondale,Illinois,,,env_labs,https://www.explorecarbondale.com/175/Central-Laboratory,Beth Blaise,kcole@ci.carbondale.il.us,,,,,,no_explicit_gmp,False,found_via_search,extracted,extracted,found_via_fallback_search,extracted,"checked_pages_not_found (pages_checked=5,fetched_ok=5,total_text_chars=50797)",Carbondale Central Laboratory,True,HQ Lab @ Carbondale Central Laboratory,37.6939495,-89.23635,google_rooftop,"2401 S McLafferty Rd, Carbondale, IL 62903, USA"
ENT-000195,1,env_labs_standardized.csv,Cardinal Laboratories,,TNI00162,101 E. Marland,Hobbs,New Mexico,,,env_labs,https://cardinallabsnm.com/,Celey D. Keene,celey.keene@cardinallabsnm.com,,,,,,no_explicit_gmp,True,found_via_search,extracted,found_via_fallback_search,found_via_fallback_search,extracted,extracted,Cardinal Laboratories,True,HQ Lab @ Cardinal Laboratories,32.6964262,-103.1359457,google_rooftop,"101 E Marland St, Hobbs, NM 88240, USA"
ENT-000196,1,env_labs_standardized.csv,CATTARAUGUS COUNTY LABORATORY,,TNI01445,"1 Leo Moss Drive, Suite 4010",OLEAN,New York,,,env_labs,https://www.cattco.gov/health/services/environmental/water-quality-testing/lab-services,"Kevin D. Watkins, MD, MPH",,,,,,,no_explicit_gmp,False,found_via_search,extracted,extracted,"checked_pages_not_found (pages_checked=8,fetched_ok=8,total_text_chars=27499)",extracted,"checked_pages_not_found (pages_checked=8,fetched_ok=8,total_text_chars=27499)",CATTARAUGUS COUNTY LABORATORY,True,HQ Lab @ CATTARAUGUS COUNTY LABORATORY,42.0863123,-78.4499096,google_rooftop,"1 Leo Moss Dr #4010, Olean, NY 14760, USA"
ENT-000197,1,env_labs_standardized.csv,CCNY ENVIRONMENTAL LAB,,TNI01739,,NEW YORK,New York,,,env_labs,,,,,,,,,,,search_found_nothing,found_via_fallback_search,no_website_cannot_check_pages,no_website_cannot_check_pages,no_website_cannot_check_pages,no_website_cannot_check_pages,CCNY ENVIRONMENTAL LAB,True,HQ Lab @ CCNY ENVIRONMENTAL LAB,40.7127753,-74.0059728,google_approximate,"New York, NY, USA"
ENT-000198,1,env_labs_standardized.csv,CCWT - SOMAS NORTH,,TNI02517,145 Endeavour Hall,STONY BROOK,New York,,,env_labs,https://www.stonybrook.edu/commcms/cleanwater/,"Hilary Brooks, Center Administrator",Hilary.Brooks@stonybrook.edu,,,,,,no_explicit_gmp,False,found_via_search,extracted,extracted,extracted,extracted,"checked_pages_not_found (pages_checked=8,fetched_ok=8,total_text_chars=25033)",CCWT SOMAS NORTH,True,HQ Lab @ CCWT SOMAS NORTH,40.9043129,-73.11776569999999,google_rooftop,"Endeavour, Stony Brook, NY 11794, USA"
ENT-000199,1,env_labs_standardized.csv,CCWT - SOMAS SOUTH,,TNI02582,145 Endeavour Hall,SOUTHHAMPTON,New York,,,env_labs,https://www.stonybrook.edu/commcms/cleanwater/,"Hilary Brooks, Center Administrator",Hilary.Brooks@stonybrook.edu or CCWT@stonybrook.edu,,,,,,no_explicit_gmp,False,found_via_search,extracted,extracted,extracted,extracted,"checked_pages_not_found (pages_checked=8,fetched_ok=8,total_text_chars=25033)",CCWT SOMAS SOUTH,True,HQ Lab @ CCWT SOMAS SOUTH,42.7939561,-77.06635899999999,google_approximate,"Hall, NY, USA"
ENT-000200,1,env_labs_standardized.csv,CCWT ENGINEERING,,TNI02518,145 Endeavour Hall,STONY BROOK,New York,,,env_labs,https://www.stonybrook.edu/cleanwater,"Hilary Brooks, Center Administrator",Hilary.Brooks@stonybrook.edu,,,,,,no_explicit_gmp,False,found_via_search,extracted,extracted,extracted,extracted,"checked_pages_not_found (pages_checked=8,fetched_ok=8,total_text_chars=25033)",CCWT ENGINEERING,True,HQ Lab @ CCWT ENGINEERING,40.9043129,-73.11776569999999,google_rooftop,"Endeavour, Stony Brook, NY 11794, USA"
ENT-000201,1,env_labs_standardized.csv,Cedar City Regional Water Treatment Facility Laboratory,,TNI01964,351 W. University Dr.,Cedar City,Utah,,,env_labs,https://www.suu.edu/waterlab/,"Kim Weaver, Ph.D.",waterlab@suu.edu,,,,,,no_explicit_gmp,False,found_via_search,extracted,extracted,extracted,extracted,"checked_pages_not_found (pages_checked=7,fetched_ok=7,total_text_chars=14079)",Cedar City Regional Water Treatment Facility Laboratory,True,HQ Lab @ Cedar City Regional Water Treatment Facility Laboratory,37.6758885,-113.0734252,google_geometric_center,"351 W University Blvd, Cedar City, UT 84720, USA"
ENT-000202,1,env_labs_standardized.csv,Center for Aquatic Chemistry and Environment - Nutrient Analysis Core Facility (CAChE-NACF),,TNI00569,"OE 148A, ACII 220A",Miami,Florida,,,env_labs,https://environment.fiu.edu/facilities-research-groups/cache-nutrient-analysis-core/,"Todd Crowl Professor; Director, Institute of Environment; Director/PI, CREST CAChE",tcrowl@fiu.edu,,,,,,no_explicit_gmp,True,found_via_search,extracted,extracted,extracted,extracted,extracted,Center for Aquatic Chemistry and Environment Nutrient Analysis Core Facility CAChE NACF,True,HQ Lab @ Center for Aquatic Chemistry and Environment Nutrient Analysis Core Facility CAChE NACF,25.5612232,-80.4952397,google_geometric_center,"SW 220th St, Florida 33170, USA"
ENT-000203,1,env_labs_standardized.csv,Central Davis Sewer District,,TNI01965,2200 S Sunset Drive,Kaysville,Utah,,,env_labs,https://www.cdsewerut.gov/,,info@cdsewerut.gov,,,,,,,,found_via_search,found_via_fallback_search,"no_pages_fetched_ok (pages_checked=1,fetched_ok=0,total_text_chars=0)",found_via_fallback_search,"no_pages_fetched_ok (pages_checked=1,fetched_ok=0,total_text_chars=0)","no_pages_fetched_ok (pages_checked=1,fetched_ok=0,total_text_chars=0)",Central Davis Sewer District,True,HQ Lab @ Central Davis Sewer District,40.9995568,-111.9431773,google_rooftop,"2200 S Sunset Dr, Kaysville, UT 84037, USA"
ENT-000204,1,env_labs_standardized.csv,Central Florida Tourism Oversight District Environmental Sciences,,TNI00545,1900 Hotel Plaza Blvd.,Lake Buena Vista,Florida,,,env_labs,https://www.oversightdistrict.org/,Wendy Duncan,,,,,,,,,found_via_search,found_via_fallback_search,found_via_fallback_search,"no_pages_fetched_ok (pages_checked=1,fetched_ok=0,total_text_chars=0)","no_pages_fetched_ok (pages_checked=1,fetched_ok=0,total_text_chars=0)","no_pages_fetched_ok (pages_checked=1,fetched_ok=0,total_text_chars=0)",Central Florida Tourism Oversight District Environmental Sciences,True,HQ Lab @ Central Florida Tourism Oversight District Environmental Sciences,28.3758409,-81.5098386,google_rooftop,"1900 Hotel Plaza Blvd, Lake Buena Vista, FL 32830, USA"
ENT-000205,1,env_labs_standardized.csv,Central Florida Water Testing LLC DBA Plant Technicians,,TNI00539,101 Satellite Court,Leesburg,Florida,,,env_labs,https://planttechnicians.com/,,PlantTec@aol.com,,,,,,no_explicit_gmp,True,found_via_search,extracted,"checked_pages_not_found (pages_checked=8,fetched_ok=8,total_text_chars=27470)",extracted,extracted,extracted,Central Florida Water Testing,True,HQ Lab @ Central Florida Water Testing,28.8117012,-81.92428439999999,google_rooftop,"101 Satellite Ct, Leesburg, FL 34748, USA"
ENT-000206,1,env_labs_standardized.csv,Central Utah Public Health Laboratory,,TNI01966,"362 West Main Street, Suite 1",Richfield,Utah,,,env_labs,https://centralutahhealth.gov/,Andrea Young,ayoung@centralutahhealth.gov,,,,,,no_explicit_gmp,False,found_via_search,extracted,extracted,extracted,extracted,"checked_pages_not_found (pages_checked=8,fetched_ok=8,total_text_chars=52193)",Central Utah Public Health Laboratory,True,HQ Lab @ Central Utah Public Health Laboratory,38.7732155,-112.0840468,google_range_interpolated,"362 N Main St #1, Richfield, UT 84701, USA"
ENT-000207,1,env_labs_standardized.csv,Central Valley Water Reclamation Facility,,TNI01967,800 Central Valley Road,South Salt Lake,Utah,,,env_labs,https://cvwrfut.gov/,Phillip Heck,heckp@cvwrf.org,,,,,,no_explicit_gmp,False,found_via_search,extracted,found_via_fallback_search,found_via_fallback_search,extracted,"checked_pages_not_found (pages_checked=6,fetched_ok=4,total_text_chars=10491)",Central Valley Water Reclamation Facility,True,HQ Lab @ Central Valley Water Reclamation Facility,40.7037994,-111.9140244,google_rooftop,"800 Central Valley Rd, South Salt Lake, UT 84119, USA"
ENT-000208,1,env_labs_standardized.csv,Central Water Testing Laboratory,,TNI01118,22796 County Highway 6,Brainerd,Minnesota,,,env_labs,http://centralwatertestinglab.com,,customerservice@rmbel.com,,,,,,no_explicit_gmp,True,found_via_search,extracted,"checked_pages_not_found (pages_checked=8,fetched_ok=2,total_text_chars=8976)",extracted,extracted,extracted,Central Water Testing Laboratory,True,HQ Lab @ Central Water Testing Laboratory,46.797631,-95.926293,google_rooftop,"22796 Co Hwy 6, Detroit Lakes, MN 56501, USA"
ENT-000209,1,env_labs_standardized.csv,Central Weber SID Laboratory,,TNI01968,Milady Horákové 462/22,Ogden,Utah,,,env_labs,https://sidlaboratory.com/,Dawn Nielsen,info@sidlaboratory.com,,,,,,no_explicit_gmp,True,found_via_search,extracted,found_via_fallback_search,extracted,extracted,extracted,Central Weber SID Laboratory,True,HQ Lab @ Central Weber SID Laboratory,41.2271855,-111.9683869,google_range_interpolated,"462 22nd St, Ogden, UT 84401, USA"
ENT-000210,1,env_labs_standardized.csv,"Ceres Analytical Laboratory, Inc.",,TNI02279,"4919 Windplay Dr., Suite 1",El Dorado Hills,California,,,env_labs,https://ceres-lab.com/,,jhedin@ceres-lab.com,,,,,,no_explicit_gmp,True,found_via_search,extracted,"checked_pages_not_found (pages_checked=2,fetched_ok=2,total_text_chars=4848)",extracted,extracted,extracted,Ceres Analytical Laboratory,True,HQ Lab @ Ceres Analytical Laboratory,38.6370348,-121.0715101,google_rooftop,"4919 Windplay Dr Ste 1, El Dorado Hills, CA 95762, USA"
ENT-000211,1,env_labs_standardized.csv,CERTIFIED ENVIRONMENTAL SERVICES INC,,TNI01669,,NORTH SYRACUSE,New York,,,env_labs,https://www.certifiedenvironmental.com/,,Cesinfo@certifiedenvironmental.com,,,,,,,,found_via_search,found_via_fallback_search,"no_pages_fetched_ok (pages_checked=1,fetched_ok=0,total_text_chars=0)",found_via_fallback_search,"no_pages_fetched_ok (pages_checked=1,fetched_ok=0,total_text_chars=0)","no_pages_fetched_ok (pages_checked=1,fetched_ok=0,total_text_chars=0)",CERTIFIED ENVIRONMENTAL SERVICES,True,HQ Lab @ CERTIFIED ENVIRONMENTAL SERVICES,43.1347897,-76.1299238,google_approximate,"North Syracuse, NY, USA"
ENT-000212,1,env_labs_standardized.csv,CERTIFIED LABORATORIES LLC,,TNI01515,,MELVILLE,New York,,,env_labs,https://certified-laboratories.com/,Hesham A. Elgaali,Helgaali@certified-laboratories.com,,,,,,explicit_gmp,,found_via_search,found_via_fallback_search,found_via_fallback_search,found_via_fallback_search,found_via_fallback_search,"no_pages_fetched_ok (pages_checked=1,fetched_ok=0,total_text_chars=0)",CERTIFIED LABORATORIES,True,HQ Lab @ CERTIFIED LABORATORIES,40.7934322,-73.41512139999999,google_approximate,"Melville, NY, USA"
ENT-000213,1,env_labs_standardized.csv,Certified Labs of Florida,,TNI00296,,Melrose,Florida,,,env_labs,,,,,,,,,,,search_found_nothing,found_via_fallback_search,no_website_cannot_check_pages,no_website_cannot_check_pages,no_website_cannot_check_pages,no_website_cannot_check_pages,Certified Labs of Florida,True,HQ Lab @ Certified Labs of Florida,29.7097153,-82.0481798,google_approximate,"Melrose, FL 32666, USA"
ENT-000214,1,env_labs_standardized.csv,CETCON Inc,,TNI02484,4953 S 45th W Ave,Tulsa,Oklahoma,,,env_labs,https://www.cetconinc.com/,Galen McCloskey,galen@cetconinc.com,,,,,,no_explicit_gmp,True,found_via_search,extracted,extracted,extracted,extracted,extracted,CETCON,True,HQ Lab @ CETCON,36.0907519,-96.04191879999999,google_rooftop,"4953 S 45th W Ave, Tulsa, OK 74107, USA"
ENT-000215,1,env_labs_standardized.csv,CHAMPLAIN WATER DISTRICT,,TNI01839,403 Queen City Park Road,SOUTH BURLINGTON,Vermont,,,env_labs,https://www.champlainwater.gov/,Joe Duncan,matt.guerino@champlainwater.org,,,,,,no_explicit_gmp,False,found_via_search,extracted,extracted,found_via_fallback_search,extracted,"checked_pages_not_found (pages_checked=8,fetched_ok=7,total_text_chars=25168)",CHAMPLAIN WATER DISTRICT,True,HQ Lab @ CHAMPLAIN WATER DISTRICT,44.4455158,-73.2165247,google_rooftop,"403 Queen City Park Rd, South Burlington, VT 05403, USA"
ENT-000216,1,env_labs_standardized.csv,Charlotte County Utilities - East Port Laboratory,,TNI00297,18500 Murdock Circle,Port Charlotte,Florida,,,env_labs,https://www.charlottecountyfl.gov/departments/utilities/about-utilities/treatment-facilities/east-port-laboratory.stml,,,,,,,,no_explicit_gmp,False,found_via_search,extracted,"checked_pages_not_found (pages_checked=8,fetched_ok=8,total_text_chars=54646)","checked_pages_not_found (pages_checked=8,fetched_ok=8,total_text_chars=54646)",extracted,"checked_pages_not_found (pages_checked=8,fetched_ok=8,total_text_chars=54646)",Charlotte County Utilities East Port Laboratory,True,HQ Lab @ Charlotte County Utilities East Port Laboratory,27.0079302,-82.1397949,google_rooftop,"18500 Murdock Cir, Port Charlotte, FL 33948, USA"
ENT-000217,1,env_labs_standardized.csv,CHARLOTTE WATER,,TNI02249,5100 Brookshire Blvd,CHARLOTTE,North Carolina,,,env_labs,https://www.charlottenc.gov/water/Home,,utilbill@charlottenc.gov,,,,,,,,found_via_search,found_via_fallback_search,"no_pages_fetched_ok (pages_checked=1,fetched_ok=0,total_text_chars=0)",found_via_fallback_search,"no_pages_fetched_ok (pages_checked=1,fetched_ok=0,total_text_chars=0)","no_pages_fetched_ok (pages_checked=1,fetched_ok=0,total_text_chars=0)",CHARLOTTE WATER,True,HQ Lab @ CHARLOTTE WATER,35.2768483,-80.88935819999999,google_rooftop,"5100 Brookshire Blvd, Charlotte, NC 28216, USA"
ENT-000218,1,env_labs_standardized.csv,CHAUTAUQUA COUNTY HEALTH,,TNI01537,7 North Erie Street,MAYVILLE,New York,,,env_labs,https://chautauquacountyny.gov/,,cchealth@chqgov.com,,,,,,,,found_via_search,found_via_fallback_search,"no_pages_fetched_ok (pages_checked=1,fetched_ok=0,total_text_chars=0)",found_via_fallback_search,"no_pages_fetched_ok (pages_checked=1,fetched_ok=0,total_text_chars=0)","no_pages_fetched_ok (pages_checked=1,fetched_ok=0,total_text_chars=0)",CHAUTAUQUA COUNTY HEALTH,True,HQ Lab @ CHAUTAUQUA COUNTY HEALTH,42.2560716,-79.50501109999999,google_rooftop,"7 N Erie St, Mayville, NY 14757, USA"
ENT-000219,1,env_labs_standardized.csv,ChemHistory,,TNI02450,5691 SE International Way,Milwaukie,Oregon,,,env_labs,https://www.chemhistory.com/,Alex Hoggan,Alex@ChemHistory.com,,,,,,no_explicit_gmp,True,found_via_search,extracted,found_via_fallback_search,found_via_fallback_search,extracted,extracted,ChemHistory,True,HQ Lab @ ChemHistory,45.4319637,-122.6049517,google_rooftop,"5691 SE International Way, Milwaukie, OR 97222, USA"
ENT-000220,1,env_labs_standardized.csv,"Chemtech-Ford, Inc.",,TNI01969,,Sandy,Utah,,,env_labs,https://chemtechford.com/,Vice President – Paul Ellingson,,,,,,,no_explicit_gmp,True,found_via_search,extracted,extracted,"checked_pages_not_found (pages_checked=8,fetched_ok=8,total_text_chars=23566)",extracted,extracted,Chemtech Ford,True,HQ Lab @ Chemtech Ford,40.5649781,-111.8389726,google_approximate,"Sandy, UT, USA"
ENT-000221,1,env_labs_standardized.csv,CHEMTEX,,TNI01199,,Sulphur,Louisiana,,,env_labs,https://chemtexas.org/,,chemtexlc@sbcglobal.net,,,,,,,,found_via_search,found_via_fallback_search,"no_pages_fetched_ok (pages_checked=1,fetched_ok=0,total_text_chars=0)",found_via_fallback_search,"no_pages_fetched_ok (pages_checked=1,fetched_ok=0,total_text_chars=0)","no_pages_fetched_ok (pages_checked=1,fetched_ok=0,total_text_chars=0)",CHEMTEX,False,Sulphur Lab @ CHEMTEX,30.2365943,-93.37737829999999,google_approximate,"Sulphur, LA, USA"
ENT-000222,1,env_labs_standardized.csv,CHEMTEX - Corpus Christi,,TNI02560,,Corpus Christi,Texas,,,env_labs,https://chemtexas.org/,,,,,,,,,,found_via_search,found_via_fallback_search,"no_pages_fetched_ok (pages_checked=1,fetched_ok=0,total_text_chars=0)","no_pages_fetched_ok (pages_checked=1,fetched_ok=0,total_text_chars=0)","no_pages_fetched_ok (pages_checked=1,fetched_ok=0,total_text_chars=0)","no_pages_fetched_ok (pages_checked=1,fetched_ok=0,total_text_chars=0)",CHEMTEX,False,Corpus Christi Lab @ CHEMTEX,27.7963877,-97.4030121,google_approximate,"Corpus Christi, TX, USA"
ENT-000223,1,env_labs_standardized.csv,CHEMUNG CO ELMIRA SD,,TNI01650,103 Washington Street,ELMIRA,New York,,,env_labs,http://chemungcountyhealth.org,"Peter Buzzetti III, MPH Public Health Director",ehs@chemungcountyny.gov,,,,,,no_explicit_gmp,False,found_via_search,extracted,extracted,extracted,extracted,"checked_pages_not_found (pages_checked=8,fetched_ok=8,total_text_chars=18796)",CHEMUNG CO ELMIRA SD,True,HQ Lab @ CHEMUNG CO ELMIRA SD,42.0900708,-76.7959678,google_geometric_center,"103 Washington St, Elmira, NY 14901, USA"
ENT-000224,1,env_labs_standardized.csv,Chevron Salt Lake Refinery Environmental Laboratory,,TNI01970,685 South Chevron Way,North Salt Lake,Utah,,,env_labs,https://saltlakecity.chevron.com/,,saltlakerefineryinfo@chevron.com,,,,,,,,found_via_search,found_via_fallback_search,"no_pages_fetched_ok (pages_checked=1,fetched_ok=0,total_text_chars=0)",found_via_fallback_search,"no_pages_fetched_ok (pages_checked=1,fetched_ok=0,total_text_chars=0)","no_pages_fetched_ok (pages_checked=1,fetched_ok=0,total_text_chars=0)",Chevron Salt Lake Refinery Environmental Laboratory,True,HQ Lab @ Chevron Salt Lake Refinery Environmental Laboratory,40.82979419999999,-111.9346673,google_rooftop,"685 S Chevron Wy, North Salt Lake, UT 84054, USA"
ENT-000225,1,env_labs_standardized.csv,City of Abilene Environmental Laboratory,,TNI00102,555 Walnut Street,Abilene,Texas,,,env_labs,https://www.abilenetx.gov/,,,,,,,,no_explicit_gmp,False,found_via_search,extracted,"checked_pages_not_found (pages_checked=6,fetched_ok=6,total_text_chars=27337)","checked_pages_not_found (pages_checked=6,fetched_ok=6,total_text_chars=27337)",extracted,"checked_pages_not_found (pages_checked=6,fetched_ok=6,total_text_chars=27337)",City of Abilene Environmental Laboratory,True,HQ Lab @ City of Abilene Environmental Laboratory,32.4540014,-99.730496,google_rooftop,"555 Walnut St, Abilene, TX 79601, USA"
ENT-000226,1,env_labs_standardized.csv,City of Altamonte Springs Environmental Laboratory,,TNI00300,225 Newburyport Avenue,Altamonte Springs,Florida,,,env_labs,https://www.altamonte.org/,,CityClerk@altamonte.org,,,,,,no_explicit_gmp,False,found_via_search,extracted,"checked_pages_not_found (pages_checked=4,fetched_ok=3,total_text_chars=11196)",extracted,extracted,"checked_pages_not_found (pages_checked=4,fetched_ok=3,total_text_chars=11196)",City of Altamonte Springs Environmental Laboratory,True,HQ Lab @ City of Altamonte Springs Environmental Laboratory,28.6646178,-81.35899239999999,google_rooftop,"225 Newburyport Ave, Altamonte Springs, FL 32701, USA"
ENT-000227,1,env_labs_standardized.csv,City of Amarillo Environmental Laboratory,,TNI00150,4001 South Osage Street,Amarillo,Texas,,,env_labs,https://www.amarillo.gov/water-utilities/laboratory-administration/environmental-laboratory/,,,,,,,,,,found_via_search,found_via_fallback_search,"no_pages_fetched_ok (pages_checked=1,fetched_ok=0,total_text_chars=0)","no_pages_fetched_ok (pages_checked=1,fetched_ok=0,total_text_chars=0)","no_pages_fetched_ok (pages_checked=1,fetched_ok=0,total_text_chars=0)","no_pages_fetched_ok (pages_checked=1,fetched_ok=0,total_text_chars=0)",City of Amarillo Environmental Laboratory,True,HQ Lab @ City of Amarillo Environmental Laboratory,35.1706376,-101.8124123,google_rooftop,"4001 S Osage St, Amarillo, TX 79118, USA"
ENT-000228,1,env_labs_standardized.csv,City of Arlington Water Utilities Laboratory Services,,TNI00093,,Arlington,Texas,,,env_labs,https://www.arlingtontx.gov/,,Water@arlingtontx.gov,,,,,,,,found_via_search,found_via_fallback_search,"no_pages_fetched_ok (pages_checked=1,fetched_ok=0,total_text_chars=0)",found_via_fallback_search,"no_pages_fetched_ok (pages_checked=1,fetched_ok=0,total_text_chars=0)","no_pages_fetched_ok (pages_checked=1,fetched_ok=0,total_text_chars=0)",City of Arlington Water Utilities Laboratory Services,True,HQ Lab @ City of Arlington Water Utilities Laboratory Services,32.735687,-97.10806559999999,google_approximate,"Arlington, TX, USA"
ENT-000229,1,env_labs_standardized.csv,"City of Atlanta, Department of Watershed Management, Wastewater Laboratory",,TNI00302,72 Marietta Street NW,Atlanta,Georgia,,,env_labs,https://atlantawatershed.org/,,,,,,,,,,found_via_search,found_via_fallback_search,"no_pages_fetched_ok (pages_checked=1,fetched_ok=0,total_text_chars=0)","no_pages_fetched_ok (pages_checked=1,fetched_ok=0,total_text_chars=0)","no_pages_fetched_ok (pages_checked=1,fetched_ok=0,total_text_chars=0)","no_pages_fetched_ok (pages_checked=1,fetched_ok=0,total_text_chars=0)",City of Atlanta Department of Watershed Management Wastewater Laboratory,True,HQ Lab @ City of Atlanta Department of Watershed Management Wastewater Laboratory,33.7561621,-84.39255899999999,google_rooftop,"72 Marietta St NW, Atlanta, GA 30303, USA"
ENT-000230,1,env_labs_standardized.csv,City of Austin Water Utility Laboratory Services Division,,TNI00081,625 E. 10th St.,Austin,Texas,,,env_labs,https://www.austintexas.gov/water,,AWPublicInformation@austintexas.gov,,,,,,no_explicit_gmp,False,found_via_search,extracted,"checked_pages_not_found (pages_checked=8,fetched_ok=8,total_text_chars=79028)",extracted,extracted,"checked_pages_not_found (pages_checked=8,fetched_ok=8,total_text_chars=79028)",City of Austin Water Utility Laboratory Services Division,True,HQ Lab @ City of Austin Water Utility Laboratory Services Division,30.2695995,-97.7346683,google_rooftop,"625 E 10th St, Austin, TX 78701, USA"
ENT-000231,1,env_labs_standardized.csv,City of Beaumont Water Production Laboratory,,TNI00120,,Beaumont,Texas,,,env_labs,https://www.beaumonttexas.gov/,,,,,,,,no_explicit_gmp,False,found_via_search,found_via_fallback_search,"checked_pages_not_found (pages_checked=8,fetched_ok=7,total_text_chars=66144)","checked_pages_not_found (pages_checked=8,fetched_ok=7,total_text_chars=66144)",extracted,"checked_pages_not_found (pages_checked=8,fetched_ok=7,total_text_chars=66144)",City of Beaumont Water Production Laboratory,True,HQ Lab @ City of Beaumont Water Production Laboratory,30.080174,-94.1265562,google_approximate,"Beaumont, TX, USA"
ENT-000232,1,env_labs_standardized.csv,City of Bend Water Quality Laboratory,,TNI00204,,Bend,Oregon,,,env_labs,https://bendoregon.gov/departments/public-works/water-services/water-quality/laboratory/,,waterservices@bendoregon.gov,,,,,,,,found_via_search,found_via_fallback_search,"no_pages_fetched_ok (pages_checked=1,fetched_ok=0,total_text_chars=0)",found_via_fallback_search,"no_pages_fetched_ok (pages_checked=1,fetched_ok=0,total_text_chars=0)","no_pages_fetched_ok (pages_checked=1,fetched_ok=0,total_text_chars=0)",City of Bend Water Quality Laboratory,True,HQ Lab @ City of Bend Water Quality Laboratory,44.0581728,-121.3153096,google_approximate,"Bend, OR, USA"
ENT-000233,1,env_labs_standardized.csv,City of Boca Raton Quality Control Laboratory,,TNI00303,"1401 W Glades Rd, Bldg. 24",Boca Raton,Florida,,,env_labs,,,,,,,,,,,search_found_nothing,found_via_fallback_search,no_website_cannot_check_pages,no_website_cannot_check_pages,no_website_cannot_check_pages,no_website_cannot_check_pages,City of Boca Raton Quality Control Laboratory,True,HQ Lab @ City of Boca Raton Quality Control Laboratory,26.3701835,-80.1157607,google_rooftop,"1401 Glades Rd bldg 24, Boca Raton, FL 33431, USA"
ENT-000234,1,env_labs_standardized.csv,City of Borger Water Plant Laboratory,,TNI00090,600 N Main Street,Borger,Texas,,,env_labs,https://www.borgertx.gov/,Chris Ingram,cingram@borgertx.gov,,,,,,no_explicit_gmp,False,found_via_search,extracted,found_via_fallback_search,found_via_fallback_search,extracted,"checked_pages_not_found (pages_checked=1,fetched_ok=1,total_text_chars=1272)",City of Borger Water Plant Laboratory,True,HQ Lab @ City of Borger Water Plant Laboratory,35.6719285,-101.389478,google_rooftop,"600 N Main St, Borger, TX 79007, USA"
ENT-000235,1,env_labs_standardized.csv,City of Boynton Beach Utilities Department,,TNI00304,100 East Ocean Avenue,Boynton Beach,Florida,,,env_labs,https://www.boynton-beach.org/,"Poonam Kalkat, PhD",bbcustomercare@bbfl.us,,,,,,no_explicit_gmp,False,found_via_search,extracted,found_via_fallback_search,found_via_fallback_search,extracted,"checked_pages_not_found (pages_checked=4,fetched_ok=4,total_text_chars=9302)",City of Boynton Beach Utilities Department,True,HQ Lab @ City of Boynton Beach Utilities Department,26.5266635,-80.06334310000001,google_rooftop,"100 E Ocean Ave, Boynton Beach, FL 33435, USA"
ENT-000236,1,env_labs_standardized.csv,City of Cape Canaveral Water Reclamation Plant,,TNI00306,100 Polk Avenue,Cape Canaveral,Florida,,,env_labs,https://www.cityofcapecanaveral.org/,Chris Whitenton,c.whitenton@cityofcapecanveral.org,,,,,,no_explicit_gmp,False,found_via_search,extracted,found_via_fallback_search,found_via_fallback_search,extracted,"checked_pages_not_found (pages_checked=8,fetched_ok=8,total_text_chars=57622)",City of Cape Canaveral Water Reclamation Plant,True,HQ Lab @ City of Cape Canaveral Water Reclamation Plant,28.3849107,-80.60519610000001,google_rooftop,"100 Polk Ave, Cape Canaveral, FL 32920, USA"
ENT-000237,1,env_labs_standardized.csv,City of Cape Coral ERD Laboratory,,TNI00307,,Cape Coral,Florida,,,env_labs,https://www.capecoral.gov/,,ERD@capecoral.gov,,,,,,no_explicit_gmp,False,found_via_search,found_via_fallback_search,"checked_pages_not_found (pages_checked=8,fetched_ok=8,total_text_chars=66680)",found_via_fallback_search,extracted,"checked_pages_not_found (pages_checked=8,fetched_ok=8,total_text_chars=66680)",City of Cape Coral ERD Laboratory,True,HQ Lab @ City of Cape Coral ERD Laboratory,26.6297378,-81.9597375,google_approximate,"Cape Coral, FL, USA"
ENT-000238,1,env_labs_standardized.csv,"City of Chicago, Water Purification Laboratories",,TNI02026,,Chicago,Illinois,,,env_labs,https://www.chicagowaterquality.org/,Alan Stark,alan.stark@cityofchicago.org,,,,,,,,found_via_search,found_via_fallback_search,found_via_fallback_search,found_via_fallback_search,"no_pages_fetched_ok (pages_checked=1,fetched_ok=0,total_text_chars=0)","no_pages_fetched_ok (pages_checked=1,fetched_ok=0,total_text_chars=0)",City of Chicago Water Purification Laboratories,True,HQ Lab @ City of Chicago Water Purification Laboratories,41.88325,-87.6323879,google_approximate,"Chicago, IL, USA"
ENT-000239,1,env_labs_standardized.csv,City of Clearwater Public Utilities Laboratory,,TNI00308,,Clearwater,Florida,,,env_labs,https://www.myclearwater.com/,,,,,,,,,,found_via_search,found_via_fallback_search,"no_pages_fetched_ok (pages_checked=1,fetched_ok=0,total_text_chars=0)","no_pages_fetched_ok (pages_checked=1,fetched_ok=0,total_text_chars=0)","no_pages_fetched_ok (pages_checked=1,fetched_ok=0,total_text_chars=0)","no_pages_fetched_ok (pages_checked=1,fetched_ok=0,total_text_chars=0)",City of Clearwater Public Utilities Laboratory,True,HQ Lab @ City of Clearwater Public Utilities Laboratory,27.9655722,-82.7958948,google_approximate,"Clearwater, FL, USA"
ENT-000240,1,env_labs_standardized.csv,City of Cocoa Beach Water Reclamation Laboratory,,TNI00309,1600 Minutemen Causeway,Cocoa Beach,Florida,,,env_labs,https://cityofcocoabeach.com/176/Water-Reclamation,"Brad Kalsow, Director",,,,,,,no_explicit_gmp,False,found_via_search,extracted,extracted,"checked_pages_not_found (pages_checked=4,fetched_ok=4,total_text_chars=9922)",extracted,"checked_pages_not_found (pages_checked=4,fetched_ok=4,total_text_chars=9922)",City of Cocoa Beach Water Reclamation Laboratory,True,HQ Lab @ City of Cocoa Beach Water Reclamation Laboratory,28.3176675,-80.6328395,google_rooftop,"1600 Minutemen Causeway, Cocoa Beach, FL 32931, USA"
ENT-000241,1,env_labs_standardized.csv,City of Corpus Christi Water Utilities Laboratory,,TNI00159,13101 Leopard Street at the O.N. Stevens Water Treatment Plant,Corpus Christi,Texas,,,env_labs,https://www.corpuschristitx.gov/department-directory/corpus-christi-water/water-lab/,,CCWlab@CorpusChristiTX.gov,,,,,,no_explicit_gmp,False,found_via_search,extracted,"checked_pages_not_found (pages_checked=8,fetched_ok=8,total_text_chars=188770)",extracted,extracted,"checked_pages_not_found (pages_checked=8,fetched_ok=8,total_text_chars=188770)",City of Corpus Christi Water Utilities Laboratory,True,HQ Lab @ City of Corpus Christi Water Utilities Laboratory,27.8602476,-97.621279,google_rooftop,"13101 Leopard St, Corpus Christi, TX 78410, USA"
ENT-000242,1,env_labs_standardized.csv,City of Corvallis Water Quality Laboratory,,TNI00206,,Corvallis,Oregon,,,env_labs,https://www.corvallisoregon.gov/publicworks/page/water-quality,,,,,,,,,,found_via_search,found_via_fallback_search,"no_pages_fetched_ok (pages_checked=1,fetched_ok=0,total_text_chars=0)","no_pages_fetched_ok (pages_checked=1,fetched_ok=0,total_text_chars=0)","no_pages_fetched_ok (pages_checked=1,fetched_ok=0,total_text_chars=0)","no_pages_fetched_ok (pages_checked=1,fetched_ok=0,total_text_chars=0)",City of Corvallis Water Quality Laboratory,True,HQ Lab @ City of Corvallis Water Quality Laboratory,44.5646356,-123.2619607,google_approximate,"Corvallis, OR, USA"
ENT-000243,1,env_labs_standardized.csv,City of Dallas Water Utilities Bachman Water Treatment Plant Laboratory,,TNI00088,,Dallas,Texas,,,env_labs,https://dallas.gov/departments/waterutilities/,,hermon.alamene@dallascityhall.com,,,,,,,,found_via_search,found_via_fallback_search,"no_pages_fetched_ok (pages_checked=1,fetched_ok=0,total_text_chars=0)",found_via_fallback_search,"no_pages_fetched_ok (pages_checked=1,fetched_ok=0,total_text_chars=0)","no_pages_fetched_ok (pages_checked=1,fetched_ok=0,total_text_chars=0)",City of Dallas Water Utilities Bachman Water Treatment Plant Laboratory,True,HQ Lab @ City of Dallas Water Utilities Bachman Water Treatment Plant Laboratory,32.7766642,-96.79698789999999,google_approximate,"Dallas, TX, USA"
ENT-000244,1,env_labs_standardized.csv,City of Dallas Water Utilities Eastside Drinking Water Laboratory,,TNI00087,405 Long Creek Road,Sunnyvale,Texas,,,env_labs,,,,,,,,,,,search_found_nothing,found_via_fallback_search,no_website_cannot_check_pages,no_website_cannot_check_pages,no_website_cannot_check_pages,no_website_cannot_check_pages,City of Dallas Water Utilities Eastside Drinking Water Laboratory,True,HQ Lab @ City of Dallas Water Utilities Eastside Drinking Water Laboratory,32.7726268,-96.5525155,google_rooftop,"405 Long Creek Rd, Sunnyvale, TX 75182, USA"
ENT-000245,1,env_labs_standardized.csv,City of Dallas Water Utilities Elm Fork Plant Laboratory,,TNI00086,,Carrolton,Texas,,,env_labs,https://dallas.gov/departments/waterutilities/Pages/default.aspx,,,,,,,,,,found_via_search,found_via_fallback_search,"no_pages_fetched_ok (pages_checked=1,fetched_ok=0,total_text_chars=0)","no_pages_fetched_ok (pages_checked=1,fetched_ok=0,total_text_chars=0)","no_pages_fetched_ok (pages_checked=1,fetched_ok=0,total_text_chars=0)","no_pages_fetched_ok (pages_checked=1,fetched_ok=0,total_text_chars=0)",City of Dallas Water Utilities Elm Fork Plant Laboratory,True,HQ Lab @ City of Dallas Water Utilities Elm Fork Plant Laboratory,32.9756415,-96.8899636,google_approximate,"Carrollton, TX, USA"
ENT-000246,1,env_labs_standardized.csv,City of Daytona Beach Regulatory Compliance Laboratory,,TNI00310,301 S. Ridgewood Avenue,Daytona Beach,Florida,,,env_labs,https://www.daytonabeach.gov/,"Letitia LaMagna, City Clerk",,,,,,,no_explicit_gmp,False,found_via_search,extracted,extracted,"checked_pages_not_found (pages_checked=8,fetched_ok=8,total_text_chars=47860)",extracted,"checked_pages_not_found (pages_checked=8,fetched_ok=8,total_text_chars=47860)",City of Daytona Beach Regulatory Compliance Laboratory,True,HQ Lab @ City of Daytona Beach Regulatory Compliance Laboratory,29.2069481,-81.01989809999999,google_rooftop,"301 S Ridgewood Ave, Daytona Beach, FL 32114, USA"
ENT-000247,1,env_labs_standardized.csv,City of Deer Park Surface Water Treatment Plant Laboratory,,TNI00134,710 E. San Augustine,Deer Park,Texas,,,env_labs,https://www.deerparktx.gov/,,mnoland@deerparktx.org,,,,,,no_explicit_gmp,False,found_via_search,extracted,"checked_pages_not_found (pages_checked=3,fetched_ok=3,total_text_chars=9105)",found_via_fallback_search,extracted,"checked_pages_not_found (pages_checked=3,fetched_ok=3,total_text_chars=9105)",City of Deer Park Surface Water Treatment Plant Laboratory,True,HQ Lab @ City of Deer Park Surface Water Treatment Plant Laboratory,29.6890062,-95.11739469999999,google_rooftop,"710 E San Augustine St, Deer Park, TX 77536, USA"
ENT-000248,1,env_labs_standardized.csv,City of Deerfield Beach Water Treatment Plant,,TNI00311,,Deerfield Beach,Florida,,,env_labs,https://www.deerfield-beach.com/,,,,,,,,no_explicit_gmp,False,found_via_search,extracted,"checked_pages_not_found (pages_checked=5,fetched_ok=4,total_text_chars=23169)","checked_pages_not_found (pages_checked=5,fetched_ok=4,total_text_chars=23169)",extracted,"checked_pages_not_found (pages_checked=5,fetched_ok=4,total_text_chars=23169)",City of Deerfield Beach Water Treatment Plant,True,HQ Lab @ City of Deerfield Beach Water Treatment Plant,26.3184123,-80.09976569999999,google_approximate,"Deerfield Beach, FL, USA"
ENT-000249,1,env_labs_standardized.csv,City of DeLand Environmental Services Laboratory,,TNI00312,120 S Florida Avenue,DeLand,Florida,,,env_labs,https://delandfl.gov/,,,,,,,,no_explicit_gmp,False,found_via_search,extracted,"checked_pages_not_found (pages_checked=4,fetched_ok=4,total_text_chars=56818)","checked_pages_not_found (pages_checked=4,fetched_ok=4,total_text_chars=56818)",extracted,"checked_pages_not_found (pages_checked=4,fetched_ok=4,total_text_chars=56818)",City of DeLand Environmental Services Laboratory,True,HQ Lab @ City of DeLand Environmental Services Laboratory,29.0277413,-81.3063296,google_rooftop,"120 S Florida Ave, DeLand, FL 32720, USA"
ENT-000250,1,env_labs_standardized.csv,City of Delray Beach Environmental Services Laboratory,,TNI00313,434 S. Swinton Ave,Delray Beach,Florida,,,env_labs,https://www.delraybeachfl.gov/,,,,,,,,,,found_via_search,found_via_fallback_search,"no_pages_fetched_ok (pages_checked=1,fetched_ok=0,total_text_chars=0)","no_pages_fetched_ok (pages_checked=1,fetched_ok=0,total_text_chars=0)","no_pages_fetched_ok (pages_checked=1,fetched_ok=0,total_text_chars=0)","no_pages_fetched_ok (pages_checked=1,fetched_ok=0,total_text_chars=0)",City of Delray Beach Environmental Services Laboratory,True,HQ Lab @ City of Delray Beach Environmental Services Laboratory,26.4532041,-80.07516969999999,google_rooftop,"434 S Swinton Ave, Delray Beach, FL 33444, USA"
ENT-000251,1,env_labs_standardized.csv,City of Denison Laboratory,,TNI00058,4631 Randell Lake Road,Denison,Texas,,,env_labs,https://www.denisontx.gov/368/Laboratory-Information,John Phillips,,,,,,,no_explicit_gmp,False,found_via_search,extracted,extracted,"checked_pages_not_found (pages_checked=7,fetched_ok=6,total_text_chars=26762)",extracted,"checked_pages_not_found (pages_checked=7,fetched_ok=6,total_text_chars=26762)",City of Denison Laboratory,True,HQ Lab @ City of Denison Laboratory,33.7949212,-96.5760572,google_rooftop,"4631 Randell Lake Rd, Denison, TX 75020, USA"
ENT-000252,1,env_labs_standardized.csv,City of Denton Municipal Laboratory,,TNI00155,1056 S. Mayhill Rd.,Denton,Texas,,,env_labs,https://www.cityofdenton.com/391/Municipal-Laboratory,Adriana Barker,marcos.diosdado@cityofdenton.com,,,,,,no_explicit_gmp,False,found_via_search,extracted,extracted,found_via_fallback_search,extracted,"checked_pages_not_found (pages_checked=7,fetched_ok=6,total_text_chars=100903)",City of Denton Municipal Laboratory,True,HQ Lab @ City of Denton Municipal Laboratory,33.1967275,-97.07537710000001,google_rooftop,"1056 S Mayhill Rd, Denton, TX 76208, USA"
ENT-000253,1,env_labs_standardized.csv,City of Duluth,,TNI01081,411 West 1st Street,Duluth,Minnesota,,,env_labs,https://duluthmn.gov/,,,,,,,,no_explicit_gmp,False,found_via_search,extracted,"checked_pages_not_found (pages_checked=6,fetched_ok=6,total_text_chars=41474)","checked_pages_not_found (pages_checked=6,fetched_ok=6,total_text_chars=41474)",extracted,"checked_pages_not_found (pages_checked=6,fetched_ok=6,total_text_chars=41474)",City of,False,Duluth Lab @ City of,46.7838139,-92.1052749,google_rooftop,"411 W 1st St, Duluth, MN 55802, USA"
ENT-000254,1,env_labs_standardized.csv,City of Eden Prairie Utilities Laboratory,,TNI01135,,Eden Prairie,Minnesota,,,env_labs,https://www.edenprairiemn.gov/,,,,,,,,,,found_via_search,"no_pages_fetched_ok (pages_checked=1,fetched_ok=0,total_text_chars=0)","no_pages_fetched_ok (pages_checked=1,fetched_ok=0,total_text_chars=0)","no_pages_fetched_ok (pages_checked=1,fetched_ok=0,total_text_chars=0)","no_pages_fetched_ok (pages_checked=1,fetched_ok=0,total_text_chars=0)","no_pages_fetched_ok (pages_checked=1,fetched_ok=0,total_text_chars=0)",City of Eden Prairie Utilities Laboratory,True,HQ Lab @ City of Eden Prairie Utilities Laboratory,44.8546856,-93.47078599999999,google_approximate,"Eden Prairie, MN, USA"
ENT-000255,1,env_labs_standardized.csv,City of Edgewater - Alan R. Thomas Water Treatment Plant,,TNI00314,104 North Riverside,Edgewater,Florida,,,env_labs,https://www.cityofedgewater.org/447/Alan-R-Thomas-Water-Treatment-Facility,,,,,,,,no_explicit_gmp,False,found_via_search,extracted,"checked_pages_not_found (pages_checked=8,fetched_ok=8,total_text_chars=20716)","checked_pages_not_found (pages_checked=8,fetched_ok=8,total_text_chars=20716)",extracted,"checked_pages_not_found (pages_checked=8,fetched_ok=8,total_text_chars=20716)",City of Edgewater Alan R Thomas Water Treatment Plant,True,HQ Lab @ City of Edgewater Alan R Thomas Water Treatment Plant,28.9931096,-80.9051719,google_rooftop,"104 N Riverside Dr, Edgewater, FL 32132, USA"
ENT-000256,1,env_labs_standardized.csv,City of Edgewater Environmental Services Laboratory,,TNI00315,104 North Riverside,Edgewater,Florida,,,env_labs,https://www.cityofedgewater.org/,,PublicWorks@CityofEdgewater.org,,,,,,no_explicit_gmp,False,found_via_search,extracted,"checked_pages_not_found (pages_checked=6,fetched_ok=6,total_text_chars=16397)",found_via_fallback_search,extracted,"checked_pages_not_found (pages_checked=6,fetched_ok=6,total_text_chars=16397)",City of Edgewater Environmental Services Laboratory,True,HQ Lab @ City of Edgewater Environmental Services Laboratory,28.9931096,-80.9051719,google_rooftop,"104 N Riverside Dr, Edgewater, FL 32132, USA"
ENT-000257,1,env_labs_standardized.csv,City of El Paso Department of Public Health,,TNI00096,9566 Railroad Drive,El Paso,Texas,,,env_labs,https://www.elpasotexas.gov/public-health,,,,,,,,no_explicit_gmp,False,found_via_search,extracted,"checked_pages_not_found (pages_checked=8,fetched_ok=8,total_text_chars=50793)","checked_pages_not_found (pages_checked=8,fetched_ok=8,total_text_chars=50793)",extracted,"checked_pages_not_found (pages_checked=8,fetched_ok=8,total_text_chars=50793)",City of El Paso Department of Public Health,True,HQ Lab @ City of El Paso Department of Public Health,31.8840052,-106.3997872,google_rooftop,"9566 Railroad Dr, El Paso, TX 79924, USA"
ENT-000258,1,env_labs_standardized.csv,City of Eustis Wastewater Treatment Plant,,TNI00317,,Eustis,Florida,,,env_labs,https://www.eustis.org/,,Wastewater@Eustis.org,,,,,,,,found_via_search,found_via_fallback_search,"no_pages_fetched_ok (pages_checked=1,fetched_ok=0,total_text_chars=0)",found_via_fallback_search,"no_pages_fetched_ok (pages_checked=1,fetched_ok=0,total_text_chars=0)","no_pages_fetched_ok (pages_checked=1,fetched_ok=0,total_text_chars=0)",City of Eustis Wastewater Treatment Plant,True,HQ Lab @ City of Eustis Wastewater Treatment Plant,28.8527675,-81.6853534,google_approximate,"Eustis, FL, USA"
ENT-000259,1,env_labs_standardized.csv,City of Fort Lauderdale Environmental Laboratory,,TNI00318,,Ft. Lauderdale,Florida,,,env_labs,https://www.fortlauderdale.gov/,,,,,,,,,,found_via_search,found_via_fallback_search,"no_pages_fetched_ok (pages_checked=1,fetched_ok=0,total_text_chars=0)","no_pages_fetched_ok (pages_checked=1,fetched_ok=0,total_text_chars=0)","no_pages_fetched_ok (pages_checked=1,fetched_ok=0,total_text_chars=0)","no_pages_fetched_ok (pages_checked=1,fetched_ok=0,total_text_chars=0)",City of Fort Lauderdale Environmental Laboratory,True,HQ Lab @ City of Fort Lauderdale Environmental Laboratory,26.1224386,-80.13731740000001,google_approximate,"Fort Lauderdale, FL, USA"
ENT-000260,1,env_labs_standardized.csv,City of Garland Water Utility Laboratory,,TNI00151,,Garland,Texas,,,env_labs,https://www.garlandtx.gov/,,waterops@garlandtx.gov,,,,,,no_explicit_gmp,False,found_via_search,found_via_fallback_search,"checked_pages_not_found (pages_checked=8,fetched_ok=8,total_text_chars=40446)",found_via_fallback_search,extracted,"checked_pages_not_found (pages_checked=8,fetched_ok=8,total_text_chars=40446)",City of Garland Water Utility Laboratory,True,HQ Lab @ City of Garland Water Utility Laboratory,32.9136363,-96.6364294,google_approximate,"Garland, TX, USA"
ENT-000261,1,env_labs_standardized.csv,City of Graceville Wastewater Treatment Plant Laboratory,,TNI00322,5348 Cliff Street,Graceville,Florida,,,env_labs,https://www.cityofgraceville.com/,Misty Smith,OIG@commerce.fl.gov,,,,,,no_explicit_gmp,False,found_via_search,extracted,extracted,extracted,extracted,"checked_pages_not_found (pages_checked=3,fetched_ok=3,total_text_chars=7037)",City of Graceville Wastewater Treatment Plant Laboratory,True,HQ Lab @ City of Graceville Wastewater Treatment Plant Laboratory,30.9569296,-85.513787,google_rooftop,"5348 Cliff St, Graceville, FL 32440, USA"
ENT-000262,1,env_labs_standardized.csv,City of Gresham WWTP Laboratory,,TNI02171,,Portland,Oregon,,,env_labs,https://www.greshamoregon.gov/,,GPD@GreshamOregon.gov,,,,,,no_explicit_gmp,False,found_via_search,found_via_fallback_search,"checked_pages_not_found (pages_checked=8,fetched_ok=8,total_text_chars=36362)",extracted,extracted,"checked_pages_not_found (pages_checked=8,fetched_ok=8,total_text_chars=36362)",City of Gresham WWTP Laboratory,True,HQ Lab @ City of Gresham WWTP Laboratory,45.515232,-122.6783853,google_approximate,"Portland, OR, USA"
ENT-000263,1,env_labs_standardized.csv,City of Harlingen Waterworks System,,TNI00101,114 N. L Street,Harlingen,Texas,,,env_labs,https://www.hwws.com/,Mario A. Gonzalez,cs@hwws.com,,,,,,,,found_via_search,found_via_fallback_search,found_via_fallback_search,found_via_fallback_search,"no_pages_fetched_ok (pages_checked=1,fetched_ok=0,total_text_chars=0)","no_pages_fetched_ok (pages_checked=1,fetched_ok=0,total_text_chars=0)",City of Harlingen Waterworks System,True,HQ Lab @ City of Harlingen Waterworks System,26.1935505,-97.7086973,google_rooftop,"114 N L St, Harlingen, TX 78550, USA"
ENT-000264,1,env_labs_standardized.csv,City of Holly Hill Water & Wastewater Treatment Plant Laboratory,,TNI00323,1065 Ridgewood Avenue,Holly Hill,Florida,,,env_labs,https://www.hollyhillfl.org/,,,,,,,,,,found_via_search,found_via_fallback_search,"no_pages_fetched_ok (pages_checked=1,fetched_ok=0,total_text_chars=0)","no_pages_fetched_ok (pages_checked=1,fetched_ok=0,total_text_chars=0)","no_pages_fetched_ok (pages_checked=1,fetched_ok=0,total_text_chars=0)","no_pages_fetched_ok (pages_checked=1,fetched_ok=0,total_text_chars=0)",City of Holly Hill Water Wastewater Treatment Plant Laboratory,True,HQ Lab @ City of Holly Hill Water Wastewater Treatment Plant Laboratory,29.2451363,-81.03996719999999,google_rooftop,"1065 Ridgewood Ave, Daytona Beach, FL 32117, USA"
ENT-000265,1,env_labs_standardized.csv,City of Hollywood Utilities Laboratory,,TNI00324,2600 Hollywood Boulevard,Hollywood,Florida,,,env_labs,https://hollywoodfl.org/,Donavin Hultgren,dhultrenehollywoodtl.olr,,,,,,no_explicit_gmp,False,found_via_search,extracted,found_via_fallback_search,found_via_fallback_search,extracted,"checked_pages_not_found (pages_checked=6,fetched_ok=5,total_text_chars=123952)",City of Hollywood Utilities Laboratory,True,HQ Lab @ City of Hollywood Utilities Laboratory,26.0111322,-80.1595169,google_geometric_center,"2600 Hollywood Blvd, Hollywood, FL 33020, USA"
ENT-000266,1,env_labs_standardized.csv,City of Houston - Drinking Water Regulatory Compliance Laboratory,,TNI00066,611 Walker St.,Houston,Texas,,,env_labs,https://www.houstonpublicworks.org/drinking-water-regulatory-compliance-group,,[email protected],,,,,,no_explicit_gmp,False,found_via_search,extracted,"checked_pages_not_found (pages_checked=8,fetched_ok=8,total_text_chars=26779)",extracted,extracted,"checked_pages_not_found (pages_checked=8,fetched_ok=8,total_text_chars=26779)",City of Houston Drinking Water Regulatory Compliance Laboratory,True,HQ Lab @ City of Houston Drinking Water Regulatory Compliance Laboratory,29.75972489999999,-95.3672065,google_rooftop,"611 Walker St, Houston, TX 77002, USA"
ENT-000267,1,env_labs_standardized.csv,"City of Houston Health Department, Bureau of Laboratory Services",,TNI00046,,Houston,Texas,,,env_labs,https://www.houstontx.gov/health/Lab/index.html,,,,,,,,no_explicit_gmp,False,found_via_search,found_via_fallback_search,"pages_likely_js_rendered (pages_checked=1,fetched_ok=1,total_text_chars=25)","pages_likely_js_rendered (pages_checked=1,fetched_ok=1,total_text_chars=25)",extracted,"pages_likely_js_rendered (pages_checked=1,fetched_ok=1,total_text_chars=25)",City of Houston Health Department Bureau of Laboratory Services,True,HQ Lab @ City of Houston Health Department Bureau of Laboratory Services,29.7600771,-95.37011079999999,google_approximate,"Houston, TX, USA"
ENT-000268,1,env_labs_standardized.csv,"City of Houston, Wastewater Operations Laboratory",,TNI02257,611 Walker St.,Houston,Texas,,,env_labs,https://www.houstonpublicworks.org/wastewater-operations-laboratory,,,,,,,,no_explicit_gmp,False,found_via_search,extracted,"checked_pages_not_found (pages_checked=7,fetched_ok=7,total_text_chars=26357)","checked_pages_not_found (pages_checked=7,fetched_ok=7,total_text_chars=26357)",extracted,"checked_pages_not_found (pages_checked=7,fetched_ok=7,total_text_chars=26357)",City of Houston Wastewater Operations Laboratory,True,HQ Lab @ City of Houston Wastewater Operations Laboratory,29.75972489999999,-95.3672065,google_rooftop,"611 Walker St, Houston, TX 77002, USA"
ENT-000269,1,env_labs_standardized.csv,City of Huntsville Parker Creek Laboratory,,TNI00099,1220 11th Street,Huntsville,Texas,,,env_labs,https://www.huntsvilletx.gov/,"Kristy Doll, City Secretary",CitySecretary@huntsvilletx.gov,,,,,,no_explicit_gmp,False,found_via_search,extracted,extracted,extracted,extracted,"checked_pages_not_found (pages_checked=4,fetched_ok=4,total_text_chars=14016)",City of Huntsville Parker Creek Laboratory,True,HQ Lab @ City of Huntsville Parker Creek Laboratory,30.7240418,-95.5522846,google_rooftop,"1220 11th St, Huntsville, TX 77340, USA"
ENT-000270,1,env_labs_standardized.csv,CITY OF ITHACA WATER TREATMENT PLANT LABORATORY,,TNI01789,202 Water St,ITHACA,New York,,,env_labs,https://cityofithacany.gov/,,,,,,,,no_explicit_gmp,False,found_via_search,found_via_fallback_search,"checked_pages_not_found (pages_checked=8,fetched_ok=7,total_text_chars=20713)","checked_pages_not_found (pages_checked=8,fetched_ok=7,total_text_chars=20713)",extracted,"checked_pages_not_found (pages_checked=8,fetched_ok=7,total_text_chars=20713)",CITY OF ITHACA WATER TREATMENT PLANT LABORATORY,True,HQ Lab @ CITY OF ITHACA WATER TREATMENT PLANT LABORATORY,42.434497,-76.4835781,google_rooftop,"202 Water St, Ithaca, NY 14850, USA"
ENT-000271,1,env_labs_standardized.csv,"City of Jacksonville, EQD Lab",,TNI00396,,Jacksonville,Florida,,,env_labs,https://www.jacksonville.gov/departments/office-of-administrative-services/environmental-quality,,sso@coj.net,,,,,,no_explicit_gmp,False,found_via_search,found_via_fallback_search,"checked_pages_not_found (pages_checked=8,fetched_ok=8,total_text_chars=47423)",extracted,extracted,"checked_pages_not_found (pages_checked=8,fetched_ok=8,total_text_chars=47423)",City of Jacksonville EQD Lab,True,HQ Lab @ City of Jacksonville EQD Lab,30.3297566,-81.6591529,google_approximate,"Jacksonville, FL, USA"
ENT-000272,1,env_labs_standardized.csv,City of Kerrville Laboratory,,TNI00095,701 Main Street,Kerrville,Texas,,,env_labs,https://www.kerrvilletx.gov/,Eva Fry,eva.fry@kerrvilletx.gov,,,,,,no_explicit_gmp,False,found_via_search,extracted,found_via_fallback_search,found_via_fallback_search,extracted,"checked_pages_not_found (pages_checked=6,fetched_ok=6,total_text_chars=125668)",City of Kerrville Laboratory,True,HQ Lab @ City of Kerrville Laboratory,30.0469298,-99.1408611,google_rooftop,"701 Main St, Kerrville, TX 78028, USA"
ENT-000273,1,env_labs_standardized.csv,City of Key West WWTP Laboratory,,TNI00325,1300 White Street,Key West,Florida,,,env_labs,https://www.cityofkeywest-fl.gov/,,,,,,,,no_explicit_gmp,False,found_via_search,extracted,"checked_pages_not_found (pages_checked=7,fetched_ok=7,total_text_chars=19750)","checked_pages_not_found (pages_checked=7,fetched_ok=7,total_text_chars=19750)",extracted,"checked_pages_not_found (pages_checked=7,fetched_ok=7,total_text_chars=19750)",City of Key West WWTP Laboratory,True,HQ Lab @ City of Key West WWTP Laboratory,24.5526706,-81.7895526,google_rooftop,"1300 White St, Key West, FL 33040, USA"
ENT-000274,1,env_labs_standardized.csv,City of Lake Worth Beach Water Treatment Plant Laboratory,,TNI00326,,Lake Worth,Florida,,,env_labs,https://lakeworthbeachfl.gov/,"Timothy Sloan, Water Treatment Plant Manager",tsloan@lakeworthbeachfl.gov,,,,,,no_explicit_gmp,False,found_via_search,found_via_fallback_search,found_via_fallback_search,found_via_fallback_search,extracted,"checked_pages_not_found (pages_checked=8,fetched_ok=8,total_text_chars=43060)",City of Lake Worth Beach Water Treatment Plant Laboratory,True,HQ Lab @ City of Lake Worth Beach Water Treatment Plant Laboratory,26.6167555,-80.0684479,google_approximate,"Lake Worth Beach, FL, USA"
ENT-000275,1,env_labs_standardized.csv,City of Lakeland -Thomas B. Williams Water Treatment Plant,,TNI00328,2100 Interstate Drive,Lakeland,Florida,,,env_labs,https://www.lakelandgov.net/departments/water-utilities/water-treatment/,Lucas Welch,Lucas.Welch@lakelandgov.net,,,,,,,,found_via_search,found_via_fallback_search,found_via_fallback_search,found_via_fallback_search,"no_pages_fetched_ok (pages_checked=1,fetched_ok=0,total_text_chars=0)","no_pages_fetched_ok (pages_checked=1,fetched_ok=0,total_text_chars=0)",City of Lakeland Thomas B Williams Water Treatment Plant,True,HQ Lab @ City of Lakeland Thomas B Williams Water Treatment Plant,28.0722714,-81.9791812,google_rooftop,"2100 Interstate Dr, Lakeland, FL 33805, USA"
ENT-000276,1,env_labs_standardized.csv,City of Lakeland Wastewater Treatment Plant - Glendale,,TNI00329,,Lakeland,Florida,,,env_labs,https://www.lakelandgov.net/,John Dickson - Chief Operator,,,,,,,,,found_via_search,found_via_fallback_search,found_via_fallback_search,"no_pages_fetched_ok (pages_checked=1,fetched_ok=0,total_text_chars=0)","no_pages_fetched_ok (pages_checked=1,fetched_ok=0,total_text_chars=0)","no_pages_fetched_ok (pages_checked=1,fetched_ok=0,total_text_chars=0)",City of Lakeland Wastewater Treatment Plant Glendale,True,HQ Lab @ City of Lakeland Wastewater Treatment Plant Glendale,28.042093,-81.9534956,google_approximate,"Lakeland, FL, USA"
ENT-000277,1,env_labs_standardized.csv,City of Laredo Public Health Department Laboratory,,TNI00145,,Laredo,Texas,,,env_labs,https://www.cityoflaredo.com/departments/health-department/services/laboratory,,CLHD@ci.laredo.tx.us,,,,,,,,found_via_search,found_via_fallback_search,"no_pages_fetched_ok (pages_checked=1,fetched_ok=0,total_text_chars=0)",found_via_fallback_search,"no_pages_fetched_ok (pages_checked=1,fetched_ok=0,total_text_chars=0)","no_pages_fetched_ok (pages_checked=1,fetched_ok=0,total_text_chars=0)",City of Laredo Public Health Department Laboratory,True,HQ Lab @ City of Laredo Public Health Department Laboratory,27.5035613,-99.5075519,google_approximate,"Laredo, TX, USA"
ENT-000278,1,env_labs_standardized.csv,City of Largo Wastewater Treatment Plant,,TNI00330,5100 150th Ave N,Clearwater,Florida,,,env_labs,https://www.largo.com/,,[email protected],,,,,,no_explicit_gmp,False,found_via_search,extracted,"checked_pages_not_found (pages_checked=8,fetched_ok=5,total_text_chars=38747)",extracted,extracted,"checked_pages_not_found (pages_checked=8,fetched_ok=5,total_text_chars=38747)",City of Largo Wastewater Treatment Plant,True,HQ Lab @ City of Largo Wastewater Treatment Plant,27.9078725,-82.70244009999999,google_rooftop,"5100 150th Ave N, Clearwater, FL 33760, USA"
ENT-000279,1,env_labs_standardized.csv,City of Lewisville Environmental Control Services Laboratory,,TNI00129,,Lewisville,Texas,,,env_labs,https://www.cityoflewisville.com/,,ecslab@cityoflewisville.com,,,,,,,,found_via_search,found_via_fallback_search,"no_pages_fetched_ok (pages_checked=1,fetched_ok=0,total_text_chars=0)",found_via_fallback_search,"no_pages_fetched_ok (pages_checked=1,fetched_ok=0,total_text_chars=0)","no_pages_fetched_ok (pages_checked=1,fetched_ok=0,total_text_chars=0)",City of Lewisville Environmental Control Services Laboratory,True,HQ Lab @ City of Lewisville Environmental Control Services Laboratory,33.0463292,-96.9941903,google_approximate,"Lewisville, TX, USA"
ENT-000280,1,env_labs_standardized.csv,City of Lubbock Water Treatment Plant Laboratory,,TNI00153,6001 North Guava,Lubbock,Texas,,,env_labs,https://www.mylubbock.us/192/Water,,emcleister@mail.ci.lubbock.tx.us,,,,,,no_explicit_gmp,False,found_via_search,extracted,"checked_pages_not_found (pages_checked=7,fetched_ok=7,total_text_chars=60187)",found_via_fallback_search,extracted,"checked_pages_not_found (pages_checked=7,fetched_ok=7,total_text_chars=60187)",City of Lubbock Water Treatment Plant Laboratory,True,HQ Lab @ City of Lubbock Water Treatment Plant Laboratory,33.6561454,-101.8025495,google_rooftop,"6001 N Guava Ave, Lubbock, TX 79403, USA"
ENT-000281,1,env_labs_standardized.csv,City of Margate Utilities,,TNI00332,5790 Margate Boulevard,Margate,Florida,,,env_labs,https://www.margatefl.com/,,,,,,,,no_explicit_gmp,False,found_via_search,extracted,"checked_pages_not_found (pages_checked=8,fetched_ok=6,total_text_chars=20462)","checked_pages_not_found (pages_checked=8,fetched_ok=6,total_text_chars=20462)",extracted,"checked_pages_not_found (pages_checked=8,fetched_ok=6,total_text_chars=20462)",City of Margate Utilities,True,HQ Lab @ City of Margate Utilities,26.2420954,-80.2050177,google_rooftop,"Margate Shopping Center, 5790 Margate Blvd, Margate, FL 33063, USA"
ENT-000282,1,env_labs_standardized.csv,City of McAllen Central Laboratory,,TNI00133,,McAllen,Texas,,,env_labs,https://www.mcallenpublicutility.com/,,ggracia@mcallen.net,,,,,,no_explicit_gmp,False,found_via_search,found_via_fallback_search,"checked_pages_not_found (pages_checked=8,fetched_ok=8,total_text_chars=12344)",found_via_fallback_search,extracted,"checked_pages_not_found (pages_checked=8,fetched_ok=8,total_text_chars=12344)",City of McAllen Central Laboratory,True,HQ Lab @ City of McAllen Central Laboratory,26.2034071,-98.23001239999999,google_approximate,"McAllen, TX, USA"
ENT-000283,1,env_labs_standardized.csv,City of Melbourne Wastewater Treatment Compliance Monitoring Laboratory,,TNI00333,835 North Apollo Blvd,Melbourne,Florida,,,env_labs,https://www.melbourneflorida.org/,,,,,,,,,,found_via_search,found_via_fallback_search,"no_pages_fetched_ok (pages_checked=1,fetched_ok=0,total_text_chars=0)","no_pages_fetched_ok (pages_checked=1,fetched_ok=0,total_text_chars=0)","no_pages_fetched_ok (pages_checked=1,fetched_ok=0,total_text_chars=0)","no_pages_fetched_ok (pages_checked=1,fetched_ok=0,total_text_chars=0)",City of Melbourne Wastewater Treatment Compliance Monitoring Laboratory,True,HQ Lab @ City of Melbourne Wastewater Treatment Compliance Monitoring Laboratory,28.1196301,-80.6376894,google_rooftop,"835 N Apollo Blvd, Melbourne, FL 32935, USA"
ENT-000284,1,env_labs_standardized.csv,City of Melbourne Water Treatment Plant Laboratory,,TNI00334,,Melbourne,Florida,,,env_labs,,,,,,,,,,,search_found_nothing,found_via_fallback_search,no_website_cannot_check_pages,no_website_cannot_check_pages,no_website_cannot_check_pages,no_website_cannot_check_pages,City of Melbourne Water Treatment Plant Laboratory,True,HQ Lab @ City of Melbourne Water Treatment Plant Laboratory,28.0794398,-80.6078048,google_approximate,"Melbourne, FL, USA"
ENT-000285,1,env_labs_standardized.csv,City of Midland Utilities Laboratory,,TNI02185,305 Edgewood Dr.,Midland,Texas,,,env_labs,https://midlandtexas.gov/463/Water-Testing-Services,"Carl Craigo, P.E.",envcomp@midlandtexas.gov,,,,,,no_explicit_gmp,False,found_via_search,extracted,found_via_fallback_search,extracted,extracted,"checked_pages_not_found (pages_checked=8,fetched_ok=8,total_text_chars=38866)",City of Midland Utilities Laboratory,True,HQ Lab @ City of Midland Utilities Laboratory,31.9879566,-102.1394342,google_rooftop,"305 Edgewood Dr, Midland, TX 79703, USA"
ENT-000286,1,env_labs_standardized.csv,City of Naples Central Laboratory,,TNI00336,1400 3rd Avenue North,Naples,Florida,,,env_labs,https://www.naplesgov.com/,,,,,,,,,,found_via_search,found_via_fallback_search,"no_pages_fetched_ok (pages_checked=1,fetched_ok=0,total_text_chars=0)","no_pages_fetched_ok (pages_checked=1,fetched_ok=0,total_text_chars=0)","no_pages_fetched_ok (pages_checked=1,fetched_ok=0,total_text_chars=0)","no_pages_fetched_ok (pages_checked=1,fetched_ok=0,total_text_chars=0)",City of Naples Central Laboratory,True,HQ Lab @ City of Naples Central Laboratory,26.1511529,-81.7872423,google_rooftop,"1400 3rd Ave N, Naples, FL 34102, USA"
ENT-000287,1,env_labs_standardized.csv,City of New Port Richey Wastewater Treatment Plant,,TNI00337,,New Port Richey,Florida,,,env_labs,https://www.cityofnewportrichey.org/,Joe Palazzolo,Palazzoloj@cityofnewportrichey.org,,,,,,,,found_via_search,found_via_fallback_search,found_via_fallback_search,found_via_fallback_search,"no_pages_fetched_ok (pages_checked=1,fetched_ok=0,total_text_chars=0)","no_pages_fetched_ok (pages_checked=1,fetched_ok=0,total_text_chars=0)",City of New Port Richey Wastewater Treatment Plant,True,HQ Lab @ City of New Port Richey Wastewater Treatment Plant,28.2441768,-82.7192671,google_approximate,"New Port Richey, FL, USA"
ENT-000288,1,env_labs_standardized.csv,City of North Miami Beach Quality Control Laboratory,,TNI00338,19150 N. W. 8th Avenue,Miami,Florida,,,env_labs,https://www.citynmb.com/,,,,,,,,no_explicit_gmp,False,found_via_search,found_via_fallback_search,"checked_pages_not_found (pages_checked=8,fetched_ok=8,total_text_chars=32932)","checked_pages_not_found (pages_checked=8,fetched_ok=8,total_text_chars=32932)",extracted,"checked_pages_not_found (pages_checked=8,fetched_ok=8,total_text_chars=32932)",City of North Miami Beach Quality Control Laboratory,True,HQ Lab @ City of North Miami Beach Quality Control Laboratory,25.9499581,-80.2157484,google_geometric_center,"19150 NW 8th Ave, Miami, FL 33169, USA"
ENT-000289,1,env_labs_standardized.csv,City of North Miami Water Treatment Plant,,TNI00339,,North Miami,Florida,,,env_labs,https://www.northmiamifl.gov/,Pavel Vida,,,,,,,no_explicit_gmp,False,found_via_search,extracted,found_via_fallback_search,"checked_pages_not_found (pages_checked=4,fetched_ok=4,total_text_chars=12679)",extracted,"checked_pages_not_found (pages_checked=4,fetched_ok=4,total_text_chars=12679)",City of North Miami Water Treatment Plant,True,HQ Lab @ City of North Miami Water Treatment Plant,25.8900949,-80.1867138,google_approximate,"North Miami, FL, USA"
ENT-000290,1,env_labs_standardized.csv,City of Ocala Water Quality Laboratory,,TNI00340,4200 SE 24th Street,Ocala,Florida,,,env_labs,https://www.ocalafl.gov/,,water@ocalafl.gov,,,,,,,,found_via_search,found_via_fallback_search,"no_pages_fetched_ok (pages_checked=1,fetched_ok=0,total_text_chars=0)",found_via_fallback_search,"no_pages_fetched_ok (pages_checked=1,fetched_ok=0,total_text_chars=0)","no_pages_fetched_ok (pages_checked=1,fetched_ok=0,total_text_chars=0)",City of Ocala Water Quality Laboratory,True,HQ Lab @ City of Ocala Water Quality Laboratory,29.1637649,-82.0776048,google_rooftop,"4200 SE 24th St, Ocala, FL 34471, USA"
ENT-000291,1,env_labs_standardized.csv,City of Odessa Laboratory Services,,TNI00141,817 W. 42nd St. – Gate 2,Odessa,Texas,,,env_labs,https://www.odessa-tx.gov/1235/Laboratory-Services,Bob Derrington,,,,,,,no_explicit_gmp,False,found_via_search,extracted,extracted,"checked_pages_not_found (pages_checked=4,fetched_ok=4,total_text_chars=27343)",extracted,"checked_pages_not_found (pages_checked=4,fetched_ok=4,total_text_chars=27343)",City of Odessa Laboratory Services,True,HQ Lab @ City of Odessa Laboratory Services,31.8794473,-102.3961699,google_rooftop,"817 W 42nd St #2, Odessa, TX 79764, USA"
ENT-000292,1,env_labs_standardized.csv,"City of Orlando, Environmental Laboratory Services",,TNI00342,,Oviedo,Florida,,,env_labs,https://www.orlando.gov/,,,,,,,,no_explicit_gmp,False,found_via_search,"checked_pages_not_found (pages_checked=8,fetched_ok=8,total_text_chars=146680)","checked_pages_not_found (pages_checked=8,fetched_ok=8,total_text_chars=146680)","checked_pages_not_found (pages_checked=8,fetched_ok=8,total_text_chars=146680)",extracted,"checked_pages_not_found (pages_checked=8,fetched_ok=8,total_text_chars=146680)",City of Orlando Environmental Laboratory Services,True,HQ Lab @ City of Orlando Environmental Laboratory Services,28.669997,-81.20812029999999,google_approximate,"Oviedo, FL, USA"
ENT-000293,1,env_labs_standardized.csv,City of Ormond Beach WRF Laboratory,,TNI02832,22 South Beach Street,Ormond Beach,Florida,,,env_labs,https://www.ormondbeach.org/,Barbara Prosch,hr@ormondbeach.org,,,,,,no_explicit_gmp,False,found_via_search,extracted,found_via_fallback_search,extracted,extracted,"checked_pages_not_found (pages_checked=7,fetched_ok=6,total_text_chars=16034)",City of Ormond Beach WRF Laboratory,True,HQ Lab @ City of Ormond Beach WRF Laboratory,29.2850209,-81.0559301,google_rooftop,"22 S Beach St, Ormond Beach, FL 32174, USA"
ENT-000294,1,env_labs_standardized.csv,City of Panama City Area Environmental Laboratory,,TNI00345,501 Harrison Avenue,Panama City,Florida,,,env_labs,https://www.panamacity.gov/,,,,,,,,no_explicit_gmp,False,found_via_search,extracted,"checked_pages_not_found (pages_checked=8,fetched_ok=8,total_text_chars=34965)","checked_pages_not_found (pages_checked=8,fetched_ok=8,total_text_chars=34965)",extracted,"checked_pages_not_found (pages_checked=8,fetched_ok=8,total_text_chars=34965)",City of Panama City Area Environmental Laboratory,True,HQ Lab @ City of Panama City Area Environmental Laboratory,30.1572225,-85.6604826,google_rooftop,"501 Harrison Ave, Panama City, FL 32401, USA"
ENT-000295,1,env_labs_standardized.csv,City of Pharr Water Laboratory,,TNI00152,118 S Cage Blvd,Pharr,Texas,,,env_labs,https://pharr-tx.gov/,,pericotx2003@yahoo.com,,,,,,no_explicit_gmp,False,found_via_search,extracted,"checked_pages_not_found (pages_checked=4,fetched_ok=4,total_text_chars=33034)",found_via_fallback_search,extracted,"checked_pages_not_found (pages_checked=4,fetched_ok=4,total_text_chars=33034)",City of Pharr Water Laboratory,True,HQ Lab @ City of Pharr Water Laboratory,26.1940689,-98.18464069999999,google_rooftop,"118 S Cage Blvd, Pharr, TX 78577, USA"
ENT-000296,1,env_labs_standardized.csv,City of Phoenix Water Quality Laboratory,,TNI00207,,Phoenix,Arizona,,,env_labs,https://www.phoenix.gov/administration/departments/waterservices/water-quality,,chelsey.weaver@phoenix.gov,,,,,,no_explicit_gmp,False,found_via_search,found_via_fallback_search,"checked_pages_not_found (pages_checked=8,fetched_ok=8,total_text_chars=94549)",found_via_fallback_search,extracted,"checked_pages_not_found (pages_checked=8,fetched_ok=8,total_text_chars=94549)",City of Phoenix Water Quality Laboratory,True,HQ Lab @ City of Phoenix Water Quality Laboratory,33.4482948,-112.0725488,google_approximate,"Phoenix, AZ, USA"
ENT-000297,1,env_labs_standardized.csv,City of Phoenix Water Services Laboratory,,TNI02723,200 W. Washington Street,Phoenix,Arizona,,,env_labs,https://waterworks.phoenix.gov/,,watersmart@phoenix.gov,,,,,,no_explicit_gmp,False,found_via_search,extracted,"checked_pages_not_found (pages_checked=8,fetched_ok=8,total_text_chars=58661)",extracted,extracted,"checked_pages_not_found (pages_checked=8,fetched_ok=8,total_text_chars=58661)",City of Phoenix Water Services Laboratory,True,HQ Lab @ City of Phoenix Water Services Laboratory,33.4489367,-112.0772548,google_rooftop,"200 W Washington St, Phoenix, AZ 85003, USA"
ENT-000298,1,env_labs_standardized.csv,City of Plantation Utilities Department Laboratory,,TNI00347,6500 NW 11th Place,Plantation,Florida,,,env_labs,https://www.plantation.org/,,,,,,,,,,found_via_search,found_via_fallback_search,"no_pages_fetched_ok (pages_checked=1,fetched_ok=0,total_text_chars=0)","no_pages_fetched_ok (pages_checked=1,fetched_ok=0,total_text_chars=0)","no_pages_fetched_ok (pages_checked=1,fetched_ok=0,total_text_chars=0)","no_pages_fetched_ok (pages_checked=1,fetched_ok=0,total_text_chars=0)",City of Plantation Utilities Department Laboratory,True,HQ Lab @ City of Plantation Utilities Department Laboratory,26.1390615,-80.2372342,google_rooftop,"6500 NW 11th Pl, Plantation, FL 33313, USA"
ENT-000299,1,env_labs_standardized.csv,City of Pompano Beach Utilities Laboratory,,TNI00348,,Pompano Beach,Florida,,,env_labs,https://www.pompanobeachfl.gov/,,,,,,,,no_explicit_gmp,False,found_via_search,found_via_fallback_search,"checked_pages_not_found (pages_checked=4,fetched_ok=4,total_text_chars=18077)","checked_pages_not_found (pages_checked=4,fetched_ok=4,total_text_chars=18077)",extracted,"checked_pages_not_found (pages_checked=4,fetched_ok=4,total_text_chars=18077)",City of Pompano Beach Utilities Laboratory,True,HQ Lab @ City of Pompano Beach Utilities Laboratory,26.2305913,-80.12510209999999,google_approximate,"Pompano Beach, FL, USA"
ENT-000300,1,env_labs_standardized.csv,City of Port Arthur Water Purification Plant Laboratory,,TNI00121,444 4th Street,Port Arthur,Texas,,,env_labs,https://portarthurtx.gov/,,jtomplait@portarthur.net,,,,,,no_explicit_gmp,False,found_via_search,extracted,"checked_pages_not_found (pages_checked=3,fetched_ok=3,total_text_chars=11003)",found_via_fallback_search,extracted,"checked_pages_not_found (pages_checked=3,fetched_ok=3,total_text_chars=11003)",City of Port Arthur Water Purification Plant Laboratory,True,HQ Lab @ City of Port Arthur Water Purification Plant Laboratory,29.8702859,-93.93413600000001,google_geometric_center,"444 4th St, Port Arthur, TX 77640, USA"
ENT-000301,1,env_labs_standardized.csv,City of Port Orange Central Lab,,TNI00349,1000 City Center Circle,Port Orange,Florida,,,env_labs,https://www.port-orange.org/,"Robin Fenwick, MMC, City Clerk",,,,,,,no_explicit_gmp,False,found_via_search,extracted,extracted,"checked_pages_not_found (pages_checked=4,fetched_ok=4,total_text_chars=15578)",extracted,"checked_pages_not_found (pages_checked=4,fetched_ok=4,total_text_chars=15578)",City of Port Orange Central Lab,True,HQ Lab @ City of Port Orange Central Lab,29.1264744,-81.0207566,google_rooftop,"1000 City Center Cir, Port Orange, FL 32129, USA"
ENT-000302,1,env_labs_standardized.csv,City of Port St. Lucie Utility Systems Department,,TNI00350,,Port St. Lucie,Florida,,,env_labs,https://www.cityofpsl.com/Government/Your-City-Government/Departments/Utility-Systems,,,,,,,,,,found_via_search,found_via_fallback_search,"no_pages_fetched_ok (pages_checked=1,fetched_ok=0,total_text_chars=0)","no_pages_fetched_ok (pages_checked=1,fetched_ok=0,total_text_chars=0)","no_pages_fetched_ok (pages_checked=1,fetched_ok=0,total_text_chars=0)","no_pages_fetched_ok (pages_checked=1,fetched_ok=0,total_text_chars=0)",City of Port St Lucie Utility Systems Department,True,HQ Lab @ City of Port St Lucie Utility Systems Department,27.2730492,-80.3582261,google_approximate,"Port St. Lucie, FL, USA"
ENT-000303,1,env_labs_standardized.csv,City of Portland Water Pollution Control Laboratory,,TNI02276,,Portland,Oregon,,,env_labs,https://www.portland.gov/service-locations/water-pollution-control-laboratory,,environmentalsurvey@portlandoregon.gov,,,,,,,,found_via_search,found_via_fallback_search,"no_pages_fetched_ok (pages_checked=1,fetched_ok=0,total_text_chars=0)",found_via_fallback_search,"no_pages_fetched_ok (pages_checked=1,fetched_ok=0,total_text_chars=0)","no_pages_fetched_ok (pages_checked=1,fetched_ok=0,total_text_chars=0)",City of Portland Water Pollution Control Laboratory,True,HQ Lab @ City of Portland Water Pollution Control Laboratory,45.515232,-122.6783853,google_approximate,"Portland, OR, USA"
ENT-000304,1,env_labs_standardized.csv,City of Punta Gorda Water Treatment Plant,,TNI00351,,Punta Gorda,Florida,,,env_labs,https://www.ci.punta-gorda.fl.us/,"Tom Spencer, Utilities Director",utility@pgorda.us,,,,,,,,found_via_search,found_via_fallback_search,found_via_fallback_search,found_via_fallback_search,"no_pages_fetched_ok (pages_checked=1,fetched_ok=0,total_text_chars=0)","no_pages_fetched_ok (pages_checked=1,fetched_ok=0,total_text_chars=0)",City of Punta Gorda Water Treatment Plant,True,HQ Lab @ City of Punta Gorda Water Treatment Plant,26.9297836,-82.0453664,google_approximate,"Punta Gorda, FL, USA"
ENT-000305,1,env_labs_standardized.csv,City of Round Rock Environmental Services Laboratory,,TNI00108,5200 North IH-35,Round Rock,Texas,,,env_labs,https://www.roundrocktexas.gov/city-departments/utilities-and-environmental-services/environmental-services-laboratory/,,waterlab@roundrocktexas.gov,,,,,,,,found_via_search,found_via_fallback_search,"no_pages_fetched_ok (pages_checked=1,fetched_ok=0,total_text_chars=0)",found_via_fallback_search,"no_pages_fetched_ok (pages_checked=1,fetched_ok=0,total_text_chars=0)","no_pages_fetched_ok (pages_checked=1,fetched_ok=0,total_text_chars=0)",City of Round Rock Environmental Services Laboratory,True,HQ Lab @ City of Round Rock Environmental Services Laboratory,30.5746246,-97.6993272,google_rooftop,"5200 N Interstate Hwy 35, Round Rock, TX 78681, USA"
ENT-000306,1,env_labs_standardized.csv,CITY OF RUTLAND WATER LABORATORY,,TNI01030,,RUTLAND,Vermont,,,env_labs,https://www.rutlandcity.org/,Tyler Harte,rutwater@gmail.com,,,,,,no_explicit_gmp,False,found_via_search,found_via_fallback_search,extracted,found_via_fallback_search,extracted,"checked_pages_not_found (pages_checked=5,fetched_ok=5,total_text_chars=37670)",CITY OF RUTLAND WATER LABORATORY,True,HQ Lab @ CITY OF RUTLAND WATER LABORATORY,43.6106237,-72.9726065,google_approximate,"Rutland, VT 05701, USA"
ENT-000307,1,env_labs_standardized.csv,City of San Angelo Water Quality Laboratory,,TNI00114,1324 Metcalfe St.,San Angelo,Texas,,,env_labs,https://www.sanangelo.gov/525/Water-Quality,Elena Velez-Reyes,,,,,,,no_explicit_gmp,False,found_via_search,extracted,extracted,"checked_pages_not_found (pages_checked=7,fetched_ok=7,total_text_chars=69849)",extracted,"checked_pages_not_found (pages_checked=7,fetched_ok=7,total_text_chars=69849)",City of San Angelo Water Quality Laboratory,True,HQ Lab @ City of San Angelo Water Quality Laboratory,31.4474356,-100.4287343,google_rooftop,"1324 Metcalfe St, San Angelo, TX 76903, USA"
ENT-000308,1,env_labs_standardized.csv,City of Sarasota Wastewater Treatment Plant Laboratory,,TNI00352,,Sarasota,Florida,,,env_labs,https://www.sarasotafl.gov/,,,,,,,,,,found_via_search,found_via_fallback_search,"no_pages_fetched_ok (pages_checked=1,fetched_ok=0,total_text_chars=0)","no_pages_fetched_ok (pages_checked=1,fetched_ok=0,total_text_chars=0)","no_pages_fetched_ok (pages_checked=1,fetched_ok=0,total_text_chars=0)","no_pages_fetched_ok (pages_checked=1,fetched_ok=0,total_text_chars=0)",City of Sarasota Wastewater Treatment Plant Laboratory,True,HQ Lab @ City of Sarasota Wastewater Treatment Plant Laboratory,27.336465,-82.5310117,google_approximate,"Sarasota, FL, USA"
ENT-000309,1,env_labs_standardized.csv,City of Sherman Utilities Laboratory,,TNI00072,288 Post Oak Rd,Sherman,Texas,,,env_labs,https://www.ci.sherman.tx.us/269/Water-Wastewater-Laboratory,Nicole Moseley,,,,,,,no_explicit_gmp,False,found_via_search,extracted,extracted,"checked_pages_not_found (pages_checked=3,fetched_ok=3,total_text_chars=14843)",extracted,"checked_pages_not_found (pages_checked=3,fetched_ok=3,total_text_chars=14843)",City of Sherman Utilities Laboratory,True,HQ Lab @ City of Sherman Utilities Laboratory,33.6015186,-96.5783501,google_rooftop,"288 Post Oak Rd, Sherman, TX 75090, USA"
ENT-000310,1,env_labs_standardized.csv,City of St. Augustine Water Pollution Control Laboratory,,TNI00353,75 King Street,St. Augustine,Florida,,,env_labs,https://www.citystaug.com/,"Darlene Galambos, City Clerk",,,,,,,no_explicit_gmp,False,found_via_search,extracted,extracted,"checked_pages_not_found (pages_checked=8,fetched_ok=7,total_text_chars=59519)",extracted,"checked_pages_not_found (pages_checked=8,fetched_ok=7,total_text_chars=59519)",City of St Augustine Water Pollution Control Laboratory,True,HQ Lab @ City of St Augustine Water Pollution Control Laboratory,29.890869,-81.3137957,google_rooftop,"75 King St, St. Augustine, FL 32084, USA"
ENT-000311,1,env_labs_standardized.csv,City of Sunrise Utilities Laboratory,,TNI00354,777 Sawgrass Corporate Parkway,Sunrise,Florida,,,env_labs,https://www.sunrisefl.gov/,,customerservice@sunrisefl.gov,,,,,,,,found_via_search,found_via_fallback_search,"no_pages_fetched_ok (pages_checked=1,fetched_ok=0,total_text_chars=0)",found_via_fallback_search,"no_pages_fetched_ok (pages_checked=1,fetched_ok=0,total_text_chars=0)","no_pages_fetched_ok (pages_checked=1,fetched_ok=0,total_text_chars=0)",City of Sunrise Utilities Laboratory,True,HQ Lab @ City of Sunrise Utilities Laboratory,26.1317009,-80.33385710000002,google_rooftop,"777 Sawgrass Corporate Pkwy, Sunrise, FL 33325, USA"
ENT-000312,1,env_labs_standardized.csv,City of Tallahassee Water Quality Laboratory,,TNI00355,4505-A Springhill Road,Tallahassee,Florida,,,env_labs,https://www.talgov.com/,,DrinkingWater@Talgov.com,,,,,,no_explicit_gmp,False,found_via_search,found_via_fallback_search,"checked_pages_not_found (pages_checked=8,fetched_ok=7,total_text_chars=33517)",found_via_fallback_search,extracted,"checked_pages_not_found (pages_checked=8,fetched_ok=7,total_text_chars=33517)",City of Tallahassee Water Quality Laboratory,True,HQ Lab @ City of Tallahassee Water Quality Laboratory,30.39258299999999,-84.32278029999999,google_rooftop,"4505 Springhill Rd A, Tallahassee, FL 32305, USA"
ENT-000313,1,env_labs_standardized.csv,City of Tampa Water Quality Laboratory,,TNI00357,306 East Jackson Street,Tampa,Florida,,,env_labs,https://www.tampa.gov/water/water-quality,,,,,,,,no_explicit_gmp,False,found_via_search,extracted,"checked_pages_not_found (pages_checked=8,fetched_ok=8,total_text_chars=69286)","checked_pages_not_found (pages_checked=8,fetched_ok=8,total_text_chars=69286)",extracted,"checked_pages_not_found (pages_checked=8,fetched_ok=8,total_text_chars=69286)",City of Tampa Water Quality Laboratory,True,HQ Lab @ City of Tampa Water Quality Laboratory,27.9476471,-82.4572163,google_rooftop,"306 E Jackson St, Tampa, FL 33602, USA"
ENT-000314,1,env_labs_standardized.csv,City of Tavares Wastewater Utilities Laboratory,,TNI00358,201 E. Main St.,Tavares,Florida,,,env_labs,https://www.tavaresfl.gov/,,,,,,,,no_explicit_gmp,False,found_via_search,extracted,"checked_pages_not_found (pages_checked=3,fetched_ok=3,total_text_chars=18863)","checked_pages_not_found (pages_checked=3,fetched_ok=3,total_text_chars=18863)",extracted,"checked_pages_not_found (pages_checked=3,fetched_ok=3,total_text_chars=18863)",City of Tavares Wastewater Utilities Laboratory,True,HQ Lab @ City of Tavares Wastewater Utilities Laboratory,28.8024759,-81.7266588,google_rooftop,"Tavares City Hall, 201 E Main St, Tavares, FL 32778, USA"
ENT-000315,1,env_labs_standardized.csv,City of Texarkana Water Utilities Laboratory,,TNI00123,,Texarkana,Texas,,,env_labs,https://twu.txkusa.org/,,,,,,,,,,found_via_search,found_via_fallback_search,"no_pages_fetched_ok (pages_checked=1,fetched_ok=0,total_text_chars=0)","no_pages_fetched_ok (pages_checked=1,fetched_ok=0,total_text_chars=0)","no_pages_fetched_ok (pages_checked=1,fetched_ok=0,total_text_chars=0)","no_pages_fetched_ok (pages_checked=1,fetched_ok=0,total_text_chars=0)",City of Texarkana Water Utilities Laboratory,True,HQ Lab @ City of Texarkana Water Utilities Laboratory,33.425125,-94.04768820000001,google_approximate,"Texarkana, TX, USA"
ENT-000316,1,env_labs_standardized.csv,City of The Dalles Water Quality Lab,,TNI00208,6780 Reservoir Road,The Dalles,Oregon,,,env_labs,https://www.thedalles.org/waterquality,,tdwql@thedalles.gov,,,,,,no_explicit_gmp,True,found_via_search,extracted,"checked_pages_not_found (pages_checked=8,fetched_ok=7,total_text_chars=46976)",extracted,extracted,extracted,City of The Dalles Water Quality Lab,True,HQ Lab @ City of The Dalles Water Quality Lab,45.547437,-121.3100512,google_rooftop,"6780 Reservoir Rd, The Dalles, OR 97058, USA"
ENT-000317,1,env_labs_standardized.csv,City of Titusville - Laboratory Services,,TNI00359,555 S Washington Avenue,Titusville,Florida,,,env_labs,https://titusville.com/,"Lily Galleo, M.B.A, M.N.R",Lily.galleo@titusville.co m,,,,,,no_explicit_gmp,False,found_via_search,extracted,extracted,extracted,extracted,"checked_pages_not_found (pages_checked=4,fetched_ok=4,total_text_chars=21462)",City of Titusville Laboratory Services,True,HQ Lab @ City of Titusville Laboratory Services,28.6095432,-80.80700290000001,google_rooftop,"555 S Washington Ave, Titusville, FL 32796, USA"
ENT-000318,1,env_labs_standardized.csv,City of Waco Regional Water Quality Laboratory,,TNI00170,5701 Lakeshore Drive,Waco,Texas,,,env_labs,https://www.waco-texas.com/,,,,,,,,,,found_via_search,found_via_fallback_search,"no_pages_fetched_ok (pages_checked=1,fetched_ok=0,total_text_chars=0)","no_pages_fetched_ok (pages_checked=1,fetched_ok=0,total_text_chars=0)","no_pages_fetched_ok (pages_checked=1,fetched_ok=0,total_text_chars=0)","no_pages_fetched_ok (pages_checked=1,fetched_ok=0,total_text_chars=0)",City of Waco Regional Water Quality Laboratory,True,HQ Lab @ City of Waco Regional Water Quality Laboratory,31.5476952,-97.20662500000002,google_rooftop,"5701 Lake Shore Dr, Waco, TX 76708, USA"
ENT-000319,1,env_labs_standardized.csv,City of West Palm Beach East Central Wastewater Plant,,TNI00361,4375 Easley Drive,West Palm Beach,Florida,,,env_labs,https://westpalmbeach.prod.govaccess.org/,,,,,,,,,,found_via_search,found_via_fallback_search,"no_pages_fetched_ok (pages_checked=1,fetched_ok=0,total_text_chars=0)","no_pages_fetched_ok (pages_checked=1,fetched_ok=0,total_text_chars=0)","no_pages_fetched_ok (pages_checked=1,fetched_ok=0,total_text_chars=0)","no_pages_fetched_ok (pages_checked=1,fetched_ok=0,total_text_chars=0)",City of West Palm Beach East Central Wastewater Plant,True,HQ Lab @ City of West Palm Beach East Central Wastewater Plant,26.7424011,-80.12928699999999,google_rooftop,"4375 Easley Dr, West Palm Beach, FL 33417, USA"
ENT-000320,1,env_labs_standardized.csv,City of West Palm Beach Public Utilities Water Laboratory,,TNI00362,,West Palm Beach,Florida,,,env_labs,https://www.wpb.org/,,,,,,,,,,found_via_search,found_via_fallback_search,"no_pages_fetched_ok (pages_checked=1,fetched_ok=0,total_text_chars=0)","no_pages_fetched_ok (pages_checked=1,fetched_ok=0,total_text_chars=0)","no_pages_fetched_ok (pages_checked=1,fetched_ok=0,total_text_chars=0)","no_pages_fetched_ok (pages_checked=1,fetched_ok=0,total_text_chars=0)",City of West Palm Beach Public Utilities Water Laboratory,True,HQ Lab @ City of West Palm Beach Public Utilities Water Laboratory,26.7144532,-80.0549456,google_approximate,"West Palm Beach, FL, USA"
ENT-000321,1,env_labs_standardized.csv,City of Wichita Falls Cypress Environmental Laboratory,,TNI00158,4801 Big Ed Neal Drive,Wichita Falls,Texas,,,env_labs,https://www.wichitafallstx.gov/,Hunter Adams,,,,,,,no_explicit_gmp,False,found_via_search,found_via_fallback_search,found_via_fallback_search,"checked_pages_not_found (pages_checked=6,fetched_ok=6,total_text_chars=51037)",extracted,"checked_pages_not_found (pages_checked=6,fetched_ok=6,total_text_chars=51037)",City of Wichita Falls Cypress Environmental Laboratory,True,HQ Lab @ City of Wichita Falls Cypress Environmental Laboratory,33.8669774,-98.5712882,google_rooftop,"4801 Big Ed Neal Dr, Wichita Falls, TX 76310, USA"
ENT-000322,1,env_labs_standardized.csv,City of Winter Park Central Utilities Laboratory,,TNI00364,1409 Howell Branch Road,Winter Park,Florida,,,env_labs,https://cityofwinterpark.org/,,,,,,,,,,found_via_search,found_via_fallback_search,"no_pages_fetched_ok (pages_checked=1,fetched_ok=0,total_text_chars=0)","no_pages_fetched_ok (pages_checked=1,fetched_ok=0,total_text_chars=0)","no_pages_fetched_ok (pages_checked=1,fetched_ok=0,total_text_chars=0)","no_pages_fetched_ok (pages_checked=1,fetched_ok=0,total_text_chars=0)",City of Winter Park Central Utilities Laboratory,True,HQ Lab @ City of Winter Park Central Utilities Laboratory,28.6270331,-81.3354722,google_geometric_center,"1409 Howell Branch Rd, Winter Park, FL 32789, USA"
ENT-000323,1,env_labs_standardized.csv,City of Woodburn,,TNI02229,270 Montgomery Street,Woodburn,Oregon,,,env_labs,https://www.woodburn-or.gov/,,,,,,,,no_explicit_gmp,False,found_via_search,extracted,"checked_pages_not_found (pages_checked=3,fetched_ok=3,total_text_chars=14959)","checked_pages_not_found (pages_checked=3,fetched_ok=3,total_text_chars=14959)",extracted,"checked_pages_not_found (pages_checked=3,fetched_ok=3,total_text_chars=14959)",City of,False,Woodburn Lab @ City of,45.1420089,-122.859422,google_rooftop,"270 Montgomery St, Woodburn, OR 97071, USA"
ENT-000324,1,env_labs_standardized.csv,"CITY OF YONKERS, BUREAU OF WATER'S LABORATORY",,TNI01463,40 South Broadway,YONKERS,New York,,,env_labs,https://www.yonkersny.gov/912/Water-Bureau,Assistant Water Superintendent,,,,,,,no_explicit_gmp,False,found_via_search,extracted,extracted,"checked_pages_not_found (pages_checked=3,fetched_ok=3,total_text_chars=15767)",extracted,"checked_pages_not_found (pages_checked=3,fetched_ok=3,total_text_chars=15767)",CITY OF YONKERS BUREAU OF WATERS LABORATORY,True,HQ Lab @ CITY OF YONKERS BUREAU OF WATERS LABORATORY,40.932083,-73.89786339999999,google_rooftop,"40 S Broadway, Yonkers, NY 10701, USA"
ENT-000325,1,env_labs_standardized.csv,Clackamas River Water Drinking Water Quality Laboratory,,TNI00210,16770 SE 82nd Dr.,Clackamas,Oregon,,,env_labs,https://www.clackamasriverwater.gov/,"Farshad Allahdadi, GM",fallahdadi@crwater.com,,,,,,no_explicit_gmp,False,found_via_search,extracted,extracted,extracted,extracted,"checked_pages_not_found (pages_checked=8,fetched_ok=8,total_text_chars=20982)",Clackamas River Water Drinking Water Quality Laboratory,True,HQ Lab @ Clackamas River Water Drinking Water Quality Laboratory,45.4004504,-122.5687443,google_rooftop,"16770 SE 82nd Dr, Clackamas, OR 97015, USA"
ENT-000326,1,env_labs_standardized.csv,Clackamas Water Environment Services-Water Quality Laboratory,,TNI00209,150 Beavercreek Road  #430,Oregon City,Oregon,,,env_labs,https://www.clackamas.us/wes,Greg Geist,wescustomerservice@clackamas.us,,,,,,no_explicit_gmp,False,found_via_search,extracted,extracted,extracted,extracted,"checked_pages_not_found (pages_checked=8,fetched_ok=8,total_text_chars=26614)",Clackamas Water Environment Services Water Quality Laboratory,True,HQ Lab @ Clackamas Water Environment Services Water Quality Laboratory,45.3340349,-122.5988633,google_rooftop,"150 S Beavercreek Rd Ste 430, Oregon City, OR 97045, USA"
ENT-000327,1,env_labs_standardized.csv,Clay County Utility Authority Environmental Laboratory,,TNI02953,3176 Old Jennings Road,Middleburg,Florida,,,env_labs,https://clayutility.org/,,,,,,,,no_explicit_gmp,False,found_via_search,extracted,"checked_pages_not_found (pages_checked=8,fetched_ok=8,total_text_chars=50323)","checked_pages_not_found (pages_checked=8,fetched_ok=8,total_text_chars=50323)",extracted,"checked_pages_not_found (pages_checked=8,fetched_ok=8,total_text_chars=50323)",Clay County Utility Authority Environmental Laboratory,True,HQ Lab @ Clay County Utility Authority Environmental Laboratory,30.1150946,-81.815208,google_rooftop,"3176 Old Jennings Rd, Middleburg, FL 32068, USA"
ENT-000328,1,env_labs_standardized.csv,"Clean Air Engineering, Inc.",,TNI00173,500 W Wood Street,Palatine,Illinois,,,env_labs,https://www.cleanair.com/,,info@cleanair.com,,,,,,,,found_via_search,found_via_fallback_search,"no_pages_fetched_ok (pages_checked=1,fetched_ok=0,total_text_chars=0)",found_via_fallback_search,"no_pages_fetched_ok (pages_checked=1,fetched_ok=0,total_text_chars=0)","no_pages_fetched_ok (pages_checked=1,fetched_ok=0,total_text_chars=0)",Clean Air Engineering,True,HQ Lab @ Clean Air Engineering,42.1147672,-88.056524,google_rooftop,"500 W Wood St, Palatine, IL 60067, USA"
ENT-000329,1,env_labs_standardized.csv,"Clean Harbors Aragonite, LLC",,TNI01971,11600 North Aptus Road,Dugway,Utah,,,env_labs,https://www.cleanharbors.com/location/aragonite-incineration-facility,,,,,,,,no_explicit_gmp,True,found_via_search,extracted,"checked_pages_not_found (pages_checked=8,fetched_ok=8,total_text_chars=179456)","checked_pages_not_found (pages_checked=8,fetched_ok=8,total_text_chars=179456)",extracted,extracted,Clean Harbors Aragonite,True,HQ Lab @ Clean Harbors Aragonite,40.22105320000001,-112.7444097,google_approximate,"Dugway, UT 84022, USA"
ENT-000330,1,env_labs_standardized.csv,CLEAN HARBORS EAST CORPORATE LABORATORY,,TNI02789,,BALTIMORE,Maryland,,,env_labs,https://www.cleanharbors.com/,,,,,,,,no_explicit_gmp,True,found_via_search,found_via_fallback_search,"checked_pages_not_found (pages_checked=8,fetched_ok=8,total_text_chars=180976)","checked_pages_not_found (pages_checked=8,fetched_ok=8,total_text_chars=180976)",extracted,extracted,CLEAN HARBORS EAST CORPORATE LABORATORY,True,HQ Lab @ CLEAN HARBORS EAST CORPORATE LABORATORY,39.2905023,-76.6104072,google_approximate,"Baltimore, MD, USA"
ENT-000331,1,env_labs_standardized.csv,"Clean Harbors Environmental Services, Inc.",,TNI01972,2247 South Highway 71,Kimball,Nebraska,,,env_labs,https://www.cleanharbors.com/,Alyssa King,king.alyssa@cleanharbors.com,,,,,,no_explicit_gmp,True,found_via_search,found_via_fallback_search,found_via_fallback_search,found_via_fallback_search,extracted,extracted,Clean Harbors Environmental Services,True,HQ Lab @ Clean Harbors Environmental Services,41.1545004,-103.6580591,google_rooftop,"2247 NE-71, Kimball, NE 69145, USA"
ENT-000332,1,env_labs_standardized.csv,"Clean Harbors Grassy Mountain, LLC",,TNI01973,"3 Miles East 7 Miles North of Knolls, Exit 41 off I-80",Clive,Utah,,,env_labs,https://www.cleanharbors.com/location/grassy-mountain-landfill-facility,Shane Whitney,whitney.shane@cleanharbors.com,,,,,,no_explicit_gmp,True,found_via_search,extracted,found_via_fallback_search,found_via_fallback_search,extracted,extracted,Clean Harbors Grassy Mountain,True,HQ Lab @ Clean Harbors Grassy Mountain,40.7442117,-112.6355814,google_geometric_center,"I-80, Utah, USA"
ENT-000333,1,env_labs_standardized.csv,Cloquet Water Laboratory c/o Cloquet City Hall,,TNI01155,101 14th Street,Duluth,Minnesota,,,env_labs,https://www.cloquetmn.gov/,"Ross Biebl, Assistant Director of Public Works",rbiebl@cloquetmn.gov,,,,,,,,found_via_search,found_via_fallback_search,found_via_fallback_search,found_via_fallback_search,"no_pages_fetched_ok (pages_checked=1,fetched_ok=0,total_text_chars=0)","no_pages_fetched_ok (pages_checked=1,fetched_ok=0,total_text_chars=0)",Cloquet Water Laboratory co Cloquet City Hall,True,HQ Lab @ Cloquet Water Laboratory co Cloquet City Hall,46.7701556,-92.08733869999999,google_range_interpolated,"101 14th St S, Duluth, MN 55802, USA"
ENT-000334,1,env_labs_standardized.csv,"CNS, LLC Y-12 Analytical Chemistry Organization Laboratory",,TNI01960,"765 Perimeter Road, K-1065D",Oak Ridge,Tennessee,,,env_labs,https://www.y12.doe.gov/,Kathryn King,Y12Media@y12nsc.doe.gov,,,,,,no_explicit_gmp,False,found_via_search,extracted,extracted,extracted,extracted,"checked_pages_not_found (pages_checked=5,fetched_ok=5,total_text_chars=21545)",CNS,True,HQ Lab @ CNS,35.9373249,-84.4099817,google_rooftop,"765 Perimeter Rd k 1065d, Oak Ridge, TN 37830, USA"
ENT-000335,1,env_labs_standardized.csv,"Coastal Bioanalysts, Inc.",,TNI01257,6400 Enterprise Court,Gloucester,Virginia,,,env_labs,https://www.coastalbio.com/,"Lyndsay Thomas, Technical Director",lyndsay@coastalbio.com,,,,,,no_explicit_gmp,True,found_via_search,extracted,extracted,extracted,extracted,extracted,Coastal Bioanalysts,True,HQ Lab @ Coastal Bioanalysts,37.3641977,-76.5345868,google_rooftop,"6400 Enterprise Ct, Gloucester, VA 23061, USA"
ENT-000336,1,env_labs_standardized.csv,Collier County Pollution Control and Prevention Department Laboratory,,TNI00366,3299 Tamiami Trail East,Naples,Florida,,,env_labs,https://www.collier.gov/,,pollution_control@collier.gov,,,,,,,,found_via_search,found_via_fallback_search,"no_pages_fetched_ok (pages_checked=1,fetched_ok=0,total_text_chars=0)",found_via_fallback_search,"no_pages_fetched_ok (pages_checked=1,fetched_ok=0,total_text_chars=0)","no_pages_fetched_ok (pages_checked=1,fetched_ok=0,total_text_chars=0)",Collier County Pollution Control and Prevention Department Laboratory,True,HQ Lab @ Collier County Pollution Control and Prevention Department Laboratory,26.1279032,-81.7658517,google_geometric_center,"3299 Tamiami Trl E, Naples, FL 34112, USA"
ENT-000337,1,env_labs_standardized.csv,Collier County Regional Water Plant Laboratory,,TNI00367,8005 Vanderbilt Beach Rd Extension,Naples,Florida,,,env_labs,https://www.collier.gov/County-Development/Transportation-Management/Pollution-Control,,,,,,,,,,found_via_search,found_via_fallback_search,"no_pages_fetched_ok (pages_checked=1,fetched_ok=0,total_text_chars=0)","no_pages_fetched_ok (pages_checked=1,fetched_ok=0,total_text_chars=0)","no_pages_fetched_ok (pages_checked=1,fetched_ok=0,total_text_chars=0)","no_pages_fetched_ok (pages_checked=1,fetched_ok=0,total_text_chars=0)",Collier County Regional Water Plant Laboratory,True,HQ Lab @ Collier County Regional Water Plant Laboratory,26.2448663,-81.6780271,google_rooftop,"8005 Vanderbilt Beach Rd, Naples, FL 34120, USA"
ENT-000338,1,env_labs_standardized.csv,Collier County Water Reclamation Laboratory,,TNI00368,,Naples,Florida,,,env_labs,,,,,,,,,,,search_found_nothing,found_via_fallback_search,no_website_cannot_check_pages,no_website_cannot_check_pages,no_website_cannot_check_pages,no_website_cannot_check_pages,Collier County Water Reclamation Laboratory,True,HQ Lab @ Collier County Water Reclamation Laboratory,26.1391777,-81.7955475,google_approximate,"Naples, FL, USA"
ENT-000339,1,env_labs_standardized.csv,Columbia Laboratories - Portland,,TNI02840,,Portland,Oregon,,,env_labs,https://www.columbialaboratories.com/,,info.cfl@tentamus.com,,,,,,no_explicit_gmp,True,found_via_search,extracted,"checked_pages_not_found (pages_checked=5,fetched_ok=5,total_text_chars=26224)",extracted,extracted,extracted,Columbia Laboratories,False,Portland Lab @ Columbia Laboratories,45.515232,-122.6783853,google_approximate,"Portland, OR, USA"
ENT-000340,1,env_labs_standardized.csv,Columbia Laboratories Inc.,,TNI00227,,Portland,Oregon,,,env_labs,https://www.columbialaboratories.com/,,info.cfl@tentamus.com,,,,,,no_explicit_gmp,True,found_via_search,extracted,"checked_pages_not_found (pages_checked=5,fetched_ok=5,total_text_chars=26224)",extracted,extracted,extracted,Columbia Laboratories,False,Portland Lab @ Columbia Laboratories,45.515232,-122.6783853,google_approximate,"Portland, OR, USA"
ENT-000341,1,env_labs_standardized.csv,"COMMUNITY SCIENCE INSTITUTE, INC.",,TNI01779,"95 Brown Road, Room 283",ITHACA,New York,,,env_labs,https://communityscience.org/,Grascen Shidemantle,info@communityscience.org,,,,,,no_explicit_gmp,True,found_via_search,extracted,extracted,extracted,extracted,extracted,COMMUNITY SCIENCE INSTITUTE,True,HQ Lab @ COMMUNITY SCIENCE INSTITUTE,42.4856345,-76.45880939999999,google_rooftop,"95 Brown Rd #283, Ithaca, NY 14850, USA"
ENT-000342,1,env_labs_standardized.csv,Compass Minerals,,TNI01919,9900 W. 109TH ST. SUITE 100,Lyons,Kansas,,,env_labs,https://www.compassminerals.com/,,MediaRelations@compassminerals.com,,,,,,no_explicit_gmp,True,found_via_search,extracted,"checked_pages_not_found (pages_checked=5,fetched_ok=5,total_text_chars=20540)",extracted,extracted,extracted,Compass Minerals,True,HQ Lab @ Compass Minerals,37.8840966,-97.4579248,google_range_interpolated,"9900 W 109th St N #100, Sedgwick, KS 67135, USA"
ENT-000343,1,env_labs_standardized.csv,COMPLETE ENVIRONMENTAL TESTING INC,,TNI00373,,STRATFORD,Connecticut,,,env_labs,https://www.cetlabs.com/,David Ditta,cet1@cetlabs.com,,,,,,no_explicit_gmp,True,found_via_search,extracted,found_via_fallback_search,extracted,extracted,extracted,COMPLETE ENVIRONMENTAL TESTING,True,HQ Lab @ COMPLETE ENVIRONMENTAL TESTING,41.18454149999999,-73.1331651,google_approximate,"Stratford, CT, USA"
ENT-000344,1,env_labs_standardized.csv,CON ED CO OF NY - EH&S CHEMLAB,,TNI01528,4 Irving Place RM 1875,LONG ISLAND CITY,New York,,,env_labs,https://www.coned.com/en,Att. Law Department,dagostinom@coned.com,,,,,,no_explicit_gmp,False,found_via_search,extracted,extracted,found_via_fallback_search,extracted,"checked_pages_not_found (pages_checked=8,fetched_ok=8,total_text_chars=40785)",CON ED CO OF NY EHS CHEMLAB,True,HQ Lab @ CON ED CO OF NY EHS CHEMLAB,40.7341917,-73.98845299999999,google_rooftop,"4 Irving Pl rm 1875, New York, NY 10003, USA"
ENT-000345,1,env_labs_standardized.csv,CONCORD WATER TREATMENT PLANT LABORATORY,,TNI01033,,CONCORD,New Hampshire,,,env_labs,https://www.concordnh.gov/,Marco Philippon,mphilippon@concordnh.gov,,,,,,no_explicit_gmp,False,found_via_search,found_via_fallback_search,found_via_fallback_search,found_via_fallback_search,extracted,"checked_pages_not_found (pages_checked=8,fetched_ok=8,total_text_chars=24668)",CONCORD WATER TREATMENT PLANT LABORATORY,True,HQ Lab @ CONCORD WATER TREATMENT PLANT LABORATORY,43.20622059999999,-71.5398156,google_approximate,"Concord, NH, USA"
ENT-000346,1,env_labs_standardized.csv,CONSOLIDATED LABORATORIES,,TNI01475,,OSWEGO,New York,,,env_labs,,,,,,,,,,,search_found_nothing,no_website_fallback_search_failed,no_website_cannot_check_pages,no_website_cannot_check_pages,no_website_cannot_check_pages,no_website_cannot_check_pages,CONSOLIDATED LABORATORIES,True,HQ Lab @ CONSOLIDATED LABORATORIES,43.45531330000001,-76.51155109999999,google_approximate,"Oswego, NY, USA"
ENT-000347,1,env_labs_standardized.csv,Continental Water Laboratory,,TNI01214,,Sacramento,California,,,env_labs,,,,,,,,,,,search_found_nothing,found_via_fallback_search,no_website_cannot_check_pages,no_website_cannot_check_pages,no_website_cannot_check_pages,no_website_cannot_check_pages,Continental Water Laboratory,True,HQ Lab @ Continental Water Laboratory,38.5781342,-121.4944209,google_approximate,"Sacramento, CA, USA"
ENT-000348,1,env_labs_standardized.csv,CONVERSE LABORATORIES INC,,TNI01594,"800 Starbuck Ave, Suite B101",WATERTOWN,New York,,,env_labs,https://www.converselabs.com/,David J. Converse,customerservice3@converselabs.com,,,,,,no_explicit_gmp,True,found_via_search,extracted,found_via_fallback_search,extracted,extracted,extracted,CONVERSE LABORATORIES,True,HQ Lab @ CONVERSE LABORATORIES,43.9850348,-75.8945703,google_rooftop,"800 Starbuck Ave # B101, Watertown, NY 13601, USA"
ENT-000349,1,env_labs_standardized.csv,Coos Bay-North Bend Water Board,,TNI00212,2305 Ocean Boulevard,Coos Bay,Oregon,,,env_labs,https://cbnbh2o.com/,J. Gregory Solarz,customer_service@cbnbh2o.com,,,,,,no_explicit_gmp,False,found_via_search,extracted,extracted,found_via_fallback_search,extracted,"checked_pages_not_found (pages_checked=8,fetched_ok=8,total_text_chars=35395)",Coos Bay North Bend Water Board,True,HQ Lab @ Coos Bay North Bend Water Board,43.3790999,-124.2403159,google_rooftop,"2305 Ocean Blvd SE, Coos Bay, OR 97420, USA"
ENT-000350,1,env_labs_standardized.csv,"Core Laboratories, LP",,TNI02258,201 Deerwood Glen Dr,Deer Park,Texas,,,env_labs,https://www.corelab.com/,Dan Carlson,Dan.Carlson@corelab.com,,,,,,,,found_via_search,found_via_fallback_search,found_via_fallback_search,found_via_fallback_search,"no_pages_fetched_ok (pages_checked=1,fetched_ok=0,total_text_chars=0)","no_pages_fetched_ok (pages_checked=1,fetched_ok=0,total_text_chars=0)",Core Laboratories,True,HQ Lab @ Core Laboratories,29.7080241,-95.1404656,google_rooftop,"201 Deerwood Glen Dr, Deer Park, TX 77536, USA"
ENT-000351,1,env_labs_standardized.csv,Cornwell Engineering Group Laboratory,,TNI01753,712 Gum Rock Ct,Newport News,Virginia,,,env_labs,https://www.cornwellinc.com/,Dr. David A. Cornwell,info@cornwellinc.com,,,,,,no_explicit_gmp,True,found_via_search,extracted,extracted,extracted,extracted,extracted,Cornwell Engineering Group Laboratory,True,HQ Lab @ Cornwell Engineering Group Laboratory,37.0877853,-76.4779448,google_rooftop,"712 Gum Rock Ct, Newport News, VA 23606, USA"
ENT-000352,1,env_labs_standardized.csv,Corpus Christi - Nueces County Public Health District Laboratory,,TNI00117,1702 Horne Road,Corpus Christi,Texas,,,env_labs,https://www.corpuschristitx.gov/,"Dr. Anita K. Kurian, MBBS, MPH, DrPH",YourPublicHealth@CorpusChristiTX.gov,,,,,,no_explicit_gmp,False,found_via_search,found_via_fallback_search,found_via_fallback_search,found_via_fallback_search,extracted,"checked_pages_not_found (pages_checked=8,fetched_ok=8,total_text_chars=154656)",Corpus Christi Nueces County Public Health District Laboratory,True,HQ Lab @ Corpus Christi Nueces County Public Health District Laboratory,27.7587852,-97.4298824,google_rooftop,"1702 Horne Rd, Corpus Christi, TX 78416, USA"
ENT-000353,1,env_labs_standardized.csv,"Cove Environmental, LLC.",,TNI02371,3400 West Lakeview Rd,Stillwater,Oklahoma,,,env_labs,https://covesciences.com/,"JUSTIN SCOTT, PhD – Laboratory Director & Principal Ecotoxicologist",info@covesciences.com,,,,,,no_explicit_gmp,True,found_via_search,extracted,extracted,extracted,extracted,extracted,Cove Environmental,True,HQ Lab @ Cove Environmental,36.1464049,-97.1033549,google_rooftop,"3400 W Lakeview Rd, Stillwater, OK 74075, USA"
ENT-000354,1,env_labs_standardized.csv,"Crisp Analytical Labs, LLC",,TNI02238,"1929 Old Denton Rd., Carrollton, Tx 75006",Carrollton,Texas,,,env_labs,https://www.calabsinc.com/,,calabsdallas@calabsinc.com,,,,,,no_explicit_gmp,True,found_via_search,extracted,"checked_pages_not_found (pages_checked=8,fetched_ok=8,total_text_chars=16839)",extracted,extracted,extracted,Crisp Analytical Labs,True,HQ Lab @ Crisp Analytical Labs,32.9657482,-96.9134704,google_rooftop,"1929 Old Denton Rd, Carrollton, TX 75006, USA"
ENT-000355,1,env_labs_standardized.csv,"CS Laboratories, Inc.",,TNI02471,,Tigard,Oregon,,,env_labs,https://www.cslaboratories.com/,,,,,,,,,,found_via_search,found_via_fallback_search,"no_pages_fetched_ok (pages_checked=1,fetched_ok=0,total_text_chars=0)","no_pages_fetched_ok (pages_checked=1,fetched_ok=0,total_text_chars=0)","no_pages_fetched_ok (pages_checked=1,fetched_ok=0,total_text_chars=0)","no_pages_fetched_ok (pages_checked=1,fetched_ok=0,total_text_chars=0)",CS Laboratories,True,HQ Lab @ CS Laboratories,45.4269289,-122.7783874,google_approximate,"Tigard, OR, USA"
ENT-000356,1,env_labs_standardized.csv,"CSRA Analytical Laboratories, Inc.",,TNI00375,"1005 Emmett Street, Ste. D",Augusta,Georgia,,,env_labs,https://www.csralabs.com/,,csralabs@bellsouth.net,,,,,,explicit_gmp,True,found_via_search,extracted,"checked_pages_not_found (pages_checked=4,fetched_ok=4,total_text_chars=6551)",extracted,found_via_fallback_search,extracted,CSRA Analytical Laboratories,True,HQ Lab @ CSRA Analytical Laboratories,33.4743319,-81.9954447,google_rooftop,"1005 Emmett St Ste d, Augusta, GA 30904, USA"
ENT-000357,1,env_labs_standardized.csv,CT Laboratories LLC,,TNI02181,1230 Lange Court,Baraboo,Wisconsin,,,env_labs,https://www.ctlaboratories.com/,Rebecca Duranceau,QA@ctlaboratories.com,,,,,,no_explicit_gmp,True,found_via_search,extracted,extracted,extracted,extracted,extracted,CT Laboratories,True,HQ Lab @ CT Laboratories,43.4616532,-89.76502239999999,google_rooftop,"1230 Lange Ct, Baraboo, WI 53913, USA"
ENT-000358,1,env_labs_standardized.csv,Culligan Analytical Laboratory,,TNI02028,9399 W Higgins Road Suite 1100,Rosemont,Illinois,,,env_labs,https://www.culligan.com/commercial/water-testing/culligan-lab,Maria Mozdzen,media@culligan.com,,,,,,no_explicit_gmp,True,found_via_search,extracted,found_via_fallback_search,extracted,extracted,extracted,Culligan Analytical Laboratory,True,HQ Lab @ Culligan Analytical Laboratory,41.98875169999999,-87.8577413,google_rooftop,"9399 W Higgins Rd #1100, Rosemont, IL 60018, USA"
ENT-000359,1,env_labs_standardized.csv,CWM CHEMICAL SERVICES LLC,,TNI01685,1550 Balmer Rd,MODEL CITY,New York,,,env_labs,,,,,,,,,,,search_found_nothing,found_via_fallback_search,no_website_cannot_check_pages,no_website_cannot_check_pages,no_website_cannot_check_pages,no_website_cannot_check_pages,CWM CHEMICAL SERVICES,True,HQ Lab @ CWM CHEMICAL SERVICES,43.230947,-78.9756658,google_range_interpolated,"1550 Balmer Rd, Youngstown, NY 14174, USA"
ENT-000360,1,env_labs_standardized.csv,Dallas County Park Cities Municipal Utility District,,TNI00166,1811 Regal Row,Dallas,Texas,,,env_labs,https://parkcitieswater.com/,"Hector Ortiz , General Manager",[email protected],,,,,,no_explicit_gmp,False,found_via_search,extracted,extracted,extracted,extracted,"checked_pages_not_found (pages_checked=8,fetched_ok=8,total_text_chars=41758)",Dallas County Park Cities Municipal Utility District,True,HQ Lab @ Dallas County Park Cities Municipal Utility District,32.8387896,-96.8702833,google_geometric_center,"1811 Regal Row, Dallas, TX 75247, USA"
ENT-000361,1,env_labs_standardized.csv,Dallas Water Utilities - PALS Analytical Laboratory,,TNI02368,"1020 Sargent Road, Building #27",Dallas,Texas,,,env_labs,https://dallas.gov/departments/waterutilities/Pages/default.aspx,"Yi Zhang, Interim Lab Supervisor",Yi.Zhang@dallas.gov,,,,,,,,found_via_search,found_via_fallback_search,found_via_fallback_search,found_via_fallback_search,"no_pages_fetched_ok (pages_checked=1,fetched_ok=0,total_text_chars=0)","no_pages_fetched_ok (pages_checked=1,fetched_ok=0,total_text_chars=0)",Dallas Water Utilities PALS Analytical Laboratory,True,HQ Lab @ Dallas Water Utilities PALS Analytical Laboratory,32.7359971,-96.7728919,google_rooftop,"1020 Sargent Rd Bldg 27, Dallas, TX 75203, USA"
ENT-000362,1,env_labs_standardized.csv,DARRIN FRESH WATER INSTITUTE,,TNI01596,5060 Lake Shore Dr.,BOLTON LANDING,New York,,,env_labs,https://dfwi.rpi.edu/,,dfwi@rpi.edu,,,,,,,,found_via_search,found_via_fallback_search,"no_pages_fetched_ok (pages_checked=1,fetched_ok=0,total_text_chars=0)",found_via_fallback_search,"no_pages_fetched_ok (pages_checked=1,fetched_ok=0,total_text_chars=0)","no_pages_fetched_ok (pages_checked=1,fetched_ok=0,total_text_chars=0)",DARRIN FRESH WATER INSTITUTE,True,HQ Lab @ DARRIN FRESH WATER INSTITUTE,43.5637526,-73.65216,google_rooftop,"5060 Lake Shore Dr, Bolton Landing, NY 12814, USA"
ENT-000363,1,env_labs_standardized.csv,Davis County Environmental Health Laboratory,,TNI01975,22 South State Street,Clearfield,Utah,,,env_labs,https://www.co.davis.ut.us/health,"Brian E. Hatch, MPH",DCEnvHealth@daviscountyutah.gov,,,,,,no_explicit_gmp,False,found_via_search,extracted,extracted,found_via_fallback_search,extracted,"checked_pages_not_found (pages_checked=8,fetched_ok=8,total_text_chars=56911)",Davis County Environmental Health Laboratory,True,HQ Lab @ Davis County Environmental Health Laboratory,41.1129249,-112.0264784,google_rooftop,"22 State St, Clearfield, UT 84015, USA"
ENT-000364,1,env_labs_standardized.csv,Davy Laboratories,,TNI01089,115 6th Street South,La Crosse,Wisconsin,,,env_labs,https://www.davylaboratories.com/,Lab Director Cody Ritchie,info@davyinc.com,,,,,,no_explicit_gmp,True,found_via_search,extracted,extracted,extracted,extracted,extracted,Davy Laboratories,True,HQ Lab @ Davy Laboratories,43.81121599999999,-91.2477794,google_rooftop,"115 6th St S, La Crosse, WI 54601, USA"
ENT-000365,1,env_labs_standardized.csv,"DB Environmental Laboratories, Inc.",,TNI00379,"414 Richard Road, Suite 1",Rockledge,Florida,,,env_labs,,,,,,,,,,,search_found_nothing,found_via_fallback_search,no_website_cannot_check_pages,no_website_cannot_check_pages,no_website_cannot_check_pages,no_website_cannot_check_pages,DB Environmental Laboratories,True,HQ Lab @ DB Environmental Laboratories,28.325906,-80.73133720000001,google_rooftop,"414 Richard Rd #1, Rockledge, FL 32955, USA"
ENT-000366,1,env_labs_standardized.csv,"Deibel BioScience of Oregon, LLC",,TNI02463,,Hood River,Oregon,,,env_labs,,,,,,,,,,,search_found_nothing,found_via_fallback_search,no_website_cannot_check_pages,no_website_cannot_check_pages,no_website_cannot_check_pages,no_website_cannot_check_pages,Deibel BioScience of Oregon,True,HQ Lab @ Deibel BioScience of Oregon,45.70885699999999,-121.5122706,google_approximate,"Hood River, OR 97031, USA"
ENT-000367,1,env_labs_standardized.csv,Delaware State University Water Analysis Group,,TNI02697,,Dover,Delaware,,,env_labs,https://www.desu.edu/,Dr. Kimberly Milligan,,,,,,,no_explicit_gmp,False,found_via_search,"checked_pages_not_found (pages_checked=8,fetched_ok=8,total_text_chars=156929)",found_via_fallback_search,"checked_pages_not_found (pages_checked=8,fetched_ok=8,total_text_chars=156929)",extracted,"checked_pages_not_found (pages_checked=8,fetched_ok=8,total_text_chars=156929)",Delaware State University Water Analysis Group,True,HQ Lab @ Delaware State University Water Analysis Group,39.158168,-75.5243682,google_approximate,"Dover, DE, USA"
ENT-000368,1,env_labs_standardized.csv,"Department of Water Supply, County of Maui",,TNI01216,"200 S. High Street Kalana O Maui Building, 5th Floor",Kahului,Hawaii,,,env_labs,https://www.mauicounty.gov/226/Department-of-Water-Supply,"John Stufflebean, P.E.",,,,,,,no_explicit_gmp,False,found_via_search,extracted,extracted,"checked_pages_not_found (pages_checked=8,fetched_ok=8,total_text_chars=22436)",extracted,"checked_pages_not_found (pages_checked=8,fetched_ok=8,total_text_chars=22436)",Department of Water Supply County of Maui,True,HQ Lab @ Department of Water Supply County of Maui,20.8855274,-156.5039764,google_rooftop,"200 S High St, Wailuku, HI 96793, USA"
ENT-000369,1,env_labs_standardized.csv,Derby Municipal Wastewater Laboratory,,TNI01888,1501 S. K-15 Hwy,Derby,Kansas,,,env_labs,https://www.derbyks.gov/254/Wastewater,Tony Koerner,tonykoerner@derbyks.gov,,,,,,no_explicit_gmp,False,found_via_search,extracted,extracted,found_via_fallback_search,extracted,"checked_pages_not_found (pages_checked=5,fetched_ok=5,total_text_chars=29785)",Derby Municipal Wastewater Laboratory,True,HQ Lab @ Derby Municipal Wastewater Laboratory,37.584506,-97.281907,google_geometric_center,"N K-15 Hwy, Derby, KS 67037, USA"
ENT-000370,1,env_labs_standardized.csv,DERRY WASTEWATER TREATMENT PLANT,,TNI01034,43 Transfer Lane,DERRY,New Hampshire,,,env_labs,https://www.derrynh.gov/wastewater-sewer,"Michael Fowler, PE, Director of Public Works",mikefowler@derrynh.org,,,,,,,,found_via_search,found_via_fallback_search,found_via_fallback_search,found_via_fallback_search,"no_pages_fetched_ok (pages_checked=1,fetched_ok=0,total_text_chars=0)","no_pages_fetched_ok (pages_checked=1,fetched_ok=0,total_text_chars=0)",DERRY WASTEWATER TREATMENT PLANT,True,HQ Lab @ DERRY WASTEWATER TREATMENT PLANT,42.8693627,-71.3308551,google_range_interpolated,"43 Transfer Ln, Derry, NH 03038, USA"
ENT-000371,1,env_labs_standardized.csv,Desert Research Institute - Environmental Analysis Facility,,TNI00062,2215 Raggio Parkway,Reno,Nevada,,,env_labs,https://www.dri.edu/labs/eaf/,"Dr. Judith Chow Director, Environmental Analysis Facility (EAF)",Judith.Chow@dri.edu,,,,,,no_explicit_gmp,True,found_via_search,extracted,extracted,extracted,extracted,extracted,Desert Research Institute Environmental Analysis Facility,True,HQ Lab @ Desert Research Institute Environmental Analysis Facility,39.5720448,-119.8011772,google_rooftop,"2215 Raggio Pkwy, Reno, NV 89512, USA"
ENT-000372,1,env_labs_standardized.csv,"Destin Water Users, Inc.",,TNI00380,,Destin,Florida,,,env_labs,https://dwuinc.com/,,cs@dwuinc.com,,,,,,,,found_via_search,found_via_fallback_search,"no_pages_fetched_ok (pages_checked=1,fetched_ok=0,total_text_chars=0)",found_via_fallback_search,"no_pages_fetched_ok (pages_checked=1,fetched_ok=0,total_text_chars=0)","no_pages_fetched_ok (pages_checked=1,fetched_ok=0,total_text_chars=0)",Destin Water Users,True,HQ Lab @ Destin Water Users,30.389606,-86.48362340000001,google_approximate,"Destin, FL 32541, USA"
ENT-000373,1,env_labs_standardized.csv,DFW Environmental Laboratories,,TNI02714,1225 West College Ave Suite 430,Carrollton,Texas,,,env_labs,https://dfwelabs.com/,Jeff Bullard,jeff.bullard@dfwelabs.com,,,,,,no_explicit_gmp,True,found_via_search,extracted,found_via_fallback_search,extracted,extracted,extracted,DFW Environmental Laboratories,True,HQ Lab @ DFW Environmental Laboratories,32.9532241,-96.91315709999999,google_rooftop,"1225 W College Ave Ste 430, Carrollton, TX 75006, USA"
ENT-000374,1,env_labs_standardized.csv,DIST WATER QUAL OPS NYCDEP DISTRIBUTION LAB,,TNI01602,,CORONA,New York,,,env_labs,,,,,,,,,,,search_found_nothing,found_via_fallback_search,no_website_cannot_check_pages,no_website_cannot_check_pages,no_website_cannot_check_pages,no_website_cannot_check_pages,DIST WATER QUAL OPS NYCDEP DISTRIBUTION LAB,True,HQ Lab @ DIST WATER QUAL OPS NYCDEP DISTRIBUTION LAB,40.7449859,-73.8642613,google_approximate,"Corona, Queens, NY, USA"
ENT-000375,1,env_labs_standardized.csv,"Diversified Environmental Laboratories, Inc.",,TNI00381,"3653 Regent Blvd., Suite 509",Jacksonville,Florida,,,env_labs,https://delilab.com/,"Frank Risk, Laboratory Director",frank.risk@delilab.com,,,,,,no_explicit_gmp,True,found_via_search,extracted,extracted,extracted,extracted,extracted,Diversified Environmental Laboratories,True,HQ Lab @ Diversified Environmental Laboratories,30.2809933,-81.5061302,google_rooftop,"3653 Regent Blvd Ste 509, Jacksonville, FL 32224, USA"
ENT-000376,1,env_labs_standardized.csv,Division of Consolidated Laboratory Services,,TNI01359,,Richmond,Virginia,,,env_labs,https://dgs.virginia.gov/division-of-consolidated-laboratory-services,,,,,,,,no_explicit_gmp,False,found_via_search,found_via_fallback_search,"checked_pages_not_found (pages_checked=1,fetched_ok=1,total_text_chars=3703)","checked_pages_not_found (pages_checked=1,fetched_ok=1,total_text_chars=3703)",extracted,"checked_pages_not_found (pages_checked=1,fetched_ok=1,total_text_chars=3703)",Division of Consolidated Laboratory Services,True,HQ Lab @ Division of Consolidated Laboratory Services,37.5407246,-77.4360481,google_approximate,"Richmond, VA, USA"
ENT-000377,1,env_labs_standardized.csv,Dodge City Municipal Wastewater Laboratory,,TNI01889,100 Chaffin Road,Dodge City,Kansas,,,env_labs,https://www.dodgecity.org/,,,,,,,,no_explicit_gmp,False,found_via_search,extracted,"checked_pages_not_found (pages_checked=3,fetched_ok=3,total_text_chars=8013)","checked_pages_not_found (pages_checked=3,fetched_ok=3,total_text_chars=8013)",extracted,"checked_pages_not_found (pages_checked=3,fetched_ok=3,total_text_chars=8013)",Dodge City Municipal Wastewater Laboratory,True,HQ Lab @ Dodge City Municipal Wastewater Laboratory,37.7712312,-99.94462829999999,google_rooftop,"100 Chaffin Rd, Dodge City, KS 67801, USA"
ENT-000378,1,env_labs_standardized.csv,DOH-EPH Orange Water Testing Laboratory,,TNI02901,"1001 Executive Center Drive, Suite 200",Orlando,Florida,,,env_labs,,,,,,,,,,,search_found_nothing,found_via_fallback_search,no_website_cannot_check_pages,no_website_cannot_check_pages,no_website_cannot_check_pages,no_website_cannot_check_pages,DOH EPH Orange Water Testing Laboratory,True,HQ Lab @ DOH EPH Orange Water Testing Laboratory,28.5596642,-81.34221889999999,google_rooftop,"1001 Executive Center Dr Ste 200, Orlando, FL 32803, USA"
ENT-000379,1,env_labs_standardized.csv,Don A. Christiansen Regional Water Treatment Plant Laboratory,,TNI02010,,Orem,Utah,,,env_labs,https://www.cuwcd.com/,"Erik D. Cram, Ph.D.",erik@cuwcd.com,,,,,,,,found_via_search,found_via_fallback_search,found_via_fallback_search,found_via_fallback_search,"no_pages_fetched_ok (pages_checked=1,fetched_ok=0,total_text_chars=0)","no_pages_fetched_ok (pages_checked=1,fetched_ok=0,total_text_chars=0)",Don A Christiansen Regional Water Treatment Plant Laboratory,True,HQ Lab @ Don A Christiansen Regional Water Treatment Plant Laboratory,40.2968979,-111.6946475,google_approximate,"Orem, UT, USA"
ENT-000380,1,env_labs_standardized.csv,Dr. Roy L. Virgin West Water Treatment Lab,,TNI00335,,Miramar,Florida,,,env_labs,https://www.miramarfl.gov/Departments/Utilities/WaterQuality,Dr. Roy L. Virgin,rvirgin@miramarfl.gov,,,,,,,,found_via_search,found_via_fallback_search,found_via_fallback_search,found_via_fallback_search,"no_pages_fetched_ok (pages_checked=1,fetched_ok=0,total_text_chars=0)","no_pages_fetched_ok (pages_checked=1,fetched_ok=0,total_text_chars=0)",Dr Roy L Virgin West Water Treatment Lab,True,HQ Lab @ Dr Roy L Virgin West Water Treatment Lab,25.9860762,-80.30356019999999,google_approximate,"Miramar, FL, USA"
ENT-000381,1,env_labs_standardized.csv,Drinking Water and Radiation Laboratory,,TNI02708,,Richmond,California,,,env_labs,https://www.cdph.ca.gov/Programs/cls/dehl/dwrl/Pages/DWRLB_Main.aspx,"Shiyamalie Ruberu, Ph.D.",,,,,,,,,found_via_search,found_via_fallback_search,found_via_fallback_search,"no_pages_fetched_ok (pages_checked=1,fetched_ok=0,total_text_chars=0)","no_pages_fetched_ok (pages_checked=1,fetched_ok=0,total_text_chars=0)","no_pages_fetched_ok (pages_checked=1,fetched_ok=0,total_text_chars=0)",Drinking Water and Radiation Laboratory,True,HQ Lab @ Drinking Water and Radiation Laboratory,37.9374723,-122.3432717,google_approximate,"Richmond, CA, USA"
ENT-000382,1,env_labs_standardized.csv,Duchesne Valley Water Treatment Plant Laboratory,,TNI01976,23419 West State Park Rd,Duchesne,Utah,,,env_labs,https://cuwcd.gov/,,,,,,,,no_explicit_gmp,False,found_via_search,extracted,"checked_pages_not_found (pages_checked=2,fetched_ok=2,total_text_chars=1702)","checked_pages_not_found (pages_checked=2,fetched_ok=2,total_text_chars=1702)",extracted,"checked_pages_not_found (pages_checked=2,fetched_ok=2,total_text_chars=1702)",Duchesne Valley Water Treatment Plant Laboratory,True,HQ Lab @ Duchesne Valley Water Treatment Plant Laboratory,40.1632913,-110.4029329,google_approximate,"Duchesne, UT 84021, USA"
ENT-000383,1,env_labs_standardized.csv,Duke Energy Analytical Laboratory,,TNI03053,13339 Hagers Ferry Road,Huntersville,North Carolina,,,env_labs,,,,,,,,,,,search_found_nothing,found_via_fallback_search,no_website_cannot_check_pages,no_website_cannot_check_pages,no_website_cannot_check_pages,no_website_cannot_check_pages,Duke Energy Analytical Laboratory,True,HQ Lab @ Duke Energy Analytical Laboratory,35.4381928,-80.94185449999999,google_geometric_center,"13339 Hagers Ferry Rd, Huntersville, NC 28078, USA"
ENT-000384,1,env_labs_standardized.csv,DUNKIRK WATER TREATMENT PLANT LAB,,TNI01482,,DUNKIRK,New York,,,env_labs,,,,,,,,,,,search_found_nothing,found_via_fallback_search,no_website_cannot_check_pages,no_website_cannot_check_pages,no_website_cannot_check_pages,no_website_cannot_check_pages,DUNKIRK WATER TREATMENT PLANT LAB,True,HQ Lab @ DUNKIRK WATER TREATMENT PLANT LAB,42.4795019,-79.3339324,google_approximate,"Dunkirk, NY, USA"
ENT-000385,1,env_labs_standardized.csv,DUNKIRK WWTP LAB,,TNI01462,342 Central Avenue,DUNKIRK,New York,,,env_labs,https://www.cityofdunkirk.com/,"William J. Moore, Jr.",info@cityofdunkirk.com,,,,,,no_explicit_gmp,False,found_via_search,extracted,found_via_fallback_search,extracted,extracted,"checked_pages_not_found (pages_checked=7,fetched_ok=7,total_text_chars=28179)",DUNKIRK WWTP LAB,True,HQ Lab @ DUNKIRK WWTP LAB,42.4834594,-79.33401990000002,google_rooftop,"342 Central Ave, Dunkirk, NY 14048, USA"
ENT-000386,1,env_labs_standardized.csv,DUNN PAPER - NATURAL DAM INC.,,TNI01458,4921 State Route 58N,GOUVERNEUR,New York,,,env_labs,https://www.dunnpaper.com/,Marco L'Italien,litalienm@bioriginsp.com,,,,,,,,found_via_search,found_via_fallback_search,found_via_fallback_search,found_via_fallback_search,"no_pages_fetched_ok (pages_checked=1,fetched_ok=0,total_text_chars=0)","no_pages_fetched_ok (pages_checked=1,fetched_ok=0,total_text_chars=0)",DUNN PAPER NATURAL DAM,True,HQ Lab @ DUNN PAPER NATURAL DAM,44.33672809999999,-75.462993,google_approximate,"Gouverneur, NY 13642, USA"
ENT-000387,1,env_labs_standardized.csv,DUREZ CORPORATION - NIAGARA FALLS PLANT,,TNI01836,4400 Haggerty Road,NIAGARA FALLS,New York,,,env_labs,https://www.sbhpp.com/,Rod Taylor,,,,,,,no_explicit_gmp,True,found_via_search,extracted,found_via_fallback_search,"checked_pages_not_found (pages_checked=8,fetched_ok=6,total_text_chars=35724)",extracted,extracted,DUREZ,True,HQ Lab @ DUREZ,43.0962143,-79.0377388,google_approximate,"Niagara Falls, NY, USA"
ENT-000388,1,env_labs_standardized.csv,"EA Engineering, Science, and Technology - Ecotoxicology Laboratory",,TNI00383,"225 Schilling Circle, Suite 400",Hunt Valley,Maryland,,,env_labs,https://eaest.com/,Mike Chanov,mchanov@eaest.com,,,,,,,,found_via_search,found_via_fallback_search,found_via_fallback_search,found_via_fallback_search,"no_pages_fetched_ok (pages_checked=1,fetched_ok=0,total_text_chars=0)","no_pages_fetched_ok (pages_checked=1,fetched_ok=0,total_text_chars=0)",EA Engineering Science and Technology Ecotoxicology Laboratory,True,HQ Lab @ EA Engineering Science and Technology Ecotoxicology Laboratory,39.4906539,-76.66372679999999,google_rooftop,"225 Schilling Cir #400, Hunt Valley, MD 21031, USA"
ENT-000389,1,env_labs_standardized.csv,"Earth Analytical Sciences, Inc.",,TNI00078,4825 Ward Drive,Beaumont,Texas,,,env_labs,https://earthanalytical.com/,,aemerson@earthanalytical.com,,,,,,no_explicit_gmp,True,found_via_search,extracted,"checked_pages_not_found (pages_checked=8,fetched_ok=8,total_text_chars=21195)",found_via_fallback_search,extracted,extracted,Earth Analytical Sciences,True,HQ Lab @ Earth Analytical Sciences,30.0404859,-94.1282597,google_rooftop,"4825 Ward Dr, Beaumont, TX 77705, USA"
ENT-000390,1,env_labs_standardized.csv,EAS INC - EASTERN ANALYTICAL SERVICES INC,,TNI01614,4 Westchester Plaza,ELMSFORD,New York,,,env_labs,https://easinc.com/,Ernest Sanchez,lab@easinc.com,,,,,,no_explicit_gmp,True,found_via_search,extracted,found_via_fallback_search,found_via_fallback_search,extracted,extracted,EAS,True,HQ Lab @ EAS,41.0468847,-73.8239589,google_rooftop,"4 Westchester Plaza, Elmsford, NY 10523, USA"
ENT-000391,1,env_labs_standardized.csv,EASI LLC,,TNI01382,,Kenner,Louisiana,,,env_labs,,,,,,,,,,,search_found_nothing,found_via_fallback_search,no_website_cannot_check_pages,no_website_cannot_check_pages,no_website_cannot_check_pages,no_website_cannot_check_pages,EASI,True,HQ Lab @ EASI,29.9940924,-90.2417434,google_approximate,"Kenner, LA, USA"
ENT-000392,1,env_labs_standardized.csv,"Eastern Research Group, Inc.",,TNI00384,,Morrisville,North Carolina,,,env_labs,https://www.erg.com/,,,,,,,,no_explicit_gmp,True,found_via_search,found_via_fallback_search,"checked_pages_not_found (pages_checked=8,fetched_ok=8,total_text_chars=89542)","checked_pages_not_found (pages_checked=8,fetched_ok=8,total_text_chars=89542)",extracted,extracted,Eastern Research Group,True,HQ Lab @ Eastern Research Group,35.823483,-78.8255621,google_approximate,"Morrisville, NC, USA"
ENT-000393,1,env_labs_standardized.csv,"Eastex Environmental Laboratory, Inc. - Coldspring",,TNI00065,35 Eastex Ln,Coldspring,Texas,,,env_labs,https://www.eastexlabs.com/,Pam Hickman,office@eastexlabs.com,,,,,,no_explicit_gmp,True,found_via_search,extracted,found_via_fallback_search,extracted,extracted,extracted,Eastex Environmental Laboratory,False,Coldspring Lab @ Eastex Environmental Laboratory,30.5847207,-95.1347274,google_rooftop,"35 Eastex Ln, Coldspring, TX 77331, USA"
ENT-000394,1,env_labs_standardized.csv,"Eastex Environmental Laboratory, Nacogdoches",,TNI00098,1119 S University Dr,Nacogdoches,Texas,,,env_labs,https://www.eastexlabs.com/,,office@eastexlabs.com,,,,,,no_explicit_gmp,True,found_via_search,extracted,"checked_pages_not_found (pages_checked=8,fetched_ok=8,total_text_chars=21046)",extracted,extracted,extracted,Eastex Environmental Laboratory,False,Nacogdoches Lab @ Eastex Environmental Laboratory,31.5904773,-94.6463739,google_rooftop,"1119 S University Dr, Nacogdoches, TX 75961, USA"
ENT-000395,1,env_labs_standardized.csv,"Eastman Chemical Company, Environmental Laboratory, Texas Operations",,TNI03078,300 Kodak Blvd,Longview,Texas,,,env_labs,https://www.eastman.com/,,maralaporte@eastman.com,,,,,,explicit_gmp,False,found_via_search,found_via_fallback_search,"checked_pages_not_found (pages_checked=8,fetched_ok=8,total_text_chars=70546)",found_via_fallback_search,found_via_fallback_search,"checked_pages_not_found (pages_checked=8,fetched_ok=8,total_text_chars=70546)",Eastman Chemical Company Environmental Laboratory Texas Operations,True,HQ Lab @ Eastman Chemical Company Environmental Laboratory Texas Operations,32.43729709999999,-94.7025125,google_rooftop,"300 Kodak Blvd, Longview, TX 75602, USA"
ENT-000396,1,env_labs_standardized.csv,Eberline Analytical Corporation,,TNI01978,601A Scarboro Road,Oak Ridge,Tennessee,,,env_labs,https://eberlineanalytical.com/,Ethan Getgood Laboratory Director,info@eberlineanalytical.com,,,,,,no_explicit_gmp,True,found_via_search,extracted,extracted,found_via_fallback_search,extracted,extracted,Eberline Analytical,True,HQ Lab @ Eberline Analytical,35.9978966,-84.23782109999999,google_rooftop,"601 Scarboro Rd, Oak Ridge, TN 37830, USA"
ENT-000397,1,env_labs_standardized.csv,ECOBAT RESOURCES NY QUALITY CONTROL LABORATORY,,TNI02394,65 Ballard Road,MIDDLETOWN,New York,,,env_labs,https://ecobat.com/location/ecobat-resources-new-york-middletown/,,,,,,,,no_explicit_gmp,True,found_via_search,extracted,"checked_pages_not_found (pages_checked=8,fetched_ok=8,total_text_chars=34947)","checked_pages_not_found (pages_checked=8,fetched_ok=8,total_text_chars=34947)",extracted,extracted,ECOBAT RESOURCES NY QUALITY CONTROL LABORATORY,True,HQ Lab @ ECOBAT RESOURCES NY QUALITY CONTROL LABORATORY,41.4611696,-74.3602667,google_rooftop,"65 Ballard Rd, Middletown, NY 10941, USA"
ENT-000398,1,env_labs_standardized.csv,Ecolytix Environmental Laboratory,,TNI03011,,Stuart,Florida,,,env_labs,https://ecolytixlabs.com/,Frances Endicott CEO,,,,,,,no_explicit_gmp,True,found_via_search,found_via_fallback_search,extracted,"checked_pages_not_found (pages_checked=1,fetched_ok=1,total_text_chars=12351)",extracted,extracted,Ecolytix Environmental Laboratory,True,HQ Lab @ Ecolytix Environmental Laboratory,27.197548,-80.2528257,google_approximate,"Stuart, FL, USA"
ENT-000399,1,env_labs_standardized.csv,Ecosystems Research Inst Laboratory,,TNI02002,975 S State Hwy 89/91,Logan,Utah,,,env_labs,https://www.ecosystemsresearch.com/,,,,,,,,,,found_via_search,found_via_fallback_search,"no_pages_fetched_ok (pages_checked=1,fetched_ok=0,total_text_chars=0)","no_pages_fetched_ok (pages_checked=1,fetched_ok=0,total_text_chars=0)","no_pages_fetched_ok (pages_checked=1,fetched_ok=0,total_text_chars=0)","no_pages_fetched_ok (pages_checked=1,fetched_ok=0,total_text_chars=0)",Ecosystems Research Inst Laboratory,True,HQ Lab @ Ecosystems Research Inst Laboratory,41.7140645,-111.8373604,google_geometric_center,"US-89, Logan, UT, USA"
ENT-000400,1,env_labs_standardized.csv,"EDEN LABORATORY, INC",,TNI02978,,SCHENECTADY,New York,,,env_labs,,,,,,,,,,,search_found_nothing,found_via_fallback_search,no_website_cannot_check_pages,no_website_cannot_check_pages,no_website_cannot_check_pages,no_website_cannot_check_pages,EDEN LABORATORY,True,HQ Lab @ EDEN LABORATORY,42.8143509,-73.93874199999999,google_approximate,"Schenectady, NY, USA"
ENT-000401,1,env_labs_standardized.csv,Edwards Aquifer Research and Data Center,,TNI00165,220 E. Sessom Dr. 248 Freeman Aquatic Building,San Marcos,Texas,,,env_labs,https://www.eardc.txst.edu/,Dr. Benjamin Hutchins,bh1333@txstate.edu,,,,,,no_explicit_gmp,False,found_via_search,extracted,extracted,extracted,extracted,"checked_pages_not_found (pages_checked=8,fetched_ok=8,total_text_chars=25708)",Edwards Aquifer Research and Data Center,True,HQ Lab @ Edwards Aquifer Research and Data Center,29.8896904,-97.9357788,google_rooftop,"Freeman Aquatic Biology, 220 E Sessom Dr, San Marcos, TX 78666, USA"
ENT-000402,1,env_labs_standardized.csv,El Dorado Wetlands & Water Reclamation Facility,,TNI01892,105 Wetlands Dr.,El Dorado,Kansas,,,env_labs,https://www.eldoks.gov/182/Wetlands-Water-Reclamation,Jason Patty,,,,,,,no_explicit_gmp,False,found_via_search,extracted,extracted,"checked_pages_not_found (pages_checked=5,fetched_ok=4,total_text_chars=12294)",extracted,"checked_pages_not_found (pages_checked=5,fetched_ok=4,total_text_chars=12294)",El Dorado Wetlands Water Reclamation Facility,True,HQ Lab @ El Dorado Wetlands Water Reclamation Facility,37.7968379,-96.8498238,google_rooftop,"105 W Wetlands Dr, El Dorado, KS 67042, USA"
ENT-000403,1,env_labs_standardized.csv,"Element Materials Technology Fort Wayne, LLC",,TNI02688,,Fort Wayne,Indiana,,,env_labs,https://www.element.com/,,Info.FortWayne@element.com,,,,,,no_explicit_gmp,True,found_via_search,found_via_fallback_search,"checked_pages_not_found (pages_checked=8,fetched_ok=8,total_text_chars=302376)",found_via_fallback_search,extracted,extracted,Element Materials Technology,False,Fort Wayne Lab @ Element Materials Technology,41.0794759,-85.1362929,google_approximate,"Fort Wayne, IN, USA"
ENT-000404,1,env_labs_standardized.csv,Element Materials Technology Houston LLC,,TNI00169,14805 Yorktown Plaza Drive,Houston,Texas,,,env_labs,https://www.element.com/,,info.houston@element.com,,,,,,no_explicit_gmp,True,found_via_search,found_via_fallback_search,"checked_pages_not_found (pages_checked=8,fetched_ok=8,total_text_chars=302376)",found_via_fallback_search,extracted,extracted,Element Materials Technology,False,Houston Lab @ Element Materials Technology,29.8652212,-95.5456311,google_rooftop,"14805 Yorktown Plaza Dr, Houston, TX 77040, USA"
ENT-000405,1,env_labs_standardized.csv,Element Materials Technology Lafayette LLC,,TNI01402,,Lafayette,Louisiana,,,env_labs,https://www.element.com/,,Caitlin.Duplantis@element.com,,,,,,explicit_gmp,False,found_via_search,found_via_fallback_search,"checked_pages_not_found (pages_checked=8,fetched_ok=8,total_text_chars=302376)",found_via_fallback_search,found_via_fallback_search,"checked_pages_not_found (pages_checked=8,fetched_ok=8,total_text_chars=302376)",Element Materials Technology,False,Lafayette Lab @ Element Materials Technology,30.2240897,-92.0198427,google_approximate,"Lafayette, LA, USA"
ENT-000406,1,env_labs_standardized.csv,Elevation Diagnostics,,TNI02762,2115 N Scranton Street Suite 3040,Aurora,Colorado,,,env_labs,https://elevationdiagnostics.com/,"Peter Bryant Greenwood - Indiana, USA MD, MBA, FACHE, FCAP",laboratory@elevationdiagnostics.com,,,,,,no_explicit_gmp,True,found_via_search,extracted,extracted,extracted,extracted,extracted,Elevation Diagnostics,True,HQ Lab @ Elevation Diagnostics,39.7487114,-104.8405026,google_rooftop,"2115 N Scranton St Ste 3040, Aurora, CO 80045, USA"
ENT-000407,1,env_labs_standardized.csv,ELMA (T) SEWER DISTRICTS-ROLLING GREEN LANE,,TNI01512,1600 Bowen Road,ELMA,New York,,,env_labs,https://www.elmanewyork.gov/,Donald Trzepacz,,,,,,,no_explicit_gmp,False,found_via_search,extracted,extracted,"checked_pages_not_found (pages_checked=4,fetched_ok=3,total_text_chars=8104)",extracted,"checked_pages_not_found (pages_checked=4,fetched_ok=3,total_text_chars=8104)",ELMA T SEWER DISTRICTS ROLLING GREEN LANE,True,HQ Lab @ ELMA T SEWER DISTRICTS ROLLING GREEN LANE,42.83834239999999,-78.6351552,google_rooftop,"1600 Bowen Rd, Elma, NY 14059, USA"
ENT-000408,1,env_labs_standardized.csv,ELMIRA WATER BOARD,,TNI01734,261 West Water Street,ELMIRA,New York,,,env_labs,https://elmirawaterboard.org/,Alyssa L. Melens,amack@elmirawaterboard.org,,,,,,no_explicit_gmp,False,found_via_search,extracted,extracted,extracted,extracted,"checked_pages_not_found (pages_checked=4,fetched_ok=4,total_text_chars=20006)",ELMIRA WATER BOARD,True,HQ Lab @ ELMIRA WATER BOARD,42.0871214,-76.8090448,google_rooftop,"261 W Water St, Elmira, NY 14901, USA"
ENT-000409,1,env_labs_standardized.csv,"EMAX Laboratories, Inc.",,TNI01219,,Torrance,California,,,env_labs,https://www.emaxlabs.com/,Jim Carter,jcarter@emaxlabs.com,,,,,,,,found_via_search,found_via_fallback_search,found_via_fallback_search,found_via_fallback_search,"no_pages_fetched_ok (pages_checked=1,fetched_ok=0,total_text_chars=0)","no_pages_fetched_ok (pages_checked=1,fetched_ok=0,total_text_chars=0)",EMAX Laboratories,True,HQ Lab @ EMAX Laboratories,33.8369217,-118.3407451,google_approximate,"Torrance, CA, USA"
ENT-000410,1,env_labs_standardized.csv,Emerald Coast Utilities Authority,,TNI00387,9255 Sturdevant Street,Pensacola,Florida,,,env_labs,https://www.ecua.fl.gov/,Anthony Caldwell,customer.service@ecua.fl.gov,,,,,,no_explicit_gmp,False,found_via_search,extracted,found_via_fallback_search,extracted,extracted,"checked_pages_not_found (pages_checked=7,fetched_ok=6,total_text_chars=25174)",Emerald Coast Utilities Authority,True,HQ Lab @ Emerald Coast Utilities Authority,30.5299787,-87.1991285,google_rooftop,"9255 Sturdevant St, Pensacola, FL 32514, USA"
ENT-000411,1,env_labs_standardized.csv,"Emerald Transformer PPM, LLC",,TNI01887,,Coffeyville,Kansas,,,env_labs,https://www.emeraldtransformer.com/,Sheila Dickson,sdickson@emeraldtransformer.com,,,,,,,,found_via_search,found_via_fallback_search,found_via_fallback_search,found_via_fallback_search,"no_pages_fetched_ok (pages_checked=1,fetched_ok=0,total_text_chars=0)","no_pages_fetched_ok (pages_checked=1,fetched_ok=0,total_text_chars=0)",Emerald Transformer PPM,True,HQ Lab @ Emerald Transformer PPM,37.0373005,-95.6163665,google_approximate,"Coffeyville, KS, USA"
ENT-000412,1,env_labs_standardized.csv,Emporia Municipal Wastewater Laboratory,,TNI01894,111 East 6th Avenue,Emporia,Kansas,,,env_labs,https://www.emporiaks.gov/,,,,,,,,no_explicit_gmp,False,found_via_search,extracted,"checked_pages_not_found (pages_checked=4,fetched_ok=4,total_text_chars=39235)","checked_pages_not_found (pages_checked=4,fetched_ok=4,total_text_chars=39235)",extracted,"checked_pages_not_found (pages_checked=4,fetched_ok=4,total_text_chars=39235)",Emporia Municipal Wastewater Laboratory,True,HQ Lab @ Emporia Municipal Wastewater Laboratory,38.4043808,-96.1782314,google_rooftop,"111 E 6th Ave, Emporia, KS 66801, USA"
ENT-000413,1,env_labs_standardized.csv,EMSL ANALYTICAL INC,,TNI01273,200 Rt 130 North,CINNAMINSON,New Jersey,,,env_labs,https://www.emsl.com/,,cs@emsl.com,,,,,,explicit_gmp,True,found_via_search,extracted,"checked_pages_not_found (pages_checked=8,fetched_ok=3,total_text_chars=56170)",found_via_fallback_search,found_via_fallback_search,extracted,EMSL ANALYTICAL,False,Cinnaminson Lab @ EMSL ANALYTICAL,39.9858865,-75.0112786,google_rooftop,"200 US-130, Cinnaminson, NJ 08077, USA"
ENT-000414,1,env_labs_standardized.csv,EMSL ANALYTICAL INC,,TNI01732,200 Rt 130 North,DEPEW,New York,,,env_labs,https://www.emsl.com/,,buffalolab@emsl.com,,,,,,explicit_gmp,True,found_via_search,extracted,"checked_pages_not_found (pages_checked=8,fetched_ok=8,total_text_chars=126992)",found_via_fallback_search,found_via_fallback_search,extracted,EMSL ANALYTICAL,False,Depew Lab @ EMSL ANALYTICAL,40.7127753,-74.0059728,google_approximate,"New York, NY, USA"
ENT-000415,1,env_labs_standardized.csv,EMSL ANALYTICAL INC,,TNI01282,"2205 Corporate Plaza Parkway Southeast, Suite 200 (Bottom Floor)",PISCATAWAY TWP,New Jersey,,,env_labs,https://emsl.com/,Colin Michael Slattery,atlantalab@emsl.com,,,,,,explicit_gmp,True,found_via_search,extracted,found_via_fallback_search,extracted,found_via_fallback_search,extracted,EMSL ANALYTICAL,True,HQ Lab @ EMSL ANALYTICAL,40.5500011,-74.475777,google_approximate,"Piscataway, NJ 08854, USA"
ENT-000416,1,env_labs_standardized.csv,"EMSL ANALYTICAL, INC",,TNI01331,"200 Rt 130 North, Cinnaminson, New Jersey 08077",LONG ISLAND CITY,New York,,,env_labs,https://www.emsl.com/,Charles Johnson,manhattanlab@emsl.com,,,,,,explicit_gmp,True,found_via_search,extracted,found_via_fallback_search,found_via_fallback_search,found_via_fallback_search,extracted,EMSL ANALYTICAL,False,Long Island City Lab @ EMSL ANALYTICAL,40.0308551,-74.9295654,google_geometric_center,"US-130, New Jersey, USA"
ENT-000417,1,env_labs_standardized.csv,"EMSL ANALYTICAL, INC.",,TNI01706,,CARLE PLACE,New York,,,env_labs,https://emsl.com/,,carleplacelab@emsl.com,,,,,,explicit_gmp,True,found_via_search,found_via_fallback_search,"checked_pages_not_found (pages_checked=8,fetched_ok=2,total_text_chars=15663)",found_via_fallback_search,found_via_fallback_search,extracted,EMSL ANALYTICAL,False,Carle Place Lab @ EMSL ANALYTICAL,40.7526008,-73.6104058,google_approximate,"Carle Place, NY, USA"
ENT-000418,1,env_labs_standardized.csv,"EMSL Analytical, Inc.",,TNI02704,,Indianapolis,Indiana,,,env_labs,https://emsl.com/,,indianapolislab@emsl.com,,,,,,explicit_gmp,True,found_via_search,found_via_fallback_search,"checked_pages_not_found (pages_checked=8,fetched_ok=3,total_text_chars=35764)",found_via_fallback_search,found_via_fallback_search,extracted,EMSL Analytical,False,Indianapolis Lab @ EMSL Analytical,39.76909,-86.158018,google_approximate,"Indianapolis, IN, USA"
ENT-000419,1,env_labs_standardized.csv,"EMSL ANALYTICAL, INC.",,TNI02516,,MERIDEN,Connecticut,,,env_labs,https://www.emsl.com/,,MeridenLab@emsl.com,,,,,,explicit_gmp,True,found_via_search,found_via_fallback_search,"checked_pages_not_found (pages_checked=8,fetched_ok=4,total_text_chars=53808)",found_via_fallback_search,found_via_fallback_search,extracted,EMSL ANALYTICAL,False,Meriden Lab @ EMSL ANALYTICAL,41.5381535,-72.80704349999999,google_approximate,"Meriden, CT, USA"
ENT-000420,1,env_labs_standardized.csv,"EMSL Analytical, Inc.",,TNI02497,3410 Winnetka Avenue North,New Hope,Minnesota,,,env_labs,https://www.emsl.com/,,minneapolislab@emsl.com,,,,,,explicit_gmp,,found_via_search,found_via_fallback_search,"no_pages_fetched_ok (pages_checked=1,fetched_ok=0,total_text_chars=0)",found_via_fallback_search,found_via_fallback_search,"no_pages_fetched_ok (pages_checked=1,fetched_ok=0,total_text_chars=0)",EMSL Analytical,False,New Hope Lab @ EMSL Analytical,45.0178299,-93.3798532,google_rooftop,"3410 Winnetka Ave N, New Hope, MN 55427, USA"
ENT-000421,1,env_labs_standardized.csv,"EMSL ANALYTICAL, INC.",,TNI02584,,ROCHESTER,New York,,,env_labs,https://emsl.com/,,rochesterlab@emsl.com,,,,,,explicit_gmp,True,found_via_search,found_via_fallback_search,"checked_pages_not_found (pages_checked=1,fetched_ok=1,total_text_chars=20101)",found_via_fallback_search,found_via_fallback_search,extracted,EMSL ANALYTICAL,False,Rochester Lab @ EMSL ANALYTICAL,43.15657789999999,-77.6088465,google_approximate,"Rochester, NY, USA"
ENT-000422,1,env_labs_standardized.csv,"EMSL Analytical, Inc.",,TNI02793,,St. Louis,Missouri,,,env_labs,https://emsl.com/,,saintlouislab@emsl.com,,,,,,explicit_gmp,True,found_via_search,found_via_fallback_search,"checked_pages_not_found (pages_checked=8,fetched_ok=3,total_text_chars=35764)",found_via_fallback_search,found_via_fallback_search,extracted,EMSL Analytical,False,St. Louis Lab @ EMSL Analytical,38.62742799999999,-90.1982439,google_approximate,"St. Louis, MO, USA"
ENT-000423,1,env_labs_standardized.csv,"EMSL Analytical, Inc. - FL",,TNI00389,,North Miami Beach,Florida,,,env_labs,https://www.emsl.com/,,atlantalab@emsl.com,,,,,,explicit_gmp,True,found_via_search,extracted,"checked_pages_not_found (pages_checked=8,fetched_ok=5,total_text_chars=89613)",extracted,found_via_fallback_search,extracted,EMSL Analytical,False,North Miami Beach Lab @ EMSL Analytical,25.9331488,-80.1625463,google_approximate,"North Miami Beach, FL, USA"
ENT-000424,1,env_labs_standardized.csv,"EMSL Analytical, Inc. - Houston",,TNI00154,,Houston,Texas,,,env_labs,https://emsl.com/,,atlantalab@emsl.com,,,,,,explicit_gmp,True,found_via_search,extracted,"checked_pages_not_found (pages_checked=8,fetched_ok=5,total_text_chars=69103)",extracted,found_via_fallback_search,extracted,EMSL Analytical,False,Houston Lab @ EMSL Analytical,29.7600771,-95.37011079999999,google_approximate,"Houston, TX, USA"
ENT-000425,1,env_labs_standardized.csv,"EMSL Analytical, Inc. - Indianapolis",,TNI02705,,Indianapolis,Indiana,,,env_labs,https://emsl.com/,,indianapolislab@emsl.com,,,,,,explicit_gmp,True,found_via_search,found_via_fallback_search,"checked_pages_not_found (pages_checked=8,fetched_ok=2,total_text_chars=20377)",found_via_fallback_search,found_via_fallback_search,extracted,EMSL Analytical,False,Indianapolis Lab @ EMSL Analytical,39.76909,-86.158018,google_approximate,"Indianapolis, IN, USA"
ENT-000426,1,env_labs_standardized.csv,"EMSL Analytical, Inc. - Orlando",,TNI00390,3303 Parkway Center Court,Orlando,Florida,,,env_labs,https://emsl.com/,,orlandolab@emsl.com,,,,,,explicit_gmp,True,found_via_search,found_via_fallback_search,"checked_pages_not_found (pages_checked=8,fetched_ok=7,total_text_chars=126391)",found_via_fallback_search,found_via_fallback_search,extracted,EMSL Analytical,False,Orlando Lab @ EMSL Analytical,28.5998863,-81.4196188,google_rooftop,"3303 Parkway Center Ct, Orlando, FL 32808, USA"
ENT-000427,1,env_labs_standardized.csv,ENDICOTT WASTEWATER TREATMENT,,TNI01551,1009 East Main Street,ENDICOTT,New York,,,env_labs,https://endicottny.gov/,Nick burlingame,VOEMAYOR@endicottny.com,,,,,,no_explicit_gmp,False,found_via_search,extracted,extracted,extracted,extracted,"checked_pages_not_found (pages_checked=5,fetched_ok=5,total_text_chars=21389)",ENDICOTT WASTEWATER TREATMENT,True,HQ Lab @ ENDICOTT WASTEWATER TREATMENT,42.0978898,-76.0505682,google_rooftop,"1009 E Main St, Endicott, NY 13760, USA"
ENT-000428,1,env_labs_standardized.csv,ENDYNE INC (#2037),,TNI01038,160 James Brown Dr,LEBANON,New Hampshire,,,env_labs,https://www.endynelabs.com/,,info@endynelabs.com,,,,,,no_explicit_gmp,True,found_via_search,extracted,"checked_pages_not_found (pages_checked=8,fetched_ok=8,total_text_chars=27420)",extracted,extracted,extracted,ENDYNE,False,Lebanon Lab @ ENDYNE,43.6422934,-72.2517569,google_approximate,"Lebanon, NH, USA"
ENT-000429,1,env_labs_standardized.csv,ENDYNE INC WILLISTON VT,,TNI01671,160 James Brown Dr,WILLISTON,Vermont,,,env_labs,https://www.endynelabs.com/,,info@endynelabs.com,,,,,,no_explicit_gmp,True,found_via_search,extracted,"checked_pages_not_found (pages_checked=8,fetched_ok=8,total_text_chars=27420)",extracted,extracted,extracted,ENDYNE,False,Williston Lab @ ENDYNE,44.4757524,-73.1166264,google_rooftop,"160 James Brown Dr, Williston, VT 05495, USA"
ENT-000430,1,env_labs_standardized.csv,"ENDYNE, INC",,TNI01831,160 James Brown Dr,LAKE GEORGE,New York,,,env_labs,https://www.endynelabs.com/,,info@endynelabs.com,,,,,,no_explicit_gmp,True,found_via_search,extracted,"checked_pages_not_found (pages_checked=8,fetched_ok=8,total_text_chars=27420)",extracted,extracted,extracted,ENDYNE,False,Lake George Lab @ ENDYNE,43.4242678,-73.715731,google_geometric_center,"James St, Lake George, NY 12845, USA"
ENT-000431,1,env_labs_standardized.csv,Energy Laboratories Inc.,,TNI00391,,Casper,Wyoming,,,env_labs,https://www.energylab.com/,Manford Hurley,mhurley@energylab.com,,,,,,no_explicit_gmp,False,found_via_search,found_via_fallback_search,found_via_fallback_search,found_via_fallback_search,extracted,"pages_likely_js_rendered (pages_checked=1,fetched_ok=1,total_text_chars=71)",Energy Laboratories,False,Casper Lab @ Energy Laboratories,42.84870900000001,-106.2980824,google_approximate,"Casper, WY, USA"
ENT-000432,1,env_labs_standardized.csv,"Energy Laboratories, Inc. - MT",,TNI00393,1120 South 27th Street,Billings,Montana,,,env_labs,https://www.energylab.com/,Leigh Ann Wise,lwise@energylab.com,,,,,,no_explicit_gmp,,found_via_search,found_via_fallback_search,found_via_fallback_search,found_via_fallback_search,extracted,"pages_likely_js_rendered (pages_checked=1,fetched_ok=1,total_text_chars=71)",Energy Laboratories,False,Billings Lab @ Energy Laboratories,45.7708729,-108.4935479,google_rooftop,"1120 S 27th St, Billings, MT 59101, USA"
ENT-000433,1,env_labs_standardized.csv,"Engel Water Testing, Inc.",,TNI01073,9300 County Road 15,Minnetrista,Minnesota,,,env_labs,https://www.engelwatertesting.com/,John & Kathryn Engel,,,,,,,no_explicit_gmp,True,found_via_search,found_via_fallback_search,extracted,"checked_pages_not_found (pages_checked=4,fetched_ok=3,total_text_chars=4404)",extracted,extracted,Engel Water Testing,True,HQ Lab @ Engel Water Testing,44.94939309999999,-93.7605038,google_rooftop,"9300 County Rd 15, Minnetrista, MN 55359, USA"
ENT-000434,1,env_labs_standardized.csv,Englewood Water District,,TNI00316,201 Selma Ave.,Englewood,Florida,,,env_labs,https://englewoodwater.com/,"Keith R. Ledford, Jr., P.E.",info@englewoodwater.com,,,,,,no_explicit_gmp,False,found_via_search,extracted,extracted,extracted,extracted,"checked_pages_not_found (pages_checked=8,fetched_ok=3,total_text_chars=13614)",Englewood Water District,True,HQ Lab @ Englewood Water District,26.9536628,-82.34877929999999,google_rooftop,"201 Selma Ave, Englewood, FL 34223, USA"
ENT-000435,1,env_labs_standardized.csv,"Entech Engineering, Inc.",,TNI00115,,League City,Texas,,,env_labs,https://www.entechengineeringtexas.com/,"Billy T. Y. Lee, P. E.",blee@entechengineeringtexas.com,,,,,,,,found_via_search,found_via_fallback_search,found_via_fallback_search,found_via_fallback_search,"no_pages_fetched_ok (pages_checked=1,fetched_ok=0,total_text_chars=0)","no_pages_fetched_ok (pages_checked=1,fetched_ok=0,total_text_chars=0)",Entech Engineering,True,HQ Lab @ Entech Engineering,29.5038503,-95.09382459999999,google_approximate,"League City, TX, USA"
ENT-000436,1,env_labs_standardized.csv,Enthalpy Analtytical LLC,,TNI01387,,Durham,North Carolina,,,env_labs,https://enthalpy.com/,Bryan Tyler,bryan.tyler@enthalpy.com,,,,,,,,found_via_search,found_via_fallback_search,found_via_fallback_search,found_via_fallback_search,"no_pages_fetched_ok (pages_checked=1,fetched_ok=0,total_text_chars=0)","no_pages_fetched_ok (pages_checked=1,fetched_ok=0,total_text_chars=0)",Enthalpy Analtytical,True,HQ Lab @ Enthalpy Analtytical,35.9955684,-78.9002077,google_approximate,"Durham, NC, USA"
ENT-000437,1,env_labs_standardized.csv,Enthalpy Analytical LLC,,TNI02486,2714 Exchange Drive,Wilmington,North Carolina,,,env_labs,https://enthalpy.com/,Mark Hager,mark.hager@enthalpy.com,,,,,,,,found_via_search,found_via_fallback_search,found_via_fallback_search,found_via_fallback_search,"no_pages_fetched_ok (pages_checked=1,fetched_ok=0,total_text_chars=0)","no_pages_fetched_ok (pages_checked=1,fetched_ok=0,total_text_chars=0)",Enthalpy Analytical,True,HQ Lab @ Enthalpy Analytical,34.2851156,-77.8710198,google_rooftop,"2714 Exchange Dr, Wilmington, NC 28405, USA"
ENT-000438,1,env_labs_standardized.csv,ENVIRO TESTING/KEYSTONE MATERIAL TESTING (LLC),,TNI01690,58 Exchange Street,BINGHAMTON,New York,,,env_labs,https://keyscomp.com/kmt/,"KENNETH D. ELLSWORTH, P.E.",info@kmtcomp.com,,,,,,no_explicit_gmp,True,found_via_search,extracted,extracted,extracted,extracted,extracted,ENVIRO TESTINGKEYSTONE MATERIAL TESTING,True,HQ Lab @ ENVIRO TESTINGKEYSTONE MATERIAL TESTING,42.0976209,-75.9095715,google_rooftop,"58 Exchange St, Binghamton, NY 13901, USA"
ENT-000439,1,env_labs_standardized.csv,"Envirodyne Laboratories, Inc.",,TNI00056,"11011 Brooklet, Ste. 230",Stafford,Texas,,,env_labs,https://envirodyne.com/,,,,,,,,,,found_via_search,found_via_fallback_search,"no_pages_fetched_ok (pages_checked=1,fetched_ok=0,total_text_chars=0)","no_pages_fetched_ok (pages_checked=1,fetched_ok=0,total_text_chars=0)","no_pages_fetched_ok (pages_checked=1,fetched_ok=0,total_text_chars=0)","no_pages_fetched_ok (pages_checked=1,fetched_ok=0,total_text_chars=0)",Envirodyne Laboratories,True,HQ Lab @ Envirodyne Laboratories,29.6160671,-95.55772209999999,google_approximate,"Stafford, TX 77477, USA"
ENT-000440,1,env_labs_standardized.csv,Environmental  Sciences And Toxicology Laboratory,,TNI01431,,New York,New York,,,env_labs,,,,,,,,,,,search_found_nothing,found_via_fallback_search,no_website_cannot_check_pages,no_website_cannot_check_pages,no_website_cannot_check_pages,no_website_cannot_check_pages,Environmental Sciences And Toxicology Laboratory,True,HQ Lab @ Environmental Sciences And Toxicology Laboratory,40.7127753,-74.0059728,google_approximate,"New York, NY, USA"
ENT-000441,1,env_labs_standardized.csv,Environmental Analytical Service,,TNI02440,173 Cross St,San Luis Obispo,California,,,env_labs,http://www.easlab.com/,Dr. Steven Hoyt,stevehoyt@easlab.com,,,,,,,,found_via_search,found_via_fallback_search,found_via_fallback_search,found_via_fallback_search,"no_pages_fetched_ok (pages_checked=1,fetched_ok=0,total_text_chars=0)","no_pages_fetched_ok (pages_checked=1,fetched_ok=0,total_text_chars=0)",Environmental Analytical Service,True,HQ Lab @ Environmental Analytical Service,35.2457248,-120.6713732,google_rooftop,"173 Cross St, San Luis Obispo, CA 93401, USA"
ENT-000442,1,env_labs_standardized.csv,"ENVIRONMENTAL BUILDING SOLUTIONS, LLC",,TNI01820,"1350 Broadway, 5th Fl",NEW YORK,New York,,,env_labs,https://www.ebsllcnyc.com/,Michael Borello,info@codegreen.com,,,,,,no_explicit_gmp,True,found_via_search,extracted,found_via_fallback_search,extracted,extracted,extracted,ENVIRONMENTAL BUILDING SOLUTIONS,True,HQ Lab @ ENVIRONMENTAL BUILDING SOLUTIONS,40.7509221,-73.9881063,google_rooftop,"1350 Broadway 5th fl, New York, NY 10018, USA"
ENT-000443,1,env_labs_standardized.csv,Environmental Enterprises USA Inc,,TNI01386,"58485 Pearl Acres Road, Suite D",Slidell,Louisiana,,,env_labs,https://www.eeusa.com/,,,,,,,,,,found_via_search,found_via_fallback_search,"no_pages_fetched_ok (pages_checked=1,fetched_ok=0,total_text_chars=0)","no_pages_fetched_ok (pages_checked=1,fetched_ok=0,total_text_chars=0)","no_pages_fetched_ok (pages_checked=1,fetched_ok=0,total_text_chars=0)","no_pages_fetched_ok (pages_checked=1,fetched_ok=0,total_text_chars=0)",Environmental Enterprises USA,True,HQ Lab @ Environmental Enterprises USA,30.2834438,-89.7371587,google_rooftop,"58485 Pearl Acres Rd # D, Slidell, LA 70461, USA"
ENT-000444,1,env_labs_standardized.csv,"Environmental Hazards Services, L L C",,TNI01759,7469 Whitepine Road,Richmond,Virginia,,,env_labs,https://leadlab.com/,Howard Varner,hvarner@leadlab.com,,,,,,,,found_via_search,found_via_fallback_search,found_via_fallback_search,found_via_fallback_search,"no_pages_fetched_ok (pages_checked=1,fetched_ok=0,total_text_chars=0)","no_pages_fetched_ok (pages_checked=1,fetched_ok=0,total_text_chars=0)",Environmental Hazards Services L L C,True,HQ Lab @ Environmental Hazards Services L L C,37.39592280000001,-77.5208376,google_rooftop,"7469 Whitepine Rd, Richmond, VA 23237, USA"
ENT-000445,1,env_labs_standardized.csv,ENVIRONMENTAL LABWORKS  INC,,TNI01612,1348 Route 9W,MARLBORO,New York,,,env_labs,https://www.environmentallabworks.com/,Mike Lupi,environmental.labworks@gmail.com,,,,,,no_explicit_gmp,True,found_via_search,extracted,extracted,extracted,extracted,extracted,ENVIRONMENTAL LABWORKS,True,HQ Lab @ ENVIRONMENTAL LABWORKS,41.6061245,-73.9707039,google_rooftop,"1348 US-9W, Marlboro, NY 12542, USA"
ENT-000446,1,env_labs_standardized.csv,"Environmental Monitoring Laboratory, LLC",,TNI00042,,Hillsboro,Texas,,,env_labs,https://www.emlhillsboro.com/,Serissa Beck,homeoffice@yourwaterlab.com,,,,,,,,found_via_search,found_via_fallback_search,found_via_fallback_search,found_via_fallback_search,"no_pages_fetched_ok (pages_checked=1,fetched_ok=0,total_text_chars=0)","no_pages_fetched_ok (pages_checked=1,fetched_ok=0,total_text_chars=0)",Environmental Monitoring Laboratory,True,HQ Lab @ Environmental Monitoring Laboratory,32.0109886,-97.13000609999999,google_approximate,"Hillsboro, TX 76645, USA"
ENT-000447,1,env_labs_standardized.csv,"Environmental Monitoring, Inc.",,TNI01263,5730 Industrial Park Road,Norton,Virginia,,,env_labs,https://www.emilab.com/,R. J. Porter,rjporter@emilab.com,,,,,,no_explicit_gmp,True,found_via_search,extracted,extracted,extracted,extracted,extracted,Environmental Monitoring,True,HQ Lab @ Environmental Monitoring,36.9675435,-82.6045631,google_rooftop,"5730 Industrial Park Rd, Norton, VA 24273, USA"
ENT-000448,1,env_labs_standardized.csv,"Environmental Quality Laboratories, Inc. - PR",,TNI00402,"#60 E Street, Minillas Industrial Park",Bayamon,Puerto Rico,,,env_labs,https://www.eqlab.com/,"Gerardo R. Sarriera, PE, ME",gerry@eqlab.com,,,,,,,,found_via_search,found_via_fallback_search,found_via_fallback_search,found_via_fallback_search,"no_pages_fetched_ok (pages_checked=1,fetched_ok=0,total_text_chars=0)","no_pages_fetched_ok (pages_checked=1,fetched_ok=0,total_text_chars=0)",Environmental Quality Laboratories,True,HQ Lab @ Environmental Quality Laboratories,38.7945952,-106.5348379,google_approximate,United States
ENT-000449,1,env_labs_standardized.csv,ENVIRONMENTAL QUALITY TESTING LABORATORY,,TNI02401,,WASHINGTON,District of Columbia,,,env_labs,https://www.udc.edu/causes/eqtl/,"Tolessa Deksissa, Ph.D. Director, Water Resources Research Institute (WRRI) Director, Professional Science Master's Program, and Environmental Quality Testing Laboratory",[email protected],,,,,,no_explicit_gmp,True,found_via_search,extracted,extracted,extracted,extracted,extracted,ENVIRONMENTAL QUALITY TESTING LABORATORY,True,HQ Lab @ ENVIRONMENTAL QUALITY TESTING LABORATORY,38.9072873,-77.0369274,google_approximate,"Washington, DC, USA"
ENT-000450,1,env_labs_standardized.csv,Environmental Reagent Service,,TNI00403,3860 SW 30th Ave.,Ft. Lauderdale,Florida,,,env_labs,https://www.erslaboratory.com/,Julie Furman,info@erslaboratory.com,,,,,,no_explicit_gmp,True,found_via_search,extracted,found_via_fallback_search,extracted,extracted,extracted,Environmental Reagent Service,True,HQ Lab @ Environmental Reagent Service,26.074342,-80.18027099999999,google_rooftop,"3860 SW 30th Ave, Fort Lauderdale, FL 33312, USA"
ENT-000451,1,env_labs_standardized.csv,Environmental Resource Analysts - AL,,TNI00405,2975 Brown Court,Auburn,Alabama,,,env_labs,https://eralab.com/,a Ph.D. Toxicologist,econsuegra@eralab.com,,,,,,no_explicit_gmp,True,found_via_search,found_via_fallback_search,extracted,found_via_fallback_search,extracted,extracted,Environmental Resource Analysts AL,True,HQ Lab @ Environmental Resource Analysts AL,32.5503795,-85.5221337,google_rooftop,"2975 Brown Ct, Auburn, AL 36830, USA"
ENT-000452,1,env_labs_standardized.csv,Environmental Services Company Inc,,TNI02498,13715 West Markham Street,Little Rock,Arkansas,,,env_labs,https://www.esclabs.com/,Mr. Baxter Woosley,baxterw@esclabs.com,,,,,,no_explicit_gmp,True,found_via_search,extracted,found_via_fallback_search,found_via_fallback_search,extracted,extracted,Environmental Services Company,True,HQ Lab @ Environmental Services Company,34.7528491,-92.4262067,google_rooftop,"13715 W Markham St, Little Rock, AR 72211, USA"
ENT-000453,1,env_labs_standardized.csv,"Environmental Systems Service, LTD.- Culpeper",,TNI01246,218 North Main Street,Culpeper,Virginia,,,env_labs,https://www.ess-services.com/,,info@ess-services.com,,,,,,no_explicit_gmp,True,found_via_search,extracted,"checked_pages_not_found (pages_checked=8,fetched_ok=8,total_text_chars=19189)",extracted,extracted,extracted,Environmental Systems Service,True,HQ Lab @ Environmental Systems Service,38.4746521,-77.99614729999999,google_rooftop,"218 N Main St, Culpeper, VA 22701, USA"
ENT-000454,1,env_labs_standardized.csv,"Environmental Testing Group, Inc.",,TNI00407,"1702 East Central Avenue, Suite 10",Bentonville,Arkansas,,,env_labs,,,,,,,,,,,search_found_nothing,found_via_fallback_search,no_website_cannot_check_pages,no_website_cannot_check_pages,no_website_cannot_check_pages,no_website_cannot_check_pages,Environmental Testing Group,True,HQ Lab @ Environmental Testing Group,36.3700361,-94.1893769,google_rooftop,"1702 E Central Ave #10, Bentonville, AR 72712, USA"
ENT-000455,1,env_labs_standardized.csv,"Environmental Testing Laboratories, Inc.",,TNI00408,412 W. Walcott St.,Thomasville,Georgia,,,env_labs,https://www.etl-inc.com/,Brad Williams,bwilliams@etl-inc.com,,,,,,no_explicit_gmp,True,found_via_search,extracted,extracted,extracted,extracted,extracted,Environmental Testing Laboratories,True,HQ Lab @ Environmental Testing Laboratories,30.8435633,-83.991795,google_rooftop,"412 W Walcott St, Thomasville, GA 31792, USA"
ENT-000456,1,env_labs_standardized.csv,"ENVIROSCIENCE CONSULTANTS, LLC",,TNI01749,,RONKONKOMA,New York,,,env_labs,https://enviroscienceconsultants.com/,Edward Detweiler,edwarddetweiler@enviroscienceconsultants.com,,,,,,,,found_via_search,found_via_fallback_search,found_via_fallback_search,found_via_fallback_search,"no_pages_fetched_ok (pages_checked=1,fetched_ok=0,total_text_chars=0)","no_pages_fetched_ok (pages_checked=1,fetched_ok=0,total_text_chars=0)",ENVIROSCIENCE CONSULTANTS,True,HQ Lab @ ENVIROSCIENCE CONSULTANTS,40.80641869999999,-73.1241488,google_approximate,"Ronkonkoma, NY, USA"
ENT-000457,1,env_labs_standardized.csv,ENVIROSCIENCE INC.,,TNI02792,5070 Stow Road,STOW,Ohio,,,env_labs,https://www.enviroscienceinc.com/,,gzimmerman@enviroscienceinc.com,,,,,,,,found_via_search,found_via_fallback_search,"no_pages_fetched_ok (pages_checked=1,fetched_ok=0,total_text_chars=0)",found_via_fallback_search,"no_pages_fetched_ok (pages_checked=1,fetched_ok=0,total_text_chars=0)","no_pages_fetched_ok (pages_checked=1,fetched_ok=0,total_text_chars=0)",ENVIROSCIENCE,True,HQ Lab @ ENVIROSCIENCE,41.199337,-81.4195664,google_geometric_center,"5070 Stow Rd, Stow, OH 44224, USA"
ENT-000458,1,env_labs_standardized.csv,Envirosource Corp. dba Green Analytical Laboratories,,TNI02259,,Durango,Colorado,,,env_labs,https://greenanalytical.com/,Jeremy D Allen,jeremy.allen@greenanalytical.com,,,,,,,,found_via_search,found_via_fallback_search,found_via_fallback_search,found_via_fallback_search,"no_pages_fetched_ok (pages_checked=1,fetched_ok=0,total_text_chars=0)","no_pages_fetched_ok (pages_checked=1,fetched_ok=0,total_text_chars=0)",Envirosource,True,HQ Lab @ Envirosource,37.2739528,-107.8792499,google_approximate,"Durango, CO, USA"
ENT-000459,1,env_labs_standardized.csv,"Envirotech, Inc.",,TNI02505,5796 U.S. Highway 64,Farmington,New Mexico,,,env_labs,https://envirotech-inc.com/,Walter Hinchman Laboratory Director,whinchman@envirotech-inc.com,,,,,,no_explicit_gmp,True,found_via_search,extracted,extracted,extracted,extracted,extracted,Envirotech,True,HQ Lab @ Envirotech,36.7015592,-108.0883256,google_rooftop,"5796 US-64, Farmington, NM 87401, USA"
ENT-000460,1,env_labs_standardized.csv,EPA Region 9 Field Services Support Center,,TNI00238,23217 Kidder Street,Hayward,California,,,env_labs,https://www.epa.gov/aboutepa/r9-regional-lab,Duane James (Acting) ,james.duane@epa.gov,,,,,,no_explicit_gmp,False,found_via_search,extracted,extracted,extracted,extracted,"checked_pages_not_found (pages_checked=8,fetched_ok=8,total_text_chars=43827)",EPA Region 9 Field Services Support Center,True,HQ Lab @ EPA Region 9 Field Services Support Center,37.6425638,-122.1348271,google_rooftop,"23217 Kidder St, Hayward, CA 94545, USA"
ENT-000461,1,env_labs_standardized.csv,ERD Water LLC,,TNI00404,,Orlando,Florida,,,env_labs,https://www.erd.org/,,,,,,,,,,found_via_search,found_via_fallback_search,"no_pages_fetched_ok (pages_checked=1,fetched_ok=0,total_text_chars=0)","no_pages_fetched_ok (pages_checked=1,fetched_ok=0,total_text_chars=0)","no_pages_fetched_ok (pages_checked=1,fetched_ok=0,total_text_chars=0)","no_pages_fetched_ok (pages_checked=1,fetched_ok=0,total_text_chars=0)",ERD Water,True,HQ Lab @ ERD Water,28.5383832,-81.3789269,google_approximate,"Orlando, FL, USA"
ENT-000462,1,env_labs_standardized.csv,ERIE 1 BOCES,,TNI01705,,WEST SENECA,New York,,,env_labs,https://www.e1b.org/,Alan Gens,webmaster@e1b.org,,,,,,no_explicit_gmp,False,found_via_search,extracted,extracted,found_via_fallback_search,extracted,"checked_pages_not_found (pages_checked=8,fetched_ok=8,total_text_chars=59208)",ERIE 1 BOCES,True,HQ Lab @ ERIE 1 BOCES,42.8358977,-78.7538895,google_approximate,"West Seneca, NY, USA"
ENT-000463,1,env_labs_standardized.csv,ERIE COUNTY PUBLIC HEALTH LABORATORY,,TNI01555,503 Kensington Avenue,BUFFALO,New York,,,env_labs,https://www3.erie.gov/health/public-health-laboratory,,ecphl@erie.gov,,,,,,no_explicit_gmp,False,found_via_search,extracted,"checked_pages_not_found (pages_checked=7,fetched_ok=5,total_text_chars=30274)",extracted,extracted,"checked_pages_not_found (pages_checked=7,fetched_ok=5,total_text_chars=30274)",ERIE COUNTY PUBLIC HEALTH LABORATORY,True,HQ Lab @ ERIE COUNTY PUBLIC HEALTH LABORATORY,42.9296947,-78.83375370000002,google_rooftop,"503 Kensington Ave, Buffalo, NY 14214, USA"
ENT-000464,1,env_labs_standardized.csv,ERIE COUNTY SOUTHTOWNS AGENCY,,TNI01534,"Edward A Rath County Office Building 95 Franklin Street, 10th Floor - Room 1034",BUFFALO,New York,,,env_labs,https://www3.erie.gov/dsm/,"Joseph Fiegl, P.E., BCEE, Deputy Commissioner",dsm@erie.gov,,,,,,no_explicit_gmp,False,found_via_search,extracted,extracted,extracted,extracted,"checked_pages_not_found (pages_checked=8,fetched_ok=8,total_text_chars=33695)",ERIE COUNTY SOUTHTOWNS AGENCY,True,HQ Lab @ ERIE COUNTY SOUTHTOWNS AGENCY,42.8840023,-78.87634539999999,google_rooftop,"Edward A. Rath County Office Building, 95 Franklin St 10th floor room 1034, Buffalo, NY 14202, USA"
ENT-000465,1,env_labs_standardized.csv,ERT/REAC LABORATORY,,TNI01280,"2890 Woodbridge Avenue, Building 209 Annex",EDISON,New Jersey,,,env_labs,,,,,,,,,,,search_found_nothing,found_via_fallback_search,no_website_cannot_check_pages,no_website_cannot_check_pages,no_website_cannot_check_pages,no_website_cannot_check_pages,ERTREAC LABORATORY,True,HQ Lab @ ERTREAC LABORATORY,40.5123596,-74.3584992,google_rooftop,"2890 Woodbridge Ave building 209, Edison, NJ 08837, USA"
ENT-000466,1,env_labs_standardized.csv,Escambia County Water Quality Laboratory,,TNI02441,3363 West Park Place,Pensacola,Florida,,,env_labs,https://myescambia.com/our-services/natural-resources-management/water-quality-land-management/water-quality-laboratory,,escambiacountylab@myescambia.com,,,,,,no_explicit_gmp,False,found_via_search,found_via_fallback_search,"checked_pages_not_found (pages_checked=8,fetched_ok=8,total_text_chars=44110)",extracted,extracted,"checked_pages_not_found (pages_checked=8,fetched_ok=8,total_text_chars=44110)",Escambia County Water Quality Laboratory,True,HQ Lab @ Escambia County Water Quality Laboratory,30.4466284,-87.23391300000002,google_rooftop,"3363 W Park Pl, Pensacola, FL 32505, USA"
ENT-000467,1,env_labs_standardized.csv,"ETT Environmental, Inc.",,TNI00409,,Greer,South Carolina,,,env_labs,https://www.ettlab.org/,,,,,,,,no_explicit_gmp,True,found_via_search,found_via_fallback_search,"checked_pages_not_found (pages_checked=3,fetched_ok=3,total_text_chars=3128)","checked_pages_not_found (pages_checked=3,fetched_ok=3,total_text_chars=3128)",extracted,extracted,ETT Environmental,True,HQ Lab @ ETT Environmental,34.9387279,-82.2270568,google_approximate,"Greer, SC, USA"
ENT-000468,1,env_labs_standardized.csv,Eurofins - Midland,,TNI00163,,Midland,Texas,,,env_labs,https://www.eurofins.com/en-us/environment-testing/,,,,,,,,no_explicit_gmp,True,found_via_search,found_via_fallback_search,"checked_pages_not_found (pages_checked=8,fetched_ok=8,total_text_chars=278221)","checked_pages_not_found (pages_checked=8,fetched_ok=8,total_text_chars=278221)",extracted,extracted,Eurofins,False,Midland Lab @ Eurofins,31.9995797,-102.0756701,google_approximate,"Midland, TX, USA"
ENT-000469,1,env_labs_standardized.csv,Eurofins Albuquerque,,TNI00218,,Albuquerque,New Mexico,,,env_labs,https://hallenvironmental.com/,,,,,,,,no_explicit_gmp,True,found_via_search,found_via_fallback_search,"checked_pages_not_found (pages_checked=8,fetched_ok=3,total_text_chars=230569)","checked_pages_not_found (pages_checked=8,fetched_ok=3,total_text_chars=230569)",extracted,extracted,Eurofins,False,Albuquerque Lab @ Eurofins,35.0843859,-106.650422,google_approximate,"Albuquerque, NM, USA"
ENT-000470,1,env_labs_standardized.csv,Eurofins Arkansas,,TNI01373,,Little Rock,Arkansas,,,env_labs,https://www.eurofinsus.com/env,Gary Wood,xenco-reg@et.eurofinsus.com,,,,,,no_explicit_gmp,False,found_via_search,found_via_fallback_search,found_via_fallback_search,found_via_fallback_search,extracted,"checked_pages_not_found (pages_checked=8,fetched_ok=3,total_text_chars=230569)",Eurofins Arkansas,True,HQ Lab @ Eurofins Arkansas,34.7428286,-92.27629040000001,google_approximate,"Little Rock, AR, USA"
ENT-000471,1,env_labs_standardized.csv,"EUROFINS ASCEND CLINICAL, LLC",,TNI02813,435 Oakmead Parkway,SUNNYVALE,California,,,env_labs,https://aclab.com/,,compliance@aclab.com,,,,,,,,found_via_search,found_via_fallback_search,"no_pages_fetched_ok (pages_checked=1,fetched_ok=0,total_text_chars=0)",found_via_fallback_search,"no_pages_fetched_ok (pages_checked=1,fetched_ok=0,total_text_chars=0)","no_pages_fetched_ok (pages_checked=1,fetched_ok=0,total_text_chars=0)",EUROFINS ASCEND CLINICAL,True,HQ Lab @ EUROFINS ASCEND CLINICAL,37.3826309,-121.9892882,google_rooftop,"435 Oakmead Pkwy, Sunnyvale, CA 94085, USA"
ENT-000472,1,env_labs_standardized.csv,Eurofins Atlanta,,TNI00267,,Atlanta,Georgia,,,env_labs,https://www.eurofinsus.com/clinical-diagnostics/vrl-eurofins/about-us/regional-laboratories/atlanta/,,,,,,,,,,found_via_search,"no_pages_fetched_ok (pages_checked=1,fetched_ok=0,total_text_chars=0)","no_pages_fetched_ok (pages_checked=1,fetched_ok=0,total_text_chars=0)","no_pages_fetched_ok (pages_checked=1,fetched_ok=0,total_text_chars=0)","no_pages_fetched_ok (pages_checked=1,fetched_ok=0,total_text_chars=0)","no_pages_fetched_ok (pages_checked=1,fetched_ok=0,total_text_chars=0)",Eurofins,False,Atlanta Lab @ Eurofins,33.791638,-84.389488,google_rooftop,"1350 Spring St NW #1, Atlanta, GA 30309, USA"
ENT-000473,1,env_labs_standardized.csv,EUROFINS AUBURN (#2501),,TNI01021,155 Center Street,AUBURN,Maine,,,env_labs,http://www.allaboratory.com/,,rlabranche@granitestateanalytical.com,,,,,,no_explicit_gmp,True,found_via_search,extracted,"checked_pages_not_found (pages_checked=6,fetched_ok=4,total_text_chars=10423)",extracted,extracted,extracted,EUROFINS AUBURN 2501,True,HQ Lab @ EUROFINS AUBURN 2501,44.10857379999999,-70.2245992,google_rooftop,"155 Center St, Auburn, ME 04210, USA"
ENT-000474,1,env_labs_standardized.csv,Eurofins Bend,,TNI02413,,Bend,Oregon,,,env_labs,,,,,,,,,,,search_found_nothing,found_via_fallback_search,no_website_cannot_check_pages,no_website_cannot_check_pages,no_website_cannot_check_pages,no_website_cannot_check_pages,Eurofins,False,Bend Lab @ Eurofins,44.0581728,-121.3153096,google_approximate,"Bend, OR, USA"
ENT-000475,1,env_labs_standardized.csv,EUROFINS BUFFALO,,TNI01424,,AMHERST,New York,,,env_labs,https://www.eurofins.com/en/,Denise D Heckler,Denise.Heckler@et.eurofinsus.com,,,,,,no_explicit_gmp,True,found_via_search,found_via_fallback_search,found_via_fallback_search,found_via_fallback_search,extracted,extracted,EUROFINS BUFFALO,True,HQ Lab @ EUROFINS BUFFALO,42.9625285,-78.7467479,google_approximate,"Amherst, NY, USA"
ENT-000476,1,env_labs_standardized.csv,"Eurofins Built Environment Testing Central, LLC - Houston, TX",,TNI02597,,Pasadena,Texas,,,env_labs,https://www.eurofinsus.com/Built/,Christine Ricard,cricard@eurofinsus.com,,,,,,no_explicit_gmp,True,found_via_search,found_via_fallback_search,found_via_fallback_search,found_via_fallback_search,extracted,extracted,Eurofins Built Environment Testing Central,True,HQ Lab @ Eurofins Built Environment Testing Central,29.6981333,-95.2008867,google_approximate,"Pasadena, TX, USA"
ENT-000477,1,env_labs_standardized.csv,EUROFINS BUILT ENVIRONMENT TESTING EAST,,TNI02663,1006 Astoria Blvd,CHERRY HILL,New Jersey,,,env_labs,https://www.eurofins.com/en-us/environment-testing/built-environment-testing/,Mandy Trieu,mandy.trieu@et.eurofinsus.com,,,,,,no_explicit_gmp,True,found_via_search,found_via_fallback_search,found_via_fallback_search,found_via_fallback_search,extracted,extracted,EUROFINS BUILT ENVIRONMENT TESTING EAST,False,Cherry Hill Lab @ EUROFINS BUILT ENVIRONMENT TESTING EAST,39.9057251,-74.97991449999999,google_rooftop,"1006 Astoria Blvd, Cherry Hill Township, NJ 08034, USA"
ENT-000478,1,env_labs_standardized.csv,EUROFINS BUILT ENVIRONMENT TESTING EAST LLC - CARY NC,,TNI02581,,CARY,North Carolina,,,env_labs,https://www.eurofins.com/en-us/environment-testing/built-environment-testing/,Dr. Tianbao Bai,tianbao.bai@eurofinset.com,,,,,,no_explicit_gmp,True,found_via_search,found_via_fallback_search,found_via_fallback_search,found_via_fallback_search,extracted,extracted,EUROFINS BUILT ENVIRONMENT TESTING EAST,False,Cary Lab @ EUROFINS BUILT ENVIRONMENT TESTING EAST,35.7890402,-78.77976439999999,google_approximate,"Cary, NC, USA"
ENT-000479,1,env_labs_standardized.csv,Eurofins Built Environment Testing – Pasadena,,TNI02109,3113 Red Bluff Rd,Pasadena,Texas,,,env_labs,https://www.eurofins.com/en-us/environment-testing/built-environment-testing/,William Colbert,will.colbert@et.eurofinsus.com,,,,,,no_explicit_gmp,True,found_via_search,found_via_fallback_search,found_via_fallback_search,found_via_fallback_search,extracted,extracted,Eurofins Built Environment Testing,True,HQ Lab @ Eurofins Built Environment Testing,29.6919752,-95.1677678,google_rooftop,"3113 Red Bluff Rd, Pasadena, TX 77503, USA"
ENT-000480,1,env_labs_standardized.csv,Eurofins Calscience,,TNI01210,,Tustin,California,,,env_labs,https://www.eurofinsus.com/environment-testing,"Terri Chang, Project Manager I",Terri.Chang@et.eurofinsus.com,,,,,,no_explicit_gmp,True,found_via_search,found_via_fallback_search,found_via_fallback_search,found_via_fallback_search,extracted,extracted,Eurofins Calscience,False,Tustin Lab @ Eurofins Calscience,33.7420005,-117.8236391,google_approximate,"Tustin, CA, USA"
ENT-000481,1,env_labs_standardized.csv,Eurofins Calscience Irvine,,TNI01228,"17461 Derian Ave, Suite 100",Irvine,California,,,env_labs,https://www.eurofins.com/en-us/environment-testing/contact-us/,,Env.Marketing@EurofinsET.com,,,,,,no_explicit_gmp,False,found_via_search,found_via_fallback_search,"checked_pages_not_found (pages_checked=8,fetched_ok=8,total_text_chars=283413)",found_via_fallback_search,extracted,"checked_pages_not_found (pages_checked=8,fetched_ok=8,total_text_chars=283413)",Eurofins Calscience,False,Irvine Lab @ Eurofins Calscience,33.68531979999999,-117.8411301,google_rooftop,"17461 Derian Ave #100, Irvine, CA 92614, USA"
ENT-000482,1,env_labs_standardized.csv,Eurofins Cedar Falls,,TNI00232,3019 Venture Way,Cedar Falls,Iowa,,,env_labs,https://www.eurofins.com/env/,"Brian Graettinger, Lab Director",Brian.Graettinger@et.eurofinsus.com,,,,,,,,found_via_search,found_via_fallback_search,found_via_fallback_search,found_via_fallback_search,"no_pages_fetched_ok (pages_checked=1,fetched_ok=0,total_text_chars=0)","no_pages_fetched_ok (pages_checked=1,fetched_ok=0,total_text_chars=0)",Eurofins,False,Cedar Falls Lab @ Eurofins,42.4819306,-92.4820577,google_rooftop,"3019 Venture Way, Cedar Falls, IA 50613, USA"
ENT-000483,1,env_labs_standardized.csv,Eurofins Chicago,,TNI02053,,Tinley Park,Illinois,,,env_labs,https://www.eurofins.com/en/,,Richard.Wright@et.eurofinsus.com,,,,,,no_explicit_gmp,True,found_via_search,found_via_fallback_search,"checked_pages_not_found (pages_checked=8,fetched_ok=8,total_text_chars=275690)",found_via_fallback_search,extracted,extracted,Eurofins Chicago,True,HQ Lab @ Eurofins Chicago,41.5731442,-87.7932939,google_approximate,"Tinley Park, IL, USA"
ENT-000484,1,env_labs_standardized.csv,Eurofins Cleveland,,TNI00592,180 S. Van Buren Avenue,Barberton,Ohio,,,env_labs,,,,,,,,,,,search_found_nothing,found_via_fallback_search,no_website_cannot_check_pages,no_website_cannot_check_pages,no_website_cannot_check_pages,no_website_cannot_check_pages,Eurofins Cleveland,True,HQ Lab @ Eurofins Cleveland,41.0057962,-81.6027938,google_rooftop,"180 S Van Buren, Barberton, OH 44203, USA"
ENT-000485,1,env_labs_standardized.csv,Eurofins Columbia,,TNI02554,,Irmo,South Carolina,,,env_labs,,,,,,,,,,,search_found_nothing,no_website_fallback_search_failed,no_website_cannot_check_pages,no_website_cannot_check_pages,no_website_cannot_check_pages,no_website_cannot_check_pages,Eurofins Columbia,True,HQ Lab @ Eurofins Columbia,34.0859829,-81.1831513,google_approximate,"Irmo, SC, USA"
ENT-000486,1,env_labs_standardized.csv,EUROFINS CONCORD (#1012),,TNI01037,51 Antrim Avenue,CONCORD,New Hampshire,,,env_labs,http://easternanalytical.com/,Jennifer Scott,,,,,,,no_explicit_gmp,True,found_via_search,extracted,found_via_fallback_search,"checked_pages_not_found (pages_checked=7,fetched_ok=7,total_text_chars=20581)",extracted,extracted,EUROFINS CONCORD 1012,True,HQ Lab @ EUROFINS CONCORD 1012,43.2022497,-71.4875309,google_rooftop,"51 Antrim Ave, Concord, NH 03301, USA"
ENT-000487,1,env_labs_standardized.csv,Eurofins Corpus Christi,,TNI00022,1733 N. Padre Island Drive,Corpus Christi,Texas,,,env_labs,https://www.eurofins.com/en-us/environment-testing/locations/eurofins-corpus-christi,,Env.Marketing@EurofinsET.com,,,,,,,,found_via_search,found_via_fallback_search,"no_pages_fetched_ok (pages_checked=1,fetched_ok=0,total_text_chars=0)",found_via_fallback_search,"no_pages_fetched_ok (pages_checked=1,fetched_ok=0,total_text_chars=0)","no_pages_fetched_ok (pages_checked=1,fetched_ok=0,total_text_chars=0)",Eurofins,False,Corpus Christi Lab @ Eurofins,27.7925567,-97.46892679999999,google_geometric_center,"1733 N Padre Island Dr, Corpus Christi, TX 78408, USA"
ENT-000488,1,env_labs_standardized.csv,Eurofins Corvallis,,TNI00224,,Corvallis,Oregon,,,env_labs,https://www.eurofins.com/en-us/environment-testing/,Brett Muckey,brett.muckey@eurofinset.com,,,,,,no_explicit_gmp,True,found_via_search,found_via_fallback_search,found_via_fallback_search,found_via_fallback_search,extracted,extracted,Eurofins,False,Corvallis Lab @ Eurofins,44.5646356,-123.2619607,google_approximate,"Corvallis, OR, USA"
ENT-000489,1,env_labs_standardized.csv,Eurofins Dallas,,TNI00080,,Dallas,Texas,,,env_labs,https://foodtesting.eurofinsus.com/dallas/,Mike Kimmel,Mike.Kimmel@et.eurofinsus.com,,,,,,no_explicit_gmp,True,found_via_search,found_via_fallback_search,found_via_fallback_search,found_via_fallback_search,extracted,extracted,Eurofins,False,Dallas Lab @ Eurofins,32.7766642,-96.79698789999999,google_approximate,"Dallas, TX, USA"
ENT-000490,1,env_labs_standardized.csv,Eurofins Denver,,TNI00010,,Arvada,Colorado,,,env_labs,https://www.eurofins.com/en-us/environment-testing/,,Denver.QA@et.eurofinsus.com,,,,,,explicit_gmp,True,found_via_search,found_via_fallback_search,"checked_pages_not_found (pages_checked=8,fetched_ok=8,total_text_chars=278221)",found_via_fallback_search,found_via_fallback_search,extracted,Eurofins Denver,True,HQ Lab @ Eurofins Denver,39.8027644,-105.0874842,google_approximate,"Arvada, CO, USA"
ENT-000491,1,env_labs_standardized.csv,EUROFINS DERRY (#1015),,TNI01043,22 Manchester Road,DERRY,New Hampshire,,,env_labs,https://www.granitestateanalytical.com/,"Donald D'Anjou, PhD",ddanjou@granitestateanalytical.com,,,,,,no_explicit_gmp,True,found_via_search,extracted,extracted,extracted,extracted,extracted,EUROFINS DERRY 1015,True,HQ Lab @ EUROFINS DERRY 1015,42.8969926,-71.3320066,google_rooftop,"22 Manchester Rd, Derry, NH 03038, USA"
ENT-000492,1,env_labs_standardized.csv,"EUROFINS DRINKING WATER AND WASTEWATER CENTRAL, LLC",,TNI01646,1776 Marion-Waldo Road,MARION,Ohio,,,env_labs,,,,,,,,,,,search_found_nothing,found_via_fallback_search,no_website_cannot_check_pages,no_website_cannot_check_pages,no_website_cannot_check_pages,no_website_cannot_check_pages,EUROFINS DRINKING WATER AND WASTEWATER CENTRAL,True,HQ Lab @ EUROFINS DRINKING WATER AND WASTEWATER CENTRAL,40.5554748,-83.1153782,google_rooftop,"1776 Marion-Waldo Rd, Marion, OH 43302, USA"
ENT-000493,1,env_labs_standardized.csv,"Eurofins Eaton Analytical, LLC - Pomona",,TNI02760,941 Corporate Center Drive,Pomona,California,,,env_labs,https://www.eurofinsus.com/env,Terri Harlin,Terri.Harlin@et.eurofinsus.com,,,,,,no_explicit_gmp,True,found_via_search,found_via_fallback_search,found_via_fallback_search,found_via_fallback_search,extracted,extracted,Eurofins Eaton Analytical,True,HQ Lab @ Eurofins Eaton Analytical,34.0620071,-117.8033498,google_rooftop,"941 Corporate Center Dr, Pomona, CA 91768, USA"
ENT-000494,1,env_labs_standardized.csv,EUROFINS EDISON,,TNI01281,777 New Durham Rd,EDISON,New Jersey,,,env_labs,https://www.eurofinsus.com/env/,,,,,,,,no_explicit_gmp,True,found_via_search,found_via_fallback_search,"checked_pages_not_found (pages_checked=8,fetched_ok=3,total_text_chars=230569)","checked_pages_not_found (pages_checked=8,fetched_ok=3,total_text_chars=230569)",extracted,extracted,EUROFINS,True,HQ Lab @ EUROFINS,40.5399048,-74.38477139999999,google_geometric_center,"777 New Durham Rd, Edison, NJ 08817, USA"
ENT-000495,1,env_labs_standardized.csv,Eurofins El Paso,,TNI00032,,El Paso,Texas,,,env_labs,https://www.xenco.com/,Travis Richter,Travis.Richter@et.eurofinsus.com,,,,,,,,found_via_search,found_via_fallback_search,found_via_fallback_search,found_via_fallback_search,"no_pages_fetched_ok (pages_checked=1,fetched_ok=0,total_text_chars=0)","no_pages_fetched_ok (pages_checked=1,fetched_ok=0,total_text_chars=0)",Eurofins,False,El Paso Lab @ Eurofins,31.7618778,-106.4850217,google_approximate,"El Paso, TX, USA"
ENT-000496,1,env_labs_standardized.csv,EUROFINS ENVIRONMENT TESTING CANADA INC (#2248),,TNI02805,"146 Colonnade Rd, Suite 8",Ottawa,Ontario,,,env_labs,https://www.eurofins.com/,,infocanada@eurofins.com,,,,,,no_explicit_gmp,True,found_via_search,found_via_fallback_search,"checked_pages_not_found (pages_checked=8,fetched_ok=8,total_text_chars=275690)",found_via_fallback_search,extracted,extracted,EUROFINS ENVIRONMENT TESTING CANADA,True,HQ Lab @ EUROFINS ENVIRONMENT TESTING CANADA,38.7945952,-106.5348379,google_approximate,United States
ENT-000497,1,env_labs_standardized.csv,Eurofins Environment Testing Ecotoxicology,,TNI00021,"2501 Mayes Road, Suite 100",Carrollton,Texas,,,env_labs,https://www.eurofins.com/en-us/environment-testing/,,joshua.reed2@et.eurofinsus.com,,,,,,no_explicit_gmp,True,found_via_search,found_via_fallback_search,"checked_pages_not_found (pages_checked=8,fetched_ok=8,total_text_chars=278221)",found_via_fallback_search,extracted,extracted,Eurofins Environment Testing Ecotoxicology,True,HQ Lab @ Eurofins Environment Testing Ecotoxicology,32.9791632,-96.9236945,google_rooftop,"2501 Mayes Rd #100, Carrollton, TX 75006, USA"
ENT-000498,1,env_labs_standardized.csv,Eurofins Environment Testing North Central,,TNI02593,180 S. VanBuren Avenue,Cleveland,Ohio,,,env_labs,https://www.eurofins.com/en-us/environment-testing/,,,,,,,,no_explicit_gmp,True,found_via_search,found_via_fallback_search,"checked_pages_not_found (pages_checked=8,fetched_ok=8,total_text_chars=278221)","checked_pages_not_found (pages_checked=8,fetched_ok=8,total_text_chars=278221)",extracted,extracted,Eurofins Environment Testing North Central,True,HQ Lab @ Eurofins Environment Testing North Central,41.4204322,-81.7044668,google_geometric_center,"Sunrise Dr, Cleveland, OH 44134, USA"
ENT-000499,1,env_labs_standardized.csv,"Eurofins Environment Testing Northern California, LLC",,TNI01204,,Folsom,California,,,env_labs,https://www.eurofins.com/en/environment-testing/,,env.marketing@et.eurofinsus.com,,,,,,no_explicit_gmp,True,found_via_search,found_via_fallback_search,"checked_pages_not_found (pages_checked=8,fetched_ok=8,total_text_chars=369451)",found_via_fallback_search,extracted,extracted,Eurofins Environment Testing Northern California,True,HQ Lab @ Eurofins Environment Testing Northern California,38.6719495,-121.1612945,google_approximate,"Folsom, CA, USA"
ENT-000500,1,env_labs_standardized.csv,Eurofins Environment Testing Northwest - ASL,,TNI00202,,Corvallis,Oregon,,,env_labs,,,,,,,,,,,search_found_nothing,found_via_fallback_search,no_website_cannot_check_pages,no_website_cannot_check_pages,no_website_cannot_check_pages,no_website_cannot_check_pages,Eurofins Environment Testing Northwest ASL,True,HQ Lab @ Eurofins Environment Testing Northwest ASL,44.5646356,-123.2619607,google_approximate,"Corvallis, OR, USA"
ENT-000501,1,env_labs_standardized.csv,EUROFINS ENVIRONMENT TESTING NORWAY AS,,TNI02397,"Ægirs vei 10, 4632 KRISTIANSAND S",KRISTIANSAND,Not Applicable,,,env_labs,http://www.eurofins.no/,,foodconsulting@ftn.eurofins.com,,,,,,no_explicit_gmp,True,found_via_search,found_via_fallback_search,"checked_pages_not_found (pages_checked=7,fetched_ok=7,total_text_chars=135440)",extracted,extracted,extracted,EUROFINS ENVIRONMENT TESTING NORWAY AS,True,HQ Lab @ EUROFINS ENVIRONMENT TESTING NORWAY AS,38.7945952,-106.5348379,google_approximate,United States
ENT-000502,1,env_labs_standardized.csv,EUROFINS ENVIRONMENT TESTING RADON LLC,,TNI01699,"2501 Mayes Rd, Unit 100",CARROLLTON,Texas,,,env_labs,https://aelabs.com/,,radon@aelabs.com,,,,,,no_explicit_gmp,True,found_via_search,found_via_fallback_search,"checked_pages_not_found (pages_checked=2,fetched_ok=2,total_text_chars=11410)",found_via_fallback_search,extracted,extracted,EUROFINS ENVIRONMENT TESTING RADON,True,HQ Lab @ EUROFINS ENVIRONMENT TESTING RADON,32.9791632,-96.9236945,google_rooftop,"2501 Mayes Rd #100, Carrollton, TX 75006, USA"
ENT-000503,1,env_labs_standardized.csv,Eurofins Environment Testing South Central-SATL,,TNI00138,1610 South Laredo St,San Antonio,Texas,,,env_labs,https://www.satestinglab.com/,Xavier Escobar,Travis.Richter@et.eurofinsus.com,,,,,,no_explicit_gmp,True,found_via_search,extracted,extracted,extracted,extracted,extracted,Eurofins Environment Testing South Central SATL,True,HQ Lab @ Eurofins Environment Testing South Central SATL,29.4111745,-98.5095954,google_rooftop,"1610 S Laredo St, San Antonio, TX 78207, USA"
ENT-000504,1,env_labs_standardized.csv,"Eurofins EPK Built Environment Testing, LLC",,TNI01771,7619 6th Avenue NW,Seattle,Washington,,,env_labs,https://www.eurofins.com/en-us/environment-testing/built-environment-testing/,Kuan Wen Chen,Kuan.Chen@et.eurofinsus.com,,,,,,no_explicit_gmp,True,found_via_search,found_via_fallback_search,found_via_fallback_search,found_via_fallback_search,extracted,extracted,Eurofins EPK Built Environment Testing,True,HQ Lab @ Eurofins EPK Built Environment Testing,47.6845174,-122.363523,google_rooftop,"7619 6th Ave NW, Seattle, WA 98117, USA"
ENT-000505,1,env_labs_standardized.csv,Eurofins Florida Keys,,TNI00445,"3980 Overseas Highway, Suite 103",Marathon,Florida,,,env_labs,https://www.eurofinsus.com/env,,Env.Marketing@EurofinsET.com,,,,,,no_explicit_gmp,False,found_via_search,found_via_fallback_search,"checked_pages_not_found (pages_checked=8,fetched_ok=3,total_text_chars=230569)",found_via_fallback_search,extracted,"checked_pages_not_found (pages_checked=8,fetched_ok=3,total_text_chars=230569)",Eurofins Florida Keys,True,HQ Lab @ Eurofins Florida Keys,24.7132285,-81.0882927,google_rooftop,"3980 Overseas Hwy #103, Marathon, FL 33050, USA"
ENT-000506,1,env_labs_standardized.csv,Eurofins Fort Lauderdale,,TNI02553,,Fort Lauderdale,Florida,,,env_labs,https://www.eurofinsus.com/environment-testing/built-environment/,,Env.Marketing@EurofinsET.com,,,,,,no_explicit_gmp,True,found_via_search,found_via_fallback_search,"checked_pages_not_found (pages_checked=8,fetched_ok=3,total_text_chars=231172)",found_via_fallback_search,extracted,extracted,Eurofins,False,Fort Lauderdale Lab @ Eurofins,26.1224386,-80.13731740000001,google_approximate,"Fort Lauderdale, FL, USA"
ENT-000507,1,env_labs_standardized.csv,Eurofins Ft. Myers,,TNI00554,,Ft. Myers,Florida,,,env_labs,,,,,,,,,,,search_found_nothing,no_website_fallback_search_failed,no_website_cannot_check_pages,no_website_cannot_check_pages,no_website_cannot_check_pages,no_website_cannot_check_pages,Eurofins,False,Ft. Myers Lab @ Eurofins,26.6409247,-81.8605575,google_approximate,"Fort Myers, FL, USA"
ENT-000508,1,env_labs_standardized.csv,Eurofins Geneva,,TNI02050,,Geneva,Illinois,,,env_labs,https://www.suburbanlabs.com/,,,,,,,,,,found_via_search,"no_pages_fetched_ok (pages_checked=1,fetched_ok=0,total_text_chars=0)","no_pages_fetched_ok (pages_checked=1,fetched_ok=0,total_text_chars=0)","no_pages_fetched_ok (pages_checked=1,fetched_ok=0,total_text_chars=0)","no_pages_fetched_ok (pages_checked=1,fetched_ok=0,total_text_chars=0)","no_pages_fetched_ok (pages_checked=1,fetched_ok=0,total_text_chars=0)",Eurofins,False,Geneva Lab @ Eurofins,41.8926437,-88.3287896,google_approximate,"Geneva, IL, USA"
ENT-000509,1,env_labs_standardized.csv,Eurofins Houston,,TNI00026,,Stafford,Texas,,,env_labs,https://www.eurofins.com/en/,Bethany McDaniel,Bethany.McDaniel@ET.EurofinsUS.com,,,,,,no_explicit_gmp,,found_via_search,found_via_fallback_search,found_via_fallback_search,found_via_fallback_search,extracted,"checked_pages_not_found (pages_checked=8,fetched_ok=8,total_text_chars=275690)",Eurofins Houston,True,HQ Lab @ Eurofins Houston,29.6160671,-95.55772209999999,google_approximate,"Stafford, TX 77477, USA"
ENT-000510,1,env_labs_standardized.csv,Eurofins Huntsville,,TNI00017,,Huntsville,Texas,,,env_labs,https://www.eurofins.com/en-us/environment-testing/,,,,,,,,no_explicit_gmp,True,found_via_search,found_via_fallback_search,"checked_pages_not_found (pages_checked=8,fetched_ok=8,total_text_chars=278221)","checked_pages_not_found (pages_checked=8,fetched_ok=8,total_text_chars=278221)",extracted,extracted,Eurofins,False,Huntsville Lab @ Eurofins,30.7235263,-95.55077709999999,google_approximate,"Huntsville, TX, USA"
ENT-000511,1,env_labs_standardized.csv,Eurofins Jacksonville,,TNI00399,,Jacksonville,Florida,,,env_labs,https://www.eurofins.com/BPT,,,,,,,,explicit_gmp,True,found_via_search,found_via_fallback_search,"checked_pages_not_found (pages_checked=8,fetched_ok=8,total_text_chars=366051)","checked_pages_not_found (pages_checked=8,fetched_ok=8,total_text_chars=366051)",extracted,extracted,Eurofins,False,Jacksonville Lab @ Eurofins,30.3297566,-81.6591529,google_approximate,"Jacksonville, FL, USA"
ENT-000512,1,env_labs_standardized.csv,Eurofins Kansas City,,TNI03063,"18000 W 99th St., Ste.#10",Lenexa,Kansas,,,env_labs,https://www.eurofins-viracor.com/,"Brock Neil, Clinical Laboratory Director PhD, BCLD (ABB)",info@viracor.eurofinsus.com,,,,,,no_explicit_gmp,True,found_via_search,extracted,extracted,extracted,extracted,extracted,Eurofins Kansas City,True,HQ Lab @ Eurofins Kansas City,38.9510922,-94.7935418,google_rooftop,"18000 W 99th St #10, Lenexa, KS 66219, USA"
ENT-000513,1,env_labs_standardized.csv,Eurofins Knoxville,,TNI00189,,Knoxville,Tennessee,,,env_labs,https://www.eurofins.com/en-us/environment-testing/,Anna Barlozhetskaya,Anna.Barlozhetskaya@et.eurofinsus.com,,,,,,explicit_gmp,True,found_via_search,found_via_fallback_search,found_via_fallback_search,found_via_fallback_search,found_via_fallback_search,extracted,Eurofins,False,Knoxville Lab @ Eurofins,35.965266,-83.923304,google_approximate,"Knoxville, TN, USA"
ENT-000514,1,env_labs_standardized.csv,"Eurofins Lancaster Laboratories Environment Testing, LLC",,TNI02128,2425 New Holland Pike,Lancaster,Pennsylvania,,,env_labs,https://www.eurofins.com/en-us/environment-testing/,,kenneth.boley@ET.EurofinsUS.com,,,,,,no_explicit_gmp,True,found_via_search,found_via_fallback_search,"checked_pages_not_found (pages_checked=8,fetched_ok=8,total_text_chars=278221)",found_via_fallback_search,extracted,extracted,Eurofins Lancaster Laboratories Environment Testing,True,HQ Lab @ Eurofins Lancaster Laboratories Environment Testing,40.08505880000001,-76.22356549999999,google_rooftop,"2425 New Holland Pike, Lancaster, PA 17601, USA"
ENT-000515,1,env_labs_standardized.csv,Eurofins Lubbock,,TNI00030,,Lubbock,Texas,,,env_labs,https://www.eurofinsus.com/,,jessica.kramer@eurofinscom,,,,,,no_explicit_gmp,True,found_via_search,found_via_fallback_search,"checked_pages_not_found (pages_checked=8,fetched_ok=3,total_text_chars=229864)",found_via_fallback_search,extracted,extracted,Eurofins,False,Lubbock Lab @ Eurofins,33.5845235,-101.8552139,google_approximate,"Lubbock, TX, USA"
ENT-000516,1,env_labs_standardized.csv,Eurofins Madison,,TNI00446,812 S.W. Harvey Greene Drive,Madison,Florida,,,env_labs,https://www.eurofinsus.com/env,,,,,,,,no_explicit_gmp,True,found_via_search,found_via_fallback_search,"checked_pages_not_found (pages_checked=8,fetched_ok=3,total_text_chars=230569)","checked_pages_not_found (pages_checked=8,fetched_ok=3,total_text_chars=230569)",extracted,extracted,Eurofins,False,Madison Lab @ Eurofins,30.4486694,-83.415486,google_rooftop,"812 SW Harvey Greene Dr, Madison, FL 32340, USA"
ENT-000517,1,env_labs_standardized.csv,Eurofins Nokomis,,TNI00553,1050 Endeavor Court,Nokomis,Florida,,,env_labs,https://sanderslabs.net/,,,,,,,,no_explicit_gmp,True,found_via_search,extracted,"checked_pages_not_found (pages_checked=6,fetched_ok=6,total_text_chars=12663)","checked_pages_not_found (pages_checked=6,fetched_ok=6,total_text_chars=12663)",extracted,extracted,Eurofins,False,Nokomis Lab @ Eurofins,27.1418631,-82.4042892,google_rooftop,"1050 Endeavor Ct, Nokomis, FL 34275, USA"
ENT-000518,1,env_labs_standardized.csv,Eurofins Oklahoma City,,TNI02180,4619 N. Santa Fe,Oklahoma City,Oklahoma,,,env_labs,https://www.etilab.com/,"Keith Hopcus, Technical Director",,,,,,,no_explicit_gmp,True,found_via_search,extracted,extracted,"checked_pages_not_found (pages_checked=8,fetched_ok=7,total_text_chars=22804)",extracted,extracted,Eurofins,False,Oklahoma City Lab @ Eurofins,35.5185257,-97.5126622,google_rooftop,"4619 N Santa Fe Ave, Oklahoma City, OK 73118, USA"
ENT-000519,1,env_labs_standardized.csv,Eurofins Orlando,,TNI00444,481 Newburyport Avenue,Altamonte Springs,Florida,,,env_labs,https://www.eurofins.com/en-us/environment-testing/,Cynthia Larosa,cynthia.larosa@et.eurofinsus.com,,,,,,no_explicit_gmp,True,found_via_search,found_via_fallback_search,found_via_fallback_search,found_via_fallback_search,extracted,extracted,Eurofins Orlando,True,HQ Lab @ Eurofins Orlando,28.6689984,-81.35938259999999,google_rooftop,"481 Newburyport Ave, Altamonte Springs, FL 32701, USA"
ENT-000520,1,env_labs_standardized.csv,Eurofins Orlando,,TNI00400,,Orlando,Florida,,,env_labs,https://www.eurofinsus.com/Env,Cynthia Larosa,cynthia.larosa@et.eurofinsus.com,,,,,,no_explicit_gmp,True,found_via_search,found_via_fallback_search,found_via_fallback_search,found_via_fallback_search,extracted,extracted,Eurofins,False,Orlando Lab @ Eurofins,28.5383832,-81.3789269,google_approximate,"Orlando, FL, USA"
ENT-000521,1,env_labs_standardized.csv,Eurofins Pensacola,,TNI00601,3355 McLemore Dr,Pensacola,Florida,,,env_labs,https://www.eurofins.com/en-us/locations/eurofins-environment-testing-pensacola,Darlene Nelson,darlene.nelson@eurofinset.com,,,,,,,,found_via_search,found_via_fallback_search,found_via_fallback_search,found_via_fallback_search,"no_pages_fetched_ok (pages_checked=1,fetched_ok=0,total_text_chars=0)","no_pages_fetched_ok (pages_checked=1,fetched_ok=0,total_text_chars=0)",Eurofins,False,Pensacola Lab @ Eurofins,30.5195347,-87.19397029999999,google_rooftop,"3355 McLemore St, Pensacola, FL 32514, USA"
ENT-000522,1,env_labs_standardized.csv,Eurofins Philadelphia - Horsham,,TNI02569,"2430 New Holland Pike Building D, Suite 100",Horsham,Pennsylvania,,,env_labs,https://eurofinscentrallaboratory.com/clinical-trial-supplies/,Jackie Gartner,clinicaltrials@eurofins.com,,,,,,explicit_gmp,True,found_via_search,extracted,found_via_fallback_search,extracted,found_via_fallback_search,extracted,Eurofins Philadelphia,True,HQ Lab @ Eurofins Philadelphia,40.0833721,-76.22258219999999,google_rooftop,"2430 New Holland Pike building d, suite 100, Lancaster, PA 17601, USA"
ENT-000523,1,env_labs_standardized.csv,Eurofins Phoenix,,TNI00231,,Phoenix,Arizona,,,env_labs,https://www.emlab.com/app/main/Welcome,"Dr. Harriet Burge, Director of Aerobiology and Chair of Eurofins Built Environment Testing's Scientific Advisory Board",[email protected],,,,,,explicit_gmp,True,found_via_search,found_via_fallback_search,extracted,extracted,found_via_fallback_search,extracted,Eurofins,False,Phoenix Lab @ Eurofins,33.4482948,-112.0725488,google_approximate,"Phoenix, AZ, USA"
ENT-000524,1,env_labs_standardized.csv,Eurofins Pittsburgh,,TNI02151,"301 Alpha Drive, RIDC Park",Pittsburgh,Pennsylvania,,,env_labs,https://www.eurofinsus.com/env,Stephen Gordon,StephenGordon@EurofinsUS.com,,,,,,no_explicit_gmp,True,found_via_search,found_via_fallback_search,found_via_fallback_search,found_via_fallback_search,extracted,extracted,Eurofins,False,Pittsburgh Lab @ Eurofins,40.5002822,-79.8697955,google_rooftop,"566 Alpha Dr, Pittsburgh, PA 15238, USA"
ENT-000525,1,env_labs_standardized.csv,Eurofins Port St. Lucie,,TNI00447,,Port St. Lucie,Florida,,,env_labs,https://www.eurofinsus.com/env,,Env.Marketing@EurofinsET.com,,,,,,no_explicit_gmp,True,found_via_search,found_via_fallback_search,"checked_pages_not_found (pages_checked=8,fetched_ok=3,total_text_chars=230569)",found_via_fallback_search,extracted,extracted,Eurofins,False,Port St. Lucie Lab @ Eurofins,27.2730492,-80.3582261,google_approximate,"Port St. Lucie, FL, USA"
ENT-000526,1,env_labs_standardized.csv,EUROFINS PORTSMOUTH (#1732),,TNI01061,124 Heritage Ave,PORTSMOUTH,New Hampshire,,,env_labs,https://www.eurofins.com/,,,,,,,,no_explicit_gmp,True,found_via_search,found_via_fallback_search,"checked_pages_not_found (pages_checked=8,fetched_ok=8,total_text_chars=275690)","checked_pages_not_found (pages_checked=8,fetched_ok=8,total_text_chars=275690)",extracted,extracted,EUROFINS PORTSMOUTH 1732,True,HQ Lab @ EUROFINS PORTSMOUTH 1732,43.0350363,-70.7963243,google_rooftop,"124 Heritage Ave, Portsmouth, NH 03801, USA"
ENT-000527,1,env_labs_standardized.csv,EUROFINS PROVIDENCE (ESS) (#2424),,TNI01041,,CRANSTON,Rhode Island,,,env_labs,https://www.esslaboratory.com/,Laurel Stoddard,,,,,,,no_explicit_gmp,True,found_via_search,found_via_fallback_search,found_via_fallback_search,"checked_pages_not_found (pages_checked=8,fetched_ok=3,total_text_chars=230569)",extracted,extracted,EUROFINS PROVIDENCE ESS 2424,True,HQ Lab @ EUROFINS PROVIDENCE ESS 2424,41.7794753,-71.4373699,google_approximate,"Cranston, RI, USA"
ENT-000528,1,env_labs_standardized.csv,Eurofins Raleigh,,TNI00398,,Cary,North Carolina,,,env_labs,https://www.eurofinsus.com/CEI,,,,,,,,explicit_gmp,,found_via_search,found_via_fallback_search,"no_pages_fetched_ok (pages_checked=1,fetched_ok=0,total_text_chars=0)","no_pages_fetched_ok (pages_checked=1,fetched_ok=0,total_text_chars=0)",found_via_fallback_search,"no_pages_fetched_ok (pages_checked=1,fetched_ok=0,total_text_chars=0)",Eurofins Raleigh,True,HQ Lab @ Eurofins Raleigh,35.7890402,-78.77976439999999,google_approximate,"Cary, NC, USA"
ENT-000529,1,env_labs_standardized.csv,EUROFINS RHODE ISLAND (#2245),,TNI00575,,NORTH KINGSTON,Rhode Island,,,env_labs,https://www.eurofinsus.com/env,,,,,,,,no_explicit_gmp,True,found_via_search,found_via_fallback_search,"checked_pages_not_found (pages_checked=8,fetched_ok=3,total_text_chars=230569)","checked_pages_not_found (pages_checked=8,fetched_ok=3,total_text_chars=230569)",extracted,extracted,EUROFINS RHODE ISLAND 2245,True,HQ Lab @ EUROFINS RHODE ISLAND 2245,41.5662005,-71.46378469999999,google_approximate,"North Kingstown, RI, USA"
ENT-000530,1,env_labs_standardized.csv,Eurofins Sacramento,,TNI01230,880 Riverside Parkway,West Sacramento,California,,,env_labs,https://www.eurofinsus.com/,Ian Manis,Ian.Manis@et.eurofinsus.com,,,,,,no_explicit_gmp,False,found_via_search,found_via_fallback_search,found_via_fallback_search,found_via_fallback_search,extracted,"checked_pages_not_found (pages_checked=8,fetched_ok=3,total_text_chars=229864)",Eurofins Sacramento,True,HQ Lab @ Eurofins Sacramento,38.589378,-121.5679198,google_rooftop,"880 Riverside Pkwy, West Sacramento, CA 95605, USA"
ENT-000531,1,env_labs_standardized.csv,Eurofins Savannah,,TNI00593,,Savannah,Georgia,,,env_labs,https://www.testamericainc.com/,,,,,,,,no_explicit_gmp,False,found_via_search,found_via_fallback_search,"checked_pages_not_found (pages_checked=8,fetched_ok=8,total_text_chars=271474)","checked_pages_not_found (pages_checked=8,fetched_ok=8,total_text_chars=271474)",extracted,"checked_pages_not_found (pages_checked=8,fetched_ok=8,total_text_chars=271474)",Eurofins,False,Savannah Lab @ Eurofins,32.0808989,-81.091203,google_approximate,"Savannah, GA, USA"
ENT-000532,1,env_labs_standardized.csv,EUROFINS SCITEC SA,,TNI01664,Avenue de Provence 18,1007 LAUSANNE,Not Applicable,,,env_labs,https://scitecsa.com/,,labo@etdach.eurofins.com,,,,,,no_explicit_gmp,True,found_via_search,extracted,"checked_pages_not_found (pages_checked=3,fetched_ok=3,total_text_chars=6211)",extracted,extracted,extracted,EUROFINS SCITEC SA,True,HQ Lab @ EUROFINS SCITEC SA,38.7945952,-106.5348379,google_approximate,United States
ENT-000533,1,env_labs_standardized.csv,Eurofins Seattle,,TNI00452,5755 8th St E,Tacoma,Washington,,,env_labs,https://www.eurofins.com/en-us/environment-testing/locations/eurofins-seattle/,Dylan Cummins,Dylan.Cummins@et.eurofinsus.com,,,,,,no_explicit_gmp,True,found_via_search,found_via_fallback_search,found_via_fallback_search,found_via_fallback_search,extracted,extracted,Eurofins Seattle,True,HQ Lab @ Eurofins Seattle,47.2504467,-122.3513014,google_rooftop,"5755 8th St E, Fife, WA 98424, USA"
ENT-000534,1,env_labs_standardized.csv,Eurofins South Bend,,TNI00617,,South Bend,Indiana,,,env_labs,https://www.eurofinsus.com/,,,,,,,,no_explicit_gmp,True,found_via_search,found_via_fallback_search,"checked_pages_not_found (pages_checked=8,fetched_ok=3,total_text_chars=229864)","checked_pages_not_found (pages_checked=8,fetched_ok=3,total_text_chars=229864)",extracted,extracted,Eurofins,False,South Bend Lab @ Eurofins,41.6763545,-86.25198979999999,google_approximate,"South Bend, IN, USA"
ENT-000535,1,env_labs_standardized.csv,Eurofins Spokane,,TNI02475,"504 E. Sprague Ave., Ste. D",Spokane,Washington,,,env_labs,https://www.eurofins.com/en-us/environment-testing/,Randee Arrington,Randee.Arrington@et.eurofinsus.com,,,,,,no_explicit_gmp,True,found_via_search,found_via_fallback_search,found_via_fallback_search,found_via_fallback_search,extracted,extracted,Eurofins,False,Spokane Lab @ Eurofins,47.656925,-117.40314,google_rooftop,"504 E Sprague Ave D, Spokane, WA 99202, USA"
ENT-000536,1,env_labs_standardized.csv,Eurofins St. Louis,,TNI00602,13715 Rider Trail North,Earth City,Missouri,,,env_labs,https://www.eurofinsus.com/env,George Witt,George.Witt@eurofinset.com,,,,,,no_explicit_gmp,True,found_via_search,found_via_fallback_search,found_via_fallback_search,found_via_fallback_search,extracted,extracted,Eurofins St Louis,True,HQ Lab @ Eurofins St Louis,38.7765025,-90.4609498,google_rooftop,"13715 Rider Trail N, Earth City, MO 63045, USA"
ENT-000537,1,env_labs_standardized.csv,Eurofins Tampa,,TNI00594,"6712 Benjamin Road, Suite 100",Tampa,Florida,,,env_labs,https://www.eurofinsus.com/,,,,,,,,no_explicit_gmp,False,found_via_search,found_via_fallback_search,"checked_pages_not_found (pages_checked=8,fetched_ok=3,total_text_chars=229864)","checked_pages_not_found (pages_checked=8,fetched_ok=3,total_text_chars=229864)",extracted,"checked_pages_not_found (pages_checked=8,fetched_ok=3,total_text_chars=229864)",Eurofins,False,Tampa Lab @ Eurofins,28.0087895,-82.54369849999999,google_rooftop,"6712 Benjamin Rd #100, Tampa, FL 33634, USA"
ENT-000538,1,env_labs_standardized.csv,Eurofins TestAmerica - Houston,,TNI00034,,Houston,Texas,,,env_labs,https://www.eurofinsus.com/Env,,EnvTesting@EurofinsUS.com,,,,,,no_explicit_gmp,True,found_via_search,found_via_fallback_search,"checked_pages_not_found (pages_checked=8,fetched_ok=3,total_text_chars=230569)",found_via_fallback_search,extracted,extracted,Eurofins TestAmerica,True,HQ Lab @ Eurofins TestAmerica,29.7600771,-95.37011079999999,google_approximate,"Houston, TX, USA"
ENT-000539,1,env_labs_standardized.csv,Eurofins TestAmerica Seattle,,TNI00235,,Tacoma,Washington,,,env_labs,https://www.eurofins.com/en-us/environment-testing/locations/eurofins-seattle/,,Dylan.Cummins@et.eurofinsus.com,,,,,,no_explicit_gmp,True,found_via_search,found_via_fallback_search,"checked_pages_not_found (pages_checked=8,fetched_ok=8,total_text_chars=278221)",found_via_fallback_search,extracted,extracted,Eurofins TestAmerica Seattle,True,HQ Lab @ Eurofins TestAmerica Seattle,47.2551307,-122.4419643,google_approximate,"Tacoma, WA, USA"
ENT-000540,1,env_labs_standardized.csv,Eurofins Washington,,TNI00385,1620 S Walnut Street,Burlington,Washington,,,env_labs,https://www.eurofinsus.com/,,Melissa.Swanson@et.eurofinsus.com,,,,,,no_explicit_gmp,True,found_via_search,found_via_fallback_search,"checked_pages_not_found (pages_checked=8,fetched_ok=3,total_text_chars=229864)",found_via_fallback_search,extracted,extracted,Eurofins Washington,True,HQ Lab @ Eurofins Washington,48.4550782,-122.3307781,google_rooftop,"1620 S Walnut St, Burlington, WA 98233, USA"
ENT-000541,1,env_labs_standardized.csv,Eurofins Wilsonville,,TNI02170,,Wilsonville,Oregon,,,env_labs,,,,,,,,,,,search_found_nothing,found_via_fallback_search,no_website_cannot_check_pages,no_website_cannot_check_pages,no_website_cannot_check_pages,no_website_cannot_check_pages,Eurofins,False,Wilsonville Lab @ Eurofins,45.3029344,-122.7726687,google_approximate,"Wilsonville, OR, USA"
ENT-000542,1,env_labs_standardized.csv,EVANS CHEMETICS ANALYTICAL LAB,,TNI01466,,WATERLOO,New York,,,env_labs,,,,,,,,,,,search_found_nothing,found_via_fallback_search,no_website_cannot_check_pages,no_website_cannot_check_pages,no_website_cannot_check_pages,no_website_cannot_check_pages,EVANS CHEMETICS ANALYTICAL LAB,True,HQ Lab @ EVANS CHEMETICS ANALYTICAL LAB,42.9047884,-76.8627367,google_approximate,"Waterloo, NY 13165, USA"
ENT-000543,1,env_labs_standardized.csv,"Everglades Laboratories, Inc.",,TNI00410,"2253 Vista Parkway, Suite 11",West Palm Beach,Florida,,,env_labs,https://www.evergladeslabs.com/,,info@evergladeslabs.com,,,,,,no_explicit_gmp,True,found_via_search,extracted,"checked_pages_not_found (pages_checked=4,fetched_ok=4,total_text_chars=3246)",extracted,extracted,extracted,Everglades Laboratories,True,HQ Lab @ Everglades Laboratories,26.7192878,-80.1507087,google_rooftop,"2253 Vista Pkwy #11, West Palm Beach, FL 33411, USA"
ENT-000544,1,env_labs_standardized.csv,Everglades Research and Education Center,,TNI00411,3200 East Canal St South,Belle Glade,Florida,,,env_labs,https://erec.ifas.ufl.edu/,,mmburrus@ufl.edu,,,,,,no_explicit_gmp,False,found_via_search,extracted,"checked_pages_not_found (pages_checked=8,fetched_ok=8,total_text_chars=27412)",found_via_fallback_search,extracted,"checked_pages_not_found (pages_checked=8,fetched_ok=8,total_text_chars=27412)",Everglades Research and Education Center,True,HQ Lab @ Everglades Research and Education Center,26.6666193,-80.6342517,google_rooftop,"3200 E Canal St S, Belle Glade, FL 33430, USA"
ENT-000545,1,env_labs_standardized.csv,EWEB Water Quality Laboratory,,TNI00215,4200 Roosevelt Boulevard,Springfield,Oregon,,,env_labs,https://www.eweb.org/,,eweb.answers@eweb.org,,,,,,no_explicit_gmp,False,found_via_search,extracted,"checked_pages_not_found (pages_checked=8,fetched_ok=8,total_text_chars=41190)",extracted,extracted,"checked_pages_not_found (pages_checked=8,fetched_ok=8,total_text_chars=41190)",EWEB Water Quality Laboratory,True,HQ Lab @ EWEB Water Quality Laboratory,44.0462362,-123.0220289,google_approximate,"Springfield, OR, USA"
ENT-000546,1,env_labs_standardized.csv,FALLSBURG (T) ENV LAB,,TNI01568,PO Box 2019,SO FALLSBURG,New York,,,env_labs,,,,,,,,,,,search_found_nothing,found_via_fallback_search,no_website_cannot_check_pages,no_website_cannot_check_pages,no_website_cannot_check_pages,no_website_cannot_check_pages,FALLSBURG T ENV LAB,True,HQ Lab @ FALLSBURG T ENV LAB,41.7313608,-74.60218909999999,google_approximate,"Fallsburg, NY, USA"
ENT-000547,1,env_labs_standardized.csv,FDOH Environmental Laboratory West Palm Beach,,TNI02728,"800 Clematis Street, Room 1155",West Palm Beach,Florida,,,env_labs,https://palmbeach.floridahealth.gov/programs-and-services/environmental-health/water-lab/,,EPHLaboratory@flhealth.gov,,,,,,,,found_via_search,found_via_fallback_search,"no_pages_fetched_ok (pages_checked=1,fetched_ok=0,total_text_chars=0)",found_via_fallback_search,"no_pages_fetched_ok (pages_checked=1,fetched_ok=0,total_text_chars=0)","no_pages_fetched_ok (pages_checked=1,fetched_ok=0,total_text_chars=0)",FDOH Environmental Laboratory,True,HQ Lab @ FDOH Environmental Laboratory,26.713192,-80.0598516,google_rooftop,"800 Clematis St #1155, West Palm Beach, FL 33401, USA"
ENT-000548,1,env_labs_standardized.csv,Fibertec Environmental Services,,TNI02260,1914 Holloway Dr,Holt,Michigan,,,env_labs,http://www.fibertec.us,Daryl P. Strandbergh,lab@fibertec.us,,,,,,,,found_via_search,found_via_fallback_search,found_via_fallback_search,found_via_fallback_search,"no_pages_fetched_ok (pages_checked=1,fetched_ok=0,total_text_chars=0)","no_pages_fetched_ok (pages_checked=1,fetched_ok=0,total_text_chars=0)",Fibertec Environmental Services,True,HQ Lab @ Fibertec Environmental Services,42.6377125,-84.4922988,google_rooftop,"1914 Holloway Dr, Holt, MI 48842, USA"
ENT-000549,1,env_labs_standardized.csv,Fillmore SWCD Water Quality Laboratory,,TNI01145,,Preston,Minnesota,,,env_labs,https://www.fillmoreswcd.org/,Nikki Wheeler,nikki.wheeler@fillmoreswcd.org,,,,,,no_explicit_gmp,False,found_via_search,extracted,extracted,extracted,extracted,"checked_pages_not_found (pages_checked=8,fetched_ok=8,total_text_chars=45249)",Fillmore SWCD Water Quality Laboratory,True,HQ Lab @ Fillmore SWCD Water Quality Laboratory,43.6737553,-92.08368089999999,google_approximate,"Preston, MN 55965, USA"
ENT-000550,1,env_labs_standardized.csv,FINGER LAKES INSTITUTE,,TNI02814,,GENEVA,New York,,,env_labs,https://www.hws.edu/centers/finger-lakes-institute/,Lisa Cleckner,bhalfman@hws.edu,,,,,,no_explicit_gmp,False,found_via_search,found_via_fallback_search,found_via_fallback_search,extracted,extracted,"checked_pages_not_found (pages_checked=8,fetched_ok=7,total_text_chars=62705)",FINGER LAKES INSTITUTE,True,HQ Lab @ FINGER LAKES INSTITUTE,42.8679836,-76.985557,google_approximate,"Geneva, NY 14456, USA"
ENT-000551,1,env_labs_standardized.csv,FINGER LAKES LPG STORAGE LLC,,TNI01737,7535 Eagle Valley Rd,SAVONA,New York,,,env_labs,,,,,,,,,,,search_found_nothing,found_via_fallback_search,no_website_cannot_check_pages,no_website_cannot_check_pages,no_website_cannot_check_pages,no_website_cannot_check_pages,FINGER LAKES LPG STORAGE,True,HQ Lab @ FINGER LAKES LPG STORAGE,42.30769799999999,-77.2556673,google_rooftop,"7535 Eagle Valley Rd, Savona, NY 14879, USA"
ENT-000552,1,env_labs_standardized.csv,"First Environmental Laboratories, Inc.",,TNI02031,"1600 Shore Road, Suite D",Naperville,Illinois,,,env_labs,https://www.firstenvlims.com/,Neal Cleghorn,firstinfo@firstenv.com,,,,,,no_explicit_gmp,True,found_via_search,found_via_fallback_search,found_via_fallback_search,found_via_fallback_search,extracted,extracted,First Environmental Laboratories,True,HQ Lab @ First Environmental Laboratories,41.7966603,-88.2261108,google_rooftop,"1600 Shore Rd Ste D, Naperville, IL 60563, USA"
ENT-000553,1,env_labs_standardized.csv,FL Department of Health -  Miami Branch Laboratory,,TNI00416,"1325 N.W. 14th Ave., Building 7",Miami,Florida,,,env_labs,https://www.floridahealth.gov/community-environmental-public-health/public-health-laboratories/locations/,,MiamiVirology@flhealth.gov,,,,,,,,found_via_search,found_via_fallback_search,"no_pages_fetched_ok (pages_checked=1,fetched_ok=0,total_text_chars=0)",found_via_fallback_search,"no_pages_fetched_ok (pages_checked=1,fetched_ok=0,total_text_chars=0)","no_pages_fetched_ok (pages_checked=1,fetched_ok=0,total_text_chars=0)",FL Department of Health Miami Branch Laboratory,True,HQ Lab @ FL Department of Health Miami Branch Laboratory,25.7866387,-80.2183999,google_rooftop,"1325 NW 14th Ave building 7, Miami, FL 33125, USA"
ENT-000554,1,env_labs_standardized.csv,FL Dept. of Health - Alachua County Health Department,,TNI00420,,Gainesville,Florida,,,env_labs,https://alachua.floridahealth.gov/,,AlachuaEH@FLHealth.gov,,,,,,,,found_via_search,found_via_fallback_search,"no_pages_fetched_ok (pages_checked=1,fetched_ok=0,total_text_chars=0)",found_via_fallback_search,"no_pages_fetched_ok (pages_checked=1,fetched_ok=0,total_text_chars=0)","no_pages_fetched_ok (pages_checked=1,fetched_ok=0,total_text_chars=0)",FL Dept of Health Alachua County Health Department,True,HQ Lab @ FL Dept of Health Alachua County Health Department,29.6519563,-82.324998,google_approximate,"Gainesville, FL, USA"
ENT-000555,1,env_labs_standardized.csv,FL Dept. of Health - Columbia County Health Department,,TNI00421,,Lake City,Florida,,,env_labs,https://columbia.floridahealth.gov/,"Diana C. Duque, MPH",WebInfoColumbia@FLHealth.gov,,,,,,,,found_via_search,found_via_fallback_search,found_via_fallback_search,found_via_fallback_search,"no_pages_fetched_ok (pages_checked=1,fetched_ok=0,total_text_chars=0)","no_pages_fetched_ok (pages_checked=1,fetched_ok=0,total_text_chars=0)",FL Dept of Health Columbia County Health Department,True,HQ Lab @ FL Dept of Health Columbia County Health Department,30.1893883,-82.6394016,google_approximate,"Lake City, FL, USA"
ENT-000556,1,env_labs_standardized.csv,FL Dept. of Health - Hendry County Environmental Laboratory,,TNI00422,,LaBelle,Florida,,,env_labs,https://hendry.floridahealth.gov/,,HendryEH@FLHealth.gov,,,,,,,,found_via_search,found_via_fallback_search,"no_pages_fetched_ok (pages_checked=1,fetched_ok=0,total_text_chars=0)",found_via_fallback_search,"no_pages_fetched_ok (pages_checked=1,fetched_ok=0,total_text_chars=0)","no_pages_fetched_ok (pages_checked=1,fetched_ok=0,total_text_chars=0)",FL Dept of Health Hendry County Environmental Laboratory,True,HQ Lab @ FL Dept of Health Hendry County Environmental Laboratory,26.7617322,-81.4384092,google_approximate,"LaBelle, FL 33935, USA"
ENT-000557,1,env_labs_standardized.csv,FL Dept. of Health - Indian River County Health Department,,TNI00424,,Vero Beach,Florida,,,env_labs,https://indianriver.floridahealth.gov/,,sgwebinfoindianriver@FLHealth.gov,,,,,,,,found_via_search,found_via_fallback_search,"no_pages_fetched_ok (pages_checked=1,fetched_ok=0,total_text_chars=0)",found_via_fallback_search,"no_pages_fetched_ok (pages_checked=1,fetched_ok=0,total_text_chars=0)","no_pages_fetched_ok (pages_checked=1,fetched_ok=0,total_text_chars=0)",FL Dept of Health Indian River County Health Department,True,HQ Lab @ FL Dept of Health Indian River County Health Department,27.638635,-80.39463169999999,google_approximate,"Vero Beach, FL, USA"
ENT-000558,1,env_labs_standardized.csv,FL Dept. of Health - Lee County Health Department,,TNI00425,,Ft. Myers,Florida,,,env_labs,https://lee.floridahealth.gov/,,LeeEH@FLhealth.gov,,,,,,,,found_via_search,found_via_fallback_search,"no_pages_fetched_ok (pages_checked=1,fetched_ok=0,total_text_chars=0)",found_via_fallback_search,"no_pages_fetched_ok (pages_checked=1,fetched_ok=0,total_text_chars=0)","no_pages_fetched_ok (pages_checked=1,fetched_ok=0,total_text_chars=0)",FL Dept of Health Lee County Health Department,True,HQ Lab @ FL Dept of Health Lee County Health Department,26.6409247,-81.8605575,google_approximate,"Fort Myers, FL, USA"
ENT-000559,1,env_labs_standardized.csv,FL Dept. of Health - Walton County Health Department,,TNI00430,,DeFuniak Springs,Florida,,,env_labs,https://walton.floridahealth.gov/,,WCHDWebFeedback@FLHealth.gov,,,,,,,,found_via_search,found_via_fallback_search,"no_pages_fetched_ok (pages_checked=1,fetched_ok=0,total_text_chars=0)",found_via_fallback_search,"no_pages_fetched_ok (pages_checked=1,fetched_ok=0,total_text_chars=0)","no_pages_fetched_ok (pages_checked=1,fetched_ok=0,total_text_chars=0)",FL Dept of Health Walton County Health Department,True,HQ Lab @ FL Dept of Health Walton County Health Department,30.7210227,-86.11521839999999,google_approximate,"Defuniak Springs, FL, USA"
ENT-000560,1,env_labs_standardized.csv,FL DOH/BUREAU OF LAB/ENVIRONMENTAL MICRO SECTION,,TNI01787,,JACKSONVILLE,Florida,,,env_labs,https://www.floridahealth.gov/community-environmental-public-health/public-health-laboratories/,"Susanne Crowe, DrPH, MHA, HCLD (ABB)",Susanne.Crowe@FLHealth.gov,,,,,,,,found_via_search,found_via_fallback_search,found_via_fallback_search,found_via_fallback_search,"no_pages_fetched_ok (pages_checked=1,fetched_ok=0,total_text_chars=0)","no_pages_fetched_ok (pages_checked=1,fetched_ok=0,total_text_chars=0)",FL DOHBUREAU OF LABENVIRONMENTAL MICRO SECTION,True,HQ Lab @ FL DOHBUREAU OF LABENVIRONMENTAL MICRO SECTION,30.3297566,-81.6591529,google_approximate,"Jacksonville, FL, USA"
ENT-000561,1,env_labs_standardized.csv,FLDOH BUREAU OF PUBLIC HEALTH LABORATORIES,,TNI01770,,JACKSONVILLE,Florida,,,env_labs,https://www.floridahealth.gov/community-environmental-public-health/public-health-laboratories/,"Susanne Crowe, DrPH, MHA, HCLD (ABB)",BPHL00QualityAssurance@FLHealth.gov,,,,,,,,found_via_search,found_via_fallback_search,found_via_fallback_search,found_via_fallback_search,"no_pages_fetched_ok (pages_checked=1,fetched_ok=0,total_text_chars=0)","no_pages_fetched_ok (pages_checked=1,fetched_ok=0,total_text_chars=0)",FLDOH BUREAU OF PUBLIC HEALTH LABORATORIES,True,HQ Lab @ FLDOH BUREAU OF PUBLIC HEALTH LABORATORIES,30.3297566,-81.6591529,google_approximate,"Jacksonville, FL, USA"
ENT-000562,1,env_labs_standardized.csv,Florida DEP Laboratory,,TNI00414,,Tallahassee,Florida,,,env_labs,https://floridadep.gov/dear/florida-dep-laboratory,,,,,,,,,,found_via_search,found_via_fallback_search,"no_pages_fetched_ok (pages_checked=1,fetched_ok=0,total_text_chars=0)","no_pages_fetched_ok (pages_checked=1,fetched_ok=0,total_text_chars=0)","no_pages_fetched_ok (pages_checked=1,fetched_ok=0,total_text_chars=0)","no_pages_fetched_ok (pages_checked=1,fetched_ok=0,total_text_chars=0)",Florida DEP Laboratory,True,HQ Lab @ Florida DEP Laboratory,30.4381828,-84.28062349999999,google_approximate,"Tallahassee, FL, USA"
ENT-000563,1,env_labs_standardized.csv,Florida Keys Aqueduct Authority - Florida City Treatment Plant,,TNI00434,1100 Kennedy Drive,Florida City,Florida,,,env_labs,https://www.fkaa.com/,,,,,,,,no_explicit_gmp,False,found_via_search,extracted,"checked_pages_not_found (pages_checked=7,fetched_ok=7,total_text_chars=19083)","checked_pages_not_found (pages_checked=7,fetched_ok=7,total_text_chars=19083)",extracted,"checked_pages_not_found (pages_checked=7,fetched_ok=7,total_text_chars=19083)",Florida Keys Aqueduct Authority Florida City Treatment Plant,True,HQ Lab @ Florida Keys Aqueduct Authority Florida City Treatment Plant,25.4478898,-80.47922369999999,google_approximate,"Florida City, FL, USA"
ENT-000564,1,env_labs_standardized.csv,Florida Power & Light Central Laboratory,,TNI00436,,West Palm Beach,Florida,,,env_labs,,,,,,,,,,,search_found_nothing,found_via_fallback_search,no_website_cannot_check_pages,no_website_cannot_check_pages,no_website_cannot_check_pages,no_website_cannot_check_pages,Florida Power Light Central Laboratory,True,HQ Lab @ Florida Power Light Central Laboratory,26.7144532,-80.0549456,google_approximate,"West Palm Beach, FL, USA"
ENT-000565,1,env_labs_standardized.csv,"Florida Radiochemistry Services, Inc.",,TNI00437,,Orlando,Florida,,,env_labs,,,,,,,,,,,search_found_nothing,found_via_fallback_search,no_website_cannot_check_pages,no_website_cannot_check_pages,no_website_cannot_check_pages,no_website_cannot_check_pages,Florida Radiochemistry Services,True,HQ Lab @ Florida Radiochemistry Services,28.5383832,-81.3789269,google_approximate,"Orlando, FL, USA"
ENT-000566,1,env_labs_standardized.csv,Florida Spectrum Environmental Services Inc. - Space Coast Laboratory,,TNI00449,3390 N. Courtenay Pkwy,Merrit Island,Florida,,,env_labs,https://www.flenviro.com/,President Lyle Johnson,info@flenviro.com,,,,,,no_explicit_gmp,True,found_via_search,extracted,extracted,extracted,extracted,extracted,Florida Spectrum Environmental Services,False,Merrit Island Lab @ Florida Spectrum Environmental Services,28.4181275,-80.70627449999999,google_rooftop,"3390 N Courtenay Pkwy, Merritt Island, FL 32953, USA"
ENT-000567,1,env_labs_standardized.csv,"Florida-Spectrum Environmental Services, Inc.",,TNI00442,1460 West McNab Road,Ft. Lauderdale,Florida,,,env_labs,https://flenviro.com/,President Lyle Johnson,info@flenviro.com,,,,,,no_explicit_gmp,True,found_via_search,extracted,extracted,extracted,extracted,extracted,Florida Spectrum Environmental Services,False,Ft. Lauderdale Lab @ Florida Spectrum Environmental Services,26.2099187,-80.1633633,google_rooftop,"1460 W McNab Rd, Fort Lauderdale, FL 33309, USA"
ENT-000568,1,env_labs_standardized.csv,"Florida-Spectrum Environmental Services, Inc. - Savannah",,TNI00448,108 Airport Park Drive,Garden City,Georgia,,,env_labs,https://www.flenviro.com/,President Lyle Johnson,info@flenviro.com,,,,,,no_explicit_gmp,True,found_via_search,extracted,extracted,extracted,extracted,extracted,Florida Spectrum Environmental Services,False,Garden City Lab @ Florida Spectrum Environmental Services,32.0757532,-81.1949877,google_rooftop,"108 Airport Park Dr, Garden City, GA 31408, USA"
ENT-000569,1,env_labs_standardized.csv,Florida-Spectrum Environmental Services-Big Lake Laboratory,,TNI00443,610 Parrot Ave,Okeechobee,Florida,,,env_labs,https://www.flenviro.com/,President Lyle Johnson,info@flenviro.com,,,,,,no_explicit_gmp,True,found_via_search,extracted,extracted,extracted,extracted,extracted,Florida Spectrum Environmental Services Big Lake Laboratory,True,HQ Lab @ Florida Spectrum Environmental Services Big Lake Laboratory,27.2373199,-80.8302975,google_range_interpolated,"610 S Parrott Ave, Okeechobee, FL 34974, USA"
ENT-000570,1,env_labs_standardized.csv,Food Safety Net Services,,TNI02720,,Dodge City,Kansas,,,env_labs,https://fsns.com/,Sue Ann Seitz,sueann@fsns.com,,,,,,,,found_via_search,found_via_fallback_search,found_via_fallback_search,found_via_fallback_search,"no_pages_fetched_ok (pages_checked=1,fetched_ok=0,total_text_chars=0)","no_pages_fetched_ok (pages_checked=1,fetched_ok=0,total_text_chars=0)",Food Safety Net Services,True,HQ Lab @ Food Safety Net Services,37.7560487,-100.018797,google_approximate,"Dodge City, KS 67801, USA"
ENT-000571,1,env_labs_standardized.csv,Fort Pierce Utilities Authority Water Treatment Plant,,TNI00450,715 South 25th Street,Ft. Pierce,Florida,,,env_labs,https://fpua.com/,,cs@fpua.com,,,,,,,,found_via_search,found_via_fallback_search,"no_pages_fetched_ok (pages_checked=1,fetched_ok=0,total_text_chars=0)",found_via_fallback_search,"no_pages_fetched_ok (pages_checked=1,fetched_ok=0,total_text_chars=0)","no_pages_fetched_ok (pages_checked=1,fetched_ok=0,total_text_chars=0)",Fort Pierce Utilities Authority Water Treatment Plant,True,HQ Lab @ Fort Pierce Utilities Authority Water Treatment Plant,27.4414924,-80.3504603,google_rooftop,"715 S 25th St, Fort Pierce, FL 34947, USA"
ENT-000572,1,env_labs_standardized.csv,Fort Worth Water Department Centralized Water & Wastewater Laboratory,,TNI00013,,Fort Worth,Texas,,,env_labs,https://www.fortworthtexas.gov/departments/water/laboratory,,,,,,,,,,found_via_search,found_via_fallback_search,"no_pages_fetched_ok (pages_checked=1,fetched_ok=0,total_text_chars=0)","no_pages_fetched_ok (pages_checked=1,fetched_ok=0,total_text_chars=0)","no_pages_fetched_ok (pages_checked=1,fetched_ok=0,total_text_chars=0)","no_pages_fetched_ok (pages_checked=1,fetched_ok=0,total_text_chars=0)",Fort Worth Water Department Centralized Water Wastewater Laboratory,True,HQ Lab @ Fort Worth Water Department Centralized Water Wastewater Laboratory,32.7554883,-97.3307658,google_approximate,"Fort Worth, TX, USA"
ENT-000573,1,env_labs_standardized.csv,Four Rivers Sanitation Authority,,TNI02046,Graceffa Administration Building 3501 Kishwaukee Street,Rockford,Illinois,,,env_labs,https://fourrivers.illinois.gov/,Ed Fitzgerald,efitzgerald@fourrivers.illinois.gov,,,,,,no_explicit_gmp,False,found_via_search,extracted,found_via_fallback_search,found_via_fallback_search,extracted,"checked_pages_not_found (pages_checked=8,fetched_ok=8,total_text_chars=47782)",Four Rivers Sanitation Authority,True,HQ Lab @ Four Rivers Sanitation Authority,42.2225268,-89.0884439,google_rooftop,"3501 Kishwaukee St, Rockford, IL 61109, USA"
ENT-000574,1,env_labs_standardized.csv,"Friedman & Bruya, Inc",,TNI00216,5500 4th Ave S,Seattle,Washington,,,env_labs,https://friedmanandbruya.com/,"Eric Young, B.S.",office@friedmanandbruya.com,,,,,,no_explicit_gmp,True,found_via_search,extracted,extracted,extracted,extracted,extracted,Friedman Bruya,True,HQ Lab @ Friedman Bruya,47.5532519,-122.3291068,google_rooftop,"5500 4th Ave S, Seattle, WA 98108, USA"
ENT-000575,1,env_labs_standardized.csv,Frontier Analytical Laboratory,,TNI01220,"5900 Hollis St., Suite L",El Dorado Hills,California,,,env_labs,https://www.frontieranalytical.com/,,danv@frontieranalytical.com,,,,,,no_explicit_gmp,True,found_via_search,extracted,"checked_pages_not_found (pages_checked=8,fetched_ok=8,total_text_chars=75990)",found_via_fallback_search,extracted,extracted,Frontier Analytical Laboratory,True,HQ Lab @ Frontier Analytical Laboratory,38.6857367,-121.082167,google_approximate,"El Dorado Hills, CA, USA"
ENT-000576,1,env_labs_standardized.csv,FRONTIER TECHNICAL ASSOC INC,,TNI01557,9120 Main Street,WILLIAMSVILLE,New York,,,env_labs,https://frontiertechnical.com/,"David M. Harty, PE, BCEE",david.harty@frontiertechnical.com,,,,,,,,found_via_search,found_via_fallback_search,found_via_fallback_search,found_via_fallback_search,"no_pages_fetched_ok (pages_checked=1,fetched_ok=0,total_text_chars=0)","no_pages_fetched_ok (pages_checked=1,fetched_ok=0,total_text_chars=0)",FRONTIER TECHNICAL ASSOC,True,HQ Lab @ FRONTIER TECHNICAL ASSOC,42.9698565,-78.651626,google_rooftop,"9120 Main St, Clarence, NY 14031, USA"
ENT-000577,1,env_labs_standardized.csv,FULTON SEWAGE TREATMENT PLANT,,TNI01506,141 S 1st St,FULTON,New York,,,env_labs,https://cityoffultonny.gov/,"James Rice, Mayor",,,,,,,no_explicit_gmp,False,found_via_search,extracted,extracted,"checked_pages_not_found (pages_checked=8,fetched_ok=1,total_text_chars=7771)",extracted,"checked_pages_not_found (pages_checked=8,fetched_ok=1,total_text_chars=7771)",FULTON SEWAGE TREATMENT PLANT,True,HQ Lab @ FULTON SEWAGE TREATMENT PLANT,43.3208609,-76.4153484,google_rooftop,"141 S 1st St, Fulton, NY 13069, USA"
ENT-000578,1,env_labs_standardized.csv,"Future Laboratories, Inc.",,TNI00453,,Milton,Florida,,,env_labs,,,,,,,,,,,search_found_nothing,found_via_fallback_search,no_website_cannot_check_pages,no_website_cannot_check_pages,no_website_cannot_check_pages,no_website_cannot_check_pages,Future Laboratories,True,HQ Lab @ Future Laboratories,30.6324149,-87.03968809999999,google_approximate,"Milton, FL, USA"
ENT-000579,1,env_labs_standardized.csv,"Gabriel Laboratories, Ltd.",,TNI02032,1421 North Elston Ave.,Chicago,Illinois,,,env_labs,,,,,,,,,,,search_found_nothing,found_via_fallback_search,no_website_cannot_check_pages,no_website_cannot_check_pages,no_website_cannot_check_pages,no_website_cannot_check_pages,Gabriel Laboratories,True,HQ Lab @ Gabriel Laboratories,41.90790030000001,-87.6599896,google_rooftop,"1421 N Elston Ave, Chicago, IL 60642, USA"
ENT-000580,1,env_labs_standardized.csv,Garden City Municipal Wastewater Laboratory,,TNI01897,301 N 8 th Street,Garden City,Kansas,,,env_labs,https://www.garden-city.org/,,,,,,,,no_explicit_gmp,False,found_via_search,extracted,"checked_pages_not_found (pages_checked=4,fetched_ok=3,total_text_chars=12675)","checked_pages_not_found (pages_checked=4,fetched_ok=3,total_text_chars=12675)",extracted,"checked_pages_not_found (pages_checked=4,fetched_ok=3,total_text_chars=12675)",Garden City Municipal Wastewater Laboratory,True,HQ Lab @ Garden City Municipal Wastewater Laboratory,37.9671214,-100.8755848,google_rooftop,"301 N 8th St, Garden City, KS 67846, USA"
ENT-000581,1,env_labs_standardized.csv,GARDEN STATE LABORATORIES INC,,TNI01287,,HILLSIDE,New Jersey,,,env_labs,https://www.gslabs.com/,"Harvey Klein, M.S.",info@gslabs.com,,,,,,no_explicit_gmp,True,found_via_search,extracted,extracted,extracted,extracted,extracted,GARDEN STATE LABORATORIES,True,HQ Lab @ GARDEN STATE LABORATORIES,40.6969863,-74.2194154,google_approximate,"Hillside, NJ, USA"
ENT-000582,1,env_labs_standardized.csv,GASPORT SD#1 STP,,TNI01609,4244 Bolton Rd,GASPORT,New York,,,env_labs,https://www.townofroyaltonny.gov/,,,,,,,,,,found_via_search,found_via_fallback_search,"no_pages_fetched_ok (pages_checked=1,fetched_ok=0,total_text_chars=0)","no_pages_fetched_ok (pages_checked=1,fetched_ok=0,total_text_chars=0)","no_pages_fetched_ok (pages_checked=1,fetched_ok=0,total_text_chars=0)","no_pages_fetched_ok (pages_checked=1,fetched_ok=0,total_text_chars=0)",GASPORT SD1 STP,True,HQ Lab @ GASPORT SD1 STP,43.2022944,-78.5593341,google_rooftop,"4244 Bolton Rd, Gasport, NY 14067, USA"
ENT-000583,1,env_labs_standardized.csv,"GD Air Testing, Inc.",,TNI00142,"1825 Summit Ave, Suite 200",Plano,Texas,,,env_labs,https://gdair.com/,Dr. George Dai,drdai@gdair.com,,,,,,,,found_via_search,found_via_fallback_search,found_via_fallback_search,found_via_fallback_search,"no_pages_fetched_ok (pages_checked=1,fetched_ok=0,total_text_chars=0)","no_pages_fetched_ok (pages_checked=1,fetched_ok=0,total_text_chars=0)",GD Air Testing,True,HQ Lab @ GD Air Testing,33.0101493,-96.68566899999999,google_rooftop,"1825 Summit Ave #200, Plano, TX 75074, USA"
ENT-000584,1,env_labs_standardized.csv,"GEL Laboratories, LLC",,TNI00188,2040 Savage Road,Charleston,South Carolina,,,env_labs,https://www.gel.com/laboratories/,,mrkt@gel.com,,,,,,no_explicit_gmp,True,found_via_search,extracted,"checked_pages_not_found (pages_checked=8,fetched_ok=8,total_text_chars=35150)",found_via_fallback_search,extracted,extracted,GEL Laboratories,True,HQ Lab @ GEL Laboratories,32.8047491,-80.0312524,google_rooftop,"2040 Savage Rd, Charleston, SC 29407, USA"
ENT-000585,1,env_labs_standardized.csv,Geochemical Testing,,TNI02126,2005 North Center Avenue,Somerset,Pennsylvania,,,env_labs,https://geo-ces.com/,Dave Glessner,dglessner@geo-ces.com,,,,,,,,found_via_search,found_via_fallback_search,found_via_fallback_search,found_via_fallback_search,"no_pages_fetched_ok (pages_checked=1,fetched_ok=0,total_text_chars=0)","no_pages_fetched_ok (pages_checked=1,fetched_ok=0,total_text_chars=0)",Geochemical Testing,True,HQ Lab @ Geochemical Testing,40.05071969999999,-79.0755811,google_rooftop,"2005 N Ctr Ave, Somerset, PA 15501, USA"
ENT-000586,1,env_labs_standardized.csv,Georgia Power Environmental Laboratory,,TNI00456,,Atlanta,Georgia,,,env_labs,,,,,,,,,,,search_found_nothing,found_via_fallback_search,no_website_cannot_check_pages,no_website_cannot_check_pages,no_website_cannot_check_pages,no_website_cannot_check_pages,Georgia Power Environmental Laboratory,True,HQ Lab @ Georgia Power Environmental Laboratory,33.791638,-84.389488,google_rooftop,"1350 Spring St NW #1, Atlanta, GA 30309, USA"
ENT-000587,1,env_labs_standardized.csv,GHM ENVIRONMENTAL,,TNI01677,,SAVONA,New York,,,env_labs,,,,,,,,,,,search_found_nothing,found_via_fallback_search,no_website_cannot_check_pages,no_website_cannot_check_pages,no_website_cannot_check_pages,no_website_cannot_check_pages,GHM ENVIRONMENTAL,True,HQ Lab @ GHM ENVIRONMENTAL,42.2886844,-77.2183091,google_approximate,"Savona, NY 14879, USA"
ENT-000588,1,env_labs_standardized.csv,Glen Canyon - Wahweap,,TNI01981,,Page,Arizona,,,env_labs,,,,,,,,,,,search_found_nothing,no_website_fallback_search_failed,no_website_cannot_check_pages,no_website_cannot_check_pages,no_website_cannot_check_pages,no_website_cannot_check_pages,Glen Canyon Wahweap,True,HQ Lab @ Glen Canyon Wahweap,36.91472220000001,-111.4558333,google_approximate,"Page, AZ, USA"
ENT-000589,1,env_labs_standardized.csv,GLENS FALLS WATER LABORATORY,,TNI01633,2 Shermantown Road,GLENS FALLS,New York,,,env_labs,https://ny-glensfalls2.civicplus.com/,,,,,,,,,,found_via_search,found_via_fallback_search,"no_pages_fetched_ok (pages_checked=1,fetched_ok=0,total_text_chars=0)","no_pages_fetched_ok (pages_checked=1,fetched_ok=0,total_text_chars=0)","no_pages_fetched_ok (pages_checked=1,fetched_ok=0,total_text_chars=0)","no_pages_fetched_ok (pages_checked=1,fetched_ok=0,total_text_chars=0)",GLENS FALLS WATER LABORATORY,True,HQ Lab @ GLENS FALLS WATER LABORATORY,43.3075696,-73.6243672,google_rooftop,"2 Shermantown Rd, Glens Falls, NY 12801, USA"
ENT-000590,1,env_labs_standardized.csv,GLOVERSVILLE WATER WORKS,,TNI01539,67 - 73 South Main St.,GLOVERSVILLE,New York,,,env_labs,https://www.gloversvillewater.com/,"Eric Lentini, Superintendent",amendetta@gloversvillewater.com,,,,,,no_explicit_gmp,False,found_via_search,extracted,extracted,found_via_fallback_search,extracted,"checked_pages_not_found (pages_checked=3,fetched_ok=3,total_text_chars=5684)",GLOVERSVILLE WATER WORKS,True,HQ Lab @ GLOVERSVILLE WATER WORKS,43.0485112,-74.34715059999999,google_range_interpolated,"73 S Main St, Gloversville, NY 12078, USA"
ENT-000591,1,env_labs_standardized.csv,GLOVERSVILLE-JOHNSTOWN JWTF,,TNI01435,191 Union Avenue,JOHNSTOWN,New York,,,env_labs,https://www.g-jwastewater.com/,Donna Renda,Wastewater@GJWastewater.com,,,,,,no_explicit_gmp,False,found_via_search,extracted,found_via_fallback_search,extracted,extracted,"checked_pages_not_found (pages_checked=5,fetched_ok=5,total_text_chars=7928)",GLOVERSVILLE JOHNSTOWN JWTF,True,HQ Lab @ GLOVERSVILLE JOHNSTOWN JWTF,42.9947405,-74.3984913,google_rooftop,"191 Union Ave, Johnstown, NY 12095, USA"
ENT-000592,1,env_labs_standardized.csv,Gopher Resource - Tampa,,TNI02659,6505 Jewel Avenue,Tampa,Florida,,,env_labs,https://www.gopherresource.com/,,Info@GopherResource.com,,,,,,no_explicit_gmp,True,found_via_search,extracted,"checked_pages_not_found (pages_checked=8,fetched_ok=8,total_text_chars=41944)",found_via_fallback_search,extracted,extracted,Gopher Resource,False,Tampa Lab @ Gopher Resource,27.9634469,-82.3818852,google_rooftop,"6505 E Jewel Ave, Tampa, FL 33619, USA"
ENT-000593,1,env_labs_standardized.csv,Gopher Resource Corp. Laboratory,,TNI01144,"2900 Lone Oak Parkway , Ste 140A",Eagan,Minnesota,,,env_labs,https://www.gopherresource.com/,,Info@GopherResource.com,,,,,,no_explicit_gmp,True,found_via_search,extracted,"checked_pages_not_found (pages_checked=8,fetched_ok=8,total_text_chars=41954)",found_via_fallback_search,extracted,extracted,Gopher Resource,False,Eagan Lab @ Gopher Resource,44.8536463,-93.12735529999999,google_rooftop,"2900 Lone Oak Pkwy # 140A, Eagan, MN 55121, USA"
ENT-000594,1,env_labs_standardized.csv,GORHAM WASTEWATER TREATMENT FACILITY LABORATORY,,TNI01042,20 Park Street,GORHAM,New Hampshire,,,env_labs,https://www.gorhamnh.gov/,,jjacques@gorhamnh.gov,,,,,,no_explicit_gmp,False,found_via_search,extracted,"checked_pages_not_found (pages_checked=2,fetched_ok=1,total_text_chars=2381)",found_via_fallback_search,extracted,"checked_pages_not_found (pages_checked=2,fetched_ok=1,total_text_chars=2381)",GORHAM WASTEWATER TREATMENT FACILITY LABORATORY,True,HQ Lab @ GORHAM WASTEWATER TREATMENT FACILITY LABORATORY,44.3877485,-71.17596929999999,google_rooftop,"20 Park St, Gorham, NH 03581, USA"
ENT-000595,1,env_labs_standardized.csv,"GPI LABORATORIES, INC.",,TNI01733,4403 Donker Ct SE,KENTWOOD,Michigan,,,env_labs,https://gpilabs.com/,,labs@gpilabs.com,,,,,,no_explicit_gmp,True,found_via_search,extracted,"checked_pages_not_found (pages_checked=8,fetched_ok=8,total_text_chars=114802)",extracted,extracted,extracted,GPI LABORATORIES,True,HQ Lab @ GPI LABORATORIES,42.8869728,-85.5552625,google_rooftop,"4403 Donker Ct SE, Kentwood, MI 49512, USA"
ENT-000596,1,env_labs_standardized.csv,"Grace Consulting, Inc.",,TNI02661,,Plainfield,Indiana,,,env_labs,,,,,,,,,,,search_found_nothing,found_via_fallback_search,no_website_cannot_check_pages,no_website_cannot_check_pages,no_website_cannot_check_pages,no_website_cannot_check_pages,Grace Consulting,True,HQ Lab @ Grace Consulting,39.7024855,-86.4040478,google_approximate,"Plainfield, IN, USA"
ENT-000597,1,env_labs_standardized.csv,GRAHAMSVILLE LABORATORY,,TNI01582,7870 State Route 42,GRAHAMSVILLE,New York,,,env_labs,,,,,,,,,,,search_found_nothing,found_via_fallback_search,no_website_cannot_check_pages,no_website_cannot_check_pages,no_website_cannot_check_pages,no_website_cannot_check_pages,GRAHAMSVILLE LABORATORY,True,HQ Lab @ GRAHAMSVILLE LABORATORY,41.8445317,-74.5440052,google_rooftop,"7870 NY-42, Grahamsville, NY 12740, USA"
ENT-000598,1,env_labs_standardized.csv,GRAND ISLAND WASTEWATER PLANT,,TNI01468,2255 Baseline Road,GRAND ISLAND,New York,,,env_labs,https://www.grand-island.ny.us/302/Wastewater-Department,Timothy Burns,,,,,,,no_explicit_gmp,False,found_via_search,extracted,extracted,"checked_pages_not_found (pages_checked=5,fetched_ok=5,total_text_chars=12150)",extracted,"checked_pages_not_found (pages_checked=5,fetched_ok=5,total_text_chars=12150)",GRAND ISLAND WASTEWATER PLANT,True,HQ Lab @ GRAND ISLAND WASTEWATER PLANT,43.0226604,-78.9650599,google_geometric_center,"2255 Baseline Rd, Grand Island, NY 14072, USA"
ENT-000599,1,env_labs_standardized.csv,"Grants Pass Water Laboratory, Inc./The Water Lab",,TNI00217,"964 SE ""M"" Street, Suite 1",Grants Pass,Oregon,,,env_labs,https://www.gpwaterlab.com/,,info@gpwaterlab.com,,,,,,no_explicit_gmp,True,found_via_search,extracted,"checked_pages_not_found (pages_checked=8,fetched_ok=7,total_text_chars=24767)",extracted,extracted,extracted,Grants Pass Water Laboratory,True,HQ Lab @ Grants Pass Water Laboratory,42.43095590000001,-123.3137355,google_rooftop,"964 SE M St #1, Grants Pass, OR 97526, USA"
ENT-000600,1,env_labs_standardized.csv,GREAT LAKES ENVIRONMENTAL CENTER INC (MI),,TNI02205,739 Hastings St.,TRAVERSE CITY,Michigan,,,env_labs,https://www.glec.com/,"G.M ""Mick"" DeGraeve, Ph.D.",kbell@glec.com,,,,,,no_explicit_gmp,True,found_via_search,extracted,extracted,extracted,extracted,extracted,GREAT LAKES ENVIRONMENTAL CENTER,False,Traverse City Lab @ GREAT LAKES ENVIRONMENTAL CENTER,44.7540164,-85.59230649999999,google_rooftop,"739 Hastings St, Traverse City, MI 49686, USA"
ENT-000601,1,env_labs_standardized.csv,GREAT LAKES ENVIRONMENTAL CENTER INC (OH),,TNI02590,1295 King Avenue,COLUMBUS,Ohio,,,env_labs,https://www.glec.com/,,,,,,,,no_explicit_gmp,True,found_via_search,extracted,"checked_pages_not_found (pages_checked=8,fetched_ok=6,total_text_chars=32937)","checked_pages_not_found (pages_checked=8,fetched_ok=6,total_text_chars=32937)",extracted,extracted,GREAT LAKES ENVIRONMENTAL CENTER,False,Columbus Lab @ GREAT LAKES ENVIRONMENTAL CENTER,39.9912778,-83.04146829999999,google_rooftop,"1295 King Ave, Columbus, OH 43212, USA"
ENT-000602,1,env_labs_standardized.csv,"Green Country Testing, Inc. - OKC",,TNI02639,6510 S Western Ave Suite 207,Oklahoma City,Oklahoma,,,env_labs,https://greencountrytesting.com/,Susie Southwell,susies@greencountrytesting.com,,,,,,no_explicit_gmp,True,found_via_search,extracted,extracted,extracted,extracted,extracted,Green Country Testing,False,Oklahoma City Lab @ Green Country Testing,35.4007225,-97.52958670000001,google_rooftop,"6510 S Western Ave Ste 207, Oklahoma City, OK 73139, USA"
ENT-000603,1,env_labs_standardized.csv,"Green Country Testing, Inc. - Tulsa",,TNI01389,6825 E 38th Street,Tulsa,Oklahoma,,,env_labs,https://greencountrytesting.com/,Brian Duzan,briand@greencountrytesting.com,,,,,,no_explicit_gmp,True,found_via_search,extracted,extracted,extracted,extracted,extracted,Green Country Testing,False,Tulsa Lab @ Green Country Testing,36.1088135,-95.9002639,google_rooftop,"6825 E 38th St, Tulsa, OK 74145, USA"
ENT-000604,1,env_labs_standardized.csv,Green Leaf Lab,,TNI02452,"251 Lathrop Way, Suite E",Portland,Oregon,,,env_labs,https://greenleaflab.org/,"Dr. Robert W. Martin, Jr., Ph.D.",Rowshan.reordan@greenleaflabs.com,,,,,,no_explicit_gmp,True,found_via_search,extracted,extracted,found_via_fallback_search,extracted,extracted,Green Leaf Lab,False,Portland Lab @ Green Leaf Lab,45.515232,-122.6783853,google_approximate,"Portland, OR, USA"
ENT-000605,1,env_labs_standardized.csv,Green Leaf Lab - Rogue River,,TNI02715,"251 Lathrop Way, Suite E",Rogue River,Oregon,,,env_labs,https://greenleaflab.org/,Rowshan Reordan,Eric.Wendt@greenleaflabs.com,,,,,,no_explicit_gmp,True,found_via_search,extracted,extracted,found_via_fallback_search,extracted,extracted,Green Leaf Lab,False,Rogue River Lab @ Green Leaf Lab,42.435954,-123.1719976,google_approximate,"Rogue River, OR, USA"
ENT-000606,1,env_labs_standardized.csv,GreenWater Laboratory / CyanoLab,,TNI02510,"205 Zeagler Drive, Suite 302",Palatka,Florida,,,env_labs,https://greenwaterlab.com/,"Amanda Foss, M.S., M.S.",info@greenwaterlab.com,,,,,,no_explicit_gmp,True,found_via_search,extracted,extracted,extracted,extracted,extracted,GreenWater Laboratory CyanoLab,True,HQ Lab @ GreenWater Laboratory CyanoLab,29.6462246,-81.6926728,google_rooftop,"205 Zeagler Dr Ste 302, Palatka, FL 32177, USA"
ENT-000607,1,env_labs_standardized.csv,Guadalupe-Blanco River Authority Regional Laboratory,,TNI00060,2225 E. Common Street,Seguin,Texas,,,env_labs,https://www.gbra.org/,,EMAIL GBRA,,,,,,no_explicit_gmp,False,found_via_search,extracted,"checked_pages_not_found (pages_checked=8,fetched_ok=8,total_text_chars=220813)",extracted,extracted,"checked_pages_not_found (pages_checked=8,fetched_ok=8,total_text_chars=220813)",Guadalupe Blanco River Authority Regional Laboratory,True,HQ Lab @ Guadalupe Blanco River Authority Regional Laboratory,29.738357,-98.0976591,google_rooftop,"2225 E Common St, New Braunfels, TX 78130, USA"
ENT-000608,1,env_labs_standardized.csv,Gulf Coast Analytical Laboratories LLC dba Pace Analytical Gulf Coast,,TNI01390,,Baton Rouge,Louisiana,,,env_labs,https://www.pacelabs.com/,Russell McNiece,russell.mcneice@pacelabs.com,,,,,,explicit_gmp,True,found_via_search,found_via_fallback_search,found_via_fallback_search,found_via_fallback_search,extracted,extracted,Gulf Coast Analytical Laboratories,True,HQ Lab @ Gulf Coast Analytical Laboratories,30.4514677,-91.18714659999999,google_approximate,"Baton Rouge, LA, USA"
ENT-000609,1,env_labs_standardized.csv,Gulf Coast Authority,,TNI00085,910 Bay Area Blvd.,Pasadena,Texas,,,env_labs,https://www.gcatx.org/,,[email protected],,,,,,no_explicit_gmp,False,found_via_search,extracted,"checked_pages_not_found (pages_checked=8,fetched_ok=8,total_text_chars=34158)",extracted,extracted,"checked_pages_not_found (pages_checked=8,fetched_ok=8,total_text_chars=34158)",Gulf Coast Authority,True,HQ Lab @ Gulf Coast Authority,29.5538945,-95.1205222,google_rooftop,"910 Bay Area Blvd, Houston, TX 77058, USA"
ENT-000610,1,env_labs_standardized.csv,Gulf Coast Testing LLC,,TNI02493,4378 Park Avenue,Prairieville,Louisiana,,,env_labs,https://gctla.com/,William Daniel,william.daniel@gctla.com,,,,,,no_explicit_gmp,True,found_via_search,extracted,extracted,found_via_fallback_search,extracted,extracted,Gulf Coast Testing,True,HQ Lab @ Gulf Coast Testing,30.2807514,-90.9748253,google_geometric_center,"Park Ave, Prairieville, LA 70769, USA"
ENT-000611,1,env_labs_standardized.csv,Gulf States Environmental Laboratories Inc,,TNI01391,,Shreveport,Louisiana,,,env_labs,https://gulfstateslab.com/,,,,,,,,,,found_via_search,found_via_fallback_search,"no_pages_fetched_ok (pages_checked=1,fetched_ok=0,total_text_chars=0)","no_pages_fetched_ok (pages_checked=1,fetched_ok=0,total_text_chars=0)","no_pages_fetched_ok (pages_checked=1,fetched_ok=0,total_text_chars=0)","no_pages_fetched_ok (pages_checked=1,fetched_ok=0,total_text_chars=0)",Gulf States Environmental Laboratories,True,HQ Lab @ Gulf States Environmental Laboratories,32.5130159,-93.7514874,google_approximate,"Shreveport, LA, USA"
ENT-000612,1,env_labs_standardized.csv,H&P Mobile Geochemistry Inc,,TNI02365,2470 IMPALA DRIVE,Carlsbad,California,,,env_labs,https://handpmg.com/,Lisa Eminhizer,info@handpmg.com,,,,,,no_explicit_gmp,True,found_via_search,extracted,found_via_fallback_search,extracted,extracted,extracted,HP Mobile Geochemistry,True,HQ Lab @ HP Mobile Geochemistry,33.139945,-117.2687311,google_rooftop,"2470 Impala Dr, Carlsbad, CA 92010, USA"
ENT-000613,1,env_labs_standardized.csv,H2O Quality Laboratory a Division of Prince William Water,,TNI01240,1861 Rippon Boulevard,Woodbridge,Virginia,,,env_labs,https://princewilliamwater.org/our-water/testing/contact-the-h2o-quality-laboratory,,h2oLab@pwwater.org,,,,,,,,found_via_search,found_via_fallback_search,"no_pages_fetched_ok (pages_checked=1,fetched_ok=0,total_text_chars=0)",found_via_fallback_search,"no_pages_fetched_ok (pages_checked=1,fetched_ok=0,total_text_chars=0)","no_pages_fetched_ok (pages_checked=1,fetched_ok=0,total_text_chars=0)",H2O Quality Laboratory a Division of Prince William Water,True,HQ Lab @ H2O Quality Laboratory a Division of Prince William Water,38.615858,-77.267687,google_rooftop,"1861 Rippon Blvd, Woodbridge, VA 22191, USA"
ENT-000614,1,env_labs_standardized.csv,HAMPTON- CLARKE,,TNI01278,175 US Highway 46 STE D,FAIRFIELD,New Jersey,,,env_labs,https://www.hcvlab.com/,"Rose DiMeo, President",[email protected],,,,,,no_explicit_gmp,True,found_via_search,extracted,extracted,extracted,extracted,extracted,HAMPTON CLARKE,False,Fairfield Lab @ HAMPTON CLARKE,40.87273460000001,-74.3063382,google_rooftop,"175 US-46 D, Fairfield, NJ 07004, USA"
ENT-000615,1,env_labs_standardized.csv,HAMPTON-CLARKE INC,,TNI02253,175 US Highway 46 STE D,MOUNT LAUREL,New Jersey,,,env_labs,https://www.hampton-clarke.com/,"Rose DiMeo, President",[email protected],,,,,,no_explicit_gmp,True,found_via_search,extracted,extracted,extracted,extracted,extracted,HAMPTON CLARKE,False,Mount Laurel Lab @ HAMPTON CLARKE,40.87273460000001,-74.3063382,google_rooftop,"175 US-46 D, Fairfield, NJ 07004, USA"
ENT-000616,1,env_labs_standardized.csv,Harris County Pollution Control Services Department,,TNI00045,"101 South Richey, Suite H",Pasadena,Texas,,,env_labs,https://pcs.harriscountytx.gov/,,pollution.control@pcs.hctx.net,,,,,,no_explicit_gmp,False,found_via_search,extracted,"checked_pages_not_found (pages_checked=8,fetched_ok=8,total_text_chars=52439)",extracted,extracted,"checked_pages_not_found (pages_checked=8,fetched_ok=8,total_text_chars=52439)",Harris County Pollution Control Services Department,True,HQ Lab @ Harris County Pollution Control Services Department,29.7118075,-95.21917889999999,google_rooftop,"101 S Richey St Ste H, Pasadena, TX 77506, USA"
ENT-000617,1,env_labs_standardized.csv,HAWTHORNE LABORATORY,,TNI01603,"19 Bradhurst Avenue, Suite S1700",HAWTHORNE,New York,,,env_labs,,,,,,,,,,,search_found_nothing,found_via_fallback_search,no_website_cannot_check_pages,no_website_cannot_check_pages,no_website_cannot_check_pages,no_website_cannot_check_pages,HAWTHORNE LABORATORY,True,HQ Lab @ HAWTHORNE LABORATORY,41.0880569,-73.8013565,google_rooftop,"19 Bradhurst Ave s1700, Hawthorne, NY 10532, USA"
ENT-000618,1,env_labs_standardized.csv,HAZEN RESEARCH INC,,TNI01694,,GOLDEN,Colorado,,,env_labs,https://www.hazenresearch.com/,,analytical@hazenresearch.com,,,,,,,,found_via_search,found_via_fallback_search,"no_pages_fetched_ok (pages_checked=1,fetched_ok=0,total_text_chars=0)",found_via_fallback_search,"no_pages_fetched_ok (pages_checked=1,fetched_ok=0,total_text_chars=0)","no_pages_fetched_ok (pages_checked=1,fetched_ok=0,total_text_chars=0)",HAZEN RESEARCH,True,HQ Lab @ HAZEN RESEARCH,39.755543,-105.2210997,google_approximate,"Golden, CO, USA"
ENT-000619,1,env_labs_standardized.csv,HENNINGSON DURHAM & RICHARDSON ARCHITECTURE & ENGINEERING PC,,TNI01511,404 Airport Executive Park,NANUET,New York,,,env_labs,https://www.hdrinc.com/,,,,,,,,,,found_via_search,found_via_fallback_search,"no_pages_fetched_ok (pages_checked=1,fetched_ok=0,total_text_chars=0)","no_pages_fetched_ok (pages_checked=1,fetched_ok=0,total_text_chars=0)","no_pages_fetched_ok (pages_checked=1,fetched_ok=0,total_text_chars=0)","no_pages_fetched_ok (pages_checked=1,fetched_ok=0,total_text_chars=0)",HENNINGSON DURHAM RICHARDSON ARCHITECTURE ENGINEERING,True,HQ Lab @ HENNINGSON DURHAM RICHARDSON ARCHITECTURE ENGINEERING,41.1092634,-74.0270319,google_rooftop,"404 Airport Executive Park, Nanuet, NY 10954, USA"
ENT-000620,1,env_labs_standardized.csv,Henrico County D.P.U. Central Environmental Laboratory,,TNI02222,,Henrico,Virginia,,,env_labs,https://henrico.gov/,Kimberlee Stubbs,stu005@henrico.us,,,,,,,,found_via_search,found_via_fallback_search,found_via_fallback_search,found_via_fallback_search,"no_pages_fetched_ok (pages_checked=1,fetched_ok=0,total_text_chars=0)","no_pages_fetched_ok (pages_checked=1,fetched_ok=0,total_text_chars=0)",Henrico County DPU Central Environmental Laboratory,True,HQ Lab @ Henrico County DPU Central Environmental Laboratory,37.5059332,-77.3324425,google_approximate,"Henrico County, VA, USA"
ENT-000621,1,env_labs_standardized.csv,HF Sinclair El Dorado Refining LLC,,TNI01893,1401 Douglas Road,El Dorado,Kansas,,,env_labs,https://www.hfsinclair.com/operations/facilities/us/el-dorado-ks/default.aspx,Ted Trevino,,,,,,,,,found_via_search,found_via_fallback_search,found_via_fallback_search,"no_pages_fetched_ok (pages_checked=1,fetched_ok=0,total_text_chars=0)","no_pages_fetched_ok (pages_checked=1,fetched_ok=0,total_text_chars=0)","no_pages_fetched_ok (pages_checked=1,fetched_ok=0,total_text_chars=0)",HF Sinclair El Dorado Refining,True,HQ Lab @ HF Sinclair El Dorado Refining,37.8001996,-96.8672024,google_rooftop,"1401 Douglas Rd, El Dorado, KS 67042, USA"
ENT-000622,1,env_labs_standardized.csv,HGS Analytical Laboratory,,TNI02532,,Oxford,Alabama,,,env_labs,https://hgslab.com/,,lab@hgsengineeringinc.com,,,,,,,,found_via_search,found_via_fallback_search,"no_pages_fetched_ok (pages_checked=1,fetched_ok=0,total_text_chars=0)",found_via_fallback_search,"no_pages_fetched_ok (pages_checked=1,fetched_ok=0,total_text_chars=0)","no_pages_fetched_ok (pages_checked=1,fetched_ok=0,total_text_chars=0)",HGS Analytical Laboratory,True,HQ Lab @ HGS Analytical Laboratory,33.6142714,-85.8349648,google_approximate,"Oxford, AL, USA"
ENT-000623,1,env_labs_standardized.csv,"HILLMANN CONSULTING, LLC",,TNI01286,"1600 Route 22, East Suite 107",UNION,New Jersey,,,env_labs,https://www.hillmannconsulting.com/,Chris Hillmann Founder & Chairman of the Board,info@hillmannconsulting.com,,,,,,no_explicit_gmp,True,found_via_search,extracted,extracted,found_via_fallback_search,extracted,extracted,HILLMANN CONSULTING,True,HQ Lab @ HILLMANN CONSULTING,40.6971802,-74.24970789999999,google_rooftop,"1600 US-22 #107, Union, NJ 07083, USA"
ENT-000624,1,env_labs_standardized.csv,Hillsborough County Environmental Laboratory,,TNI00461,601 E. Kennedy Blvd.,Tampa,Florida,,,env_labs,https://hcfl.gov/,,,,,,,,no_explicit_gmp,False,found_via_search,extracted,"checked_pages_not_found (pages_checked=8,fetched_ok=8,total_text_chars=14205)","checked_pages_not_found (pages_checked=8,fetched_ok=8,total_text_chars=14205)",extracted,"checked_pages_not_found (pages_checked=8,fetched_ok=8,total_text_chars=14205)",Hillsborough County Environmental Laboratory,True,HQ Lab @ Hillsborough County Environmental Laboratory,27.9483566,-82.4548727,google_rooftop,"601 E Kennedy Blvd, Tampa, FL 33602, USA"
ENT-000625,1,env_labs_standardized.csv,Hillsborough County Environmental Protection Commission,,TNI00460,,Tampa,Florida,,,env_labs,https://www.epchc.org/,,epcinfo@epchc.org,,,,,,,,found_via_search,found_via_fallback_search,"no_pages_fetched_ok (pages_checked=1,fetched_ok=0,total_text_chars=0)",found_via_fallback_search,"no_pages_fetched_ok (pages_checked=1,fetched_ok=0,total_text_chars=0)","no_pages_fetched_ok (pages_checked=1,fetched_ok=0,total_text_chars=0)",Hillsborough County Environmental Protection Commission,True,HQ Lab @ Hillsborough County Environmental Protection Commission,27.9516896,-82.45875269999999,google_approximate,"Tampa, FL, USA"
ENT-000626,1,env_labs_standardized.csv,HORNELL (C) WATER TREATMENT PLANT,,TNI01429,82 Main Street,HORNELL,New York,,,env_labs,https://www.cityofhornell.gov/water-treatment-plant,"Leonard Fucci Chief Operator, Water Filtration Plant",,,,,,,no_explicit_gmp,False,found_via_search,extracted,extracted,"checked_pages_not_found (pages_checked=4,fetched_ok=3,total_text_chars=10355)",extracted,"checked_pages_not_found (pages_checked=4,fetched_ok=3,total_text_chars=10355)",HORNELL C WATER TREATMENT PLANT,True,HQ Lab @ HORNELL C WATER TREATMENT PLANT,42.3275877,-77.6609277,google_geometric_center,"82 Main St, Hornell, NY 14843, USA"
ENT-000627,1,env_labs_standardized.csv,Howard F. Curren Advanced Wastewater Treatment Plant Analytical Laboratory,,TNI00462,2545 Guy N. Verger Boulevard,Tampa,Florida,,,env_labs,https://www.tampa.gov/wastewater/info/advanced-wastewater-treatment-plant,"Eric A. Weiss, P.E.",WasteWater_UtilityNotify@tampagov.net,,,,,,no_explicit_gmp,False,found_via_search,extracted,extracted,extracted,extracted,"checked_pages_not_found (pages_checked=8,fetched_ok=8,total_text_chars=58071)",Howard F Curren Advanced Wastewater Treatment Plant Analytical Laboratory,True,HQ Lab @ Howard F Curren Advanced Wastewater Treatment Plant Analytical Laboratory,27.9259353,-82.4351227,google_rooftop,"2545 Guy N Verger Blvd, Tampa, FL 33605, USA"
ENT-000628,1,env_labs_standardized.csv,HRSD Central Environmental Laboratory,,TNI01239,1434 Air Rail Avenue,Virginia Beach,Virginia,,,env_labs,https://www.hrsd.com/,rhook@hrsd.com,rhook@hrsd.com,,,,,,no_explicit_gmp,False,found_via_search,extracted,extracted,extracted,extracted,"checked_pages_not_found (pages_checked=8,fetched_ok=8,total_text_chars=53120)",HRSD Central Environmental Laboratory,True,HQ Lab @ HRSD Central Environmental Laboratory,36.8966223,-76.1876295,google_rooftop,"1434 Air Rail Ave, Virginia Beach, VA 23455, USA"
ENT-000629,1,env_labs_standardized.csv,Hutchinson Municipal Wastewater Laboratory,,TNI01904,,Hutchinson,Kansas,,,env_labs,,,,,,,,,,,search_found_nothing,no_website_fallback_search_failed,no_website_cannot_check_pages,no_website_cannot_check_pages,no_website_cannot_check_pages,no_website_cannot_check_pages,Hutchinson Municipal Wastewater Laboratory,True,HQ Lab @ Hutchinson Municipal Wastewater Laboratory,38.0608445,-97.92977429999999,google_approximate,"Hutchinson, KS, USA"
ENT-000630,1,env_labs_standardized.csv,"Huther and Associates, Inc.",,TNI00039,,Denton,Texas,,,env_labs,https://hutherandassociates.com/,,,,,,,,,,found_via_search,found_via_fallback_search,"no_pages_fetched_ok (pages_checked=1,fetched_ok=0,total_text_chars=0)","no_pages_fetched_ok (pages_checked=1,fetched_ok=0,total_text_chars=0)","no_pages_fetched_ok (pages_checked=1,fetched_ok=0,total_text_chars=0)","no_pages_fetched_ok (pages_checked=1,fetched_ok=0,total_text_chars=0)",Huther and Associates,True,HQ Lab @ Huther and Associates,33.2165858,-97.13241049999999,google_approximate,"Denton, TX, USA"
ENT-000631,1,env_labs_standardized.csv,"HYDRO TECHNOLOGIES, LLC",,TNI01880,"62 Bank St, 2nd Floor",NEW MILFORD,Connecticut,,,env_labs,https://hydrotechnologiesct.localsearch.com/,Laura McGuire,,,,,,,,,found_via_search,found_via_fallback_search,found_via_fallback_search,"no_pages_fetched_ok (pages_checked=1,fetched_ok=0,total_text_chars=0)","no_pages_fetched_ok (pages_checked=1,fetched_ok=0,total_text_chars=0)","no_pages_fetched_ok (pages_checked=1,fetched_ok=0,total_text_chars=0)",HYDRO TECHNOLOGIES,True,HQ Lab @ HYDRO TECHNOLOGIES,41.5774408,-73.4127622,google_rooftop,"62 Bank St 2nd floor, New Milford, CT 06776, USA"
ENT-000632,1,env_labs_standardized.csv,IEH - JL Analytical,,TNI02561,,Modesto,California,,,env_labs,https://www.iehinc.com/,Dr. Mansour Samadpour,ms@iehinc.com,,,,,,no_explicit_gmp,True,found_via_search,extracted,extracted,extracted,extracted,extracted,IEH JL Analytical,True,HQ Lab @ IEH JL Analytical,37.6392595,-120.9970014,google_approximate,"Modesto, CA, USA"
ENT-000633,1,env_labs_standardized.csv,IEH SCIENTIFIC METHODS,,TNI02288,12441 Beckley St,GRANGER,Indiana,,,env_labs,https://www.scientificmethods.com/,,customer.service@scientificmethods.com,,,,,,no_explicit_gmp,True,found_via_search,extracted,"checked_pages_not_found (pages_checked=8,fetched_ok=8,total_text_chars=37430)",extracted,extracted,extracted,IEH SCIENTIFIC METHODS,True,HQ Lab @ IEH SCIENTIFIC METHODS,41.7548697,-86.1098791,google_rooftop,"12441 Beckley St, Granger, IN 46530, USA"
ENT-000634,1,env_labs_standardized.csv,Illinois Environmental Protection Agency Laboratory,,TNI00466,2520 W Iles Ave,Springfield,Illinois,,,env_labs,https://epa.illinois.gov/,,,,,,,,no_explicit_gmp,False,found_via_search,extracted,"checked_pages_not_found (pages_checked=8,fetched_ok=8,total_text_chars=22279)","checked_pages_not_found (pages_checked=8,fetched_ok=8,total_text_chars=22279)",extracted,"checked_pages_not_found (pages_checked=8,fetched_ok=8,total_text_chars=22279)",Illinois Environmental Protection Agency Laboratory,True,HQ Lab @ Illinois Environmental Protection Agency Laboratory,39.7694057,-89.7038804,google_rooftop,"2520 W Iles Ave, Springfield, IL 62704, USA"
ENT-000635,1,env_labs_standardized.csv,"Inboden Environmental Services, Inc.",,TNI01251,5790 Main Street,Mount Jackson,Virginia,,,env_labs,https://inbodenenv.com/,Terry J. Inboden,,,,,,,no_explicit_gmp,True,found_via_search,extracted,extracted,"checked_pages_not_found (pages_checked=7,fetched_ok=6,total_text_chars=7977)",extracted,extracted,Inboden Environmental Services,True,HQ Lab @ Inboden Environmental Services,38.7501294,-78.6392066,google_rooftop,"5790 Main St, Mt Jackson, VA 22842, USA"
ENT-000636,1,env_labs_standardized.csv,INFRAMARK,,TNI01821,,STATEN ISLAND,New York,,,env_labs,,,,,,,,,,,search_found_nothing,no_website_fallback_search_failed,no_website_cannot_check_pages,no_website_cannot_check_pages,no_website_cannot_check_pages,no_website_cannot_check_pages,INFRAMARK,True,HQ Lab @ INFRAMARK,40.6131714,-74.12141919999999,google_approximate,"Staten Island, NY, USA"
ENT-000637,1,env_labs_standardized.csv,"Instrumental Research, Inc",,TNI01082,7800 Main Street Ne,Fridley,Minnesota,,,env_labs,https://irilabs.net/,Sue Melchior Laboratory Director/President,admin@irilabs.com,,,,,,no_explicit_gmp,True,found_via_search,extracted,extracted,extracted,extracted,extracted,Instrumental Research,True,HQ Lab @ Instrumental Research,45.10997280000001,-93.26925179999999,google_rooftop,"7800 Main St NE, Fridley, MN 55432, USA"
ENT-000638,1,env_labs_standardized.csv,"Integrity Testing, Inc.",,TNI02281,"8127 Mesa Dr., #C-305",Austin,Texas,,,env_labs,https://www.integritytestingaustin.com/,Chris Ewert,chris@integritytestingaustin.com,,,,,,no_explicit_gmp,True,found_via_search,extracted,extracted,extracted,extracted,extracted,Integrity Testing,True,HQ Lab @ Integrity Testing,30.372706,-97.7557611,google_rooftop,"8127 Mesa Dr c 305, Austin, TX 78759, USA"
ENT-000639,1,env_labs_standardized.csv,International Paper Pensacola Mill Central Laboratory,,TNI00467,375 Muscogee Road,Cantonment,Florida,,,env_labs,https://www.internationalpaper.com/location/pensacola-mill,,,,,,,,no_explicit_gmp,False,found_via_search,extracted,"checked_pages_not_found (pages_checked=8,fetched_ok=8,total_text_chars=54801)","checked_pages_not_found (pages_checked=8,fetched_ok=8,total_text_chars=54801)",extracted,"checked_pages_not_found (pages_checked=8,fetched_ok=8,total_text_chars=54801)",International Paper Pensacola Mill Central Laboratory,True,HQ Lab @ International Paper Pensacola Mill Central Laboratory,30.607861,-87.32311089999999,google_rooftop,"375 Muscogee Rd, Cantonment, FL 32533, USA"
ENT-000640,1,env_labs_standardized.csv,International Water Quality Laboratory,,TNI00137,,El Paso,Texas,,,env_labs,https://www.epwater.org/our-water/water-quality/international-water-laboratory,John Balliew,[email protected],,,,,,no_explicit_gmp,False,found_via_search,found_via_fallback_search,extracted,extracted,extracted,"checked_pages_not_found (pages_checked=8,fetched_ok=8,total_text_chars=29557)",International Water Quality Laboratory,True,HQ Lab @ International Water Quality Laboratory,31.7618778,-106.4850217,google_approximate,"El Paso, TX, USA"
ENT-000641,1,env_labs_standardized.csv,INTERSTATE ENVIRONMENTAL COMMISSION,,TNI01547,"C/O BioBAT Brooklyn Army Terminal, Building A 140 58th Street, P.O. Box 202",BROOKLYN,New York,,,env_labs,https://www.iec-nynjct.org/,Evelyn Powers,jobs@iec-nynjct.org,,,,,,no_explicit_gmp,False,found_via_search,extracted,found_via_fallback_search,extracted,extracted,"checked_pages_not_found (pages_checked=8,fetched_ok=8,total_text_chars=20856)",INTERSTATE ENVIRONMENTAL COMMISSION,True,HQ Lab @ INTERSTATE ENVIRONMENTAL COMMISSION,40.6455096,-74.0238947,google_rooftop,"140 58th St, Brooklyn, NY 11220, USA"
ENT-000642,1,env_labs_standardized.csv,Ion Testing Laboratory,,TNI02684,,Georgetown,Texas,,,env_labs,https://iontestlab.com/,,xe038011@iontestlab.com,,,,,,,,found_via_search,found_via_fallback_search,"no_pages_fetched_ok (pages_checked=1,fetched_ok=0,total_text_chars=0)",found_via_fallback_search,"no_pages_fetched_ok (pages_checked=1,fetched_ok=0,total_text_chars=0)","no_pages_fetched_ok (pages_checked=1,fetched_ok=0,total_text_chars=0)",Ion Testing Laboratory,True,HQ Lab @ Ion Testing Laboratory,30.6332618,-97.6779842,google_approximate,"Georgetown, TX, USA"
ENT-000643,1,env_labs_standardized.csv,"IRIS ENVIRONMENTAL LABORATORIES, LLC",,TNI02478,1060 Woodcock Road,UNION,New Jersey,,,env_labs,https://irislaboratories.com/,,support@irislaboratories.com,,,,,,no_explicit_gmp,True,found_via_search,extracted,"checked_pages_not_found (pages_checked=8,fetched_ok=8,total_text_chars=43440)",extracted,extracted,extracted,IRIS ENVIRONMENTAL LABORATORIES,True,HQ Lab @ IRIS ENVIRONMENTAL LABORATORIES,40.6963917,-74.2699775,google_approximate,"Union, NJ, USA"
ENT-000644,1,env_labs_standardized.csv,IRON Laboratories Oregon,,TNI02459,1825 E. West Maple,Eugene,Oregon,,,env_labs,https://www.ironlaboratories.com/,,info@ironlaboratories.com,,,,,,no_explicit_gmp,True,found_via_search,extracted,"checked_pages_not_found (pages_checked=8,fetched_ok=8,total_text_chars=45920)",extracted,extracted,extracted,IRON Laboratories Oregon,True,HQ Lab @ IRON Laboratories Oregon,44.080836,-123.1303649,google_geometric_center,"Maple Dr, Eugene, OR 97404, USA"
ENT-000645,1,env_labs_standardized.csv,Irwin Army Community Hospital-Water Laboratory-PH-EH,,TNI02529,"650 Huebner Rd, Building 7665",Fort Riley,Kansas,,,env_labs,https://irwin.tricare.mil/,,,,,,,,,,found_via_search,found_via_fallback_search,"no_pages_fetched_ok (pages_checked=1,fetched_ok=0,total_text_chars=0)","no_pages_fetched_ok (pages_checked=1,fetched_ok=0,total_text_chars=0)","no_pages_fetched_ok (pages_checked=1,fetched_ok=0,total_text_chars=0)","no_pages_fetched_ok (pages_checked=1,fetched_ok=0,total_text_chars=0)",Irwin Army Community Hospital Water Laboratory PH EH,True,HQ Lab @ Irwin Army Community Hospital Water Laboratory PH EH,39.0830322,-96.76830389999999,google_rooftop,"650 Huebner Rd building 7665, Fort Riley, KS 66442, USA"
ENT-000646,1,env_labs_standardized.csv,ITHACA AREA WASTE WATER TREATMENT FACILITY,,TNI01617,525 3rd St.,ITHACA,New York,,,env_labs,https://www.cityofithacany.gov/325/Wastewater-Treatment-Facility,Ken Scherrieble,,,,,,,no_explicit_gmp,False,found_via_search,extracted,found_via_fallback_search,"checked_pages_not_found (pages_checked=4,fetched_ok=4,total_text_chars=22099)",extracted,"checked_pages_not_found (pages_checked=4,fetched_ok=4,total_text_chars=22099)",ITHACA AREA WASTE WATER TREATMENT FACILITY,True,HQ Lab @ ITHACA AREA WASTE WATER TREATMENT FACILITY,42.4503981,-76.5070688,google_rooftop,"525 3rd St, Ithaca, NY 14850, USA"
ENT-000647,1,env_labs_standardized.csv,J MYERS WATER SERVICES INC,,TNI01840,,HUNTER,New York,,,env_labs,,,,,,,,,,,search_found_nothing,found_via_fallback_search,no_website_cannot_check_pages,no_website_cannot_check_pages,no_website_cannot_check_pages,no_website_cannot_check_pages,J MYERS WATER SERVICES,True,HQ Lab @ J MYERS WATER SERVICES,42.21369869999999,-74.2187541,google_approximate,"Hunter, NY, USA"
ENT-000648,1,env_labs_standardized.csv,JACO ANALYTICAL LABORATORY,,TNI01686,103 12th Ave SW,EPHRATA,Washington,,,env_labs,https://www.jacotesting.com/,,Customerservice@jacotesting.com,,,,,,no_explicit_gmp,True,found_via_search,extracted,"checked_pages_not_found (pages_checked=8,fetched_ok=8,total_text_chars=22267)",extracted,extracted,extracted,JACO ANALYTICAL LABORATORY,True,HQ Lab @ JACO ANALYTICAL LABORATORY,47.3089558,-119.5585298,google_rooftop,"103 12th Ave SW, Ephrata, WA 98823, USA"
ENT-000649,1,env_labs_standardized.csv,James R. Reed & Associates,,TNI01241,,Newport News,Virginia,,,env_labs,https://jrreed.com/,Jeanette Chambers,jrreedlady@yahoo.com,,,,,,no_explicit_gmp,False,found_via_search,found_via_fallback_search,found_via_fallback_search,found_via_fallback_search,extracted,"pages_likely_js_rendered (pages_checked=1,fetched_ok=1,total_text_chars=66)",James R Reed Associates,True,HQ Lab @ James R Reed Associates,37.0870821,-76.4730122,google_approximate,"Newport News, VA, USA"
ENT-000650,1,env_labs_standardized.csv,JB3 CONSULTING,,TNI01738,160 James Brown Dr; 56 Etna Rd Suite F; 315 New York Rd; 553 Route 149 Suite B,LAKE GEORGE,New York,,,env_labs,https://www.endynelabs.com/,Joseph Biss III,info@endynelabs.com,,,,,,no_explicit_gmp,True,found_via_search,extracted,found_via_fallback_search,extracted,extracted,extracted,JB3 CONSULTING,True,HQ Lab @ JB3 CONSULTING,43.3842704,-73.65420979999999,google_rooftop,"553 NY-149, Lake George, NY 12845, USA"
ENT-000651,1,env_labs_standardized.csv,JEA Laboratory Services,,TNI00468,,Jacksonville,Florida,,,env_labs,https://www.jea.com/,,labservices@jea.com,,,,,,no_explicit_gmp,True,found_via_search,found_via_fallback_search,"checked_pages_not_found (pages_checked=8,fetched_ok=8,total_text_chars=120097)",found_via_fallback_search,extracted,extracted,JEA Laboratory Services,True,HQ Lab @ JEA Laboratory Services,30.3297566,-81.6591529,google_approximate,"Jacksonville, FL, USA"
ENT-000652,1,env_labs_standardized.csv,"JH CONSULTING GROUP, INC",,TNI01784,15 Lynnwood Drive,LOUDONVILLE,New York,,,env_labs,,,,,,,,,,,search_found_nothing,found_via_fallback_search,no_website_cannot_check_pages,no_website_cannot_check_pages,no_website_cannot_check_pages,no_website_cannot_check_pages,JH CONSULTING GROUP,True,HQ Lab @ JH CONSULTING GROUP,42.7181055,-73.7713529,google_rooftop,"15 Lynnwood Dr, Albany, NY 12211, USA"
ENT-000653,1,env_labs_standardized.csv,Johnson County Water Quality Laboratory,,TNI01926,111 S. Cherry St.,Olathe,Kansas,,,env_labs,https://www.jocogov.org/department/wastewater/residential-customers/water-quality-lab,,,,,,,,no_explicit_gmp,False,found_via_search,extracted,"checked_pages_not_found (pages_checked=8,fetched_ok=8,total_text_chars=42172)","checked_pages_not_found (pages_checked=8,fetched_ok=8,total_text_chars=42172)",extracted,"checked_pages_not_found (pages_checked=8,fetched_ok=8,total_text_chars=42172)",Johnson County Water Quality Laboratory,True,HQ Lab @ Johnson County Water Quality Laboratory,38.8814432,-94.82001439999999,google_rooftop,"111 S Cherry St, Olathe, KS 66061, USA"
ENT-000654,1,env_labs_standardized.csv,"Joiner Labs, LLC dba Joiner Micro Labs",,TNI01261,77 West Lee St. #202,Warrenton,Virginia,,,env_labs,https://joinermicrolab.com/,Daryl Burton,lab@joinermicrolab.com,,,,,,no_explicit_gmp,True,found_via_search,extracted,extracted,extracted,extracted,extracted,Joiner Labs,True,HQ Lab @ Joiner Labs,38.7135285,-77.7981424,google_rooftop,"77 W Lee St #202, Warrenton, VA 20186, USA"
ENT-000655,1,env_labs_standardized.csv,JOINT REGIONAL SEWERAGE BOARD,,TNI01656,,WEST HAVERSTRAW,New York,,,env_labs,,,,,,,,,,,search_found_nothing,found_via_fallback_search,no_website_cannot_check_pages,no_website_cannot_check_pages,no_website_cannot_check_pages,no_website_cannot_check_pages,JOINT REGIONAL SEWERAGE BOARD,True,HQ Lab @ JOINT REGIONAL SEWERAGE BOARD,41.2095389,-73.9854177,google_approximate,"West Haverstraw, NY, USA"
ENT-000656,1,env_labs_standardized.csv,JORDAN (V) WATER POLLUTION CONTROL PLANT,,TNI01476,7  Mechanic St,JORDAN,New York,,,env_labs,https://jordanny.gov/,,clerk@jordanny.gov,,,,,,no_explicit_gmp,False,found_via_search,extracted,"checked_pages_not_found (pages_checked=3,fetched_ok=2,total_text_chars=13950)",extracted,extracted,"checked_pages_not_found (pages_checked=3,fetched_ok=2,total_text_chars=13950)",JORDAN V WATER POLLUTION CONTROL PLANT,True,HQ Lab @ JORDAN V WATER POLLUTION CONTROL PLANT,43.06562,-76.4722774,google_rooftop,"7 Mechanic St, Jordan, NY 13080, USA"
ENT-000657,1,env_labs_standardized.csv,Jordan Basin Water Reclamation Facility Laboratory,,TNI02226,13826 South Jordan Basin Lane,Riverton,Utah,,,env_labs,https://jbidut.gov/,Danielle Lenz,daniellel@jbidut.gov,,,,,,no_explicit_gmp,False,found_via_search,extracted,found_via_fallback_search,found_via_fallback_search,extracted,"checked_pages_not_found (pages_checked=8,fetched_ok=8,total_text_chars=33239)",Jordan Basin Water Reclamation Facility Laboratory,True,HQ Lab @ Jordan Basin Water Reclamation Facility Laboratory,40.5028679,-111.9191269,google_rooftop,"13826 S Jordan Basin Ln, Bluffdale, UT 84065, USA"
ENT-000658,1,env_labs_standardized.csv,Jordan Valley Laboratory,,TNI01984,,Herriman,Utah,,,env_labs,,,,,,,,,,,search_found_nothing,found_via_fallback_search,no_website_cannot_check_pages,no_website_cannot_check_pages,no_website_cannot_check_pages,no_website_cannot_check_pages,Jordan Valley Laboratory,True,HQ Lab @ Jordan Valley Laboratory,40.5141147,-112.0329938,google_approximate,"Herriman, UT, USA"
ENT-000659,1,env_labs_standardized.csv,Jordanelle Laboratory,,TNI01985,10500 North 1420 West,Heber City,Utah,,,env_labs,,,,,,,,,,,search_found_nothing,found_via_fallback_search,no_website_cannot_check_pages,no_website_cannot_check_pages,no_website_cannot_check_pages,no_website_cannot_check_pages,Jordanelle Laboratory,True,HQ Lab @ Jordanelle Laboratory,40.4936475,-111.3323385,google_geometric_center,"1420 S, Heber City, UT 84032, USA"
ENT-000660,1,env_labs_standardized.csv,"Jupiter Environmental Laboratories, Inc.",,TNI00469,150 S. Old Dixie Highway,Jupiter,Florida,,,env_labs,https://www.jupiterlabs.com/,Kacia Baldwin,info@Jupiterlabs.com,,,,,,no_explicit_gmp,True,found_via_search,extracted,found_via_fallback_search,extracted,extracted,extracted,Jupiter Environmental Laboratories,True,HQ Lab @ Jupiter Environmental Laboratories,26.9325345,-80.0945062,google_rooftop,"150 S Old Dixie Hwy, Jupiter, FL 33458, USA"
ENT-000661,1,env_labs_standardized.csv,KAM CONSULTANTS,,TNI01674,,LONG ISLAND CITY,New York,,,env_labs,https://www.kamconsultants.com/,George Kouvaras,info@kamconsultants.com,,,,,,no_explicit_gmp,True,found_via_search,extracted,found_via_fallback_search,extracted,extracted,extracted,KAM CONSULTANTS,True,HQ Lab @ KAM CONSULTANTS,40.744679,-73.9485424,google_approximate,"Long Island City, Queens, NY, USA"
ENT-000662,1,env_labs_standardized.csv,Kanapaha Laboratory - Gainesville Utilities,,TNI00473,,Gainesville,Florida,,,env_labs,,,,,,,,,,,search_found_nothing,found_via_fallback_search,no_website_cannot_check_pages,no_website_cannot_check_pages,no_website_cannot_check_pages,no_website_cannot_check_pages,Kanapaha Laboratory Gainesville Utilities,True,HQ Lab @ Kanapaha Laboratory Gainesville Utilities,29.6519563,-82.324998,google_approximate,"Gainesville, FL, USA"
ENT-000663,1,env_labs_standardized.csv,Kansas City Board of Public Utilities-Nearman Water Laboratory,,TNI01908,540 Minnesota Avenue,Kansas City,Kansas,,,env_labs,https://www.bpu.com/,,FLIU@bpu.com,,,,,,no_explicit_gmp,False,found_via_search,extracted,"checked_pages_not_found (pages_checked=8,fetched_ok=8,total_text_chars=61646)",found_via_fallback_search,extracted,"checked_pages_not_found (pages_checked=8,fetched_ok=8,total_text_chars=61646)",Kansas City Board of Public Utilities Nearman Water Laboratory,True,HQ Lab @ Kansas City Board of Public Utilities Nearman Water Laboratory,39.1158366,-94.6236117,google_rooftop,"540 Minnesota Ave, Kansas City, KS 66101, USA"
ENT-000664,1,env_labs_standardized.csv,Kansas City Municipal Wastewater Laboratory,,TNI01910,,Kansas City,Kansas,,,env_labs,,,,,,,,,,,search_found_nothing,no_website_fallback_search_failed,no_website_cannot_check_pages,no_website_cannot_check_pages,no_website_cannot_check_pages,no_website_cannot_check_pages,Kansas City Municipal Wastewater Laboratory,True,HQ Lab @ Kansas City Municipal Wastewater Laboratory,39.11553139999999,-94.62678729999999,google_approximate,"Kansas City, KS, USA"
ENT-000665,1,env_labs_standardized.csv,KATAHDIN ANALYTICAL SERVICES LLC (#2001),,TNI00476,,SCARBOROUGH,Maine,,,env_labs,https://www.katahdinlab.com/,,sales@katahdinlab.com,,,,,,,,found_via_search,found_via_fallback_search,"no_pages_fetched_ok (pages_checked=1,fetched_ok=0,total_text_chars=0)",found_via_fallback_search,"no_pages_fetched_ok (pages_checked=1,fetched_ok=0,total_text_chars=0)","no_pages_fetched_ok (pages_checked=1,fetched_ok=0,total_text_chars=0)",KATAHDIN ANALYTICAL SERVICES,True,HQ Lab @ KATAHDIN ANALYTICAL SERVICES,43.5901396,-70.33448899999999,google_approximate,"Scarborough, ME, USA"
ENT-000666,1,env_labs_standardized.csv,Kaycha Labs Oregon,,TNI02457,,Central Point,Oregon,,,env_labs,https://www.kaychalabs.com/,Anthony Smith,info@kaychalabs.com,,,,,,no_explicit_gmp,True,found_via_search,extracted,found_via_fallback_search,extracted,extracted,extracted,Kaycha Labs Oregon,True,HQ Lab @ Kaycha Labs Oregon,42.3759586,-122.9164307,google_approximate,"Central Point, OR, USA"
ENT-000667,1,env_labs_standardized.csv,KC Water Services Laboratory,,TNI02727,,Kansas City,Missouri,,,env_labs,https://www.kcwater.us/,,water.quality@kcmo.org,,,,,,,,found_via_search,found_via_fallback_search,"no_pages_fetched_ok (pages_checked=1,fetched_ok=0,total_text_chars=0)",found_via_fallback_search,"no_pages_fetched_ok (pages_checked=1,fetched_ok=0,total_text_chars=0)","no_pages_fetched_ok (pages_checked=1,fetched_ok=0,total_text_chars=0)",KC Water Services Laboratory,True,HQ Lab @ KC Water Services Laboratory,39.0997265,-94.5785667,google_approximate,"Kansas City, MO, USA"
ENT-000668,1,env_labs_standardized.csv,KEENE CITY LABORATORY,,TNI01046,420 Airport Rd,SWANZEY,New Hampshire,,,env_labs,,,,,,,,,,,search_found_nothing,found_via_fallback_search,no_website_cannot_check_pages,no_website_cannot_check_pages,no_website_cannot_check_pages,no_website_cannot_check_pages,KEENE CITY LABORATORY,True,HQ Lab @ KEENE CITY LABORATORY,42.9096954,-72.26675399999999,google_rooftop,"420 Airport Rd, Swanzey, NH 03446, USA"
ENT-000669,1,env_labs_standardized.csv,Kennedy Space Center Environmental Microbiology Laboratory,,TNI00477,,Kennedy Space Center,Florida,,,env_labs,https://public.ksc.nasa.gov/partnerships/capabilities-and-testing/testing-and-labs/environmental-microbiology-lab/,,,,,,,,,,found_via_search,found_via_fallback_search,"no_pages_fetched_ok (pages_checked=1,fetched_ok=0,total_text_chars=0)","no_pages_fetched_ok (pages_checked=1,fetched_ok=0,total_text_chars=0)","no_pages_fetched_ok (pages_checked=1,fetched_ok=0,total_text_chars=0)","no_pages_fetched_ok (pages_checked=1,fetched_ok=0,total_text_chars=0)",Kennedy Space Center Environmental Microbiology Laboratory,True,HQ Lab @ Kennedy Space Center Environmental Microbiology Laboratory,28.5743572,-80.6520371,google_geometric_center,"Florida 32899, USA"
ENT-000670,1,env_labs_standardized.csv,KENTUCKY EEC DEP DIV ENVIRONMENTAL PROGRAM SUPPORT,,TNI01063,,FRANKFORT,Kentucky,,,env_labs,https://eec.ky.gov/Environmental-Protection/Pages/Program-Support.aspx,,,,,,,,no_explicit_gmp,False,found_via_search,found_via_fallback_search,"checked_pages_not_found (pages_checked=8,fetched_ok=8,total_text_chars=102134)","checked_pages_not_found (pages_checked=8,fetched_ok=8,total_text_chars=102134)",extracted,"checked_pages_not_found (pages_checked=8,fetched_ok=8,total_text_chars=102134)",KENTUCKY EEC DEP DIV ENVIRONMENTAL PROGRAM SUPPORT,True,HQ Lab @ KENTUCKY EEC DEP DIV ENVIRONMENTAL PROGRAM SUPPORT,38.1950324,-84.8784682,google_approximate,"Frankfort, KY 40601, USA"
ENT-000671,1,env_labs_standardized.csv,KINGSTON LABORATORY - NYC DEP,,TNI01425,71 Smith Avenue,KINGSTON,New York,,,env_labs,https://www.nyc.gov/html/dep/,,,,,,,,no_explicit_gmp,False,found_via_search,found_via_fallback_search,"pages_likely_js_rendered (pages_checked=1,fetched_ok=1,total_text_chars=76)","pages_likely_js_rendered (pages_checked=1,fetched_ok=1,total_text_chars=76)",extracted,"pages_likely_js_rendered (pages_checked=1,fetched_ok=1,total_text_chars=76)",KINGSTON LABORATORY NYC DEP,True,HQ Lab @ KINGSTON LABORATORY NYC DEP,41.92995550000001,-73.999251,google_rooftop,"71 Smith Ave, Kingston, NY 12401, USA"
ENT-000672,1,env_labs_standardized.csv,KINGSTON WATER DEPARTMENT LAB,,TNI01457,,KINGSTON,New York,,,env_labs,https://kingston-ny.gov/water,Superintendent Matthew Dysard,[email protected],,,,,,no_explicit_gmp,False,found_via_search,found_via_fallback_search,extracted,extracted,extracted,"checked_pages_not_found (pages_checked=4,fetched_ok=4,total_text_chars=16336)",KINGSTON WATER DEPARTMENT LAB,True,HQ Lab @ KINGSTON WATER DEPARTMENT LAB,41.9270367,-73.9973608,google_approximate,"Kingston, NY 12401, USA"
ENT-000673,1,env_labs_standardized.csv,Klamath Tribes Sprague River Water Quality Laboratory,,TNI02451,,Chiloquin,Oregon,,,env_labs,https://klamathtribeswaterquality.com/,Mark Buettner,mark.buettner@klamathtribes.com,,,,,,no_explicit_gmp,False,found_via_search,found_via_fallback_search,extracted,extracted,extracted,"checked_pages_not_found (pages_checked=3,fetched_ok=3,total_text_chars=11070)",Klamath Tribes Sprague River Water Quality Laboratory,True,HQ Lab @ Klamath Tribes Sprague River Water Quality Laboratory,42.5776364,-121.8661258,google_approximate,"Chiloquin, OR 97624, USA"
ENT-000674,1,env_labs_standardized.csv,KNL Environmental Testing,,TNI00478,3202 North Florida Ave,Tampa,Florida,,,env_labs,https://knlenvironmental.com/,"Thomas Weeks, President/Lab Director",tweeks@knlenvironmental.com,,,,,,no_explicit_gmp,True,found_via_search,extracted,extracted,extracted,extracted,extracted,KNL Environmental Testing,True,HQ Lab @ KNL Environmental Testing,27.9735089,-82.4596979,google_rooftop,"3202 N Florida Ave, Tampa, FL 33603, USA"
ENT-000675,1,env_labs_standardized.csv,Koochiching Health Department Water Testing,,TNI01147,715 4th Street,International Falls,Minnesota,,,env_labs,https://www.koochiching.gov/,Derek Foss,,,,,,,no_explicit_gmp,False,found_via_search,extracted,extracted,"checked_pages_not_found (pages_checked=5,fetched_ok=5,total_text_chars=16255)",extracted,"checked_pages_not_found (pages_checked=5,fetched_ok=5,total_text_chars=16255)",Koochiching Health Department Water Testing,True,HQ Lab @ Koochiching Health Department Water Testing,48.6012259,-93.41016909999999,google_rooftop,"715 4th St, International Falls, MN 56649, USA"
ENT-000676,1,env_labs_standardized.csv,LACONIA WATER WORKS LABORATORY,,TNI01047,45 Beacon Street E,LAKEPORT,New Hampshire,,,env_labs,https://www.laconianh.gov/,,emessier@laconianh.gov,,,,,,no_explicit_gmp,False,found_via_search,extracted,"checked_pages_not_found (pages_checked=4,fetched_ok=4,total_text_chars=8777)",found_via_fallback_search,extracted,"checked_pages_not_found (pages_checked=4,fetched_ok=4,total_text_chars=8777)",LACONIA WATER WORKS LABORATORY,True,HQ Lab @ LACONIA WATER WORKS LABORATORY,43.5282454,-71.4684003,google_rooftop,"45 Beacon St E, Laconia, NH 03246, USA"
ENT-000677,1,env_labs_standardized.csv,Lafayette Consolidated Government,,TNI01392,705 West University Avenue,Lafayette,Louisiana,,,env_labs,https://www.lafayettela.gov/,,info@lafayettela.gov,,,,,,no_explicit_gmp,False,found_via_search,extracted,"checked_pages_not_found (pages_checked=8,fetched_ok=8,total_text_chars=63705)",extracted,extracted,"checked_pages_not_found (pages_checked=8,fetched_ok=8,total_text_chars=63705)",Lafayette Consolidated Government,True,HQ Lab @ Lafayette Consolidated Government,30.2204792,-92.0246432,google_rooftop,"705 W University Ave, Lafayette, LA 70506, USA"
ENT-000678,1,env_labs_standardized.csv,Lake County Environmental Laboratory,,TNI02035,,Libertyville,Illinois,,,env_labs,https://www.lakecountyil.gov/2311/Environmental-Laboratory/,,,,,,,,,,found_via_search,found_via_fallback_search,"no_pages_fetched_ok (pages_checked=1,fetched_ok=0,total_text_chars=0)","no_pages_fetched_ok (pages_checked=1,fetched_ok=0,total_text_chars=0)","no_pages_fetched_ok (pages_checked=1,fetched_ok=0,total_text_chars=0)","no_pages_fetched_ok (pages_checked=1,fetched_ok=0,total_text_chars=0)",Lake County Environmental Laboratory,True,HQ Lab @ Lake County Environmental Laboratory,42.2830786,-87.9531303,google_approximate,"Libertyville, IL, USA"
ENT-000679,1,env_labs_standardized.csv,Lake County Water Resource Management Laboratory,,TNI00479,,Tavares,Florida,,,env_labs,,,,,,,,,,,search_found_nothing,no_website_fallback_search_failed,no_website_cannot_check_pages,no_website_cannot_check_pages,no_website_cannot_check_pages,no_website_cannot_check_pages,Lake County Water Resource Management Laboratory,True,HQ Lab @ Lake County Water Resource Management Laboratory,28.8041579,-81.725632,google_approximate,"Tavares, FL, USA"
ENT-000680,1,env_labs_standardized.csv,LAKE PLACID VILLAGE,,TNI01492,,LAKE PLACID,New York,,,env_labs,https://northelba.villageoflakeplacid.ny.gov/,Mayor Art Devlin,MayorDevlin@villageoflakeplacid.ny.gov,,,,,,no_explicit_gmp,False,found_via_search,extracted,extracted,extracted,extracted,"checked_pages_not_found (pages_checked=7,fetched_ok=7,total_text_chars=42040)",LAKE PLACID VILLAGE,True,HQ Lab @ LAKE PLACID VILLAGE,44.2794911,-73.9798713,google_approximate,"Lake Placid, NY 12946, USA"
ENT-000681,1,env_labs_standardized.csv,Lawrence Municipal Laboratory - Utilities,,TNI01914,,Lawrence,Kansas,,,env_labs,https://lawrenceks.gov/,,,,,,,,,,found_via_search,"no_pages_fetched_ok (pages_checked=1,fetched_ok=0,total_text_chars=0)","no_pages_fetched_ok (pages_checked=1,fetched_ok=0,total_text_chars=0)","no_pages_fetched_ok (pages_checked=1,fetched_ok=0,total_text_chars=0)","no_pages_fetched_ok (pages_checked=1,fetched_ok=0,total_text_chars=0)","no_pages_fetched_ok (pages_checked=1,fetched_ok=0,total_text_chars=0)",Lawrence Municipal Laboratory Utilities,True,HQ Lab @ Lawrence Municipal Laboratory Utilities,38.9716689,-95.2352501,google_approximate,"Lawrence, KS, USA"
ENT-000682,1,env_labs_standardized.csv,Leavenworth Municipal Wastewater Treatment Plant,,TNI01915,,Leavenworth,Kansas,,,env_labs,https://cityofleavenworth.com/,Tim Guardado,tguardado@firstcity.org,,,,,,,,found_via_search,found_via_fallback_search,found_via_fallback_search,found_via_fallback_search,"no_pages_fetched_ok (pages_checked=1,fetched_ok=0,total_text_chars=0)","no_pages_fetched_ok (pages_checked=1,fetched_ok=0,total_text_chars=0)",Leavenworth Municipal Wastewater Treatment Plant,True,HQ Lab @ Leavenworth Municipal Wastewater Treatment Plant,39.3103522,-94.9279371,google_approximate,"Leavenworth, KS, USA"
ENT-000683,1,env_labs_standardized.csv,Lee County Environmental Laboratory,,TNI00481,,Ft. Myers,Florida,,,env_labs,https://www.leegov.com/naturalresources/EnvLab,Rick Armstrong,RArmstrong@leegov.com,,,,,,no_explicit_gmp,False,found_via_search,found_via_fallback_search,found_via_fallback_search,found_via_fallback_search,extracted,"checked_pages_not_found (pages_checked=8,fetched_ok=8,total_text_chars=61832)",Lee County Environmental Laboratory,True,HQ Lab @ Lee County Environmental Laboratory,26.6409247,-81.8605575,google_approximate,"Fort Myers, FL, USA"
ENT-000684,1,env_labs_standardized.csv,LEFRAK CITY PRIORITY POLLUTANTS LAB-NYCDEP,,TNI01703,"96-05 Horace Harding Expressway, 6th Floor",CORONA,New York,,,env_labs,,,,,,,,,,,search_found_nothing,found_via_fallback_search,no_website_cannot_check_pages,no_website_cannot_check_pages,no_website_cannot_check_pages,no_website_cannot_check_pages,LEFRAK CITY PRIORITY POLLUTANTS LAB NYCDEP,True,HQ Lab @ LEFRAK CITY PRIORITY POLLUTANTS LAB NYCDEP,40.7348796,-73.86348939999999,google_rooftop,"LeFrak City Apartments, 96-05 Horace Harding Expy 6th floor, Corona, NY 11368, USA"
ENT-000685,1,env_labs_standardized.csv,"Legend Technical Services, Inc.",,TNI01120,88 Empire Drive,St Paul,Minnesota,,,env_labs,https://legend-group.com/,"Cheryl A Sykora,CIH,CSP,CHMM,SDSRP",[email protected],,,,,,no_explicit_gmp,True,found_via_search,extracted,extracted,extracted,extracted,extracted,Legend Technical Services,True,HQ Lab @ Legend Technical Services,44.9613446,-93.10293689999999,google_rooftop,"88 Empire Dr, St Paul, MN 55103, USA"
ENT-000686,1,env_labs_standardized.csv,Liberal Municipal Wastewater Laboratory,,TNI01918,324 N Kansas Avenue,Liberal,Kansas,,,env_labs,https://www.cityofliberal.org/,,,,,,,,no_explicit_gmp,False,found_via_search,extracted,"checked_pages_not_found (pages_checked=8,fetched_ok=8,total_text_chars=69653)","checked_pages_not_found (pages_checked=8,fetched_ok=8,total_text_chars=69653)",extracted,"checked_pages_not_found (pages_checked=8,fetched_ok=8,total_text_chars=69653)",Liberal Municipal Wastewater Laboratory,True,HQ Lab @ Liberal Municipal Wastewater Laboratory,37.0414508,-100.9226114,google_rooftop,"324 N Kansas Ave, Liberal, KS 67901, USA"
ENT-000687,1,env_labs_standardized.csv,LIFE SCIENCE LABORATORIES - CENTRAL,,TNI01488,5854 Butternut Drive,EAST SYRACUSE,New York,,,env_labs,https://www.lsl-inc.com/,Dave Pritchard,,,,,,,,,found_via_search,found_via_fallback_search,found_via_fallback_search,"no_pages_fetched_ok (pages_checked=1,fetched_ok=0,total_text_chars=0)","no_pages_fetched_ok (pages_checked=1,fetched_ok=0,total_text_chars=0)","no_pages_fetched_ok (pages_checked=1,fetched_ok=0,total_text_chars=0)",LIFE SCIENCE LABORATORIES CENTRAL,True,HQ Lab @ LIFE SCIENCE LABORATORIES CENTRAL,43.0538999,-76.0464814,google_rooftop,"5854 Butternut Dr, East Syracuse, NY 13057, USA"
ENT-000688,1,env_labs_standardized.csv,LIFE SCIENCE LABORATORIES INC - FINGER LAKES,,TNI01745,,WAYLAND,New York,,,env_labs,https://www.lsl-inc.com/,,lslfll@lsl-inc.com,,,,,,,,found_via_search,found_via_fallback_search,"no_pages_fetched_ok (pages_checked=1,fetched_ok=0,total_text_chars=0)",found_via_fallback_search,"no_pages_fetched_ok (pages_checked=1,fetched_ok=0,total_text_chars=0)","no_pages_fetched_ok (pages_checked=1,fetched_ok=0,total_text_chars=0)",LIFE SCIENCE LABORATORIES,False,Wayland Lab @ LIFE SCIENCE LABORATORIES,42.5678449,-77.58971389999999,google_approximate,"Wayland, NY 14572, USA"
ENT-000689,1,env_labs_standardized.csv,LIFE SCIENCE LABORATORIES INC - NORTH,,TNI01621,131 St. Lawrence Avenue,WADDINGTON,New York,,,env_labs,http://lsl-inc.com/,,lslnfo@lsl-inc.com,,,,,,,,found_via_search,found_via_fallback_search,"no_pages_fetched_ok (pages_checked=1,fetched_ok=0,total_text_chars=0)",found_via_fallback_search,"no_pages_fetched_ok (pages_checked=1,fetched_ok=0,total_text_chars=0)","no_pages_fetched_ok (pages_checked=1,fetched_ok=0,total_text_chars=0)",LIFE SCIENCE LABORATORIES,False,Waddington Lab @ LIFE SCIENCE LABORATORIES,44.8659521,-75.2045157,google_rooftop,"131 St Lawrence Ave, Waddington, NY 13694, USA"
ENT-000690,1,env_labs_standardized.csv,Lightscale Labs,,TNI02466,2535 N Ross Ave,Portland,Oregon,,,env_labs,https://lightscale.com/,,info@lightscale.com,,,,,,no_explicit_gmp,True,found_via_search,extracted,"checked_pages_not_found (pages_checked=3,fetched_ok=3,total_text_chars=6495)",extracted,extracted,extracted,Lightscale Labs,True,HQ Lab @ Lightscale Labs,45.5407863,-122.6729522,google_rooftop,"2535 N Ross Ave, Portland, OR 97227, USA"
ENT-000691,1,env_labs_standardized.csv,LOCKPORT WASTEWATER TREATMENT PLANT,,TNI01423,611 W. Jackson St.,LOCKPORT,New York,,,env_labs,https://lockportny.gov/departments/wastewater-treatment/,Michael McFall,info@lockportny.gov,,,,,,,,found_via_search,found_via_fallback_search,found_via_fallback_search,found_via_fallback_search,"no_pages_fetched_ok (pages_checked=1,fetched_ok=0,total_text_chars=0)","no_pages_fetched_ok (pages_checked=1,fetched_ok=0,total_text_chars=0)",LOCKPORT WASTEWATER TREATMENT PLANT,True,HQ Lab @ LOCKPORT WASTEWATER TREATMENT PLANT,43.1882414,-78.71112169999999,google_rooftop,"611 W Jackson St, Lockport, NY 14094, USA"
ENT-000692,1,env_labs_standardized.csv,LOCKPORT WATER TREATMENT PLANT LAB,,TNI01587,,LOCKPORT,New York,,,env_labs,https://lockportny.gov/,Dennis McNamara,info@lockportny.gov,,,,,,,,found_via_search,found_via_fallback_search,found_via_fallback_search,found_via_fallback_search,"no_pages_fetched_ok (pages_checked=1,fetched_ok=0,total_text_chars=0)","no_pages_fetched_ok (pages_checked=1,fetched_ok=0,total_text_chars=0)",LOCKPORT WATER TREATMENT PLANT LAB,True,HQ Lab @ LOCKPORT WATER TREATMENT PLANT LAB,43.1706128,-78.6903098,google_approximate,"Lockport, NY 14094, USA"
ENT-000693,1,env_labs_standardized.csv,"LONG ISLAND ANALYTICAL LABORATORIES, INC",,TNI01752,110 Colin Drive,HOLBROOK,New York,,,env_labs,https://www.lialinc.com/,"Michael Veraldi, Sr.",lial@lialinc.com,,,,,,no_explicit_gmp,True,found_via_search,extracted,found_via_fallback_search,extracted,extracted,extracted,LONG ISLAND ANALYTICAL LABORATORIES,True,HQ Lab @ LONG ISLAND ANALYTICAL LABORATORIES,40.7758478,-73.0482811,google_rooftop,"110 Colin Dr, Holbrook, NY 11741, USA"
ENT-000694,1,env_labs_standardized.csv,Lower Colorado River Authority - Environmental Laboratory Services,,TNI00029,,Austin,Texas,,,env_labs,https://www.lcra.org/services/els/services/,,[email protected],,,,,,,,found_via_search,found_via_fallback_search,"no_pages_fetched_ok (pages_checked=1,fetched_ok=0,total_text_chars=0)",found_via_fallback_search,"no_pages_fetched_ok (pages_checked=1,fetched_ok=0,total_text_chars=0)","no_pages_fetched_ok (pages_checked=1,fetched_ok=0,total_text_chars=0)",Lower Colorado River Authority Environmental Laboratory Services,True,HQ Lab @ Lower Colorado River Authority Environmental Laboratory Services,30.267153,-97.7430608,google_approximate,"Austin, TX, USA"
ENT-000695,1,env_labs_standardized.csv,Lower Neches Valley Authority - North Regional Treatment Plant Laboratory,,TNI00104,2655 Gulf States Road,Beaumont,Texas,,,env_labs,https://lnva.dst.tx.us/,,,,,,,,no_explicit_gmp,False,found_via_search,extracted,"checked_pages_not_found (pages_checked=8,fetched_ok=8,total_text_chars=24970)","checked_pages_not_found (pages_checked=8,fetched_ok=8,total_text_chars=24970)",extracted,"checked_pages_not_found (pages_checked=8,fetched_ok=8,total_text_chars=24970)",Lower Neches Valley Authority North Regional Treatment Plant Laboratory,True,HQ Lab @ Lower Neches Valley Authority North Regional Treatment Plant Laboratory,30.0615616,-94.0616229,google_rooftop,"2655 Gulf States Rd, Beaumont, TX 77701, USA"
ENT-000696,1,env_labs_standardized.csv,Loxahatchee River Environmental Control District,,TNI00483,,Jupiter,Florida,,,env_labs,https://loxahatcheeriver.org/,Susan Noel,susan.noel@lrecd.org,,,,,,,,found_via_search,found_via_fallback_search,found_via_fallback_search,found_via_fallback_search,"no_pages_fetched_ok (pages_checked=1,fetched_ok=0,total_text_chars=0)","no_pages_fetched_ok (pages_checked=1,fetched_ok=0,total_text_chars=0)",Loxahatchee River Environmental Control District,True,HQ Lab @ Loxahatchee River Environmental Control District,26.9318533,-80.1023696,google_approximate,"Jupiter, FL, USA"
ENT-000697,1,env_labs_standardized.csv,"LOZIER ENVIRONMENTAL CONSULTING, INC",,TNI01777,2011 East Main Street,ROCHESTER,New York,,,env_labs,https://www.lozierenv.com/,,Support@LozierEnv.com,,,,,,no_explicit_gmp,True,found_via_search,extracted,"checked_pages_not_found (pages_checked=8,fetched_ok=8,total_text_chars=20858)",extracted,extracted,extracted,LOZIER ENVIRONMENTAL CONSULTING,True,HQ Lab @ LOZIER ENVIRONMENTAL CONSULTING,43.1598101,-77.5570833,google_rooftop,"2011 E Main St, Rochester, NY 14609, USA"
ENT-000698,1,env_labs_standardized.csv,Luman's Laboratories,,TNI02717,505 Maple St,Chetopa,Kansas,,,env_labs,,,,,,,,,,,search_found_nothing,found_via_fallback_search,no_website_cannot_check_pages,no_website_cannot_check_pages,no_website_cannot_check_pages,no_website_cannot_check_pages,Lumans Laboratories,True,HQ Lab @ Lumans Laboratories,37.0371714,-95.0896727,google_rooftop,"505 Maple St, Chetopa, KS 67336, USA"
ENT-000699,1,env_labs_standardized.csv,M. J. Reider Associates Inc,,TNI02130,107 Angelica Street,Reading,Pennsylvania,,,env_labs,https://mjreider.com/,"Erin McKechnie, Laboratory Director",emckechnie@mjreider.com,,,,,,no_explicit_gmp,True,found_via_search,extracted,extracted,extracted,extracted,extracted,M J Reider Associates,True,HQ Lab @ M J Reider Associates,40.3166991,-75.9363024,google_rooftop,"107 Angelica St, Reading, PA 19611, USA"
ENT-000700,1,env_labs_standardized.csv,MAIN PUMP STATION NO 5,,TNI01601,,CHEEKTOWAGA,New York,,,env_labs,,,,,,,,,,,search_found_nothing,no_website_fallback_search_failed,no_website_cannot_check_pages,no_website_cannot_check_pages,no_website_cannot_check_pages,no_website_cannot_check_pages,MAIN PUMP STATION NO 5,True,HQ Lab @ MAIN PUMP STATION NO 5,42.9071477,-78.7542892,google_approximate,"Cheektowaga, NY, USA"
ENT-000701,1,env_labs_standardized.csv,MAINE LABORATORIES LLC,,TNI02801,25 Main St,NORRIDGEWOCK,Maine,,,env_labs,https://www.mainelaboratories.com/,"Katie Richards, MBA",,,,,,,no_explicit_gmp,True,found_via_search,extracted,extracted,"checked_pages_not_found (pages_checked=7,fetched_ok=7,total_text_chars=15067)",extracted,extracted,MAINE LABORATORIES,True,HQ Lab @ MAINE LABORATORIES,44.71320009999999,-69.7946609,google_rooftop,"25 Main St, Norridgewock, ME 04957, USA"
ENT-000702,1,env_labs_standardized.csv,Manatee County Natural Resources Department,,TNI00485,,Bradenton,Florida,,,env_labs,https://www.mymanatee.org/,,naturalresources@mymanatee.org,,,,,,no_explicit_gmp,False,found_via_search,found_via_fallback_search,"checked_pages_not_found (pages_checked=8,fetched_ok=4,total_text_chars=58043)",found_via_fallback_search,extracted,"checked_pages_not_found (pages_checked=8,fetched_ok=4,total_text_chars=58043)",Manatee County Natural Resources Department,True,HQ Lab @ Manatee County Natural Resources Department,27.4991266,-82.5734288,google_approximate,"Bradenton, FL, USA"
ENT-000703,1,env_labs_standardized.csv,Manatee County Utilities Department WTPQC Laboratory,,TNI00486,,Bradenton,Florida,,,env_labs,https://www.mymanatee.org/,,,,,,,,no_explicit_gmp,False,found_via_search,found_via_fallback_search,"checked_pages_not_found (pages_checked=8,fetched_ok=4,total_text_chars=58043)","checked_pages_not_found (pages_checked=8,fetched_ok=4,total_text_chars=58043)",extracted,"checked_pages_not_found (pages_checked=8,fetched_ok=4,total_text_chars=58043)",Manatee County Utilities Department WTPQC Laboratory,True,HQ Lab @ Manatee County Utilities Department WTPQC Laboratory,27.4991266,-82.5734288,google_approximate,"Bradenton, FL, USA"
ENT-000704,1,env_labs_standardized.csv,Manatee County Utility Department Central Laboratory,,TNI00487,,Bradenton,Florida,,,env_labs,https://www.mymanatee.org/,,,,,,,,no_explicit_gmp,False,found_via_search,found_via_fallback_search,"checked_pages_not_found (pages_checked=8,fetched_ok=4,total_text_chars=58043)","checked_pages_not_found (pages_checked=8,fetched_ok=4,total_text_chars=58043)",extracted,"checked_pages_not_found (pages_checked=8,fetched_ok=4,total_text_chars=58043)",Manatee County Utility Department Central Laboratory,True,HQ Lab @ Manatee County Utility Department Central Laboratory,27.4991266,-82.5734288,google_approximate,"Bradenton, FL, USA"
ENT-000705,1,env_labs_standardized.csv,MANCHESTER WATER WORKS LABORATORY,,TNI01049,281 Lincoln Street,MANCHESTER,New Hampshire,,,env_labs,https://www.manchesternh.gov/Departments/Water-Works,,,,,,,,no_explicit_gmp,False,found_via_search,found_via_fallback_search,"checked_pages_not_found (pages_checked=8,fetched_ok=8,total_text_chars=165624)","checked_pages_not_found (pages_checked=8,fetched_ok=8,total_text_chars=165624)",extracted,"checked_pages_not_found (pages_checked=8,fetched_ok=8,total_text_chars=165624)",MANCHESTER WATER WORKS LABORATORY,True,HQ Lab @ MANCHESTER WATER WORKS LABORATORY,42.9804914,-71.4503824,google_rooftop,"281 Lincoln St, Manchester, NH 03103, USA"
ENT-000706,1,env_labs_standardized.csv,Manhattan Municipal Wastewater Laboratory,,TNI01920,1101 Poyntz Avenue,Manhattan,Kansas,,,env_labs,https://www.cityofmhk.com/,,,,,,,,no_explicit_gmp,False,found_via_search,extracted,"checked_pages_not_found (pages_checked=3,fetched_ok=3,total_text_chars=348996)","checked_pages_not_found (pages_checked=3,fetched_ok=3,total_text_chars=348996)",extracted,"checked_pages_not_found (pages_checked=3,fetched_ok=3,total_text_chars=348996)",Manhattan Municipal Wastewater Laboratory,True,HQ Lab @ Manhattan Municipal Wastewater Laboratory,39.17940919999999,-96.5742166,google_rooftop,"1101 Poyntz Ave, Manhattan, KS 66502, USA"
ENT-000707,1,env_labs_standardized.csv,Mankato Water Plant,,TNI01076,730 Mound Avenue,Mankato,Minnesota,,,env_labs,https://www.mankatomn.gov/,Kyle Hinrichs,khinrichs@mankatomn.gov,,,,,,,,found_via_search,found_via_fallback_search,found_via_fallback_search,found_via_fallback_search,"no_pages_fetched_ok (pages_checked=1,fetched_ok=0,total_text_chars=0)","no_pages_fetched_ok (pages_checked=1,fetched_ok=0,total_text_chars=0)",Mankato Water Plant,True,HQ Lab @ Mankato Water Plant,44.1636456,-94.0309121,google_geometric_center,"730 Mound Ave, Mankato, MN 56001, USA"
ENT-000708,1,env_labs_standardized.csv,"Marathon Petroleum, LP - RAD Environmental Services Laboratory",,TNI02111,,Catlettsburg,Kentucky,,,env_labs,https://www.marathonpetroleum.com/,Christie Clarke,clclarke@marathonpetroleum.c,,,,,,,,found_via_search,"no_pages_fetched_ok (pages_checked=1,fetched_ok=0,total_text_chars=0)",found_via_fallback_search,found_via_fallback_search,"no_pages_fetched_ok (pages_checked=1,fetched_ok=0,total_text_chars=0)","no_pages_fetched_ok (pages_checked=1,fetched_ok=0,total_text_chars=0)",Marathon Petroleum,True,HQ Lab @ Marathon Petroleum,38.4047675,-82.6008669,google_approximate,"Catlettsburg, KY 41129, USA"
ENT-000709,1,env_labs_standardized.csv,"Marinco Bioassay Laboratory, Inc.",,TNI00488,4569 Samuel Street,Sarasota,Florida,,,env_labs,https://toxicitylab.com/,"Jason Weeks, Laboratory Director",lab@biologylab.com,,,,,,no_explicit_gmp,True,found_via_search,extracted,extracted,extracted,extracted,extracted,Marinco Bioassay Laboratory,True,HQ Lab @ Marinco Bioassay Laboratory,27.2711146,-82.4782735,google_rooftop,"4569 Samuel St, Sarasota, FL 34233, USA"
ENT-000710,1,env_labs_standardized.csv,"Marine Chemist Service, Inc.",,TNI02362,11850 Tug Boat Lane; 1000 West 27th Street,Newport News,Virginia,,,env_labs,https://www.marinechemist.com/,,,,,,,,no_explicit_gmp,True,found_via_search,extracted,"checked_pages_not_found (pages_checked=8,fetched_ok=8,total_text_chars=44941)","checked_pages_not_found (pages_checked=8,fetched_ok=8,total_text_chars=44941)",extracted,extracted,Marine Chemist Service,True,HQ Lab @ Marine Chemist Service,37.091544,-76.47606809999999,google_rooftop,"11850 Tug Boat Ln #1000, Newport News, VA 23606, USA"
ENT-000711,1,env_labs_standardized.csv,"Marion County Water Test Lab., LLC",,TNI02198,3940 SE 45th Court,Ocala,Florida,,,env_labs,https://www.marioncountylab.com/,,info@marioncountylab.com,,,,,,no_explicit_gmp,True,found_via_search,extracted,"checked_pages_not_found (pages_checked=5,fetched_ok=5,total_text_chars=11558)",extracted,extracted,extracted,Marion County Water Test Lab,True,HQ Lab @ Marion County Water Test Lab,29.1471358,-82.0725602,google_rooftop,"3940 SE 45th Ct, Ocala, FL 34480, USA"
ENT-000712,1,env_labs_standardized.csv,Martin County Environmental Services - North Water Treatment Plant Laboratory,,TNI00489,3100 N. W. Hillman Drive,Jensen Beach,Florida,,,env_labs,https://www.martin.fl.us/WaterQualityReport,,,,,,,,,,found_via_search,found_via_fallback_search,"no_pages_fetched_ok (pages_checked=1,fetched_ok=0,total_text_chars=0)","no_pages_fetched_ok (pages_checked=1,fetched_ok=0,total_text_chars=0)","no_pages_fetched_ok (pages_checked=1,fetched_ok=0,total_text_chars=0)","no_pages_fetched_ok (pages_checked=1,fetched_ok=0,total_text_chars=0)",Martin County Environmental Services North Water Treatment Plant Laboratory,True,HQ Lab @ Martin County Environmental Services North Water Treatment Plant Laboratory,27.2423719,-80.26145609999999,google_rooftop,"3100 NW Hillman Rd, Jensen Beach, FL 34957, USA"
ENT-000713,1,env_labs_standardized.csv,"Maryland Spectral Services, Inc.",,TNI01265,1500 Caton Center Drive Suite G,Halethorpe,Maryland,,,env_labs,https://www.mdspectral.com/,Sam Hamner,info@mdspectral.com,,,,,,no_explicit_gmp,True,found_via_search,extracted,found_via_fallback_search,extracted,extracted,extracted,Maryland Spectral Services,True,HQ Lab @ Maryland Spectral Services,39.2562426,-76.678637,google_rooftop,"1500 Caton Center Dr G, Halethorpe, MD 21227, USA"
ENT-000714,1,env_labs_standardized.csv,Matrix Sciences dba KTL,,TNI02416,123 North Wacker Drive Suite 1500,Pasco,Washington,,,env_labs,https://www.matrixsciences.com/,Matthew Everett,rc.dev@nagarro.com,,,,,,no_explicit_gmp,True,found_via_search,extracted,found_via_fallback_search,extracted,extracted,extracted,Matrix Sciences,True,HQ Lab @ Matrix Sciences,46.2305049,-119.0922316,google_approximate,"Pasco, WA 99301, USA"
ENT-000715,1,env_labs_standardized.csv,MCANDREW LABORATORY INC,,TNI01481,,ORCHARD PARK,New York,,,env_labs,,,,,,,,,,,search_found_nothing,found_via_fallback_search,no_website_cannot_check_pages,no_website_cannot_check_pages,no_website_cannot_check_pages,no_website_cannot_check_pages,MCANDREW LABORATORY,True,HQ Lab @ MCANDREW LABORATORY,42.7675323,-78.7440921,google_approximate,"Orchard Park, NY, USA"
ENT-000716,1,env_labs_standardized.csv,McCampbell Analytical Inc.,,TNI02278,1534 Willow Pass Road,PITTSBURG,California,,,env_labs,https://mccampbell.com/,"Edward Hamilton , Laboratory Director, X217",main@mccampbell.com,,,,,,no_explicit_gmp,True,found_via_search,extracted,extracted,extracted,extracted,extracted,McCampbell Analytical,True,HQ Lab @ McCampbell Analytical,38.0270552,-121.9213563,google_rooftop,"1534 Willow Pass Rd, Pittsburg, CA 94565, USA"
ENT-000717,1,env_labs_standardized.csv,McCowan Clinical Laboratory Inc.,,TNI00213,,Coos Bay,Oregon,,,env_labs,https://www.mccowanlab.com/,,mccowanlab@gmail.com,,,,,,,,found_via_search,found_via_fallback_search,"no_pages_fetched_ok (pages_checked=1,fetched_ok=0,total_text_chars=0)",found_via_fallback_search,"no_pages_fetched_ok (pages_checked=1,fetched_ok=0,total_text_chars=0)","no_pages_fetched_ok (pages_checked=1,fetched_ok=0,total_text_chars=0)",McCowan Clinical Laboratory,True,HQ Lab @ McCowan Clinical Laboratory,43.3672213,-124.2131325,google_approximate,"Coos Bay, OR, USA"
ENT-000718,1,env_labs_standardized.csv,"McGlynn Laboratories, Inc.",,TNI00490,568 Beverly Ct.,Tallahassee,Florida,,,env_labs,https://www.mcglynnlabs.com/,"Seán E. McGlynn, Ph.D.",mcglynnlabs@gmail.com,,,,,,no_explicit_gmp,True,found_via_search,extracted,extracted,extracted,extracted,extracted,McGlynn Laboratories,True,HQ Lab @ McGlynn Laboratories,30.4428085,-84.2745253,google_rooftop,"568 Beverly Ct, Tallahassee, FL 32301, USA"
ENT-000719,1,env_labs_standardized.csv,McPherson Municipal Wastewater Laboratory,,TNI01921,400 E. Kansas Avenue,McPherson,Kansas,,,env_labs,https://mcpcity.com/,Michael Wagner,,,,,,,no_explicit_gmp,False,found_via_search,extracted,found_via_fallback_search,"checked_pages_not_found (pages_checked=6,fetched_ok=6,total_text_chars=28453)",extracted,"checked_pages_not_found (pages_checked=6,fetched_ok=6,total_text_chars=28453)",McPherson Municipal Wastewater Laboratory,True,HQ Lab @ McPherson Municipal Wastewater Laboratory,38.368918,-97.6622785,google_rooftop,"400 E Kansas Ave, McPherson, KS 67460, USA"
ENT-000720,1,env_labs_standardized.csv,"Meridian Analytical Laboratories, LLC - Mound Valley",,TNI01923,"2626 South Rock Rd, Suite 124",Mound Valley,Kansas,,,env_labs,https://www.meridiantesting.com/,Duane P. Koszalka,duane.k@meridiantesting.com,,,,,,no_explicit_gmp,True,found_via_search,extracted,found_via_fallback_search,extracted,extracted,extracted,Meridian Analytical Laboratories,True,HQ Lab @ Meridian Analytical Laboratories,38.0111475,-97.2455445,google_range_interpolated,"2626 S Rock Rd #124, Newton, KS 67114, USA"
ENT-000721,1,env_labs_standardized.csv,Meridian Analytical Laboratory - Wichita,,TNI01941,"2626 South Rock Rd, Suite 124",Wichita,Kansas,,,env_labs,https://www.meridiantesting.com/,,duane.k@meridiantesting.com,,,,,,no_explicit_gmp,True,found_via_search,extracted,"checked_pages_not_found (pages_checked=7,fetched_ok=6,total_text_chars=22099)",extracted,extracted,extracted,Meridian Analytical Laboratory,True,HQ Lab @ Meridian Analytical Laboratory,37.6451127,-97.2437667,google_rooftop,"2626 S Rock Rd #124, Wichita, KS 67210, USA"
ENT-000722,1,env_labs_standardized.csv,Merieux NutriSciences,,TNI00245,,Gainesville,Florida,,,env_labs,https://www.merieuxnutrisciences.com/,,info@mxns.com,,,,,,explicit_gmp,True,found_via_search,found_via_fallback_search,"checked_pages_not_found (pages_checked=8,fetched_ok=8,total_text_chars=72883)",found_via_fallback_search,found_via_fallback_search,extracted,Merieux NutriSciences,True,HQ Lab @ Merieux NutriSciences,29.6519563,-82.324998,google_approximate,"Gainesville, FL, USA"
ENT-000723,1,env_labs_standardized.csv,"MERIT LABORATORIES, INC.",,TNI01791,2680 East Lansing Drive,EAST LANSING,Michigan,,,env_labs,https://www.meritlabs.com/,"Maya Murshak, M.S. CEO + Technical Director",info@meritlabs.com,,,,,,no_explicit_gmp,True,found_via_search,extracted,extracted,extracted,extracted,extracted,MERIT LABORATORIES,True,HQ Lab @ MERIT LABORATORIES,42.7501779,-84.44981020000002,google_rooftop,"2680 E Lansing Dr, East Lansing, MI 48823, USA"
ENT-000724,1,env_labs_standardized.csv,MERRIMACK WASTEWATER TREATMENT PLANT LABORATORY,,TNI01050,36 Mast Road,MERRIMACK,New Hampshire,,,env_labs,,,,,,,,,,,search_found_nothing,found_via_fallback_search,no_website_cannot_check_pages,no_website_cannot_check_pages,no_website_cannot_check_pages,no_website_cannot_check_pages,MERRIMACK WASTEWATER TREATMENT PLANT LABORATORY,True,HQ Lab @ MERRIMACK WASTEWATER TREATMENT PLANT LABORATORY,42.8111569,-71.4761553,google_rooftop,"36 Mast Rd, Merrimack, NH 03054, USA"
ENT-000725,1,env_labs_standardized.csv,"Metiri Analytical Group, Inc",,TNI02123,,Kittanning,Pennsylvania,,,env_labs,https://metirigroup.com/,Bethany Clouse,bethany.clouse@metirigroup.com,,,,,,,,found_via_search,found_via_fallback_search,found_via_fallback_search,found_via_fallback_search,"no_pages_fetched_ok (pages_checked=1,fetched_ok=0,total_text_chars=0)","no_pages_fetched_ok (pages_checked=1,fetched_ok=0,total_text_chars=0)",Metiri Analytical Group,True,HQ Lab @ Metiri Analytical Group,40.816453,-79.5219893,google_approximate,"Kittanning, PA 16201, USA"
ENT-000726,1,env_labs_standardized.csv,Metropolitan Solutions,,TNI02221,1420 Chestnut Street,Portsmouth,Virginia,,,env_labs,https://metrosolutionsusa.com/,"David Spinazzola, was selected by the United States Environmental Protection Agency (EPA) to be one of the 24 industry professionals to develop asbestos regulations as required by the U.S. Congress in the Asbestos Hazard Emergency Response Act (AHERA).",info@metrosolutionsusa.com,,,,,,no_explicit_gmp,True,found_via_search,extracted,extracted,found_via_fallback_search,extracted,extracted,Metropolitan Solutions,True,HQ Lab @ Metropolitan Solutions,36.82797,-76.3085463,google_rooftop,"1420 Chestnut St, Portsmouth, VA 23704, USA"
ENT-000727,1,env_labs_standardized.csv,Metropolitan Water District Laboratory,,TNI01987,3430 East Danish Road,Cottonwood Heights,Utah,,,env_labs,https://www.mwdsls.gov/,Jeff Matheson - Laboratory Manager,munsey@mwdsls.org,,,,,,no_explicit_gmp,False,found_via_search,extracted,extracted,found_via_fallback_search,extracted,"checked_pages_not_found (pages_checked=4,fetched_ok=4,total_text_chars=18457)",Metropolitan Water District Laboratory,True,HQ Lab @ Metropolitan Water District Laboratory,40.5888113,-111.7988318,google_rooftop,"3430 Danish Rd, Cottonwood Heights, UT 84093, USA"
ENT-000728,1,env_labs_standardized.csv,Miami-Dade Central District Wastewater Treatment Plant Laboratory,,TNI00492,3071 SW 38th Ave,Virginia Key-Miami,Florida,,,env_labs,https://www.miamidade.gov/global/water/ool-central-district-wastewater-treatment-plant.page,Jay Fink,,,,,,,no_explicit_gmp,False,found_via_search,extracted,extracted,"checked_pages_not_found (pages_checked=8,fetched_ok=8,total_text_chars=66245)",extracted,"checked_pages_not_found (pages_checked=8,fetched_ok=8,total_text_chars=66245)",Miami Dade Central District Wastewater Treatment Plant Laboratory,True,HQ Lab @ Miami Dade Central District Wastewater Treatment Plant Laboratory,25.7335135,-80.2555517,google_rooftop,"3071 SW 38th Ave, Miami, FL 33146, USA"
ENT-000729,1,env_labs_standardized.csv,"Miami-Dade County, Department of Environmental Resources Management (DERM)",,TNI00376,701 NW 1st Court,Miami,Florida,,,env_labs,https://www.miamidade.gov/global/environment/home.page,Loren Parra,[email protected],,,,,,no_explicit_gmp,False,found_via_search,extracted,extracted,extracted,extracted,"checked_pages_not_found (pages_checked=8,fetched_ok=8,total_text_chars=66360)",Miami Dade County Department of Environmental Resources Management DERM,True,HQ Lab @ Miami Dade County Department of Environmental Resources Management DERM,25.7814594,-80.1966272,google_rooftop,"701 NW 1st Ct, Miami, FL 33136, USA"
ENT-000730,1,env_labs_standardized.csv,Miami-Dade North District Wastewater Treatment Plant Laboratory,,TNI00494,,North Miami Beach,Florida,,,env_labs,https://www.miamidade.gov/,,,,,,,,no_explicit_gmp,False,found_via_search,found_via_fallback_search,"pages_likely_js_rendered (pages_checked=1,fetched_ok=1,total_text_chars=17)","pages_likely_js_rendered (pages_checked=1,fetched_ok=1,total_text_chars=17)",extracted,"pages_likely_js_rendered (pages_checked=1,fetched_ok=1,total_text_chars=17)",Miami Dade North District Wastewater Treatment Plant Laboratory,True,HQ Lab @ Miami Dade North District Wastewater Treatment Plant Laboratory,25.9331488,-80.1625463,google_approximate,"North Miami Beach, FL, USA"
ENT-000731,1,env_labs_standardized.csv,Miami-Dade South District Wastewater Treatment Plant Laboratory,,TNI00495,3071 SW 38th Ave,Miami,Florida,,,env_labs,https://www.miamidade.gov/global/water/ool-south-district-wastewater-treatment-plant.page,Jay Fink,SouthDistrict@FloridaDEP.gov,,,,,,no_explicit_gmp,False,found_via_search,extracted,extracted,found_via_fallback_search,extracted,"checked_pages_not_found (pages_checked=8,fetched_ok=8,total_text_chars=65713)",Miami Dade South District Wastewater Treatment Plant Laboratory,True,HQ Lab @ Miami Dade South District Wastewater Treatment Plant Laboratory,25.7335135,-80.2555517,google_rooftop,"3071 SW 38th Ave, Miami, FL 33146, USA"
ENT-000732,1,env_labs_standardized.csv,Miami-Dade Water & Sewer Authority - Orr Water Treatment Plant Laboratory,,TNI00496,3071 SW 38th Ave.,Miami,Florida,,,env_labs,https://www.miamidade.gov/global/water/home.page,"Jay Fink, Director, Miami-Dade Water and Sewer Department",[email protected],,,,,,no_explicit_gmp,False,found_via_search,extracted,extracted,extracted,extracted,"checked_pages_not_found (pages_checked=8,fetched_ok=8,total_text_chars=71342)",Miami Dade Water Sewer Authority Orr Water Treatment Plant Laboratory,True,HQ Lab @ Miami Dade Water Sewer Authority Orr Water Treatment Plant Laboratory,25.7335135,-80.2555517,google_rooftop,"3071 SW 38th Ave, Miami, FL 33146, USA"
ENT-000733,1,env_labs_standardized.csv,Miami-Dade Water & Sewer Department - John E. Preston Water Quality Laboratory,,TNI00497,,Hialeah,Florida,,,env_labs,https://www.miamidade.gov/global/water/home.page,"Jay Fink, Director, Miami-Dade Water and Sewer Department",[email protected],,,,,,no_explicit_gmp,False,found_via_search,extracted,extracted,extracted,extracted,"checked_pages_not_found (pages_checked=8,fetched_ok=8,total_text_chars=71342)",Miami Dade Water Sewer Department John E Preston Water Quality Laboratory,True,HQ Lab @ Miami Dade Water Sewer Department John E Preston Water Quality Laboratory,25.8268582,-80.2810044,google_approximate,"Hialeah, FL, USA"
ENT-000734,1,env_labs_standardized.csv,"Michigan Department of Environment, Great Lakes, and Energy",,TNI02687,525 West Allegan Street,Lansing,Michigan,,,env_labs,https://www.michigan.gov/egle/,,EGLE-Assist@Michigan.gov,,,,,,,,found_via_search,found_via_fallback_search,"no_pages_fetched_ok (pages_checked=1,fetched_ok=0,total_text_chars=0)",found_via_fallback_search,"no_pages_fetched_ok (pages_checked=1,fetched_ok=0,total_text_chars=0)","no_pages_fetched_ok (pages_checked=1,fetched_ok=0,total_text_chars=0)",Michigan Department of Environment Great Lakes and Energy,True,HQ Lab @ Michigan Department of Environment Great Lakes and Energy,42.7320715,-84.5592351,google_geometric_center,"525 W Allegan St, Lansing, MI 48933, USA"
ENT-000735,1,env_labs_standardized.csv,"Michigan Department of Environment, Great Lakes, and Energy Laboratory Services",,TNI02677,,Lansing,Michigan,,,env_labs,https://www.michigan.gov/egle/about/organization/Remediation-and-Redevelopment/laboratory,Kirby Shane,EGLE-RRD-Lab-Cert-Program@Michigan.gov,,,,,,,,found_via_search,found_via_fallback_search,found_via_fallback_search,found_via_fallback_search,"no_pages_fetched_ok (pages_checked=1,fetched_ok=0,total_text_chars=0)","no_pages_fetched_ok (pages_checked=1,fetched_ok=0,total_text_chars=0)",Michigan Department of Environment Great Lakes and Energy Laboratory Services,True,HQ Lab @ Michigan Department of Environment Great Lakes and Energy Laboratory Services,42.73359929999999,-84.55386639999999,google_approximate,"Lansing, MI, USA"
ENT-000736,1,env_labs_standardized.csv,Micro Methods Laboratory Inc,,TNI01397,6500 Sunplex Drive,Ocean Springs,Mississippi,,,env_labs,https://micromethodslab.com/,,mspicer@micromethodslab.com,,,,,,no_explicit_gmp,True,found_via_search,extracted,"checked_pages_not_found (pages_checked=8,fetched_ok=8,total_text_chars=15177)",extracted,extracted,extracted,Micro Methods Laboratory,True,HQ Lab @ Micro Methods Laboratory,30.4266094,-88.7170567,google_rooftop,"6500 Sunplex Dr, Ocean Springs, MS 39564, USA"
ENT-000737,1,env_labs_standardized.csv,MICROBAC LABORATORIES INC (CT) #2243,,TNI01724,61 Louisa Viens Drive,DAYVILLE,Connecticut,,,env_labs,https://www.microbac.com/,Ronald Warila,info@microbac.com,,,,,,explicit_gmp,True,found_via_search,extracted,found_via_fallback_search,extracted,found_via_fallback_search,extracted,MICROBAC LABORATORIES,False,Dayville Lab @ MICROBAC LABORATORIES,41.8704216,-71.90578459999999,google_rooftop,"61 Louisa Viens Dr, Dayville, CT 06241, USA"
ENT-000738,1,env_labs_standardized.csv,"Microbac Laboratories, Inc - Kansas",,TNI01911,8857 Long Street,Lenexa,Kansas,,,env_labs,https://www.microbac.com/,Leslie D. Taylor,info@microbac.com,,,,,,no_explicit_gmp,True,found_via_search,extracted,found_via_fallback_search,extracted,extracted,extracted,Microbac Laboratories,False,Lenexa Lab @ Microbac Laboratories,38.96854980000001,-94.73015319999999,google_rooftop,"8857 Long St, Lenexa, KS 66215, USA"
ENT-000739,1,env_labs_standardized.csv,"Microbac Laboratories, Inc - Kentucky Division",,TNI02199,2520 Regency Road,Louisville,Kentucky,,,env_labs,https://www.microbac.com/,A. Warne Boyce,info@microbac.com,,,,,,explicit_gmp,True,found_via_search,extracted,extracted,extracted,found_via_fallback_search,extracted,Microbac Laboratories,False,Louisville Lab @ Microbac Laboratories,38.00224619999999,-84.52310899999999,google_rooftop,"2520 Regency Rd, Lexington, KY 40503, USA"
ENT-000740,1,env_labs_standardized.csv,"Microbac Laboratories, Inc - Marietta Division",,TNI00498,158 Starlite Drive,Marietta,Ohio,,,env_labs,https://www.microbac.com/,Anthony Canter,info@microbac.com,,,,,,explicit_gmp,True,found_via_search,extracted,found_via_fallback_search,extracted,found_via_fallback_search,extracted,Microbac Laboratories,False,Marietta Lab @ Microbac Laboratories,39.3904867,-81.4011956,google_rooftop,"158 Starlite Dr, Marietta, OH 45750, USA"
ENT-000741,1,env_labs_standardized.csv,"MICROBAC LABORATORIES, INC-NORTHBROOK",,TNI02420,700 Landwehr Road,NORTHBROOK,Illinois,,,env_labs,https://www.microbac.com/,Ashok Banavali,info@microbac.com,,,,,,explicit_gmp,True,found_via_search,extracted,found_via_fallback_search,extracted,found_via_fallback_search,extracted,MICROBAC LABORATORIES,False,Northbrook Lab @ MICROBAC LABORATORIES,42.14089999999999,-87.8617944,google_rooftop,"700 Landwehr Rd, Northbrook, IL 60062, USA"
ENT-000742,1,env_labs_standardized.csv,"Microbac Laboratories, Inc. - Baltimore",,TNI02442,,Baltimore,Maryland,,,env_labs,https://www.microbac.com/,Mahyar Sakari,mahyar.sakari@microbac.com,,,,,,,,found_via_search,found_via_fallback_search,found_via_fallback_search,found_via_fallback_search,"no_pages_fetched_ok (pages_checked=1,fetched_ok=0,total_text_chars=0)","no_pages_fetched_ok (pages_checked=1,fetched_ok=0,total_text_chars=0)",Microbac Laboratories,False,Baltimore Lab @ Microbac Laboratories,39.2905023,-76.6104072,google_approximate,"Baltimore, MD, USA"
ENT-000743,1,env_labs_standardized.csv,"Microbac Laboratories, Inc. - Chicagoland Division",,TNI01842,250 West 84th Drive,Merrillville,Indiana,,,env_labs,https://www.microbac.com/,,,,,,,,,,found_via_search,found_via_fallback_search,"no_pages_fetched_ok (pages_checked=1,fetched_ok=0,total_text_chars=0)","no_pages_fetched_ok (pages_checked=1,fetched_ok=0,total_text_chars=0)","no_pages_fetched_ok (pages_checked=1,fetched_ok=0,total_text_chars=0)","no_pages_fetched_ok (pages_checked=1,fetched_ok=0,total_text_chars=0)",Microbac Laboratories,False,Merrillville Lab @ Microbac Laboratories,41.4655588,-87.34007659999999,google_rooftop,"250 W 84th Dr, Merrillville, IN 46410, USA"
ENT-000744,1,env_labs_standardized.csv,"Microbac Laboratories, Inc. - Pittston",,TNI02680,428 Route 315 Hwy,Pittston,Pennsylvania,,,env_labs,https://www.microbac.com/,Katie Owens,info@microbac.com,,,,,,no_explicit_gmp,True,found_via_search,extracted,found_via_fallback_search,extracted,extracted,extracted,Microbac Laboratories,False,Pittston Lab @ Microbac Laboratories,41.3163688,-75.7543616,google_rooftop,"428 PA-315, Pittston, PA 18640, USA"
ENT-000745,1,env_labs_standardized.csv,"Microbac Laboratories, Inc. Pittsburgh Division",,TNI02133,,Warrendale,Pennsylvania,,,env_labs,https://www.microbac.com/locations/pittsburgh-pa/,Laura M. Rowson,info@microbac.com,,,,,,explicit_gmp,True,found_via_search,found_via_fallback_search,found_via_fallback_search,extracted,found_via_fallback_search,extracted,Microbac Laboratories,False,Warrendale Lab @ Microbac Laboratories,40.65320759999999,-80.0794925,google_approximate,"Warrendale, PA, USA"
ENT-000746,1,env_labs_standardized.csv,"Microbac Laboratories, Inc., Knoxville Division",,TNI01946,505 East Broadway Avenue,Maryville,Tennessee,,,env_labs,https://www.microbac.com/,Sarah Muellenbach,info@microbac.com,,,,,,no_explicit_gmp,True,found_via_search,extracted,found_via_fallback_search,extracted,extracted,extracted,Microbac Laboratories,False,Maryville Lab @ Microbac Laboratories,35.7587822,-83.9690602,google_rooftop,"505 E Broadway Ave, Maryville, TN 37804, USA"
ENT-000747,1,env_labs_standardized.csv,"Microbac Laboratories, Inc.-Newton",,TNI01303,"600 E 17th St S, Suite B",Newton,Iowa,,,env_labs,https://www.microbac.com/locations/newton-ia/,Leslie Taylor Laboratory Director,,,,,,,no_explicit_gmp,True,found_via_search,extracted,extracted,"checked_pages_not_found (pages_checked=8,fetched_ok=4,total_text_chars=13635)",extracted,extracted,Microbac Laboratories,False,Newton Lab @ Microbac Laboratories,41.693882,-93.03245509999999,google_rooftop,"600 E 17th St S Unit B, Newton, IA 50208, USA"
ENT-000748,1,env_labs_standardized.csv,MICROBAC NEW YORK-CORTLAND,,TNI01606,5680 West End Rd,CORTLAND,New York,,,env_labs,https://www.microbac.com/,,info@microbac.com,,,,,,explicit_gmp,True,found_via_search,extracted,"checked_pages_not_found (pages_checked=8,fetched_ok=4,total_text_chars=18740)",extracted,found_via_fallback_search,extracted,MICROBAC NEW YORK,True,HQ Lab @ MICROBAC NEW YORK,42.6011813,-76.1804843,google_approximate,"Cortland, NY 13045, USA"
ENT-000749,1,env_labs_standardized.csv,"MID-ATLANTIC ENVIRONMENTAL LABORATORIES, INC.",,TNI01298,30 Lukens Drive Suite A,NEW CASTLE,Delaware,,,env_labs,https://maelinc.com/,"Akhter Mehmood, Lab Director: 302-654-1340",mael@maelinc.com,,,,,,no_explicit_gmp,True,found_via_search,extracted,extracted,extracted,extracted,extracted,MID ATLANTIC ENVIRONMENTAL LABORATORIES,True,HQ Lab @ MID ATLANTIC ENVIRONMENTAL LABORATORIES,39.6888236,-75.5484924,google_rooftop,"30 Lukens Dr # A, New Castle, DE 19720, USA"
ENT-000750,1,env_labs_standardized.csv,MIDDLEPORT TREATMENT FACILITY,,TNI01566,100 Niagara St,MIDDLEPORT,New York,,,env_labs,,,,,,,,,,,search_found_nothing,found_via_fallback_search,no_website_cannot_check_pages,no_website_cannot_check_pages,no_website_cannot_check_pages,no_website_cannot_check_pages,MIDDLEPORT TREATMENT FACILITY,True,HQ Lab @ MIDDLEPORT TREATMENT FACILITY,43.2077539,-78.46966479999999,google_rooftop,"100 Niagara St, Middleport, NY 14105, USA"
ENT-000751,1,env_labs_standardized.csv,"Midwest Laboratories, Inc.",,TNI00502,13611 B Street,Omaha,Nebraska,,,env_labs,https://midwestlabs.com/,Jessica Wurtz,jwurtz@midwestlabs.com,,,,,,no_explicit_gmp,True,found_via_search,extracted,extracted,extracted,extracted,extracted,Midwest Laboratories,True,HQ Lab @ Midwest Laboratories,41.2230927,-96.1259412,google_rooftop,"13611 B St, Omaha, NE 68144, USA"
ENT-000752,1,env_labs_standardized.csv,Mill Creek Lab of Cincinnati Metropolitan Sewer District,,TNI02386,1600 Gest Street,Cincinnati,Ohio,,,env_labs,https://msdgc.org/,"Deb Leonard, Communications Manager",Deb.Leonard@cincinnati-oh.gov,,,,,,no_explicit_gmp,False,found_via_search,extracted,extracted,extracted,extracted,"checked_pages_not_found (pages_checked=8,fetched_ok=8,total_text_chars=62352)",Mill Creek Lab of Cincinnati Metropolitan Sewer District,True,HQ Lab @ Mill Creek Lab of Cincinnati Metropolitan Sewer District,39.1094915,-84.54532929999999,google_rooftop,"1600 Gest St, Cincinnati, OH 45204, USA"
ENT-000753,1,env_labs_standardized.csv,Milwaukee Metropolitan Sewerage District,,TNI00504,260 W. Seeboth Street,Milwaukee,Wisconsin,,,env_labs,https://www.mmsd.com/,Anna Kettlewell,contactrealestate@mmsd.com,,,,,,no_explicit_gmp,False,found_via_search,extracted,extracted,extracted,extracted,"checked_pages_not_found (pages_checked=8,fetched_ok=8,total_text_chars=43968)",Milwaukee Metropolitan Sewerage District,True,HQ Lab @ Milwaukee Metropolitan Sewerage District,43.0320604,-87.91399059999999,google_rooftop,"260 W Seeboth St, Milwaukee, WI 53204, USA"
ENT-000754,1,env_labs_standardized.csv,Minneapolis Water Department,,TNI01151,,Fridley,Minnesota,,,env_labs,https://www.minneapolismn.gov/government/departments/public-works/water-treatment-distribution/,Annika Bankston,,,,,,,no_explicit_gmp,False,found_via_search,found_via_fallback_search,found_via_fallback_search,"checked_pages_not_found (pages_checked=8,fetched_ok=8,total_text_chars=224590)",extracted,"checked_pages_not_found (pages_checked=8,fetched_ok=8,total_text_chars=224590)",Minneapolis Water Department,True,HQ Lab @ Minneapolis Water Department,45.0860765,-93.2632821,google_approximate,"Fridley, MN, USA"
ENT-000755,1,env_labs_standardized.csv,"Minnesota Valley Testing Laboratories, Inc.",,TNI01080,"1126 North Front Street, Building #2",New Ulm,Minnesota,,,env_labs,https://mvtl.com/,,crc@mvtl.com,,,,,,,,found_via_search,found_via_fallback_search,"no_pages_fetched_ok (pages_checked=1,fetched_ok=0,total_text_chars=0)",found_via_fallback_search,"no_pages_fetched_ok (pages_checked=1,fetched_ok=0,total_text_chars=0)","no_pages_fetched_ok (pages_checked=1,fetched_ok=0,total_text_chars=0)",Minnesota Valley Testing Laboratories,True,HQ Lab @ Minnesota Valley Testing Laboratories,44.3275978,-94.46364299999999,google_rooftop,"1126 N Front St building # 2, New Ulm, MN 56073, USA"
ENT-000756,1,env_labs_standardized.csv,Minnesota Valley Testing Labs Inc.,,TNI01176,2616 East Broadway Avenue,Bismarck,North Dakota,,,env_labs,https://mvtl.com/,,csc@mvtl.com,,,,,,explicit_gmp,,found_via_search,found_via_fallback_search,"no_pages_fetched_ok (pages_checked=1,fetched_ok=0,total_text_chars=0)",found_via_fallback_search,found_via_fallback_search,"no_pages_fetched_ok (pages_checked=1,fetched_ok=0,total_text_chars=0)",Minnesota Valley Testing Labs,True,HQ Lab @ Minnesota Valley Testing Labs,46.8065392,-100.7509313,google_rooftop,"2616 E Broadway Ave, Bismarck, ND 58501, USA"
ENT-000757,1,env_labs_standardized.csv,MOHAWK VALLEY WATER AUTHORITY,,TNI01508,1 Kennedy Plaza,UTICA,New York,,,env_labs,https://www.mvwa.us/,Daniel Faldzinski,dfaldzinski@mvwa.us,,,,,,no_explicit_gmp,False,found_via_search,extracted,found_via_fallback_search,found_via_fallback_search,extracted,"checked_pages_not_found (pages_checked=8,fetched_ok=6,total_text_chars=15259)",MOHAWK VALLEY WATER AUTHORITY,True,HQ Lab @ MOHAWK VALLEY WATER AUTHORITY,43.1012268,-75.23607,google_rooftop,"1 Kennedy Plaza, Utica, NY 13502, USA"
ENT-000758,1,env_labs_standardized.csv,MOHAWK VIEW LABORATORY,,TNI01418,347 Old Niskayuna Rd,LATHAM,New York,,,env_labs,,,,,,,,,,,search_found_nothing,found_via_fallback_search,no_website_cannot_check_pages,no_website_cannot_check_pages,no_website_cannot_check_pages,no_website_cannot_check_pages,MOHAWK VIEW LABORATORY,True,HQ Lab @ MOHAWK VIEW LABORATORY,42.7460703,-73.7924944,google_rooftop,"347 Old Niskayuna Rd, Latham, NY 12110, USA"
ENT-000759,1,env_labs_standardized.csv,MONROE COUNTY ENVIRONMENTAL LABORATORY,,TNI01527,"1574 Lakeshore Blvd, Admin Bldg #7",ROCHESTER,New York,,,env_labs,https://www.monroecounty.gov/des-environmentallab/,,,,,,,,no_explicit_gmp,False,found_via_search,found_via_fallback_search,"checked_pages_not_found (pages_checked=8,fetched_ok=8,total_text_chars=217908)","checked_pages_not_found (pages_checked=8,fetched_ok=8,total_text_chars=217908)",extracted,"checked_pages_not_found (pages_checked=8,fetched_ok=8,total_text_chars=217908)",MONROE COUNTY ENVIRONMENTAL LABORATORY,True,HQ Lab @ MONROE COUNTY ENVIRONMENTAL LABORATORY,43.2410107,-77.57343759999999,google_rooftop,"1574 Lakeshore Blvd bldg # 7, Rochester, NY 14617, USA"
ENT-000760,1,env_labs_standardized.csv,MONROE COUNTY WATER AUTHORITY WTP,,TNI01447,475 Norris Drive,ROCHESTER,New York,,,env_labs,https://www.mcwa.com/,,information@mcwa.com,,,,,,no_explicit_gmp,False,found_via_search,extracted,"checked_pages_not_found (pages_checked=8,fetched_ok=8,total_text_chars=37018)",extracted,extracted,"checked_pages_not_found (pages_checked=8,fetched_ok=8,total_text_chars=37018)",MONROE COUNTY WATER AUTHORITY WTP,True,HQ Lab @ MONROE COUNTY WATER AUTHORITY WTP,43.1418474,-77.5682108,google_geometric_center,"475 Norris Dr, Rochester, NY 14610, USA"
ENT-000761,1,env_labs_standardized.csv,MONTICELLO (V),,TNI01486,,MONTICELLO,New York,,,env_labs,,,,,,,,,,,search_found_nothing,no_website_fallback_search_failed,no_website_cannot_check_pages,no_website_cannot_check_pages,no_website_cannot_check_pages,no_website_cannot_check_pages,MONTICELLO V,True,HQ Lab @ MONTICELLO V,41.6556465,-74.68932819999999,google_approximate,"Monticello, NY 12701, USA"
ENT-000762,1,env_labs_standardized.csv,Moody Labs LLC,,TNI02811,2051 Valley View Lane,Farmers Branch,Texas,,,env_labs,https://www.moodylabs.com/,,info@moodylabs.com,,,,,,no_explicit_gmp,True,found_via_search,extracted,"checked_pages_not_found (pages_checked=6,fetched_ok=5,total_text_chars=10838)",extracted,extracted,extracted,Moody Labs,True,HQ Lab @ Moody Labs,32.9229532,-96.9099368,google_rooftop,"2051 Valley View Ln, Farmers Branch, TX 75234, USA"
ENT-000763,1,env_labs_standardized.csv,Moorhead Public Service Laboratory,,TNI01154,,Moorhead,Minnesota,,,env_labs,,,,,,,,,,,search_found_nothing,no_website_fallback_search_failed,no_website_cannot_check_pages,no_website_cannot_check_pages,no_website_cannot_check_pages,no_website_cannot_check_pages,Moorhead Public Service Laboratory,True,HQ Lab @ Moorhead Public Service Laboratory,46.8737648,-96.76780389999999,google_approximate,"Moorhead, MN, USA"
ENT-000764,1,env_labs_standardized.csv,"Morton Salt, Inc.",,TNI01937,1000 Morton Dr,South Hutchinson,Kansas,,,env_labs,https://www.mortonsalt.com/,,media@mortonsalt.com,,,,,,explicit_gmp,,found_via_search,found_via_fallback_search,"no_pages_fetched_ok (pages_checked=1,fetched_ok=0,total_text_chars=0)",found_via_fallback_search,found_via_fallback_search,"no_pages_fetched_ok (pages_checked=1,fetched_ok=0,total_text_chars=0)",Morton Salt,True,HQ Lab @ Morton Salt,38.0404785,-97.95485939999999,google_geometric_center,"1000 Morton Dr, South Hutchinson, KS 67505, USA"
ENT-000765,1,env_labs_standardized.csv,Mosaic Fertilizer LLC Environmental Laboratory,,TNI00505,,Mulberry,Florida,,,env_labs,,,,,,,,,,,search_found_nothing,found_via_fallback_search,no_website_cannot_check_pages,no_website_cannot_check_pages,no_website_cannot_check_pages,no_website_cannot_check_pages,Mosaic Fertilizer,True,HQ Lab @ Mosaic Fertilizer,27.8953038,-81.9734172,google_approximate,"Mulberry, FL, USA"
ENT-000766,1,env_labs_standardized.csv,Mote Marine Laboratory,,TNI00506,,Sarasota,Florida,,,env_labs,https://mote.org/,Dr. Michael P. Crosby,mcrosby@mote.org,,,,,,,,found_via_search,found_via_fallback_search,found_via_fallback_search,found_via_fallback_search,"no_pages_fetched_ok (pages_checked=1,fetched_ok=0,total_text_chars=0)","no_pages_fetched_ok (pages_checked=1,fetched_ok=0,total_text_chars=0)",Mote Marine Laboratory,True,HQ Lab @ Mote Marine Laboratory,27.336465,-82.5310117,google_approximate,"Sarasota, FL, USA"
ENT-000767,1,env_labs_standardized.csv,Murphree Water Treatment Plant,,TNI00321,,Gainesville,Florida,,,env_labs,https://www.gru.com/My-Home/Products-Services/Water,,,,,,,,no_explicit_gmp,False,found_via_search,found_via_fallback_search,"checked_pages_not_found (pages_checked=8,fetched_ok=8,total_text_chars=45967)","checked_pages_not_found (pages_checked=8,fetched_ok=8,total_text_chars=45967)",extracted,"checked_pages_not_found (pages_checked=8,fetched_ok=8,total_text_chars=45967)",Murphree Water Treatment Plant,True,HQ Lab @ Murphree Water Treatment Plant,29.6519563,-82.324998,google_approximate,"Gainesville, FL, USA"
ENT-000768,1,env_labs_standardized.csv,MW labs,,TNI02480,,Medford,Oregon,,,env_labs,,,,,,,,,,,search_found_nothing,found_via_fallback_search,no_website_cannot_check_pages,no_website_cannot_check_pages,no_website_cannot_check_pages,no_website_cannot_check_pages,MW labs,True,HQ Lab @ MW labs,42.3230112,-122.8767396,google_approximate,"Medford, OR, USA"
ENT-000769,1,env_labs_standardized.csv,MWRDGC Calumet Analytical Laboratory,,TNI02037,111 East Erie Street,Chicago,Illinois,,,env_labs,https://www.mwrd.org/,Sarah Miller,mwrd-ucts@mwrd.org,,,,,,no_explicit_gmp,False,found_via_search,extracted,found_via_fallback_search,extracted,extracted,"checked_pages_not_found (pages_checked=8,fetched_ok=8,total_text_chars=69623)",MWRDGC Calumet Analytical Laboratory,True,HQ Lab @ MWRDGC Calumet Analytical Laboratory,41.8940127,-87.6249096,google_rooftop,"111 E Erie St, Chicago, IL 60611, USA"
ENT-000770,1,env_labs_standardized.csv,MWRDGC Egan Analytical Laboratory,,TNI02038,100 East Erie Street,Schaumburg,Illinois,,,env_labs,https://mwrd.org/,,forea@mwrd.org,,,,,,no_explicit_gmp,False,found_via_search,extracted,"checked_pages_not_found (pages_checked=8,fetched_ok=8,total_text_chars=69623)",extracted,extracted,"checked_pages_not_found (pages_checked=8,fetched_ok=8,total_text_chars=69623)",MWRDGC Egan Analytical Laboratory,True,HQ Lab @ MWRDGC Egan Analytical Laboratory,41.79431,-87.8136339,google_rooftop,"100 E Erie St, Chicago, IL 60611, USA"
ENT-000771,1,env_labs_standardized.csv,MWRDGC Industrial Waste Laboratory,,TNI02039,100 East Erie Street,Cicero,Illinois,,,env_labs,https://mwrd.org/,Anjana Patel,mwrd-ucts@mwrd.org,,,,,,no_explicit_gmp,False,found_via_search,extracted,found_via_fallback_search,extracted,extracted,"checked_pages_not_found (pages_checked=8,fetched_ok=8,total_text_chars=69623)",MWRDGC Industrial Waste Laboratory,True,HQ Lab @ MWRDGC Industrial Waste Laboratory,41.79431,-87.8136339,google_rooftop,"100 E Erie St, Chicago, IL 60611, USA"
ENT-000772,1,env_labs_standardized.csv,MWRDGC Organic Compounds Laboratory,,TNI02040,111 East Erie Street,Schaumburg,Illinois,,,env_labs,https://www.mwrd.org/,Anna Liao,mwrd-ucts@mwrd.org,,,,,,no_explicit_gmp,False,found_via_search,extracted,found_via_fallback_search,extracted,extracted,"checked_pages_not_found (pages_checked=8,fetched_ok=8,total_text_chars=69623)",MWRDGC Organic Compounds Laboratory,True,HQ Lab @ MWRDGC Organic Compounds Laboratory,41.8940127,-87.6249096,google_rooftop,"111 E Erie St, Chicago, IL 60611, USA"
ENT-000773,1,env_labs_standardized.csv,MWRDGC Stickney Analytical Laboratory,,TNI02041,100 East Erie Street,Cicero,Illinois,,,env_labs,https://mwrd.org/,Pawel Grunwald,GrunwaldP@mwrd.org,,,,,,no_explicit_gmp,False,found_via_search,extracted,found_via_fallback_search,found_via_fallback_search,extracted,"checked_pages_not_found (pages_checked=8,fetched_ok=8,total_text_chars=69623)",MWRDGC Stickney Analytical Laboratory,True,HQ Lab @ MWRDGC Stickney Analytical Laboratory,41.79431,-87.8136339,google_rooftop,"100 E Erie St, Chicago, IL 60611, USA"
ENT-000774,1,env_labs_standardized.csv,NASA Johnson Space Center Microbiology Laboratory,,TNI00178,,Houston,Texas,,,env_labs,https://www.nasa.gov/directorates/esdmd/hhp/microbiology/,NASA Christian Castro,,,,,,,no_explicit_gmp,False,found_via_search,"checked_pages_not_found (pages_checked=8,fetched_ok=8,total_text_chars=84150)",extracted,"checked_pages_not_found (pages_checked=8,fetched_ok=8,total_text_chars=84150)",extracted,"checked_pages_not_found (pages_checked=8,fetched_ok=8,total_text_chars=84150)",NASA Johnson Space Center Microbiology Laboratory,True,HQ Lab @ NASA Johnson Space Center Microbiology Laboratory,29.7600771,-95.37011079999999,google_approximate,"Houston, TX, USA"
ENT-000775,1,env_labs_standardized.csv,NASSAU COUNTY DEPT OF HEALTH,,TNI01516,"200 County Seat Drive, North Entrance",HEMPSTEAD,New York,,,env_labs,https://www.nassaucountyny.gov/health,,,,,,,,,,found_via_search,found_via_fallback_search,"no_pages_fetched_ok (pages_checked=1,fetched_ok=0,total_text_chars=0)","no_pages_fetched_ok (pages_checked=1,fetched_ok=0,total_text_chars=0)","no_pages_fetched_ok (pages_checked=1,fetched_ok=0,total_text_chars=0)","no_pages_fetched_ok (pages_checked=1,fetched_ok=0,total_text_chars=0)",NASSAU COUNTY DEPT OF HEALTH,True,HQ Lab @ NASSAU COUNTY DEPT OF HEALTH,40.7340429,-73.6346702,google_rooftop,"200 County Seat Dr, Mineola, NY 11501, USA"
ENT-000776,1,env_labs_standardized.csv,National Environment Lab,,TNI02699,서울특별시 동대문구 왕산로22길 78 동이빌딩(용두동),Seoul,Not Applicable,,,env_labs,https://www.nelab.re.kr/en/,고일하,nelab@nelab.re.kr,,,,,,,,found_via_search,found_via_fallback_search,found_via_fallback_search,found_via_fallback_search,"no_pages_fetched_ok (pages_checked=1,fetched_ok=0,total_text_chars=0)","no_pages_fetched_ok (pages_checked=1,fetched_ok=0,total_text_chars=0)",National Environment Lab,True,HQ Lab @ National Environment Lab,38.7945952,-106.5348379,google_approximate,United States
ENT-000777,1,env_labs_standardized.csv,"National Testing Laboratories, Ltd.",,TNI02138,8833 Gross Point Rd,Ypsilanti,Michigan,,,env_labs,https://ntllaboratory.com/,Christine MacMillan,info@ntllaboratory.com,,,,,,no_explicit_gmp,True,found_via_search,extracted,found_via_fallback_search,extracted,extracted,extracted,National Testing Laboratories,True,HQ Lab @ National Testing Laboratories,42.2411499,-83.61299389999999,google_approximate,"Ypsilanti, MI, USA"
ENT-000778,1,env_labs_standardized.csv,Natural Waters of Viti Pte Limited,,TNI02379,"11444 W. Olympic Blvd., Floor #2","Tavua, Fiji Island",Not Applicable,,,env_labs,https://www.fijiwater.com/,,delivery@fijiwater.com,,,,,,no_explicit_gmp,True,found_via_search,extracted,"checked_pages_not_found (pages_checked=5,fetched_ok=4,total_text_chars=15420)",extracted,extracted,extracted,Natural Waters of Viti Pte Limited,True,HQ Lab @ Natural Waters of Viti Pte Limited,38.7945952,-106.5348379,google_approximate,United States
ENT-000779,1,env_labs_standardized.csv,"Nautilus Environmental, Inc",,TNI02313,4340 Vandever Avenue,San Diego,California,,,env_labs,https://nautilusenvironmental.com/,Peter Arth,info@nautilusenvironmental.com,,,,,,no_explicit_gmp,True,found_via_search,extracted,extracted,extracted,extracted,extracted,Nautilus Environmental,True,HQ Lab @ Nautilus Environmental,32.7880597,-117.1003231,google_rooftop,"4340 Vandever Ave, San Diego, CA 92120, USA"
ENT-000780,1,env_labs_standardized.csv,Neilson Research Corporation,,TNI00221,245 South Grape Street,Medford,Oregon,,,env_labs,https://nrclabs.com/,Trevor Wasmund,lims@nrclabs.com,,,,,,no_explicit_gmp,True,found_via_search,extracted,found_via_fallback_search,found_via_fallback_search,extracted,extracted,Neilson Research,True,HQ Lab @ Neilson Research,42.3229789,-122.8727729,google_rooftop,"245 S Grape St, Medford, OR 97501, USA"
ENT-000781,1,env_labs_standardized.csv,NELANALYTICAL (#2534),,TNI01057,,WINSLOW,Maine,,,env_labs,https://www.nelabservices.com/,"Jessica Autieri, CXR: (207) 861-4517",info.us@analytichem.com,,,,,,explicit_gmp,True,found_via_search,extracted,extracted,extracted,extracted,extracted,NELANALYTICAL 2534,True,HQ Lab @ NELANALYTICAL 2534,44.5472922,-69.6253279,google_approximate,"Winslow, ME 04901, USA"
ENT-000782,1,env_labs_standardized.csv,NELSON ANALYTICAL LAB - KEENE DIVISION,,TNI01036,,SWANZEY,New Hampshire,,,env_labs,https://nelsonanalytical.com/,,info@nelsonanalytical.com,,,,,,,,found_via_search,found_via_fallback_search,"no_pages_fetched_ok (pages_checked=1,fetched_ok=0,total_text_chars=0)",found_via_fallback_search,"no_pages_fetched_ok (pages_checked=1,fetched_ok=0,total_text_chars=0)","no_pages_fetched_ok (pages_checked=1,fetched_ok=0,total_text_chars=0)",NELSON ANALYTICAL LAB KEENE DIVISION,True,HQ Lab @ NELSON ANALYTICAL LAB KEENE DIVISION,42.8741204,-72.2795383,google_approximate,"Swanzey, NH, USA"
ENT-000783,1,env_labs_standardized.csv,NELSON ANALYTICAL LLC,,TNI01053,490 E Industrial Park Dr,MANCHESTER,New Hampshire,,,env_labs,https://nelsonanalytical.com/,Andrew Nelson,anelson@nelsonanalytical.com,,,,,,,,found_via_search,found_via_fallback_search,found_via_fallback_search,found_via_fallback_search,"no_pages_fetched_ok (pages_checked=1,fetched_ok=0,total_text_chars=0)","no_pages_fetched_ok (pages_checked=1,fetched_ok=0,total_text_chars=0)",NELSON ANALYTICAL,False,Manchester Lab @ NELSON ANALYTICAL,42.9773904,-71.4095555,google_rooftop,"490 E Industrial Park Dr, Manchester, NH 03109, USA"
ENT-000784,1,env_labs_standardized.csv,NELSON ANALYTICAL LLC - MAINE DIVISION,,TNI01054,,KENNEBUNK,Maine,,,env_labs,https://nelsonanalytical.com/,,info@nelsonanalytical.com,,,,,,,,found_via_search,found_via_fallback_search,"no_pages_fetched_ok (pages_checked=1,fetched_ok=0,total_text_chars=0)",found_via_fallback_search,"no_pages_fetched_ok (pages_checked=1,fetched_ok=0,total_text_chars=0)","no_pages_fetched_ok (pages_checked=1,fetched_ok=0,total_text_chars=0)",NELSON ANALYTICAL,False,Kennebunk Lab @ NELSON ANALYTICAL,43.384549,-70.54364640000001,google_approximate,"Kennebunk, ME, USA"
ENT-000785,1,env_labs_standardized.csv,NESTLE WATERS QUALITY ASSURANCE LAB,,TNI01679,1544 E. WASHINGTON BLVD.,LOS ANGELES,California,,,env_labs,https://www.nqaclabs.com/,Manuel Chaidez,,,,,,,,,found_via_search,found_via_fallback_search,found_via_fallback_search,"no_pages_fetched_ok (pages_checked=1,fetched_ok=0,total_text_chars=0)","no_pages_fetched_ok (pages_checked=1,fetched_ok=0,total_text_chars=0)","no_pages_fetched_ok (pages_checked=1,fetched_ok=0,total_text_chars=0)",NESTLE WATERS QUALITY ASSURANCE LAB,True,HQ Lab @ NESTLE WATERS QUALITY ASSURANCE LAB,34.020154,-118.2457641,google_rooftop,"1544 E Washington Blvd, Los Angeles, CA 90021, USA"
ENT-000786,1,env_labs_standardized.csv,NESTLE WATERS SUPPLY SUD,,TNI01658,"rue Doct Perrier, 30310 Vergèze",VERGEZE,Not Applicable,,,env_labs,https://www.nestle-waters.fr/,,,,,,,,,,found_via_search,found_via_fallback_search,"no_pages_fetched_ok (pages_checked=1,fetched_ok=0,total_text_chars=0)","no_pages_fetched_ok (pages_checked=1,fetched_ok=0,total_text_chars=0)","no_pages_fetched_ok (pages_checked=1,fetched_ok=0,total_text_chars=0)","no_pages_fetched_ok (pages_checked=1,fetched_ok=0,total_text_chars=0)",NESTLE WATERS SUPPLY SUD,True,HQ Lab @ NESTLE WATERS SUPPLY SUD,38.7945952,-106.5348379,google_approximate,United States
ENT-000787,1,env_labs_standardized.csv,New Age Landmark Inc dba New Age Laboratories,,TNI00509,,South Haven,Michigan,,,env_labs,https://www.newagelaboratories.com/,Scott D. Wall,info@newagelaboratories.com,,,,,,no_explicit_gmp,True,found_via_search,extracted,found_via_fallback_search,extracted,extracted,extracted,New Age Landmark,True,HQ Lab @ New Age Landmark,42.4030865,-86.2736407,google_approximate,"South Haven, MI 49090, USA"
ENT-000788,1,env_labs_standardized.csv,New Age/Landmark Inc. #2,,TNI00510,160 Veterans Boulevard,South Haven,Michigan,,,env_labs,http://www.newagelandmark.com,Scott D. Wall,swall@newagelaboratories.com,,,,,,,,found_via_search,found_via_fallback_search,found_via_fallback_search,found_via_fallback_search,"no_pages_fetched_ok (pages_checked=1,fetched_ok=0,total_text_chars=0)","no_pages_fetched_ok (pages_checked=1,fetched_ok=0,total_text_chars=0)",New AgeLandmark,True,HQ Lab @ New AgeLandmark,42.407602,-86.2452788,google_rooftop,"160 Veterans Blvd, South Haven, MI 49090, USA"
ENT-000789,1,env_labs_standardized.csv,NEW ENGLAND BIOASSAY INC.,,TNI02408,276 Addison Road,WINDSOR,Connecticut,,,env_labs,https://nebio.com/,Kimberly Wills Laboratory Directory/CEO Ms. Wills,kimberly.wills@nebio.com,,,,,,no_explicit_gmp,True,found_via_search,extracted,extracted,extracted,extracted,extracted,NEW ENGLAND BIOASSAY,True,HQ Lab @ NEW ENGLAND BIOASSAY,41.85838150000001,-72.67739399999999,google_rooftop,"276 Addison Rd, Windsor, CT 06095, USA"
ENT-000790,1,env_labs_standardized.csv,NEW ENGLAND TESTING LAB INC,,TNI01747,59 Greenhill Street,WEST WARWICK,Rhode Island,,,env_labs,https://www.newenglandtesting.com/index.php,"Gina Dionne, COO",Gina.Dionne@newenglandtesting.com,,,,,,no_explicit_gmp,True,found_via_search,extracted,extracted,extracted,extracted,extracted,NEW ENGLAND TESTING LAB,True,HQ Lab @ NEW ENGLAND TESTING LAB,41.7200625,-71.4901435,google_rooftop,"59 Greenhill St, West Warwick, RI 02893, USA"
ENT-000791,1,env_labs_standardized.csv,NEW HAMPSHIRE DHHS PUBLIC HEALTH LABORATORIES,,TNI01056,29 Hazen Dr,CONCORD,New Hampshire,,,env_labs,https://www.dhhs.nh.gov/programs-services/population-health/public-health-laboratories,,PublicHealthLaboratories@dhhs.nh.gov,,,,,,,,found_via_search,found_via_fallback_search,"no_pages_fetched_ok (pages_checked=1,fetched_ok=0,total_text_chars=0)",found_via_fallback_search,"no_pages_fetched_ok (pages_checked=1,fetched_ok=0,total_text_chars=0)","no_pages_fetched_ok (pages_checked=1,fetched_ok=0,total_text_chars=0)",NEW HAMPSHIRE DHHS PUBLIC HEALTH LABORATORIES,True,HQ Lab @ NEW HAMPSHIRE DHHS PUBLIC HEALTH LABORATORIES,43.2194467,-71.5152386,google_rooftop,"29 Hazen Drive, Concord, NH 03301, USA"
ENT-000792,1,env_labs_standardized.csv,Newport News Shipbuilding- A Division of Huntington Ingalls Industries,,TNI01238,4101 Washington Ave,Newport News,Virginia,,,env_labs,https://www.hii.com/newport-news-shipbuilding/,Kari Wilkinson,Brian.Eller@hii-nns.com,,,,,,no_explicit_gmp,True,found_via_search,extracted,extracted,found_via_fallback_search,extracted,extracted,Newport News Shipbuilding A Division of Huntington Ingalls Industries,True,HQ Lab @ Newport News Shipbuilding A Division of Huntington Ingalls Industries,36.9908312,-76.4333279,google_rooftop,"4101 Washington Ave, Newport News, VA 23607, USA"
ENT-000793,1,env_labs_standardized.csv,Newton Municipal Wastewater Laboratory,,TNI01924,,Newton,Kansas,,,env_labs,,,,,,,,,,,search_found_nothing,no_website_fallback_search_failed,no_website_cannot_check_pages,no_website_cannot_check_pages,no_website_cannot_check_pages,no_website_cannot_check_pages,Newton Municipal Wastewater Laboratory,True,HQ Lab @ Newton Municipal Wastewater Laboratory,38.0466779,-97.34503649999999,google_approximate,"Newton, KS, USA"
ENT-000794,1,env_labs_standardized.csv,NEWTOWN CREEK MICROBIOLOGY LABORATORY,,TNI01648,,BROOKLYN,New York,,,env_labs,https://www.nyc.gov/site/dep/index.page,Dimitri Katehis,dkatehis@dep.nyc.gov,,,,,,no_explicit_gmp,False,found_via_search,"checked_pages_not_found (pages_checked=8,fetched_ok=8,total_text_chars=20794)",found_via_fallback_search,found_via_fallback_search,extracted,"checked_pages_not_found (pages_checked=8,fetched_ok=8,total_text_chars=20794)",NEWTOWN CREEK MICROBIOLOGY LABORATORY,True,HQ Lab @ NEWTOWN CREEK MICROBIOLOGY LABORATORY,40.6781784,-73.9441579,google_approximate,"Brooklyn, NY, USA"
ENT-000795,1,env_labs_standardized.csv,NEWTOWN CREEK PROCESS CONTROL LAB,,TNI01518,,BROOKLYN,New York,,,env_labs,,,,,,,,,,,search_found_nothing,found_via_fallback_search,no_website_cannot_check_pages,no_website_cannot_check_pages,no_website_cannot_check_pages,no_website_cannot_check_pages,NEWTOWN CREEK PROCESS CONTROL LAB,True,HQ Lab @ NEWTOWN CREEK PROCESS CONTROL LAB,40.6781784,-73.9441579,google_approximate,"Brooklyn, NY, USA"
ENT-000796,1,env_labs_standardized.csv,"Niagara Bottling, LLC",,TNI02121,1440 Bridgegate Dr.,Howard,Pennsylvania,,,env_labs,https://www.niagarawater.com/,Andy Peykoff II President & CEO,bhess@niagarawater.com,,,,,,explicit_gmp,True,found_via_search,extracted,extracted,found_via_fallback_search,found_via_fallback_search,extracted,Niagara Bottling,True,HQ Lab @ Niagara Bottling,41.0142294,-77.6580534,google_approximate,"Howard, PA 16841, USA"
ENT-000797,1,env_labs_standardized.csv,NIAGARA CO SEWER DISTRICT  #1,,TNI01446,,WHEATFIELD,New York,,,env_labs,,,,,,,,,,,search_found_nothing,found_via_fallback_search,no_website_cannot_check_pages,no_website_cannot_check_pages,no_website_cannot_check_pages,no_website_cannot_check_pages,NIAGARA CO SEWER DISTRICT 1,True,HQ Lab @ NIAGARA CO SEWER DISTRICT 1,43.086889,-78.8895479,google_approximate,"Wheatfield, NY, USA"
ENT-000798,1,env_labs_standardized.csv,NIAGARA COUNTY WATER DISTRICT,,TNI01592,5450 Ernest Rd.,NIAGARA FALLS,New York,,,env_labs,https://www.niagaracounty.com/departments/s-z/water_district/index.php,Jennifer H. Bieber,,,,,,,no_explicit_gmp,False,found_via_search,extracted,extracted,"checked_pages_not_found (pages_checked=8,fetched_ok=1,total_text_chars=4210)",extracted,"checked_pages_not_found (pages_checked=8,fetched_ok=1,total_text_chars=4210)",NIAGARA COUNTY WATER DISTRICT,True,HQ Lab @ NIAGARA COUNTY WATER DISTRICT,43.15417799999999,-78.6489221,google_rooftop,"5450 Ernest Rd, Lockport, NY 14094, USA"
ENT-000799,1,env_labs_standardized.csv,NIAGARA FALLS WATER BOARD WASTEWATER  LABORATORY,,TNI01536,1201 Buffalo Ave,NIAGARA FALLS,New York,,,env_labs,https://nfwb.org/,Jordan Boyd,[email protected],,,,,,no_explicit_gmp,True,found_via_search,extracted,extracted,extracted,extracted,extracted,NIAGARA FALLS WATER BOARD WASTEWATER LABORATORY,True,HQ Lab @ NIAGARA FALLS WATER BOARD WASTEWATER LABORATORY,43.0822785,-79.0469134,google_range_interpolated,"1201 Buffalo Ave, Niagara Falls, NY 14303, USA"
ENT-000800,1,env_labs_standardized.csv,NIAGARA FALLS WATER QUALITY LABORATORY,,TNI01535,5815 Buffalo Ave.,NIAGARA FALLS,New York,,,env_labs,https://nfwb.org/,Jordan Boyd,[email protected],,,,,,no_explicit_gmp,True,found_via_search,extracted,extracted,extracted,extracted,extracted,NIAGARA FALLS WATER QUALITY LABORATORY,True,HQ Lab @ NIAGARA FALLS WATER QUALITY LABORATORY,43.0762204,-78.9973804,google_rooftop,"5815 Buffalo Ave, Niagara Falls, NY 14304, USA"
ENT-000801,1,env_labs_standardized.csv,"Niceville-Valparaiso Regional Sewer Board, Inc.",,TNI00512,507 Hwy 85 N,Niceville,Florida,,,env_labs,,,,,,,,,,,search_found_nothing,found_via_fallback_search,no_website_cannot_check_pages,no_website_cannot_check_pages,no_website_cannot_check_pages,no_website_cannot_check_pages,Niceville Valparaiso Regional Sewer Board,True,HQ Lab @ Niceville Valparaiso Regional Sewer Board,30.531366,-86.49211299999999,google_rooftop,"507 FL-85, Niceville, FL 32578, USA"
ENT-000802,1,env_labs_standardized.csv,"NORLITE, LLC",,TNI01718,628 S. Saratoga Street,COHOES,New York,,,env_labs,https://www.norliteagg.com/,,i nfo@norliteagg.com,,,,,,no_explicit_gmp,True,found_via_search,extracted,"checked_pages_not_found (pages_checked=8,fetched_ok=8,total_text_chars=33315)",extracted,extracted,extracted,NORLITE,True,HQ Lab @ NORLITE,42.75392799999999,-73.7033107,google_rooftop,"628 Saratoga St, Cohoes, NY 12047, USA"
ENT-000803,1,env_labs_standardized.csv,NORTH AMERICAN TESTING,,TNI02586,PO Box 323,NORWALK,Ohio,,,env_labs,https://www.northamericantesting.org/,Douglas Steele,email@northamericantesting.org,,,,,,no_explicit_gmp,True,found_via_search,extracted,found_via_fallback_search,extracted,extracted,extracted,NORTH AMERICAN TESTING,True,HQ Lab @ NORTH AMERICAN TESTING,41.24255309999999,-82.6157331,google_approximate,"Norwalk, OH, USA"
ENT-000804,1,env_labs_standardized.csv,North Davis Sewer District Laboratory,,TNI01988,4252 West 2200 South,Syracuse,Utah,,,env_labs,https://northdavissewer.gov/,,,,,,,,no_explicit_gmp,False,found_via_search,extracted,"checked_pages_not_found (pages_checked=6,fetched_ok=6,total_text_chars=29269)","checked_pages_not_found (pages_checked=6,fetched_ok=6,total_text_chars=29269)",extracted,"checked_pages_not_found (pages_checked=6,fetched_ok=6,total_text_chars=29269)",North Davis Sewer District Laboratory,True,HQ Lab @ North Davis Sewer District Laboratory,41.0835322,-112.1129975,google_rooftop,"4252 W 2200 S, Syracuse, UT 84075, USA"
ENT-000805,1,env_labs_standardized.csv,"North Shore Analytical, Inc.",,TNI01185,,Duluth,Minnesota,,,env_labs,https://northshoreanalytical.com/,"Linda Christensen, B.S.",info@northshoreanalytical.com,,,,,,,,found_via_search,found_via_fallback_search,found_via_fallback_search,found_via_fallback_search,"no_pages_fetched_ok (pages_checked=1,fetched_ok=0,total_text_chars=0)","no_pages_fetched_ok (pages_checked=1,fetched_ok=0,total_text_chars=0)",North Shore Analytical,True,HQ Lab @ North Shore Analytical,46.7844571,-92.1055411,google_approximate,"Duluth, MN, USA"
ENT-000806,1,env_labs_standardized.csv,North Shore Water Reclamation District,,TNI02042,,Gurnee,Illinois,,,env_labs,https://northshorewrd.org/,,info@northshorewrd.org,,,,,,,,found_via_search,found_via_fallback_search,"no_pages_fetched_ok (pages_checked=1,fetched_ok=0,total_text_chars=0)",found_via_fallback_search,"no_pages_fetched_ok (pages_checked=1,fetched_ok=0,total_text_chars=0)","no_pages_fetched_ok (pages_checked=1,fetched_ok=0,total_text_chars=0)",North Shore Water Reclamation District,True,HQ Lab @ North Shore Water Reclamation District,42.3702996,-87.90201859999999,google_approximate,"Gurnee, IL, USA"
ENT-000807,1,env_labs_standardized.csv,North Texas Municipal Water District Environmental Laboratory,,TNI00069,501 East Brown Street Administration Building,Wylie,Texas,,,env_labs,https://www.ntmwd.com/,,mrickman@ntmwd.com,,,,,,no_explicit_gmp,False,found_via_search,extracted,"checked_pages_not_found (pages_checked=8,fetched_ok=8,total_text_chars=30097)",found_via_fallback_search,extracted,"checked_pages_not_found (pages_checked=8,fetched_ok=8,total_text_chars=30097)",North Texas Municipal Water District Environmental Laboratory,True,HQ Lab @ North Texas Municipal Water District Environmental Laboratory,33.0175461,-96.5332451,google_rooftop,"501 E Brown St, Wylie, TX 75098, USA"
ENT-000808,1,env_labs_standardized.csv,NORTH TONAWANDA WWTP,,TNI01493,830 River Road,N TONAWANDA,New York,,,env_labs,https://www.northtonawanda.gov/water,Jason Koepsell - Superintendent,[email protected],,,,,,no_explicit_gmp,False,found_via_search,extracted,extracted,extracted,extracted,"checked_pages_not_found (pages_checked=8,fetched_ok=4,total_text_chars=19417)",NORTH TONAWANDA WWTP,True,HQ Lab @ NORTH TONAWANDA WWTP,43.0423677,-78.88882430000001,google_rooftop,"830 River Rd, North Tonawanda, NY 14120, USA"
ENT-000809,1,env_labs_standardized.csv,"North Water District Laboratory Services, Inc. Toxicology Laboratory",,TNI00015,130 S. Trade Center Pkwy.,Conroe,Texas,,,env_labs,https://www.nwdls.com/,,toxlab@nwdls.com,,,,,,no_explicit_gmp,True,found_via_search,extracted,"checked_pages_not_found (pages_checked=8,fetched_ok=8,total_text_chars=36760)",extracted,extracted,extracted,North Water District Laboratory Services,True,HQ Lab @ North Water District Laboratory Services,30.2104529,-95.4501835,google_rooftop,"130 S Trade Center Pkwy, Conroe, TX 77385, USA"
ENT-000810,1,env_labs_standardized.csv,NORTHEAST OHIO REGIONAL SEWER DISTRICT ANALYTICAL SERVICES (#2238),,TNI02602,4747 East 49th Street,CUYAHOGA HEIGHTS,Ohio,,,env_labs,https://www.neorsd.org/,Mark Citriglia,citrigliam@neorsd.org,,,,,,no_explicit_gmp,False,found_via_search,found_via_fallback_search,found_via_fallback_search,found_via_fallback_search,extracted,"checked_pages_not_found (pages_checked=8,fetched_ok=7,total_text_chars=42482)",NORTHEAST OHIO REGIONAL SEWER DISTRICT ANALYTICAL SERVICES 2238,True,HQ Lab @ NORTHEAST OHIO REGIONAL SEWER DISTRICT ANALYTICAL SERVICES 2238,41.429338,-81.65609169999999,google_geometric_center,"4747 E 49th St, Cleveland, OH 44125, USA"
ENT-000811,1,env_labs_standardized.csv,Northeast Texas Public Health District Laboratory,,TNI00048,"815 N. Broadway, Tyler (please come to the rear entrance of the building)",Tyler,Texas,,,env_labs,https://www.mynethealth.org/,Amanda Catlin,ACatlin@netphd.org,,,,,,no_explicit_gmp,False,found_via_search,extracted,extracted,extracted,extracted,"checked_pages_not_found (pages_checked=8,fetched_ok=8,total_text_chars=59112)",Northeast Texas Public Health District Laboratory,True,HQ Lab @ Northeast Texas Public Health District Laboratory,32.358724,-95.3000409,google_rooftop,"815 N Broadway Ave, Tyler, TX 75702, USA"
ENT-000812,1,env_labs_standardized.csv,NORTHERN WESTCHESTER JOINT WATER WORKS,,TNI01803,2065 East Main Street,CORTLANDT MANOR,New York,,,env_labs,https://www.nwjww.com/,Phil Walko,philwalko@nwjww.com,,,,,,,,found_via_search,found_via_fallback_search,found_via_fallback_search,found_via_fallback_search,"no_pages_fetched_ok (pages_checked=1,fetched_ok=0,total_text_chars=0)","no_pages_fetched_ok (pages_checked=1,fetched_ok=0,total_text_chars=0)",NORTHERN WESTCHESTER JOINT WATER WORKS,True,HQ Lab @ NORTHERN WESTCHESTER JOINT WATER WORKS,41.2999654,-73.8840436,google_rooftop,"2065 E Main St, Cortlandt Manor, NY 10567, USA"
ENT-000813,1,env_labs_standardized.csv,Northrop Grumman Space Systems Environmental Laboratory,,TNI01959,9160 North Highway 83,Corinne,Utah,,,env_labs,,,,,,,,,,,search_found_nothing,found_via_fallback_search,no_website_cannot_check_pages,no_website_cannot_check_pages,no_website_cannot_check_pages,no_website_cannot_check_pages,Northrop Grumman Space Systems Environmental Laboratory,True,HQ Lab @ Northrop Grumman Space Systems Environmental Laboratory,41.66004179999999,-112.4409369,google_rooftop,"Building Admin, 9160 UT-83, Corinne, UT 84307, USA"
ENT-000814,1,env_labs_standardized.csv,NOVA ANALYTIC LABS,,TNI02941,,PORTLAND,Maine,,,env_labs,https://www.novaenvirolabs.com/,,innovation@testnovalabs.com,,,,,,,,found_via_search,found_via_fallback_search,"no_pages_fetched_ok (pages_checked=1,fetched_ok=0,total_text_chars=0)",found_via_fallback_search,"no_pages_fetched_ok (pages_checked=1,fetched_ok=0,total_text_chars=0)","no_pages_fetched_ok (pages_checked=1,fetched_ok=0,total_text_chars=0)",NOVA ANALYTIC LABS,True,HQ Lab @ NOVA ANALYTIC LABS,43.670822,-70.28438249999999,google_approximate,"Portland, ME, USA"
ENT-000815,1,env_labs_standardized.csv,"Nova Biologicals, Inc",,TNI02533,"1775 North Loop 336 East, Suite 4",Conroe,Texas,,,env_labs,https://www.novatx.com/,COLLEEN VILLANUEVA,,,,,,,explicit_gmp,True,found_via_search,extracted,extracted,"checked_pages_not_found (pages_checked=8,fetched_ok=8,total_text_chars=28141)",found_via_fallback_search,extracted,Nova Biologicals,True,HQ Lab @ Nova Biologicals,30.338088,-95.4205403,google_rooftop,"1775 N Loop 336 E #4, Conroe, TX 77301, USA"
ENT-000816,1,env_labs_standardized.csv,NSF INTERNATIONAL,,TNI01665,,ANN ARBOR,Michigan,,,env_labs,https://www.nsf.org/,Anna Schmitt-Reichert,aschmittreichert@nsf.org,,,,,,explicit_gmp,,found_via_search,found_via_fallback_search,found_via_fallback_search,found_via_fallback_search,found_via_fallback_search,"no_pages_fetched_ok (pages_checked=1,fetched_ok=0,total_text_chars=0)",NSF INTERNATIONAL,True,HQ Lab @ NSF INTERNATIONAL,42.2808256,-83.7430378,google_approximate,"Ann Arbor, MI, USA"
ENT-000817,1,env_labs_standardized.csv,NTM Environmental Reference Laboratory,,TNI03081,"11937 US Hwy 271, BMR Lab B4",Tyler,Texas,,,env_labs,https://www.uttyler.edu/academics/colleges-schools/medicine/center-for-ntm-innovation/environmental-reference-laboratory/,,NTMERL@uttyler.edu,,,,,,no_explicit_gmp,True,found_via_search,extracted,"checked_pages_not_found (pages_checked=8,fetched_ok=8,total_text_chars=45339)",extracted,extracted,extracted,NTM Environmental Reference Laboratory,True,HQ Lab @ NTM Environmental Reference Laboratory,32.4265541,-95.21583969999999,google_geometric_center,"11937 US-271, Tyler, TX 75708, USA"
ENT-000818,1,env_labs_standardized.csv,NY ENVIRONMENTAL AND ANALYTICAL LABS INC,,TNI01713,88 Harbor Road,PORT WASHINGTON,New York,,,env_labs,https://www.nyenvironmental.com/,,consulting@nyenvironmental.com; laboratory@nyenvironmental.com,,,,,,no_explicit_gmp,True,found_via_search,extracted,"checked_pages_not_found (pages_checked=5,fetched_ok=5,total_text_chars=6643)",extracted,extracted,extracted,NY ENVIRONMENTAL AND ANALYTICAL LABS,True,HQ Lab @ NY ENVIRONMENTAL AND ANALYTICAL LABS,40.84113,-73.69556,google_rooftop,"88 Harbor Rd, Port Washington, NY 11050, USA"
ENT-000819,1,env_labs_standardized.csv,NYC DEP BEC - ENVIROMENTAL TESTING LABORATORY,,TNI01643,,CORONA,New York,,,env_labs,,,,,,,,,,,search_found_nothing,found_via_fallback_search,no_website_cannot_check_pages,no_website_cannot_check_pages,no_website_cannot_check_pages,no_website_cannot_check_pages,NYC DEP BEC ENVIROMENTAL TESTING LABORATORY,True,HQ Lab @ NYC DEP BEC ENVIROMENTAL TESTING LABORATORY,40.7449859,-73.8642613,google_approximate,"Corona, Queens, NY, USA"
ENT-000820,1,env_labs_standardized.csv,NYS DOH Environmental Biology Laboratory,,TNI00514,,Albany,New York,,,env_labs,https://wadsworth.org/programs/ehs/enviornmental-biology,"Theresa Hattenrath, PhD Position Laboratory Chief Email Address Theresa.",ELAP@health.ny.gov,,,,,,no_explicit_gmp,False,found_via_search,found_via_fallback_search,extracted,found_via_fallback_search,extracted,"checked_pages_not_found (pages_checked=8,fetched_ok=8,total_text_chars=64281)",NYS DOH Environmental Biology Laboratory,True,HQ Lab @ NYS DOH Environmental Biology Laboratory,42.6517545,-73.75507569999999,google_approximate,"Albany, NY, USA"
ENT-000821,1,env_labs_standardized.csv,NYS DOH Inorganic & Nuclear Chemistry Laboratory,,TNI00515,,Albany,New York,,,env_labs,https://www.wadsworth.org/,,wcwebm@health.ny.gov,,,,,,no_explicit_gmp,False,found_via_search,extracted,extracted,extracted,extracted,"checked_pages_not_found (pages_checked=8,fetched_ok=8,total_text_chars=84201)",NYS DOH Inorganic Nuclear Chemistry Laboratory,True,HQ Lab @ NYS DOH Inorganic Nuclear Chemistry Laboratory,42.6517545,-73.75507569999999,google_approximate,"Albany, NY, USA"
ENT-000822,1,env_labs_standardized.csv,NYS DOH Organic Analytical Chemistry Laboratory,,TNI00516,120 New Scotland Avenue,Albany,New York,,,env_labs,https://www.wadsworth.org/,"Anthony T. Fayo, BS",wcwebm@health.ny.gov,,,,,,no_explicit_gmp,False,found_via_search,extracted,found_via_fallback_search,extracted,extracted,"checked_pages_not_found (pages_checked=8,fetched_ok=8,total_text_chars=84201)",NYS DOH Organic Analytical Chemistry Laboratory,True,HQ Lab @ NYS DOH Organic Analytical Chemistry Laboratory,42.6515611,-73.7797597,google_rooftop,"120 New Scotland Ave, Albany, NY 12208, USA"
ENT-000823,1,env_labs_standardized.csv,OAKWOOD BEACH PROCESS CONTROL LAB,,TNI01519,751 Mill Rd,STATEN ISLAND,New York,,,env_labs,,,,,,,,,,,search_found_nothing,found_via_fallback_search,no_website_cannot_check_pages,no_website_cannot_check_pages,no_website_cannot_check_pages,no_website_cannot_check_pages,OAKWOOD BEACH PROCESS CONTROL LAB,True,HQ Lab @ OAKWOOD BEACH PROCESS CONTROL LAB,40.5513717,-74.1164711,google_rooftop,"751 Mill Rd, Staten Island, NY 10306, USA"
ENT-000824,1,env_labs_standardized.csv,Obsidian Analytical,,TNI02415,4653 Table Mountain Dr.,Golden,Colorado,,,env_labs,https://www.obsidian-analytical.com/,,clientservices@obsidian-analytical.com,,,,,,no_explicit_gmp,True,found_via_search,extracted,"checked_pages_not_found (pages_checked=7,fetched_ok=6,total_text_chars=6493)",extracted,extracted,extracted,Obsidian Analytical,True,HQ Lab @ Obsidian Analytical,39.7806892,-105.1799537,google_rooftop,"4653 Table Mountain Dr, Golden, CO 80403, USA"
ENT-000825,1,env_labs_standardized.csv,Occoquan Watershed Monitoring Laboratory,,TNI01253,9408 Prince William Street,Manassas,Virginia,,,env_labs,https://owml.cee.vt.edu/,"Stanley B. Grant, Nick Prillaman Professor of Civil and Environmental Engineering & Director",stanleyg@vt.edu,,,,,,no_explicit_gmp,False,found_via_search,found_via_fallback_search,extracted,extracted,extracted,"checked_pages_not_found (pages_checked=8,fetched_ok=8,total_text_chars=39182)",Occoquan Watershed Monitoring Laboratory,True,HQ Lab @ Occoquan Watershed Monitoring Laboratory,38.748697,-77.480612,google_rooftop,"9408 Prince William St, Manassas, VA 20110, USA"
ENT-000826,1,env_labs_standardized.csv,OCL ANALYTICAL SERVICES,,TNI01567,35 Goshen Turnpike,BLOOMINGBURG,New York,,,env_labs,https://www.oclanalytical.com/,,info@oclanalytical.com,,,,,,,,found_via_search,found_via_fallback_search,"no_pages_fetched_ok (pages_checked=1,fetched_ok=0,total_text_chars=0)",found_via_fallback_search,"no_pages_fetched_ok (pages_checked=1,fetched_ok=0,total_text_chars=0)","no_pages_fetched_ok (pages_checked=1,fetched_ok=0,total_text_chars=0)",OCL ANALYTICAL SERVICES,True,HQ Lab @ OCL ANALYTICAL SERVICES,41.5497071,-74.42228879999999,google_rooftop,"35 Goshen Tpke, Bloomingburg, NY 12721, USA"
ENT-000827,1,env_labs_standardized.csv,Ogden City Water Treatment Plant,,TNI02551,2549 Washington Blvd,Ogden,Utah,,,env_labs,https://www.ogdencity.gov/,Brady Herd,communications@ogdencity.com,,,,,,no_explicit_gmp,False,found_via_search,extracted,found_via_fallback_search,extracted,extracted,"checked_pages_not_found (pages_checked=3,fetched_ok=3,total_text_chars=11890)",Ogden City Water Treatment Plant,True,HQ Lab @ Ogden City Water Treatment Plant,41.223,-111.97383,google_rooftop,"2549 Washington Blvd, Ogden, UT 84401, USA"
ENT-000828,1,env_labs_standardized.csv,Ohio Lumex Analytical Laboratory,,TNI02212,30350 Bruce Industrial Pkwy.,Solon,Ohio,,,env_labs,https://www.ohiolumex.com/,,lab@ohiolumex.com,,,,,,no_explicit_gmp,True,found_via_search,extracted,"checked_pages_not_found (pages_checked=8,fetched_ok=8,total_text_chars=59307)",found_via_fallback_search,extracted,extracted,Ohio Lumex Analytical Laboratory,True,HQ Lab @ Ohio Lumex Analytical Laboratory,41.3768341,-81.4648691,google_rooftop,"30350 Bruce Industrial Pkwy, Solon, OH 44139, USA"
ENT-000829,1,env_labs_standardized.csv,"Oilfield Environmental & Compliance, Inc. (OEC)",,TNI02666,307 Roemer Way Suite 300,Santa Maria,California,,,env_labs,https://oecusa.com/,Carrie McCrillis,info@oecusa.com,,,,,,no_explicit_gmp,True,found_via_search,extracted,found_via_fallback_search,extracted,extracted,extracted,Oilfield Environmental Compliance,True,HQ Lab @ Oilfield Environmental Compliance,34.976276,-120.4319005,google_rooftop,"307 Roemer Way #300, Santa Maria, CA 93454, USA"
ENT-000830,1,env_labs_standardized.csv,Okaloosa County Water and Sewer Laboratory,,TNI00517,,Ft. Walton Beach,Florida,,,env_labs,https://www.myokaloosa.com/,"Mike Hackett, Director",waterinformation@myokaloosa.com,,,,,,no_explicit_gmp,False,found_via_search,found_via_fallback_search,found_via_fallback_search,found_via_fallback_search,extracted,"checked_pages_not_found (pages_checked=8,fetched_ok=8,total_text_chars=31980)",Okaloosa County Water and Sewer Laboratory,True,HQ Lab @ Okaloosa County Water and Sewer Laboratory,30.42007079999999,-86.6170308,google_approximate,"Fort Walton Beach, FL, USA"
ENT-000831,1,env_labs_standardized.csv,OKLAHOMA STATE ENVIRONMENTAL LABORATORY SERVICES #2338,,TNI02423,707 N. Robinson Ave,OKLAHOMA CITY,Oklahoma,,,env_labs,https://oklahoma.gov/deq/divisions/state-environmental-laboratory-services.html,,,,,,,,no_explicit_gmp,False,found_via_search,found_via_fallback_search,"checked_pages_not_found (pages_checked=8,fetched_ok=8,total_text_chars=115706)","checked_pages_not_found (pages_checked=8,fetched_ok=8,total_text_chars=115706)",extracted,"checked_pages_not_found (pages_checked=8,fetched_ok=8,total_text_chars=115706)",OKLAHOMA STATE ENVIRONMENTAL LABORATORY SERVICES 2338,True,HQ Lab @ OKLAHOMA STATE ENVIRONMENTAL LABORATORY SERVICES 2338,35.4743343,-97.5165705,google_rooftop,"707 N Robinson Ave, Oklahoma City, OK 73102, USA"
ENT-000832,1,env_labs_standardized.csv,Olathe Environmental Laboratory,,TNI01925,25851 W. 119th Street,Olathe,Kansas,,,env_labs,https://www.olatheks.gov/,,,,,,,,,,found_via_search,found_via_fallback_search,"no_pages_fetched_ok (pages_checked=1,fetched_ok=0,total_text_chars=0)","no_pages_fetched_ok (pages_checked=1,fetched_ok=0,total_text_chars=0)","no_pages_fetched_ok (pages_checked=1,fetched_ok=0,total_text_chars=0)","no_pages_fetched_ok (pages_checked=1,fetched_ok=0,total_text_chars=0)",Olathe Environmental Laboratory,True,HQ Lab @ Olathe Environmental Laboratory,38.9115,-94.88498009999999,google_rooftop,"25851 W 119th St, Olathe, KS 66061, USA"
ENT-000833,1,env_labs_standardized.csv,OLEAN (C) WATER TREATMENT PLANT,,TNI01529,"101 East State Street, PO Box 668",OLEAN,New York,,,env_labs,https://cityofolean.gov/,Mayor Amy Sherburne,[email protected],,,,,,no_explicit_gmp,False,found_via_search,extracted,extracted,extracted,extracted,"checked_pages_not_found (pages_checked=8,fetched_ok=8,total_text_chars=25980)",OLEAN C WATER TREATMENT PLANT,True,HQ Lab @ OLEAN C WATER TREATMENT PLANT,42.0778393,-78.42902169999999,google_rooftop,"Olean Municipal Building, 101 E State St, Olean, NY 14760, USA"
ENT-000834,1,env_labs_standardized.csv,OLEAN WASTEWATER TREATMENT PLT,,TNI01448,174 South 19th Street,OLEAN,New York,,,env_labs,https://cityofolean.gov/departments/public-works/dpw-wastewater/,Chief Operator Jeremy Meerdink,[email protected],,,,,,no_explicit_gmp,False,found_via_search,extracted,extracted,extracted,extracted,"checked_pages_not_found (pages_checked=8,fetched_ok=8,total_text_chars=27383)",OLEAN WASTEWATER TREATMENT PLT,True,HQ Lab @ OLEAN WASTEWATER TREATMENT PLT,42.07390849999999,-78.4519696,google_rooftop,"174 S 19th St, Olean, NY 14760, USA"
ENT-000835,1,env_labs_standardized.csv,OMIC USA Inc.,,TNI00222,3344 NW Industrial Street,Portland,Oregon,,,env_labs,https://omicusa.com/,Lab Manager f.he@omicusa.com,sales.us@omicusa.com,,,,,,no_explicit_gmp,True,found_via_search,extracted,extracted,extracted,extracted,extracted,OMIC USA,True,HQ Lab @ OMIC USA,45.5407126,-122.7168704,google_rooftop,"3344 NW Industrial St, Portland, OR 97210, USA"
ENT-000836,1,env_labs_standardized.csv,ONEIDA COUNTY WATER POLLUTION CONTROL,,TNI01419,772 Sewage Plant Road,UTICA,New York,,,env_labs,https://oneidacountyny.gov/oneida/wpc,"Karl E. Schrantz, PE",wpc@oneidacountyny.gov,,,,,,no_explicit_gmp,False,found_via_search,found_via_fallback_search,found_via_fallback_search,found_via_fallback_search,extracted,"checked_pages_not_found (pages_checked=8,fetched_ok=8,total_text_chars=121268)",ONEIDA COUNTY WATER POLLUTION CONTROL,True,HQ Lab @ ONEIDA COUNTY WATER POLLUTION CONTROL,43.0998538,-75.1956597,google_rooftop,"772 Sewage Plant Rd, Utica, NY 13501, USA"
ENT-000837,1,env_labs_standardized.csv,ONEONTA (C) WATER LABORATORY,,TNI01585,110 East Street,ONEONTA,New York,,,env_labs,https://www.oneonta.ny.us/,MR. PAUL THAYER,,,,,,,no_explicit_gmp,False,found_via_search,found_via_fallback_search,found_via_fallback_search,"checked_pages_not_found (pages_checked=4,fetched_ok=4,total_text_chars=8194)",extracted,"checked_pages_not_found (pages_checked=4,fetched_ok=4,total_text_chars=8194)",ONEONTA C WATER LABORATORY,True,HQ Lab @ ONEONTA C WATER LABORATORY,42.467215,-75.0558071,google_rooftop,"110 East St, Oneonta, NY 13820, USA"
ENT-000838,1,env_labs_standardized.csv,ONONDAGA CO WATER AUTHORITY,,TNI01531,200 Northern Concourse,SYRACUSE,New York,,,env_labs,https://www.ocwa.org/,,,,,,,,,,found_via_search,found_via_fallback_search,"no_pages_fetched_ok (pages_checked=1,fetched_ok=0,total_text_chars=0)","no_pages_fetched_ok (pages_checked=1,fetched_ok=0,total_text_chars=0)","no_pages_fetched_ok (pages_checked=1,fetched_ok=0,total_text_chars=0)","no_pages_fetched_ok (pages_checked=1,fetched_ok=0,total_text_chars=0)",ONONDAGA CO WATER AUTHORITY,True,HQ Lab @ ONONDAGA CO WATER AUTHORITY,43.1087747,-76.1551228,google_rooftop,"200 Northern Concourse, Syracuse, NY 13212, USA"
ENT-000839,1,env_labs_standardized.csv,ONONDAGA COUNTY DEPT WATER ENV PROTECTIO,,TNI01472,650 Hiawatha Blvd West,LIVERPOOL,New York,,,env_labs,https://onondaga.gov/wep/,,,,,,,,no_explicit_gmp,False,found_via_search,extracted,"checked_pages_not_found (pages_checked=6,fetched_ok=6,total_text_chars=20891)","checked_pages_not_found (pages_checked=6,fetched_ok=6,total_text_chars=20891)",extracted,"checked_pages_not_found (pages_checked=6,fetched_ok=6,total_text_chars=20891)",ONONDAGA COUNTY DEPT WATER ENV PROTECTIO,True,HQ Lab @ ONONDAGA COUNTY DEPT WATER ENV PROTECTIO,43.0642678,-76.17764939999999,google_geometric_center,"650 Hiawatha Blvd W, Syracuse, NY 13204, USA"
ENT-000840,1,env_labs_standardized.csv,ONONDAGA COUNTY WATER AUTHORITY OSWEGO LABORATORY,,TNI01484,,OSWEGO,New York,,,env_labs,https://www.ocwa.org/,,,,,,,,,,found_via_search,found_via_fallback_search,"no_pages_fetched_ok (pages_checked=1,fetched_ok=0,total_text_chars=0)","no_pages_fetched_ok (pages_checked=1,fetched_ok=0,total_text_chars=0)","no_pages_fetched_ok (pages_checked=1,fetched_ok=0,total_text_chars=0)","no_pages_fetched_ok (pages_checked=1,fetched_ok=0,total_text_chars=0)",ONONDAGA COUNTY WATER AUTHORITY OSWEGO LABORATORY,True,HQ Lab @ ONONDAGA COUNTY WATER AUTHORITY OSWEGO LABORATORY,43.45531330000001,-76.51155109999999,google_approximate,"Oswego, NY, USA"
ENT-000841,1,env_labs_standardized.csv,ONTARIO WATER UTILITIES,,TNI01552,1850 Ridge Road,ONTARIO,New York,,,env_labs,https://www.ontariotown.gov/,Todd Bennett,mhershelman@ontariotown.org,,,,,,no_explicit_gmp,False,found_via_search,extracted,extracted,found_via_fallback_search,extracted,"checked_pages_not_found (pages_checked=3,fetched_ok=2,total_text_chars=10084)",ONTARIO WATER UTILITIES,True,HQ Lab @ ONTARIO WATER UTILITIES,43.2225376,-77.2913628,google_rooftop,"1850 Ridge Rd, Ontario, NY 14519, USA"
ENT-000842,1,env_labs_standardized.csv,"Onterris Air Quality Services, LLC",,TNI02266,5120 Northshore Drive,Roanoke,Virginia,,,env_labs,https://www.onterris.com/,Dave Vecellio,dvecellio@montrose-env.com,,,,,,no_explicit_gmp,True,found_via_search,extracted,found_via_fallback_search,found_via_fallback_search,extracted,extracted,Onterris Air Quality Services,False,"5120 Northshore Drive, Roanoke Lab @ Onterris Air Quality Services",37.2709116,-79.94494949999999,google_approximate,"Roanoke, VA, USA"
ENT-000843,1,env_labs_standardized.csv,"Onterris Air Quality Services, LLC - Deer Park",,TNI00172,208 Deerwood Glen Dr.,Deer Park,Texas,,,env_labs,https://www.onterris.com/,,,,,,,,no_explicit_gmp,True,found_via_search,extracted,"checked_pages_not_found (pages_checked=8,fetched_ok=8,total_text_chars=91299)","checked_pages_not_found (pages_checked=8,fetched_ok=8,total_text_chars=91299)",extracted,extracted,Onterris Air Quality Services,False,Deer Park Lab @ Onterris Air Quality Services,29.7082484,-95.14264279999999,google_rooftop,"208 Deerwood Glen Dr, Deer Park, TX 77536, USA"
ENT-000844,1,env_labs_standardized.csv,"Onterris Air Quality Services, LLC - Mobile #1",,TNI02489,5120 Northshore Drive,Roanoke,Virginia,,,env_labs,https://www.onterris.com/,David Vecellio,dvecellio@montrose-env.com,,,,,,no_explicit_gmp,True,found_via_search,extracted,found_via_fallback_search,found_via_fallback_search,extracted,extracted,Onterris Air Quality Services,False,"5120 Northshore Drive, Roanoke Lab @ Onterris Air Quality Services",37.2709116,-79.94494949999999,google_approximate,"Roanoke, VA, USA"
ENT-000845,1,env_labs_standardized.csv,"Onterris Laboratories, LLC",,TNI02207,"5900 Hollis St., Suite L",Denver,Colorado,,,env_labs,https://www.onterris.com/,,,,,,,,no_explicit_gmp,True,found_via_search,extracted,"checked_pages_not_found (pages_checked=8,fetched_ok=8,total_text_chars=91299)","checked_pages_not_found (pages_checked=8,fetched_ok=8,total_text_chars=91299)",extracted,extracted,Onterris Laboratories,False,Denver Lab @ Onterris Laboratories,39.7392358,-104.990251,google_approximate,"Denver, CO, USA"
ENT-000846,1,env_labs_standardized.csv,"Onterris Laboratories, LLC",,TNI01235,5120 Northshore Drive,El Dorado Hills,California,,,env_labs,https://www.onterris.com/,Nicole Mills,NicoleMills@enthalpy.com,,,,,,no_explicit_gmp,True,found_via_search,extracted,found_via_fallback_search,found_via_fallback_search,extracted,extracted,Onterris Laboratories,False,El Dorado Hills Lab @ Onterris Laboratories,38.6857367,-121.082167,google_approximate,"El Dorado Hills, CA, USA"
ENT-000847,1,env_labs_standardized.csv,"Onterris Laboratories, LLC",,TNI01248,"5900 Hollis St., Suite L",Richmond,Virginia,,,env_labs,https://www.onterris.com/,Thomas Reich,thomasreich@onterris.com,,,,,,no_explicit_gmp,True,found_via_search,extracted,found_via_fallback_search,found_via_fallback_search,extracted,extracted,Onterris Laboratories,False,Richmond Lab @ Onterris Laboratories,37.5407246,-77.4360481,google_approximate,"Richmond, VA, USA"
ENT-000848,1,env_labs_standardized.csv,"Onterris Laboratories, LLC - Anaheim",,TNI02902,2532 E. Cerritos Ave.,Anaheim,California,,,env_labs,https://www.onterris.com/,,,,,,,,no_explicit_gmp,True,found_via_search,extracted,"checked_pages_not_found (pages_checked=8,fetched_ok=8,total_text_chars=91299)","checked_pages_not_found (pages_checked=8,fetched_ok=8,total_text_chars=91299)",extracted,extracted,Onterris Laboratories,False,Anaheim Lab @ Onterris Laboratories,33.810879,-117.8812382,google_rooftop,"2532 E Cerritos Ave, Anaheim, CA 92806, USA"
ENT-000849,1,env_labs_standardized.csv,"Onterris Laboratories, LLC - Deer Park",,TNI00052,208 Deerwood Glen Dr.,Deer Park,Texas,,,env_labs,https://www.onterris.com/,,,,,,,,no_explicit_gmp,True,found_via_search,extracted,"checked_pages_not_found (pages_checked=8,fetched_ok=8,total_text_chars=91299)","checked_pages_not_found (pages_checked=8,fetched_ok=8,total_text_chars=91299)",extracted,extracted,Onterris Laboratories,False,"208 Deerwood Glen Dr., Deer Park Lab @ Onterris Laboratories",29.7082484,-95.14264279999999,google_rooftop,"208 Deerwood Glen Dr, Deer Park, TX 77536, USA"
ENT-000850,1,env_labs_standardized.csv,"Onterris Laboratories, LLC - Houston",,TNI00035,20465 State Highway 249,Deer Park,Texas,,,env_labs,https://www.onterris.com/,,mvavra@onterris.com,,,,,,no_explicit_gmp,True,found_via_search,extracted,"checked_pages_not_found (pages_checked=8,fetched_ok=8,total_text_chars=91299)",found_via_fallback_search,extracted,extracted,Onterris Laboratories,False,"20465 State Highway 249, Deer Park Lab @ Onterris Laboratories",29.989914,-95.57534509999999,google_rooftop,"20465 TX-249, Houston, TX 77070, USA"
ENT-000851,1,env_labs_standardized.csv,"ONTERRIS LABORATORIES, LLC - MT. PLEASANT",,TNI02583,2625 Denison Drive,MT. PLEASANT,Michigan,,,env_labs,https://www.onterris.com/,,,,,,,,no_explicit_gmp,True,found_via_search,extracted,"checked_pages_not_found (pages_checked=8,fetched_ok=8,total_text_chars=91299)","checked_pages_not_found (pages_checked=8,fetched_ok=8,total_text_chars=91299)",extracted,extracted,ONTERRIS LABORATORIES,True,HQ Lab @ ONTERRIS LABORATORIES,43.5692682,-84.78039009999999,google_rooftop,"2625 Denison Dr, Mt Pleasant, MI 48858, USA"
ENT-000852,1,env_labs_standardized.csv,"Onterris Laboratories, LLC - Orange",,TNI01207,931 W. Barkley Ave.,Orange,California,,,env_labs,https://www.onterris.com/,,clint.thrasher@onterris.com,,,,,,no_explicit_gmp,True,found_via_search,extracted,"checked_pages_not_found (pages_checked=8,fetched_ok=8,total_text_chars=91299)",found_via_fallback_search,extracted,extracted,Onterris Laboratories,False,Orange Lab @ Onterris Laboratories,33.8012207,-117.862823,google_rooftop,"931 W Barkley Ave, Orange, CA 92868, USA"
ENT-000853,1,env_labs_standardized.csv,Orange County Environmental Protection Division,,TNI00519,"3165 McCrory Place, Suite 200",Orlando,Florida,,,env_labs,https://www.orangecountyfl.net/Environment,,EPD@ocfl.net,,,,,,no_explicit_gmp,False,found_via_search,extracted,"checked_pages_not_found (pages_checked=8,fetched_ok=8,total_text_chars=52844)",extracted,extracted,"checked_pages_not_found (pages_checked=8,fetched_ok=8,total_text_chars=52844)",Orange County Environmental Protection Division,True,HQ Lab @ Orange County Environmental Protection Division,28.5587491,-81.34361690000001,google_rooftop,"3165 McCrory Pl #200, Orlando, FL 32803, USA"
ENT-000854,1,env_labs_standardized.csv,Orange County Sanitation District,,TNI02549,18480 Bandilier Circle,Fountain Valley,California,,,env_labs,https://www.ocsan.gov/,Rob Thompson General Manager,rthompson@ocsan.gov,,,,,,no_explicit_gmp,False,found_via_search,extracted,extracted,extracted,extracted,"checked_pages_not_found (pages_checked=8,fetched_ok=8,total_text_chars=38119)",Orange County Sanitation District,True,HQ Lab @ Orange County Sanitation District,33.6946626,-117.940003,google_rooftop,"18480 Bandilier Cir, Fountain Valley, CA 92708, USA"
ENT-000855,1,env_labs_standardized.csv,Orange County Utilities Central Laboratory,,TNI00520,,Orlando,Florida,,,env_labs,,,,,,,,,,,search_found_nothing,found_via_fallback_search,no_website_cannot_check_pages,no_website_cannot_check_pages,no_website_cannot_check_pages,no_website_cannot_check_pages,Orange County Utilities Central Laboratory,True,HQ Lab @ Orange County Utilities Central Laboratory,28.5383832,-81.3789269,google_approximate,"Orlando, FL, USA"
ENT-000856,1,env_labs_standardized.csv,"Oregon Department of Environmental Quality, Laboratory and Environmental Assessment Division",,TNI02592,,Hillsboro,Oregon,,,env_labs,https://www.oregon.gov/deq/,,DEQCommunications@deq.oregon.gov,,,,,,no_explicit_gmp,False,found_via_search,found_via_fallback_search,"checked_pages_not_found (pages_checked=8,fetched_ok=7,total_text_chars=41551)",extracted,extracted,"checked_pages_not_found (pages_checked=8,fetched_ok=7,total_text_chars=41551)",Oregon Department of Environmental Quality Laboratory and Environmental Assessment Division,True,HQ Lab @ Oregon Department of Environmental Quality Laboratory and Environmental Assessment Division,45.5201237,-122.9913341,google_approximate,"Hillsboro, OR, USA"
ENT-000857,1,env_labs_standardized.csv,"Oregon Integrated Labs, LLC",,TNI02621,,Cave Junction,Oregon,,,env_labs,,,,,,,,,,,search_found_nothing,no_website_fallback_search_failed,no_website_cannot_check_pages,no_website_cannot_check_pages,no_website_cannot_check_pages,no_website_cannot_check_pages,Oregon Integrated Labs,True,HQ Lab @ Oregon Integrated Labs,42.1628912,-123.6481235,google_approximate,"Cave Junction, OR 97523, USA"
ENT-000858,1,env_labs_standardized.csv,Orlando Utilities Commission,,TNI00521,100 West Anderson Street,Orlando,Florida,,,env_labs,https://www.ouc.com/,"Jennifer Fowler, MSPH, Sr. Director",LCP@OUC.com,,,,,,,,found_via_search,found_via_fallback_search,found_via_fallback_search,found_via_fallback_search,"no_pages_fetched_ok (pages_checked=1,fetched_ok=0,total_text_chars=0)","no_pages_fetched_ok (pages_checked=1,fetched_ok=0,total_text_chars=0)",Orlando Utilities Commission,True,HQ Lab @ Orlando Utilities Commission,28.5362214,-81.3797235,google_rooftop,"100 W Anderson St, Orlando, FL 32801, USA"
ENT-000859,1,env_labs_standardized.csv,OSSINING (V) WATER DEPT LAB-INDIAN BROOK,,TNI01584,,OSSINING,New York,,,env_labs,https://www.villageofossiningny.gov/,,,,,,,,,,found_via_search,found_via_fallback_search,"no_pages_fetched_ok (pages_checked=1,fetched_ok=0,total_text_chars=0)","no_pages_fetched_ok (pages_checked=1,fetched_ok=0,total_text_chars=0)","no_pages_fetched_ok (pages_checked=1,fetched_ok=0,total_text_chars=0)","no_pages_fetched_ok (pages_checked=1,fetched_ok=0,total_text_chars=0)",OSSINING V WATER DEPT LAB INDIAN BROOK,True,HQ Lab @ OSSINING V WATER DEPT LAB INDIAN BROOK,41.1628731,-73.8615246,google_approximate,"Ossining, NY, USA"
ENT-000860,1,env_labs_standardized.csv,OSWEGO WATER TREATMENT PLANT LAB,,TNI01485,,OSWEGO,New York,,,env_labs,,,,,,,,,,,search_found_nothing,found_via_fallback_search,no_website_cannot_check_pages,no_website_cannot_check_pages,no_website_cannot_check_pages,no_website_cannot_check_pages,OSWEGO WATER TREATMENT PLANT LAB,True,HQ Lab @ OSWEGO WATER TREATMENT PLANT LAB,43.45531330000001,-76.51155109999999,google_approximate,"Oswego, NY, USA"
ENT-000861,1,env_labs_standardized.csv,OTISCO WATER TREATMENT PLANT,,TNI01628,,MARCELLUS,New York,,,env_labs,https://www.ocwa.org/,,,,,,,,,,found_via_search,found_via_fallback_search,"no_pages_fetched_ok (pages_checked=1,fetched_ok=0,total_text_chars=0)","no_pages_fetched_ok (pages_checked=1,fetched_ok=0,total_text_chars=0)","no_pages_fetched_ok (pages_checked=1,fetched_ok=0,total_text_chars=0)","no_pages_fetched_ok (pages_checked=1,fetched_ok=0,total_text_chars=0)",OTISCO WATER TREATMENT PLANT,True,HQ Lab @ OTISCO WATER TREATMENT PLANT,42.9828438,-76.3404867,google_approximate,"Marcellus, NY 13108, USA"
ENT-000862,1,env_labs_standardized.csv,Ott Story MDEQ Superfund Site Laboratory,,TNI02492,500 Agard Rd,N Muskegon,Michigan,,,env_labs,,,,,,,,,,,search_found_nothing,found_via_fallback_search,no_website_cannot_check_pages,no_website_cannot_check_pages,no_website_cannot_check_pages,no_website_cannot_check_pages,Ott Story MDEQ Superfund Site Laboratory,True,HQ Lab @ Ott Story MDEQ Superfund Site Laboratory,43.3020045,-86.25213749999999,google_rooftop,"500 Agard Rd, Muskegon, MI 49445, USA"
ENT-000863,1,env_labs_standardized.csv,Otto Analytical Lab LLC,,TNI02716,,Lebanon,Oregon,,,env_labs,,,,,,,,,,,search_found_nothing,no_website_fallback_search_failed,no_website_cannot_check_pages,no_website_cannot_check_pages,no_website_cannot_check_pages,no_website_cannot_check_pages,Otto Analytical Lab,True,HQ Lab @ Otto Analytical Lab,44.53651190000001,-122.9070339,google_approximate,"Lebanon, OR 97355, USA"
ENT-000864,1,env_labs_standardized.csv,PA DEP BUREAU OF LABORATORIES,,TNI01349,,HARRISBURG,Pennsylvania,,,env_labs,https://www.pa.gov/agencies/dep/programs-and-services/bureau-of-labs,"Abiola Obaweya, MS, MPH",oobaweya@pa.gov,,,,,,no_explicit_gmp,False,found_via_search,found_via_fallback_search,found_via_fallback_search,found_via_fallback_search,extracted,"checked_pages_not_found (pages_checked=8,fetched_ok=8,total_text_chars=105142)",PA DEP BUREAU OF LABORATORIES,True,HQ Lab @ PA DEP BUREAU OF LABORATORIES,40.2731911,-76.8867008,google_approximate,"Harrisburg, PA, USA"
ENT-000865,1,env_labs_standardized.csv,"Pace Analytical - Grand Rapids, MI",,TNI00611,4171 40th Street SE,Kentwood,Michigan,,,env_labs,https://www.pacelabs.com/,Jennifer Rice,jennifer.rice@pacelabs.com,,,,,,explicit_gmp,True,found_via_search,found_via_fallback_search,found_via_fallback_search,found_via_fallback_search,found_via_fallback_search,extracted,Pace Analytical Grand Rapids MI,True,HQ Lab @ Pace Analytical Grand Rapids MI,42.8919292,-85.5633016,google_rooftop,"4171 40th St SE, Kentwood, MI 49512, USA"
ENT-000866,1,env_labs_standardized.csv,Pace Analytical National - Las Vegas,,TNI02891,,Las Vegas,Nevada,,,env_labs,https://www.pacelabs.com/,,,,,,,,explicit_gmp,True,found_via_search,found_via_fallback_search,"checked_pages_not_found (pages_checked=8,fetched_ok=8,total_text_chars=93757)","checked_pages_not_found (pages_checked=8,fetched_ok=8,total_text_chars=93757)",extracted,extracted,Pace Analytical National,True,HQ Lab @ Pace Analytical National,36.171563,-115.1391009,google_approximate,"Las Vegas, NV, USA"
ENT-000867,1,env_labs_standardized.csv,Pace Analytical National Center for Testing & Innovation,,TNI01354,,Mount Juliet,Tennessee,,,env_labs,https://www.pacelabs.com/,,,,,,,,explicit_gmp,True,found_via_search,found_via_fallback_search,"checked_pages_not_found (pages_checked=8,fetched_ok=8,total_text_chars=93757)","checked_pages_not_found (pages_checked=8,fetched_ok=8,total_text_chars=93757)",extracted,extracted,Pace Analytical National Center for Testing Innovation,True,HQ Lab @ Pace Analytical National Center for Testing Innovation,36.200055,-86.5186054,google_approximate,"Mt. Juliet, TN, USA"
ENT-000868,1,env_labs_standardized.csv,Pace Analytical National Center for Testing & Innovation - Davis,,TNI01222,660 Bercut Drive,Sacramento,California,,,env_labs,https://www.pacelabs.com/,,,,,,,,explicit_gmp,True,found_via_search,found_via_fallback_search,"checked_pages_not_found (pages_checked=8,fetched_ok=8,total_text_chars=93757)","checked_pages_not_found (pages_checked=8,fetched_ok=8,total_text_chars=93757)",extracted,extracted,Pace Analytical National Center for Testing Innovation Davis,True,HQ Lab @ Pace Analytical National Center for Testing Innovation Davis,38.59998849999999,-121.4984088,google_rooftop,"660 Bercut Dr, Sacramento, CA 95811, USA"
ENT-000869,1,env_labs_standardized.csv,Pace Analytical Services - Tampa,,TNI00571,110 S Bayview Blvd,Oldsmar,Florida,,,env_labs,https://www.pacelabs.com/,,,,,,,,explicit_gmp,True,found_via_search,found_via_fallback_search,"checked_pages_not_found (pages_checked=8,fetched_ok=8,total_text_chars=93757)","checked_pages_not_found (pages_checked=8,fetched_ok=8,total_text_chars=93757)",extracted,extracted,Pace Analytical Services Tampa,True,HQ Lab @ Pace Analytical Services Tampa,28.0390329,-82.66849429999999,google_rooftop,"110 S Bayview Blvd, Oldsmar, FL 34677, USA"
ENT-000870,1,env_labs_standardized.csv,Pace Analytical Services LLC  New Orleans,,TNI01398,,St. Rose,Louisiana,,,env_labs,https://www.pacelabs.com/,Jenny Snipes,jenny.snipes@pacelabs.com,,,,,,explicit_gmp,True,found_via_search,found_via_fallback_search,found_via_fallback_search,found_via_fallback_search,extracted,extracted,Pace Analytical Services,False,St. Rose Lab @ Pace Analytical Services,29.9468716,-90.3231349,google_approximate,"St Rose, LA, USA"
ENT-000871,1,env_labs_standardized.csv,Pace Analytical Services LLC - Greensburg PA,,TNI02141,,Greensburg,Pennsylvania,,,env_labs,https://www.pacelabs.com/,Nasreen K. DeRubeis,nasreen.derubeis@pacelabs.com,,,,,,explicit_gmp,True,found_via_search,found_via_fallback_search,found_via_fallback_search,found_via_fallback_search,extracted,extracted,Pace Analytical Services,False,Greensburg Lab @ Pace Analytical Services,40.3014581,-79.5389289,google_approximate,"Greensburg, PA 15601, USA"
ENT-000872,1,env_labs_standardized.csv,PACE ANALYTICAL SERVICES LLC - MA,,TNI01060,,WOBURN,Massachusetts,,,env_labs,https://www.pacelabs.com/,Aimee Cormier,,,,,,,explicit_gmp,True,found_via_search,extracted,found_via_fallback_search,"checked_pages_not_found (pages_checked=8,fetched_ok=8,total_text_chars=93757)",extracted,extracted,PACE ANALYTICAL SERVICES,False,Woburn Lab @ PACE ANALYTICAL SERVICES,42.4792618,-71.1522765,google_approximate,"Woburn, MA, USA"
ENT-000873,1,env_labs_standardized.csv,"Pace Analytical Services LLC - Williamsport, PA",,TNI02269,2829 Reach Road,Williamsport,Pennsylvania,,,env_labs,https://www.pacelabs.com/,Samantha Merrill,samantha.merrill@pacelabs.com,,,,,,explicit_gmp,True,found_via_search,found_via_fallback_search,found_via_fallback_search,found_via_fallback_search,extracted,extracted,Pace Analytical Services,False,Williamsport Lab @ Pace Analytical Services,41.2249466,-77.066103,google_rooftop,"2829 Reach Rd, Williamsport, PA 17701, USA"
ENT-000874,1,env_labs_standardized.csv,Pace Analytical Services LLC Baton Rouge,,TNI01376,,Baton Rouge,Louisiana,,,env_labs,https://www.pacelabs.com/,,,,,,,,no_explicit_gmp,True,found_via_search,found_via_fallback_search,"checked_pages_not_found (pages_checked=8,fetched_ok=8,total_text_chars=93757)","checked_pages_not_found (pages_checked=8,fetched_ok=8,total_text_chars=93757)",extracted,extracted,Pace Analytical Services,False,Baton Rouge Lab @ Pace Analytical Services,30.4514677,-91.18714659999999,google_approximate,"Baton Rouge, LA, USA"
ENT-000875,1,env_labs_standardized.csv,PACE ANALYTICAL SERVICES LLC MANSFIELD MA (120 FORBES),,TNI02820,,MANSFIELD,Massachusetts,,,env_labs,https://www.pacelabs.com/,,,,,,,,explicit_gmp,True,found_via_search,found_via_fallback_search,"checked_pages_not_found (pages_checked=8,fetched_ok=8,total_text_chars=93757)","checked_pages_not_found (pages_checked=8,fetched_ok=8,total_text_chars=93757)",found_via_fallback_search,extracted,PACE ANALYTICAL SERVICES,False,Mansfield Lab @ PACE ANALYTICAL SERVICES,42.03345650000001,-71.2190578,google_approximate,"Mansfield, MA, USA"
ENT-000876,1,env_labs_standardized.csv,"Pace Analytical Services, Inc - Frontenac",,TNI02535,808 West McKay,Frontenac,Kansas,,,env_labs,https://www.pacelabs.com/,,,,,,,,explicit_gmp,True,found_via_search,extracted,"checked_pages_not_found (pages_checked=8,fetched_ok=8,total_text_chars=93757)","checked_pages_not_found (pages_checked=8,fetched_ok=8,total_text_chars=93757)",extracted,extracted,Pace Analytical Services,False,Frontenac Lab @ Pace Analytical Services,37.4554741,-94.70689999999999,google_geometric_center,"808 W McKay St, Frontenac, KS 66763, USA"
ENT-000877,1,env_labs_standardized.csv,"Pace Analytical Services, Inc - Indianapolis",,TNI02099,7726 Moller Rd,Indianapolis,Indiana,,,env_labs,https://www.pacelabs.com/,Kenneth Hunt,kenneth.hunt@pacelabs.com,,,,,,no_explicit_gmp,True,found_via_search,extracted,found_via_fallback_search,found_via_fallback_search,extracted,extracted,Pace Analytical Services,False,Indianapolis Lab @ Pace Analytical Services,39.8935165,-86.2566141,google_rooftop,"7726 Moller Rd, Indianapolis, IN 46268, USA"
ENT-000878,1,env_labs_standardized.csv,"Pace Analytical Services, Inc. - Salina",,TNI01935,528 North 9th Street,Salina,Kansas,,,env_labs,https://www.pacelabs.com/,,,,,,,,explicit_gmp,True,found_via_search,extracted,"checked_pages_not_found (pages_checked=8,fetched_ok=8,total_text_chars=93757)","checked_pages_not_found (pages_checked=8,fetched_ok=8,total_text_chars=93757)",extracted,extracted,Pace Analytical Services,False,Salina Lab @ Pace Analytical Services,38.850229,-97.612128,google_rooftop,"528 N 9th St, Salina, KS 67401, USA"
ENT-000879,1,env_labs_standardized.csv,"Pace Analytical Services, LLC - Altoona, PA",,TNI02189,2019 Ninth Avenue,Altoona,Pennsylvania,,,env_labs,https://www.pacelabs.com/,Amanda Dutko,amanda.dutko@pacelabs.com,,,,,,no_explicit_gmp,True,found_via_search,found_via_fallback_search,found_via_fallback_search,found_via_fallback_search,extracted,extracted,Pace Analytical Services,False,Altoona Lab @ Pace Analytical Services,40.506449,-78.4050491,google_rooftop,"2019 9th Ave, Altoona, PA 16602, USA"
ENT-000880,1,env_labs_standardized.csv,"Pace Analytical Services, LLC - Asheville NC",,TNI00524,2225 Riverside Dr,Asheville,North Carolina,,,env_labs,https://www.pacelabs.com/,,ariel.fitzgerald@pacelabs.com,,,,,,explicit_gmp,True,found_via_search,found_via_fallback_search,"checked_pages_not_found (pages_checked=8,fetched_ok=8,total_text_chars=93757)",found_via_fallback_search,found_via_fallback_search,extracted,Pace Analytical Services,False,Asheville Lab @ Pace Analytical Services,35.6444069,-82.5985285,google_rooftop,"2225 Riverside Dr, Asheville, NC 28804, USA"
ENT-000881,1,env_labs_standardized.csv,"Pace Analytical Services, LLC - Beaver WV",,TNI00546,225 Industrial Park Road,Beaver,West Virginia,,,env_labs,https://www.pacelabs.com/,Eric Lynn,eric.lynn@pacelabs.com,,,,,,explicit_gmp,True,found_via_search,found_via_fallback_search,found_via_fallback_search,found_via_fallback_search,extracted,extracted,Pace Analytical Services,False,Beaver Lab @ Pace Analytical Services,37.7892597,-81.1184009,google_geometric_center,"225 Industrial Park Rd, Beaver, WV 25813, USA"
ENT-000882,1,env_labs_standardized.csv,"Pace Analytical Services, LLC - Dallas, TX",,TNI00038,"400 W Bethany Drive, Suite 190",Allen,Texas,,,env_labs,https://www.pacelabs.com/,,cindy.varga@pacelabs.com,,,,,,explicit_gmp,True,found_via_search,found_via_fallback_search,"checked_pages_not_found (pages_checked=8,fetched_ok=8,total_text_chars=93757)",found_via_fallback_search,extracted,extracted,Pace Analytical Services,False,Allen Lab @ Pace Analytical Services,33.0918952,-96.6764793,google_rooftop,"400 W Bethany Dr #190, Allen, TX 75013, USA"
ENT-000883,1,env_labs_standardized.csv,"Pace Analytical Services, LLC - Duluth, MN",,TNI01090,,Duluth,Minnesota,,,env_labs,https://www.pacelabs.com/,,,,,,,,explicit_gmp,True,found_via_search,found_via_fallback_search,"checked_pages_not_found (pages_checked=8,fetched_ok=8,total_text_chars=93757)","checked_pages_not_found (pages_checked=8,fetched_ok=8,total_text_chars=93757)",extracted,extracted,Pace Analytical Services,False,Duluth Lab @ Pace Analytical Services,46.7844571,-92.1055411,google_approximate,"Duluth, MN, USA"
ENT-000884,1,env_labs_standardized.csv,"PACE ANALYTICAL SERVICES, LLC - EAST LONGMEADOW, MA",,TNI01620,,EAST LONGMEADOW,Massachusetts,,,env_labs,https://www.pacelabs.com/,Lawton William Averill,,,,,,,no_explicit_gmp,True,found_via_search,found_via_fallback_search,found_via_fallback_search,"checked_pages_not_found (pages_checked=8,fetched_ok=8,total_text_chars=93757)",extracted,extracted,PACE ANALYTICAL SERVICES,False,East Longmeadow Lab @ PACE ANALYTICAL SERVICES,42.0645396,-72.5125863,google_approximate,"East Longmeadow, MA 01028, USA"
ENT-000885,1,env_labs_standardized.csv,"Pace Analytical Services, LLC - Eden NC",,TNI01252,,Eden,North Carolina,,,env_labs,,,,,,,,,,,search_found_nothing,found_via_fallback_search,no_website_cannot_check_pages,no_website_cannot_check_pages,no_website_cannot_check_pages,no_website_cannot_check_pages,Pace Analytical Services,False,Eden Lab @ Pace Analytical Services,36.4884715,-79.7667026,google_approximate,"Eden, NC 27288, USA"
ENT-000886,1,env_labs_standardized.csv,"Pace Analytical Services, LLC - Englewood, OH",,TNI02534,25 Holiday Drive,Englewood,Ohio,,,env_labs,https://www.pacelabs.com/,Kevin Custer,kevin.custer@pacelabs.com,,,,,,explicit_gmp,True,found_via_search,found_via_fallback_search,found_via_fallback_search,found_via_fallback_search,extracted,extracted,Pace Analytical Services,False,Englewood Lab @ Pace Analytical Services,39.8610753,-84.2886273,google_rooftop,"25 Holiday Dr, Englewood, OH 45322, USA"
ENT-000887,1,env_labs_standardized.csv,"Pace Analytical Services, LLC - Erie",,TNI02647,1168 Whigham Place,Erie,Pennsylvania,,,env_labs,https://www.pacelabs.com/,,,,,,,,explicit_gmp,True,found_via_search,extracted,"checked_pages_not_found (pages_checked=8,fetched_ok=8,total_text_chars=93757)","checked_pages_not_found (pages_checked=8,fetched_ok=8,total_text_chars=93757)",extracted,extracted,Pace Analytical Services,False,Erie Lab @ Pace Analytical Services,42.1290386,-80.0849716,google_approximate,"Erie, PA, USA"
ENT-000888,1,env_labs_standardized.csv,"PACE ANALYTICAL SERVICES, LLC - EWING",,TNI02425,,EWING,New Jersey,,,env_labs,https://www.pacelabs.com/,,,,,,,,explicit_gmp,True,found_via_search,found_via_fallback_search,"checked_pages_not_found (pages_checked=8,fetched_ok=8,total_text_chars=93757)","checked_pages_not_found (pages_checked=8,fetched_ok=8,total_text_chars=93757)",found_via_fallback_search,extracted,PACE ANALYTICAL SERVICES,False,Ewing Lab @ PACE ANALYTICAL SERVICES,40.2770556,-74.7805119,google_approximate,"Ewing Township, NJ, USA"
ENT-000889,1,env_labs_standardized.csv,"Pace Analytical Services, LLC - Greenville SC",,TNI00272,Pace Analytical Locations,Greenville,South Carolina,,,env_labs,https://www.pacelabs.com/,,,,,,,,no_explicit_gmp,True,found_via_search,extracted,"checked_pages_not_found (pages_checked=8,fetched_ok=8,total_text_chars=93757)","checked_pages_not_found (pages_checked=8,fetched_ok=8,total_text_chars=93757)",extracted,extracted,Pace Analytical Services,False,Greenville Lab @ Pace Analytical Services,34.8449114,-82.3284515,google_rooftop,"120 Halton Rd #13, Greenville, SC 29607, USA"
ENT-000890,1,env_labs_standardized.csv,"Pace Analytical Services, LLC - Huntersville NC",,TNI00525,,Huntersville,North Carolina,,,env_labs,https://www.pacelabs.com/,,,,,,,,explicit_gmp,True,found_via_search,found_via_fallback_search,"checked_pages_not_found (pages_checked=8,fetched_ok=8,total_text_chars=93757)","checked_pages_not_found (pages_checked=8,fetched_ok=8,total_text_chars=93757)",extracted,extracted,Pace Analytical Services,False,Huntersville Lab @ Pace Analytical Services,35.41107,-80.84271199999999,google_approximate,"Huntersville, NC 28078, USA"
ENT-000891,1,env_labs_standardized.csv,"Pace Analytical Services, LLC - Kentucky - Pikeville",,TNI02490,,Pikeville,Kentucky,,,env_labs,https://www.pacelabs.com/,,,,,,,,no_explicit_gmp,True,found_via_search,extracted,"checked_pages_not_found (pages_checked=8,fetched_ok=8,total_text_chars=93757)","checked_pages_not_found (pages_checked=8,fetched_ok=8,total_text_chars=93757)",extracted,extracted,Pace Analytical Services,False,Pikeville Lab @ Pace Analytical Services,37.4792672,-82.5187629,google_approximate,"Pikeville, KY 41501, USA"
ENT-000892,1,env_labs_standardized.csv,"Pace Analytical Services, LLC - Lenexa KS",,TNI01917,9608 Loiret Boulevard,Lenexa,Kansas,,,env_labs,https://www.pacelabs.com/company/,,,,,,,,explicit_gmp,True,found_via_search,extracted,"checked_pages_not_found (pages_checked=8,fetched_ok=8,total_text_chars=86886)","checked_pages_not_found (pages_checked=8,fetched_ok=8,total_text_chars=86886)",extracted,extracted,Pace Analytical Services,False,Lenexa Lab @ Pace Analytical Services,38.953873,-94.77085749999999,google_rooftop,"9608 Loiret Blvd, Lenexa, KS 66219, USA"
ENT-000893,1,env_labs_standardized.csv,"Pace Analytical Services, LLC - Lexington VA",,TNI00548,2456 Fortune Dr Suite 155,Lexington,Virginia,,,env_labs,https://www.pacelabs.com/,,,,,,,,explicit_gmp,True,found_via_search,extracted,"checked_pages_not_found (pages_checked=8,fetched_ok=8,total_text_chars=93757)","checked_pages_not_found (pages_checked=8,fetched_ok=8,total_text_chars=93757)",found_via_fallback_search,extracted,Pace Analytical Services,False,Lexington Lab @ Pace Analytical Services,38.033867,-84.44517619999999,google_rooftop,"2456 Fortune Dr #155, Lexington, KY 40509, USA"
ENT-000894,1,env_labs_standardized.csv,"Pace Analytical Services, LLC - Madisonville",,TNI02188,825 Industrial Rd,Madisonville,Kentucky,,,env_labs,https://www.pacelabs.com/,,,,,,,,no_explicit_gmp,True,found_via_search,extracted,"checked_pages_not_found (pages_checked=8,fetched_ok=8,total_text_chars=93757)","checked_pages_not_found (pages_checked=8,fetched_ok=8,total_text_chars=93757)",extracted,extracted,Pace Analytical Services,False,Madisonville Lab @ Pace Analytical Services,37.3650689,-87.5477105,google_rooftop,"825 Industrial Rd, Madisonville, KY 42431, USA"
ENT-000895,1,env_labs_standardized.csv,"PACE ANALYTICAL SERVICES, LLC - MELVILLE, NY",,TNI01559,575 Broad Hollow Road,MELVILLE,New York,,,env_labs,https://www.pacelabs.com/,,,,,,,,no_explicit_gmp,True,found_via_search,found_via_fallback_search,"checked_pages_not_found (pages_checked=8,fetched_ok=8,total_text_chars=93757)","checked_pages_not_found (pages_checked=8,fetched_ok=8,total_text_chars=93757)",extracted,extracted,PACE ANALYTICAL SERVICES,False,Melville Lab @ PACE ANALYTICAL SERVICES,40.7619147,-73.4220661,google_rooftop,"575 Broadhollow Rd, Melville, NY 11747, USA"
ENT-000896,1,env_labs_standardized.csv,"Pace Analytical Services, LLC - Minneapolis MN",,TNI00223,,Minneapolis,Minnesota,,,env_labs,https://www.pacelabs.com/,Charity Nolan,charity.nowlan@pacelabs.com,,,,,,explicit_gmp,True,found_via_search,found_via_fallback_search,found_via_fallback_search,found_via_fallback_search,extracted,extracted,Pace Analytical Services,False,Minneapolis Lab @ Pace Analytical Services,44.977753,-93.2650108,google_approximate,"Minneapolis, MN, USA"
ENT-000897,1,env_labs_standardized.csv,"Pace Analytical Services, LLC - Ormond Beach FL",,TNI00527,8 East Tower Circle,Ormond Beach,Florida,,,env_labs,https://www.pacelabs.com/,Lynn Baylor,Lynn.Baylor@pacelabs.com,,,,,,explicit_gmp,True,found_via_search,extracted,found_via_fallback_search,found_via_fallback_search,found_via_fallback_search,extracted,Pace Analytical Services,False,Ormond Beach Lab @ Pace Analytical Services,29.2954879,-81.12190439999999,google_rooftop,"8 Tower Cir W, Ormond Beach, FL 32174, USA"
ENT-000898,1,env_labs_standardized.csv,"Pace Analytical Services, LLC - Sheridan, WY",,TNI02261,,Sheridan,Wyoming,,,env_labs,https://www.pacelabs.com/,Amy Eady,amy.eady@pacelabs.com,,,,,,no_explicit_gmp,True,found_via_search,found_via_fallback_search,found_via_fallback_search,found_via_fallback_search,extracted,extracted,Pace Analytical Services,False,Sheridan Lab @ Pace Analytical Services,44.7971939,-106.9561791,google_approximate,"Sheridan, WY 82801, USA"
ENT-000899,1,env_labs_standardized.csv,"Pace Analytical Services, LLC - Springfield, MO",,TNI02780,1805 W. Sunset St.,Springfield,Missouri,,,env_labs,https://www.pacelabs.com/,Janet Clutters,janet.clutters@pacelabs.com,,,,,,no_explicit_gmp,True,found_via_search,found_via_fallback_search,found_via_fallback_search,found_via_fallback_search,extracted,extracted,Pace Analytical Services,False,Springfield Lab @ Pace Analytical Services,37.1670995,-93.3174105,google_rooftop,"1805 W Sunset St, Springfield, MO 65807, USA"
ENT-000900,1,env_labs_standardized.csv,"Pace Analytical Services, LLC - Virginia MN",,TNI02156,"315 Chestnut St, PO Box 1212",Virginia,Minnesota,,,env_labs,https://www.pacelabs.com/,Sarah Cherney,sarah.cherney@pacelabs.com,,,,,,explicit_gmp,True,found_via_search,found_via_fallback_search,found_via_fallback_search,found_via_fallback_search,extracted,extracted,Pace Analytical Services,False,Virginia Lab @ Pace Analytical Services,47.5234483,-92.5355991,google_rooftop,"315 Chestnut St, Virginia, MN 55792, USA"
ENT-000901,1,env_labs_standardized.csv,"Pace Analytical Services, LLC - West Columbia SC",,TNI00560,,West Columbia,South Carolina,,,env_labs,https://www.pacelabs.com/,,brooke.speers@pacelabs.com,,,,,,explicit_gmp,True,found_via_search,found_via_fallback_search,"checked_pages_not_found (pages_checked=8,fetched_ok=8,total_text_chars=93757)",found_via_fallback_search,extracted,extracted,Pace Analytical Services,False,West Columbia Lab @ Pace Analytical Services,33.9934867,-81.0739825,google_approximate,"West Columbia, SC, USA"
ENT-000902,1,env_labs_standardized.csv,"Pace Analytical Services, LLC - Wysox",,TNI02601,,Wysox,Pennsylvania,,,env_labs,https://www.pacelabs.com/,,,,,,,,explicit_gmp,True,found_via_search,extracted,"checked_pages_not_found (pages_checked=8,fetched_ok=8,total_text_chars=93757)","checked_pages_not_found (pages_checked=8,fetched_ok=8,total_text_chars=93757)",extracted,extracted,Pace Analytical Services,False,Wysox Lab @ Pace Analytical Services,41.7745194,-76.3993837,google_approximate,"Wysox, PA 18854, USA"
ENT-000903,1,env_labs_standardized.csv,"Pace Analytical Services, LLC -- Bakersfield",,TNI02286,4100 Atlas Court,Bakersfield,California,,,env_labs,https://www.pacelabs.com/,,,,,,,,explicit_gmp,True,found_via_search,extracted,"checked_pages_not_found (pages_checked=8,fetched_ok=8,total_text_chars=93757)","checked_pages_not_found (pages_checked=8,fetched_ok=8,total_text_chars=93757)",found_via_fallback_search,extracted,Pace Analytical Services,False,Bakersfield Lab @ Pace Analytical Services,35.4043851,-119.0483565,google_geometric_center,"4100 Atlas Ct, Bakersfield, CA 93308, USA"
ENT-000904,1,env_labs_standardized.csv,"Pace Analytical Services, LLC – Hazelwood, Missouri",,TNI02102,944 Anglum Rd.,Hazelwood,Missouri,,,env_labs,https://www.pacelabs.com/company/lab-results/mo-hazelwood-laboratory/,,,,,,,,explicit_gmp,True,found_via_search,extracted,"checked_pages_not_found (pages_checked=8,fetched_ok=8,total_text_chars=84563)","checked_pages_not_found (pages_checked=8,fetched_ok=8,total_text_chars=84563)",found_via_fallback_search,extracted,Pace Analytical Services,False,Hazelwood Lab @ Pace Analytical Services,38.77338719999999,-90.39345940000001,google_rooftop,"944 Anglum Rd, Hazelwood, MO 63042, USA"
ENT-000905,1,env_labs_standardized.csv,"Pace Analytical Services, LLC – McHenry, Illinois",,TNI02036,4314-A Crystal Lake Rd.,McHenry,Illinois,,,env_labs,https://www.pacelabs.com/,Ms. Penny Janus,penny.janus@pacelabs.com,,,,,,no_explicit_gmp,True,found_via_search,extracted,found_via_fallback_search,found_via_fallback_search,extracted,extracted,Pace Analytical Services,False,Mchenry Lab @ Pace Analytical Services,42.3407381,-88.28433419999999,google_rooftop,"4314 W Crystal Lake Rd STE A, McHenry, IL 60050, USA"
ENT-000906,1,env_labs_standardized.csv,"Pace Analytical Services, LLC- Atlanta GA",,TNI00271,,Peachtree Corners,Georgia,,,env_labs,https://www.pacelabs.com/,,maiya.parks@pacelabs.com,,,,,,explicit_gmp,True,found_via_search,found_via_fallback_search,"checked_pages_not_found (pages_checked=8,fetched_ok=8,total_text_chars=93757)",found_via_fallback_search,extracted,extracted,Pace Analytical Services,False,Peachtree Corners Lab @ Pace Analytical Services,33.9560768,-84.23216169999999,google_approximate,"Peachtree Corners, GA, USA"
ENT-000907,1,env_labs_standardized.csv,"Pace Analytical Services, LLC- Green Bay WI",,TNI00523,"1241 Bellevue St, Suite 9",Green Bay,Wisconsin,,,env_labs,https://www.pacelabs.com/,,,,,,,,explicit_gmp,True,found_via_search,found_via_fallback_search,"checked_pages_not_found (pages_checked=8,fetched_ok=8,total_text_chars=93757)","checked_pages_not_found (pages_checked=8,fetched_ok=8,total_text_chars=93757)",found_via_fallback_search,extracted,Pace Analytical Services,False,Green Bay Lab @ Pace Analytical Services,44.4867976,-87.9940142,google_rooftop,"1241 Bellevue St #9, Green Bay, WI 54302, USA"
ENT-000908,1,env_labs_standardized.csv,"PACE ANALYTICAL SERVICES, LLC-FAIRFIELD",,TNI01277,,FAIRFIELD,New Jersey,,,env_labs,https://www.pacelabs.com/,,,,,,,,explicit_gmp,True,found_via_search,found_via_fallback_search,"checked_pages_not_found (pages_checked=8,fetched_ok=8,total_text_chars=93757)","checked_pages_not_found (pages_checked=8,fetched_ok=8,total_text_chars=93757)",extracted,extracted,PACE ANALYTICAL SERVICES,False,Fairfield Lab @ PACE ANALYTICAL SERVICES,40.8681844,-74.31161949999999,google_approximate,"Fairfield, NJ, USA"
ENT-000909,1,env_labs_standardized.csv,"Pace Analytical Services, LLC-Indiana",,TNI02271,7726 Moller Rd,Indiana,Pennsylvania,,,env_labs,https://www.pacelabs.com/,,,,,,,,no_explicit_gmp,True,found_via_search,extracted,"checked_pages_not_found (pages_checked=8,fetched_ok=8,total_text_chars=93757)","checked_pages_not_found (pages_checked=8,fetched_ok=8,total_text_chars=93757)",extracted,extracted,Pace Analytical Services,False,Indiana Lab @ Pace Analytical Services,40.6628223,-79.1306202,google_geometric_center,"Muller Rd, White Township, PA 15701, USA"
ENT-000910,1,env_labs_standardized.csv,"PACE ANALYTICAL SERVICES, LLC-NEWBURGH",,TNI01452,,NEWBURGH,New York,,,env_labs,https://www.pacelabs.com/,,,,,,,,explicit_gmp,True,found_via_search,found_via_fallback_search,"checked_pages_not_found (pages_checked=8,fetched_ok=8,total_text_chars=93757)","checked_pages_not_found (pages_checked=8,fetched_ok=8,total_text_chars=93757)",extracted,extracted,PACE ANALYTICAL SERVICES,False,Newburgh Lab @ PACE ANALYTICAL SERVICES,41.5034271,-74.0104178,google_approximate,"Newburgh, NY 12550, USA"
ENT-000911,1,env_labs_standardized.csv,"Pace Analytical Services, LLC-Pompano FL",,TNI00439,3610 Park Central Blvd North,Pompano Beach,Florida,,,env_labs,https://www.pacelabs.com/,Christina Raschke,christina.raschke@pacelabs.com,,,,,,explicit_gmp,True,found_via_search,extracted,found_via_fallback_search,found_via_fallback_search,found_via_fallback_search,extracted,Pace Analytical Services,False,Pompano Beach Lab @ Pace Analytical Services,26.2675341,-80.14342529999999,google_rooftop,"3610 Park Central Blvd N, Pompano Beach, FL 33064, USA"
ENT-000912,1,env_labs_standardized.csv,"Pace Analytical Services, LLC.- Peoria",,TNI02044,2231 W. Altorfer Dr.,Peoria,Illinois,,,env_labs,https://www.pacelabs.com/,Ms. Samantha Workman,samantha.workman@pacelabs.com,,,,,,explicit_gmp,True,found_via_search,extracted,found_via_fallback_search,found_via_fallback_search,extracted,extracted,Pace Analytical Services,False,Peoria Lab @ Pace Analytical Services,40.788276,-89.6254576,google_rooftop,"2231 W Altorfer Dr, Peoria, IL 61615, USA"
ENT-000913,1,env_labs_standardized.csv,"PACE ANALYTICAL SERVICES,LLC-BALLSTON SPA",,TNI01720,"27 Kent St, Suite 102",BALLSTON SPA,New York,,,env_labs,https://www.pacelabs.com/,,,,,,,,explicit_gmp,True,found_via_search,found_via_fallback_search,"checked_pages_not_found (pages_checked=8,fetched_ok=8,total_text_chars=93757)","checked_pages_not_found (pages_checked=8,fetched_ok=8,total_text_chars=93757)",extracted,extracted,PACE ANALYTICAL SERVICES,False,Ballston Spa Lab @ PACE ANALYTICAL SERVICES,43.00850399999999,-73.84666750000001,google_rooftop,"27 Kent St #102, Ballston Spa, NY 12020, USA"
ENT-000914,1,env_labs_standardized.csv,PACE ANALYTICALSERVICES LLC WESTBOROUGH MA,,TNI01316,8 Walkup Drive,WESTBOROUGH,Massachusetts,,,env_labs,https://www.pacelabs.com/,,,,,,,,explicit_gmp,True,found_via_search,found_via_fallback_search,"checked_pages_not_found (pages_checked=8,fetched_ok=8,total_text_chars=93757)","checked_pages_not_found (pages_checked=8,fetched_ok=8,total_text_chars=93757)",extracted,extracted,PACE ANALYTICALSERVICES,True,HQ Lab @ PACE ANALYTICALSERVICES,42.2743367,-71.56878379999999,google_rooftop,"8 Walkup Dr, Westborough, MA 01581, USA"
ENT-000915,1,env_labs_standardized.csv,PacGenomics Environmental Division Laboratory,,TNI03061,28222 Agoura Road Suite 200,Agoura Hills,California,,,env_labs,https://pacgenomics.com/,Robert Snyder,info@pacgenomics.com,,,,,,no_explicit_gmp,True,found_via_search,extracted,extracted,extracted,extracted,extracted,PacGenomics Environmental Division Laboratory,True,HQ Lab @ PacGenomics Environmental Division Laboratory,34.1405471,-118.7418344,google_rooftop,"28222 Agoura Rd #200, Agoura Hills, CA 91301, USA"
ENT-000916,1,env_labs_standardized.csv,Pacific EcoRisk,,TNI01225,2250 Cordelia Rd,Fairfield,California,,,env_labs,https://www.pacificecorisk.com/,Dr. Brant Jorgenson,info@pacificecorisk.com,,,,,,no_explicit_gmp,True,found_via_search,extracted,extracted,extracted,extracted,extracted,Pacific EcoRisk,False,Fairfield Lab @ Pacific EcoRisk,38.229794,-122.07078,google_rooftop,"2250 Cordelia Rd, Fairfield, CA 94534, USA"
ENT-000917,1,env_labs_standardized.csv,Pacific EcoRisk,,TNI02755,2250 Cordelia Rd,Fairfiled,California,,,env_labs,https://www.pacificecorisk.com/,Stephen Clark,info@pacificecorisk.com,,,,,,no_explicit_gmp,True,found_via_search,extracted,found_via_fallback_search,extracted,extracted,extracted,Pacific EcoRisk,False,Fairfiled Lab @ Pacific EcoRisk,38.229794,-122.07078,google_rooftop,"2250 Cordelia Rd, Fairfield, CA 94534, USA"
ENT-000918,1,env_labs_standardized.csv,"Pacific Rim Laboratories, Inc.",,TNI00529,"#103, 19575 - 55A Avenue",Surrey,British Columbia,,,env_labs,https://www.pacificrimlabs.com/,David Hope,info@pacificrimlabs.com,,,,,,no_explicit_gmp,True,found_via_search,extracted,extracted,extracted,extracted,extracted,Pacific Rim Laboratories,True,HQ Lab @ Pacific Rim Laboratories,38.7945952,-106.5348379,google_approximate,United States
ENT-000919,1,env_labs_standardized.csv,Pacific Water Analytics,,TNI02816,,Eugene,Oregon,,,env_labs,https://www.pacificwateranalytics.com/,,,,,,,,no_explicit_gmp,False,found_via_search,found_via_fallback_search,"checked_pages_not_found (pages_checked=2,fetched_ok=2,total_text_chars=403)","checked_pages_not_found (pages_checked=2,fetched_ok=2,total_text_chars=403)",extracted,"checked_pages_not_found (pages_checked=2,fetched_ok=2,total_text_chars=403)",Pacific Water Analytics,True,HQ Lab @ Pacific Water Analytics,44.052121,-123.0896705,google_approximate,"Eugene, OR, USA"
ENT-000920,1,env_labs_standardized.csv,Packaging Corporation of America - Valdosta Mill,,TNI00530,5495 Clyattville Lake Park Road,Valdosta,Georgia,,,env_labs,https://www.packagingcorp.com/,,,,,,,,,,found_via_search,found_via_fallback_search,"no_pages_fetched_ok (pages_checked=1,fetched_ok=0,total_text_chars=0)","no_pages_fetched_ok (pages_checked=1,fetched_ok=0,total_text_chars=0)","no_pages_fetched_ok (pages_checked=1,fetched_ok=0,total_text_chars=0)","no_pages_fetched_ok (pages_checked=1,fetched_ok=0,total_text_chars=0)",Packaging,True,HQ Lab @ Packaging,30.6962039,-83.3054432,google_geometric_center,"5495 Clyattville Lake Park Rd, Valdosta, GA 31601, USA"
ENT-000921,1,env_labs_standardized.csv,Palm Beach County Water Utilities,,TNI00531,P.O. Box 24740,Delray Beach,Florida,,,env_labs,https://discover.pbcgov.org/waterutilities/Pages/default.aspx/1000,"Ali Bayat , P.E., PMP, Department Director",pretreatment@pbcwater.com,,,,,,no_explicit_gmp,False,found_via_search,extracted,extracted,extracted,extracted,"checked_pages_not_found (pages_checked=8,fetched_ok=8,total_text_chars=58669)",Palm Beach County Water Utilities,True,HQ Lab @ Palm Beach County Water Utilities,26.4638471,-80.0738334,google_approximate,"Delray Beach, FL, USA"
ENT-000922,1,env_labs_standardized.csv,PANEK LABORATORY LLC DBA JLI ENVIRONMENTAL LABORATORIES,,TNI01434,,AUBURN,New York,,,env_labs,,,,,,,,,,,search_found_nothing,found_via_fallback_search,no_website_cannot_check_pages,no_website_cannot_check_pages,no_website_cannot_check_pages,no_website_cannot_check_pages,PANEK LABORATORY,True,HQ Lab @ PANEK LABORATORY,42.9317335,-76.5660529,google_approximate,"Auburn, NY 13021, USA"
ENT-000923,1,env_labs_standardized.csv,PARADIGM ENVIRONMENTAL SERVICES INC,,TNI01631,179 Lake Avenue,ROCHESTER,New York,,,env_labs,https://paradigmenv.com/,Emily Farmen,info@paradigmenv.com,,,,,,no_explicit_gmp,True,found_via_search,extracted,found_via_fallback_search,extracted,extracted,extracted,PARADIGM ENVIRONMENTAL SERVICES,True,HQ Lab @ PARADIGM ENVIRONMENTAL SERVICES,43.1677119,-77.6260899,google_rooftop,"179 Lake Ave, Rochester, NY 14608, USA"
ENT-000924,1,env_labs_standardized.csv,"Paragon Laboratories, Inc.",,TNI02754,,Livonia,Michigan,,,env_labs,https://www.paragonlaboratories.com/,John Parmentier,johnp@paragonlaboratories.com,,,,,,,,found_via_search,found_via_fallback_search,found_via_fallback_search,found_via_fallback_search,"no_pages_fetched_ok (pages_checked=1,fetched_ok=0,total_text_chars=0)","no_pages_fetched_ok (pages_checked=1,fetched_ok=0,total_text_chars=0)",Paragon Laboratories,True,HQ Lab @ Paragon Laboratories,42.36837,-83.35270969999999,google_approximate,"Livonia, MI, USA"
ENT-000925,1,env_labs_standardized.csv,Pasco County Utilities Environmental Laboratory,,TNI00533,8731 Citizens Drive,New Port Richey,Florida,,,env_labs,https://www.pascocountyfl.net/,,customerservice@mypasco.net,,,,,,no_explicit_gmp,False,found_via_search,extracted,"checked_pages_not_found (pages_checked=8,fetched_ok=8,total_text_chars=56787)",extracted,extracted,"checked_pages_not_found (pages_checked=8,fetched_ok=8,total_text_chars=56787)",Pasco County Utilities Environmental Laboratory,True,HQ Lab @ Pasco County Utilities Environmental Laboratory,28.268154,-82.67015169999999,google_rooftop,"8731 Citizens Dr, New Port Richey, FL 34654, USA"
ENT-000926,1,env_labs_standardized.csv,PAUL SMITH'S COLLEGE ADIRONDACK WATERSHED INSTITUTE,,TNI02790,"Paul Smith’s College, PO Box 265, Routes 86 & 30",PAUL SMITHS,New York,,,env_labs,https://www.adkwatershed.org/,Maureen Cunningham,info@adkwatershed.org,,,,,,no_explicit_gmp,False,found_via_search,extracted,found_via_fallback_search,extracted,extracted,"checked_pages_not_found (pages_checked=4,fetched_ok=4,total_text_chars=23222)",PAUL SMITHS COLLEGE ADIRONDACK WATERSHED INSTITUTE,True,HQ Lab @ PAUL SMITHS COLLEGE ADIRONDACK WATERSHED INSTITUTE,44.4374506,-74.2530505,google_rooftop,"7777 NY-30, Paul Smiths, NY 12970, USA"
ENT-000927,1,env_labs_standardized.csv,Peace River Manasota Regional Water Supply Authority,,TNI02511,9415 Town Center Parkway,Arcadia,Florida,,,env_labs,https://regionalwater.org/,,PeaceRiver@RegionalWater.org,,,,,,no_explicit_gmp,False,found_via_search,extracted,"checked_pages_not_found (pages_checked=4,fetched_ok=3,total_text_chars=5493)",extracted,extracted,"checked_pages_not_found (pages_checked=4,fetched_ok=3,total_text_chars=5493)",Peace River Manasota Regional Water Supply Authority,True,HQ Lab @ Peace River Manasota Regional Water Supply Authority,27.3880715,-82.4363019,google_rooftop,"9415 Town Center Pkwy, Lakewood Ranch, FL 34202, USA"
ENT-000928,1,env_labs_standardized.csv,Pendleton Wastewater Treatment Plant,,TNI00225,4300 SW Houtama Road,Pendleton,Oregon,,,env_labs,https://www.pendletonor.gov/,kyle.willman [at] pendletonor.gov,kyle.willman [at] pendletonor.gov,,,,,,no_explicit_gmp,False,found_via_search,extracted,extracted,extracted,extracted,"checked_pages_not_found (pages_checked=8,fetched_ok=8,total_text_chars=46802)",Pendleton Wastewater Treatment Plant,True,HQ Lab @ Pendleton Wastewater Treatment Plant,45.66890979999999,-118.8366794,google_rooftop,"4300 SW Houtama Rd, Pendleton, OR 97801, USA"
ENT-000929,1,env_labs_standardized.csv,"Perma-Fix Analytical Services Laboratory - Perma-Fix of Florida, Inc.",,TNI02757,1940 N.W. 67th Pl.,Gainesville,Florida,,,env_labs,https://perma-fix.com/,Kevin Schmuggerow,kschmuggerow@perma-fix.com,,,,,,no_explicit_gmp,True,found_via_search,extracted,found_via_fallback_search,found_via_fallback_search,extracted,extracted,Perma Fix Analytical Services Laboratory Perma Fix of Florida,True,HQ Lab @ Perma Fix Analytical Services Laboratory Perma Fix of Florida,29.7168939,-82.34939829999999,google_rooftop,"1940 NW 67th Pl, Gainesville, FL 32653, USA"
ENT-000930,1,env_labs_standardized.csv,"Permian Basin Environmental Lab, LP",,TNI02209,1400 Rankin Hwy,Midland,Texas,,,env_labs,https://pbelab.com/,,info@pbelab.com,,,,,,no_explicit_gmp,True,found_via_search,extracted,"checked_pages_not_found (pages_checked=4,fetched_ok=4,total_text_chars=3170)",extracted,extracted,extracted,Permian Basin Environmental Lab,True,HQ Lab @ Permian Basin Environmental Lab,31.9829205,-102.0777479,google_rooftop,"1400 Rankin Hwy, Midland, TX 79701, USA"
ENT-000931,1,env_labs_standardized.csv,PGA Wastewater Treatment Facility - Seacoast Utility Authority,,TNI00536,4200 Hood Road,Palm Beach Gardens,Florida,,,env_labs,https://www.sua.com/,Rim Bishop,kazulay@sua.com,,,,,,no_explicit_gmp,False,found_via_search,extracted,found_via_fallback_search,extracted,extracted,"checked_pages_not_found (pages_checked=2,fetched_ok=2,total_text_chars=10138)",PGA Wastewater Treatment Facility Seacoast Utility Authority,True,HQ Lab @ PGA Wastewater Treatment Facility Seacoast Utility Authority,26.8633963,-80.0999859,google_rooftop,"4200 Hood Rd, Palm Beach Gardens, FL 33410, USA"
ENT-000932,1,env_labs_standardized.csv,Phase Separation Science Inc,,TNI02142,,Baltimore,Maryland,,,env_labs,https://www.phaseonline.com/,Cathy Thompson,cathyt@phaseonline.com,,,,,,,,found_via_search,found_via_fallback_search,found_via_fallback_search,found_via_fallback_search,"no_pages_fetched_ok (pages_checked=6,fetched_ok=0,total_text_chars=0)","no_pages_fetched_ok (pages_checked=6,fetched_ok=0,total_text_chars=0)",Phase Separation Science,True,HQ Lab @ Phase Separation Science,39.2905023,-76.6104072,google_approximate,"Baltimore, MD, USA"
ENT-000933,1,env_labs_standardized.csv,PHIGENICS ANALYTICAL SERVICES LABORATORY - FAYETTEVILLE,,TNI02788,"4375 North Vantage Drive, Suite A104",FAYETTEVILLE,Arkansas,,,env_labs,https://info.phigenics.com/,,aharrell@phigenics.com,,,,,,,,found_via_search,found_via_fallback_search,"no_pages_fetched_ok (pages_checked=1,fetched_ok=0,total_text_chars=0)",found_via_fallback_search,"no_pages_fetched_ok (pages_checked=1,fetched_ok=0,total_text_chars=0)","no_pages_fetched_ok (pages_checked=1,fetched_ok=0,total_text_chars=0)",PHIGENICS ANALYTICAL SERVICES LABORATORY,True,HQ Lab @ PHIGENICS ANALYTICAL SERVICES LABORATORY,36.1306085,-94.13809599999999,google_rooftop,"4375 N Vantage Dr a104, Fayetteville, AR 72703, USA"
ENT-000934,1,env_labs_standardized.csv,PHILIS Analytical Laboratory (PAL),,TNI02200,1230 Park Street,Castle Rock,Colorado,,,env_labs,,,,,,,,,,,search_found_nothing,found_via_fallback_search,no_website_cannot_check_pages,no_website_cannot_check_pages,no_website_cannot_check_pages,no_website_cannot_check_pages,PHILIS Analytical Laboratory PAL,True,HQ Lab @ PHILIS Analytical Laboratory PAL,39.3820297,-104.8659848,google_rooftop,"1230 Park St, Castle Rock, CO 80109, USA"
ENT-000935,1,env_labs_standardized.csv,PHILIS ANALYTICAL PORTABLE LABORATORY (APL01),,TNI02273,,EDISON,New Jersey,,,env_labs,,,,,,,,,,,search_found_nothing,found_via_fallback_search,no_website_cannot_check_pages,no_website_cannot_check_pages,no_website_cannot_check_pages,no_website_cannot_check_pages,PHILIS ANALYTICAL PORTABLE LABORATORY APL01,True,HQ Lab @ PHILIS ANALYTICAL PORTABLE LABORATORY APL01,40.5168636,-74.40628250000002,google_approximate,"Edison, NJ, USA"
ENT-000936,1,env_labs_standardized.csv,PHILIS Laboratory Unit (PLU),,TNI02445,,Castle Rock,Colorado,,,env_labs,https://www.epa.gov/emergency-response/philis-portable-high-throughput-integrated-laboratory-identification-system,,CMAT@epa.gov,,,,,,no_explicit_gmp,False,found_via_search,found_via_fallback_search,"checked_pages_not_found (pages_checked=8,fetched_ok=8,total_text_chars=34510)",extracted,extracted,"checked_pages_not_found (pages_checked=8,fetched_ok=8,total_text_chars=34510)",PHILIS Laboratory Unit PLU,True,HQ Lab @ PHILIS Laboratory Unit PLU,39.3722121,-104.8560902,google_approximate,"Castle Rock, CO, USA"
ENT-000937,1,env_labs_standardized.csv,PHOENIX ENVIRONMENTAL LABS,,TNI01678,587 Middle Turnpike East,MANCHESTER,Connecticut,,,env_labs,https://www.phoenixlabs.com/,Phyllis Shiller,phyllis@phoenixlabs.com,,,,,,,,found_via_search,found_via_fallback_search,found_via_fallback_search,found_via_fallback_search,"no_pages_fetched_ok (pages_checked=1,fetched_ok=0,total_text_chars=0)","no_pages_fetched_ok (pages_checked=1,fetched_ok=0,total_text_chars=0)",PHOENIX ENVIRONMENTAL LABS,True,HQ Lab @ PHOENIX ENVIRONMENTAL LABS,41.7856969,-72.4958426,google_rooftop,"587 Middle Tpke E, Manchester, CT 06040, USA"
ENT-000938,1,env_labs_standardized.csv,"Phoslab Environmental Services, Inc.",,TNI00537,4705 Old Rd 37,Lakeland,Florida,,,env_labs,https://www.phoslab.com/,,info@phoslab.com,,,,,,no_explicit_gmp,True,found_via_search,extracted,"checked_pages_not_found (pages_checked=8,fetched_ok=8,total_text_chars=28193)",extracted,extracted,extracted,Phoslab Environmental Services,True,HQ Lab @ Phoslab Environmental Services,27.9802498,-81.9629221,google_rooftop,"4705 Old Rd 37, Lakeland, FL 33813, USA"
ENT-000939,1,env_labs_standardized.csv,Pinellas County Utilities Laboratory,,TNI00538,,Largo,Florida,,,env_labs,https://pinellas.gov/,,,,,,,,,,found_via_search,found_via_fallback_search,"no_pages_fetched_ok (pages_checked=1,fetched_ok=0,total_text_chars=0)","no_pages_fetched_ok (pages_checked=1,fetched_ok=0,total_text_chars=0)","no_pages_fetched_ok (pages_checked=1,fetched_ok=0,total_text_chars=0)","no_pages_fetched_ok (pages_checked=1,fetched_ok=0,total_text_chars=0)",Pinellas County Utilities Laboratory,True,HQ Lab @ Pinellas County Utilities Laboratory,27.9182717,-82.7748945,google_approximate,"Largo, FL, USA"
ENT-000940,1,env_labs_standardized.csv,Pinnacle Analytics,,TNI02604,,Medford,Oregon,,,env_labs,https://pinnacle-analytics.com/,Kris Ford,[email protected],,,,,,no_explicit_gmp,True,found_via_search,extracted,extracted,extracted,extracted,extracted,Pinnacle Analytics,True,HQ Lab @ Pinnacle Analytics,42.3230112,-122.8767396,google_approximate,"Medford, OR, USA"
ENT-000941,1,env_labs_standardized.csv,Pittsburg Municipal Wastewater Laboratory,,TNI01930,201 W. 4th St.,Pittsburg,Kansas,,,env_labs,https://www.pittks.org/,Chris Farinacci,web@pittks.org,,,,,,no_explicit_gmp,False,found_via_search,extracted,found_via_fallback_search,extracted,extracted,"checked_pages_not_found (pages_checked=8,fetched_ok=8,total_text_chars=73332)",Pittsburg Municipal Wastewater Laboratory,True,HQ Lab @ Pittsburg Municipal Wastewater Laboratory,37.4107341,-94.7067811,google_rooftop,"201 W 4th St, Pittsburg, KS 66762, USA"
ENT-000942,1,env_labs_standardized.csv,PLATTSBURGH WPCP LABORATORY,,TNI01439,53 Green St,PLATTSBURGH,New York,,,env_labs,https://www.cityofplattsburgh-ny.gov/,,,,,,,,no_explicit_gmp,False,found_via_search,extracted,"checked_pages_not_found (pages_checked=5,fetched_ok=5,total_text_chars=13913)","checked_pages_not_found (pages_checked=5,fetched_ok=5,total_text_chars=13913)",extracted,"checked_pages_not_found (pages_checked=5,fetched_ok=5,total_text_chars=13913)",PLATTSBURGH WPCP LABORATORY,True,HQ Lab @ PLATTSBURGH WPCP LABORATORY,44.6984021,-73.4463246,google_rooftop,"53 Green St, Plattsburgh, NY 12901, USA"
ENT-000943,1,env_labs_standardized.csv,Polk County Natural Resources Division,,TNI00540,4177 Ben Durrance Rd,Bartow,Florida,,,env_labs,https://www.polkfl.gov/,"Gaye Sharpe, Director",,,,,,,,,found_via_search,found_via_fallback_search,found_via_fallback_search,"no_pages_fetched_ok (pages_checked=1,fetched_ok=0,total_text_chars=0)","no_pages_fetched_ok (pages_checked=1,fetched_ok=0,total_text_chars=0)","no_pages_fetched_ok (pages_checked=1,fetched_ok=0,total_text_chars=0)",Polk County Natural Resources Division,True,HQ Lab @ Polk County Natural Resources Division,27.9502126,-81.77290599999999,google_rooftop,"4177 Ben Durrance Rd, Bartow, FL 33830, USA"
ENT-000944,1,env_labs_standardized.csv,PORT WASHINGTON WPCD,,TNI01489,70 Harbor Road,PORT WASHINGTON,New York,,,env_labs,https://www.pwwpcd.us/,Superintendent Windsor J. Kinney,wkinney@pwwpcd.us,,,,,,no_explicit_gmp,False,found_via_search,extracted,extracted,extracted,extracted,"checked_pages_not_found (pages_checked=8,fetched_ok=8,total_text_chars=26286)",PORT WASHINGTON WPCD,True,HQ Lab @ PORT WASHINGTON WPCD,40.83922450000001,-73.6969022,google_rooftop,"70 Harbor Rd, Port Washington, NY 11050, USA"
ENT-000945,1,env_labs_standardized.csv,Portland Water Bureau Laboratory,,TNI00226,2010 N Interstate Avenue,Portland,Oregon,,,env_labs,https://www.portland.gov/water,,WBWaterLine@portlandoregon.gov,,,,,,,,found_via_search,found_via_fallback_search,"no_pages_fetched_ok (pages_checked=1,fetched_ok=0,total_text_chars=0)",found_via_fallback_search,"no_pages_fetched_ok (pages_checked=1,fetched_ok=0,total_text_chars=0)","no_pages_fetched_ok (pages_checked=1,fetched_ok=0,total_text_chars=0)",Portland Water Bureau Laboratory,True,HQ Lab @ Portland Water Bureau Laboratory,45.5374111,-122.6742062,google_rooftop,"2010 N Interstate Ave, Portland, OR 97227, USA"
ENT-000946,1,env_labs_standardized.csv,Portsmouth Analytical Laboratory,,TNI02008,,Piketon,Ohio,,,env_labs,,,,,,,,,,,search_found_nothing,no_website_fallback_search_failed,no_website_cannot_check_pages,no_website_cannot_check_pages,no_website_cannot_check_pages,no_website_cannot_check_pages,Portsmouth Analytical Laboratory,True,HQ Lab @ Portsmouth Analytical Laboratory,39.0681252,-83.01434429999999,google_approximate,"Piketon, OH 45661, USA"
ENT-000947,1,env_labs_standardized.csv,POTSDAM SPECIALITY PAPER INC.,,TNI01599,,POTSDAM,New York,,,env_labs,https://pspi.us.com/,Doug Drumm,,,,,,,,,found_via_search,found_via_fallback_search,found_via_fallback_search,"no_pages_fetched_ok (pages_checked=1,fetched_ok=0,total_text_chars=0)","no_pages_fetched_ok (pages_checked=1,fetched_ok=0,total_text_chars=0)","no_pages_fetched_ok (pages_checked=1,fetched_ok=0,total_text_chars=0)",POTSDAM SPECIALITY PAPER,True,HQ Lab @ POTSDAM SPECIALITY PAPER,44.6697805,-74.9813084,google_approximate,"Potsdam, NY 13676, USA"
ENT-000948,1,env_labs_standardized.csv,POUGHKEEPSIES' WATER TREATMENT FACILITY,,TNI02521,70 Waterworks Road,POUGHKEEPSIE,New York,,,env_labs,https://www.pokwater.com/,Dottie DiNobile,,,,,,,no_explicit_gmp,False,found_via_search,extracted,found_via_fallback_search,"checked_pages_not_found (pages_checked=6,fetched_ok=6,total_text_chars=10881)",extracted,"checked_pages_not_found (pages_checked=6,fetched_ok=6,total_text_chars=10881)",POUGHKEEPSIES WATER TREATMENT FACILITY,True,HQ Lab @ POUGHKEEPSIES WATER TREATMENT FACILITY,41.72373030000001,-73.93671429999999,google_rooftop,"70 Waterworks Rd, Poughkeepsie, NY 12601, USA"
ENT-000949,1,env_labs_standardized.csv,"Precision Analytical Laboratories, LLC",,TNI02742,,Everett,Washington,,,env_labs,https://precisionanalyticallabs.com/,Julia Redfield,,,,,,,,,found_via_search,found_via_fallback_search,found_via_fallback_search,"no_pages_fetched_ok (pages_checked=1,fetched_ok=0,total_text_chars=0)","no_pages_fetched_ok (pages_checked=1,fetched_ok=0,total_text_chars=0)","no_pages_fetched_ok (pages_checked=1,fetched_ok=0,total_text_chars=0)",Precision Analytical Laboratories,True,HQ Lab @ Precision Analytical Laboratories,47.9782457,-122.207417,google_approximate,"Everett, WA, USA"
ENT-000950,1,env_labs_standardized.csv,"Precision Petroleum Labs, Inc.",,TNI00016,5915 Star Lane,Houston,Texas,,,env_labs,https://precisionlabs.org/,,DanielZPPL@att.net,,,,,,no_explicit_gmp,True,found_via_search,extracted,"checked_pages_not_found (pages_checked=4,fetched_ok=4,total_text_chars=3839)",extracted,extracted,extracted,Precision Petroleum Labs,True,HQ Lab @ Precision Petroleum Labs,29.7270733,-95.4828409,google_rooftop,"5915 Star Ln, Houston, TX 77057, USA"
ENT-000951,1,env_labs_standardized.csv,PREE Laboratories,,TNI02501,"545 SW 2nd Street, Suite 202",Corvallis,Oregon,,,env_labs,https://preelab.com/,,services@preelab.com,,,,,,,,found_via_search,found_via_fallback_search,"no_pages_fetched_ok (pages_checked=1,fetched_ok=0,total_text_chars=0)",found_via_fallback_search,"no_pages_fetched_ok (pages_checked=1,fetched_ok=0,total_text_chars=0)","no_pages_fetched_ok (pages_checked=1,fetched_ok=0,total_text_chars=0)",PREE Laboratories,False,Corvallis Lab @ PREE Laboratories,44.5592571,-123.2619843,google_rooftop,"545 SW 2nd St #202, Corvallis, OR 97333, USA"
ENT-000952,1,env_labs_standardized.csv,PREE Laboratories LLC,,TNI02456,14625 SE 82nd Dr Suite A,Clackamas,Oregon,,,env_labs,https://preelab.com/,,services@preelab.com,,,,,,,,found_via_search,found_via_fallback_search,"no_pages_fetched_ok (pages_checked=1,fetched_ok=0,total_text_chars=0)",found_via_fallback_search,"no_pages_fetched_ok (pages_checked=1,fetched_ok=0,total_text_chars=0)","no_pages_fetched_ok (pages_checked=1,fetched_ok=0,total_text_chars=0)",PREE Laboratories,False,Clackamas Lab @ PREE Laboratories,45.4167289,-122.5709284,google_rooftop,"14625 SE 82nd Dr Ste A, Clackamas, OR 97015, USA"
ENT-000953,1,env_labs_standardized.csv,PriorityLab,,TNI02758,,Fort Lauderdale,Florida,,,env_labs,https://prioritylab.com/,Dr. John Shane,marketing@thornberrygroup.com,,,,,,no_explicit_gmp,True,found_via_search,extracted,extracted,extracted,extracted,extracted,PriorityLab,True,HQ Lab @ PriorityLab,26.1224386,-80.13731740000001,google_approximate,"Fort Lauderdale, FL, USA"
ENT-000954,1,env_labs_standardized.csv,"Professional Environmental Testing and Consulting, LLC",,TNI02393,"4650 SW 51st Street, Unit 702",Davie,Florida,,,env_labs,https://petc-lab.com/,,petc702@comcast.net,,,,,,no_explicit_gmp,True,found_via_search,extracted,"checked_pages_not_found (pages_checked=6,fetched_ok=6,total_text_chars=30310)",extracted,extracted,extracted,Professional Environmental Testing and Consulting,True,HQ Lab @ Professional Environmental Testing and Consulting,26.058116,-80.20850999999999,google_rooftop,"4650 SW 51st St #702, Davie, FL 33314, USA"
ENT-000955,1,env_labs_standardized.csv,"Professional Testing Labs, Inc.",,TNI02675,4918 Crater Lake Ave,Medford,Oregon,,,env_labs,,,,,,,,,,,search_found_nothing,found_via_fallback_search,no_website_cannot_check_pages,no_website_cannot_check_pages,no_website_cannot_check_pages,no_website_cannot_check_pages,Professional Testing Labs,True,HQ Lab @ Professional Testing Labs,42.38713509999999,-122.8549868,google_rooftop,"4918 Crater Lake Ave, Medford, OR 97504, USA"
ENT-000956,1,env_labs_standardized.csv,Provo Water Resources Laboratory,,TNI01990,1377 S 350 E,Provo,Utah,,,env_labs,https://www.provo.gov/,,,,,,,,no_explicit_gmp,False,found_via_search,found_via_fallback_search,"checked_pages_not_found (pages_checked=3,fetched_ok=2,total_text_chars=18480)","checked_pages_not_found (pages_checked=3,fetched_ok=2,total_text_chars=18480)",extracted,"checked_pages_not_found (pages_checked=3,fetched_ok=2,total_text_chars=18480)",Provo Water Resources Laboratory,True,HQ Lab @ Provo Water Resources Laboratory,40.2159313,-111.6520957,google_rooftop,"1377 S 350 E, Provo, UT 84606, USA"
ENT-000957,1,env_labs_standardized.csv,"PSTC Food Chemistry, Inc.",,TNI01932,,Salina,Kansas,,,env_labs,,,,,,,,,,,search_found_nothing,no_website_fallback_search_failed,no_website_cannot_check_pages,no_website_cannot_check_pages,no_website_cannot_check_pages,no_website_cannot_check_pages,PSTC Food Chemistry,True,HQ Lab @ PSTC Food Chemistry,38.8402805,-97.61142369999999,google_approximate,"Salina, KS, USA"
ENT-000958,1,env_labs_standardized.csv,Q LABS LLC,,TNI02791,,CINCINNATI,Ohio,,,env_labs,https://www.qlaboratories.com/,Jeff Knowles,jknowles@qlaboratories.com,,,,,,explicit_gmp,,found_via_search,found_via_fallback_search,found_via_fallback_search,found_via_fallback_search,found_via_fallback_search,"no_pages_fetched_ok (pages_checked=1,fetched_ok=0,total_text_chars=0)",Q LABS,True,HQ Lab @ Q LABS,39.1031182,-84.5120196,google_approximate,"Cincinnati, OH, USA"
ENT-000959,1,env_labs_standardized.csv,QUEENSBURY LABORATORY,,TNI01579,742 Bay Road,QUEENSBURY,New York,,,env_labs,https://www.queensburyny.gov/departments/water/queensbury-laboratory/,James LaFoy,,,,,,,no_explicit_gmp,False,found_via_search,extracted,extracted,"checked_pages_not_found (pages_checked=8,fetched_ok=7,total_text_chars=39441)",extracted,"checked_pages_not_found (pages_checked=8,fetched_ok=7,total_text_chars=39441)",QUEENSBURY LABORATORY,True,HQ Lab @ QUEENSBURY LABORATORY,43.3600801,-73.6573715,google_rooftop,"742 Bay Rd, Queensbury, NY 12804, USA"
ENT-000960,1,env_labs_standardized.csv,QUEST DIAGNOSTICS INCORPORATED,,TNI03021,,CLIFTON,New Jersey,,,env_labs,https://www.questdiagnostics.com/,,,,,,,,explicit_gmp,True,found_via_search,found_via_fallback_search,"checked_pages_not_found (pages_checked=8,fetched_ok=7,total_text_chars=166474)","checked_pages_not_found (pages_checked=8,fetched_ok=7,total_text_chars=166474)",found_via_fallback_search,extracted,QUEST DIAGNOSTICS INCORPORATED,True,HQ Lab @ QUEST DIAGNOSTICS INCORPORATED,40.8654493,-74.1610268,google_approximate,"Clifton, NJ, USA"
ENT-000961,1,env_labs_standardized.csv,"R&C Joy, Inc.",,TNI00149,19020 W. Little York Rd.,Katy,Texas,,,env_labs,https://www.rcjoy.net/,Ron Joy,,,,,,,no_explicit_gmp,True,found_via_search,extracted,extracted,"checked_pages_not_found (pages_checked=6,fetched_ok=6,total_text_chars=13555)",extracted,extracted,RC Joy,True,HQ Lab @ RC Joy,29.86515619999999,-95.7001406,google_rooftop,"19020 W Little York Rd, Katy, TX 77449, USA"
ENT-000962,1,env_labs_standardized.csv,R&J LABORATORIES,,TNI01571,,PENN YAN,New York,,,env_labs,,,,,,,,,,,search_found_nothing,found_via_fallback_search,no_website_cannot_check_pages,no_website_cannot_check_pages,no_website_cannot_check_pages,no_website_cannot_check_pages,RJ LABORATORIES,True,HQ Lab @ RJ LABORATORIES,42.6609026,-77.0538577,google_approximate,"Penn Yan, NY 14527, USA"
ENT-000963,1,env_labs_standardized.csv,RADIATION SAFETY SERVICES INC (RSSI),,TNI01874,6312 Oakton Street,MORTON GROVE,Illinois,,,env_labs,https://rssi.us/,Herman Cember,consult@rssi.us,,,,,,no_explicit_gmp,True,found_via_search,extracted,extracted,extracted,extracted,extracted,RADIATION SAFETY SERVICES,True,HQ Lab @ RADIATION SAFETY SERVICES,42.0267576,-87.7838603,google_rooftop,"6312 Oakton St, Morton Grove, IL 60053, USA"
ENT-000964,1,env_labs_standardized.csv,RADONOVA,,TNI02421,"Södra Depågatan 2, 754 54 Uppsala",UPPSALA,Not Applicable,,,env_labs,https://radonova.se/,,privacy@radonova.org,,,,,,no_explicit_gmp,True,found_via_search,found_via_fallback_search,"checked_pages_not_found (pages_checked=1,fetched_ok=1,total_text_chars=401)",found_via_fallback_search,extracted,extracted,RADONOVA,True,HQ Lab @ RADONOVA,38.7945952,-106.5348379,google_approximate,United States
ENT-000965,1,env_labs_standardized.csv,Ramboll US Corporation,,TNI01384,,Brentwood,Tennessee,,,env_labs,https://www.ramboll.com/en-us,,,,,,,,,,found_via_search,found_via_fallback_search,"no_pages_fetched_ok (pages_checked=1,fetched_ok=0,total_text_chars=0)","no_pages_fetched_ok (pages_checked=1,fetched_ok=0,total_text_chars=0)","no_pages_fetched_ok (pages_checked=1,fetched_ok=0,total_text_chars=0)","no_pages_fetched_ok (pages_checked=1,fetched_ok=0,total_text_chars=0)",Ramboll US,True,HQ Lab @ Ramboll US,36.0331164,-86.78277720000001,google_approximate,"Brentwood, TN, USA"
ENT-000966,1,env_labs_standardized.csv,"Rayonier Performance Fibers, LLC.",,TNI00544,,Fernandina Beach,Florida,,,env_labs,,,,,,,,,,,search_found_nothing,found_via_fallback_search,no_website_cannot_check_pages,no_website_cannot_check_pages,no_website_cannot_check_pages,no_website_cannot_check_pages,Rayonier Performance Fibers,True,HQ Lab @ Rayonier Performance Fibers,30.6696818,-81.46259189999999,google_approximate,"Fernandina Beach, FL 32034, USA"
ENT-000967,1,env_labs_standardized.csv,Red River Authority of Texas Environmental Services Laboratory,,TNI00064,3000 Hammon Rd,Wichita Falls,Texas,,,env_labs,https://rra.texas.gov/,,info@rra.texas.gov,,,,,,no_explicit_gmp,False,found_via_search,extracted,"checked_pages_not_found (pages_checked=8,fetched_ok=8,total_text_chars=28864)",extracted,extracted,"checked_pages_not_found (pages_checked=8,fetched_ok=8,total_text_chars=28864)",Red River Authority of Texas Environmental Services Laboratory,True,HQ Lab @ Red River Authority of Texas Environmental Services Laboratory,33.8800429,-98.44658179999999,google_rooftop,"3000 Hammon Rd, Wichita Falls, TX 76310, USA"
ENT-000968,1,env_labs_standardized.csv,Red Wing City Laboratory,,TNI01152,1020 East Fifth St.,Red Wing,Minnesota,,,env_labs,https://www.redwingmn.gov/483/City-Laboratory,,,,,,,,no_explicit_gmp,False,found_via_search,extracted,"checked_pages_not_found (pages_checked=6,fetched_ok=6,total_text_chars=21412)","checked_pages_not_found (pages_checked=6,fetched_ok=6,total_text_chars=21412)",extracted,"checked_pages_not_found (pages_checked=6,fetched_ok=6,total_text_chars=21412)",Red Wing City Laboratory,True,HQ Lab @ Red Wing City Laboratory,44.5707434,-92.5233962,google_range_interpolated,"1020 E 5th St, Red Wing, MN 55066, USA"
ENT-000969,1,env_labs_standardized.csv,Reference Labs LLC,,TNI02504,11654 SW Pacific HWY Suite 12A,Tigard,Oregon,,,env_labs,https://thereferencelabs.com/,Richard Holsten,richard@thereferencelabs.com,,,,,,no_explicit_gmp,True,found_via_search,extracted,extracted,extracted,extracted,extracted,Reference Labs,True,HQ Lab @ Reference Labs,45.4373559,-122.7546536,google_rooftop,"11654 SW Pacific Hwy Ste 12A, Portland, OR 97223, USA"
ENT-000970,1,env_labs_standardized.csv,REGIONAL WATER AUTHORITY (#2239),,TNI01819,90 Sargent Drive,NEW HAVEN,Connecticut,,,env_labs,https://www.rwater.com/,"Ms. Beth Nesteriak, P.E.",bnesteriak@rwater.com,,,,,,no_explicit_gmp,False,found_via_search,extracted,found_via_fallback_search,found_via_fallback_search,extracted,"checked_pages_not_found (pages_checked=3,fetched_ok=3,total_text_chars=5103)",REGIONAL WATER AUTHORITY 2239,True,HQ Lab @ REGIONAL WATER AUTHORITY 2239,41.28908939999999,-72.9253533,google_rooftop,"90 Sargent Dr, New Haven, CT 06511, USA"
ENT-000971,1,env_labs_standardized.csv,RENSSELAER COUNTY SEWER DISTRICT #1,,TNI01437,Foot of Water Street,TROY,New York,,,env_labs,https://www.rensco.com/324/Sewer-District,Jason Wheeler,jwheeler@rensco.com,,,,,,no_explicit_gmp,False,found_via_search,extracted,found_via_fallback_search,found_via_fallback_search,extracted,"checked_pages_not_found (pages_checked=8,fetched_ok=8,total_text_chars=27739)",RENSSELAER COUNTY SEWER DISTRICT 1,True,HQ Lab @ RENSSELAER COUNTY SEWER DISTRICT 1,42.6994986,-73.7007938,google_geometric_center,"Water St, Troy, NY 12180, USA"
ENT-000972,1,env_labs_standardized.csv,Research Triangle Institute,,TNI01400,3040 East Cornwallis Road,Research Triangle Park,North Carolina,,,env_labs,https://www.rti.org/,Tim J. Gabel,rtipress@rti.org,,,,,,explicit_gmp,True,found_via_search,extracted,extracted,extracted,found_via_fallback_search,extracted,Research Triangle Institute,True,HQ Lab @ Research Triangle Institute,35.9028395,-78.8651581,google_geometric_center,"3040 E Cornwallis Rd, Durham, NC 27709, USA"
ENT-000973,1,env_labs_standardized.csv,"RESOLUTION ANALYTICS, INC.",,TNI02272,2481 Reliance Ave,APEX,North Carolina,,,env_labs,https://resolution-analyticsgov.com/,Bruce Nemet,,,,,,,no_explicit_gmp,True,found_via_search,found_via_fallback_search,extracted,"checked_pages_not_found (pages_checked=5,fetched_ok=5,total_text_chars=9332)",extracted,extracted,RESOLUTION ANALYTICS,True,HQ Lab @ RESOLUTION ANALYTICS,35.7161277,-78.8204149,google_rooftop,"2481 Reliance Ave, Apex, NC 27539, USA"
ENT-000974,1,env_labs_standardized.csv,Richards Laboratories of Utah Inc.,,TNI01991,45 N 100 E,Pleasant Grove,Utah,,,env_labs,,,,,,,,,,,search_found_nothing,found_via_fallback_search,no_website_cannot_check_pages,no_website_cannot_check_pages,no_website_cannot_check_pages,no_website_cannot_check_pages,Richards Laboratories of Utah,True,HQ Lab @ Richards Laboratories of Utah,40.36440169999999,-111.7391248,google_rooftop,"45 N 100 E, Pleasant Grove, UT 84062, USA"
ENT-000975,1,env_labs_standardized.csv,Rio Tinto Kennecott Environmental and Industrial Hygiene Laboratory,,TNI01986,,Magna,Utah,,,env_labs,,,,,,,,,,,search_found_nothing,found_via_fallback_search,no_website_cannot_check_pages,no_website_cannot_check_pages,no_website_cannot_check_pages,no_website_cannot_check_pages,Rio Tinto Kennecott Environmental and Industrial Hygiene Laboratory,True,HQ Lab @ Rio Tinto Kennecott Environmental and Industrial Hygiene Laboratory,40.7091121,-112.1016088,google_approximate,"Magna, UT, USA"
ENT-000976,1,env_labs_standardized.csv,RJ Analytical LLC,,TNI01992,,Pleasant View,Utah,,,env_labs,https://www.rjalabs.com/,Richard Mickelsen,info@rjalabs.com,,,,,,no_explicit_gmp,True,found_via_search,found_via_fallback_search,extracted,extracted,extracted,extracted,RJ Analytical,True,HQ Lab @ RJ Analytical,41.3182755,-111.9921649,google_approximate,"Pleasant View, UT, USA"
ENT-000977,1,env_labs_standardized.csv,"RJ Lee Group, Inc.",,TNI02146,800 Presque Isle Drive,Monroeville,Pennsylvania,,,env_labs,https://www.rjleegroup.com/,"Dr. Richard Lee, CEO",clientrelations@rjleegroup.com,,,,,,explicit_gmp,True,found_via_search,extracted,extracted,extracted,found_via_fallback_search,extracted,RJ Lee Group,False,Monroeville Lab @ RJ Lee Group,40.4626302,-79.7086549,google_rooftop,"800 Presque Isle Dr, Pittsburgh, PA 15239, USA"
ENT-000978,1,env_labs_standardized.csv,"RJ Lee Group, Inc./Columbia Basin Analytical Laboratories",,TNI01797,2710 North 20th Avenue,Pasco,Washington,,,env_labs,https://www.rjleegroup.com/,,clientrelations@rjleegroup.com,,,,,,explicit_gmp,True,found_via_search,extracted,"checked_pages_not_found (pages_checked=8,fetched_ok=8,total_text_chars=56947)",extracted,found_via_fallback_search,extracted,RJ Lee Group,False,Pasco Lab @ RJ Lee Group,46.2526861,-119.119473,google_rooftop,"Lee R. Thornton Center Building (T Building), 2710 N 20th Ave, Pasco, WA 99301, USA"
ENT-000979,1,env_labs_standardized.csv,"RMB Environmental Laboratories, Inc - Burnsville",,TNI02523,501 Highway 13 E Suite #104-108,Burnsville,Minnesota,,,env_labs,https://www.rmbel.com/,Robert Borash,customerserviceBL@rmbel.com,,,,,,no_explicit_gmp,True,found_via_search,extracted,found_via_fallback_search,extracted,extracted,extracted,RMB Environmental Laboratories,False,Burnsville Lab @ RMB Environmental Laboratories,44.7808951,-93.2680285,google_rooftop,"501 Hwy 13 E 104 108, Burnsville, MN 55337, USA"
ENT-000980,1,env_labs_standardized.csv,"RMB Environmental Laboratories, Inc. - Virginia",,TNI02598,110 ½ S 15th Avenue W,Virginia,Minnesota,,,env_labs,https://www.rmbel.com/,,customerserviceVA@rmbel.com,,,,,,no_explicit_gmp,True,found_via_search,extracted,"checked_pages_not_found (pages_checked=8,fetched_ok=8,total_text_chars=35603)",extracted,extracted,extracted,RMB Environmental Laboratories,False,Virginia Lab @ RMB Environmental Laboratories,47.5145898,-92.5575894,google_geometric_center,"S 15th Ave W, Virginia, MN 55792, USA"
ENT-000981,1,env_labs_standardized.csv,"RMB Environmental Laboratories, Inc.- Detroit Lakes",,TNI01182,22796 County Highway 6,Detroit Lakes,Minnesota,,,env_labs,https://www.rmbel.com/,Robert Borash,customerservice@rmbel.com,,,,,,no_explicit_gmp,True,found_via_search,extracted,found_via_fallback_search,extracted,extracted,extracted,RMB Environmental Laboratories,False,Detroit Lakes Lab @ RMB Environmental Laboratories,46.797631,-95.926293,google_rooftop,"22796 Co Hwy 6, Detroit Lakes, MN 56501, USA"
ENT-000982,1,env_labs_standardized.csv,RMB-Pequot Lakes,,TNI02970,30968 S Washington Ave,Pequot Lakes,Minnesota,,,env_labs,https://www.rmbel.com/,,customerservicePQ@rmbel.com,,,,,,no_explicit_gmp,True,found_via_search,extracted,"checked_pages_not_found (pages_checked=8,fetched_ok=8,total_text_chars=35603)",extracted,extracted,extracted,RMB,True,HQ Lab @ RMB,46.6025037,-94.3103386,google_rooftop,"30968 S Washington Ave, Pequot Lakes, MN 56472, USA"
ENT-000983,1,env_labs_standardized.csv,ROCHESTER (C) WATER BUREAU,,TNI01483,,HEMLOCK,New York,,,env_labs,https://www.cityofrochester.gov/waterbureau,,,,,,,,,,found_via_search,found_via_fallback_search,"no_pages_fetched_ok (pages_checked=1,fetched_ok=0,total_text_chars=0)","no_pages_fetched_ok (pages_checked=1,fetched_ok=0,total_text_chars=0)","no_pages_fetched_ok (pages_checked=1,fetched_ok=0,total_text_chars=0)","no_pages_fetched_ok (pages_checked=1,fetched_ok=0,total_text_chars=0)",ROCHESTER C WATER BUREAU,True,HQ Lab @ ROCHESTER C WATER BUREAU,42.7943581,-77.60669759999999,google_approximate,"Hemlock, NY 14466, USA"
ENT-000984,1,env_labs_standardized.csv,Rochester Public Utilities,,TNI01124,,Rochester,Minnesota,,,env_labs,https://www.rpu.org/,Alex Pruett,apr uett@rpu.org,,,,,,no_explicit_gmp,False,found_via_search,extracted,extracted,extracted,extracted,"checked_pages_not_found (pages_checked=8,fetched_ok=8,total_text_chars=48900)",Rochester Public Utilities,True,HQ Lab @ Rochester Public Utilities,44.0193287,-92.45883270000002,google_approximate,"Rochester, MN, USA"
ENT-000985,1,env_labs_standardized.csv,ROCKLAND COUNTY SEWER DISTRICT 1,,TNI01548,4 Route 340,ORANGEBURG,New York,,,env_labs,https://www.rocklandcountyny.gov/departments/sewer-district-1,,,,,,,,,,found_via_search,found_via_fallback_search,"no_pages_fetched_ok (pages_checked=1,fetched_ok=0,total_text_chars=0)","no_pages_fetched_ok (pages_checked=1,fetched_ok=0,total_text_chars=0)","no_pages_fetched_ok (pages_checked=1,fetched_ok=0,total_text_chars=0)","no_pages_fetched_ok (pages_checked=1,fetched_ok=0,total_text_chars=0)",ROCKLAND COUNTY SEWER DISTRICT 1,True,HQ Lab @ ROCKLAND COUNTY SEWER DISTRICT 1,41.0432677,-73.9442471,google_rooftop,"4 NY-340, Orangeburg, NY 10962, USA"
ENT-000986,1,env_labs_standardized.csv,Rogue Research Lab LLC,,TNI02502,3663 Rogue River Hwy,Rogue River,Oregon,,,env_labs,https://rogueresearchlab.com/,Craig Berry - Lab Director,orders@rogueresearchlab.com,,,,,,,,found_via_search,found_via_fallback_search,found_via_fallback_search,found_via_fallback_search,"no_pages_fetched_ok (pages_checked=1,fetched_ok=0,total_text_chars=0)","no_pages_fetched_ok (pages_checked=1,fetched_ok=0,total_text_chars=0)",Rogue Research Lab,True,HQ Lab @ Rogue Research Lab,42.4064656,-123.1481751,google_rooftop,"3663 Rogue River Hwy, Gold Hill, OR 97525, USA"
ENT-000987,1,env_labs_standardized.csv,Rose City Laboratories,,TNI02462,7200 SE Johnson Creek Blvd.,Portland,Oregon,,,env_labs,https://www.rosecitylabs.com/,CHRIS GRIFFEY,info@rosecitylabs.com,,,,,,no_explicit_gmp,True,found_via_search,extracted,extracted,extracted,extracted,extracted,Rose City Laboratories,True,HQ Lab @ Rose City Laboratories,45.4556202,-122.5896529,google_rooftop,"7200 SE Johnson Creek Blvd, Portland, OR 97206, USA"
ENT-000988,1,env_labs_standardized.csv,"RTCA-RADON TESTING CORPORATION OF AMERICA, INC",,TNI01608,2 Hayes Street,ELMSFORD,New York,,,env_labs,https://rtca.com/,,info@rtca.com,,,,,,no_explicit_gmp,True,found_via_search,extracted,"checked_pages_not_found (pages_checked=8,fetched_ok=8,total_text_chars=40224)",found_via_fallback_search,extracted,extracted,RTCA RADON TESTING,True,HQ Lab @ RTCA RADON TESTING,41.0571705,-73.8192486,google_rooftop,"2 Hayes St, Elmsford, NY 10523, USA"
ENT-000989,1,env_labs_standardized.csv,RTI International,,TNI02672,3040 East Cornwallis Road,Durham,North Carolina,,,env_labs,https://www.rti.org/,"Tim J. Gabel, president and CEO of RTI",news@rti.org,,,,,,explicit_gmp,True,found_via_search,extracted,extracted,found_via_fallback_search,found_via_fallback_search,extracted,RTI International,True,HQ Lab @ RTI International,35.9028395,-78.8651581,google_geometric_center,"3040 E Cornwallis Rd, Durham, NC 27709, USA"
ENT-000990,1,env_labs_standardized.csv,"RTI Laboratories, Inc.",,TNI01993,31628 Glendale Street,Livonia,Michigan,,,env_labs,https://rtilab.com/,Jerry Singh President,sales@rtilab.com,,,,,,no_explicit_gmp,True,found_via_search,extracted,extracted,extracted,extracted,extracted,RTI Laboratories,True,HQ Lab @ RTI Laboratories,42.3770735,-83.356308,google_rooftop,"31628 Glendale St, Livonia, MI 48150, USA"
ENT-000991,1,env_labs_standardized.csv,S and S Onsite Analytical Ltd,,TNI02352,7277 Twp. Rd. 95,Findlay,Ohio,,,env_labs,https://www.snsonsite.com/,,bschock212@aol.com,,,,,,no_explicit_gmp,True,found_via_search,extracted,"checked_pages_not_found (pages_checked=4,fetched_ok=4,total_text_chars=10528)",extracted,extracted,extracted,S and S Onsite Analytical,True,HQ Lab @ S and S Onsite Analytical,41.0728021,-83.74126419999999,google_rooftop,"7277 Township Rd 95, Findlay, OH 45840, USA"
ENT-000992,1,env_labs_standardized.csv,"SABAN ANALYTICAL, LLC",,TNI02537,201 Stuyvesant Avenue,LYNDHURST,New Jersey,,,env_labs,http://www.sabanlab.com,Stephen Pharai,spharai@sabanlab.com,,,,,,no_explicit_gmp,False,found_via_search,found_via_fallback_search,found_via_fallback_search,found_via_fallback_search,extracted,"checked_pages_not_found (pages_checked=5,fetched_ok=3,total_text_chars=14157)",SABAN ANALYTICAL,True,HQ Lab @ SABAN ANALYTICAL,40.8164946,-74.124774,google_rooftop,"201 Stuyvesant Ave, Lyndhurst, NJ 07071, USA"
ENT-000993,1,env_labs_standardized.csv,Sabetha Municipal Wastewater Laboratory,,TNI01931,,Sabetha,Kansas,,,env_labs,,,,,,,,,,,search_found_nothing,no_website_fallback_search_failed,no_website_cannot_check_pages,no_website_cannot_check_pages,no_website_cannot_check_pages,no_website_cannot_check_pages,Sabetha Municipal Wastewater Laboratory,True,HQ Lab @ Sabetha Municipal Wastewater Laboratory,39.9022223,-95.80082250000001,google_approximate,"Sabetha, KS 66534, USA"
ENT-000994,1,env_labs_standardized.csv,Sabine River Authority of Texas,,TNI00057,,Orange,Texas,,,env_labs,https://sratx.org/,David Montagne,dmontagne@sratx.org,,,,,,,,found_via_search,found_via_fallback_search,found_via_fallback_search,found_via_fallback_search,"no_pages_fetched_ok (pages_checked=1,fetched_ok=0,total_text_chars=0)","no_pages_fetched_ok (pages_checked=1,fetched_ok=0,total_text_chars=0)",Sabine River Authority of Texas,True,HQ Lab @ Sabine River Authority of Texas,30.0929879,-93.7365549,google_approximate,"Orange, TX, USA"
ENT-000995,1,env_labs_standardized.csv,SAFETY-KLEEN CORP-BUFFALO,,TNI01735,41 N. Gates Avenue,BUFFALO,New York,,,env_labs,https://www.safety-kleen.com/location/buffalo-ny,,info@Safety-Kleen.com,,,,,,no_explicit_gmp,True,found_via_search,extracted,"checked_pages_not_found (pages_checked=8,fetched_ok=8,total_text_chars=51523)",found_via_fallback_search,extracted,extracted,SAFETY KLEEN,True,HQ Lab @ SAFETY KLEEN,42.8286998,-78.8482409,google_range_interpolated,"41 N Gates Ave, Lackawanna, NY 14218, USA"
ENT-000996,1,env_labs_standardized.csv,Saint Paul Regional Water Services,,TNI01074,1900 Rice Street,St Paul,Minnesota,,,env_labs,https://www.stpaul.gov/departments/saint-paul-regional-water-services,,,,,,,,no_explicit_gmp,False,found_via_search,found_via_fallback_search,"checked_pages_not_found (pages_checked=8,fetched_ok=8,total_text_chars=102436)","checked_pages_not_found (pages_checked=8,fetched_ok=8,total_text_chars=102436)",extracted,"checked_pages_not_found (pages_checked=8,fetched_ok=8,total_text_chars=102436)",Saint Paul Regional Water Services,True,HQ Lab @ Saint Paul Regional Water Services,44.9953657,-93.1028544,google_rooftop,"1900 Rice St, St Paul, MN 55113, USA"
ENT-000997,1,env_labs_standardized.csv,Salt Lake City Water Reclamation Plant Lab,,TNI01994,2020 N Redwood Road,Salt Lake City,Utah,,,env_labs,https://www.slc.gov/utilities/projects/wrf/,Terrence Price,tprice@slcgov.com,,,,,,,,found_via_search,found_via_fallback_search,found_via_fallback_search,found_via_fallback_search,"no_pages_fetched_ok (pages_checked=1,fetched_ok=0,total_text_chars=0)","no_pages_fetched_ok (pages_checked=1,fetched_ok=0,total_text_chars=0)",Salt Lake City Water Reclamation Plant Lab,True,HQ Lab @ Salt Lake City Water Reclamation Plant Lab,40.8125007,-111.9378715,google_rooftop,"2020 N Redwood Rd, Salt Lake City, UT 84116, USA"
ENT-000998,1,env_labs_standardized.csv,San Antonio Metropolitan Health District,,TNI00113,"100 W. Houston St., 14th Floor",San Antonio,Texas,,,env_labs,https://www.sa.gov/Directory/Departments/SAMHD,Dr. Claude A. Jacob,,,,,,,,,found_via_search,found_via_fallback_search,found_via_fallback_search,"no_pages_fetched_ok (pages_checked=1,fetched_ok=0,total_text_chars=0)","no_pages_fetched_ok (pages_checked=1,fetched_ok=0,total_text_chars=0)","no_pages_fetched_ok (pages_checked=1,fetched_ok=0,total_text_chars=0)",San Antonio Metropolitan Health District,True,HQ Lab @ San Antonio Metropolitan Health District,29.4262201,-98.49417419999999,google_rooftop,"Frost Bank Tower, 100 W Houston St 14th floor, San Antonio, TX 78205, USA"
ENT-000999,1,env_labs_standardized.csv,San Antonio River Authority Regional Environmental Laboratory,,TNI00053,,San Antonio,Texas,,,env_labs,https://www.sariverauthority.org/,,saralab@sariverauthority.org,,,,,,,,found_via_search,found_via_fallback_search,"no_pages_fetched_ok (pages_checked=1,fetched_ok=0,total_text_chars=0)",found_via_fallback_search,"no_pages_fetched_ok (pages_checked=1,fetched_ok=0,total_text_chars=0)","no_pages_fetched_ok (pages_checked=1,fetched_ok=0,total_text_chars=0)",San Antonio River Authority Regional Environmental Laboratory,True,HQ Lab @ San Antonio River Authority Regional Environmental Laboratory,29.4251905,-98.4945922,google_approximate,"San Antonio, TX, USA"
ENT-001000,1,env_labs_standardized.csv,San Antonio Water System Environmental Laboratory,,TNI00105,2800 U.S. Hwy 281 North,San Antonio,Texas,,,env_labs,https://www.saws.org/,Anna B. Ramos,,,,,,,no_explicit_gmp,False,found_via_search,extracted,found_via_fallback_search,"checked_pages_not_found (pages_checked=8,fetched_ok=8,total_text_chars=50200)",extracted,"checked_pages_not_found (pages_checked=8,fetched_ok=8,total_text_chars=50200)",San Antonio Water System Environmental Laboratory,True,HQ Lab @ San Antonio Water System Environmental Laboratory,29.6122554,-98.4674391,google_geometric_center,"U.S. Hwy 281 N, San Antonio, TX, USA"
ENT-001001,1,env_labs_standardized.csv,"SanAir Technologies Laboratory, Inc.",,TNI02295,10501 Trade Ct,North Chesterfield,Virginia,,,env_labs,https://www.sanair.com/,"Charles Beach, Jr., Laboratory Director, Inorganics",cbeach@sanair.com,,,,,,,,found_via_search,found_via_fallback_search,found_via_fallback_search,found_via_fallback_search,"no_pages_fetched_ok (pages_checked=1,fetched_ok=0,total_text_chars=0)","no_pages_fetched_ok (pages_checked=1,fetched_ok=0,total_text_chars=0)",SanAir Technologies Laboratory,True,HQ Lab @ SanAir Technologies Laboratory,37.4998198,-77.5893706,google_rooftop,"10501 Trade Ct, North Chesterfield, VA 23236, USA"
ENT-001002,1,env_labs_standardized.csv,"SANAIR TECHNOLOGIES LABORATORY, INC.",,TNI01798,,SYRACUSE,New York,,,env_labs,https://sanair.com/,"Charles Beach, Jr.",cbeach@sanair.com,,,,,,,,found_via_search,found_via_fallback_search,found_via_fallback_search,found_via_fallback_search,"no_pages_fetched_ok (pages_checked=1,fetched_ok=0,total_text_chars=0)","no_pages_fetched_ok (pages_checked=1,fetched_ok=0,total_text_chars=0)",SANAIR TECHNOLOGIES LABORATORY,True,HQ Lab @ SANAIR TECHNOLOGIES LABORATORY,43.0494832,-76.14739770000001,google_approximate,"Syracuse, NY, USA"
ENT-001003,1,env_labs_standardized.csv,Sangamon County Water Reclamation District,,TNI02546,,Springfield,Illinois,,,env_labs,https://www.scwrd.org/,,info@scwrd.org,,,,,,no_explicit_gmp,False,found_via_search,found_via_fallback_search,"checked_pages_not_found (pages_checked=1,fetched_ok=1,total_text_chars=2943)",found_via_fallback_search,extracted,"checked_pages_not_found (pages_checked=1,fetched_ok=1,total_text_chars=2943)",Sangamon County Water Reclamation District,True,HQ Lab @ Sangamon County Water Reclamation District,39.8006593,-89.64493449999999,google_approximate,"Springfield, IL, USA"
ENT-001004,1,env_labs_standardized.csv,Sanitation District No 1 Analytical Laboratory,,TNI02247,1045 Eaton Drive,Villa Hills,Kentucky,,,env_labs,https://www.sd1.org/,,info@sd1.org,,,,,,no_explicit_gmp,False,found_via_search,extracted,"checked_pages_not_found (pages_checked=4,fetched_ok=3,total_text_chars=3599)",extracted,extracted,"checked_pages_not_found (pages_checked=4,fetched_ok=3,total_text_chars=3599)",Sanitation District No 1 Analytical Laboratory,True,HQ Lab @ Sanitation District No 1 Analytical Laboratory,39.0301815,-84.5321001,google_rooftop,"1045 Eaton Dr, Fort Wright, KY 41017, USA"
ENT-001005,1,env_labs_standardized.csv,Sapphire Americas,,TNI01885,Laboratory 4454 Highway 108 W.,Chanute,Kansas,,,env_labs,https://conch-walrus-2md8.squarespace.com/sapphire-americas-services,Emily Jones,,,,,,,no_explicit_gmp,True,found_via_search,extracted,extracted,"checked_pages_not_found (pages_checked=8,fetched_ok=8,total_text_chars=50948)",extracted,extracted,Sapphire Americas,True,HQ Lab @ Sapphire Americas,37.6792135,-95.4572034,google_approximate,"Chanute, KS 66720, USA"
ENT-001006,1,env_labs_standardized.csv,Sarasota County Utilities - Pump Station #2 Laboratory,,TNI00555,,Sarasota,Florida,,,env_labs,https://www.scgov.net/,,,,,,,,,,found_via_search,found_via_fallback_search,"no_pages_fetched_ok (pages_checked=1,fetched_ok=0,total_text_chars=0)","no_pages_fetched_ok (pages_checked=1,fetched_ok=0,total_text_chars=0)","no_pages_fetched_ok (pages_checked=1,fetched_ok=0,total_text_chars=0)","no_pages_fetched_ok (pages_checked=1,fetched_ok=0,total_text_chars=0)",Sarasota County Utilities Pump Station 2 Laboratory,True,HQ Lab @ Sarasota County Utilities Pump Station 2 Laboratory,27.336465,-82.5310117,google_approximate,"Sarasota, FL, USA"
ENT-001007,1,env_labs_standardized.csv,Sarasota County Utilities - T. Mabry Carlton Water Treatment Plant Laboratory,,TNI00556,1255 T. Mabry Carlton Parkway,Venice,Florida,,,env_labs,https://www.scgov.net/,,,,,,,,,,found_via_search,found_via_fallback_search,"no_pages_fetched_ok (pages_checked=1,fetched_ok=0,total_text_chars=0)","no_pages_fetched_ok (pages_checked=1,fetched_ok=0,total_text_chars=0)","no_pages_fetched_ok (pages_checked=1,fetched_ok=0,total_text_chars=0)","no_pages_fetched_ok (pages_checked=1,fetched_ok=0,total_text_chars=0)",Sarasota County Utilities T Mabry Carlton Water Treatment Plant Laboratory,True,HQ Lab @ Sarasota County Utilities T Mabry Carlton Water Treatment Plant Laboratory,27.1244855,-82.3408513,google_rooftop,"1255 Mabry Carlton Pkwy, Venice, FL 34292, USA"
ENT-001008,1,env_labs_standardized.csv,SARATOGA CO SEWER DIS 1,,TNI01494,1002 Hudson River Road,MECHANICVILLE,New York,,,env_labs,https://www.saratogacountyny.gov/departments/sewer-district-1/,"Dan Rourke, P.E., Executive Director",drourke@saratogacountyny.gov,,,,,,,,found_via_search,found_via_fallback_search,found_via_fallback_search,found_via_fallback_search,"no_pages_fetched_ok (pages_checked=8,fetched_ok=0,total_text_chars=0)","no_pages_fetched_ok (pages_checked=8,fetched_ok=0,total_text_chars=0)",SARATOGA CO SEWER DIS 1,True,HQ Lab @ SARATOGA CO SEWER DIS 1,42.880852,-73.6885968,google_rooftop,"1002 Hudson River Rd, Mechanicville, NY 12118, USA"
ENT-001009,1,env_labs_standardized.csv,SC Laboratories Oregon LLC,,TNI02474,"15865 SW 74th Avenue, Suite 110",Tigard,Oregon,,,env_labs,https://www.sclabs.com/,Breeanna Hamilton,max.duimstra@sclabs.com,,,,,,,,found_via_search,found_via_fallback_search,found_via_fallback_search,found_via_fallback_search,"no_pages_fetched_ok (pages_checked=1,fetched_ok=0,total_text_chars=0)","no_pages_fetched_ok (pages_checked=1,fetched_ok=0,total_text_chars=0)",SC Laboratories Oregon,True,HQ Lab @ SC Laboratories Oregon,45.4057158,-122.7526469,google_rooftop,"15865 SW 74th Ave #110, Portland, OR 97224, USA"
ENT-001010,1,env_labs_standardized.csv,SCDPW SANITATION DIVISION LABORATORY,,TNI01436,,WEST BABYLON,New York,,,env_labs,,,,,,,,,,,search_found_nothing,no_website_fallback_search_failed,no_website_cannot_check_pages,no_website_cannot_check_pages,no_website_cannot_check_pages,no_website_cannot_check_pages,SCDPW SANITATION DIVISION LABORATORY,True,HQ Lab @ SCDPW SANITATION DIVISION LABORATORY,40.718155,-73.354287,google_approximate,"West Babylon, NY, USA"
ENT-001011,1,env_labs_standardized.csv,SCHENECTADY (C) WATER LABORATORY,,TNI01471,,SCHENECTADY,New York,,,env_labs,,,,,,,,,,,search_found_nothing,found_via_fallback_search,no_website_cannot_check_pages,no_website_cannot_check_pages,no_website_cannot_check_pages,no_website_cannot_check_pages,SCHENECTADY C WATER LABORATORY,True,HQ Lab @ SCHENECTADY C WATER LABORATORY,42.8143509,-73.93874199999999,google_approximate,"Schenectady, NY, USA"
ENT-001012,1,env_labs_standardized.csv,"Schneider Laboratories Global, Inc.",,TNI01693,2512 W Cary St,Richmond,Virginia,,,env_labs,https://www.slabinc.com/,,cs@slabinc.com,,,,,,no_explicit_gmp,True,found_via_search,extracted,"checked_pages_not_found (pages_checked=4,fetched_ok=4,total_text_chars=7169)",extracted,extracted,extracted,Schneider Laboratories Global,True,HQ Lab @ Schneider Laboratories Global,37.5508643,-77.4734052,google_rooftop,"2512 W Cary St, Richmond, VA 23220, USA"
ENT-001013,1,env_labs_standardized.csv,"SCIENTIFIC ANALYTICAL INSTITUTE, INC.",,TNI01850,4604 Dundas Drive,GREENSBORO,North Carolina,,,env_labs,https://www.sailab.com/,"Ired GULLEY Vice President, Laboratory Director",lab@sailab.com,,,,,,no_explicit_gmp,True,found_via_search,extracted,extracted,found_via_fallback_search,extracted,extracted,SCIENTIFIC ANALYTICAL INSTITUTE,True,HQ Lab @ SCIENTIFIC ANALYTICAL INSTITUTE,36.065862,-79.8622138,google_rooftop,"4604 Dundas Dr, Greensboro, NC 27407, USA"
ENT-001014,1,env_labs_standardized.csv,"Scientific Control Laboratory, Inc.",,TNI02047,3158 South Kolin Avenue,Chicago,Illinois,,,env_labs,https://www.sclweb.com/,Aishwarya Krishnamoorthy,akrishnamoorthy@sclweb.com,,,,,,,,found_via_search,found_via_fallback_search,found_via_fallback_search,found_via_fallback_search,"no_pages_fetched_ok (pages_checked=1,fetched_ok=0,total_text_chars=0)","no_pages_fetched_ok (pages_checked=1,fetched_ok=0,total_text_chars=0)",Scientific Control Laboratory,True,HQ Lab @ Scientific Control Laboratory,41.8351702,-87.7331767,google_rooftop,"3158 S Kolin Ave, Chicago, IL 60623, USA"
ENT-001015,1,env_labs_standardized.csv,"SDK Laboratories, Inc.",,TNI01905,1000 Corey Rd,Hutchinson,Kansas,,,env_labs,https://www.sdklabs.com/,,mail@sdklabs.com,,,,,,no_explicit_gmp,,found_via_search,found_via_fallback_search,"pages_likely_js_rendered (pages_checked=1,fetched_ok=1,total_text_chars=26)",found_via_fallback_search,extracted,"pages_likely_js_rendered (pages_checked=1,fetched_ok=1,total_text_chars=26)",SDK Laboratories,True,HQ Lab @ SDK Laboratories,38.0643774,-97.8710054,google_rooftop,"1000 Corey Rd, Hutchinson, KS 67501, USA"
ENT-001016,1,env_labs_standardized.csv,SE Utah District Health Department Laboratory,,TNI01995,149 East 100 South,Price,Utah,,,env_labs,https://seuhealth.gov/,"Brady Bradford, Health Officer",bbradfor@utah.gov,,,,,,no_explicit_gmp,False,found_via_search,extracted,extracted,extracted,extracted,"checked_pages_not_found (pages_checked=8,fetched_ok=8,total_text_chars=40875)",SE Utah District Health Department Laboratory,True,HQ Lab @ SE Utah District Health Department Laboratory,39.5985249,-110.808501,google_rooftop,"149 E 100 S, Price, UT 84501, USA"
ENT-001017,1,env_labs_standardized.csv,SEACOAST ANALYTICAL SERVICES LLC (#1733),,TNI01062,72 Pinkham Road,LEE,New Hampshire,,,env_labs,https://seacoastanalytical.com/,,CustomerService@seacoastanalytical.com,,,,,,no_explicit_gmp,True,found_via_search,extracted,"checked_pages_not_found (pages_checked=8,fetched_ok=8,total_text_chars=18446)",extracted,extracted,extracted,SEACOAST ANALYTICAL SERVICES,True,HQ Lab @ SEACOAST ANALYTICAL SERVICES,43.15921460000001,-71.0053403,google_rooftop,"72 Pinkham Rd, Lee, NH 03861, USA"
ENT-001018,1,env_labs_standardized.csv,Seacoast Utility Authority - Central Lab,,TNI00557,4200 Hood Road,Palm Beach Gardens,Florida,,,env_labs,https://www.sua.com/,,kazulay@sua.com,,,,,,no_explicit_gmp,False,found_via_search,extracted,"checked_pages_not_found (pages_checked=2,fetched_ok=2,total_text_chars=10138)",extracted,extracted,"checked_pages_not_found (pages_checked=2,fetched_ok=2,total_text_chars=10138)",Seacoast Utility Authority Central Lab,True,HQ Lab @ Seacoast Utility Authority Central Lab,26.8633963,-80.0999859,google_rooftop,"4200 Hood Rd, Palm Beach Gardens, FL 33410, USA"
ENT-001019,1,env_labs_standardized.csv,Seminole Electric Cooperative Inc.,,TNI02641,16313 North Dale Mabry Highway,Palatka,Florida,,,env_labs,https://www.seminole-electric.com/,,communications@seminole-electric.com,,,,,,no_explicit_gmp,False,found_via_search,extracted,"checked_pages_not_found (pages_checked=8,fetched_ok=8,total_text_chars=29811)",extracted,extracted,"checked_pages_not_found (pages_checked=8,fetched_ok=8,total_text_chars=29811)",Seminole Electric Cooperative,True,HQ Lab @ Seminole Electric Cooperative,28.1016383,-82.5007158,google_rooftop,"16313 N Dale Mabry Hwy, Tampa, FL 33618, USA"
ENT-001020,1,env_labs_standardized.csv,"Servi-Tech, Inc",,TNI01890,1816 E Wyatt Earp Blvd,Dodge City,Kansas,,,env_labs,https://servitechlabs.com/Home/tabid/36/ctl/Login/Default.aspx,Steve Harrold,steve.harrold@servitech.com,,,,,,no_explicit_gmp,True,found_via_search,extracted,found_via_fallback_search,found_via_fallback_search,extracted,extracted,Servi Tech,True,HQ Lab @ Servi Tech,37.7527026,-99.99059129999999,google_rooftop,"1816 E Wyatt Earp Blvd, Dodge City, KS 67801, USA"
ENT-001021,1,env_labs_standardized.csv,"ServiTech, Inc. - Amarillo Location",,TNI00055,6921 Bell St,Amarillo,Texas,,,env_labs,https://labs.servitech.com/Default.aspx,,,,,,,,no_explicit_gmp,True,found_via_search,extracted,"checked_pages_not_found (pages_checked=8,fetched_ok=6,total_text_chars=15951)","checked_pages_not_found (pages_checked=8,fetched_ok=6,total_text_chars=15951)",extracted,extracted,ServiTech,True,HQ Lab @ ServiTech,35.1364399,-101.9013131,google_rooftop,"6921 Bell St, Amarillo, TX 79109, USA"
ENT-001022,1,env_labs_standardized.csv,SGS AXYS Analytical Services Ltd.,,TNI00279,2045 Mills Road West,Sidney,British Columbia,,,env_labs,https://www.axysanalytical.com/,Ms. Rhonda Stoddard,rhonda.stoddard@sgs.com,,,,,,,,found_via_search,found_via_fallback_search,found_via_fallback_search,found_via_fallback_search,"no_pages_fetched_ok (pages_checked=1,fetched_ok=0,total_text_chars=0)","no_pages_fetched_ok (pages_checked=1,fetched_ok=0,total_text_chars=0)",SGS AXYS Analytical Services,True,HQ Lab @ SGS AXYS Analytical Services,38.7945952,-106.5348379,google_approximate,United States
ENT-001023,1,env_labs_standardized.csv,"SGS Korea Co., Ltd.",,TNI02417,"11-12F, Cheongryong Building, 257, Hangang-daero, Galwol-dong, Yongsan-gu, Seoul",Anyang-si,Not Applicable,,,env_labs,https://www.sgs.com/en-kr/,Dr. Hingwo Tsang,,,,,,,no_explicit_gmp,True,found_via_search,extracted,extracted,"checked_pages_not_found (pages_checked=8,fetched_ok=8,total_text_chars=26151)",extracted,extracted,SGS Korea Co,True,HQ Lab @ SGS Korea Co,40.7035916,-104.7808024,google_approximate,"Nunn, CO 80648, USA"
ENT-001024,1,env_labs_standardized.csv,SGS NA Mineral Services,,TNI02513,151 Eastern Drive,Sophia,West Virginia,,,env_labs,,,,,,,,,,,search_found_nothing,found_via_fallback_search,no_website_cannot_check_pages,no_website_cannot_check_pages,no_website_cannot_check_pages,no_website_cannot_check_pages,SGS NA Mineral Services,True,HQ Lab @ SGS NA Mineral Services,37.7154961,-81.2490952,google_rooftop,"151 Eastern Dr, Sophia, WV 25921, USA"
ENT-001025,1,env_labs_standardized.csv,SGS North America Inc,,TNI01996,2035 N Airport Rd,Huntington,Utah,,,env_labs,https://env.sgs.com/,,privacy.us@sgs.com,,,,,,,,found_via_search,found_via_fallback_search,"no_pages_fetched_ok (pages_checked=1,fetched_ok=0,total_text_chars=0)",found_via_fallback_search,"no_pages_fetched_ok (pages_checked=1,fetched_ok=0,total_text_chars=0)","no_pages_fetched_ok (pages_checked=1,fetched_ok=0,total_text_chars=0)",SGS North America,False,Huntington Lab @ SGS North America,39.3600208,-110.9020586,google_rooftop,"2035 Airport Rd, Huntington, UT 84528, USA"
ENT-001026,1,env_labs_standardized.csv,SGS North America Inc - Scott,,TNI01404,"400 Broadacres Drive, Suite 200, 2nd Floor",Scott,Louisiana,,,env_labs,https://www.sgs.com/en-us,Kesavalu Bagawandoss,,,,,,,no_explicit_gmp,True,found_via_search,extracted,found_via_fallback_search,"checked_pages_not_found (pages_checked=8,fetched_ok=8,total_text_chars=26554)",extracted,extracted,SGS North America,False,Scott Lab @ SGS North America,30.2357569,-92.0945672,google_approximate,"Scott, LA, USA"
ENT-001027,1,env_labs_standardized.csv,SGS North America Inc - Wilmington NC,,TNI00558,,Wilmington,North Carolina,,,env_labs,https://env.sgs.com/locations/location-directory/,Jeannie Milholland,Jeannie.Milholland@sgs.com,,,,,,,,found_via_search,found_via_fallback_search,found_via_fallback_search,found_via_fallback_search,"no_pages_fetched_ok (pages_checked=1,fetched_ok=0,total_text_chars=0)","no_pages_fetched_ok (pages_checked=1,fetched_ok=0,total_text_chars=0)",SGS North America,False,Wilmington Lab @ SGS North America,34.2103894,-77.8868117,google_approximate,"Wilmington, NC, USA"
ENT-001028,1,env_labs_standardized.csv,SGS North America Inc.  Houston,,TNI00031,,Houston,Texas,,,env_labs,https://env.sgs.com/,,,,,,,,,,found_via_search,found_via_fallback_search,"no_pages_fetched_ok (pages_checked=1,fetched_ok=0,total_text_chars=0)","no_pages_fetched_ok (pages_checked=1,fetched_ok=0,total_text_chars=0)","no_pages_fetched_ok (pages_checked=1,fetched_ok=0,total_text_chars=0)","no_pages_fetched_ok (pages_checked=1,fetched_ok=0,total_text_chars=0)",SGS North America,False,Houston Lab @ SGS North America,29.7600771,-95.37011079999999,google_approximate,"Houston, TX, USA"
ENT-001029,1,env_labs_standardized.csv,SGS NORTH AMERICA INC. - DAYTON,,TNI01283,2235 US Highway 130,DAYTON,New Jersey,,,env_labs,https://env.sgs.com/locations/location-directory/,,,,,,,,,,found_via_search,found_via_fallback_search,"no_pages_fetched_ok (pages_checked=1,fetched_ok=0,total_text_chars=0)","no_pages_fetched_ok (pages_checked=1,fetched_ok=0,total_text_chars=0)","no_pages_fetched_ok (pages_checked=1,fetched_ok=0,total_text_chars=0)","no_pages_fetched_ok (pages_checked=1,fetched_ok=0,total_text_chars=0)",SGS NORTH AMERICA,False,Dayton Lab @ SGS NORTH AMERICA,40.3812794,-74.5041078,google_rooftop,"2235 US-130, Dayton, NJ 08810, USA"
ENT-001030,1,env_labs_standardized.csv,SGS North America Inc. - Wheat Ridge,,TNI01950,4036 Youngfield Street,Wheat Ridge,Colorado,,,env_labs,https://env.sgs.com/,Scott Heideman,scott.heideman@sgs.com,,,,,,,,found_via_search,found_via_fallback_search,found_via_fallback_search,found_via_fallback_search,"no_pages_fetched_ok (pages_checked=1,fetched_ok=0,total_text_chars=0)","no_pages_fetched_ok (pages_checked=1,fetched_ok=0,total_text_chars=0)",SGS North America,False,Wheat Ridge Lab @ SGS North America,39.7694441,-105.1413233,google_rooftop,"4036 Youngfield St, Wheat Ridge, CO 80033, USA"
ENT-001031,1,env_labs_standardized.csv,"SGS NORTH AMERICA, INC.",,TNI01736,,EAST SYRACUSE,New York,,,env_labs,https://env.sgs.com/,,USCTS.TCB@SGS.COM,,,,,,,,found_via_search,found_via_fallback_search,"no_pages_fetched_ok (pages_checked=1,fetched_ok=0,total_text_chars=0)",found_via_fallback_search,"no_pages_fetched_ok (pages_checked=1,fetched_ok=0,total_text_chars=0)","no_pages_fetched_ok (pages_checked=1,fetched_ok=0,total_text_chars=0)",SGS NORTH AMERICA,False,East Syracuse Lab @ SGS NORTH AMERICA,43.0653446,-76.0785332,google_approximate,"East Syracuse, NY 13057, USA"
ENT-001032,1,env_labs_standardized.csv,"SGS North America, Inc. - Clovis",,TNI01206,,Clovis,California,,,env_labs,https://env.sgs.com/locations/location-directory/,,,,,,,,,,found_via_search,found_via_fallback_search,"no_pages_fetched_ok (pages_checked=1,fetched_ok=0,total_text_chars=0)","no_pages_fetched_ok (pages_checked=1,fetched_ok=0,total_text_chars=0)","no_pages_fetched_ok (pages_checked=1,fetched_ok=0,total_text_chars=0)","no_pages_fetched_ok (pages_checked=1,fetched_ok=0,total_text_chars=0)",SGS North America,False,Clovis Lab @ SGS North America,36.8252277,-119.7029194,google_approximate,"Clovis, CA, USA"
ENT-001033,1,env_labs_standardized.csv,"SGS North America, Inc. - Orlando",,TNI00247,,Orlando,Florida,,,env_labs,https://www.sgs.com/,Svetlana Izosimova,svetlana.izosimova@sgs.com,,,,,,no_explicit_gmp,True,found_via_search,found_via_fallback_search,found_via_fallback_search,found_via_fallback_search,extracted,extracted,SGS North America,False,Orlando Lab @ SGS North America,28.5383832,-81.3789269,google_approximate,"Orlando, FL, USA"
ENT-001034,1,env_labs_standardized.csv,SGS Silver State Analytical Laboratories - Reno,,TNI02794,1135 Financial Blvd,Reno,Nevada,,,env_labs,https://env.sgs.com/,,[email protected],,,,,,,,found_via_search,found_via_fallback_search,"no_pages_fetched_ok (pages_checked=1,fetched_ok=0,total_text_chars=0)",found_via_fallback_search,"no_pages_fetched_ok (pages_checked=1,fetched_ok=0,total_text_chars=0)","no_pages_fetched_ok (pages_checked=1,fetched_ok=0,total_text_chars=0)",SGS Silver State Analytical Laboratories,True,HQ Lab @ SGS Silver State Analytical Laboratories,39.5117105,-119.7482324,google_rooftop,"1135 Financial Blvd, Reno, NV 89502, USA"
ENT-001035,1,env_labs_standardized.csv,"Shale Testing Solutions, LLC",,TNI02291,,Cadiz,Ohio,,,env_labs,https://www.shaletestingsolutions.com/,Dynelle Keller,dkeller@shaletestingsolutions.com,,,,,,no_explicit_gmp,True,found_via_search,"checked_pages_not_found (pages_checked=4,fetched_ok=4,total_text_chars=5236)",found_via_fallback_search,found_via_fallback_search,extracted,extracted,Shale Testing Solutions,True,HQ Lab @ Shale Testing Solutions,40.2728737,-80.9970616,google_approximate,"Cadiz, OH 43907, USA"
ENT-001036,1,env_labs_standardized.csv,"SKG Engineering, LLC",,TNI00047,706 South Abe Street,San Angelo,Texas,,,env_labs,https://www.skge.com/,"Russell T. Gully, P.E., R.P.L.S. Managing Partner",[email protected],,,,,,no_explicit_gmp,True,found_via_search,extracted,extracted,extracted,extracted,extracted,SKG Engineering,True,HQ Lab @ SKG Engineering,31.4541546,-100.4416786,google_rooftop,"706 S Abe St, San Angelo, TX 76903, USA"
ENT-001037,1,env_labs_standardized.csv,Snyderville Basin Water Reclamation District,,TNI01997,2800 Homestead Rd.,Park City,Utah,,,env_labs,https://www.sbwrd-ut.gov/,,,,,,,,no_explicit_gmp,False,found_via_search,extracted,"checked_pages_not_found (pages_checked=8,fetched_ok=8,total_text_chars=58434)","checked_pages_not_found (pages_checked=8,fetched_ok=8,total_text_chars=58434)",extracted,"checked_pages_not_found (pages_checked=8,fetched_ok=8,total_text_chars=58434)",Snyderville Basin Water Reclamation District,True,HQ Lab @ Snyderville Basin Water Reclamation District,40.7562619,-111.5669858,google_rooftop,"2800 Homestead Rd, Park City, UT 84098, USA"
ENT-001038,1,env_labs_standardized.csv,SOUTH  CENTER CHAUTAUQUA LAKE SEWER DISTRICT,,TNI01442,51 Gifford Avenue,CELORON,New York,,,env_labs,https://chautauquacountyny.gov/water-and-sewer-districts/South-Center-Chautauqua-Lake-Sewer-Distr,"Thomas M. Walsh, Director",,,,,,,,,found_via_search,found_via_fallback_search,found_via_fallback_search,"no_pages_fetched_ok (pages_checked=1,fetched_ok=0,total_text_chars=0)","no_pages_fetched_ok (pages_checked=1,fetched_ok=0,total_text_chars=0)","no_pages_fetched_ok (pages_checked=1,fetched_ok=0,total_text_chars=0)",SOUTH CENTER CHAUTAUQUA LAKE SEWER DISTRICT,True,HQ Lab @ SOUTH CENTER CHAUTAUQUA LAKE SEWER DISTRICT,42.1085916,-79.2728621,google_rooftop,"51 Gifford Ave, Jamestown, NY 14701, USA"
ENT-001039,1,env_labs_standardized.csv,South Bay Environmental Laboratory,,TNI00566,,Clewiston,Florida,,,env_labs,https://southbayenv.com/,"Scott Stehlik, Founder and President",scott@southbayenv.com,,,,,,no_explicit_gmp,True,found_via_search,found_via_fallback_search,extracted,extracted,extracted,extracted,South Bay Environmental Laboratory,True,HQ Lab @ South Bay Environmental Laboratory,26.7542312,-80.93367529999999,google_approximate,"Clewiston, FL 33440, USA"
ENT-001040,1,env_labs_standardized.csv,South Central Regional Waste Water Treatment Plant Laboratory,,TNI02112,1801 N. Congress Ave.,Delray Beach,Florida,,,env_labs,https://scrwwtp.org/,"Doug Levine, Plant Manager",dlevine@scrwwtp.org,,,,,,no_explicit_gmp,False,found_via_search,extracted,extracted,extracted,extracted,"checked_pages_not_found (pages_checked=4,fetched_ok=4,total_text_chars=5053)",South Central Regional Waste Water Treatment Plant Laboratory,True,HQ Lab @ South Central Regional Waste Water Treatment Plant Laboratory,26.482136,-80.08722379999999,google_rooftop,"1801 N Congress Ave, Delray Beach, FL 33445, USA"
ENT-001041,1,env_labs_standardized.csv,South Florida Water Management District Chemistry Laboratory,,TNI00567,3301 Gun Club Road,West Palm Beach,Florida,,,env_labs,https://www.sfwmd.gov/,,,,,,,,no_explicit_gmp,False,found_via_search,extracted,"checked_pages_not_found (pages_checked=8,fetched_ok=7,total_text_chars=46708)","checked_pages_not_found (pages_checked=8,fetched_ok=7,total_text_chars=46708)",extracted,"checked_pages_not_found (pages_checked=8,fetched_ok=7,total_text_chars=46708)",South Florida Water Management District Chemistry Laboratory,True,HQ Lab @ South Florida Water Management District Chemistry Laboratory,26.6744636,-80.0932996,google_geometric_center,"3301 Gun Club Rd, West Palm Beach, FL 33406, USA"
ENT-001042,1,env_labs_standardized.csv,South Valley Water Reclamation Facility,,TNI01998,7495 South 1300 West,West Jordan,Utah,,,env_labs,https://www.svwater.com/,Eric Castrejon,eric.castrejon@utah.gov,,,,,,no_explicit_gmp,False,found_via_search,extracted,found_via_fallback_search,found_via_fallback_search,extracted,"checked_pages_not_found (pages_checked=5,fetched_ok=5,total_text_chars=11938)",South Valley Water Reclamation Facility,True,HQ Lab @ South Valley Water Reclamation Facility,40.615559,-111.9246392,google_rooftop,"7495 S 1300 W, West Jordan, UT 84084, USA"
ENT-001043,1,env_labs_standardized.csv,South Walton Utility Company Wastewater Treatment Plant,,TNI00568,369 Miramar Beach Drive,Miramar Beach,Florida,,,env_labs,https://swuci.org/,,admin@swuci.org,,,,,,,,found_via_search,found_via_fallback_search,"no_pages_fetched_ok (pages_checked=1,fetched_ok=0,total_text_chars=0)",found_via_fallback_search,"no_pages_fetched_ok (pages_checked=1,fetched_ok=0,total_text_chars=0)","no_pages_fetched_ok (pages_checked=1,fetched_ok=0,total_text_chars=0)",South Walton Utility Company Wastewater Treatment Plant,True,HQ Lab @ South Walton Utility Company Wastewater Treatment Plant,30.3778878,-86.35909149999999,google_rooftop,"369 Miramar Beach Dr, Miramar Beach, FL 32550, USA"
ENT-001044,1,env_labs_standardized.csv,Southeast Environmental Research Center Mercury Laboratory Florida International University,,TNI00570,"11200 SW 8th Street, OE 148",Miami,Florida,,,env_labs,https://environment.fiu.edu/facilities-research-groups/beaf/,Dr. Cai,cai@fiu.edu,,,,,,no_explicit_gmp,False,found_via_search,extracted,extracted,extracted,extracted,"checked_pages_not_found (pages_checked=8,fetched_ok=8,total_text_chars=66280)",Southeast Environmental Research Center Mercury Laboratory Florida International University,True,HQ Lab @ Southeast Environmental Research Center Mercury Laboratory Florida International University,25.7591405,-80.3754634,google_rooftop,"11200 SW 8th St, Miami, FL 33174, USA"
ENT-001045,1,env_labs_standardized.csv,Southeastern Minnesota Water Analysis Laboratory,,TNI01186,,Rochester,Minnesota,,,env_labs,https://www.olmstedcounty.gov/residents/services-individuals-families/health-medical-wellbeing/food-water-air/southeastern-minnesota-water-analysis-laboratory,,waterlab@olmstedcounty.gov,,,,,,,,found_via_search,found_via_fallback_search,"no_pages_fetched_ok (pages_checked=1,fetched_ok=0,total_text_chars=0)",found_via_fallback_search,"no_pages_fetched_ok (pages_checked=1,fetched_ok=0,total_text_chars=0)","no_pages_fetched_ok (pages_checked=1,fetched_ok=0,total_text_chars=0)",Southeastern Minnesota Water Analysis Laboratory,True,HQ Lab @ Southeastern Minnesota Water Analysis Laboratory,44.0193287,-92.45883270000002,google_approximate,"Rochester, MN, USA"
ENT-001046,1,env_labs_standardized.csv,SOUTHERN CAYUGA LAKE INTERMUNICIPAL WATER,,TNI01522,1402 East Shore Drive,ITHACA,New York,,,env_labs,https://www.boltonpoint.org/,Glenn Ratajczak,scliwc@boltonpoint.org,,,,,,no_explicit_gmp,False,found_via_search,extracted,found_via_fallback_search,extracted,extracted,"checked_pages_not_found (pages_checked=6,fetched_ok=6,total_text_chars=14922)",SOUTHERN CAYUGA LAKE INTERMUNICIPAL WATER,True,HQ Lab @ SOUTHERN CAYUGA LAKE INTERMUNICIPAL WATER,42.4982055,-76.51067230000001,google_rooftop,"1402 E Shore Dr, Ithaca, NY 14850, USA"
ENT-001047,1,env_labs_standardized.csv,Southern Nevada Water Authority (SNWA) Water Quality (WQ) Laboratory,,TNI02751,,Henderson,Nevada,,,env_labs,https://www.snwa.com/water-quality/,Todd Tietjen,Todd.Tietjen@snwa.com,,,,,,,,found_via_search,"no_pages_fetched_ok (pages_checked=1,fetched_ok=0,total_text_chars=0)",found_via_fallback_search,found_via_fallback_search,"no_pages_fetched_ok (pages_checked=1,fetched_ok=0,total_text_chars=0)","no_pages_fetched_ok (pages_checked=1,fetched_ok=0,total_text_chars=0)",Southern Nevada Water Authority SNWA Water Quality WQ Laboratory,True,HQ Lab @ Southern Nevada Water Authority SNWA Water Quality WQ Laboratory,36.0395247,-114.9817213,google_approximate,"Henderson, NV, USA"
ENT-001048,1,env_labs_standardized.csv,"Southern Research Laboratories, Inc.",,TNI00572,"279 Douglas Ave, Suite 1110",Altamonte Springs,Florida,,,env_labs,https://srlab.com/,helen.turner@srlab.com,sales@srlab.com,,,,,,no_explicit_gmp,True,found_via_search,extracted,extracted,extracted,extracted,extracted,Southern Research Laboratories,True,HQ Lab @ Southern Research Laboratories,28.6650113,-81.3894078,google_rooftop,"279 Douglas Ave #1110, Altamonte Springs, FL 32714, USA"
ENT-001049,1,env_labs_standardized.csv,Southern Utah University Water Laboratory,,TNI01999,351 W. University Dr.,Cedar City,Utah,,,env_labs,https://www.suu.edu/waterlab/,"Kim Weaver, Ph.D.",waterlab@suu.edu,,,,,,no_explicit_gmp,False,found_via_search,extracted,extracted,extracted,extracted,"checked_pages_not_found (pages_checked=7,fetched_ok=7,total_text_chars=14079)",Southern Utah University Water Laboratory,True,HQ Lab @ Southern Utah University Water Laboratory,37.6758885,-113.0734252,google_geometric_center,"351 W University Blvd, Cedar City, UT 84720, USA"
ENT-001050,1,env_labs_standardized.csv,Southwest Florida Water Management District,,TNI00573,,Brooksville,Florida,,,env_labs,https://www.swfwmd.state.fl.us/,,,,,,,,,,found_via_search,found_via_fallback_search,"no_pages_fetched_ok (pages_checked=1,fetched_ok=0,total_text_chars=0)","no_pages_fetched_ok (pages_checked=1,fetched_ok=0,total_text_chars=0)","no_pages_fetched_ok (pages_checked=1,fetched_ok=0,total_text_chars=0)","no_pages_fetched_ok (pages_checked=1,fetched_ok=0,total_text_chars=0)",Southwest Florida Water Management District,True,HQ Lab @ Southwest Florida Water Management District,28.5552719,-82.3878709,google_approximate,"Brooksville, FL, USA"
ENT-001051,1,env_labs_standardized.csv,Southwest Health and Human Services,,TNI01079,,Marshall,Minnesota,,,env_labs,https://swmhhs.com/,Carol Biren,Carol.Biren@swmhhs.com,,,,,,,,found_via_search,found_via_fallback_search,found_via_fallback_search,found_via_fallback_search,"no_pages_fetched_ok (pages_checked=1,fetched_ok=0,total_text_chars=0)","no_pages_fetched_ok (pages_checked=1,fetched_ok=0,total_text_chars=0)",Southwest Health and Human Services,True,HQ Lab @ Southwest Health and Human Services,44.448423,-95.79119159999999,google_approximate,"Marshall, MN 56258, USA"
ENT-001052,1,env_labs_standardized.csv,Southwest Research Institute,,TNI00024,6220 Culebra Road,San Antonio,Texas,,,env_labs,https://www.swri.org/,"Maria Stothoff, Director",ask@swri.org,,,,,,explicit_gmp,True,found_via_search,extracted,extracted,found_via_fallback_search,found_via_fallback_search,extracted,Southwest Research Institute,True,HQ Lab @ Southwest Research Institute,29.4515077,-98.61106869999999,google_geometric_center,"6220 Culebra Rd, San Antonio, TX 78238, USA"
ENT-001053,1,env_labs_standardized.csv,Southwest Utah Public Health Laboratory,,TNI02252,620 South 400 East St.,St. George,Utah,,,env_labs,https://swuhealth.gov/,"David W. Blodgett, MD, MPH",info@swuhealth.gov,,,,,,no_explicit_gmp,False,found_via_search,extracted,found_via_fallback_search,extracted,extracted,"checked_pages_not_found (pages_checked=8,fetched_ok=8,total_text_chars=45867)",Southwest Utah Public Health Laboratory,True,HQ Lab @ Southwest Utah Public Health Laboratory,37.09767069999999,-113.5755205,google_rooftop,"620 S 400 E, St. George, UT 84770, USA"
ENT-001054,1,env_labs_standardized.csv,SPEC LAB LLC,,TNI02896,"1505 Franklin Blvd., RM 204",Eugene,Oregon,,,env_labs,https://speclabllc.com/,Brooke Baker,speclab@speclabllc.com,,,,,,no_explicit_gmp,True,found_via_search,extracted,extracted,extracted,extracted,extracted,SPEC LAB,True,HQ Lab @ SPEC LAB,44.0469583,-123.0706423,google_rooftop,"Knight Campus Innovation Center, 1505 Franklin Blvd Rm 204, Eugene, OR 97403, USA"
ENT-001055,1,env_labs_standardized.csv,Specialty Analytical,,TNI02773,9011 SE Jannsen Rd.,Clackamas,Oregon,,,env_labs,https://www.specialtyanalytical.com/,Marty French Laboratory Director & CEO,info@specialtyanalytical.com,,,,,,no_explicit_gmp,True,found_via_search,extracted,extracted,extracted,extracted,extracted,Specialty Analytical,True,HQ Lab @ Specialty Analytical,45.41469379999999,-122.5719772,google_rooftop,"9011 SE Jannsen Rd, Clackamas, OR 97015, USA"
ENT-001056,1,env_labs_standardized.csv,Spectrum laboratories,,TNI02552,"400 S. 4th Street, Suite 500",Layton,Utah,,,env_labs,https://urineluck.com/,,[email protected],,,,,,no_explicit_gmp,True,found_via_search,extracted,"checked_pages_not_found (pages_checked=5,fetched_ok=5,total_text_chars=20839)",extracted,extracted,extracted,Spectrum laboratories,True,HQ Lab @ Spectrum laboratories,41.0602216,-111.9710529,google_approximate,"Layton, UT, USA"
ENT-001057,1,env_labs_standardized.csv,Spheros Environmental,,TNI02491,,Port Gamble,Washington,,,env_labs,https://spherosenv.com/,Amanda Schumacher,,,,,,,,,found_via_search,found_via_fallback_search,found_via_fallback_search,"no_pages_fetched_ok (pages_checked=1,fetched_ok=0,total_text_chars=0)","no_pages_fetched_ok (pages_checked=1,fetched_ok=0,total_text_chars=0)","no_pages_fetched_ok (pages_checked=1,fetched_ok=0,total_text_chars=0)",Spheros Environmental,True,HQ Lab @ Spheros Environmental,47.8542606,-122.5837581,google_approximate,"Port Gamble, WA 98370, USA"
ENT-001058,1,env_labs_standardized.csv,Spheros Environmental Group Parent Inc.,,TNI00464,,Alachua,Florida,,,env_labs,,,,,,,,,,,search_found_nothing,no_website_fallback_search_failed,no_website_cannot_check_pages,no_website_cannot_check_pages,no_website_cannot_check_pages,no_website_cannot_check_pages,Spheros Environmental Group Parent,True,HQ Lab @ Spheros Environmental Group Parent,29.7938144,-82.49442260000001,google_approximate,"Alachua, FL, USA"
ENT-001059,1,env_labs_standardized.csv,SPL - Reading,,TNI02148,"4600 Business Park Blvd, Unit D-22",Reading,Pennsylvania,,,env_labs,https://spllabs.com/,,info@spllabs.com,,,,,,no_explicit_gmp,True,found_via_search,extracted,"checked_pages_not_found (pages_checked=8,fetched_ok=8,total_text_chars=66740)",extracted,extracted,extracted,SPL,False,Reading Lab @ SPL,40.3369615,-75.9214385,google_approximate,"Reading, PA, USA"
ENT-001060,1,env_labs_standardized.csv,SPL – Round Rock,,TNI00023,,Round Rock,Texas,,,env_labs,https://spllabs.com/,James Wright,info@spllabs.com,,,,,,no_explicit_gmp,True,found_via_search,found_via_fallback_search,found_via_fallback_search,extracted,extracted,extracted,SPL,False,Round Rock Lab @ SPL,30.5082551,-97.678896,google_approximate,"Round Rock, TX, USA"
ENT-001061,1,env_labs_standardized.csv,"SPL, Inc – Kilgore",,TNI00014,,Kilgore,Texas,,,env_labs,https://spllabs.com/water,,info@spllabs.com,,,,,,no_explicit_gmp,True,found_via_search,found_via_fallback_search,"checked_pages_not_found (pages_checked=8,fetched_ok=8,total_text_chars=61884)",extracted,extracted,extracted,SPL,False,Kilgore Lab @ SPL,32.3862619,-94.87577089999999,google_approximate,"Kilgore, TX 75662, USA"
ENT-001062,1,env_labs_standardized.csv,"SPL, Inc. – Plano",,TNI00036,,Plano,Texas,,,env_labs,https://spllabs.com/,,info@spllabs.com,,,,,,explicit_gmp,True,found_via_search,found_via_fallback_search,"checked_pages_not_found (pages_checked=8,fetched_ok=8,total_text_chars=66740)",extracted,found_via_fallback_search,extracted,SPL,False,Plano Lab @ SPL,33.0216577,-96.6979973,google_approximate,"Plano, TX, USA"
ENT-001063,1,env_labs_standardized.csv,"SPL, Inc.-Conroe",,TNI00040,130 S Trade Center Pkwy,Conroe,Texas,,,env_labs,https://spllabs.com/,,info@spllabs.com,,,,,,no_explicit_gmp,True,found_via_search,found_via_fallback_search,"checked_pages_not_found (pages_checked=8,fetched_ok=8,total_text_chars=66740)",extracted,extracted,extracted,SPL,False,Conroe Lab @ SPL,30.2104529,-95.4501835,google_rooftop,"130 S Trade Center Pkwy, Conroe, TX 77385, USA"
ENT-001064,1,env_labs_standardized.csv,Spring Street Analytical Laboratory,,TNI00229,,Klamath Falls,Oregon,,,env_labs,http://www.springstreetanalytical.com/,,waterlab@springstreetanalytical.com,,,,,,,,found_via_search,found_via_fallback_search,"no_pages_fetched_ok (pages_checked=1,fetched_ok=0,total_text_chars=0)",found_via_fallback_search,"no_pages_fetched_ok (pages_checked=1,fetched_ok=0,total_text_chars=0)","no_pages_fetched_ok (pages_checked=1,fetched_ok=0,total_text_chars=0)",Spring Street Analytical Laboratory,True,HQ Lab @ Spring Street Analytical Laboratory,42.224867,-121.7816704,google_approximate,"Klamath Falls, OR, USA"
ENT-001065,1,env_labs_standardized.csv,SRN Testing Services,,TNI02690,2258 Southwind Blvd,Bartlett,Illinois,,,env_labs,https://srntest.com/,"Michelle Carpenter, PhD",mcarpenter@srntest.com,,,,,,,,found_via_search,found_via_fallback_search,found_via_fallback_search,found_via_fallback_search,"no_pages_fetched_ok (pages_checked=1,fetched_ok=0,total_text_chars=0)","no_pages_fetched_ok (pages_checked=1,fetched_ok=0,total_text_chars=0)",SRN Testing Services,True,HQ Lab @ SRN Testing Services,41.99073509999999,-88.2668941,google_rooftop,"2258 Southwind Blvd, Bartlett, IL 60103, USA"
ENT-001066,1,env_labs_standardized.csv,St George RWRF Laboratory,,TNI02000,2176 W. Treatment Plant Rd.,St George,Utah,,,env_labs,https://www.sgcity.org/pretreatmentprogram/,Juliette Curtis / Pretreatment Coordinator,[email protected],,,,,,no_explicit_gmp,False,found_via_search,extracted,extracted,extracted,extracted,"checked_pages_not_found (pages_checked=8,fetched_ok=2,total_text_chars=15796)",St George RWRF Laboratory,True,HQ Lab @ St George RWRF Laboratory,37.0407206,-113.6305075,google_geometric_center,"2176 Treatment Plant Rd, St. George, UT 84790, USA"
ENT-001067,1,env_labs_standardized.csv,St. Cloud Public Utilities - Water,,TNI01086,1201 7th Street South,St Cloud,Minnesota,,,env_labs,https://ci.stcloud.mn.us/PublicUtilities,Luke Langner,,,,,,,no_explicit_gmp,False,found_via_search,extracted,found_via_fallback_search,"checked_pages_not_found (pages_checked=8,fetched_ok=7,total_text_chars=61010)",extracted,"checked_pages_not_found (pages_checked=8,fetched_ok=7,total_text_chars=61010)",St Cloud Public Utilities Water,True,HQ Lab @ St Cloud Public Utilities Water,45.55356219999999,-94.1652641,google_rooftop,"1201 7th St S, St Cloud, MN 56301, USA"
ENT-001068,1,env_labs_standardized.csv,St. Johns County Utility Department Environmental Laboratory,,TNI00577,860 W 16th St,St. Augustine,Florida,,,env_labs,https://www.sjcfl.us/,,,,,,,,,,found_via_search,found_via_fallback_search,"no_pages_fetched_ok (pages_checked=1,fetched_ok=0,total_text_chars=0)","no_pages_fetched_ok (pages_checked=1,fetched_ok=0,total_text_chars=0)","no_pages_fetched_ok (pages_checked=1,fetched_ok=0,total_text_chars=0)","no_pages_fetched_ok (pages_checked=1,fetched_ok=0,total_text_chars=0)",St Johns County Utility Department Environmental Laboratory,True,HQ Lab @ St Johns County Utility Department Environmental Laboratory,29.8554681,-81.2913866,google_rooftop,"860 W 16th St, St. Augustine, FL 32080, USA"
ENT-001069,1,env_labs_standardized.csv,St. Johns River Water Management District,,TNI00578,4049 Reid Street,Palatka,Florida,,,env_labs,https://www.sjrwmd.com/,Dean Dobberfuhl,ddobberfuhl@sjrwmd.com,,,,,,,,found_via_search,found_via_fallback_search,found_via_fallback_search,found_via_fallback_search,"no_pages_fetched_ok (pages_checked=1,fetched_ok=0,total_text_chars=0)","no_pages_fetched_ok (pages_checked=1,fetched_ok=0,total_text_chars=0)",St Johns River Water Management District,True,HQ Lab @ St Johns River Water Management District,29.664222,-81.6922115,google_rooftop,"4049 Reid St, Palatka, FL 32177, USA"
ENT-001070,1,env_labs_standardized.csv,St. Petersburg Environmental Compliance Division Laboratory,,TNI00579,,St. Petersburg,Florida,,,env_labs,,,,,,,,,,,search_found_nothing,found_via_fallback_search,no_website_cannot_check_pages,no_website_cannot_check_pages,no_website_cannot_check_pages,no_website_cannot_check_pages,St Petersburg Environmental Compliance Division Laboratory,True,HQ Lab @ St Petersburg Environmental Compliance Division Laboratory,27.7671271,-82.6384451,google_approximate,"St. Petersburg, FL, USA"
ENT-001071,1,env_labs_standardized.csv,State Hygienic Laboratory at The University of Iowa - Ankeny,,TNI01231,2220 S. Ankeny Blvd,Ankeny,Iowa,,,env_labs,https://shl.uiowa.edu/,"Michael Pentella, Ph.D.",ask-shl@uiowa.edu,,,,,,no_explicit_gmp,False,found_via_search,extracted,extracted,extracted,extracted,"checked_pages_not_found (pages_checked=8,fetched_ok=8,total_text_chars=25937)",State Hygienic Laboratory at The University of Iowa,False,Ankeny Lab @ State Hygienic Laboratory at The University of Iowa,41.7082927,-93.6173417,google_rooftop,"2220 S Ankeny Blvd, Ankeny, IA 50023, USA"
ENT-001072,1,env_labs_standardized.csv,State Hygienic Laboratory at The University of Iowa - Coralville,,TNI01227,2490 Crosspark Road,Coralville,Iowa,,,env_labs,https://shl.uiowa.edu/,"Michael Pentella, Ph.D.",ask-shl@uiowa.edu,,,,,,no_explicit_gmp,False,found_via_search,extracted,extracted,extracted,extracted,"checked_pages_not_found (pages_checked=8,fetched_ok=8,total_text_chars=25937)",State Hygienic Laboratory at The University of Iowa,False,Coralville Lab @ State Hygienic Laboratory at The University of Iowa,41.7076749,-91.60665949999999,google_rooftop,"2490 Crosspark Rd, Coralville, IA 52241, USA"
ENT-001073,1,env_labs_standardized.csv,State Hygienic Laboratory at The University of Iowa - Lakeside,,TNI02235,1838 Highway 86,Milford,Iowa,,,env_labs,https://shl.uiowa.edu/,"Michael Pentella, Ph.D.",ask-shl@uiowa.edu,,,,,,no_explicit_gmp,False,found_via_search,extracted,extracted,extracted,extracted,"checked_pages_not_found (pages_checked=8,fetched_ok=8,total_text_chars=25937)",State Hygienic Laboratory at The University of Iowa Lakeside,True,HQ Lab @ State Hygienic Laboratory at The University of Iowa Lakeside,43.3800611,-95.1846496,google_rooftop,"1838 IA-86, Milford, IA 51351, USA"
ENT-001074,1,env_labs_standardized.csv,Sterling Labs (fka Environmental Monitoring and Tech),,TNI02029,509 North 3rd Avenue,Des Plaines,Illinois,,,env_labs,https://www.thesterlinglab.com/,Amanda Smith,info@thesterlinglab.com,,,,,,no_explicit_gmp,True,found_via_search,extracted,extracted,extracted,extracted,extracted,Sterling Labs fka Environmental Monitoring and Tech,True,HQ Lab @ Sterling Labs fka Environmental Monitoring and Tech,42.0616057,-87.9023874,google_rooftop,"509 N 3rd Ave, Des Plaines, IL 60016, USA"
ENT-001075,1,env_labs_standardized.csv,Sterling Labs (fka STAT Analytical),,TNI00230,509 North 3rd Avenue,Chicago,Illinois,,,env_labs,https://www.thesterlinglab.com/,Amanda Smith,info@thesterlinglab.com,,,,,,no_explicit_gmp,True,found_via_search,extracted,extracted,extracted,extracted,extracted,Sterling Labs fka STAT Analytical,True,HQ Lab @ Sterling Labs fka STAT Analytical,41.8921971,-87.8366687,google_rooftop,"509 N 3rd Ave, Maywood, IL 60153, USA"
ENT-001076,1,env_labs_standardized.csv,"Steven M. Traut Wells, Inc.",,TNI01191,,Alexandria,Minnesota,,,env_labs,https://www.trautwellsalex.com/,,,,,,,,no_explicit_gmp,True,found_via_search,found_via_fallback_search,"checked_pages_not_found (pages_checked=5,fetched_ok=5,total_text_chars=27372)","checked_pages_not_found (pages_checked=5,fetched_ok=5,total_text_chars=27372)",extracted,extracted,Steven M Traut Wells,True,HQ Lab @ Steven M Traut Wells,45.8848164,-95.3776663,google_approximate,"Alexandria, MN 56308, USA"
ENT-001077,1,env_labs_standardized.csv,"Stillmeadow, Inc.",,TNI00131,12852 Park One Drive,Sugar Land,Texas,,,env_labs,https://www.stillmeadow.com/,Scott Sabol – President,info@stillmeadow.com,,,,,,no_explicit_gmp,True,found_via_search,extracted,extracted,extracted,extracted,extracted,Stillmeadow,True,HQ Lab @ Stillmeadow,29.6430773,-95.6104141,google_rooftop,"12852 Park 1 Dr, Sugar Land, TX 77478, USA"
ENT-001078,1,env_labs_standardized.csv,Stock Island Pump Station Lab,,TNI00435,,Key West,Florida,,,env_labs,,,,,,,,,,,search_found_nothing,no_website_fallback_search_failed,no_website_cannot_check_pages,no_website_cannot_check_pages,no_website_cannot_check_pages,no_website_cannot_check_pages,Stock Island Pump Station Lab,True,HQ Lab @ Stock Island Pump Station Lab,24.5550593,-81.7799871,google_approximate,"Key West, FL 33040, USA"
ENT-001079,1,env_labs_standardized.csv,STRIDE Center for PFAS Solutions,,TNI02750,272 Quigley Blvd,New Castle,Delaware,,,env_labs,https://www.pfasolutions.org/,"Charles Powley, PhD",info@PFASolutions.org,,,,,,no_explicit_gmp,True,found_via_search,extracted,extracted,extracted,extracted,extracted,STRIDE Center for PFAS Solutions,True,HQ Lab @ STRIDE Center for PFAS Solutions,39.661879,-75.6040043,google_rooftop,"272 Quigley Blvd, New Castle, DE 19720, USA"
ENT-001080,1,env_labs_standardized.csv,STURGEON POINT WATER TREATMENT PLANT,,TNI01545,295 Main Street Room 350,DERBY,New York,,,env_labs,https://www.ecwa.org/,Jennifer L. Hibit,info@ecwa.org,,,,,,no_explicit_gmp,False,found_via_search,extracted,extracted,extracted,extracted,"checked_pages_not_found (pages_checked=8,fetched_ok=8,total_text_chars=22235)",STURGEON POINT WATER TREATMENT PLANT,True,HQ Lab @ STURGEON POINT WATER TREATMENT PLANT,40.7783394,-73.7252007,google_rooftop,"295 NY-25A #350, Great Neck, NY 11021, USA"
ENT-001081,1,env_labs_standardized.csv,SUFFOLK CO PUBLIC ENV HEALTH LAB,,TNI01575,,HAUPPAUGE,New York,,,env_labs,https://www.suffolkcountyny.gov/,"Natalia Medvedeva, PhD",,,,,,,,,found_via_search,found_via_fallback_search,found_via_fallback_search,"no_pages_fetched_ok (pages_checked=1,fetched_ok=0,total_text_chars=0)","no_pages_fetched_ok (pages_checked=1,fetched_ok=0,total_text_chars=0)","no_pages_fetched_ok (pages_checked=1,fetched_ok=0,total_text_chars=0)",SUFFOLK CO PUBLIC ENV HEALTH LAB,True,HQ Lab @ SUFFOLK CO PUBLIC ENV HEALTH LAB,40.8256536,-73.2026138,google_approximate,"Hauppauge, NY, USA"
ENT-001082,1,env_labs_standardized.csv,SUFFOLK COUNTY WATER AUTHORITY LABORATORY,,TNI01504,4060 Sunrise Highway,HAUPPAUGE,New York,,,env_labs,https://www.scwa.com/,Thomas Schneider,,,,,,,no_explicit_gmp,False,found_via_search,extracted,extracted,"checked_pages_not_found (pages_checked=8,fetched_ok=8,total_text_chars=41887)",extracted,"checked_pages_not_found (pages_checked=8,fetched_ok=8,total_text_chars=41887)",SUFFOLK COUNTY WATER AUTHORITY LABORATORY,True,HQ Lab @ SUFFOLK COUNTY WATER AUTHORITY LABORATORY,40.748266,-73.1367069,google_rooftop,"4060 Sunrise Hwy, Oakdale, NY 11769, USA"
ENT-001083,1,env_labs_standardized.csv,Summit County Health Department Laboratory,,TNI02001,,Coalville,Utah,,,env_labs,https://summitcountyhealth.org/,"Dr. Phil Bondurant, MPH, LEHS",pbondurant@summitcountyutah.gov,,,,,,,,found_via_search,found_via_fallback_search,found_via_fallback_search,found_via_fallback_search,"no_pages_fetched_ok (pages_checked=1,fetched_ok=0,total_text_chars=0)","no_pages_fetched_ok (pages_checked=1,fetched_ok=0,total_text_chars=0)",Summit County Health Department Laboratory,True,HQ Lab @ Summit County Health Department Laboratory,40.9177251,-111.3993634,google_approximate,"Coalville, UT 84017, USA"
ENT-001084,1,env_labs_standardized.csv,"Summit Environmental Technologies, Inc. - GA",,TNI00584,2608 Eatonton Hwy.,Haddock,Georgia,,,env_labs,https://settek.com/,,,,,,,,,,found_via_search,found_via_fallback_search,"no_pages_fetched_ok (pages_checked=1,fetched_ok=0,total_text_chars=0)","no_pages_fetched_ok (pages_checked=1,fetched_ok=0,total_text_chars=0)","no_pages_fetched_ok (pages_checked=1,fetched_ok=0,total_text_chars=0)","no_pages_fetched_ok (pages_checked=1,fetched_ok=0,total_text_chars=0)",Summit Environmental Technologies,True,HQ Lab @ Summit Environmental Technologies,33.1655309,-83.4423745,google_rooftop,"2608 Eatonton Hwy, Haddock, GA 31033, USA"
ENT-001085,1,env_labs_standardized.csv,"Summit Scientific Services, LLC (VIN 070808322480)",,TNI02427,158 Monument Road,Heber City,Utah,,,env_labs,https://www.summitscientificservices.co.za/,,[email protected],,,,,,no_explicit_gmp,True,found_via_search,extracted,"checked_pages_not_found (pages_checked=8,fetched_ok=8,total_text_chars=13089)",extracted,extracted,extracted,Summit Scientific Services,True,HQ Lab @ Summit Scientific Services,40.492847,-111.4132897,google_approximate,"Heber City, UT 84032, USA"
ENT-001086,1,env_labs_standardized.csv,Sunbelt Solomon Laboratory,,TNI00565,,Decatur,Tennessee,,,env_labs,https://sunbeltsolomon.com/,,info@sunbeltsolomon.com,,,,,,no_explicit_gmp,True,found_via_search,extracted,extracted,extracted,extracted,extracted,Sunbelt Solomon Laboratory,False,Decatur Lab @ Sunbelt Solomon Laboratory,35.5147939,-84.7902223,google_approximate,"Decatur, TN 37322, USA"
ENT-001087,1,env_labs_standardized.csv,Sunbelt Solomon Laboratory,,TNI01936,129 W Main St,Solomon,Kansas,,,env_labs,https://sunbeltsolomon.com/,,,,,,,,,,found_via_search,found_via_fallback_search,"no_pages_fetched_ok (pages_checked=1,fetched_ok=0,total_text_chars=0)","no_pages_fetched_ok (pages_checked=1,fetched_ok=0,total_text_chars=0)","no_pages_fetched_ok (pages_checked=1,fetched_ok=0,total_text_chars=0)","no_pages_fetched_ok (pages_checked=1,fetched_ok=0,total_text_chars=0)",Sunbelt Solomon Laboratory,True,HQ Lab @ Sunbelt Solomon Laboratory,38.9157007,-97.3721535,google_rooftop,"129 W Main St, Solomon, KS 67480, USA"
ENT-001088,1,env_labs_standardized.csv,Sunbelt Solomon Laboratory - TX,,TNI02363,1922 Martin Luther King Jr Dr,Temple,Texas,,,env_labs,https://sunbeltsolomon.com/,,,,,,,,,,found_via_search,found_via_fallback_search,"no_pages_fetched_ok (pages_checked=1,fetched_ok=0,total_text_chars=0)","no_pages_fetched_ok (pages_checked=1,fetched_ok=0,total_text_chars=0)","no_pages_fetched_ok (pages_checked=1,fetched_ok=0,total_text_chars=0)","no_pages_fetched_ok (pages_checked=1,fetched_ok=0,total_text_chars=0)",Sunbelt Solomon Laboratory TX,True,HQ Lab @ Sunbelt Solomon Laboratory TX,31.0771185,-97.3368023,google_rooftop,"1922 Martin Luther King Jr Dr, Temple, TX 76504, USA"
ENT-001089,1,env_labs_standardized.csv,SUNY-BROCKPORT LIMNOLOGY LABORATORY,,TNI02787,,BROCKPORT,New York,,,env_labs,,,,,,,,,,,search_found_nothing,found_via_fallback_search,no_website_cannot_check_pages,no_website_cannot_check_pages,no_website_cannot_check_pages,no_website_cannot_check_pages,SUNY BROCKPORT LIMNOLOGY LABORATORY,True,HQ Lab @ SUNY BROCKPORT LIMNOLOGY LABORATORY,43.2136713,-77.9391797,google_approximate,"Brockport, NY 14420, USA"
ENT-001090,1,env_labs_standardized.csv,Superior National Forest Laboratory,,TNI01149,,Ely,Minnesota,,,env_labs,,,,,,,,,,,search_found_nothing,no_website_fallback_search_failed,no_website_cannot_check_pages,no_website_cannot_check_pages,no_website_cannot_check_pages,no_website_cannot_check_pages,Superior National Forest Laboratory,True,HQ Lab @ Superior National Forest Laboratory,47.9032372,-91.8670873,google_approximate,"Ely, MN 55731, USA"
ENT-001091,1,env_labs_standardized.csv,"SVL Analytical, Inc.",,TNI00586,,Kellogg,Idaho,,,env_labs,https://www.svl.net/,Michael Desmarais,michael@svl.net,,,,,,,,found_via_search,found_via_fallback_search,found_via_fallback_search,found_via_fallback_search,"no_pages_fetched_ok (pages_checked=1,fetched_ok=0,total_text_chars=0)","no_pages_fetched_ok (pages_checked=1,fetched_ok=0,total_text_chars=0)",SVL Analytical,True,HQ Lab @ SVL Analytical,47.5361665,-116.1281193,google_approximate,"Kellogg, ID, USA"
ENT-001092,1,env_labs_standardized.csv,Sweetwater - Nolan County Health Department,,TNI00089,301 E. 12th St.,Sweetwater,Texas,,,env_labs,https://nolancountyhealth.com/,"Jamie Mena, RN",jmena@nolancountyhealth.com,,,,,,,,found_via_search,found_via_fallback_search,found_via_fallback_search,found_via_fallback_search,"no_pages_fetched_ok (pages_checked=1,fetched_ok=0,total_text_chars=0)","no_pages_fetched_ok (pages_checked=1,fetched_ok=0,total_text_chars=0)",Sweetwater Nolan County Health Department,True,HQ Lab @ Sweetwater Nolan County Health Department,32.4787489,-100.4096101,google_rooftop,"301 E 12th St, Sweetwater, TX 79556, USA"
ENT-001093,1,env_labs_standardized.csv,"Symbio Laboratories US, LLC",,TNI02799,,San Diego,California,,,env_labs,https://symbiolabs.us/,Mr. Erick Thacker,questions@symbiolabs.us,,,,,,,,found_via_search,found_via_fallback_search,found_via_fallback_search,found_via_fallback_search,"no_pages_fetched_ok (pages_checked=1,fetched_ok=0,total_text_chars=0)","no_pages_fetched_ok (pages_checked=1,fetched_ok=0,total_text_chars=0)",Symbio Laboratories US,True,HQ Lab @ Symbio Laboratories US,32.715738,-117.1610838,google_approximate,"San Diego, CA, USA"
ENT-001094,1,env_labs_standardized.csv,Systech Environmental Corporation,,TNI01896,6211 N. Ann Arbor Road,Fredonia,Kansas,,,env_labs,https://www.go2systech.com/,,,,,,,,no_explicit_gmp,True,found_via_search,extracted,"checked_pages_not_found (pages_checked=8,fetched_ok=8,total_text_chars=24838)","checked_pages_not_found (pages_checked=8,fetched_ok=8,total_text_chars=24838)",extracted,extracted,Systech Environmental,True,HQ Lab @ Systech Environmental,37.5339386,-95.8266483,google_approximate,"Fredonia, KS 66736, USA"
ENT-001095,1,env_labs_standardized.csv,"Talquin Electric Cooperative, Inc.",,TNI00587,1640 West Jefferson Street,Tallahassee,Florida,,,env_labs,https://www.talquinelectric.com/,"John Hallas, Ph.D.",,,,,,,no_explicit_gmp,False,found_via_search,extracted,extracted,"checked_pages_not_found (pages_checked=8,fetched_ok=8,total_text_chars=35501)",extracted,"checked_pages_not_found (pages_checked=8,fetched_ok=8,total_text_chars=35501)",Talquin Electric Cooperative,True,HQ Lab @ Talquin Electric Cooperative,30.43971909999999,-84.30046449999999,google_range_interpolated,"1640 W Jefferson St, Tallahassee, FL 32304, USA"
ENT-001096,1,env_labs_standardized.csv,Tampa Bay Water,,TNI00589,8865 Pump Station Road,Land O'Lakes,Florida,,,env_labs,https://www.tampabaywater.org/,,feedback@tampabaywater.org,,,,,,,,found_via_search,found_via_fallback_search,"no_pages_fetched_ok (pages_checked=1,fetched_ok=0,total_text_chars=0)",found_via_fallback_search,"no_pages_fetched_ok (pages_checked=1,fetched_ok=0,total_text_chars=0)","no_pages_fetched_ok (pages_checked=1,fetched_ok=0,total_text_chars=0)",Tampa Bay Water,True,HQ Lab @ Tampa Bay Water,28.2867962,-82.4243537,google_rooftop,"8865 Pump Station Rd, Land O' Lakes, FL 34639, USA"
ENT-001097,1,env_labs_standardized.csv,Tampa Electric Company Laboratory Services,,TNI00590,,Tampa,Florida,,,env_labs,https://www.tampaelectric.com/company/businessresources/laboratoryservices/,"Peggy Penner, Manager, Laboratory Services",papenner@tecoenergy.com,,,,,,no_explicit_gmp,False,found_via_search,found_via_fallback_search,found_via_fallback_search,found_via_fallback_search,extracted,"checked_pages_not_found (pages_checked=8,fetched_ok=8,total_text_chars=121026)",Tampa Electric Company Laboratory Services,True,HQ Lab @ Tampa Electric Company Laboratory Services,27.9516896,-82.45875269999999,google_approximate,"Tampa, FL, USA"
ENT-001098,1,env_labs_standardized.csv,Tarrant County Public Health Laboratory,,TNI00118,,Fort Worth,Texas,,,env_labs,https://www.tarrantcountytx.gov/,,nturnage@tarrantcounty.com,,,,,,no_explicit_gmp,False,found_via_search,found_via_fallback_search,"checked_pages_not_found (pages_checked=8,fetched_ok=8,total_text_chars=64262)",found_via_fallback_search,extracted,"checked_pages_not_found (pages_checked=8,fetched_ok=8,total_text_chars=64262)",Tarrant County Public Health Laboratory,True,HQ Lab @ Tarrant County Public Health Laboratory,32.7554883,-97.3307658,google_approximate,"Fort Worth, TX, USA"
ENT-001099,1,env_labs_standardized.csv,TCEQ Air and Emissions Laboratory,,TNI01406,12100 Park 35 Circle,Austin,Texas,,,env_labs,https://www.tceq.texas.gov/,,info@tceq.texas.gov,,,,,,no_explicit_gmp,False,found_via_search,extracted,"checked_pages_not_found (pages_checked=8,fetched_ok=8,total_text_chars=29873)",extracted,extracted,"checked_pages_not_found (pages_checked=8,fetched_ok=8,total_text_chars=29873)",TCEQ Air and Emissions Laboratory,True,HQ Lab @ TCEQ Air and Emissions Laboratory,30.3940999,-97.67516669999999,google_rooftop,"12100 Park 35 Cir, Austin, TX 78753, USA"
ENT-001100,1,env_labs_standardized.csv,TCEQ Sugar Land Laboratory,,TNI01407,12100 Park 35 Circle,Sugar Land,Texas,,,env_labs,https://www.tceq.texas.gov/,,info@tceq.texas.gov,,,,,,no_explicit_gmp,False,found_via_search,extracted,"checked_pages_not_found (pages_checked=8,fetched_ok=8,total_text_chars=29873)",extracted,extracted,"checked_pages_not_found (pages_checked=8,fetched_ok=8,total_text_chars=29873)",TCEQ Sugar Land Laboratory,True,HQ Lab @ TCEQ Sugar Land Laboratory,29.5846679,-95.6668499,google_range_interpolated,"12100 Coley Park #35, Sugar Land, TX 77479, USA"
ENT-001101,1,env_labs_standardized.csv,"TechLaw, Inc.  ESAT Region 8",,TNI02263,1 Denver Federal Center Building 25,Denver,Colorado,,,env_labs,https://www.techlawinc.com/,,info@techlawinc.com,,,,,,no_explicit_gmp,True,found_via_search,extracted,"checked_pages_not_found (pages_checked=8,fetched_ok=8,total_text_chars=24401)",extracted,extracted,extracted,TechLaw,True,HQ Lab @ TechLaw,39.7226639,-105.1165774,google_rooftop,"1 Denver Federal Ctr #25, Denver, CO 80215, USA"
ENT-001102,1,env_labs_standardized.csv,Technical Services Laboratory,,TNI01900,,Hays,Kansas,,,env_labs,,,,,,,,,,,search_found_nothing,no_website_fallback_search_failed,no_website_cannot_check_pages,no_website_cannot_check_pages,no_website_cannot_check_pages,no_website_cannot_check_pages,Technical Services Laboratory,True,HQ Lab @ Technical Services Laboratory,38.87584349999999,-99.3283696,google_approximate,"Hays, KS 67601, USA"
ENT-001103,1,env_labs_standardized.csv,Technical Testing International dba TTI Environmental Labs,,TNI00106,800 106th St,Arlington,Texas,,,env_labs,https://www.ttilabs.com/,,,,,,,,no_explicit_gmp,True,found_via_search,extracted,"checked_pages_not_found (pages_checked=8,fetched_ok=8,total_text_chars=68355)","checked_pages_not_found (pages_checked=8,fetched_ok=8,total_text_chars=68355)",extracted,extracted,Technical Testing International,True,HQ Lab @ Technical Testing International,32.7546591,-97.0593281,google_rooftop,"800 106th St, Arlington, TX 76011, USA"
ENT-001104,1,env_labs_standardized.csv,Techtron Environmental Solutions,,TNI01122,,Anoka,Minnesota,,,env_labs,https://www.techtronenv.com/,,info@techtronenv.com,,,,,,no_explicit_gmp,True,found_via_search,extracted,"checked_pages_not_found (pages_checked=8,fetched_ok=8,total_text_chars=22585)",extracted,extracted,extracted,Techtron Environmental Solutions,True,HQ Lab @ Techtron Environmental Solutions,45.1977428,-93.3871758,google_approximate,"Anoka, MN, USA"
ENT-001105,1,env_labs_standardized.csv,"Teklab, Inc-Bluff Rd",,TNI01408,120 United Drive,Collinsville,Illinois,,,env_labs,https://www.teklabinc.com/,Sherri Jones,cbogner@teklabinc.com,,,,,,no_explicit_gmp,True,found_via_search,extracted,extracted,found_via_fallback_search,extracted,extracted,Teklab,True,HQ Lab @ Teklab,38.68889220000001,-90.01772509999999,google_rooftop,"120 United Dr, Collinsville, IL 62234, USA"
ENT-001106,1,env_labs_standardized.csv,"Teklab, Incorporated",,TNI02051,120 United Drive,Collinsville,Illinois,,,env_labs,https://www.teklabinc.com/,,,,,,,,no_explicit_gmp,True,found_via_search,extracted,"checked_pages_not_found (pages_checked=8,fetched_ok=8,total_text_chars=58898)","checked_pages_not_found (pages_checked=8,fetched_ok=8,total_text_chars=58898)",extracted,extracted,Teklab Incorporated,True,HQ Lab @ Teklab Incorporated,38.68889220000001,-90.01772509999999,google_rooftop,"120 United Dr, Collinsville, IL 62234, USA"
ENT-001107,1,env_labs_standardized.csv,Teledyne Brown Engineering Environmental Services,,TNI01754,,Knoxville,Tennessee,,,env_labs,https://www.tbe.com/,,,,,,,,no_explicit_gmp,True,found_via_search,found_via_fallback_search,"pages_likely_js_rendered (pages_checked=1,fetched_ok=1,total_text_chars=196)","pages_likely_js_rendered (pages_checked=1,fetched_ok=1,total_text_chars=196)",extracted,extracted,Teledyne Brown Engineering Environmental Services,True,HQ Lab @ Teledyne Brown Engineering Environmental Services,35.965266,-83.923304,google_approximate,"Knoxville, TN, USA"
ENT-001108,1,env_labs_standardized.csv,"Test,  Inc.",,TNI02052,,Peru,Illinois,,,env_labs,https://testinc.com/,Chris Perra – President,cperra@testinc.com,,,,,,no_explicit_gmp,True,found_via_search,found_via_fallback_search,extracted,extracted,extracted,extracted,Test,True,HQ Lab @ Test,41.3275349,-89.1289728,google_approximate,"Peru, IL, USA"
ENT-001109,1,env_labs_standardized.csv,Tetra Tech Inc Ecological Testing Facility,,TNI01317,,Owings Mills,Maryland,,,env_labs,https://www.tetratech.com/,Marcus Bowersox,Marcus.Bowersox@tetratech.com,,,,,,,,found_via_search,found_via_fallback_search,found_via_fallback_search,found_via_fallback_search,"no_pages_fetched_ok (pages_checked=1,fetched_ok=0,total_text_chars=0)","no_pages_fetched_ok (pages_checked=1,fetched_ok=0,total_text_chars=0)",Tetra Tech,True,HQ Lab @ Tetra Tech,39.4195499,-76.7802528,google_approximate,"Owings Mills, MD, USA"
ENT-001110,1,env_labs_standardized.csv,Texas Department of State Health Services / South Texas Laboratory,,TNI00097,1301 S. Rangerville Road,Harlingen,Texas,,,env_labs,https://www.dshs.texas.gov/laboratory-services/south-texas-laboratory,Diagnostic Serology Section Chief,aurora.martinez@dshs.texas.gov,,,,,,no_explicit_gmp,False,found_via_search,found_via_fallback_search,extracted,found_via_fallback_search,extracted,"checked_pages_not_found (pages_checked=8,fetched_ok=8,total_text_chars=123847)",Texas Department of State Health Services South Texas Laboratory,True,HQ Lab @ Texas Department of State Health Services South Texas Laboratory,26.1603775,-97.70563700000001,google_rooftop,"1301 S Rangerville Rd, Harlingen, TX 78552, USA"
ENT-001111,1,env_labs_standardized.csv,Texas Department of State Health Services Laboratory - Austin,,TNI00082,1100 West 49th Street,Austin,Texas,,,env_labs,https://www.dshs.texas.gov/laboratory-services,Diagnostic Serology Section Chief,labinfo@dshs.texas.gov,,,,,,no_explicit_gmp,False,found_via_search,extracted,extracted,extracted,extracted,"checked_pages_not_found (pages_checked=8,fetched_ok=8,total_text_chars=115990)",Texas Department of State Health Services Laboratory,True,HQ Lab @ Texas Department of State Health Services Laboratory,30.3192321,-97.7353268,google_geometric_center,"1100 W 49th St, Austin, TX 78756, USA"
ENT-001112,1,env_labs_standardized.csv,Texas Institute for Applied Environmental Research (TIAER),,TNI00043,,Stephenville,Texas,,,env_labs,https://www.tarleton.edu/tiaer/,"Dr. Ali Saleh, Ph.D.",saleh@tarleton.edu,,,,,,,,found_via_search,found_via_fallback_search,found_via_fallback_search,found_via_fallback_search,"no_pages_fetched_ok (pages_checked=1,fetched_ok=0,total_text_chars=0)","no_pages_fetched_ok (pages_checked=1,fetched_ok=0,total_text_chars=0)",Texas Institute for Applied Environmental Research TIAER,True,HQ Lab @ Texas Institute for Applied Environmental Research TIAER,32.2206958,-98.2022633,google_approximate,"Stephenville, TX 76401, USA"
ENT-001113,1,env_labs_standardized.csv,Texas Research Institute for Environmental Studies,,TNI02108,,Huntsville,Texas,,,env_labs,https://www.shsu.edu/dept/tries/index.html,,,,,,,,,,found_via_search,found_via_fallback_search,"no_pages_fetched_ok (pages_checked=1,fetched_ok=0,total_text_chars=0)","no_pages_fetched_ok (pages_checked=1,fetched_ok=0,total_text_chars=0)","no_pages_fetched_ok (pages_checked=1,fetched_ok=0,total_text_chars=0)","no_pages_fetched_ok (pages_checked=1,fetched_ok=0,total_text_chars=0)",Texas Research Institute for Environmental Studies,True,HQ Lab @ Texas Research Institute for Environmental Studies,30.7235263,-95.55077709999999,google_approximate,"Huntsville, TX, USA"
ENT-001114,1,env_labs_standardized.csv,THE LAB,,TNI02596,70 Westchester Ave,POUND RIDGE,New York,,,env_labs,https://thelab.eco/,,,,,,,,no_explicit_gmp,True,found_via_search,extracted,"checked_pages_not_found (pages_checked=5,fetched_ok=5,total_text_chars=14669)","checked_pages_not_found (pages_checked=5,fetched_ok=5,total_text_chars=14669)",extracted,extracted,THE LAB,True,HQ Lab @ THE LAB,41.1900442,-73.5517059,google_rooftop,"70 Westchester Ave, Pound Ridge, NY 10576, USA"
ENT-001115,1,env_labs_standardized.csv,"THE METRO GROUP, INC.",,TNI02585,50-23 Twenty-Third Street,LONG ISLAND CITY,New York,,,env_labs,https://www.metrogroupinc.com/,"John Caloritis , CWT",sales@metrogroupinc.com,,,,,,no_explicit_gmp,True,found_via_search,extracted,extracted,found_via_fallback_search,extracted,extracted,THE METRO GROUP,True,HQ Lab @ THE METRO GROUP,40.7408083,-73.9470955,google_rooftop,"50-23 23rd St, Long Island City, NY 11101, USA"
ENT-001116,1,env_labs_standardized.csv,The Texas Water Lab,,TNI02870,,Waller,Texas,,,env_labs,,,,,,,,,,,search_found_nothing,no_website_fallback_search_failed,no_website_cannot_check_pages,no_website_cannot_check_pages,no_website_cannot_check_pages,no_website_cannot_check_pages,The Texas Water Lab,True,HQ Lab @ The Texas Water Lab,30.0566085,-95.9268986,google_approximate,"Waller, TX, USA"
ENT-001117,1,env_labs_standardized.csv,The Village of Palm Springs Water Treatment Plant,,TNI00344,226 Cypress Lane,Palm Springs,Florida,,,env_labs,https://www.vpsfl.org/,,,,,,,,no_explicit_gmp,False,found_via_search,extracted,"checked_pages_not_found (pages_checked=6,fetched_ok=6,total_text_chars=22630)","checked_pages_not_found (pages_checked=6,fetched_ok=6,total_text_chars=22630)",extracted,"checked_pages_not_found (pages_checked=6,fetched_ok=6,total_text_chars=22630)",The Village of Palm Springs Water Treatment Plant,True,HQ Lab @ The Village of Palm Springs Water Treatment Plant,26.6406186,-80.0952037,google_rooftop,"226 Cypress Ln, Palm Springs, FL 33461, USA"
ENT-001118,1,env_labs_standardized.csv,"The Water Shed Laboratories, Inc.",,TNI00605,304 S. Spring Garden Ave.,Deland,Florida,,,env_labs,https://www.watershedlab.com/,George Taylor,WaterShedLab@aol.com,,,,,,no_explicit_gmp,True,found_via_search,extracted,found_via_fallback_search,extracted,extracted,extracted,The Water Shed Laboratories,True,HQ Lab @ The Water Shed Laboratories,29.0250813,-81.3243432,google_rooftop,"304 Spg Gdn Ave S, DeLand, FL 32720, USA"
ENT-001119,1,env_labs_standardized.csv,The Water Spigot,,TNI00606,5806 East Hwy 22,Panama City,Florida,,,env_labs,http://thewaterspigot.com,,trish@thewaterspigot.com,,,,,,no_explicit_gmp,True,found_via_search,extracted,"checked_pages_not_found (pages_checked=5,fetched_ok=4,total_text_chars=6091)",found_via_fallback_search,extracted,extracted,The Water Spigot,True,HQ Lab @ The Water Spigot,30.152727,-85.5879377,google_rooftop,"5806 FL-22, Panama City, FL 32404, USA"
ENT-001120,1,env_labs_standardized.csv,Timpanogos Special Service District,,TNI02003,6400 North 5050 West,American Fork,Utah,,,env_labs,https://timpssd.org/,Richard Mickelsen,info@timssd.gov,,,,,,no_explicit_gmp,False,found_via_search,extracted,extracted,extracted,extracted,"checked_pages_not_found (pages_checked=7,fetched_ok=7,total_text_chars=16312)",Timpanogos Special Service District,True,HQ Lab @ Timpanogos Special Service District,40.346107,-111.7797802,google_rooftop,"6400 N 5050 W, American Fork, UT 84003, USA"
ENT-001121,1,env_labs_standardized.csv,Timpview Analytical Laboratories,,TNI02004,1384 West 130 South,Orem,Utah,,,env_labs,http://www.timpviewlabs.com/,,info@timpview.com,,,,,,,,found_via_search,found_via_fallback_search,"no_pages_fetched_ok (pages_checked=1,fetched_ok=0,total_text_chars=0)",found_via_fallback_search,"no_pages_fetched_ok (pages_checked=1,fetched_ok=0,total_text_chars=0)","no_pages_fetched_ok (pages_checked=1,fetched_ok=0,total_text_chars=0)",Timpview Analytical Laboratories,True,HQ Lab @ Timpview Analytical Laboratories,40.2957587,-111.7284051,google_rooftop,"1384 W 130 S, Orem, UT 84058, USA"
ENT-001122,1,env_labs_standardized.csv,Toho Water Authority Laboratory,,TNI00607,951 Martin Luther King Blvd.,Kissimmee,Florida,,,env_labs,https://www.tohowater.com/,,customerservice@tohowater.com,,,,,,no_explicit_gmp,False,found_via_search,extracted,"checked_pages_not_found (pages_checked=8,fetched_ok=8,total_text_chars=69385)",extracted,extracted,"checked_pages_not_found (pages_checked=8,fetched_ok=8,total_text_chars=69385)",Toho Water Authority Laboratory,True,HQ Lab @ Toho Water Authority Laboratory,28.2977911,-81.4134478,google_rooftop,"951 M.L.K. Jr Blvd, Kissimmee, FL 34741, USA"
ENT-001123,1,env_labs_standardized.csv,TONAWANDA (T) WASTEWATER,,TNI01464,2919 Delaware Ave #14,TONAWANDA,New York,,,env_labs,https://www.tonawanda.ny.us/,Jason Koepsell,JKoepsell@northtonawanda.org,,,,,,no_explicit_gmp,False,found_via_search,extracted,found_via_fallback_search,found_via_fallback_search,extracted,"checked_pages_not_found (pages_checked=8,fetched_ok=8,total_text_chars=83608)",TONAWANDA T WASTEWATER,True,HQ Lab @ TONAWANDA T WASTEWATER,42.9636468,-78.869781,google_rooftop,"2919 Delaware Ave #14, Kenmore, NY 14217, USA"
ENT-001124,1,env_labs_standardized.csv,TONAWANDA (T) WATER TREATMENT PLANT,,TNI01450,2919 Delaware Ave #14,TONAWANDA,New York,,,env_labs,https://www.tonawanda.ny.us/,Jason W. Koepsell,jkoepsell@northtonawanda.org,,,,,,no_explicit_gmp,False,found_via_search,extracted,found_via_fallback_search,found_via_fallback_search,extracted,"checked_pages_not_found (pages_checked=8,fetched_ok=8,total_text_chars=83608)",TONAWANDA T WATER TREATMENT PLANT,True,HQ Lab @ TONAWANDA T WATER TREATMENT PLANT,42.9636468,-78.869781,google_rooftop,"2919 Delaware Ave #14, Kenmore, NY 14217, USA"
ENT-001125,1,env_labs_standardized.csv,Topeka Municipal Wastewater Laboratory,,TNI01940,,Topeka,Kansas,,,env_labs,,,,,,,,,,,search_found_nothing,no_website_fallback_search_failed,no_website_cannot_check_pages,no_website_cannot_check_pages,no_website_cannot_check_pages,no_website_cannot_check_pages,Topeka Municipal Wastewater Laboratory,True,HQ Lab @ Topeka Municipal Wastewater Laboratory,39.0473451,-95.67515759999999,google_approximate,"Topeka, KS, USA"
ENT-001126,1,env_labs_standardized.csv,Topeka Municipal Water Treatment Laboratory,,TNI01939,3245 NW Water Works Dr,Topeka,Kansas,,,env_labs,https://topeka.gov/,,,,,,,,no_explicit_gmp,False,found_via_search,found_via_fallback_search,"checked_pages_not_found (pages_checked=8,fetched_ok=8,total_text_chars=44238)","checked_pages_not_found (pages_checked=8,fetched_ok=8,total_text_chars=44238)",extracted,"checked_pages_not_found (pages_checked=8,fetched_ok=8,total_text_chars=44238)",Topeka Municipal Water Treatment Laboratory,True,HQ Lab @ Topeka Municipal Water Treatment Laboratory,39.0698542,-95.7148459,google_geometric_center,"3245 NW Water Works Dr, Topeka, KS 66606, USA"
ENT-001127,1,env_labs_standardized.csv,TOTAL WATER LABORATORIES LLC,,TNI02107,515 Old South 5,CAMDENTON,Missouri,,,env_labs,https://www.totalwaterlabs.com/,Kelly Goss,kellygoss@totalwaterlabs.com,,,,,,no_explicit_gmp,True,found_via_search,extracted,extracted,extracted,extracted,extracted,TOTAL WATER LABORATORIES,True,HQ Lab @ TOTAL WATER LABORATORIES,37.9316635,-92.7067376,google_geometric_center,"Old South 5, Missouri, USA"
ENT-001128,1,env_labs_standardized.csv,Town of Jupiter Water System,,TNI00609,210 Military Trail,Jupiter,Florida,,,env_labs,https://www.jupiter.fl.us/,,waterquality@jupiter.fl.us,,,,,,no_explicit_gmp,False,found_via_search,extracted,"checked_pages_not_found (pages_checked=7,fetched_ok=7,total_text_chars=22915)",found_via_fallback_search,extracted,"checked_pages_not_found (pages_checked=7,fetched_ok=7,total_text_chars=22915)",Town of Jupiter Water System,True,HQ Lab @ Town of Jupiter Water System,26.9322072,-80.1034059,google_rooftop,"210 Military Trail, Jupiter, FL 33458, USA"
ENT-001129,1,env_labs_standardized.csv,TOWN OF LEWISTON,,TNI01455,1375 Ridge Road,LEWISTON,New York,,,env_labs,https://www.townoflewistonny.gov/,Jeffrey Ritter,,,,,,,no_explicit_gmp,False,found_via_search,extracted,found_via_fallback_search,"checked_pages_not_found (pages_checked=4,fetched_ok=4,total_text_chars=14549)",extracted,"checked_pages_not_found (pages_checked=4,fetched_ok=4,total_text_chars=14549)",TOWN OF,True,HQ Lab @ TOWN OF,43.1794952,-78.9845127,google_rooftop,"1375 Ridge Rd, Lewiston, NY 14092, USA"
ENT-001130,1,env_labs_standardized.csv,"TOWN OF ORANGETOWN, SEWER DEPARTMENT",,TNI01572,,ORANGEBURG,New York,,,env_labs,https://www.orangetown.com/,Eamon Reilly,ereilly@orangetown.com,,,,,,,,found_via_search,found_via_fallback_search,found_via_fallback_search,found_via_fallback_search,"no_pages_fetched_ok (pages_checked=1,fetched_ok=0,total_text_chars=0)","no_pages_fetched_ok (pages_checked=1,fetched_ok=0,total_text_chars=0)",TOWN OF ORANGETOWN SEWER DEPARTMENT,True,HQ Lab @ TOWN OF ORANGETOWN SEWER DEPARTMENT,41.0468361,-73.9451952,google_approximate,"Orangeburg, NY, USA"
ENT-001131,1,env_labs_standardized.csv,TRA RS&C Laboratory,,TNI00074,,Dallas,Texas,,,env_labs,https://www.trinityra.org/,,,,,,,,no_explicit_gmp,False,found_via_search,extracted,"checked_pages_not_found (pages_checked=8,fetched_ok=7,total_text_chars=37285)","checked_pages_not_found (pages_checked=8,fetched_ok=7,total_text_chars=37285)",extracted,"checked_pages_not_found (pages_checked=8,fetched_ok=7,total_text_chars=37285)",TRA RSC Laboratory,True,HQ Lab @ TRA RSC Laboratory,32.7766642,-96.79698789999999,google_approximate,"Dallas, TX, USA"
ENT-001132,1,env_labs_standardized.csv,Trace Analytical,,TNI02768,,Muskegon,Michigan,,,env_labs,https://trace-labs.com/,Jon Mink,info@trace-labs.com,,,,,,,,found_via_search,found_via_fallback_search,found_via_fallback_search,found_via_fallback_search,"no_pages_fetched_ok (pages_checked=1,fetched_ok=0,total_text_chars=0)","no_pages_fetched_ok (pages_checked=1,fetched_ok=0,total_text_chars=0)",Trace Analytical,True,HQ Lab @ Trace Analytical,43.2341813,-86.24839209999999,google_approximate,"Muskegon, MI, USA"
ENT-001133,1,env_labs_standardized.csv,Traut Water Analysis Lab,,TNI01150,32640 Cty Rd 133,St Joseph,Minnesota,,,env_labs,https://www.trautcompanies.com/,Mark Traut,kelseyk@trautcompanies.com,,,,,,no_explicit_gmp,True,found_via_search,extracted,extracted,found_via_fallback_search,extracted,extracted,Traut Water Analysis Lab,True,HQ Lab @ Traut Water Analysis Lab,45.5953196,-94.26791399999999,google_rooftop,"32640 Co Rd 133, St Joseph, MN 56374, USA"
ENT-001134,1,env_labs_standardized.csv,TRC ENVIRONMENTAL CORPORATION,,TNI01634,,WINDSOR,Connecticut,,,env_labs,https://www.trccompanies.com/,"Laura Ramey, Chief People Officer",cstopper@trccompanies.com,,,,,,no_explicit_gmp,True,found_via_search,extracted,extracted,found_via_fallback_search,extracted,extracted,TRC ENVIRONMENTAL,True,HQ Lab @ TRC ENVIRONMENTAL,41.8525984,-72.64370219999999,google_approximate,"Windsor, CT, USA"
ENT-001135,1,env_labs_standardized.csv,"TRE Environmental Strategies, LLC",,TNI00257,,Fort Collins,Colorado,,,env_labs,https://treenvironmental.com/,David Pillard,pillardda.tre@gmail.com,,,,,,,,found_via_search,found_via_fallback_search,found_via_fallback_search,found_via_fallback_search,"no_pages_fetched_ok (pages_checked=1,fetched_ok=0,total_text_chars=0)","no_pages_fetched_ok (pages_checked=1,fetched_ok=0,total_text_chars=0)",TRE Environmental Strategies,True,HQ Lab @ TRE Environmental Strategies,40.5852602,-105.084423,google_approximate,"Fort Collins, CO, USA"
ENT-001136,1,env_labs_standardized.csv,Tremonton Waste Water Treatment Plant Laboratory,,TNI02006,,Tremonton,Utah,,,env_labs,,,,,,,,,,,search_found_nothing,found_via_fallback_search,no_website_cannot_check_pages,no_website_cannot_check_pages,no_website_cannot_check_pages,no_website_cannot_check_pages,Tremonton Waste Water Treatment Plant Laboratory,True,HQ Lab @ Tremonton Waste Water Treatment Plant Laboratory,41.71187279999999,-112.1655079,google_approximate,"Tremonton, UT 84337, USA"
ENT-001137,1,env_labs_standardized.csv,Tri-City/William Lloyd Analytical Lab,,TNI01130,9300 Poplar Bridge Road,Bloomington,Minnesota,,,env_labs,https://www.bloomingtonmn.gov/util/utilities-division,,,,,,,,,,found_via_search,found_via_fallback_search,"no_pages_fetched_ok (pages_checked=1,fetched_ok=0,total_text_chars=0)","no_pages_fetched_ok (pages_checked=1,fetched_ok=0,total_text_chars=0)","no_pages_fetched_ok (pages_checked=1,fetched_ok=0,total_text_chars=0)","no_pages_fetched_ok (pages_checked=1,fetched_ok=0,total_text_chars=0)",Tri CityWilliam Lloyd Analytical Lab,True,HQ Lab @ Tri CityWilliam Lloyd Analytical Lab,44.8352229,-93.34802239999999,google_geometric_center,"9300 Poplar Bridge Rd, Bloomington, MN 55437, USA"
ENT-001138,1,env_labs_standardized.csv,"Tri-State Laboratory Services, LLC",,TNI02240,"160 Lank Branch, Suite #1",Pikeville,Kentucky,,,env_labs,,,,,,,,,,,search_found_nothing,found_via_fallback_search,no_website_cannot_check_pages,no_website_cannot_check_pages,no_website_cannot_check_pages,no_website_cannot_check_pages,Tri State Laboratory Services,True,HQ Lab @ Tri State Laboratory Services,37.4601011,-82.51765189999999,google_approximate,"Lank Branch, Pikeville, KY 41501, USA"
ENT-001139,1,env_labs_standardized.csv,"Tri-Tech Laboratories, Inc.",,TNI00612,,Orlando,Florida,,,env_labs,https://www.tritechlabs.com/,Linda Trytek,,,,,,,,,found_via_search,found_via_fallback_search,found_via_fallback_search,"no_pages_fetched_ok (pages_checked=1,fetched_ok=0,total_text_chars=0)","no_pages_fetched_ok (pages_checked=1,fetched_ok=0,total_text_chars=0)","no_pages_fetched_ok (pages_checked=1,fetched_ok=0,total_text_chars=0)",Tri Tech Laboratories,True,HQ Lab @ Tri Tech Laboratories,28.5383832,-81.3789269,google_approximate,"Orlando, FL, USA"
ENT-001140,1,env_labs_standardized.csv,TriCounty Health Department Environmental Laboratory,,TNI02007,Vernal 133 South 500 East,Vernal,Utah,,,env_labs,https://www.tricountyhealthut.gov/,Sydnee Lyons,publiccomment@tricountyhealthut.gov,,,,,,no_explicit_gmp,False,found_via_search,extracted,extracted,extracted,extracted,"checked_pages_not_found (pages_checked=8,fetched_ok=8,total_text_chars=37326)",TriCounty Health Department Environmental Laboratory,True,HQ Lab @ TriCounty Health Department Environmental Laboratory,40.45416609999999,-109.518134,google_rooftop,"133 S 500 E, Vernal, UT 84078, USA"
ENT-001141,1,env_labs_standardized.csv,Trinity River Authority Lake Livingston Project Laboratory,,TNI00070,5170 S. FM 1988,Livingston,Texas,,,env_labs,http://www.trinityra.org/,,aguayot@trinityra.org,,,,,,no_explicit_gmp,False,found_via_search,extracted,"checked_pages_not_found (pages_checked=8,fetched_ok=7,total_text_chars=37285)",found_via_fallback_search,extracted,"checked_pages_not_found (pages_checked=8,fetched_ok=7,total_text_chars=37285)",Trinity River Authority Lake Livingston Project Laboratory,True,HQ Lab @ Trinity River Authority Lake Livingston Project Laboratory,30.6352618,-95.00719509999999,google_geometric_center,"5170 FM Rd 1988, Livingston, TX 77351, USA"
ENT-001142,1,env_labs_standardized.csv,TROY (C) PUBLIC UTILITY DEPARTMENT,,TNI01507,"433 River Street, Suite 5001",TROY,New York,,,env_labs,https://www.troyny.gov/,,maps@troyny.gov,,,,,,no_explicit_gmp,False,found_via_search,extracted,"checked_pages_not_found (pages_checked=7,fetched_ok=7,total_text_chars=19834)",found_via_fallback_search,extracted,"checked_pages_not_found (pages_checked=7,fetched_ok=7,total_text_chars=19834)",TROY C PUBLIC UTILITY DEPARTMENT,True,HQ Lab @ TROY C PUBLIC UTILITY DEPARTMENT,42.7375431,-73.6871718,google_rooftop,"433 River St Ste 5001, Troy, NY 12180, USA"
ENT-001143,1,env_labs_standardized.csv,TUNXIS LABORATORIES LLC,,TNI02528,,PLAINVILLE,Connecticut,,,env_labs,https://www.tunxislabs.com/,Alan Jacobs,,,,,,,,,found_via_search,found_via_fallback_search,found_via_fallback_search,"no_pages_fetched_ok (pages_checked=1,fetched_ok=0,total_text_chars=0)","no_pages_fetched_ok (pages_checked=1,fetched_ok=0,total_text_chars=0)","no_pages_fetched_ok (pages_checked=1,fetched_ok=0,total_text_chars=0)",TUNXIS LABORATORIES,True,HQ Lab @ TUNXIS LABORATORIES,41.6757457,-72.86336349999999,google_approximate,"Plainville, CT 06062, USA"
ENT-001144,1,env_labs_standardized.csv,"Turquoise Analytics, LLC",,TNI02803,,Traverse City,Michigan,,,env_labs,,,,,,,,,,,search_found_nothing,no_website_fallback_search_failed,no_website_cannot_check_pages,no_website_cannot_check_pages,no_website_cannot_check_pages,no_website_cannot_check_pages,Turquoise Analytics,True,HQ Lab @ Turquoise Analytics,44.7628849,-85.6210036,google_approximate,"Traverse City, MI, USA"
ENT-001145,1,env_labs_standardized.csv,"Twin City Water Clinic, Inc.",,TNI01148,,Hopkins,Minnesota,,,env_labs,https://www.twincitywaterclinic.com/,John VanArsdale,info@twincitywaterclinic.com,,,,,,no_explicit_gmp,True,found_via_search,extracted,extracted,extracted,extracted,extracted,Twin City Water Clinic,True,HQ Lab @ Twin City Water Clinic,44.9244005,-93.41143989999999,google_approximate,"Hopkins, MN, USA"
ENT-001146,1,env_labs_standardized.csv,"U.S. Region 9 Lab - Corvallis, OR",,TNI02772,200 SW 35th Street,Corvallis,Oregon,,,env_labs,https://www.epa.gov/aboutepa/r9-regional-lab,Alex Brewer,brewer.alex@epa.gov,,,,,,no_explicit_gmp,False,found_via_search,extracted,extracted,extracted,extracted,"checked_pages_not_found (pages_checked=8,fetched_ok=8,total_text_chars=43827)",US Region 9 Lab Corvallis OR,True,HQ Lab @ US Region 9 Lab Corvallis OR,44.5654092,-123.291873,google_geometric_center,"200 SW 35th St, Corvallis, OR 97333, USA"
ENT-001147,1,env_labs_standardized.csv,U.S. Water Services Corporation,,TNI00614,4939 Cross Bayou Blvd.,Marathon,Florida,,,env_labs,https://www.uswatercorp.com/,,info@uswaterservices.com,,,,,,no_explicit_gmp,True,found_via_search,extracted,"checked_pages_not_found (pages_checked=7,fetched_ok=5,total_text_chars=46663)",found_via_fallback_search,extracted,extracted,US Water Services,True,HQ Lab @ US Water Services,28.2420061,-82.7323536,google_rooftop,"4939 Cross Bayou Blvd, New Port Richey, FL 34652, USA"
ENT-001148,1,env_labs_standardized.csv,UC Laboratory,,TNI01102,129 N Main St,Janesville,Minnesota,,,env_labs,https://uclaboratory.net/,Ben Schreader // CEO,ben@uclaboratory.net,,,,,,no_explicit_gmp,True,found_via_search,found_via_fallback_search,extracted,extracted,extracted,extracted,UC Laboratory,True,HQ Lab @ UC Laboratory,44.1159921,-93.70724109999999,google_rooftop,"129 N Main St, Janesville, MN 56048, USA"
ENT-001149,1,env_labs_standardized.csv,UF/IFAS Environmental Quality Laboratory,,TNI00615,2390 Mowry Road Building #631,Gainesville,Florida,,,env_labs,https://soilslab.ifas.ufl.edu/,Dr. Franta Majs,fmajs@ufl.edu,,,,,,no_explicit_gmp,False,found_via_search,extracted,extracted,extracted,extracted,"checked_pages_not_found (pages_checked=8,fetched_ok=8,total_text_chars=25016)",UFIFAS Environmental Quality Laboratory,True,HQ Lab @ UFIFAS Environmental Quality Laboratory,29.6383415,-82.3589843,google_rooftop,"2390 Mowry Rd #631, Gainesville, FL 32611, USA"
ENT-001150,1,env_labs_standardized.csv,UGRA Environmental Laboratory,,TNI00071,"125 Lehmann Drive, Suite 100",Kerrville,Texas,,,env_labs,https://www.ugra.org/,,,,,,,,,,found_via_search,found_via_fallback_search,"no_pages_fetched_ok (pages_checked=1,fetched_ok=0,total_text_chars=0)","no_pages_fetched_ok (pages_checked=1,fetched_ok=0,total_text_chars=0)","no_pages_fetched_ok (pages_checked=1,fetched_ok=0,total_text_chars=0)","no_pages_fetched_ok (pages_checked=1,fetched_ok=0,total_text_chars=0)",UGRA Environmental Laboratory,True,HQ Lab @ UGRA Environmental Laboratory,30.039558,-99.14651099999999,google_rooftop,"125 Lehmann Dr #100, Kerrville, TX 78028, USA"
ENT-001151,1,env_labs_standardized.csv,Umpqua Research Company,,TNI00236,,Myrtle Creek,Oregon,,,env_labs,https://umpquaresearch.com/,"Dan Phillips, Laboratory Manager",Lab@URCmail.net,,,,,,,,found_via_search,found_via_fallback_search,found_via_fallback_search,found_via_fallback_search,"no_pages_fetched_ok (pages_checked=1,fetched_ok=0,total_text_chars=0)","no_pages_fetched_ok (pages_checked=1,fetched_ok=0,total_text_chars=0)",Umpqua Research Company,False,Myrtle Creek Lab @ Umpqua Research Company,43.0201173,-123.2931205,google_approximate,"Myrtle Creek, OR 97457, USA"
ENT-001152,1,env_labs_standardized.csv,Umpqua Research Company (Bend),,TNI00237,738 SE Glenwood Drive,Bend,Oregon,,,env_labs,https://umpquaresearch.com/,,bendlab@urcmail.net,,,,,,,,found_via_search,found_via_fallback_search,"no_pages_fetched_ok (pages_checked=1,fetched_ok=0,total_text_chars=0)",found_via_fallback_search,"no_pages_fetched_ok (pages_checked=1,fetched_ok=0,total_text_chars=0)","no_pages_fetched_ok (pages_checked=1,fetched_ok=0,total_text_chars=0)",Umpqua Research Company,False,Bend Lab @ Umpqua Research Company,44.0512407,-121.2944203,google_rooftop,"738 SE Glenwood Dr, Bend, OR 97702, USA"
ENT-001153,1,env_labs_standardized.csv,Umpqua Research Company - Table Rock,,TNI02231,419 SW 5th Street,Pendleton,Oregon,,,env_labs,https://umpquaresearch.com/,,trlab@urcmail.net,,,,,,,,found_via_search,found_via_fallback_search,"no_pages_fetched_ok (pages_checked=1,fetched_ok=0,total_text_chars=0)",found_via_fallback_search,"no_pages_fetched_ok (pages_checked=1,fetched_ok=0,total_text_chars=0)","no_pages_fetched_ok (pages_checked=1,fetched_ok=0,total_text_chars=0)",Umpqua Research Company Table Rock,True,HQ Lab @ Umpqua Research Company Table Rock,45.6688291,-118.7909899,google_rooftop,"419 SW 5th St, Pendleton, OR 97801, USA"
ENT-001154,1,env_labs_standardized.csv,Universal Laboratories - Hampton,,TNI01262,,Hampton,Virginia,,,env_labs,https://www.universallaboratories.net/,,l.smith@universallaboratories.net,,,,,,no_explicit_gmp,True,found_via_search,found_via_fallback_search,"checked_pages_not_found (pages_checked=5,fetched_ok=3,total_text_chars=4791)",found_via_fallback_search,extracted,extracted,Universal Laboratories,True,HQ Lab @ Universal Laboratories,37.0298687,-76.34522179999999,google_approximate,"Hampton, VA, USA"
ENT-001155,1,env_labs_standardized.csv,"UNIVERSITY OF MARYLAND, CBL-NASL",,TNI02477,,SOLOMONS,Maryland,,,env_labs,https://www.umces.edu/collaborate/services-tools/nutrient-analytical-services-laboratory/,,wilson@cbl.umces.edu,,,,,,,,found_via_search,found_via_fallback_search,"no_pages_fetched_ok (pages_checked=1,fetched_ok=0,total_text_chars=0)",found_via_fallback_search,"no_pages_fetched_ok (pages_checked=1,fetched_ok=0,total_text_chars=0)","no_pages_fetched_ok (pages_checked=1,fetched_ok=0,total_text_chars=0)",UNIVERSITY OF MARYLAND CBL NASL,True,HQ Lab @ UNIVERSITY OF MARYLAND CBL NASL,38.3184577,-76.4541186,google_approximate,"Solomons, MD, USA"
ENT-001156,1,env_labs_standardized.csv,UNIVERSITY OF NEW HAMPSHIRE STORM WATER CENTER,,TNI02766,"Stormwater Center Facility West Edge Lot, NW Corner",DURHAM,New Hampshire,,,env_labs,https://extension.unh.edu/stormwater-center/,"Thomas P. Ballestero, P.E., Ph.D., P.H., C.G.W.P., P.G.",tom.ballestero@unh.edu,,,,,,no_explicit_gmp,False,found_via_search,extracted,extracted,extracted,extracted,"checked_pages_not_found (pages_checked=8,fetched_ok=7,total_text_chars=42488)",UNIVERSITY OF NEW HAMPSHIRE STORM WATER CENTER,True,HQ Lab @ UNIVERSITY OF NEW HAMPSHIRE STORM WATER CENTER,43.1412343,-70.9538338,google_geometric_center,"West Edge Lot, Durham, NH 03824, USA"
ENT-001157,1,env_labs_standardized.csv,University of West Florida Wetlands Research Laboratory,,TNI00619,11000 University Parkway,Pensacola,Florida,,,env_labs,https://uwf.edu/centers/environmental-diagnostics-and-bioremediation/resources/wetlands-research-laboratory/,Dr. Jane Caffrey,wetlandslab@uwf.edu,,,,,,no_explicit_gmp,False,found_via_search,extracted,extracted,extracted,extracted,"checked_pages_not_found (pages_checked=8,fetched_ok=8,total_text_chars=41045)",University of West Florida Wetlands Research Laboratory,True,HQ Lab @ University of West Florida Wetlands Research Laboratory,30.543426,-87.22149999999999,google_rooftop,"Baptist Student Center, 11000 University Pkwy, Pensacola, FL 32514, USA"
ENT-001158,1,env_labs_standardized.csv,Upper Leon River Municipal Water District,,TNI00161,2250 Highway 2861,Comanche,Texas,,,env_labs,https://www.ulrmwd.com/,,office@ulrmwd.com,,,,,,no_explicit_gmp,False,found_via_search,extracted,"checked_pages_not_found (pages_checked=5,fetched_ok=5,total_text_chars=9465)",extracted,extracted,"checked_pages_not_found (pages_checked=5,fetched_ok=5,total_text_chars=9465)",Upper Leon River Municipal Water District,True,HQ Lab @ Upper Leon River Municipal Water District,31.96548959999999,-98.517612,google_rooftop,"2250 Hwy 2861, Comanche, TX 76442, USA"
ENT-001159,1,env_labs_standardized.csv,UPSTATE FRESHWATER INSTITUTE,,TNI01704,224 Midler Park Drive,SYRACUSE,New York,,,env_labs,https://www.upstatefreshwater.org/,MaryGail Perkins,ginak@upstatefreshwater.org,,,,,,no_explicit_gmp,False,found_via_search,extracted,extracted,found_via_fallback_search,extracted,"checked_pages_not_found (pages_checked=5,fetched_ok=4,total_text_chars=13986)",UPSTATE FRESHWATER INSTITUTE,True,HQ Lab @ UPSTATE FRESHWATER INSTITUTE,43.07407329999999,-76.0972523,google_rooftop,"224 Midler Park Dr, Syracuse, NY 13206, USA"
ENT-001160,1,env_labs_standardized.csv,"US Army Corps of Engineers, Far East District",,TNI01232,"526-3 Bunji, Songhwa-ri, Pangseung, Pyeongtaek, Gyeonggi-do, South Korea (HQ USACE FED BLDG P12600 CP HUMPHREYS, Unit 15546)",Pyeongtaek,South Korea,,,env_labs,https://www.pof.usace.army.mil/,,DLL-CEPOF-PA@usace.army.mil,,,,,,,,found_via_search,found_via_fallback_search,"no_pages_fetched_ok (pages_checked=1,fetched_ok=0,total_text_chars=0)",found_via_fallback_search,"no_pages_fetched_ok (pages_checked=1,fetched_ok=0,total_text_chars=0)","no_pages_fetched_ok (pages_checked=1,fetched_ok=0,total_text_chars=0)",US Army Corps of Engineers Far East District,True,HQ Lab @ US Army Corps of Engineers Far East District,38.7945952,-106.5348379,google_approximate,United States
ENT-001161,1,env_labs_standardized.csv,"US Ecology Tampa, Inc.",,TNI02776,,Tampa,Florida,,,env_labs,https://www.usecology.com/,,,,,,,,no_explicit_gmp,True,found_via_search,found_via_fallback_search,"checked_pages_not_found (pages_checked=8,fetched_ok=8,total_text_chars=37183)","checked_pages_not_found (pages_checked=8,fetched_ok=8,total_text_chars=37183)",extracted,extracted,US Ecology,True,HQ Lab @ US Ecology,27.9516896,-82.45875269999999,google_approximate,"Tampa, FL, USA"
ENT-001162,1,env_labs_standardized.csv,US EPA NATIONAL ANALYTICAL RADIATION ENVIRONMENTAL LAB,,TNI00241,540 South Morris Avenue,MONTGOMERY,Alabama,,,env_labs,https://www.epa.gov/aboutepa/about-epas-national-analytical-radiation-environmental-laboratory-narel,"CAPT Jennifer Mosser , Acting Director",Mosser.Jennifer@epa.gov,,,,,,no_explicit_gmp,False,found_via_search,extracted,extracted,extracted,extracted,"checked_pages_not_found (pages_checked=8,fetched_ok=8,total_text_chars=35120)",US EPA NATIONAL ANALYTICAL RADIATION ENVIRONMENTAL LAB,True,HQ Lab @ US EPA NATIONAL ANALYTICAL RADIATION ENVIRONMENTAL LAB,32.4057217,-86.25430349999999,google_rooftop,"540 S Morris Ave, Montgomery, AL 36115, USA"
ENT-001163,1,env_labs_standardized.csv,US EPA/Region 8 Laboratory,,TNI02153,One Denver Federal Center Building 25,Lakewood,Colorado,,,env_labs,https://www.epa.gov/aboutepa/about-region-8s-laboratory-services,Tiago Seabra De Oliveira,SeabraDeOliveira.Tiago@epa.gov,,,,,,no_explicit_gmp,False,found_via_search,extracted,extracted,extracted,extracted,"checked_pages_not_found (pages_checked=8,fetched_ok=8,total_text_chars=42426)",US EPARegion 8 Laboratory,True,HQ Lab @ US EPARegion 8 Laboratory,39.71939,-105.1257128,google_rooftop,"Denver federal center Building, S 8th St, Denver, CO 80228, USA"
ENT-001164,1,env_labs_standardized.csv,US SALT LLC,,TNI01578,3580 Salt Point Rd,WATKINS GLEN,New York,,,env_labs,https://ussaltllc.com/,,,,,,,,no_explicit_gmp,True,found_via_search,extracted,"checked_pages_not_found (pages_checked=4,fetched_ok=4,total_text_chars=15096)","checked_pages_not_found (pages_checked=4,fetched_ok=4,total_text_chars=15096)",extracted,extracted,US SALT,True,HQ Lab @ US SALT,42.4068789,-76.88758179999999,google_rooftop,"3580 Salt Point Rd, Watkins Glen, NY 14891, USA"
ENT-001165,1,env_labs_standardized.csv,US Space Force - Cape Canaveral SFS Environmental Laboratory,,TNI00620,,CCSFS,Florida,,,env_labs,,,,,,,,,,,search_found_nothing,no_website_fallback_search_failed,no_website_cannot_check_pages,no_website_cannot_check_pages,no_website_cannot_check_pages,no_website_cannot_check_pages,US Space Force Cape Canaveral SFS Environmental Laboratory,True,HQ Lab @ US Space Force Cape Canaveral SFS Environmental Laboratory,28.4923776,-80.57685939999999,google_approximate,"Cape Canaveral Space Force Station, FL, USA"
ENT-001166,1,env_labs_standardized.csv,USEPA REGION 2 LABORATORY,,TNI00613,2890 Woodbridge Avenue,EDISON,New Jersey,,,env_labs,https://www.epa.gov/greeningepa/region-2-laboratory,Mohamed Amin,amin.mohamed@epa.gov,,,,,,no_explicit_gmp,False,found_via_search,extracted,extracted,extracted,extracted,"checked_pages_not_found (pages_checked=8,fetched_ok=8,total_text_chars=36308)",USEPA REGION 2 LABORATORY,True,HQ Lab @ USEPA REGION 2 LABORATORY,40.5123596,-74.3584992,google_rooftop,"2890 Woodbridge Ave, Edison, NJ 08837, USA"
ENT-001167,1,env_labs_standardized.csv,USGS NATIONAL WATER QUALITY LABORATORY,,TNI01740,,DENVER,Colorado,,,env_labs,https://www.usgs.gov/labs/national-water-quality-laboratory/,"Selene Hernandez Ruiz, PhD",shernandezruiz@usgs.gov,,,,,,no_explicit_gmp,False,found_via_search,"checked_pages_not_found (pages_checked=8,fetched_ok=8,total_text_chars=48074)",found_via_fallback_search,found_via_fallback_search,extracted,"checked_pages_not_found (pages_checked=8,fetched_ok=8,total_text_chars=48074)",USGS NATIONAL WATER QUALITY LABORATORY,True,HQ Lab @ USGS NATIONAL WATER QUALITY LABORATORY,39.7392358,-104.990251,google_approximate,"Denver, CO, USA"
ENT-001168,1,env_labs_standardized.csv,USGS NEW YORK WATER SCIENCE CENTER,,TNI01861,,TROY,New York,,,env_labs,https://www.usgs.gov/centers/new-york-water-science-center/,Robert Breault,rbreault@usgs.gov,,,,,,no_explicit_gmp,False,found_via_search,found_via_fallback_search,found_via_fallback_search,found_via_fallback_search,extracted,"checked_pages_not_found (pages_checked=8,fetched_ok=8,total_text_chars=49538)",USGS NEW YORK WATER SCIENCE CENTER,True,HQ Lab @ USGS NEW YORK WATER SCIENCE CENTER,42.7284117,-73.69178509999999,google_approximate,"Troy, NY, USA"
ENT-001169,1,env_labs_standardized.csv,Utah Public Health Laboratory,,TNI02771,4431 S 2700 W,Taylorsville,Utah,,,env_labs,https://uphl.utah.gov/,"Steve Abplanalp, MBA",info@utahpublichealthlab.com,,,,,,,,found_via_search,found_via_fallback_search,found_via_fallback_search,found_via_fallback_search,"no_pages_fetched_ok (pages_checked=1,fetched_ok=0,total_text_chars=0)","no_pages_fetched_ok (pages_checked=1,fetched_ok=0,total_text_chars=0)",Utah Public Health Laboratory,True,HQ Lab @ Utah Public Health Laboratory,40.6741547,-111.9562726,google_rooftop,"4431 S 2700 W, Taylorsville, UT 84129, USA"
ENT-001170,1,env_labs_standardized.csv,Utilities Commission New Smyrna Beach Laboratory,,TNI00621,200 Canal Street,New Smyrna Beach,Florida,,,env_labs,https://www.nsbufl.com/,,,,,,,,,,found_via_search,found_via_fallback_search,"no_pages_fetched_ok (pages_checked=1,fetched_ok=0,total_text_chars=0)","no_pages_fetched_ok (pages_checked=1,fetched_ok=0,total_text_chars=0)","no_pages_fetched_ok (pages_checked=1,fetched_ok=0,total_text_chars=0)","no_pages_fetched_ok (pages_checked=1,fetched_ok=0,total_text_chars=0)",Utilities Commission New Smyrna Beach Laboratory,True,HQ Lab @ Utilities Commission New Smyrna Beach Laboratory,29.0248715,-80.922361,google_rooftop,"200 Canal St, New Smyrna Beach, FL 32168, USA"
ENT-001171,1,env_labs_standardized.csv,VAN DE WATER TREATMENT PLANT,,TNI01719,"295 Main Street, Room 350",TONAWANDA,New York,,,env_labs,https://www.ecwa.org/,Jennifer L. Hibit,info@ecwa.org,,,,,,no_explicit_gmp,False,found_via_search,extracted,extracted,extracted,extracted,"checked_pages_not_found (pages_checked=8,fetched_ok=8,total_text_chars=22235)",VAN DE WATER TREATMENT PLANT,True,HQ Lab @ VAN DE WATER TREATMENT PLANT,43.0116459,-78.8789098,google_rooftop,"295 Main St #350, Tonawanda, NY 14150, USA"
ENT-001172,1,env_labs_standardized.csv,"VEOLIA NEW YORK, WESTCHESTER LAB",,TNI01611,,EASTCHESTER,New York,,,env_labs,,,,,,,,,,,search_found_nothing,found_via_fallback_search,no_website_cannot_check_pages,no_website_cannot_check_pages,no_website_cannot_check_pages,no_website_cannot_check_pages,VEOLIA NEW YORK WESTCHESTER LAB,True,HQ Lab @ VEOLIA NEW YORK WESTCHESTER LAB,40.95956049999999,-73.8095574,google_approximate,"Eastchester, NY, USA"
ENT-001173,1,env_labs_standardized.csv,VEOLIA WATER NJ - HAWORTH WATER QUALITY LAB,,TNI01272,,HAWORTH,New Jersey,,,env_labs,https://wq.veolianorthamerica.com/,,csnj@veolia.com,,,,,,no_explicit_gmp,False,found_via_search,found_via_fallback_search,"checked_pages_not_found (pages_checked=2,fetched_ok=2,total_text_chars=4028)",extracted,extracted,"checked_pages_not_found (pages_checked=2,fetched_ok=2,total_text_chars=4028)",VEOLIA WATER NJ HAWORTH WATER QUALITY LAB,True,HQ Lab @ VEOLIA WATER NJ HAWORTH WATER QUALITY LAB,40.96064579999999,-73.9837215,google_approximate,"Haworth, NJ, USA"
ENT-001174,1,env_labs_standardized.csv,VERMONT AGRICULTURE ENVIRONMENTAL LABORATORY,,TNI01069,116 State Street,RANDOLPH,Vermont,,,env_labs,https://agriculture.vermont.gov/vermont-agriculture-and-environmental-laboratory-vael/,Scott Waterman,Scott.Waterman@vermont.gov,,,,,,no_explicit_gmp,False,found_via_search,extracted,extracted,extracted,extracted,"checked_pages_not_found (pages_checked=8,fetched_ok=8,total_text_chars=42288)",VERMONT AGRICULTURE ENVIRONMENTAL LABORATORY,True,HQ Lab @ VERMONT AGRICULTURE ENVIRONMENTAL LABORATORY,44.260926,-72.58032779999999,google_rooftop,"116 State St, Montpelier, VT 05620, USA"
ENT-001175,1,env_labs_standardized.csv,VERMONT DEPARTMENT OF HEALTH LABORATORY,,TNI01068,,COLCHESTER,Vermont,,,env_labs,https://healthvermont.org/lab,"Helen Reid, MPH",helen.reid@vermont.gov,,,,,,,,found_via_search,found_via_fallback_search,found_via_fallback_search,found_via_fallback_search,"no_pages_fetched_ok (pages_checked=1,fetched_ok=0,total_text_chars=0)","no_pages_fetched_ok (pages_checked=1,fetched_ok=0,total_text_chars=0)",VERMONT DEPARTMENT OF HEALTH LABORATORY,True,HQ Lab @ VERMONT DEPARTMENT OF HEALTH LABORATORY,44.5516209,-73.1636932,google_approximate,"Colchester, VT, USA"
ENT-001176,1,env_labs_standardized.csv,VERONA LABORATORY INC,,TNI01580,,VERONA,New York,,,env_labs,,,,,,,,,,,search_found_nothing,found_via_fallback_search,no_website_cannot_check_pages,no_website_cannot_check_pages,no_website_cannot_check_pages,no_website_cannot_check_pages,VERONA LABORATORY,True,HQ Lab @ VERONA LABORATORY,43.1381455,-75.5706945,google_approximate,"Verona, NY 13478, USA"
ENT-001177,1,env_labs_standardized.csv,Victoria County Public Health Department Water Laboratory,,TNI00049,2805 N. Navarro,Victoria,Texas,,,env_labs,https://www.vcphd.org/,Mary Tanguma,mtanguma@vctx.org,,,,,,no_explicit_gmp,False,found_via_search,extracted,extracted,extracted,extracted,"checked_pages_not_found (pages_checked=8,fetched_ok=7,total_text_chars=35945)",Victoria County Public Health Department Water Laboratory,True,HQ Lab @ Victoria County Public Health Department Water Laboratory,28.8217249,-97.00230119999999,google_rooftop,"2805 N Navarro St, Victoria, TX 77901, USA"
ENT-001178,1,env_labs_standardized.csv,Village of Wellington Water Treatment Laboratory,,TNI00623,115 Willard Memorial Square,Wellington,Florida,,,env_labs,https://www.villageofwellington.com/,Mike Budny,mbudny@wellingtonfl.gov,,,,,,no_explicit_gmp,False,found_via_search,extracted,found_via_fallback_search,found_via_fallback_search,extracted,"checked_pages_not_found (pages_checked=3,fetched_ok=3,total_text_chars=4790)",Village of Wellington Water Treatment Laboratory,True,HQ Lab @ Village of Wellington Water Treatment Laboratory,26.6617635,-80.2683571,google_approximate,"Wellington, FL, USA"
ENT-001179,1,env_labs_standardized.csv,Volusia County Environmental Management Laboratory,,TNI02919,"123 West Indiana Ave., Room 202",Deland,Florida,,,env_labs,https://www.volusia.org/services/growth-and-resource-management/environmental-management/,"Ginger Adair, Environmental Management Director",gadair@volusia.gov,,,,,,no_explicit_gmp,False,found_via_search,found_via_fallback_search,extracted,extracted,extracted,"checked_pages_not_found (pages_checked=8,fetched_ok=8,total_text_chars=66599)",Volusia County Environmental Management Laboratory,True,HQ Lab @ Volusia County Environmental Management Laboratory,29.02953729999999,-81.3048881,google_rooftop,"123 W Indiana Ave #202, DeLand, FL 32720, USA"
ENT-001180,1,env_labs_standardized.csv,"Wallgren Environmental Services, Inc. dba Pollution Control Services",,TNI00139,1532 Universal City Blvd.,Universal City,Texas,,,env_labs,https://pcslab.net/,Mr. Chuck Wallgren,,,,,,,no_explicit_gmp,True,found_via_search,extracted,extracted,"checked_pages_not_found (pages_checked=3,fetched_ok=3,total_text_chars=4922)",extracted,extracted,Wallgren Environmental Services,True,HQ Lab @ Wallgren Environmental Services,29.5445586,-98.30236330000001,google_rooftop,"1532 Universal City Blvd, Universal City, TX 78148, USA"
ENT-001181,1,env_labs_standardized.csv,WALWORTH WATER POLLUTION CONTROL FAC,,TNI01474,3451 Ontario Center Road,WALWORTH,New York,,,env_labs,,,,,,,,,,,search_found_nothing,found_via_fallback_search,no_website_cannot_check_pages,no_website_cannot_check_pages,no_website_cannot_check_pages,no_website_cannot_check_pages,WALWORTH WATER POLLUTION CONTROL FAC,True,HQ Lab @ WALWORTH WATER POLLUTION CONTROL FAC,43.129478,-77.294859,google_rooftop,"3451 Ontario Center Rd, Walworth, NY 14568, USA"
ENT-001182,1,env_labs_standardized.csv,WARDS ISLAND PRIORITY POLLUTANTS LAB- NYCDEP,,TNI01762,,WARDS ISLAND,New York,,,env_labs,,,,,,,,,,,search_found_nothing,no_website_fallback_search_failed,no_website_cannot_check_pages,no_website_cannot_check_pages,no_website_cannot_check_pages,no_website_cannot_check_pages,WARDS ISLAND PRIORITY POLLUTANTS LAB NYCDEP,True,HQ Lab @ WARDS ISLAND PRIORITY POLLUTANTS LAB NYCDEP,40.7932271,-73.92128579999999,google_approximate,"Randalls and Wards Islands, New York, NY, USA"
ENT-001183,1,env_labs_standardized.csv,WARDS ISLAND PROCESS CONTROL LAB,,TNI01517,,NEW YORK,New York,,,env_labs,,,,,,,,,,,search_found_nothing,no_website_fallback_search_failed,no_website_cannot_check_pages,no_website_cannot_check_pages,no_website_cannot_check_pages,no_website_cannot_check_pages,WARDS ISLAND PROCESS CONTROL LAB,True,HQ Lab @ WARDS ISLAND PROCESS CONTROL LAB,40.7127753,-74.0059728,google_approximate,"New York, NY, USA"
ENT-001184,1,env_labs_standardized.csv,Wasatch County Health Department,,TNI02698,55 South 500 East,Heber City,Utah,,,env_labs,https://www.wasatchcountyhealth.gov/,Jonelle Fitzgerald (Health Department Director),jfitzgerald@wasatch.utah.gov,,,,,,no_explicit_gmp,False,found_via_search,extracted,extracted,found_via_fallback_search,extracted,"checked_pages_not_found (pages_checked=7,fetched_ok=7,total_text_chars=47330)",Wasatch County Health Department,True,HQ Lab @ Wasatch County Health Department,40.5066881,-111.4045945,google_rooftop,"55 S 500 E, Heber City, UT 84032, USA"
ENT-001185,1,env_labs_standardized.csv,WASHINGTON CO SEWER DIST 2 STP,,TNI01627,17 Cortland St.,FORT EDWARD,New York,,,env_labs,https://www.washingtoncountyny.gov/261/Sewer-District,Kevin Gorman,,,,,,,no_explicit_gmp,False,found_via_search,extracted,extracted,"checked_pages_not_found (pages_checked=6,fetched_ok=6,total_text_chars=33832)",extracted,"checked_pages_not_found (pages_checked=6,fetched_ok=6,total_text_chars=33832)",WASHINGTON CO SEWER DIST 2 STP,True,HQ Lab @ WASHINGTON CO SEWER DIST 2 STP,43.26205789999999,-73.5823812,google_rooftop,"17 Cortland St, Fort Edward, NY 12828, USA"
ENT-001186,1,env_labs_standardized.csv,Water & Environmental Testing Incorporated,,TNI02012,235 W 400 S,American Fork,Utah,,,env_labs,https://www.waterenvironmentaltesting.com/,"Lee Rawlings - Lab Director, Owner",,,,,,,no_explicit_gmp,True,found_via_search,extracted,extracted,"checked_pages_not_found (pages_checked=5,fetched_ok=5,total_text_chars=6101)",extracted,extracted,Water Environmental Testing Incorporated,True,HQ Lab @ Water Environmental Testing Incorporated,40.367982,-111.8052266,google_rooftop,"235 W 400 S, American Fork, UT 84003, USA"
ENT-001187,1,env_labs_standardized.csv,Water District No 1 of Johnson County-WaterOne,,TNI01907,10747 Renner Boulevard,Kansas City,Kansas,,,env_labs,https://www.waterone.org/,"Kelly Fry, Communications Manager",wateronecustomerservice@waterone.org,,,,,,no_explicit_gmp,False,found_via_search,extracted,extracted,found_via_fallback_search,extracted,"checked_pages_not_found (pages_checked=8,fetched_ok=5,total_text_chars=11780)",Water District No 1 of Johnson County WaterOne,True,HQ Lab @ Water District No 1 of Johnson County WaterOne,38.9338013,-94.777148,google_geometric_center,"10747 Renner Blvd, Lenexa, KS 66219, USA"
ENT-001188,1,env_labs_standardized.csv,WATER DYNAMICS LLC DBA MAGIC VALLEY LABS,,TNI00220,210 Addison Ave.,Twin Falls,Idaho,,,env_labs,https://magicvalleylabs.com/,Shelly Kolar – Laboratory Manager,info@magicvalleylabs.com,,,,,,no_explicit_gmp,True,found_via_search,extracted,extracted,extracted,extracted,extracted,WATER DYNAMICS,True,HQ Lab @ WATER DYNAMICS,42.5628416,-114.4773282,google_rooftop,"210 Addison Ave, Twin Falls, ID 83301, USA"
ENT-001189,1,env_labs_standardized.csv,"Water Laboratories, Inc.",,TNI01075,333 Main St NW,Elk River,Minnesota,,,env_labs,https://waterlabs.net/,,waterlabs@waterlabs.net,,,,,,no_explicit_gmp,True,found_via_search,extracted,"checked_pages_not_found (pages_checked=3,fetched_ok=3,total_text_chars=4655)",extracted,extracted,extracted,Water Laboratories,True,HQ Lab @ Water Laboratories,45.3028288,-93.560155,google_rooftop,"333 Main St NW, Elk River, MN 55330, USA"
ENT-001190,1,env_labs_standardized.csv,Water Quality Assurance Laboratory,,TNI00626,,Cocoa,Florida,,,env_labs,https://www.cocoafl.gov/,David Nelson,,,,,,,no_explicit_gmp,False,found_via_search,found_via_fallback_search,found_via_fallback_search,"checked_pages_not_found (pages_checked=5,fetched_ok=5,total_text_chars=20521)",extracted,"checked_pages_not_found (pages_checked=5,fetched_ok=5,total_text_chars=20521)",Water Quality Assurance Laboratory,True,HQ Lab @ Water Quality Assurance Laboratory,28.3861159,-80.7419984,google_approximate,"Cocoa, FL, USA"
ENT-001191,1,env_labs_standardized.csv,Water Quality Lab University of Tennessee Knoxville,,TNI02673,,Knoxville,Tennessee,,,env_labs,https://cee.utk.edu/water-quality-core-facility/,,,,,,,,,,found_via_search,found_via_fallback_search,"no_pages_fetched_ok (pages_checked=1,fetched_ok=0,total_text_chars=0)","no_pages_fetched_ok (pages_checked=1,fetched_ok=0,total_text_chars=0)","no_pages_fetched_ok (pages_checked=1,fetched_ok=0,total_text_chars=0)","no_pages_fetched_ok (pages_checked=1,fetched_ok=0,total_text_chars=0)",Water Quality Lab University of Tennessee,True,HQ Lab @ Water Quality Lab University of Tennessee,35.965266,-83.923304,google_approximate,"Knoxville, TN, USA"
ENT-001192,1,env_labs_standardized.csv,"Water Utility Services, Inc.",,TNI00094,,Spring,Texas,,,env_labs,,,,,,,,,,,search_found_nothing,found_via_fallback_search,no_website_cannot_check_pages,no_website_cannot_check_pages,no_website_cannot_check_pages,no_website_cannot_check_pages,Water Utility Services,True,HQ Lab @ Water Utility Services,30.0799405,-95.41716009999999,google_approximate,"Spring, TX 77373, USA"
ENT-001193,1,env_labs_standardized.csv,Waterlab Corp.,,TNI00242,2603 12th St. SE,Salem,Oregon,,,env_labs,https://www.waterlabcorp.com/,Beth Myers,info@waterlabcorp.com,,,,,,no_explicit_gmp,True,found_via_search,extracted,extracted,extracted,extracted,extracted,Waterlab,True,HQ Lab @ Waterlab,44.9155615,-123.0313515,google_rooftop,"2603 12th St SE, Salem, OR 97302, USA"
ENT-001194,1,env_labs_standardized.csv,WATERLOO WATER TREATMENT PLANT LAB,,TNI01680,3754 Kime Beach Road,GENEVA,New York,,,env_labs,https://waterloony.com/,Nathan Burgdorf,towwaterandsewer@outlook.com,,,,,,,,found_via_search,found_via_fallback_search,found_via_fallback_search,found_via_fallback_search,"no_pages_fetched_ok (pages_checked=1,fetched_ok=0,total_text_chars=0)","no_pages_fetched_ok (pages_checked=1,fetched_ok=0,total_text_chars=0)",WATERLOO WATER TREATMENT PLANT LAB,True,HQ Lab @ WATERLOO WATER TREATMENT PLANT LAB,42.842666,-76.94270519999999,google_rooftop,"3754 Kime Beach, Geneva, NY 14456, USA"
ENT-001195,1,env_labs_standardized.csv,WATERTOWN (C) WATER PLANT,,TNI01569,,WATERTOWN,New York,,,env_labs,https://www.watertown-ny.gov/departments/WaterDepartment/WaterTreatmentPlant,,aharvill@watertown-ny.gov,,,,,,,,found_via_search,found_via_fallback_search,"no_pages_fetched_ok (pages_checked=1,fetched_ok=0,total_text_chars=0)",found_via_fallback_search,"no_pages_fetched_ok (pages_checked=1,fetched_ok=0,total_text_chars=0)","no_pages_fetched_ok (pages_checked=1,fetched_ok=0,total_text_chars=0)",WATERTOWN C WATER PLANT,True,HQ Lab @ WATERTOWN C WATER PLANT,43.9725849,-75.90974299999999,google_approximate,"Watertown, NY 13601, USA"
ENT-001196,1,env_labs_standardized.csv,WATERTOWN POLLUTION CONTROL PLANT LABORA,,TNI01460,,WATERTOWN,New York,,,env_labs,https://www.watertown-ny.gov/,Angel French,afrench@watertown-ny.gov,,,,,,,,found_via_search,found_via_fallback_search,found_via_fallback_search,found_via_fallback_search,"no_pages_fetched_ok (pages_checked=1,fetched_ok=0,total_text_chars=0)","no_pages_fetched_ok (pages_checked=1,fetched_ok=0,total_text_chars=0)",WATERTOWN POLLUTION CONTROL PLANT LABORA,True,HQ Lab @ WATERTOWN POLLUTION CONTROL PLANT LABORA,43.9725849,-75.90974299999999,google_approximate,"Watertown, NY 13601, USA"
ENT-001197,1,env_labs_standardized.csv,WaterWise Enterprises,,TNI02782,605 West Main Street,Oxford,Kansas,,,env_labs,https://waterwiseenterprises.com/,,Info@waterwiseenterprises.com,,,,,,no_explicit_gmp,True,found_via_search,extracted,"checked_pages_not_found (pages_checked=3,fetched_ok=3,total_text_chars=10241)",extracted,extracted,extracted,WaterWise Enterprises,True,HQ Lab @ WaterWise Enterprises,37.2746898,-97.1765269,google_rooftop,"605 W Main St, Oxford, KS 67119, USA"
ENT-001198,1,env_labs_standardized.csv,Waypoint Analytical,,TNI02512,2790 Whitten Rd,Bremen,Georgia,,,env_labs,https://www.waypointanalytical.com/,,supportmtn@waypointanalytical.com,,,,,,no_explicit_gmp,True,found_via_search,extracted,"checked_pages_not_found (pages_checked=4,fetched_ok=2,total_text_chars=14334)",extracted,extracted,extracted,Waypoint Analytical,False,Bremen Lab @ Waypoint Analytical,33.7212179,-85.1455036,google_approximate,"Bremen, GA, USA"
ENT-001199,1,env_labs_standardized.csv,Waypoint Analytical - Charlotte,,TNI03123,,Charlotte,North Carolina,,,env_labs,https://www.waypointanalytical.com/,,supportcnc@waypointanalytical.com,,,,,,no_explicit_gmp,True,found_via_search,extracted,"checked_pages_not_found (pages_checked=4,fetched_ok=2,total_text_chars=14334)",extracted,extracted,extracted,Waypoint Analytical,False,Charlotte Lab @ Waypoint Analytical,35.2270768,-80.84089329999999,google_approximate,"Charlotte, NC, USA"
ENT-001200,1,env_labs_standardized.csv,"Waypoint Analytical - Florida, Inc.",,TNI02446,"No Florida, Inc. address found in the provided page text",Lakeland,Florida,,,env_labs,https://waypointanalytical.com/,,,,,,,,no_explicit_gmp,True,found_via_search,extracted,"checked_pages_not_found (pages_checked=4,fetched_ok=2,total_text_chars=14334)","checked_pages_not_found (pages_checked=4,fetched_ok=2,total_text_chars=14334)",extracted,extracted,Waypoint Analytical Florida,True,HQ Lab @ Waypoint Analytical Florida,28.0697968,-81.9574989,google_geometric_center,"N Florida Ave, Lakeland, FL, USA"
ENT-001201,1,env_labs_standardized.csv,Waypoint Analytical LLC,,TNI00190,2790 Whitten Rd,Memphis,Tennessee,,,env_labs,https://waypointanalytical.com/,,supportmtn@waypointanalytical.com,,,,,,no_explicit_gmp,True,found_via_search,extracted,"checked_pages_not_found (pages_checked=4,fetched_ok=2,total_text_chars=14334)",extracted,extracted,extracted,Waypoint Analytical,False,Memphis Lab @ Waypoint Analytical,35.2019649,-89.8352934,google_rooftop,"2790 Whitten Rd, Memphis, TN 38133, USA"
ENT-001202,1,env_labs_standardized.csv,Waypoint Analytical Louisiana Inc,,TNI01368,5041 Taravella Rd,Marrero,Louisiana,,,env_labs,https://www.waypointanalytical.com/,,supportmla@waypointanalytical.com,,,,,,no_explicit_gmp,True,found_via_search,extracted,"checked_pages_not_found (pages_checked=4,fetched_ok=2,total_text_chars=14334)",extracted,extracted,extracted,Waypoint Analytical Louisiana,True,HQ Lab @ Waypoint Analytical Louisiana,29.8803665,-90.1008758,google_rooftop,"5041 Taravella Rd, Marrero, LA 70072, USA"
ENT-001203,1,env_labs_standardized.csv,Waypoint Analytical Mississppi Inc,,TNI01377,235 Highpoint Dr,Ridgeland,Mississippi,,,env_labs,https://www.waypointanalytical.com/,,supportrms@waypointanalytical.com,,,,,,no_explicit_gmp,True,found_via_search,extracted,"checked_pages_not_found (pages_checked=4,fetched_ok=2,total_text_chars=14334)",extracted,extracted,extracted,Waypoint Analytical Mississppi,True,HQ Lab @ Waypoint Analytical Mississppi,32.4043166,-90.17530529999999,google_rooftop,"235 Highpoint Dr, Ridgeland, MS 39157, USA"
ENT-001204,1,env_labs_standardized.csv,"Webco Industries Inc, Lyndon",,TNI02695,900 E. Commercial,Lyndon,Illinois,,,env_labs,https://www.webcotube.com/,,,,,,,,no_explicit_gmp,True,found_via_search,extracted,"checked_pages_not_found (pages_checked=8,fetched_ok=8,total_text_chars=39442)","checked_pages_not_found (pages_checked=8,fetched_ok=8,total_text_chars=39442)",extracted,extracted,Webco Industries,True,HQ Lab @ Webco Industries,41.7218367,-89.9141126,google_rooftop,"900 E Commercial St, Lyndon, IL 61261, USA"
ENT-001205,1,env_labs_standardized.csv,Weber Basin Water Quality Laboratory,,TNI02013,2837 East Highway 193,Layton,Utah,,,env_labs,https://www.weberbasin.gov/NaturalSystems/WaterQualityLab,,customerservice@weberbasin.gov,,,,,,no_explicit_gmp,False,found_via_search,extracted,"checked_pages_not_found (pages_checked=8,fetched_ok=8,total_text_chars=32587)",extracted,extracted,"checked_pages_not_found (pages_checked=8,fetched_ok=8,total_text_chars=32587)",Weber Basin Water Quality Laboratory,True,HQ Lab @ Weber Basin Water Quality Laboratory,41.1090418,-111.9142422,google_geometric_center,"2837 UT-193, Layton, UT 84040, USA"
ENT-001206,1,env_labs_standardized.csv,WEBSTER (T) WASTEWATER TREATMENT PLANT,,TNI01542,1000 Ridge Road,WEBSTER,New York,,,env_labs,https://www.websterny.gov/285/Wastewater-Treatment-Plant,Rick Kenealy,sewer@ci.webster.ny.us,,,,,,no_explicit_gmp,False,found_via_search,extracted,found_via_fallback_search,found_via_fallback_search,extracted,"checked_pages_not_found (pages_checked=3,fetched_ok=3,total_text_chars=6645)",WEBSTER T WASTEWATER TREATMENT PLANT,True,HQ Lab @ WEBSTER T WASTEWATER TREATMENT PLANT,43.2119247,-77.4603374,google_geometric_center,"1000 Ridge Rd, Webster, NY 14580, USA"
ENT-001207,1,env_labs_standardized.csv,"Weck Laboratories, Inc.",,TNI01236,14859 Clark Avenue,City of Industry,California,,,env_labs,https://www.wecklabs.com/,"Agustin Pierri, Ph.D.",info@wecklabs.com,,,,,,no_explicit_gmp,True,found_via_search,extracted,extracted,extracted,extracted,extracted,Weck Laboratories,True,HQ Lab @ Weck Laboratories,34.0216559,-117.9801584,google_rooftop,"14859 Clark Ave, Hacienda Heights, CA 91745, USA"
ENT-001208,1,env_labs_standardized.csv,WELLSVILLE WASTEWATER TRMT PLANT,,TNI01444,23 North Main Street,WELLSVILLE,New York,,,env_labs,https://www.wellsvillevillageny.gov/index.html,,[email protected],,,,,,no_explicit_gmp,False,found_via_search,extracted,"checked_pages_not_found (pages_checked=4,fetched_ok=3,total_text_chars=5622)",extracted,extracted,"checked_pages_not_found (pages_checked=4,fetched_ok=3,total_text_chars=5622)",WELLSVILLE WASTEWATER TRMT PLANT,True,HQ Lab @ WELLSVILLE WASTEWATER TRMT PLANT,42.1200093,-77.9452318,google_rooftop,"23 N Main St, Wellsville, NY 14895, USA"
ENT-001209,1,env_labs_standardized.csv,WESTCHESTER CO LABS AND RESEARCH,,TNI01443,148 Martine Avenue,VALHALLA,New York,,,env_labs,https://labs.westchestergov.com/,,,,,,,,no_explicit_gmp,False,found_via_search,extracted,"checked_pages_not_found (pages_checked=8,fetched_ok=8,total_text_chars=25676)","checked_pages_not_found (pages_checked=8,fetched_ok=8,total_text_chars=25676)",extracted,"checked_pages_not_found (pages_checked=8,fetched_ok=8,total_text_chars=25676)",WESTCHESTER CO LABS AND RESEARCH,True,HQ Lab @ WESTCHESTER CO LABS AND RESEARCH,41.03130000000001,-73.7676748,google_rooftop,"148 Martine Ave, White Plains, NY 10601, USA"
ENT-001210,1,env_labs_standardized.csv,Western Environmental Testing Lab - Las Vegas,,TNI02824,3230 Polaris Ave. #3 & 4,Las Vegas,Nevada,,,env_labs,https://www.wetlaboratory.com/,Giavanna Herchik Laboratory Manager | WETLAB Las Vegas,sales@wetlaboratory.com,,,,,,no_explicit_gmp,True,found_via_search,extracted,extracted,found_via_fallback_search,extracted,extracted,Western Environmental Testing Lab,False,Las Vegas Lab @ Western Environmental Testing Lab,36.1309692,-115.186977,google_rooftop,"3230 Polaris Ave, Las Vegas, NV 89102, USA"
ENT-001211,1,env_labs_standardized.csv,Western Environmental Testing Lab - Sparks,,TNI02825,"475 E. Greg St, Suite 119",Sparks,Nevada,,,env_labs,https://www.wetlaboratory.com/,Andy Smith Lab Director | WETLAB Sparks,,,,,,,no_explicit_gmp,True,found_via_search,extracted,extracted,"checked_pages_not_found (pages_checked=8,fetched_ok=7,total_text_chars=31598)",extracted,extracted,Western Environmental Testing Lab,False,Sparks Lab @ Western Environmental Testing Lab,39.521032,-119.734336,google_rooftop,"475 E Greg St #119, Sparks, NV 89431, USA"
ENT-001212,1,env_labs_standardized.csv,Weston Solutions,,TNI01416,1400 Weston Way,Auburn,Alabama,,,env_labs,https://www.westonsolutions.com/,Larry Bove | Chief Executive Officer,smallbusiness@westonsolutions.com,,,,,,no_explicit_gmp,True,found_via_search,extracted,extracted,extracted,extracted,extracted,Weston Solutions,True,HQ Lab @ Weston Solutions,32.6246095,-85.5358299,google_range_interpolated,"1400 Weston St, Auburn, AL 36832, USA"
ENT-001213,1,env_labs_standardized.csv,WestRock Analytical Services Laboratory,,TNI01394,"965 Capstone Drive, Suite 219",Miamisburg,Ohio,,,env_labs,,,,,,,,,,,search_found_nothing,found_via_fallback_search,no_website_cannot_check_pages,no_website_cannot_check_pages,no_website_cannot_check_pages,no_website_cannot_check_pages,WestRock Analytical Services Laboratory,True,HQ Lab @ WestRock Analytical Services Laboratory,39.6300402,-84.2865929,google_rooftop,"965 Capstone Dr #219, Miamisburg, OH 45342, USA"
ENT-001214,1,env_labs_standardized.csv,"WestRock CP, LLC",,TNI00564,600 N 8th St,Fernandina Beach,Florida,,,env_labs,https://www.westrock.com/,,,,,,,,no_explicit_gmp,False,found_via_search,found_via_fallback_search,"checked_pages_not_found (pages_checked=8,fetched_ok=8,total_text_chars=250498)","checked_pages_not_found (pages_checked=8,fetched_ok=8,total_text_chars=250498)",extracted,"checked_pages_not_found (pages_checked=8,fetched_ok=8,total_text_chars=250498)",WestRock CP,True,HQ Lab @ WestRock CP,30.68001589999999,-81.4562989,google_rooftop,"600 N 8th St, Fernandina Beach, FL 32034, USA"
ENT-001215,1,env_labs_standardized.csv,Wetland Biogeochemistry Laboratory,,TNI02693,,Gainesville,Florida,,,env_labs,,,,,,,,,,,search_found_nothing,found_via_fallback_search,no_website_cannot_check_pages,no_website_cannot_check_pages,no_website_cannot_check_pages,no_website_cannot_check_pages,Wetland Biogeochemistry Laboratory,True,HQ Lab @ Wetland Biogeochemistry Laboratory,29.6519563,-82.324998,google_approximate,"Gainesville, FL, USA"
ENT-001216,1,env_labs_standardized.csv,"White Springs Agricultural Chemicals, Inc.",,TNI00627,,White Springs,Florida,,,env_labs,https://www.nutrien.com/,Rachel Garland,gia@nutrien.com,,,,,,no_explicit_gmp,True,found_via_search,found_via_fallback_search,found_via_fallback_search,extracted,extracted,extracted,White Springs Agricultural Chemicals,True,HQ Lab @ White Springs Agricultural Chemicals,30.3296697,-82.75901650000002,google_approximate,"White Springs, FL 32096, USA"
ENT-001217,1,env_labs_standardized.csv,White Water Associates Laboratory,,TNI03062,429 River Lane,Amasa,Michigan,,,env_labs,https://white-water-associates.com/,"Bette Premo, Ph.D., founder of White Water Associates",jen.toivonen@white-water-associates.com,,,,,,no_explicit_gmp,True,found_via_search,extracted,extracted,extracted,extracted,extracted,White Water Associates Laboratory,True,HQ Lab @ White Water Associates Laboratory,46.2349026,-88.4545911,google_rooftop,"429 River Ln, Amasa, MI 49903, USA"
ENT-001218,1,env_labs_standardized.csv,Wichita Falls - Wichita County Public Health District Laboratory,,TNI00132,,Wichita Falls,Texas,,,env_labs,https://www.wichitafallstx.gov/55/Health-District,Amy Fagan,[email protected],,,,,,no_explicit_gmp,False,found_via_search,found_via_fallback_search,found_via_fallback_search,extracted,extracted,"checked_pages_not_found (pages_checked=8,fetched_ok=5,total_text_chars=47597)",Wichita Falls Wichita County Public Health District Laboratory,True,HQ Lab @ Wichita Falls Wichita County Public Health District Laboratory,33.9137085,-98.4933873,google_approximate,"Wichita Falls, TX, USA"
ENT-001219,1,env_labs_standardized.csv,Wichita Municipal Water & Wastewater Laboratory,,TNI01942,,Wichita,Kansas,,,env_labs,https://www.wichita.gov/2045/Pretreatment-and-FOG,Remilde Schotsborg,waterquality@wichita.gov,,,,,,no_explicit_gmp,False,found_via_search,"checked_pages_not_found (pages_checked=3,fetched_ok=3,total_text_chars=9797)",extracted,found_via_fallback_search,extracted,"checked_pages_not_found (pages_checked=3,fetched_ok=3,total_text_chars=9797)",Wichita Municipal Water Wastewater Laboratory,True,HQ Lab @ Wichita Municipal Water Wastewater Laboratory,37.693452,-97.3382202,google_approximate,"Wichita, KS, USA"
ENT-001220,1,env_labs_standardized.csv,Wichita Sewage Treatment Division Laboratory,,TNI01943,455 N Main,Wichita,Kansas,,,env_labs,https://www.wichita.gov/906/Wastewater-Treatment,,,,,,,,no_explicit_gmp,False,found_via_search,extracted,"checked_pages_not_found (pages_checked=8,fetched_ok=2,total_text_chars=10351)","checked_pages_not_found (pages_checked=8,fetched_ok=2,total_text_chars=10351)",extracted,"checked_pages_not_found (pages_checked=8,fetched_ok=2,total_text_chars=10351)",Wichita Sewage Treatment Division Laboratory,True,HQ Lab @ Wichita Sewage Treatment Division Laboratory,37.6928512,-97.3390112,google_rooftop,"455 N Main, Wichita, KS 67202, USA"
ENT-001221,1,env_labs_standardized.csv,Will County Health Dept. - Environ. Health Lab.,,TNI02056,501 Ella Ave,Joliet,Illinois,,,env_labs,https://www.willcountyhealth.org/environmental-health/,,environmental.health@willcountyhealth.org,,,,,,,,found_via_search,found_via_fallback_search,"no_pages_fetched_ok (pages_checked=1,fetched_ok=0,total_text_chars=0)",found_via_fallback_search,"no_pages_fetched_ok (pages_checked=1,fetched_ok=0,total_text_chars=0)","no_pages_fetched_ok (pages_checked=1,fetched_ok=0,total_text_chars=0)",Will County Health Dept Environ Health Lab,True,HQ Lab @ Will County Health Dept Environ Health Lab,41.505813,-88.0683174,google_rooftop,"501 Ella Ave, Joliet, IL 60433, USA"
ENT-001222,1,env_labs_standardized.csv,"Willoughby & Associates, Inc.",,TNI02186,15421 Suite A Forest Road,Forest,Virginia,,,env_labs,https://www.waehs.com/,Jeffery E. Willoughby Owner and President,info@waehs.com,,,,,,no_explicit_gmp,True,found_via_search,extracted,extracted,extracted,extracted,extracted,Willoughby Associates,True,HQ Lab @ Willoughby Associates,37.3657797,-79.2783881,google_geometric_center,"Forest Rd, Forest, VA, USA"
ENT-001223,1,env_labs_standardized.csv,"Willow Lake Laboratory, City of Salem",,TNI00243,5915 Windsor Island Rd N,Salem,Oregon,,,env_labs,https://www.cityofsalem.net/,,,,,,,,,,found_via_search,found_via_fallback_search,"no_pages_fetched_ok (pages_checked=1,fetched_ok=0,total_text_chars=0)","no_pages_fetched_ok (pages_checked=1,fetched_ok=0,total_text_chars=0)","no_pages_fetched_ok (pages_checked=1,fetched_ok=0,total_text_chars=0)","no_pages_fetched_ok (pages_checked=1,fetched_ok=0,total_text_chars=0)",Willow Lake Laboratory City of,True,HQ Lab @ Willow Lake Laboratory City of,45.0083256,-123.0541062,google_geometric_center,"5915 Windsor Island Rd N, Keizer, OR 97303, USA"
ENT-001224,1,env_labs_standardized.csv,Winfield Municipal Water-Wastewater Laboratory,,TNI01944,,Winfield,Kansas,,,env_labs,https://www.winfieldks.org/,,,,,,,,no_explicit_gmp,False,found_via_search,found_via_fallback_search,"checked_pages_not_found (pages_checked=8,fetched_ok=6,total_text_chars=26915)","checked_pages_not_found (pages_checked=8,fetched_ok=6,total_text_chars=26915)",extracted,"checked_pages_not_found (pages_checked=8,fetched_ok=6,total_text_chars=26915)",Winfield Municipal Water Wastewater Laboratory,True,HQ Lab @ Winfield Municipal Water Wastewater Laboratory,37.2397486,-96.9955918,google_approximate,"Winfield, KS, USA"
ENT-001225,1,env_labs_standardized.csv,WISCONSIN STATE LABORATORY OF HYGIENE,,TNI00629,2601 Agriculture Drive,MADISON,Wisconsin,,,env_labs,https://www.slh.wisc.edu/,"Rudolph Johnson, PhD, WSLH Director",wslhdirector@slh.wisc.edu,,,,,,no_explicit_gmp,False,found_via_search,extracted,extracted,extracted,extracted,"checked_pages_not_found (pages_checked=8,fetched_ok=8,total_text_chars=23646)",WISCONSIN STATE LABORATORY OF HYGIENE,True,HQ Lab @ WISCONSIN STATE LABORATORY OF HYGIENE,43.0598758,-89.2920698,google_rooftop,"2601 Agriculture Dr, Madison, WI 53718, USA"
ENT-001226,1,env_labs_standardized.csv,Worthington Public Utilities Laboratory,,TNI01110,,Worthington,Minnesota,,,env_labs,,,,,,,,,,,search_found_nothing,found_via_fallback_search,no_website_cannot_check_pages,no_website_cannot_check_pages,no_website_cannot_check_pages,no_website_cannot_check_pages,Worthington Public Utilities Laboratory,True,HQ Lab @ Worthington Public Utilities Laboratory,43.6210985,-95.59414360000001,google_approximate,"Worthington, MN, USA"
ENT-001227,1,env_labs_standardized.csv,Wright County,,TNI02844,,Buffalo,Minnesota,,,env_labs,https://www.wrightcountymn.gov/,,HS.PublicHealth@wrightcountymn.gov,,,,,,no_explicit_gmp,False,found_via_search,extracted,"checked_pages_not_found (pages_checked=8,fetched_ok=8,total_text_chars=72640)",found_via_fallback_search,extracted,"checked_pages_not_found (pages_checked=8,fetched_ok=8,total_text_chars=72640)",Wright County,True,HQ Lab @ Wright County,45.1717846,-93.8747929,google_approximate,"Buffalo, MN 55313, USA"
ENT-001228,1,env_labs_standardized.csv,Xcel Energy - Amarillo Testing Laboratory,,TNI00130,,Amarillo,Texas,,,env_labs,https://www.xcelenergy.com/,,,,,,,,no_explicit_gmp,False,found_via_search,found_via_fallback_search,"pages_likely_js_rendered (pages_checked=1,fetched_ok=1,total_text_chars=58)","pages_likely_js_rendered (pages_checked=1,fetched_ok=1,total_text_chars=58)",extracted,"pages_likely_js_rendered (pages_checked=1,fetched_ok=1,total_text_chars=58)",Xcel Energy Amarillo Testing Laboratory,True,HQ Lab @ Xcel Energy Amarillo Testing Laboratory,35.2069816,-101.8320065,google_approximate,"Amarillo, TX, USA"
ENT-001229,1,env_labs_standardized.csv,Xcel Energy - Denver Testing Laboratory,,TNI00179,,Henderson,Colorado,,,env_labs,,,,,,,,,,,search_found_nothing,no_website_fallback_search_failed,no_website_cannot_check_pages,no_website_cannot_check_pages,no_website_cannot_check_pages,no_website_cannot_check_pages,Xcel Energy Denver Testing Laboratory,True,HQ Lab @ Xcel Energy Denver Testing Laboratory,39.9202178,-104.8660597,google_approximate,"Henderson, Brighton, CO, USA"
ENT-001230,1,env_labs_standardized.csv,"Xcel Energy, Inc., Minneapolis Testing Laboratory",,TNI01164,,Minneapolis,Minnesota,,,env_labs,https://www.xcelenergy.com/,,,,,,,,no_explicit_gmp,False,found_via_search,"pages_likely_js_rendered (pages_checked=1,fetched_ok=1,total_text_chars=58)","pages_likely_js_rendered (pages_checked=1,fetched_ok=1,total_text_chars=58)","pages_likely_js_rendered (pages_checked=1,fetched_ok=1,total_text_chars=58)",extracted,"pages_likely_js_rendered (pages_checked=1,fetched_ok=1,total_text_chars=58)",Xcel Energy,True,HQ Lab @ Xcel Energy,44.977753,-93.2650108,google_approximate,"Minneapolis, MN, USA"
ENT-001231,1,env_labs_standardized.csv,YORKTOWN MEDICAL LABORATORY INC,,TNI01510,321 Kear Street,YORKTOWN HEIGHTS,New York,,,env_labs,,,,,,,,,,,search_found_nothing,found_via_fallback_search,no_website_cannot_check_pages,no_website_cannot_check_pages,no_website_cannot_check_pages,no_website_cannot_check_pages,YORKTOWN MEDICAL LABORATORY,True,HQ Lab @ YORKTOWN MEDICAL LABORATORY,41.2706397,-73.7809719,google_rooftop,"321 Kear St, Yorktown Heights, NY 10598, USA"
